Creating Region air
Creating Region bulk
Creating Region gate_metal
Creating Region oxide
Contact: source region bulk ni: 0 ci: 51 (0, 0, 0)
Contact: body region bulk ni: 70 ci: 86 (0, 5e-05, 0)
Contact: source region bulk ni: 2 ci: 95 (2.5e-06, 0, 0)
Contact: body region bulk ni: 71 ci: 130 (2.5e-06, 5e-05, 0)
Contact: source region bulk ni: 72 ci: 139 (5e-06, 0, 0)
Contact: body region bulk ni: 107 ci: 174 (5e-06, 5e-05, 0)
Contact: source region bulk ni: 108 ci: 183 (7.5e-06, 0, 0)
Contact: body region bulk ni: 143 ci: 218 (7.5e-06, 5e-05, 0)
Contact: source region bulk ni: 144 ci: 227 (1e-05, 0, 0)
Contact: body region bulk ni: 179 ci: 262 (1e-05, 5e-05, 0)
Contact: source region bulk ni: 180 ci: 271 (1.25e-05, 0, 0)
Contact: body region bulk ni: 215 ci: 306 (1.25e-05, 5e-05, 0)
Contact: source region bulk ni: 216 ci: 315 (1.5e-05, 0, 0)
Contact: body region bulk ni: 251 ci: 350 (1.5e-05, 5e-05, 0)
Contact: source region bulk ni: 252 ci: 359 (1.75e-05, 0, 0)
Contact: body region bulk ni: 287 ci: 394 (1.75e-05, 5e-05, 0)
Contact: source region bulk ni: 288 ci: 403 (2e-05, 0, 0)
Contact: body region bulk ni: 323 ci: 438 (2e-05, 5e-05, 0)
Contact: source region bulk ni: 324 ci: 447 (2.25e-05, 0, 0)
Contact: body region bulk ni: 359 ci: 482 (2.25e-05, 5e-05, 0)
Contact: source region bulk ni: 360 ci: 491 (2.5e-05, 0, 0)
Contact: body region bulk ni: 395 ci: 526 (2.5e-05, 5e-05, 0)
Contact: source region bulk ni: 396 ci: 535 (2.75e-05, 0, 0)
Contact: body region bulk ni: 431 ci: 570 (2.75e-05, 5e-05, 0)
Contact: source region bulk ni: 432 ci: 579 (3e-05, 0, 0)
Contact: body region bulk ni: 467 ci: 614 (3e-05, 5e-05, 0)
Contact: source region bulk ni: 468 ci: 623 (3.25e-05, 0, 0)
Contact: body region bulk ni: 503 ci: 658 (3.25e-05, 5e-05, 0)
Contact: source region bulk ni: 504 ci: 667 (3.5e-05, 0, 0)
Contact: body region bulk ni: 539 ci: 702 (3.5e-05, 5e-05, 0)
Contact: source region bulk ni: 540 ci: 711 (3.75e-05, 0, 0)
Contact: body region bulk ni: 575 ci: 746 (3.75e-05, 5e-05, 0)
Contact: source region bulk ni: 576 ci: 755 (4e-05, 0, 0)
Contact: body region bulk ni: 611 ci: 790 (4e-05, 5e-05, 0)
Contact: source region bulk ni: 612 ci: 799 (4.25e-05, 0, 0)
Contact: body region bulk ni: 647 ci: 834 (4.25e-05, 5e-05, 0)
Contact: source region bulk ni: 648 ci: 843 (4.5e-05, 0, 0)
Contact: body region bulk ni: 683 ci: 878 (4.5e-05, 5e-05, 0)
Contact: source region bulk ni: 684 ci: 887 (4.75e-05, 0, 0)
Contact: body region bulk ni: 719 ci: 922 (4.75e-05, 5e-05, 0)
Contact: gate region oxide ni: 0 ci: 929 (5e-05, -4.5e-07, 0)
Contact: source region bulk ni: 720 ci: 931 (5e-05, 0, 0)
Contact: body region bulk ni: 755 ci: 966 (5e-05, 5e-05, 0)
Contact: gate region oxide ni: 2 ci: 973 (5.25e-05, -4.5e-07, 0)
Contact: body region bulk ni: 791 ci: 1010 (5.25e-05, 5e-05, 0)
Contact: gate region oxide ni: 6 ci: 1017 (5.5e-05, -4.5e-07, 0)
Contact: body region bulk ni: 827 ci: 1054 (5.5e-05, 5e-05, 0)
Contact: gate region oxide ni: 9 ci: 1061 (5.75e-05, -4.5e-07, 0)
Contact: body region bulk ni: 863 ci: 1098 (5.75e-05, 5e-05, 0)
Contact: gate region oxide ni: 12 ci: 1105 (6e-05, -4.5e-07, 0)
Contact: body region bulk ni: 899 ci: 1142 (6e-05, 5e-05, 0)
Contact: gate region oxide ni: 15 ci: 1149 (6.25e-05, -4.5e-07, 0)
Contact: body region bulk ni: 935 ci: 1186 (6.25e-05, 5e-05, 0)
Contact: gate region oxide ni: 18 ci: 1193 (6.5e-05, -4.5e-07, 0)
Contact: body region bulk ni: 971 ci: 1230 (6.5e-05, 5e-05, 0)
Contact: gate region oxide ni: 21 ci: 1237 (6.75e-05, -4.5e-07, 0)
Contact: body region bulk ni: 1007 ci: 1274 (6.75e-05, 5e-05, 0)
Contact: gate region oxide ni: 24 ci: 1281 (7e-05, -4.5e-07, 0)
Contact: body region bulk ni: 1043 ci: 1318 (7e-05, 5e-05, 0)
Contact: gate region oxide ni: 27 ci: 1325 (7.25e-05, -4.5e-07, 0)
Contact: body region bulk ni: 1079 ci: 1362 (7.25e-05, 5e-05, 0)
Contact: gate region oxide ni: 30 ci: 1369 (7.5e-05, -4.5e-07, 0)
Contact: body region bulk ni: 1115 ci: 1406 (7.5e-05, 5e-05, 0)
Contact: gate region oxide ni: 33 ci: 1413 (7.75e-05, -4.5e-07, 0)
Contact: body region bulk ni: 1151 ci: 1450 (7.75e-05, 5e-05, 0)
Contact: gate region oxide ni: 36 ci: 1457 (8e-05, -4.5e-07, 0)
Contact: body region bulk ni: 1187 ci: 1494 (8e-05, 5e-05, 0)
Contact: gate region oxide ni: 39 ci: 1501 (8.25e-05, -4.5e-07, 0)
Contact: body region bulk ni: 1223 ci: 1538 (8.25e-05, 5e-05, 0)
Contact: gate region oxide ni: 42 ci: 1545 (8.5e-05, -4.5e-07, 0)
Contact: body region bulk ni: 1259 ci: 1582 (8.5e-05, 5e-05, 0)
Contact: gate region oxide ni: 45 ci: 1589 (8.75e-05, -4.5e-07, 0)
Contact: body region bulk ni: 1295 ci: 1626 (8.75e-05, 5e-05, 0)
Contact: gate region oxide ni: 48 ci: 1633 (9e-05, -4.5e-07, 0)
Contact: body region bulk ni: 1331 ci: 1670 (9e-05, 5e-05, 0)
Contact: gate region oxide ni: 51 ci: 1677 (9.25e-05, -4.5e-07, 0)
Contact: body region bulk ni: 1367 ci: 1714 (9.25e-05, 5e-05, 0)
Contact: gate region oxide ni: 54 ci: 1721 (9.5e-05, -4.5e-07, 0)
Contact: body region bulk ni: 1403 ci: 1758 (9.5e-05, 5e-05, 0)
Contact: gate region oxide ni: 57 ci: 1765 (9.75e-05, -4.5e-07, 0)
Contact: body region bulk ni: 1439 ci: 1802 (9.75e-05, 5e-05, 0)
Contact: gate region oxide ni: 60 ci: 1809 (0.0001, -4.5e-07, 0)
Contact: body region bulk ni: 1475 ci: 1846 (0.0001, 5e-05, 0)
Contact: gate region oxide ni: 63 ci: 1853 (0.0001025, -4.5e-07, 0)
Contact: body region bulk ni: 1511 ci: 1890 (0.0001025, 5e-05, 0)
Contact: gate region oxide ni: 66 ci: 1897 (0.000105, -4.5e-07, 0)
Contact: body region bulk ni: 1547 ci: 1934 (0.000105, 5e-05, 0)
Contact: gate region oxide ni: 69 ci: 1941 (0.0001075, -4.5e-07, 0)
Contact: body region bulk ni: 1583 ci: 1978 (0.0001075, 5e-05, 0)
Contact: gate region oxide ni: 72 ci: 1985 (0.00011, -4.5e-07, 0)
Contact: drain region bulk ni: 1584 ci: 1987 (0.00011, 0, 0)
Contact: body region bulk ni: 1619 ci: 2022 (0.00011, 5e-05, 0)
Contact: drain region bulk ni: 1620 ci: 2031 (0.0001125, 0, 0)
Contact: body region bulk ni: 1655 ci: 2066 (0.0001125, 5e-05, 0)
Contact: drain region bulk ni: 1656 ci: 2075 (0.000115, 0, 0)
Contact: body region bulk ni: 1691 ci: 2110 (0.000115, 5e-05, 0)
Contact: drain region bulk ni: 1692 ci: 2119 (0.0001175, 0, 0)
Contact: body region bulk ni: 1727 ci: 2154 (0.0001175, 5e-05, 0)
Contact: drain region bulk ni: 1728 ci: 2163 (0.00012, 0, 0)
Contact: body region bulk ni: 1763 ci: 2198 (0.00012, 5e-05, 0)
Contact: drain region bulk ni: 1764 ci: 2207 (0.0001225, 0, 0)
Contact: body region bulk ni: 1799 ci: 2242 (0.0001225, 5e-05, 0)
Contact: drain region bulk ni: 1800 ci: 2251 (0.000125, 0, 0)
Contact: body region bulk ni: 1835 ci: 2286 (0.000125, 5e-05, 0)
Contact: drain region bulk ni: 1836 ci: 2295 (0.0001275, 0, 0)
Contact: body region bulk ni: 1871 ci: 2330 (0.0001275, 5e-05, 0)
Contact: drain region bulk ni: 1872 ci: 2339 (0.00013, 0, 0)
Contact: body region bulk ni: 1907 ci: 2374 (0.00013, 5e-05, 0)
Contact: drain region bulk ni: 1908 ci: 2383 (0.0001325, 0, 0)
Contact: body region bulk ni: 1943 ci: 2418 (0.0001325, 5e-05, 0)
Contact: drain region bulk ni: 1944 ci: 2427 (0.000135, 0, 0)
Contact: body region bulk ni: 1979 ci: 2462 (0.000135, 5e-05, 0)
Contact: drain region bulk ni: 1980 ci: 2471 (0.0001375, 0, 0)
Contact: body region bulk ni: 2015 ci: 2506 (0.0001375, 5e-05, 0)
Contact: drain region bulk ni: 2016 ci: 2515 (0.00014, 0, 0)
Contact: body region bulk ni: 2051 ci: 2550 (0.00014, 5e-05, 0)
Contact: drain region bulk ni: 2052 ci: 2559 (0.0001425, 0, 0)
Contact: body region bulk ni: 2087 ci: 2594 (0.0001425, 5e-05, 0)
Contact: drain region bulk ni: 2088 ci: 2603 (0.000145, 0, 0)
Contact: body region bulk ni: 2123 ci: 2638 (0.000145, 5e-05, 0)
Contact: drain region bulk ni: 2124 ci: 2647 (0.0001475, 0, 0)
Contact: body region bulk ni: 2159 ci: 2682 (0.0001475, 5e-05, 0)
Contact: drain region bulk ni: 2160 ci: 2691 (0.00015, 0, 0)
Contact: body region bulk ni: 2195 ci: 2726 (0.00015, 5e-05, 0)
Contact: drain region bulk ni: 2196 ci: 2735 (0.0001525, 0, 0)
Contact: body region bulk ni: 2231 ci: 2770 (0.0001525, 5e-05, 0)
Contact: drain region bulk ni: 2232 ci: 2779 (0.000155, 0, 0)
Contact: body region bulk ni: 2267 ci: 2814 (0.000155, 5e-05, 0)
Contact: drain region bulk ni: 2268 ci: 2823 (0.0001575, 0, 0)
Contact: body region bulk ni: 2303 ci: 2858 (0.0001575, 5e-05, 0)
Contact: drain region bulk ni: 2304 ci: 2867 (0.00016, 0, 0)
Contact: body region bulk ni: 2339 ci: 2902 (0.00016, 5e-05, 0)
Adding 668 nodes
Adding 1576 edges with 1148 duplicates removed
Adding 908 triangles  with 0 duplicate removed
Adding 2340 nodes
Adding 6819 edges with 6621 duplicates removed
Adding 4480 triangles  with 0 duplicate removed
Adding 125 nodes
Adding 316 edges with 260 duplicates removed
Adding 192 triangles  with 0 duplicate removed
Adding 75 nodes
Adding 170 edges with 118 duplicates removed
Adding 96 triangles  with 0 duplicate removed
Contact body in region bulk with 65 nodes
Contact drain in region bulk with 21 nodes
Contact gate in region oxide with 25 nodes
Contact source in region bulk with 21 nodes
Interface bulk_oxide bulk oxide has 23 node pairs
Adding interface bulk_oxide with 23, 23 nodes
Replacing Node Model gatenodemodel in region oxide of material Oxide
number of equations 2415
Iteration: 0
  Device: "mos_light"	RelError: 2.00000e+00	AbsError: 2.02815e-01
    Region: "bulk"	RelError: 1.00000e+00	AbsError: 2.02815e-01
      Equation: "PotentialEquation"	RelError: 1.00000e+00	AbsError: 2.02815e-01
    Region: "oxide"	RelError: 1.00000e+00	AbsError: 1.30188e-01
      Equation: "PotentialEquation"	RelError: 1.00000e+00	AbsError: 1.30188e-01
Iteration: 1
  Device: "mos_light"	RelError: 9.97437e-01	AbsError: 2.02372e-01
    Region: "bulk"	RelError: 4.99593e-01	AbsError: 2.02372e-01
      Equation: "PotentialEquation"	RelError: 4.99593e-01	AbsError: 2.02372e-01
    Region: "oxide"	RelError: 4.97843e-01	AbsError: 1.29070e-01
      Equation: "PotentialEquation"	RelError: 4.97843e-01	AbsError: 1.29070e-01
Iteration: 2
  Device: "mos_light"	RelError: 1.25414e+00	AbsError: 1.49632e-01
    Region: "bulk"	RelError: 7.16929e-01	AbsError: 1.49632e-01
      Equation: "PotentialEquation"	RelError: 7.16929e-01	AbsError: 1.49632e-01
    Region: "oxide"	RelError: 5.37207e-01	AbsError: 8.49428e-02
      Equation: "PotentialEquation"	RelError: 5.37207e-01	AbsError: 8.49428e-02
Iteration: 3
  Device: "mos_light"	RelError: 4.23366e+00	AbsError: 9.29867e-02
    Region: "bulk"	RelError: 2.65900e+00	AbsError: 9.29867e-02
      Equation: "PotentialEquation"	RelError: 2.65900e+00	AbsError: 9.29867e-02
    Region: "oxide"	RelError: 1.57466e+00	AbsError: 5.43379e-02
      Equation: "PotentialEquation"	RelError: 1.57466e+00	AbsError: 5.43379e-02
Iteration: 4
  Device: "mos_light"	RelError: 5.69586e+02	AbsError: 9.39761e-02
    Region: "bulk"	RelError: 5.66721e+02	AbsError: 9.39761e-02
      Equation: "PotentialEquation"	RelError: 5.66721e+02	AbsError: 9.39761e-02
    Region: "oxide"	RelError: 2.86554e+00	AbsError: 5.15901e-02
      Equation: "PotentialEquation"	RelError: 2.86554e+00	AbsError: 5.15901e-02
Iteration: 5
  Device: "mos_light"	RelError: 8.48137e+02	AbsError: 9.34526e-02
    Region: "bulk"	RelError: 8.36161e+02	AbsError: 9.34526e-02
      Equation: "PotentialEquation"	RelError: 8.36161e+02	AbsError: 9.34526e-02
    Region: "oxide"	RelError: 1.19765e+01	AbsError: 4.72709e-02
      Equation: "PotentialEquation"	RelError: 1.19765e+01	AbsError: 4.72709e-02
Iteration: 6
  Device: "mos_light"	RelError: 1.66609e+02	AbsError: 9.24270e-02
    Region: "bulk"	RelError: 1.47796e+02	AbsError: 9.24270e-02
      Equation: "PotentialEquation"	RelError: 1.47796e+02	AbsError: 9.24270e-02
    Region: "oxide"	RelError: 1.88131e+01	AbsError: 4.16976e-02
      Equation: "PotentialEquation"	RelError: 1.88131e+01	AbsError: 4.16976e-02
Iteration: 7
  Device: "mos_light"	RelError: 2.45582e+02	AbsError: 9.06462e-02
    Region: "bulk"	RelError: 2.17406e+02	AbsError: 9.06462e-02
      Equation: "PotentialEquation"	RelError: 2.17406e+02	AbsError: 9.06462e-02
    Region: "oxide"	RelError: 2.81768e+01	AbsError: 3.42780e-02
      Equation: "PotentialEquation"	RelError: 2.81768e+01	AbsError: 3.42780e-02
Iteration: 8
  Device: "mos_light"	RelError: 3.10733e+03	AbsError: 8.46760e-02
    Region: "bulk"	RelError: 3.10597e+03	AbsError: 8.46760e-02
      Equation: "PotentialEquation"	RelError: 3.10597e+03	AbsError: 8.46760e-02
    Region: "oxide"	RelError: 1.35663e+00	AbsError: 2.40370e-02
      Equation: "PotentialEquation"	RelError: 1.35663e+00	AbsError: 2.40370e-02
Iteration: 9
  Device: "mos_light"	RelError: 1.81287e+02	AbsError: 7.52804e-02
    Region: "bulk"	RelError: 1.76957e+02	AbsError: 7.52804e-02
      Equation: "PotentialEquation"	RelError: 1.76957e+02	AbsError: 7.52804e-02
    Region: "oxide"	RelError: 4.32987e+00	AbsError: 1.97799e-02
      Equation: "PotentialEquation"	RelError: 4.32987e+00	AbsError: 1.97799e-02
Iteration: 10
  Device: "mos_light"	RelError: 6.51937e+02	AbsError: 6.25318e-02
    Region: "bulk"	RelError: 6.50083e+02	AbsError: 6.25318e-02
      Equation: "PotentialEquation"	RelError: 6.50083e+02	AbsError: 6.25318e-02
    Region: "oxide"	RelError: 1.85435e+00	AbsError: 7.64903e-03
      Equation: "PotentialEquation"	RelError: 1.85435e+00	AbsError: 7.64903e-03
Iteration: 11
  Device: "mos_light"	RelError: 4.84308e+00	AbsError: 3.81833e-02
    Region: "bulk"	RelError: 4.60955e+00	AbsError: 3.81833e-02
      Equation: "PotentialEquation"	RelError: 4.60955e+00	AbsError: 3.81833e-02
    Region: "oxide"	RelError: 2.33529e-01	AbsError: 8.73038e-04
      Equation: "PotentialEquation"	RelError: 2.33529e-01	AbsError: 8.73038e-04
Iteration: 12
  Device: "mos_light"	RelError: 1.98669e+01	AbsError: 2.54298e-02
    Region: "bulk"	RelError: 1.98403e+01	AbsError: 2.54298e-02
      Equation: "PotentialEquation"	RelError: 1.98403e+01	AbsError: 2.54298e-02
    Region: "oxide"	RelError: 2.65926e-02	AbsError: 9.87906e-05
      Equation: "PotentialEquation"	RelError: 2.65926e-02	AbsError: 9.87906e-05
Iteration: 13
  Device: "mos_light"	RelError: 1.04011e+00	AbsError: 9.23775e-03
    Region: "bulk"	RelError: 1.03822e+00	AbsError: 9.23775e-03
      Equation: "PotentialEquation"	RelError: 1.03822e+00	AbsError: 9.23775e-03
    Region: "oxide"	RelError: 1.89955e-03	AbsError: 6.94987e-06
      Equation: "PotentialEquation"	RelError: 1.89955e-03	AbsError: 6.94987e-06
Iteration: 14
  Device: "mos_light"	RelError: 1.97450e-02	AbsError: 8.80457e-05
    Region: "bulk"	RelError: 1.97272e-02	AbsError: 8.80457e-05
      Equation: "PotentialEquation"	RelError: 1.97272e-02	AbsError: 8.80457e-05
    Region: "oxide"	RelError: 1.78451e-05	AbsError: 6.52923e-08
      Equation: "PotentialEquation"	RelError: 1.78451e-05	AbsError: 6.52923e-08
Iteration: 15
  Device: "mos_light"	RelError: 9.77685e-06	AbsError: 7.34970e-08
    Region: "bulk"	RelError: 9.77464e-06	AbsError: 7.34970e-08
      Equation: "PotentialEquation"	RelError: 9.77464e-06	AbsError: 7.34970e-08
    Region: "oxide"	RelError: 2.21004e-09	AbsError: 8.10989e-12
      Equation: "PotentialEquation"	RelError: 2.21004e-09	AbsError: 8.10989e-12
Iteration: 16
  Device: "mos_light"	RelError: 4.11599e-12	AbsError: 5.26973e-14
    Region: "bulk"	RelError: 4.11536e-12	AbsError: 5.26973e-14
      Equation: "PotentialEquation"	RelError: 4.11536e-12	AbsError: 5.26973e-14
    Region: "oxide"	RelError: 6.37866e-16	AbsError: 2.35341e-18
      Equation: "PotentialEquation"	RelError: 6.37866e-16	AbsError: 2.35341e-18
Warning: Replacing equation with equation of the same name.
Region: bulk, Equation: PotentialEquation, Variable: Potential
number of equations 7095
Iteration: 0
  Device: "mos_light"	RelError: 3.75762e-24	AbsError: 1.73598e-08
    Region: "bulk"	RelError: 3.75743e-24	AbsError: 1.73598e-08
      Equation: "ElectronContinuityEquation"	RelError: 1.10119e-24	AbsError: 3.84540e-09
      Equation: "HoleContinuityEquation"	RelError: 1.10119e-24	AbsError: 1.35144e-08
      Equation: "PotentialEquation"	RelError: 1.55505e-24	AbsError: 2.85068e-26
    Region: "oxide"	RelError: 1.84031e-28	AbsError: 6.79125e-31
      Equation: "PotentialEquation"	RelError: 1.84031e-28	AbsError: 6.79125e-31
number of equations 7095
Iteration: 0
  Device: "mos_light"	RelError: 2.07563e+03	AbsError: 9.34241e+16
    Region: "bulk"	RelError: 2.06684e+03	AbsError: 9.34241e+16
      Equation: "ElectronContinuityEquation"	RelError: 1.04496e+03	AbsError: 9.06246e+16
      Equation: "HoleContinuityEquation"	RelError: 9.99000e+02	AbsError: 2.79945e+15
      Equation: "PotentialEquation"	RelError: 2.28785e+01	AbsError: 4.09542e-02
    Region: "oxide"	RelError: 8.78931e+00	AbsError: 1.83655e-02
      Equation: "PotentialEquation"	RelError: 8.78931e+00	AbsError: 1.83655e-02
Iteration: 1
  Device: "mos_light"	RelError: 1.00789e+03	AbsError: 1.42592e+15
    Region: "bulk"	RelError: 1.00784e+03	AbsError: 1.42592e+15
      Equation: "ElectronContinuityEquation"	RelError: 9.99000e+02	AbsError: 1.00233e+15
      Equation: "HoleContinuityEquation"	RelError: 9.98716e-01	AbsError: 4.23583e+14
      Equation: "PotentialEquation"	RelError: 7.83870e+00	AbsError: 3.07633e-02
    Region: "oxide"	RelError: 5.20302e-02	AbsError: 8.34500e-03
      Equation: "PotentialEquation"	RelError: 5.20302e-02	AbsError: 8.34500e-03
Iteration: 2
  Device: "mos_light"	RelError: 1.01345e+03	AbsError: 2.35918e+14
    Region: "bulk"	RelError: 1.01344e+03	AbsError: 2.35918e+14
      Equation: "ElectronContinuityEquation"	RelError: 1.26215e+01	AbsError: 2.03976e+14
      Equation: "HoleContinuityEquation"	RelError: 9.99000e+02	AbsError: 3.19415e+13
      Equation: "PotentialEquation"	RelError: 1.81905e+00	AbsError: 2.50179e-02
    Region: "oxide"	RelError: 5.11227e-03	AbsError: 9.26171e-06
      Equation: "PotentialEquation"	RelError: 5.11227e-03	AbsError: 9.26171e-06
Iteration: 3
  Device: "mos_light"	RelError: 1.76754e+00	AbsError: 1.50963e+15
    Region: "bulk"	RelError: 1.76723e+00	AbsError: 1.50963e+15
      Equation: "ElectronContinuityEquation"	RelError: 7.53199e-01	AbsError: 1.50843e+15
      Equation: "HoleContinuityEquation"	RelError: 9.97693e-01	AbsError: 1.19576e+12
      Equation: "PotentialEquation"	RelError: 1.63431e-02	AbsError: 9.16562e-03
    Region: "oxide"	RelError: 3.08590e-04	AbsError: 2.70905e-06
      Equation: "PotentialEquation"	RelError: 3.08590e-04	AbsError: 2.70905e-06
Iteration: 4
  Device: "mos_light"	RelError: 4.76304e-01	AbsError: 1.68044e+15
    Region: "bulk"	RelError: 4.73864e-01	AbsError: 1.68044e+15
      Equation: "ElectronContinuityEquation"	RelError: 5.83666e-02	AbsError: 1.67878e+15
      Equation: "HoleContinuityEquation"	RelError: 4.06255e-01	AbsError: 1.65811e+12
      Equation: "PotentialEquation"	RelError: 9.24232e-03	AbsError: 1.96121e-04
    Region: "oxide"	RelError: 2.43978e-03	AbsError: 2.05199e-06
      Equation: "PotentialEquation"	RelError: 2.43978e-03	AbsError: 2.05199e-06
Iteration: 5
  Device: "mos_light"	RelError: 6.35864e-04	AbsError: 1.59890e+12
    Region: "bulk"	RelError: 6.34916e-04	AbsError: 1.59890e+12
      Equation: "ElectronContinuityEquation"	RelError: 1.03204e-04	AbsError: 1.59810e+12
      Equation: "HoleContinuityEquation"	RelError: 5.27105e-04	AbsError: 7.96066e+08
      Equation: "PotentialEquation"	RelError: 4.60673e-06	AbsError: 1.72796e-07
    Region: "oxide"	RelError: 9.47787e-07	AbsError: 6.22947e-10
      Equation: "PotentialEquation"	RelError: 9.47787e-07	AbsError: 6.22947e-10
Iteration: 6
  Device: "mos_light"	RelError: 6.63111e-10	AbsError: 1.36664e+06
    Region: "bulk"	RelError: 6.62422e-10	AbsError: 1.36664e+06
      Equation: "ElectronContinuityEquation"	RelError: 1.14196e-10	AbsError: 1.36601e+06
      Equation: "HoleContinuityEquation"	RelError: 5.44695e-10	AbsError: 6.28053e+02
      Equation: "PotentialEquation"	RelError: 3.52994e-12	AbsError: 1.46800e-13
    Region: "oxide"	RelError: 6.89705e-13	AbsError: 4.48876e-16
      Equation: "PotentialEquation"	RelError: 6.89705e-13	AbsError: 4.48876e-16
number of equations 7095
Iteration: 0
  Device: "mos_light"	RelError: 2.19530e+03	AbsError: 9.20348e+16
    Region: "bulk"	RelError: 2.19360e+03	AbsError: 9.20348e+16
      Equation: "ElectronContinuityEquation"	RelError: 9.99000e+02	AbsError: 8.91839e+16
      Equation: "HoleContinuityEquation"	RelError: 9.99000e+02	AbsError: 2.85089e+15
      Equation: "PotentialEquation"	RelError: 1.95604e+02	AbsError: 4.09542e-02
    Region: "oxide"	RelError: 1.69534e+00	AbsError: 1.83382e-02
      Equation: "PotentialEquation"	RelError: 1.69534e+00	AbsError: 1.83382e-02
Iteration: 1
  Device: "mos_light"	RelError: 1.01410e+03	AbsError: 1.52193e+15
    Region: "bulk"	RelError: 1.01405e+03	AbsError: 1.52193e+15
      Equation: "ElectronContinuityEquation"	RelError: 9.99000e+02	AbsError: 1.08472e+15
      Equation: "HoleContinuityEquation"	RelError: 9.98610e-01	AbsError: 4.37212e+14
      Equation: "PotentialEquation"	RelError: 1.40527e+01	AbsError: 3.07633e-02
    Region: "oxide"	RelError: 4.45874e-02	AbsError: 8.34018e-03
      Equation: "PotentialEquation"	RelError: 4.45874e-02	AbsError: 8.34018e-03
Iteration: 2
  Device: "mos_light"	RelError: 1.00581e+03	AbsError: 2.12639e+14
    Region: "bulk"	RelError: 1.00581e+03	AbsError: 2.12639e+14
      Equation: "ElectronContinuityEquation"	RelError: 5.98826e+00	AbsError: 1.80023e+14
      Equation: "HoleContinuityEquation"	RelError: 9.99000e+02	AbsError: 3.26163e+13
      Equation: "PotentialEquation"	RelError: 8.25774e-01	AbsError: 2.49182e-02
    Region: "oxide"	RelError: 3.63638e-04	AbsError: 2.70225e-06
      Equation: "PotentialEquation"	RelError: 3.63638e-04	AbsError: 2.70225e-06
Iteration: 3
  Device: "mos_light"	RelError: 1.79451e+00	AbsError: 1.28093e+15
    Region: "bulk"	RelError: 1.79435e+00	AbsError: 1.28093e+15
      Equation: "ElectronContinuityEquation"	RelError: 7.82502e-01	AbsError: 1.28003e+15
      Equation: "HoleContinuityEquation"	RelError: 9.98091e-01	AbsError: 9.04989e+11
      Equation: "PotentialEquation"	RelError: 1.37611e-02	AbsError: 9.16557e-03
    Region: "oxide"	RelError: 1.58953e-04	AbsError: 4.95257e-07
      Equation: "PotentialEquation"	RelError: 1.58953e-04	AbsError: 4.95257e-07
Iteration: 4
  Device: "mos_light"	RelError: 4.07744e-01	AbsError: 1.43557e+15
    Region: "bulk"	RelError: 4.07376e-01	AbsError: 1.43557e+15
      Equation: "ElectronContinuityEquation"	RelError: 6.02503e-02	AbsError: 1.43432e+15
      Equation: "HoleContinuityEquation"	RelError: 3.33283e-01	AbsError: 1.24532e+12
      Equation: "PotentialEquation"	RelError: 1.38428e-02	AbsError: 1.65989e-04
    Region: "oxide"	RelError: 3.68142e-04	AbsError: 1.11746e-06
      Equation: "PotentialEquation"	RelError: 3.68142e-04	AbsError: 1.11746e-06
Iteration: 5
  Device: "mos_light"	RelError: 2.02529e-04	AbsError: 1.23116e+12
    Region: "bulk"	RelError: 2.02357e-04	AbsError: 1.23116e+12
      Equation: "ElectronContinuityEquation"	RelError: 8.80097e-05	AbsError: 1.23058e+12
      Equation: "HoleContinuityEquation"	RelError: 1.09587e-04	AbsError: 5.82125e+08
      Equation: "PotentialEquation"	RelError: 4.76033e-06	AbsError: 1.33485e-07
    Region: "oxide"	RelError: 1.72474e-07	AbsError: 4.66205e-10
      Equation: "PotentialEquation"	RelError: 1.72474e-07	AbsError: 4.66205e-10
Iteration: 6
  Device: "mos_light"	RelError: 1.70501e-10	AbsError: 8.55481e+05
    Region: "bulk"	RelError: 1.70390e-10	AbsError: 8.55481e+05
      Equation: "ElectronContinuityEquation"	RelError: 7.87659e-11	AbsError: 8.55107e+05
      Equation: "HoleContinuityEquation"	RelError: 8.89833e-11	AbsError: 3.73670e+02
      Equation: "PotentialEquation"	RelError: 2.64089e-12	AbsError: 9.23641e-14
    Region: "oxide"	RelError: 1.11421e-13	AbsError: 3.03251e-16
      Equation: "PotentialEquation"	RelError: 1.11421e-13	AbsError: 3.03251e-16
number of equations 7095
Iteration: 0
  Device: "mos_light"	RelError: 2.09955e+03	AbsError: 8.99042e+16
    Region: "bulk"	RelError: 2.09720e+03	AbsError: 8.99042e+16
      Equation: "ElectronContinuityEquation"	RelError: 9.99000e+02	AbsError: 8.72235e+16
      Equation: "HoleContinuityEquation"	RelError: 9.99000e+02	AbsError: 2.68066e+15
      Equation: "PotentialEquation"	RelError: 9.92046e+01	AbsError: 4.09542e-02
    Region: "oxide"	RelError: 2.34964e+00	AbsError: 1.83373e-02
      Equation: "PotentialEquation"	RelError: 2.34964e+00	AbsError: 1.83373e-02
Iteration: 1
  Device: "mos_light"	RelError: 2.00157e+03	AbsError: 1.51351e+15
    Region: "bulk"	RelError: 2.00153e+03	AbsError: 1.51351e+15
      Equation: "ElectronContinuityEquation"	RelError: 9.99000e+02	AbsError: 1.18537e+15
      Equation: "HoleContinuityEquation"	RelError: 9.99000e+02	AbsError: 3.28142e+14
      Equation: "PotentialEquation"	RelError: 3.53299e+00	AbsError: 3.07633e-02
    Region: "oxide"	RelError: 3.90413e-02	AbsError: 8.34429e-03
      Equation: "PotentialEquation"	RelError: 3.90413e-02	AbsError: 8.34429e-03
Iteration: 2
  Device: "mos_light"	RelError: 1.00360e+03	AbsError: 1.72545e+14
    Region: "bulk"	RelError: 1.00360e+03	AbsError: 1.72545e+14
      Equation: "ElectronContinuityEquation"	RelError: 4.44913e+00	AbsError: 1.54928e+14
      Equation: "HoleContinuityEquation"	RelError: 9.99000e+02	AbsError: 1.76171e+13
      Equation: "PotentialEquation"	RelError: 1.49329e-01	AbsError: 2.58562e-02
    Region: "oxide"	RelError: 2.17546e-04	AbsError: 8.63049e-07
      Equation: "PotentialEquation"	RelError: 2.17546e-04	AbsError: 8.63049e-07
Iteration: 3
  Device: "mos_light"	RelError: 1.84525e+00	AbsError: 1.69641e+15
    Region: "bulk"	RelError: 1.84483e+00	AbsError: 1.69641e+15
      Equation: "ElectronContinuityEquation"	RelError: 8.04212e-01	AbsError: 1.69502e+15
      Equation: "HoleContinuityEquation"	RelError: 1.00000e+00	AbsError: 1.38813e+12
      Equation: "PotentialEquation"	RelError: 4.06228e-02	AbsError: 9.16579e-03
    Region: "oxide"	RelError: 4.18516e-04	AbsError: 7.72893e-07
      Equation: "PotentialEquation"	RelError: 4.18516e-04	AbsError: 7.72893e-07
Iteration: 4
  Device: "mos_light"	RelError: 1.66620e-01	AbsError: 1.79727e+15
    Region: "bulk"	RelError: 1.66060e-01	AbsError: 1.79727e+15
      Equation: "ElectronContinuityEquation"	RelError: 6.16246e-02	AbsError: 1.79563e+15
      Equation: "HoleContinuityEquation"	RelError: 5.26746e-02	AbsError: 1.64827e+12
      Equation: "PotentialEquation"	RelError: 5.17605e-02	AbsError: 2.25555e-04
    Region: "oxide"	RelError: 5.60108e-04	AbsError: 1.14855e-06
      Equation: "PotentialEquation"	RelError: 5.60108e-04	AbsError: 1.14855e-06
Iteration: 5
  Device: "mos_light"	RelError: 1.90756e-04	AbsError: 1.77815e+12
    Region: "bulk"	RelError: 1.90421e-04	AbsError: 1.77815e+12
      Equation: "ElectronContinuityEquation"	RelError: 1.45443e-04	AbsError: 1.77716e+12
      Equation: "HoleContinuityEquation"	RelError: 1.42681e-05	AbsError: 9.91037e+08
      Equation: "PotentialEquation"	RelError: 3.07105e-05	AbsError: 2.07143e-07
    Region: "oxide"	RelError: 3.34926e-07	AbsError: 6.51958e-10
      Equation: "PotentialEquation"	RelError: 3.34926e-07	AbsError: 6.51958e-10
Iteration: 6
  Device: "mos_light"	RelError: 2.48458e-10	AbsError: 1.70649e+06
    Region: "bulk"	RelError: 2.48226e-10	AbsError: 1.70649e+06
      Equation: "ElectronContinuityEquation"	RelError: 2.12154e-10	AbsError: 1.70575e+06
      Equation: "HoleContinuityEquation"	RelError: 1.48191e-11	AbsError: 7.37837e+02
      Equation: "PotentialEquation"	RelError: 2.12527e-11	AbsError: 1.91218e-13
    Region: "oxide"	RelError: 2.31985e-13	AbsError: 4.50830e-16
      Equation: "PotentialEquation"	RelError: 2.31985e-13	AbsError: 4.50830e-16
number of equations 7095
Iteration: 0
  Device: "mos_light"	RelError: 2.04092e+03	AbsError: 8.72787e+16
    Region: "bulk"	RelError: 2.04001e+03	AbsError: 8.72787e+16
      Equation: "ElectronContinuityEquation"	RelError: 9.99000e+02	AbsError: 8.49744e+16
      Equation: "HoleContinuityEquation"	RelError: 9.99000e+02	AbsError: 2.30435e+15
      Equation: "PotentialEquation"	RelError: 4.20096e+01	AbsError: 4.09542e-02
    Region: "oxide"	RelError: 9.06388e-01	AbsError: 1.83426e-02
      Equation: "PotentialEquation"	RelError: 9.06388e-01	AbsError: 1.83426e-02
Iteration: 1
  Device: "mos_light"	RelError: 2.01590e+03	AbsError: 1.57252e+15
    Region: "bulk"	RelError: 2.01587e+03	AbsError: 1.57252e+15
      Equation: "ElectronContinuityEquation"	RelError: 9.99000e+02	AbsError: 1.24186e+15
      Equation: "HoleContinuityEquation"	RelError: 9.99000e+02	AbsError: 3.30660e+14
      Equation: "PotentialEquation"	RelError: 1.78663e+01	AbsError: 3.07632e-02
    Region: "oxide"	RelError: 3.47323e-02	AbsError: 8.35039e-03
      Equation: "PotentialEquation"	RelError: 3.47323e-02	AbsError: 8.35039e-03
Iteration: 2
  Device: "mos_light"	RelError: 1.00256e+03	AbsError: 1.45002e+14
    Region: "bulk"	RelError: 1.00256e+03	AbsError: 1.45002e+14
      Equation: "ElectronContinuityEquation"	RelError: 3.38302e+00	AbsError: 1.33410e+14
      Equation: "HoleContinuityEquation"	RelError: 9.99000e+02	AbsError: 1.15922e+13
      Equation: "PotentialEquation"	RelError: 1.79271e-01	AbsError: 2.57941e-02
    Region: "oxide"	RelError: 4.60553e-05	AbsError: 3.68736e-07
      Equation: "PotentialEquation"	RelError: 4.60553e-05	AbsError: 3.68736e-07
Iteration: 3
  Device: "mos_light"	RelError: 1.84620e+00	AbsError: 1.52142e+15
    Region: "bulk"	RelError: 1.84605e+00	AbsError: 1.52142e+15
      Equation: "ElectronContinuityEquation"	RelError: 8.20541e-01	AbsError: 1.52033e+15
      Equation: "HoleContinuityEquation"	RelError: 1.00000e+00	AbsError: 1.08373e+12
      Equation: "PotentialEquation"	RelError: 2.55076e-02	AbsError: 9.16572e-03
    Region: "oxide"	RelError: 1.48307e-04	AbsError: 7.18778e-07
      Equation: "PotentialEquation"	RelError: 1.48307e-04	AbsError: 7.18778e-07
Iteration: 4
  Device: "mos_light"	RelError: 9.66988e-02	AbsError: 1.61689e+15
    Region: "bulk"	RelError: 9.65156e-02	AbsError: 1.61689e+15
      Equation: "ElectronContinuityEquation"	RelError: 6.29677e-02	AbsError: 1.61558e+15
      Equation: "HoleContinuityEquation"	RelError: 2.78964e-03	AbsError: 1.31366e+12
      Equation: "PotentialEquation"	RelError: 3.07582e-02	AbsError: 2.00724e-04
    Region: "oxide"	RelError: 1.83265e-04	AbsError: 9.33826e-07
      Equation: "PotentialEquation"	RelError: 1.83265e-04	AbsError: 9.33826e-07
Iteration: 5
  Device: "mos_light"	RelError: 3.68523e-04	AbsError: 1.53800e+12
    Region: "bulk"	RelError: 3.68415e-04	AbsError: 1.53800e+12
      Equation: "ElectronContinuityEquation"	RelError: 1.26559e-04	AbsError: 1.53725e+12
      Equation: "HoleContinuityEquation"	RelError: 2.22423e-04	AbsError: 7.52346e+08
      Equation: "PotentialEquation"	RelError: 1.94327e-05	AbsError: 1.77754e-07
    Region: "oxide"	RelError: 1.08341e-07	AbsError: 5.36747e-10
      Equation: "PotentialEquation"	RelError: 1.08341e-07	AbsError: 5.36747e-10
Iteration: 6
  Device: "mos_light"	RelError: 3.50725e-10	AbsError: 1.35116e+06
    Region: "bulk"	RelError: 3.50658e-10	AbsError: 1.35116e+06
      Equation: "ElectronContinuityEquation"	RelError: 1.53978e-10	AbsError: 1.35065e+06
      Equation: "HoleContinuityEquation"	RelError: 1.84001e-10	AbsError: 5.11461e+02
      Equation: "PotentialEquation"	RelError: 1.26788e-11	AbsError: 1.49950e-13
    Region: "oxide"	RelError: 6.75201e-14	AbsError: 3.33482e-16
      Equation: "PotentialEquation"	RelError: 6.75201e-14	AbsError: 3.33482e-16
number of equations 7095
Iteration: 0
  Device: "mos_light"	RelError: 5.26098e+05	AbsError: 8.49730e+16
    Region: "bulk"	RelError: 5.26086e+05	AbsError: 8.49730e+16
      Equation: "ElectronContinuityEquation"	RelError: 9.99000e+02	AbsError: 8.25514e+16
      Equation: "HoleContinuityEquation"	RelError: 5.25004e+05	AbsError: 2.42163e+15
      Equation: "PotentialEquation"	RelError: 8.25208e+01	AbsError: 4.09542e-02
    Region: "oxide"	RelError: 1.19469e+01	AbsError: 1.83489e-02
      Equation: "PotentialEquation"	RelError: 1.19469e+01	AbsError: 1.83489e-02
Iteration: 1
  Device: "mos_light"	RelError: 2.06499e+03	AbsError: 1.59294e+15
    Region: "bulk"	RelError: 2.06492e+03	AbsError: 1.59294e+15
      Equation: "ElectronContinuityEquation"	RelError: 9.99000e+02	AbsError: 1.27486e+15
      Equation: "HoleContinuityEquation"	RelError: 9.99000e+02	AbsError: 3.18083e+14
      Equation: "PotentialEquation"	RelError: 6.69155e+01	AbsError: 3.07632e-02
    Region: "oxide"	RelError: 7.35030e-02	AbsError: 8.35660e-03
      Equation: "PotentialEquation"	RelError: 7.35030e-02	AbsError: 8.35660e-03
Iteration: 2
  Device: "mos_light"	RelError: 1.00086e+03	AbsError: 1.27977e+14
    Region: "bulk"	RelError: 1.00086e+03	AbsError: 1.27977e+14
      Equation: "ElectronContinuityEquation"	RelError: 1.76876e+00	AbsError: 1.12671e+14
      Equation: "HoleContinuityEquation"	RelError: 9.99000e+02	AbsError: 1.53065e+13
      Equation: "PotentialEquation"	RelError: 8.68285e-02	AbsError: 2.57402e-02
    Region: "oxide"	RelError: 4.01112e-04	AbsError: 1.89939e-07
      Equation: "PotentialEquation"	RelError: 4.01112e-04	AbsError: 1.89939e-07
Iteration: 3
  Device: "mos_light"	RelError: 1.87425e+00	AbsError: 1.35064e+15
    Region: "bulk"	RelError: 1.87245e+00	AbsError: 1.35064e+15
      Equation: "ElectronContinuityEquation"	RelError: 8.31753e-01	AbsError: 1.34976e+15
      Equation: "HoleContinuityEquation"	RelError: 1.00000e+00	AbsError: 8.74350e+11
      Equation: "PotentialEquation"	RelError: 4.06945e-02	AbsError: 9.16566e-03
    Region: "oxide"	RelError: 1.80042e-03	AbsError: 6.32571e-07
      Equation: "PotentialEquation"	RelError: 1.80042e-03	AbsError: 6.32571e-07
Iteration: 4
  Device: "mos_light"	RelError: 1.56008e-01	AbsError: 1.43911e+15
    Region: "bulk"	RelError: 1.53846e-01	AbsError: 1.43911e+15
      Equation: "ElectronContinuityEquation"	RelError: 6.41158e-02	AbsError: 1.43804e+15
      Equation: "HoleContinuityEquation"	RelError: 3.88117e-02	AbsError: 1.06344e+12
      Equation: "PotentialEquation"	RelError: 5.09188e-02	AbsError: 1.76963e-04
    Region: "oxide"	RelError: 2.16181e-03	AbsError: 7.77795e-07
      Equation: "PotentialEquation"	RelError: 2.16181e-03	AbsError: 7.77795e-07
Iteration: 5
  Device: "mos_light"	RelError: 2.81882e-03	AbsError: 1.28205e+12
    Region: "bulk"	RelError: 2.81761e-03	AbsError: 1.28205e+12
      Equation: "ElectronContinuityEquation"	RelError: 1.12884e-04	AbsError: 1.28148e+12
      Equation: "HoleContinuityEquation"	RelError: 2.67603e-03	AbsError: 5.71255e+08
      Equation: "PotentialEquation"	RelError: 2.86925e-05	AbsError: 1.47125e-07
    Region: "oxide"	RelError: 1.21059e-06	AbsError: 4.28135e-10
      Equation: "PotentialEquation"	RelError: 1.21059e-06	AbsError: 4.28135e-10
Iteration: 6
  Device: "mos_light"	RelError: 1.69019e-09	AbsError: 9.79473e+05
    Region: "bulk"	RelError: 1.68954e-09	AbsError: 9.79473e+05
      Equation: "ElectronContinuityEquation"	RelError: 1.01747e-10	AbsError: 9.79133e+05
      Equation: "HoleContinuityEquation"	RelError: 1.57222e-09	AbsError: 3.40021e+02
      Equation: "PotentialEquation"	RelError: 1.55671e-11	AbsError: 1.08020e-13
    Region: "oxide"	RelError: 6.55659e-13	AbsError: 2.30952e-16
      Equation: "PotentialEquation"	RelError: 6.55659e-13	AbsError: 2.30952e-16
number of equations 7095
Iteration: 0
  Device: "mos_light"	RelError: 2.01534e+03	AbsError: 8.23695e+16
    Region: "bulk"	RelError: 2.01415e+03	AbsError: 8.23695e+16
      Equation: "ElectronContinuityEquation"	RelError: 9.99000e+02	AbsError: 8.00137e+16
      Equation: "HoleContinuityEquation"	RelError: 9.99000e+02	AbsError: 2.35577e+15
      Equation: "PotentialEquation"	RelError: 1.61525e+01	AbsError: 4.09542e-02
    Region: "oxide"	RelError: 1.18439e+00	AbsError: 1.83551e-02
      Equation: "PotentialEquation"	RelError: 1.18439e+00	AbsError: 1.83551e-02
Iteration: 1
  Device: "mos_light"	RelError: 2.00776e+03	AbsError: 1.54714e+15
    Region: "bulk"	RelError: 2.00773e+03	AbsError: 1.54714e+15
      Equation: "ElectronContinuityEquation"	RelError: 9.99000e+02	AbsError: 1.29784e+15
      Equation: "HoleContinuityEquation"	RelError: 9.99000e+02	AbsError: 2.49298e+14
      Equation: "PotentialEquation"	RelError: 9.73059e+00	AbsError: 3.07632e-02
    Region: "oxide"	RelError: 2.84588e-02	AbsError: 8.36245e-03
      Equation: "PotentialEquation"	RelError: 2.84588e-02	AbsError: 8.36245e-03
Iteration: 2
  Device: "mos_light"	RelError: 1.00006e+03	AbsError: 1.09394e+14
    Region: "bulk"	RelError: 1.00006e+03	AbsError: 1.09394e+14
      Equation: "ElectronContinuityEquation"	RelError: 9.99998e-01	AbsError: 1.00837e+14
      Equation: "HoleContinuityEquation"	RelError: 9.99000e+02	AbsError: 8.55645e+12
      Equation: "PotentialEquation"	RelError: 5.72565e-02	AbsError: 2.56944e-02
    Region: "oxide"	RelError: 3.36998e-05	AbsError: 1.43733e-07
      Equation: "PotentialEquation"	RelError: 3.36998e-05	AbsError: 1.43733e-07
Iteration: 3
  Device: "mos_light"	RelError: 1.83860e+00	AbsError: 1.18782e+15
    Region: "bulk"	RelError: 1.83844e+00	AbsError: 1.18782e+15
      Equation: "ElectronContinuityEquation"	RelError: 8.27860e-01	AbsError: 1.18713e+15
      Equation: "HoleContinuityEquation"	RelError: 1.00000e+00	AbsError: 6.93064e+11
      Equation: "PotentialEquation"	RelError: 1.05770e-02	AbsError: 9.16561e-03
    Region: "oxide"	RelError: 1.68305e-04	AbsError: 5.39592e-07
      Equation: "PotentialEquation"	RelError: 1.68305e-04	AbsError: 5.39592e-07
Iteration: 4
  Device: "mos_light"	RelError: 1.35661e-01	AbsError: 1.26832e+15
    Region: "bulk"	RelError: 1.35460e-01	AbsError: 1.26832e+15
      Equation: "ElectronContinuityEquation"	RelError: 6.51067e-02	AbsError: 1.26747e+15
      Equation: "HoleContinuityEquation"	RelError: 5.77567e-02	AbsError: 8.47136e+11
      Equation: "PotentialEquation"	RelError: 1.25963e-02	AbsError: 1.54673e-04
    Region: "oxide"	RelError: 2.00864e-04	AbsError: 6.53103e-07
      Equation: "PotentialEquation"	RelError: 2.00864e-04	AbsError: 6.53103e-07
Iteration: 5
  Device: "mos_light"	RelError: 4.09248e-03	AbsError: 1.03442e+12
    Region: "bulk"	RelError: 4.09238e-03	AbsError: 1.03442e+12
      Equation: "ElectronContinuityEquation"	RelError: 9.83118e-05	AbsError: 1.03400e+12
      Equation: "HoleContinuityEquation"	RelError: 3.98734e-03	AbsError: 4.21619e+08
      Equation: "PotentialEquation"	RelError: 6.73164e-06	AbsError: 1.17989e-07
    Region: "oxide"	RelError: 1.04016e-07	AbsError: 3.32342e-10
      Equation: "PotentialEquation"	RelError: 1.04016e-07	AbsError: 3.32342e-10
Iteration: 6
  Device: "mos_light"	RelError: 2.20149e-09	AbsError: 6.57616e+05
    Region: "bulk"	RelError: 2.20145e-09	AbsError: 6.57616e+05
      Equation: "ElectronContinuityEquation"	RelError: 7.47133e-11	AbsError: 6.57404e+05
      Equation: "HoleContinuityEquation"	RelError: 2.12335e-09	AbsError: 2.11899e+02
      Equation: "PotentialEquation"	RelError: 3.38329e-12	AbsError: 7.22430e-14
    Region: "oxide"	RelError: 4.75671e-14	AbsError: 1.51041e-16
      Equation: "PotentialEquation"	RelError: 4.75671e-14	AbsError: 1.51041e-16
number of equations 7095
Iteration: 0
  Device: "mos_light"	RelError: 2.69365e+03	AbsError: 7.94814e+16
    Region: "bulk"	RelError: 2.68796e+03	AbsError: 7.94814e+16
      Equation: "ElectronContinuityEquation"	RelError: 9.99000e+02	AbsError: 7.73931e+16
      Equation: "HoleContinuityEquation"	RelError: 9.99000e+02	AbsError: 2.08830e+15
      Equation: "PotentialEquation"	RelError: 6.89955e+02	AbsError: 4.09542e-02
    Region: "oxide"	RelError: 5.69981e+00	AbsError: 1.83608e-02
      Equation: "PotentialEquation"	RelError: 5.69981e+00	AbsError: 1.83608e-02
Iteration: 1
  Device: "mos_light"	RelError: 2.01127e+03	AbsError: 1.53628e+15
    Region: "bulk"	RelError: 2.01123e+03	AbsError: 1.53628e+15
      Equation: "ElectronContinuityEquation"	RelError: 9.99000e+02	AbsError: 1.31556e+15
      Equation: "HoleContinuityEquation"	RelError: 9.99000e+02	AbsError: 2.20725e+14
      Equation: "PotentialEquation"	RelError: 1.32322e+01	AbsError: 3.07632e-02
    Region: "oxide"	RelError: 3.79524e-02	AbsError: 8.36783e-03
      Equation: "PotentialEquation"	RelError: 3.79524e-02	AbsError: 8.36783e-03
Iteration: 2
  Device: "mos_light"	RelError: 3.99866e+01	AbsError: 9.54225e+13
    Region: "bulk"	RelError: 3.99865e+01	AbsError: 9.54225e+13
      Equation: "ElectronContinuityEquation"	RelError: 9.99998e-01	AbsError: 9.00903e+13
      Equation: "HoleContinuityEquation"	RelError: 3.89432e+01	AbsError: 5.33221e+12
      Equation: "PotentialEquation"	RelError: 4.32207e-02	AbsError: 2.56563e-02
    Region: "oxide"	RelError: 1.23928e-04	AbsError: 1.14370e-07
      Equation: "PotentialEquation"	RelError: 1.23928e-04	AbsError: 1.14370e-07
Iteration: 3
  Device: "mos_light"	RelError: 1.69899e+00	AbsError: 1.03586e+15
    Region: "bulk"	RelError: 1.69835e+00	AbsError: 1.03586e+15
      Equation: "ElectronContinuityEquation"	RelError: 7.59808e-01	AbsError: 1.03532e+15
      Equation: "HoleContinuityEquation"	RelError: 9.22531e-01	AbsError: 5.38966e+11
      Equation: "PotentialEquation"	RelError: 1.60078e-02	AbsError: 9.16556e-03
    Region: "oxide"	RelError: 6.46463e-04	AbsError: 4.53273e-07
      Equation: "PotentialEquation"	RelError: 6.46463e-04	AbsError: 4.53273e-07
Iteration: 4
  Device: "mos_light"	RelError: 1.46313e-01	AbsError: 1.10794e+15
    Region: "bulk"	RelError: 1.45536e-01	AbsError: 1.10794e+15
      Equation: "ElectronContinuityEquation"	RelError: 6.59698e-02	AbsError: 1.10727e+15
      Equation: "HoleContinuityEquation"	RelError: 5.99620e-02	AbsError: 6.63634e+11
      Equation: "PotentialEquation"	RelError: 1.96046e-02	AbsError: 1.34140e-04
    Region: "oxide"	RelError: 7.76326e-04	AbsError: 5.49331e-07
      Equation: "PotentialEquation"	RelError: 7.76326e-04	AbsError: 5.49331e-07
Iteration: 5
  Device: "mos_light"	RelError: 4.28065e-03	AbsError: 8.11166e+11
    Region: "bulk"	RelError: 4.28028e-03	AbsError: 8.11166e+11
      Equation: "ElectronContinuityEquation"	RelError: 8.11176e-05	AbsError: 8.10862e+11
      Equation: "HoleContinuityEquation"	RelError: 4.19007e-03	AbsError: 3.03588e+08
      Equation: "PotentialEquation"	RelError: 9.09197e-06	AbsError: 9.20563e-08
    Region: "oxide"	RelError: 3.61454e-07	AbsError: 2.52170e-10
      Equation: "PotentialEquation"	RelError: 3.61454e-07	AbsError: 2.52170e-10
Iteration: 6
  Device: "mos_light"	RelError: 2.13874e-09	AbsError: 4.13170e+05
    Region: "bulk"	RelError: 2.13861e-09	AbsError: 4.13170e+05
      Equation: "ElectronContinuityEquation"	RelError: 5.23962e-11	AbsError: 4.13047e+05
      Equation: "HoleContinuityEquation"	RelError: 2.08281e-09	AbsError: 1.22882e+02
      Equation: "PotentialEquation"	RelError: 3.39622e-12	AbsError: 4.52873e-14
    Region: "oxide"	RelError: 1.35246e-13	AbsError: 9.38249e-17
      Equation: "PotentialEquation"	RelError: 1.35246e-13	AbsError: 9.38249e-17
number of equations 7095
Iteration: 0
  Device: "mos_light"	RelError: 2.07604e+03	AbsError: 7.66424e+16
    Region: "bulk"	RelError: 2.07519e+03	AbsError: 7.66424e+16
      Equation: "ElectronContinuityEquation"	RelError: 9.99000e+02	AbsError: 7.47055e+16
      Equation: "HoleContinuityEquation"	RelError: 9.99000e+02	AbsError: 1.93696e+15
      Equation: "PotentialEquation"	RelError: 7.71911e+01	AbsError: 4.09542e-02
    Region: "oxide"	RelError: 8.47547e-01	AbsError: 1.83661e-02
      Equation: "PotentialEquation"	RelError: 8.47547e-01	AbsError: 1.83661e-02
Iteration: 1
  Device: "mos_light"	RelError: 2.02694e+03	AbsError: 1.58348e+15
    Region: "bulk"	RelError: 2.02692e+03	AbsError: 1.58348e+15
      Equation: "ElectronContinuityEquation"	RelError: 9.99000e+02	AbsError: 1.33174e+15
      Equation: "HoleContinuityEquation"	RelError: 9.99000e+02	AbsError: 2.51735e+14
      Equation: "PotentialEquation"	RelError: 2.89193e+01	AbsError: 3.07632e-02
    Region: "oxide"	RelError: 2.41073e-02	AbsError: 8.37275e-03
      Equation: "PotentialEquation"	RelError: 2.41073e-02	AbsError: 8.37275e-03
Iteration: 2
  Device: "mos_light"	RelError: 1.83663e+01	AbsError: 8.24116e+13
    Region: "bulk"	RelError: 1.83663e+01	AbsError: 8.24116e+13
      Equation: "ElectronContinuityEquation"	RelError: 9.99997e-01	AbsError: 7.92959e+13
      Equation: "HoleContinuityEquation"	RelError: 1.73309e+01	AbsError: 3.11569e+12
      Equation: "PotentialEquation"	RelError: 3.54201e-02	AbsError: 2.56257e-02
    Region: "oxide"	RelError: 1.61628e-05	AbsError: 9.38627e-08
      Equation: "PotentialEquation"	RelError: 1.61628e-05	AbsError: 9.38627e-08
Iteration: 3
  Device: "mos_light"	RelError: 1.51690e+00	AbsError: 8.96642e+14
    Region: "bulk"	RelError: 1.51682e+00	AbsError: 8.96642e+14
      Equation: "ElectronContinuityEquation"	RelError: 6.66399e-01	AbsError: 8.96221e+14
      Equation: "HoleContinuityEquation"	RelError: 8.43357e-01	AbsError: 4.21712e+11
      Equation: "PotentialEquation"	RelError: 7.06009e-03	AbsError: 9.16551e-03
    Region: "oxide"	RelError: 8.26864e-05	AbsError: 3.77066e-07
      Equation: "PotentialEquation"	RelError: 8.26864e-05	AbsError: 3.77066e-07
Iteration: 4
  Device: "mos_light"	RelError: 1.35295e-01	AbsError: 9.60293e+14
    Region: "bulk"	RelError: 1.35195e-01	AbsError: 9.60293e+14
      Equation: "ElectronContinuityEquation"	RelError: 6.67272e-02	AbsError: 9.59765e+14
      Equation: "HoleContinuityEquation"	RelError: 5.89982e-02	AbsError: 5.28110e+11
      Equation: "PotentialEquation"	RelError: 9.46971e-03	AbsError: 1.15530e-04
    Region: "oxide"	RelError: 1.00299e-04	AbsError: 4.61782e-07
      Equation: "PotentialEquation"	RelError: 1.00299e-04	AbsError: 4.61782e-07
Iteration: 5
  Device: "mos_light"	RelError: 4.10961e-03	AbsError: 6.20576e+11
    Region: "bulk"	RelError: 4.10956e-03	AbsError: 6.20576e+11
      Equation: "ElectronContinuityEquation"	RelError: 7.30625e-05	AbsError: 6.20367e+11
      Equation: "HoleContinuityEquation"	RelError: 4.03439e-03	AbsError: 2.09428e+08
      Equation: "PotentialEquation"	RelError: 2.11282e-06	AbsError: 7.01367e-08
    Region: "oxide"	RelError: 4.12832e-08	AbsError: 1.87739e-10
      Equation: "PotentialEquation"	RelError: 4.12832e-08	AbsError: 1.87739e-10
Iteration: 6
  Device: "mos_light"	RelError: 1.84794e-09	AbsError: 2.45193e+05
    Region: "bulk"	RelError: 1.84793e-09	AbsError: 2.45193e+05
      Equation: "ElectronContinuityEquation"	RelError: 3.43577e-11	AbsError: 2.45126e+05
      Equation: "HoleContinuityEquation"	RelError: 1.81289e-09	AbsError: 6.76603e+01
      Equation: "PotentialEquation"	RelError: 6.88146e-13	AbsError: 2.68444e-14
    Region: "oxide"	RelError: 1.22890e-14	AbsError: 5.56439e-17
      Equation: "PotentialEquation"	RelError: 1.22890e-14	AbsError: 5.56439e-17
number of equations 7095
Iteration: 0
  Device: "mos_light"	RelError: 2.06931e+03	AbsError: 7.40110e+16
    Region: "bulk"	RelError: 2.06849e+03	AbsError: 7.40110e+16
      Equation: "ElectronContinuityEquation"	RelError: 9.99000e+02	AbsError: 7.19574e+16
      Equation: "HoleContinuityEquation"	RelError: 9.99000e+02	AbsError: 2.05356e+15
      Equation: "PotentialEquation"	RelError: 7.04902e+01	AbsError: 4.09542e-02
    Region: "oxide"	RelError: 8.22074e-01	AbsError: 1.83709e-02
      Equation: "PotentialEquation"	RelError: 8.22074e-01	AbsError: 1.83709e-02
Iteration: 1
  Device: "mos_light"	RelError: 2.37072e+03	AbsError: 1.57196e+15
    Region: "bulk"	RelError: 2.37070e+03	AbsError: 1.57196e+15
      Equation: "ElectronContinuityEquation"	RelError: 9.99000e+02	AbsError: 1.34806e+15
      Equation: "HoleContinuityEquation"	RelError: 9.99000e+02	AbsError: 2.23895e+14
      Equation: "PotentialEquation"	RelError: 3.72699e+02	AbsError: 3.07632e-02
    Region: "oxide"	RelError: 2.23955e-02	AbsError: 8.37725e-03
      Equation: "PotentialEquation"	RelError: 2.23955e-02	AbsError: 8.37725e-03
Iteration: 2
  Device: "mos_light"	RelError: 2.22547e+01	AbsError: 7.47607e+13
    Region: "bulk"	RelError: 2.22547e+01	AbsError: 7.47607e+13
      Equation: "ElectronContinuityEquation"	RelError: 9.99998e-01	AbsError: 6.93118e+13
      Equation: "HoleContinuityEquation"	RelError: 2.11844e+01	AbsError: 5.44895e+12
      Equation: "PotentialEquation"	RelError: 7.03015e-02	AbsError: 2.56019e-02
    Region: "oxide"	RelError: 1.44017e-05	AbsError: 8.22539e-08
      Equation: "PotentialEquation"	RelError: 1.44017e-05	AbsError: 8.22539e-08
Iteration: 3
  Device: "mos_light"	RelError: 1.70041e+00	AbsError: 7.71128e+14
    Region: "bulk"	RelError: 1.70035e+00	AbsError: 7.71128e+14
      Equation: "ElectronContinuityEquation"	RelError: 5.56239e-01	AbsError: 7.70799e+14
      Equation: "HoleContinuityEquation"	RelError: 8.69091e-01	AbsError: 3.28419e+11
      Equation: "PotentialEquation"	RelError: 2.75017e-01	AbsError: 9.16547e-03
    Region: "oxide"	RelError: 6.69924e-05	AbsError: 3.11216e-07
      Equation: "PotentialEquation"	RelError: 6.69924e-05	AbsError: 3.11216e-07
Iteration: 4
  Device: "mos_light"	RelError: 3.75521e-01	AbsError: 8.26674e+14
    Region: "bulk"	RelError: 3.75439e-01	AbsError: 8.26674e+14
      Equation: "ElectronContinuityEquation"	RelError: 6.73963e-02	AbsError: 8.26248e+14
      Equation: "HoleContinuityEquation"	RelError: 5.41729e-02	AbsError: 4.26008e+11
      Equation: "PotentialEquation"	RelError: 2.53870e-01	AbsError: 9.89043e-05
    Region: "oxide"	RelError: 8.25050e-05	AbsError: 3.87749e-07
      Equation: "PotentialEquation"	RelError: 8.25050e-05	AbsError: 3.87749e-07
Iteration: 5
  Device: "mos_light"	RelError: 3.42631e-03	AbsError: 4.64836e+11
    Region: "bulk"	RelError: 3.42628e-03	AbsError: 4.64836e+11
      Equation: "ElectronContinuityEquation"	RelError: 6.51745e-05	AbsError: 4.64688e+11
      Equation: "HoleContinuityEquation"	RelError: 3.26682e-03	AbsError: 1.47370e+08
      Equation: "PotentialEquation"	RelError: 9.42864e-05	AbsError: 5.23598e-08
    Region: "oxide"	RelError: 2.96071e-08	AbsError: 1.37580e-10
      Equation: "PotentialEquation"	RelError: 2.96071e-08	AbsError: 1.37580e-10
Iteration: 6
  Device: "mos_light"	RelError: 1.44903e-09	AbsError: 1.38599e+05
    Region: "bulk"	RelError: 1.44902e-09	AbsError: 1.38599e+05
      Equation: "ElectronContinuityEquation"	RelError: 2.14368e-11	AbsError: 1.38563e+05
      Equation: "HoleContinuityEquation"	RelError: 1.40475e-09	AbsError: 3.61672e+01
      Equation: "PotentialEquation"	RelError: 2.28288e-11	AbsError: 1.51672e-14
    Region: "oxide"	RelError: 6.83002e-15	AbsError: 3.16530e-17
      Equation: "PotentialEquation"	RelError: 6.83002e-15	AbsError: 3.16530e-17
number of equations 7095
Iteration: 0
  Device: "mos_light"	RelError: 3.31975e+03	AbsError: 7.11809e+16
    Region: "bulk"	RelError: 3.31467e+03	AbsError: 7.11809e+16
      Equation: "ElectronContinuityEquation"	RelError: 9.99000e+02	AbsError: 6.91525e+16
      Equation: "HoleContinuityEquation"	RelError: 2.30911e+03	AbsError: 2.02836e+15
      Equation: "PotentialEquation"	RelError: 6.56536e+00	AbsError: 4.09542e-02
    Region: "oxide"	RelError: 5.08094e+00	AbsError: 1.83752e-02
      Equation: "PotentialEquation"	RelError: 5.08094e+00	AbsError: 1.83752e-02
Iteration: 1
  Device: "mos_light"	RelError: 1.01789e+03	AbsError: 1.55001e+15
    Region: "bulk"	RelError: 1.01787e+03	AbsError: 1.55001e+15
      Equation: "ElectronContinuityEquation"	RelError: 9.99000e+02	AbsError: 1.36448e+15
      Equation: "HoleContinuityEquation"	RelError: 6.53245e+00	AbsError: 1.85531e+14
      Equation: "PotentialEquation"	RelError: 1.23337e+01	AbsError: 3.07632e-02
    Region: "oxide"	RelError: 2.83337e-02	AbsError: 8.38138e-03
      Equation: "PotentialEquation"	RelError: 2.83337e-02	AbsError: 8.38138e-03
Iteration: 2
  Device: "mos_light"	RelError: 8.57623e+00	AbsError: 6.49255e+13
    Region: "bulk"	RelError: 8.57615e+00	AbsError: 6.49255e+13
      Equation: "ElectronContinuityEquation"	RelError: 9.99998e-01	AbsError: 6.18634e+13
      Equation: "HoleContinuityEquation"	RelError: 7.54370e+00	AbsError: 3.06217e+12
      Equation: "PotentialEquation"	RelError: 3.24549e-02	AbsError: 2.55841e-02
    Region: "oxide"	RelError: 8.56517e-05	AbsError: 7.62249e-08
      Equation: "PotentialEquation"	RelError: 8.56517e-05	AbsError: 7.62249e-08
Iteration: 3
  Device: "mos_light"	RelError: 1.11935e+00	AbsError: 6.59503e+14
    Region: "bulk"	RelError: 1.11900e+00	AbsError: 6.59503e+14
      Equation: "ElectronContinuityEquation"	RelError: 4.18235e-01	AbsError: 6.59249e+14
      Equation: "HoleContinuityEquation"	RelError: 6.94689e-01	AbsError: 2.54060e+11
      Equation: "PotentialEquation"	RelError: 6.07336e-03	AbsError: 9.16544e-03
    Region: "oxide"	RelError: 3.48000e-04	AbsError: 2.54940e-07
      Equation: "PotentialEquation"	RelError: 3.48000e-04	AbsError: 2.54940e-07
Iteration: 4
  Device: "mos_light"	RelError: 1.17089e-01	AbsError: 7.07486e+14
    Region: "bulk"	RelError: 1.16652e-01	AbsError: 7.07486e+14
      Equation: "ElectronContinuityEquation"	RelError: 6.79903e-02	AbsError: 7.07146e+14
      Equation: "HoleContinuityEquation"	RelError: 4.27531e-02	AbsError: 3.40638e+11
      Equation: "PotentialEquation"	RelError: 5.90818e-03	AbsError: 8.42341e-05
    Region: "oxide"	RelError: 4.37200e-04	AbsError: 3.25273e-07
      Equation: "PotentialEquation"	RelError: 4.37200e-04	AbsError: 3.25273e-07
Iteration: 5
  Device: "mos_light"	RelError: 2.02961e-03	AbsError: 3.41987e+11
    Region: "bulk"	RelError: 2.02947e-03	AbsError: 3.41987e+11
      Equation: "ElectronContinuityEquation"	RelError: 5.76060e-05	AbsError: 3.41885e+11
      Equation: "HoleContinuityEquation"	RelError: 1.97024e-03	AbsError: 1.01971e+08
      Equation: "PotentialEquation"	RelError: 1.62734e-06	AbsError: 3.84191e-08
    Region: "oxide"	RelError: 1.35190e-07	AbsError: 9.95050e-11
      Equation: "PotentialEquation"	RelError: 1.35190e-07	AbsError: 9.95050e-11
Iteration: 6
  Device: "mos_light"	RelError: 9.65243e-10	AbsError: 7.51863e+04
    Region: "bulk"	RelError: 9.65219e-10	AbsError: 7.51863e+04
      Equation: "ElectronContinuityEquation"	RelError: 1.39724e-11	AbsError: 7.51675e+04
      Equation: "HoleContinuityEquation"	RelError: 9.50943e-10	AbsError: 1.88660e+01
      Equation: "PotentialEquation"	RelError: 3.03917e-13	AbsError: 8.22767e-15
    Region: "oxide"	RelError: 2.35989e-14	AbsError: 1.73542e-17
      Equation: "PotentialEquation"	RelError: 2.35989e-14	AbsError: 1.73542e-17
number of equations 7095
Iteration: 0
  Device: "mos_light"	RelError: 2.08078e+03	AbsError: 6.81521e+16
    Region: "bulk"	RelError: 2.07955e+03	AbsError: 6.81521e+16
      Equation: "ElectronContinuityEquation"	RelError: 9.99000e+02	AbsError: 6.62934e+16
      Equation: "HoleContinuityEquation"	RelError: 9.99000e+02	AbsError: 1.85865e+15
      Equation: "PotentialEquation"	RelError: 8.15451e+01	AbsError: 4.09542e-02
    Region: "oxide"	RelError: 1.23366e+00	AbsError: 1.83793e-02
      Equation: "PotentialEquation"	RelError: 1.23366e+00	AbsError: 1.83793e-02
Iteration: 1
  Device: "mos_light"	RelError: 1.00226e+03	AbsError: 1.54387e+15
    Region: "bulk"	RelError: 1.00224e+03	AbsError: 1.54387e+15
      Equation: "ElectronContinuityEquation"	RelError: 9.99000e+02	AbsError: 1.38092e+15
      Equation: "HoleContinuityEquation"	RelError: 9.98150e-01	AbsError: 1.62956e+14
      Equation: "PotentialEquation"	RelError: 2.24582e+00	AbsError: 3.07632e-02
    Region: "oxide"	RelError: 1.96107e-02	AbsError: 8.38516e-03
      Equation: "PotentialEquation"	RelError: 1.96107e-02	AbsError: 8.38516e-03
Iteration: 2
  Device: "mos_light"	RelError: 4.61245e+00	AbsError: 5.71647e+13
    Region: "bulk"	RelError: 4.61243e+00	AbsError: 5.71647e+13
      Equation: "ElectronContinuityEquation"	RelError: 9.99997e-01	AbsError: 5.54446e+13
      Equation: "HoleContinuityEquation"	RelError: 3.58485e+00	AbsError: 1.72016e+12
      Equation: "PotentialEquation"	RelError: 2.75803e-02	AbsError: 2.55714e-02
    Region: "oxide"	RelError: 1.89349e-05	AbsError: 7.10482e-08
      Equation: "PotentialEquation"	RelError: 1.89349e-05	AbsError: 7.10482e-08
Iteration: 3
  Device: "mos_light"	RelError: 7.59970e-01	AbsError: 5.61382e+14
    Region: "bulk"	RelError: 7.59903e-01	AbsError: 5.61382e+14
      Equation: "ElectronContinuityEquation"	RelError: 2.56653e-01	AbsError: 5.61182e+14
      Equation: "HoleContinuityEquation"	RelError: 4.97574e-01	AbsError: 1.99672e+11
      Equation: "PotentialEquation"	RelError: 5.67647e-03	AbsError: 9.16542e-03
    Region: "oxide"	RelError: 6.65863e-05	AbsError: 2.07942e-07
      Equation: "PotentialEquation"	RelError: 6.65863e-05	AbsError: 2.07942e-07
Iteration: 4
  Device: "mos_light"	RelError: 1.08980e-01	AbsError: 6.02482e+14
    Region: "bulk"	RelError: 1.08895e-01	AbsError: 6.02482e+14
      Equation: "ElectronContinuityEquation"	RelError: 6.85193e-02	AbsError: 6.02207e+14
      Equation: "HoleContinuityEquation"	RelError: 3.48416e-02	AbsError: 2.75679e+11
      Equation: "PotentialEquation"	RelError: 5.53366e-03	AbsError: 7.14262e-05
    Region: "oxide"	RelError: 8.59043e-05	AbsError: 2.72731e-07
      Equation: "PotentialEquation"	RelError: 8.59043e-05	AbsError: 2.72731e-07
Iteration: 5
  Device: "mos_light"	RelError: 1.87064e-03	AbsError: 2.47837e+11
    Region: "bulk"	RelError: 1.87061e-03	AbsError: 2.47837e+11
      Equation: "ElectronContinuityEquation"	RelError: 5.04092e-05	AbsError: 2.47768e+11
      Equation: "HoleContinuityEquation"	RelError: 1.81873e-03	AbsError: 6.94467e+07
      Equation: "PotentialEquation"	RelError: 1.47139e-06	AbsError: 2.77831e-08
    Region: "oxide"	RelError: 2.26604e-08	AbsError: 7.11865e-11
      Equation: "PotentialEquation"	RelError: 2.26604e-08	AbsError: 7.11865e-11
Iteration: 6
  Device: "mos_light"	RelError: 5.51923e-10	AbsError: 3.94012e+04
    Region: "bulk"	RelError: 5.51920e-10	AbsError: 3.94012e+04
      Equation: "ElectronContinuityEquation"	RelError: 8.89327e-12	AbsError: 3.93917e+04
      Equation: "HoleContinuityEquation"	RelError: 5.42836e-10	AbsError: 9.50976e+00
      Equation: "PotentialEquation"	RelError: 1.90864e-13	AbsError: 4.31282e-15
    Region: "oxide"	RelError: 2.93109e-15	AbsError: 9.21792e-18
      Equation: "PotentialEquation"	RelError: 2.93109e-15	AbsError: 9.21792e-18
number of equations 7095
Iteration: 0
  Device: "mos_light"	RelError: 3.04156e+03	AbsError: 6.79480e+16
    Region: "bulk"	RelError: 3.03598e+03	AbsError: 6.79480e+16
      Equation: "ElectronContinuityEquation"	RelError: 9.99000e+02	AbsError: 6.62248e+16
      Equation: "HoleContinuityEquation"	RelError: 9.99000e+02	AbsError: 1.72319e+15
      Equation: "PotentialEquation"	RelError: 1.03798e+03	AbsError: 4.09542e-02
    Region: "oxide"	RelError: 5.57465e+00	AbsError: 1.83829e-02
      Equation: "PotentialEquation"	RelError: 5.57465e+00	AbsError: 1.83829e-02
Iteration: 1
  Device: "mos_light"	RelError: 1.00816e+03	AbsError: 1.57535e+15
    Region: "bulk"	RelError: 1.00812e+03	AbsError: 1.57535e+15
      Equation: "ElectronContinuityEquation"	RelError: 9.99000e+02	AbsError: 1.39752e+15
      Equation: "HoleContinuityEquation"	RelError: 9.98528e-01	AbsError: 1.77826e+14
      Equation: "PotentialEquation"	RelError: 8.11970e+00	AbsError: 3.07632e-02
    Region: "oxide"	RelError: 3.75773e-02	AbsError: 8.38863e-03
      Equation: "PotentialEquation"	RelError: 3.75773e-02	AbsError: 8.38863e-03
Iteration: 2
  Device: "mos_light"	RelError: 4.71009e+00	AbsError: 5.02107e+13
    Region: "bulk"	RelError: 4.71001e+00	AbsError: 5.02107e+13
      Equation: "ElectronContinuityEquation"	RelError: 9.99581e-01	AbsError: 4.93142e+13
      Equation: "HoleContinuityEquation"	RelError: 3.68633e+00	AbsError: 8.96587e+11
      Equation: "PotentialEquation"	RelError: 2.40928e-02	AbsError: 2.55630e-02
    Region: "oxide"	RelError: 8.46297e-05	AbsError: 6.57177e-08
      Equation: "PotentialEquation"	RelError: 8.46297e-05	AbsError: 6.57177e-08
Iteration: 3
  Device: "mos_light"	RelError: 7.23585e-01	AbsError: 4.75966e+14
    Region: "bulk"	RelError: 7.23297e-01	AbsError: 4.75966e+14
      Equation: "ElectronContinuityEquation"	RelError: 2.13628e-01	AbsError: 4.75810e+14
      Equation: "HoleContinuityEquation"	RelError: 5.01139e-01	AbsError: 1.56072e+11
      Equation: "PotentialEquation"	RelError: 8.53000e-03	AbsError: 9.16541e-03
    Region: "oxide"	RelError: 2.88188e-04	AbsError: 1.68338e-07
      Equation: "PotentialEquation"	RelError: 2.88188e-04	AbsError: 1.68338e-07
Iteration: 4
  Device: "mos_light"	RelError: 1.22180e-01	AbsError: 5.10921e+14
    Region: "bulk"	RelError: 1.21797e-01	AbsError: 5.10921e+14
      Equation: "ElectronContinuityEquation"	RelError: 6.89887e-02	AbsError: 5.10702e+14
      Equation: "HoleContinuityEquation"	RelError: 4.14739e-02	AbsError: 2.19659e+11
      Equation: "PotentialEquation"	RelError: 1.13347e-02	AbsError: 6.03443e-05
    Region: "oxide"	RelError: 3.82793e-04	AbsError: 2.28709e-07
      Equation: "PotentialEquation"	RelError: 3.82793e-04	AbsError: 2.28709e-07
Iteration: 5
  Device: "mos_light"	RelError: 2.28288e-03	AbsError: 1.77365e+11
    Region: "bulk"	RelError: 2.28279e-03	AbsError: 1.77365e+11
      Equation: "ElectronContinuityEquation"	RelError: 4.34704e-05	AbsError: 1.77317e+11
      Equation: "HoleContinuityEquation"	RelError: 2.23677e-03	AbsError: 4.77924e+07
      Equation: "PotentialEquation"	RelError: 2.55656e-06	AbsError: 1.98494e-08
    Region: "oxide"	RelError: 8.56893e-08	AbsError: 5.04713e-11
      Equation: "PotentialEquation"	RelError: 8.56893e-08	AbsError: 5.04713e-11
Iteration: 6
  Device: "mos_light"	RelError: 2.58173e-10	AbsError: 2.00629e+04
    Region: "bulk"	RelError: 2.58165e-10	AbsError: 2.00629e+04
      Equation: "ElectronContinuityEquation"	RelError: 5.51469e-12	AbsError: 2.00582e+04
      Equation: "HoleContinuityEquation"	RelError: 2.52409e-10	AbsError: 4.68857e+00
      Equation: "PotentialEquation"	RelError: 2.41322e-13	AbsError: 2.19700e-15
    Region: "oxide"	RelError: 8.06663e-15	AbsError: 4.76363e-18
      Equation: "PotentialEquation"	RelError: 8.06663e-15	AbsError: 4.76363e-18
number of equations 7095
Iteration: 0
  Device: "mos_light"	RelError: 2.02187e+03	AbsError: 6.92349e+16
    Region: "bulk"	RelError: 2.02066e+03	AbsError: 6.92349e+16
      Equation: "ElectronContinuityEquation"	RelError: 9.99000e+02	AbsError: 6.76101e+16
      Equation: "HoleContinuityEquation"	RelError: 9.99000e+02	AbsError: 1.62481e+15
      Equation: "PotentialEquation"	RelError: 2.26622e+01	AbsError: 4.09542e-02
    Region: "oxide"	RelError: 1.20588e+00	AbsError: 1.83863e-02
      Equation: "PotentialEquation"	RelError: 1.20588e+00	AbsError: 1.83863e-02
Iteration: 1
  Device: "mos_light"	RelError: 1.00451e+03	AbsError: 1.59582e+15
    Region: "bulk"	RelError: 1.00449e+03	AbsError: 1.59582e+15
      Equation: "ElectronContinuityEquation"	RelError: 9.99000e+02	AbsError: 1.41361e+15
      Equation: "HoleContinuityEquation"	RelError: 9.98367e-01	AbsError: 1.82213e+14
      Equation: "PotentialEquation"	RelError: 4.48941e+00	AbsError: 3.07632e-02
    Region: "oxide"	RelError: 1.74419e-02	AbsError: 8.39181e-03
      Equation: "PotentialEquation"	RelError: 1.74419e-02	AbsError: 8.39181e-03
Iteration: 2
  Device: "mos_light"	RelError: 3.32321e+00	AbsError: 4.48197e+13
    Region: "bulk"	RelError: 3.32319e+00	AbsError: 4.48197e+13
      Equation: "ElectronContinuityEquation"	RelError: 9.99212e-01	AbsError: 4.40092e+13
      Equation: "HoleContinuityEquation"	RelError: 2.30252e+00	AbsError: 8.10514e+11
      Equation: "PotentialEquation"	RelError: 2.14588e-02	AbsError: 2.55583e-02
    Region: "oxide"	RelError: 1.68832e-05	AbsError: 6.25672e-08
      Equation: "PotentialEquation"	RelError: 1.68832e-05	AbsError: 6.25672e-08
Iteration: 3
  Device: "mos_light"	RelError: 5.60894e-01	AbsError: 4.02216e+14
    Region: "bulk"	RelError: 5.60847e-01	AbsError: 4.02216e+14
      Equation: "ElectronContinuityEquation"	RelError: 1.74894e-01	AbsError: 4.02097e+14
      Equation: "HoleContinuityEquation"	RelError: 3.80912e-01	AbsError: 1.19604e+11
      Equation: "PotentialEquation"	RelError: 5.04027e-03	AbsError: 9.16540e-03
    Region: "oxide"	RelError: 4.79407e-05	AbsError: 1.34871e-07
      Equation: "PotentialEquation"	RelError: 4.79407e-05	AbsError: 1.34871e-07
Iteration: 4
  Device: "mos_light"	RelError: 1.18125e-01	AbsError: 4.31776e+14
    Region: "bulk"	RelError: 1.18058e-01	AbsError: 4.31776e+14
      Equation: "ElectronContinuityEquation"	RelError: 6.93956e-02	AbsError: 4.31601e+14
      Equation: "HoleContinuityEquation"	RelError: 4.72243e-02	AbsError: 1.75183e+11
      Equation: "PotentialEquation"	RelError: 1.43823e-03	AbsError: 5.08281e-05
    Region: "oxide"	RelError: 6.63530e-05	AbsError: 1.91960e-07
      Equation: "PotentialEquation"	RelError: 6.63530e-05	AbsError: 1.91960e-07
Iteration: 5
  Device: "mos_light"	RelError: 2.63716e-03	AbsError: 1.25622e+11
    Region: "bulk"	RelError: 2.63715e-03	AbsError: 1.25622e+11
      Equation: "ElectronContinuityEquation"	RelError: 3.63740e-05	AbsError: 1.25590e+11
      Equation: "HoleContinuityEquation"	RelError: 2.60051e-03	AbsError: 3.16521e+07
      Equation: "PotentialEquation"	RelError: 2.69792e-07	AbsError: 1.40401e-08
    Region: "oxide"	RelError: 1.24643e-08	AbsError: 3.55224e-11
      Equation: "PotentialEquation"	RelError: 1.24643e-08	AbsError: 3.55224e-11
Iteration: 6
  Device: "mos_light"	RelError: 9.77121e-11	AbsError: 9.97642e+03
    Region: "bulk"	RelError: 9.77113e-11	AbsError: 9.97642e+03
      Equation: "ElectronContinuityEquation"	RelError: 3.28684e-12	AbsError: 9.97421e+03
      Equation: "HoleContinuityEquation"	RelError: 9.44063e-11	AbsError: 2.21660e+00
      Equation: "PotentialEquation"	RelError: 1.81820e-14	AbsError: 1.09305e-15
    Region: "oxide"	RelError: 8.40190e-16	AbsError: 2.40592e-18
      Equation: "PotentialEquation"	RelError: 8.40190e-16	AbsError: 2.40592e-18
number of equations 7095
Iteration: 0
  Device: "mos_light"	RelError: 2.00354e+03	AbsError: 7.06597e+16
    Region: "bulk"	RelError: 2.00299e+03	AbsError: 7.06597e+16
      Equation: "ElectronContinuityEquation"	RelError: 9.99000e+02	AbsError: 6.90454e+16
      Equation: "HoleContinuityEquation"	RelError: 9.99000e+02	AbsError: 1.61440e+15
      Equation: "PotentialEquation"	RelError: 4.99364e+00	AbsError: 4.09542e-02
    Region: "oxide"	RelError: 5.47815e-01	AbsError: 1.83894e-02
      Equation: "PotentialEquation"	RelError: 5.47815e-01	AbsError: 1.83894e-02
Iteration: 1
  Device: "mos_light"	RelError: 1.30208e+03	AbsError: 1.58660e+15
    Region: "bulk"	RelError: 1.30206e+03	AbsError: 1.58660e+15
      Equation: "ElectronContinuityEquation"	RelError: 1.29761e+03	AbsError: 1.42758e+15
      Equation: "HoleContinuityEquation"	RelError: 9.98227e-01	AbsError: 1.59026e+14
      Equation: "PotentialEquation"	RelError: 3.45316e+00	AbsError: 3.07632e-02
    Region: "oxide"	RelError: 1.65279e-02	AbsError: 8.39473e-03
      Equation: "PotentialEquation"	RelError: 1.65279e-02	AbsError: 8.39473e-03
Iteration: 2
  Device: "mos_light"	RelError: 2.31157e+00	AbsError: 4.51951e+13
    Region: "bulk"	RelError: 2.31156e+00	AbsError: 4.51951e+13
      Equation: "ElectronContinuityEquation"	RelError: 9.99614e-01	AbsError: 4.45562e+13
      Equation: "HoleContinuityEquation"	RelError: 1.29257e+00	AbsError: 6.38901e+11
      Equation: "PotentialEquation"	RelError: 1.93724e-02	AbsError: 2.55564e-02
    Region: "oxide"	RelError: 7.48259e-06	AbsError: 6.03436e-08
      Equation: "PotentialEquation"	RelError: 7.48259e-06	AbsError: 6.03436e-08
Iteration: 3
  Device: "mos_light"	RelError: 3.94483e-01	AbsError: 3.38971e+14
    Region: "bulk"	RelError: 3.94466e-01	AbsError: 3.38971e+14
      Equation: "ElectronContinuityEquation"	RelError: 1.51703e-01	AbsError: 3.38878e+14
      Equation: "HoleContinuityEquation"	RelError: 2.37986e-01	AbsError: 9.28849e+10
      Equation: "PotentialEquation"	RelError: 4.77754e-03	AbsError: 9.16539e-03
    Region: "oxide"	RelError: 1.74021e-05	AbsError: 1.06648e-07
      Equation: "PotentialEquation"	RelError: 1.74021e-05	AbsError: 1.06648e-07
Iteration: 4
  Device: "mos_light"	RelError: 1.22046e-01	AbsError: 3.63851e+14
    Region: "bulk"	RelError: 1.22021e-01	AbsError: 3.63851e+14
      Equation: "ElectronContinuityEquation"	RelError: 6.97166e-02	AbsError: 3.63710e+14
      Equation: "HoleContinuityEquation"	RelError: 5.14709e-02	AbsError: 1.40248e+11
      Equation: "PotentialEquation"	RelError: 8.33493e-04	AbsError: 4.27072e-05
    Region: "oxide"	RelError: 2.53674e-05	AbsError: 1.61379e-07
      Equation: "PotentialEquation"	RelError: 2.53674e-05	AbsError: 1.61379e-07
Iteration: 5
  Device: "mos_light"	RelError: 2.89274e-03	AbsError: 8.82225e+10
    Region: "bulk"	RelError: 2.89274e-03	AbsError: 8.82225e+10
      Equation: "ElectronContinuityEquation"	RelError: 3.11599e-05	AbsError: 8.82010e+10
      Equation: "HoleContinuityEquation"	RelError: 2.86146e-03	AbsError: 2.15306e+07
      Equation: "PotentialEquation"	RelError: 1.14307e-07	AbsError: 9.84984e-09
    Region: "oxide"	RelError: 3.97117e-09	AbsError: 2.48855e-11
      Equation: "PotentialEquation"	RelError: 3.97117e-09	AbsError: 2.48855e-11
Iteration: 6
  Device: "mos_light"	RelError: 3.08176e-11	AbsError: 4.86553e+03
    Region: "bulk"	RelError: 3.08174e-11	AbsError: 4.86553e+03
      Equation: "ElectronContinuityEquation"	RelError: 1.80663e-12	AbsError: 4.86448e+03
      Equation: "HoleContinuityEquation"	RelError: 2.90052e-11	AbsError: 1.05331e+00
      Equation: "PotentialEquation"	RelError: 5.57232e-15	AbsError: 5.33389e-16
    Region: "oxide"	RelError: 1.89177e-16	AbsError: 1.19207e-18
      Equation: "PotentialEquation"	RelError: 1.89177e-16	AbsError: 1.19207e-18
number of equations 7095
Iteration: 0
  Device: "mos_light"	RelError: 2.00798e+03	AbsError: 7.21416e+16
    Region: "bulk"	RelError: 2.00734e+03	AbsError: 7.21416e+16
      Equation: "ElectronContinuityEquation"	RelError: 9.99000e+02	AbsError: 7.05230e+16
      Equation: "HoleContinuityEquation"	RelError: 9.99000e+02	AbsError: 1.61865e+15
      Equation: "PotentialEquation"	RelError: 9.34024e+00	AbsError: 4.09542e-02
    Region: "oxide"	RelError: 6.36204e-01	AbsError: 1.83922e-02
      Equation: "PotentialEquation"	RelError: 6.36204e-01	AbsError: 1.83922e-02
Iteration: 1
  Device: "mos_light"	RelError: 1.00997e+03	AbsError: 1.57771e+15
    Region: "bulk"	RelError: 1.00996e+03	AbsError: 1.57771e+15
      Equation: "ElectronContinuityEquation"	RelError: 9.99000e+02	AbsError: 1.43803e+15
      Equation: "HoleContinuityEquation"	RelError: 9.98289e-01	AbsError: 1.39678e+14
      Equation: "PotentialEquation"	RelError: 9.95891e+00	AbsError: 3.07632e-02
    Region: "oxide"	RelError: 1.57048e-02	AbsError: 8.39740e-03
      Equation: "PotentialEquation"	RelError: 1.57048e-02	AbsError: 8.39740e-03
Iteration: 2
  Device: "mos_light"	RelError: 2.43354e+00	AbsError: 4.86349e+13
    Region: "bulk"	RelError: 2.43354e+00	AbsError: 4.86349e+13
      Equation: "ElectronContinuityEquation"	RelError: 9.99322e-01	AbsError: 4.81561e+13
      Equation: "HoleContinuityEquation"	RelError: 1.41656e+00	AbsError: 4.78723e+11
      Equation: "PotentialEquation"	RelError: 1.76530e-02	AbsError: 2.55566e-02
    Region: "oxide"	RelError: 8.51979e-06	AbsError: 5.85748e-08
      Equation: "PotentialEquation"	RelError: 8.51979e-06	AbsError: 5.85748e-08
Iteration: 3
  Device: "mos_light"	RelError: 1.99790e-01	AbsError: 2.85023e+14
    Region: "bulk"	RelError: 1.99774e-01	AbsError: 2.85023e+14
      Equation: "ElectronContinuityEquation"	RelError: 1.31625e-01	AbsError: 2.84953e+14
      Equation: "HoleContinuityEquation"	RelError: 6.36082e-02	AbsError: 7.02115e+10
      Equation: "PotentialEquation"	RelError: 4.54084e-03	AbsError: 9.16538e-03
    Region: "oxide"	RelError: 1.59772e-05	AbsError: 8.28679e-08
      Equation: "PotentialEquation"	RelError: 1.59772e-05	AbsError: 8.28679e-08
Iteration: 4
  Device: "mos_light"	RelError: 1.26097e-01	AbsError: 3.05892e+14
    Region: "bulk"	RelError: 1.26072e-01	AbsError: 3.05892e+14
      Equation: "ElectronContinuityEquation"	RelError: 6.98970e-02	AbsError: 3.05779e+14
      Equation: "HoleContinuityEquation"	RelError: 5.39749e-02	AbsError: 1.12993e+11
      Equation: "PotentialEquation"	RelError: 2.19974e-03	AbsError: 3.58123e-05
    Region: "oxide"	RelError: 2.48960e-05	AbsError: 1.36002e-07
      Equation: "PotentialEquation"	RelError: 2.48960e-05	AbsError: 1.36002e-07
Iteration: 5
  Device: "mos_light"	RelError: 3.02228e-03	AbsError: 6.15299e+10
    Region: "bulk"	RelError: 3.02227e-03	AbsError: 6.15299e+10
      Equation: "ElectronContinuityEquation"	RelError: 2.68750e-05	AbsError: 6.15158e+10
      Equation: "HoleContinuityEquation"	RelError: 2.99513e-03	AbsError: 1.40824e+07
      Equation: "PotentialEquation"	RelError: 2.62726e-07	AbsError: 6.86415e-09
    Region: "oxide"	RelError: 3.22724e-09	AbsError: 1.73505e-11
      Equation: "PotentialEquation"	RelError: 3.22724e-09	AbsError: 1.73505e-11
Iteration: 6
  Device: "mos_light"	RelError: 2.13256e-11	AbsError: 2.33571e+03
    Region: "bulk"	RelError: 2.13255e-11	AbsError: 2.33571e+03
      Equation: "ElectronContinuityEquation"	RelError: 9.05609e-13	AbsError: 2.33523e+03
      Equation: "HoleContinuityEquation"	RelError: 2.04110e-11	AbsError: 4.81716e-01
      Equation: "PotentialEquation"	RelError: 8.90027e-15	AbsError: 2.56211e-16
    Region: "oxide"	RelError: 1.07461e-16	AbsError: 5.81356e-19
      Equation: "PotentialEquation"	RelError: 1.07461e-16	AbsError: 5.81356e-19
number of equations 7095
Iteration: 0
  Device: "mos_light"	RelError: 2.26612e+03	AbsError: 7.35775e+16
    Region: "bulk"	RelError: 2.26430e+03	AbsError: 7.35775e+16
      Equation: "ElectronContinuityEquation"	RelError: 9.99000e+02	AbsError: 7.20342e+16
      Equation: "HoleContinuityEquation"	RelError: 1.24479e+03	AbsError: 1.54335e+15
      Equation: "PotentialEquation"	RelError: 2.05185e+01	AbsError: 4.09542e-02
    Region: "oxide"	RelError: 1.81711e+00	AbsError: 1.83947e-02
      Equation: "PotentialEquation"	RelError: 1.81711e+00	AbsError: 1.83947e-02
Iteration: 1
  Device: "mos_light"	RelError: 1.00529e+03	AbsError: 1.56982e+15
    Region: "bulk"	RelError: 1.00528e+03	AbsError: 1.56982e+15
      Equation: "ElectronContinuityEquation"	RelError: 9.99000e+02	AbsError: 1.44410e+15
      Equation: "HoleContinuityEquation"	RelError: 9.98103e-01	AbsError: 1.25725e+14
      Equation: "PotentialEquation"	RelError: 5.27856e+00	AbsError: 3.07632e-02
    Region: "oxide"	RelError: 1.49597e-02	AbsError: 8.39981e-03
      Equation: "PotentialEquation"	RelError: 1.49597e-02	AbsError: 8.39981e-03
Iteration: 2
  Device: "mos_light"	RelError: 2.15531e+00	AbsError: 5.18106e+13
    Region: "bulk"	RelError: 2.15529e+00	AbsError: 5.18106e+13
      Equation: "ElectronContinuityEquation"	RelError: 9.99448e-01	AbsError: 5.14017e+13
      Equation: "HoleContinuityEquation"	RelError: 1.13964e+00	AbsError: 4.08948e+11
      Equation: "PotentialEquation"	RelError: 1.61981e-02	AbsError: 2.55581e-02
    Region: "oxide"	RelError: 2.40741e-05	AbsError: 5.75097e-08
      Equation: "PotentialEquation"	RelError: 2.40741e-05	AbsError: 5.75097e-08
Iteration: 3
  Device: "mos_light"	RelError: 1.55371e-01	AbsError: 2.39210e+14
    Region: "bulk"	RelError: 1.55335e-01	AbsError: 2.39210e+14
      Equation: "ElectronContinuityEquation"	RelError: 1.12359e-01	AbsError: 2.39157e+14
      Equation: "HoleContinuityEquation"	RelError: 3.86496e-02	AbsError: 5.33763e+10
      Equation: "PotentialEquation"	RelError: 4.32649e-03	AbsError: 9.16537e-03
    Region: "oxide"	RelError: 3.53915e-05	AbsError: 6.28345e-08
      Equation: "PotentialEquation"	RelError: 3.53915e-05	AbsError: 6.28345e-08
Iteration: 4
  Device: "mos_light"	RelError: 1.25547e-01	AbsError: 2.56667e+14
    Region: "bulk"	RelError: 1.25487e-01	AbsError: 2.56667e+14
      Equation: "ElectronContinuityEquation"	RelError: 6.97075e-02	AbsError: 2.56575e+14
      Equation: "HoleContinuityEquation"	RelError: 5.47300e-02	AbsError: 9.10414e+10
      Equation: "PotentialEquation"	RelError: 1.04927e-03	AbsError: 2.99819e-05
    Region: "oxide"	RelError: 6.01509e-05	AbsError: 1.14991e-07
      Equation: "PotentialEquation"	RelError: 6.01509e-05	AbsError: 1.14991e-07
Iteration: 5
  Device: "mos_light"	RelError: 3.01336e-03	AbsError: 4.26728e+10
    Region: "bulk"	RelError: 3.01335e-03	AbsError: 4.26728e+10
      Equation: "ElectronContinuityEquation"	RelError: 2.30827e-05	AbsError: 4.26633e+10
      Equation: "HoleContinuityEquation"	RelError: 2.99016e-03	AbsError: 9.48691e+06
      Equation: "PotentialEquation"	RelError: 1.07228e-07	AbsError: 4.75753e-09
    Region: "oxide"	RelError: 6.41753e-09	AbsError: 1.20494e-11
      Equation: "PotentialEquation"	RelError: 6.41753e-09	AbsError: 1.20494e-11
Iteration: 6
  Device: "mos_light"	RelError: 2.17154e-11	AbsError: 1.10696e+03
    Region: "bulk"	RelError: 2.17153e-11	AbsError: 1.10696e+03
      Equation: "ElectronContinuityEquation"	RelError: 5.44022e-13	AbsError: 1.10674e+03
      Equation: "HoleContinuityEquation"	RelError: 2.11687e-11	AbsError: 2.21920e-01
      Equation: "PotentialEquation"	RelError: 2.50294e-15	AbsError: 1.21498e-16
    Region: "oxide"	RelError: 1.48074e-16	AbsError: 2.79981e-19
      Equation: "PotentialEquation"	RelError: 1.48074e-16	AbsError: 2.79981e-19
number of equations 7095
Iteration: 0
  Device: "mos_light"	RelError: 1.18016e+04	AbsError: 7.50048e+16
    Region: "bulk"	RelError: 1.17995e+04	AbsError: 7.50048e+16
      Equation: "ElectronContinuityEquation"	RelError: 9.99000e+02	AbsError: 7.35678e+16
      Equation: "HoleContinuityEquation"	RelError: 1.07941e+04	AbsError: 1.43707e+15
      Equation: "PotentialEquation"	RelError: 6.31948e+00	AbsError: 4.09542e-02
    Region: "oxide"	RelError: 2.17443e+00	AbsError: 1.83971e-02
      Equation: "PotentialEquation"	RelError: 2.17443e+00	AbsError: 1.83971e-02
Iteration: 1
  Device: "mos_light"	RelError: 1.00207e+03	AbsError: 1.55897e+15
    Region: "bulk"	RelError: 1.00206e+03	AbsError: 1.55897e+15
      Equation: "ElectronContinuityEquation"	RelError: 9.99000e+02	AbsError: 1.44513e+15
      Equation: "HoleContinuityEquation"	RelError: 9.99734e-01	AbsError: 1.13842e+14
      Equation: "PotentialEquation"	RelError: 2.05891e+00	AbsError: 3.07632e-02
    Region: "oxide"	RelError: 1.42819e-02	AbsError: 8.40199e-03
      Equation: "PotentialEquation"	RelError: 1.42819e-02	AbsError: 8.40199e-03
Iteration: 2
  Device: "mos_light"	RelError: 1.92915e+00	AbsError: 5.45478e+13
    Region: "bulk"	RelError: 1.92913e+00	AbsError: 5.45478e+13
      Equation: "ElectronContinuityEquation"	RelError: 9.99306e-01	AbsError: 5.42392e+13
      Equation: "HoleContinuityEquation"	RelError: 9.14870e-01	AbsError: 3.08623e+11
      Equation: "PotentialEquation"	RelError: 1.49504e-02	AbsError: 2.55605e-02
    Region: "oxide"	RelError: 2.77583e-05	AbsError: 5.67878e-08
      Equation: "PotentialEquation"	RelError: 2.77583e-05	AbsError: 5.67878e-08
Iteration: 3
  Device: "mos_light"	RelError: 1.36388e-01	AbsError: 2.00442e+14
    Region: "bulk"	RelError: 1.36357e-01	AbsError: 2.00442e+14
      Equation: "ElectronContinuityEquation"	RelError: 9.40262e-02	AbsError: 2.00402e+14
      Equation: "HoleContinuityEquation"	RelError: 3.81993e-02	AbsError: 3.99159e+10
      Equation: "PotentialEquation"	RelError: 4.13147e-03	AbsError: 9.16537e-03
    Region: "oxide"	RelError: 3.12450e-05	AbsError: 4.59564e-08
      Equation: "PotentialEquation"	RelError: 3.12450e-05	AbsError: 4.59564e-08
Iteration: 4
  Device: "mos_light"	RelError: 1.22619e-01	AbsError: 2.15017e+14
    Region: "bulk"	RelError: 1.22560e-01	AbsError: 2.15017e+14
      Equation: "ElectronContinuityEquation"	RelError: 6.85929e-02	AbsError: 2.14943e+14
      Equation: "HoleContinuityEquation"	RelError: 5.37272e-02	AbsError: 7.45330e+10
      Equation: "PotentialEquation"	RelError: 2.39557e-04	AbsError: 2.50679e-05
    Region: "oxide"	RelError: 5.95767e-05	AbsError: 9.76302e-08
      Equation: "PotentialEquation"	RelError: 5.95767e-05	AbsError: 9.76302e-08
Iteration: 5
  Device: "mos_light"	RelError: 2.85546e-03	AbsError: 2.94594e+10
    Region: "bulk"	RelError: 2.85545e-03	AbsError: 2.94594e+10
      Equation: "ElectronContinuityEquation"	RelError: 1.97461e-05	AbsError: 2.94532e+10
      Equation: "HoleContinuityEquation"	RelError: 2.83569e-03	AbsError: 6.24328e+06
      Equation: "PotentialEquation"	RelError: 2.00713e-08	AbsError: 3.28288e-09
    Region: "oxide"	RelError: 5.20080e-09	AbsError: 8.34213e-12
      Equation: "PotentialEquation"	RelError: 5.20080e-09	AbsError: 8.34213e-12
Iteration: 6
  Device: "mos_light"	RelError: 2.11673e-11	AbsError: 5.19188e+02
    Region: "bulk"	RelError: 2.11672e-11	AbsError: 5.19188e+02
      Equation: "ElectronContinuityEquation"	RelError: 3.24116e-13	AbsError: 5.19088e+02
      Equation: "HoleContinuityEquation"	RelError: 2.08427e-11	AbsError: 1.00487e-01
      Equation: "PotentialEquation"	RelError: 3.18300e-16	AbsError: 5.70247e-17
    Region: "oxide"	RelError: 8.25028e-17	AbsError: 1.33368e-19
      Equation: "PotentialEquation"	RelError: 8.25028e-17	AbsError: 1.33368e-19
number of equations 7095
Iteration: 0
  Device: "mos_light"	RelError: 1.20019e+03	AbsError: 7.64652e+16
    Region: "bulk"	RelError: 1.19880e+03	AbsError: 7.64652e+16
      Equation: "ElectronContinuityEquation"	RelError: 4.13168e+01	AbsError: 7.51092e+16
      Equation: "HoleContinuityEquation"	RelError: 9.99000e+02	AbsError: 1.35606e+15
      Equation: "PotentialEquation"	RelError: 1.58483e+02	AbsError: 4.09542e-02
    Region: "oxide"	RelError: 1.38949e+00	AbsError: 1.83992e-02
      Equation: "PotentialEquation"	RelError: 1.38949e+00	AbsError: 1.83992e-02
Iteration: 1
  Device: "mos_light"	RelError: 1.00129e+03	AbsError: 1.54401e+15
    Region: "bulk"	RelError: 1.00127e+03	AbsError: 1.54401e+15
      Equation: "ElectronContinuityEquation"	RelError: 9.99000e+02	AbsError: 1.44029e+15
      Equation: "HoleContinuityEquation"	RelError: 9.98387e-01	AbsError: 1.03715e+14
      Equation: "PotentialEquation"	RelError: 1.27507e+00	AbsError: 3.07632e-02
    Region: "oxide"	RelError: 1.36627e-02	AbsError: 8.40395e-03
      Equation: "PotentialEquation"	RelError: 1.36627e-02	AbsError: 8.40395e-03
Iteration: 2
  Device: "mos_light"	RelError: 1.84212e+00	AbsError: 5.68512e+13
    Region: "bulk"	RelError: 1.84210e+00	AbsError: 5.68512e+13
      Equation: "ElectronContinuityEquation"	RelError: 9.99133e-01	AbsError: 5.65953e+13
      Equation: "HoleContinuityEquation"	RelError: 8.29098e-01	AbsError: 2.55855e+11
      Equation: "PotentialEquation"	RelError: 1.38712e-02	AbsError: 2.55632e-02
    Region: "oxide"	RelError: 1.80100e-05	AbsError: 5.63854e-08
      Equation: "PotentialEquation"	RelError: 1.80100e-05	AbsError: 5.63854e-08
Iteration: 3
  Device: "mos_light"	RelError: 1.17092e-01	AbsError: 1.67733e+14
    Region: "bulk"	RelError: 1.17076e-01	AbsError: 1.67733e+14
      Equation: "ElectronContinuityEquation"	RelError: 7.65962e-02	AbsError: 1.67704e+14
      Equation: "HoleContinuityEquation"	RelError: 3.65265e-02	AbsError: 2.87945e+10
      Equation: "PotentialEquation"	RelError: 3.95327e-03	AbsError: 9.16536e-03
    Region: "oxide"	RelError: 1.64394e-05	AbsError: 3.17358e-08
      Equation: "PotentialEquation"	RelError: 1.64394e-05	AbsError: 3.17358e-08
Iteration: 4
  Device: "mos_light"	RelError: 1.20089e-01	AbsError: 1.79884e+14
    Region: "bulk"	RelError: 1.20053e-01	AbsError: 1.79884e+14
      Equation: "ElectronContinuityEquation"	RelError: 6.52375e-02	AbsError: 1.79823e+14
      Equation: "HoleContinuityEquation"	RelError: 5.26088e-02	AbsError: 6.00712e+10
      Equation: "PotentialEquation"	RelError: 2.20670e-03	AbsError: 2.09371e-05
    Region: "oxide"	RelError: 3.57569e-05	AbsError: 8.33084e-08
      Equation: "PotentialEquation"	RelError: 3.57569e-05	AbsError: 8.33084e-08
Iteration: 5
  Device: "mos_light"	RelError: 2.89021e-03	AbsError: 2.02620e+10
    Region: "bulk"	RelError: 2.89021e-03	AbsError: 2.02620e+10
      Equation: "ElectronContinuityEquation"	RelError: 1.68198e-05	AbsError: 2.02578e+10
      Equation: "HoleContinuityEquation"	RelError: 2.87323e-03	AbsError: 4.15993e+06
      Equation: "PotentialEquation"	RelError: 1.56712e-07	AbsError: 2.25720e-09
    Region: "oxide"	RelError: 2.55173e-09	AbsError: 5.76210e-12
      Equation: "PotentialEquation"	RelError: 2.55173e-09	AbsError: 5.76210e-12
Iteration: 6
  Device: "mos_light"	RelError: 1.95974e-11	AbsError: 2.41472e+02
    Region: "bulk"	RelError: 1.95974e-11	AbsError: 2.41472e+02
      Equation: "ElectronContinuityEquation"	RelError: 1.91588e-13	AbsError: 2.41427e+02
      Equation: "HoleContinuityEquation"	RelError: 1.94041e-11	AbsError: 4.51663e-02
      Equation: "PotentialEquation"	RelError: 1.69552e-15	AbsError: 2.65221e-17
    Region: "oxide"	RelError: 2.75817e-17	AbsError: 6.28863e-20
      Equation: "PotentialEquation"	RelError: 2.75817e-17	AbsError: 6.28863e-20
number of equations 7095
Iteration: 0
  Device: "mos_light"	RelError: 1.07053e+03	AbsError: 7.79298e+16
    Region: "bulk"	RelError: 1.06713e+03	AbsError: 7.79298e+16
      Equation: "ElectronContinuityEquation"	RelError: 1.80595e+01	AbsError: 7.66406e+16
      Equation: "HoleContinuityEquation"	RelError: 9.99000e+02	AbsError: 1.28919e+15
      Equation: "PotentialEquation"	RelError: 5.00753e+01	AbsError: 4.09542e-02
    Region: "oxide"	RelError: 3.39759e+00	AbsError: 1.84011e-02
      Equation: "PotentialEquation"	RelError: 3.39759e+00	AbsError: 1.84011e-02
Iteration: 1
  Device: "mos_light"	RelError: 1.01376e+03	AbsError: 1.53179e+15
    Region: "bulk"	RelError: 1.01374e+03	AbsError: 1.53179e+15
      Equation: "ElectronContinuityEquation"	RelError: 9.99000e+02	AbsError: 1.42859e+15
      Equation: "HoleContinuityEquation"	RelError: 9.98378e-01	AbsError: 1.03209e+14
      Equation: "PotentialEquation"	RelError: 1.37385e+01	AbsError: 3.07632e-02
    Region: "oxide"	RelError: 1.83644e-02	AbsError: 8.40570e-03
      Equation: "PotentialEquation"	RelError: 1.83644e-02	AbsError: 8.40570e-03
Iteration: 2
  Device: "mos_light"	RelError: 1.82311e+00	AbsError: 5.86599e+13
    Region: "bulk"	RelError: 1.82307e+00	AbsError: 5.86599e+13
      Equation: "ElectronContinuityEquation"	RelError: 9.99004e-01	AbsError: 5.83933e+13
      Equation: "HoleContinuityEquation"	RelError: 8.11134e-01	AbsError: 2.66587e+11
      Equation: "PotentialEquation"	RelError: 1.29305e-02	AbsError: 2.55662e-02
    Region: "oxide"	RelError: 4.27242e-05	AbsError: 5.62877e-08
      Equation: "PotentialEquation"	RelError: 4.27242e-05	AbsError: 5.62877e-08
Iteration: 3
  Device: "mos_light"	RelError: 1.01416e-01	AbsError: 1.40204e+14
    Region: "bulk"	RelError: 1.01389e-01	AbsError: 1.40204e+14
      Equation: "ElectronContinuityEquation"	RelError: 6.12080e-02	AbsError: 1.40183e+14
      Equation: "HoleContinuityEquation"	RelError: 3.63915e-02	AbsError: 2.10690e+10
      Equation: "PotentialEquation"	RelError: 3.78980e-03	AbsError: 9.16536e-03
    Region: "oxide"	RelError: 2.70621e-05	AbsError: 2.03913e-08
      Equation: "PotentialEquation"	RelError: 2.70621e-05	AbsError: 2.03913e-08
Iteration: 4
  Device: "mos_light"	RelError: 1.15457e-01	AbsError: 1.50322e+14
    Region: "bulk"	RelError: 1.15385e-01	AbsError: 1.50322e+14
      Equation: "ElectronContinuityEquation"	RelError: 5.93927e-02	AbsError: 1.50273e+14
      Equation: "HoleContinuityEquation"	RelError: 5.41487e-02	AbsError: 4.91042e+10
      Equation: "PotentialEquation"	RelError: 1.84317e-03	AbsError: 1.74721e-05
    Region: "oxide"	RelError: 7.23268e-05	AbsError: 7.15099e-08
      Equation: "PotentialEquation"	RelError: 7.23268e-05	AbsError: 7.15099e-08
Iteration: 5
  Device: "mos_light"	RelError: 2.95697e-03	AbsError: 1.38941e+10
    Region: "bulk"	RelError: 2.95696e-03	AbsError: 1.38941e+10
      Equation: "ElectronContinuityEquation"	RelError: 1.42496e-05	AbsError: 1.38914e+10
      Equation: "HoleContinuityEquation"	RelError: 2.94260e-03	AbsError: 2.74230e+06
      Equation: "PotentialEquation"	RelError: 1.10717e-07	AbsError: 1.54748e-09
    Region: "oxide"	RelError: 4.17744e-09	AbsError: 3.97353e-12
      Equation: "PotentialEquation"	RelError: 4.17744e-09	AbsError: 3.97353e-12
Iteration: 6
  Device: "mos_light"	RelError: 1.72327e-11	AbsError: 1.11549e+02
    Region: "bulk"	RelError: 1.72327e-11	AbsError: 1.11549e+02
      Equation: "ElectronContinuityEquation"	RelError: 1.12291e-13	AbsError: 1.11528e+02
      Equation: "HoleContinuityEquation"	RelError: 1.71196e-11	AbsError: 2.02131e-02
      Equation: "PotentialEquation"	RelError: 8.10546e-16	AbsError: 1.22653e-17
    Region: "oxide"	RelError: 3.05945e-17	AbsError: 2.94156e-20
      Equation: "PotentialEquation"	RelError: 3.05945e-17	AbsError: 2.94156e-20
number of equations 7095
Iteration: 0
  Device: "mos_light"	RelError: 1.02003e+03	AbsError: 7.93708e+16
    Region: "bulk"	RelError: 1.01926e+03	AbsError: 7.93708e+16
      Equation: "ElectronContinuityEquation"	RelError: 7.20657e+00	AbsError: 7.81417e+16
      Equation: "HoleContinuityEquation"	RelError: 9.99000e+02	AbsError: 1.22913e+15
      Equation: "PotentialEquation"	RelError: 1.30524e+01	AbsError: 4.09542e-02
    Region: "oxide"	RelError: 7.71258e-01	AbsError: 1.84028e-02
      Equation: "PotentialEquation"	RelError: 7.71258e-01	AbsError: 1.84028e-02
Iteration: 1
  Device: "mos_light"	RelError: 3.44540e+00	AbsError: 1.50465e+15
    Region: "bulk"	RelError: 3.43283e+00	AbsError: 1.50465e+15
      Equation: "ElectronContinuityEquation"	RelError: 1.37735e+00	AbsError: 1.40898e+15
      Equation: "HoleContinuityEquation"	RelError: 9.98160e-01	AbsError: 9.56710e+13
      Equation: "PotentialEquation"	RelError: 1.05732e+00	AbsError: 3.07632e-02
    Region: "oxide"	RelError: 1.25722e-02	AbsError: 8.40726e-03
      Equation: "PotentialEquation"	RelError: 1.25722e-02	AbsError: 8.40726e-03
Iteration: 2
  Device: "mos_light"	RelError: 1.36334e+00	AbsError: 5.97960e+13
    Region: "bulk"	RelError: 1.36333e+00	AbsError: 5.97960e+13
      Equation: "ElectronContinuityEquation"	RelError: 5.81240e-01	AbsError: 5.95671e+13
      Equation: "HoleContinuityEquation"	RelError: 7.69992e-01	AbsError: 2.28835e+11
      Equation: "PotentialEquation"	RelError: 1.21030e-02	AbsError: 2.55693e-02
    Region: "oxide"	RelError: 9.81677e-06	AbsError: 5.64539e-08
      Equation: "PotentialEquation"	RelError: 9.81677e-06	AbsError: 5.64539e-08
Iteration: 3
  Device: "mos_light"	RelError: 9.70980e-02	AbsError: 1.17080e+14
    Region: "bulk"	RelError: 9.70941e-02	AbsError: 1.17080e+14
      Equation: "ElectronContinuityEquation"	RelError: 5.65026e-02	AbsError: 1.17065e+14
      Equation: "HoleContinuityEquation"	RelError: 3.69522e-02	AbsError: 1.45144e+10
      Equation: "PotentialEquation"	RelError: 3.63932e-03	AbsError: 9.16535e-03
    Region: "oxide"	RelError: 3.91553e-06	AbsError: 1.12832e-08
      Equation: "PotentialEquation"	RelError: 3.91553e-06	AbsError: 1.12832e-08
Iteration: 4
  Device: "mos_light"	RelError: 1.15118e-01	AbsError: 1.25498e+14
    Region: "bulk"	RelError: 1.15104e-01	AbsError: 1.25498e+14
      Equation: "ElectronContinuityEquation"	RelError: 5.99206e-02	AbsError: 1.25459e+14
      Equation: "HoleContinuityEquation"	RelError: 5.48837e-02	AbsError: 3.95344e+10
      Equation: "PotentialEquation"	RelError: 2.99686e-04	AbsError: 1.45706e-05
    Region: "oxide"	RelError: 1.42181e-05	AbsError: 6.18007e-08
      Equation: "PotentialEquation"	RelError: 1.42181e-05	AbsError: 6.18007e-08
Iteration: 5
  Device: "mos_light"	RelError: 2.97135e-03	AbsError: 9.50439e+09
    Region: "bulk"	RelError: 2.97135e-03	AbsError: 9.50439e+09
      Equation: "ElectronContinuityEquation"	RelError: 1.19693e-05	AbsError: 9.50256e+09
      Equation: "HoleContinuityEquation"	RelError: 2.95937e-03	AbsError: 1.83345e+06
      Equation: "PotentialEquation"	RelError: 1.43127e-08	AbsError: 1.05845e-09
    Region: "oxide"	RelError: 6.60823e-10	AbsError: 2.73738e-12
      Equation: "PotentialEquation"	RelError: 6.60823e-10	AbsError: 2.73738e-12
Iteration: 6
  Device: "mos_light"	RelError: 1.44117e-11	AbsError: 5.12533e+01
    Region: "bulk"	RelError: 1.44117e-11	AbsError: 5.12533e+01
      Equation: "ElectronContinuityEquation"	RelError: 6.50831e-14	AbsError: 5.12443e+01
      Equation: "HoleContinuityEquation"	RelError: 1.43466e-11	AbsError: 9.04528e-03
      Equation: "PotentialEquation"	RelError: 7.05306e-17	AbsError: 5.63246e-18
    Region: "oxide"	RelError: 3.26427e-18	AbsError: 1.36814e-20
      Equation: "PotentialEquation"	RelError: 3.26427e-18	AbsError: 1.36814e-20
number of equations 7095
Iteration: 0
  Device: "mos_light"	RelError: 6.24033e+03	AbsError: 5.98154e+16
    Region: "bulk"	RelError: 6.20688e+03	AbsError: 5.98154e+16
      Equation: "ElectronContinuityEquation"	RelError: 8.09482e-01	AbsError: 5.53261e+16
      Equation: "HoleContinuityEquation"	RelError: 9.99000e+02	AbsError: 4.48935e+15
      Equation: "PotentialEquation"	RelError: 5.20707e+03	AbsError: 3.96341e-02
    Region: "oxide"	RelError: 3.34556e+01	AbsError: 4.09542e-02
      Equation: "PotentialEquation"	RelError: 3.34556e+01	AbsError: 4.09542e-02
Iteration: 1
  Device: "mos_light"	RelError: 1.13810e+03	AbsError: 1.89234e+15
    Region: "bulk"	RelError: 1.13713e+03	AbsError: 1.89234e+15
      Equation: "ElectronContinuityEquation"	RelError: 9.99000e+02	AbsError: 6.84297e+14
      Equation: "HoleContinuityEquation"	RelError: 9.98321e-01	AbsError: 1.20804e+15
      Equation: "PotentialEquation"	RelError: 1.37136e+02	AbsError: 2.92837e-02
    Region: "oxide"	RelError: 9.61110e-01	AbsError: 3.07632e-02
      Equation: "PotentialEquation"	RelError: 9.61110e-01	AbsError: 3.07632e-02
Iteration: 2
  Device: "mos_light"	RelError: 8.92184e+03	AbsError: 4.31500e+14
    Region: "bulk"	RelError: 8.92139e+03	AbsError: 4.31500e+14
      Equation: "ElectronContinuityEquation"	RelError: 9.99410e-01	AbsError: 1.52672e+14
      Equation: "HoleContinuityEquation"	RelError: 8.88914e+03	AbsError: 2.78827e+14
      Equation: "PotentialEquation"	RelError: 3.12444e+01	AbsError: 2.50240e-02
    Region: "oxide"	RelError: 4.49278e-01	AbsError: 2.57911e-02
      Equation: "PotentialEquation"	RelError: 4.49278e-01	AbsError: 2.57911e-02
Iteration: 3
  Device: "mos_light"	RelError: 1.49073e+00	AbsError: 2.34570e+13
    Region: "bulk"	RelError: 1.38949e+00	AbsError: 2.34570e+13
      Equation: "ElectronContinuityEquation"	RelError: 3.86623e-01	AbsError: 1.22489e+13
      Equation: "HoleContinuityEquation"	RelError: 9.99623e-01	AbsError: 1.12082e+13
      Equation: "PotentialEquation"	RelError: 3.24291e-03	AbsError: 7.82310e-06
    Region: "oxide"	RelError: 1.01244e-01	AbsError: 9.16533e-03
      Equation: "PotentialEquation"	RelError: 1.01244e-01	AbsError: 9.16533e-03
Iteration: 4
  Device: "mos_light"	RelError: 2.75161e-04	AbsError: 3.32420e+08
    Region: "bulk"	RelError: 2.75161e-04	AbsError: 3.32420e+08
      Equation: "ElectronContinuityEquation"	RelError: 6.88283e-05	AbsError: 3.56783e+07
      Equation: "HoleContinuityEquation"	RelError: 2.06311e-04	AbsError: 2.96742e+08
      Equation: "PotentialEquation"	RelError: 2.12121e-08	AbsError: 1.01789e-10
    Region: "oxide"	RelError: 6.59792e-11	AbsError: 4.22205e-12
      Equation: "PotentialEquation"	RelError: 6.59792e-11	AbsError: 4.22205e-12
Iteration: 5
  Device: "mos_light"	RelError: 3.04785e-13	AbsError: 1.41310e-01
    Region: "bulk"	RelError: 3.04785e-13	AbsError: 1.41310e-01
      Equation: "ElectronContinuityEquation"	RelError: 2.37878e-13	AbsError: 3.84682e-03
      Equation: "HoleContinuityEquation"	RelError: 6.69025e-14	AbsError: 1.37464e-01
      Equation: "PotentialEquation"	RelError: 4.81681e-18	AbsError: 2.99272e-20
    Region: "oxide"	RelError: 1.71561e-20	AbsError: 1.97622e-21
      Equation: "PotentialEquation"	RelError: 1.71561e-20	AbsError: 1.97622e-21
number of equations 7095
Iteration: 0
  Device: "mos_light"	RelError: 1.08883e+03	AbsError: 5.90351e+16
    Region: "bulk"	RelError: 1.08842e+03	AbsError: 5.90351e+16
      Equation: "ElectronContinuityEquation"	RelError: 8.10966e-01	AbsError: 5.51992e+16
      Equation: "HoleContinuityEquation"	RelError: 9.99000e+02	AbsError: 3.83587e+15
      Equation: "PotentialEquation"	RelError: 8.86055e+01	AbsError: 3.97167e-02
    Region: "oxide"	RelError: 4.18308e-01	AbsError: 4.09542e-02
      Equation: "PotentialEquation"	RelError: 4.18308e-01	AbsError: 4.09542e-02
Iteration: 1
  Device: "mos_light"	RelError: 2.86202e+01	AbsError: 2.71501e+15
    Region: "bulk"	RelError: 2.83841e+01	AbsError: 2.71501e+15
      Equation: "ElectronContinuityEquation"	RelError: 7.28738e-01	AbsError: 1.87229e+15
      Equation: "HoleContinuityEquation"	RelError: 9.98086e-01	AbsError: 8.42723e+14
      Equation: "PotentialEquation"	RelError: 2.66573e+01	AbsError: 2.93641e-02
    Region: "oxide"	RelError: 2.36109e-01	AbsError: 3.07632e-02
      Equation: "PotentialEquation"	RelError: 2.36109e-01	AbsError: 3.07632e-02
Iteration: 2
  Device: "mos_light"	RelError: 1.07092e+03	AbsError: 7.76790e+14
    Region: "bulk"	RelError: 1.07075e+03	AbsError: 7.76790e+14
      Equation: "ElectronContinuityEquation"	RelError: 5.70139e-01	AbsError: 5.90333e+14
      Equation: "HoleContinuityEquation"	RelError: 9.99000e+02	AbsError: 1.86458e+14
      Equation: "PotentialEquation"	RelError: 7.11844e+01	AbsError: 2.52001e-02
    Region: "oxide"	RelError: 1.67858e-01	AbsError: 2.58555e-02
      Equation: "PotentialEquation"	RelError: 1.67858e-01	AbsError: 2.58555e-02
Iteration: 3
  Device: "mos_light"	RelError: 1.43241e+00	AbsError: 9.85387e+13
    Region: "bulk"	RelError: 1.38597e+00	AbsError: 9.85387e+13
      Equation: "ElectronContinuityEquation"	RelError: 3.85817e-01	AbsError: 9.65061e+13
      Equation: "HoleContinuityEquation"	RelError: 9.97067e-01	AbsError: 2.03262e+12
      Equation: "PotentialEquation"	RelError: 3.09077e-03	AbsError: 7.94494e-06
    Region: "oxide"	RelError: 4.64313e-02	AbsError: 9.16533e-03
      Equation: "PotentialEquation"	RelError: 4.64313e-02	AbsError: 9.16533e-03
Iteration: 4
  Device: "mos_light"	RelError: 1.04602e-03	AbsError: 3.03641e+09
    Region: "bulk"	RelError: 1.04602e-03	AbsError: 3.03641e+09
      Equation: "ElectronContinuityEquation"	RelError: 3.51542e-05	AbsError: 3.02833e+09
      Equation: "HoleContinuityEquation"	RelError: 1.01085e-03	AbsError: 8.08092e+06
      Equation: "PotentialEquation"	RelError: 2.05587e-08	AbsError: 2.25531e-10
    Region: "oxide"	RelError: 5.46597e-10	AbsError: 1.51594e-10
      Equation: "PotentialEquation"	RelError: 5.46597e-10	AbsError: 1.51594e-10
Iteration: 5
  Device: "mos_light"	RelError: 9.82795e-12	AbsError: 2.31056e+00
    Region: "bulk"	RelError: 9.82795e-12	AbsError: 2.31056e+00
      Equation: "ElectronContinuityEquation"	RelError: 1.66266e-14	AbsError: 2.30963e+00
      Equation: "HoleContinuityEquation"	RelError: 9.81129e-12	AbsError: 9.26387e-04
      Equation: "PotentialEquation"	RelError: 2.48326e-17	AbsError: 2.51523e-19
    Region: "oxide"	RelError: 5.09283e-19	AbsError: 1.41246e-19
      Equation: "PotentialEquation"	RelError: 5.09283e-19	AbsError: 1.41246e-19
number of equations 7095
Iteration: 0
  Device: "mos_light"	RelError: 4.83103e+03	AbsError: 5.75414e+16
    Region: "bulk"	RelError: 4.83082e+03	AbsError: 5.75414e+16
      Equation: "ElectronContinuityEquation"	RelError: 8.11359e-01	AbsError: 5.41446e+16
      Equation: "HoleContinuityEquation"	RelError: 4.77332e+03	AbsError: 3.39676e+15
      Equation: "PotentialEquation"	RelError: 5.66906e+01	AbsError: 3.97795e-02
    Region: "oxide"	RelError: 2.10411e-01	AbsError: 4.09542e-02
      Equation: "PotentialEquation"	RelError: 2.10411e-01	AbsError: 4.09542e-02
Iteration: 1
  Device: "mos_light"	RelError: 2.67494e+01	AbsError: 6.60627e+15
    Region: "bulk"	RelError: 2.66148e+01	AbsError: 6.60627e+15
      Equation: "ElectronContinuityEquation"	RelError: 7.28767e-01	AbsError: 5.94897e+15
      Equation: "HoleContinuityEquation"	RelError: 1.51660e+00	AbsError: 6.57301e+14
      Equation: "PotentialEquation"	RelError: 2.43695e+01	AbsError: 2.94208e-02
    Region: "oxide"	RelError: 1.34586e-01	AbsError: 3.07632e-02
      Equation: "PotentialEquation"	RelError: 1.34586e-01	AbsError: 3.07632e-02
Iteration: 2
  Device: "mos_light"	RelError: 1.00497e+03	AbsError: 3.00137e+15
    Region: "bulk"	RelError: 1.00487e+03	AbsError: 3.00137e+15
      Equation: "ElectronContinuityEquation"	RelError: 5.68599e-01	AbsError: 2.87676e+15
      Equation: "HoleContinuityEquation"	RelError: 9.99000e+02	AbsError: 1.24617e+14
      Equation: "PotentialEquation"	RelError: 5.30155e+00	AbsError: 2.53236e-02
    Region: "oxide"	RelError: 1.03481e-01	AbsError: 2.58604e-02
      Equation: "PotentialEquation"	RelError: 1.03481e-01	AbsError: 2.58604e-02
Iteration: 3
  Device: "mos_light"	RelError: 1.42970e+00	AbsError: 6.97778e+14
    Region: "bulk"	RelError: 1.39952e+00	AbsError: 6.97778e+14
      Equation: "ElectronContinuityEquation"	RelError: 3.81067e-01	AbsError: 6.97210e+14
      Equation: "HoleContinuityEquation"	RelError: 9.97178e-01	AbsError: 5.68056e+11
      Equation: "PotentialEquation"	RelError: 2.12723e-02	AbsError: 4.79554e-05
    Region: "oxide"	RelError: 3.01862e-02	AbsError: 9.16533e-03
      Equation: "PotentialEquation"	RelError: 3.01862e-02	AbsError: 9.16533e-03
Iteration: 4
  Device: "mos_light"	RelError: 6.13329e-02	AbsError: 1.29134e+11
    Region: "bulk"	RelError: 6.13329e-02	AbsError: 1.29134e+11
      Equation: "ElectronContinuityEquation"	RelError: 2.34365e-04	AbsError: 1.29056e+11
      Equation: "HoleContinuityEquation"	RelError: 6.10946e-02	AbsError: 7.80127e+07
      Equation: "PotentialEquation"	RelError: 3.91976e-06	AbsError: 7.73599e-09
    Region: "oxide"	RelError: 1.77888e-08	AbsError: 6.17042e-09
      Equation: "PotentialEquation"	RelError: 1.77888e-08	AbsError: 6.17042e-09
Iteration: 5
  Device: "mos_light"	RelError: 3.08264e-08	AbsError: 2.87468e+03
    Region: "bulk"	RelError: 3.08264e-08	AbsError: 2.87468e+03
      Equation: "ElectronContinuityEquation"	RelError: 2.05514e-11	AbsError: 2.87332e+03
      Equation: "HoleContinuityEquation"	RelError: 3.08056e-08	AbsError: 1.35762e+00
      Equation: "PotentialEquation"	RelError: 2.26277e-13	AbsError: 4.11388e-16
    Region: "oxide"	RelError: 1.09890e-15	AbsError: 3.07814e-16
      Equation: "PotentialEquation"	RelError: 1.09890e-15	AbsError: 3.07814e-16
number of equations 7095
Iteration: 0
  Device: "mos_light"	RelError: 1.06441e+03	AbsError: 5.69843e+16
    Region: "bulk"	RelError: 1.06427e+03	AbsError: 5.69843e+16
      Equation: "ElectronContinuityEquation"	RelError: 8.10744e-01	AbsError: 5.40016e+16
      Equation: "HoleContinuityEquation"	RelError: 9.99000e+02	AbsError: 2.98271e+15
      Equation: "PotentialEquation"	RelError: 6.44567e+01	AbsError: 3.98226e-02
    Region: "oxide"	RelError: 1.40491e-01	AbsError: 4.09542e-02
      Equation: "PotentialEquation"	RelError: 1.40491e-01	AbsError: 4.09542e-02
Iteration: 1
  Device: "mos_light"	RelError: 1.01368e+03	AbsError: 2.78990e+16
    Region: "bulk"	RelError: 1.01359e+03	AbsError: 2.78990e+16
      Equation: "ElectronContinuityEquation"	RelError: 7.26749e-01	AbsError: 2.73642e+16
      Equation: "HoleContinuityEquation"	RelError: 9.98999e+02	AbsError: 5.34746e+14
      Equation: "PotentialEquation"	RelError: 1.38622e+01	AbsError: 2.94526e-02
    Region: "oxide"	RelError: 9.40300e-02	AbsError: 3.07632e-02
      Equation: "PotentialEquation"	RelError: 9.40300e-02	AbsError: 3.07632e-02
Iteration: 2
  Device: "mos_light"	RelError: 2.30824e+03	AbsError: 1.51864e+16
    Region: "bulk"	RelError: 2.30817e+03	AbsError: 1.51864e+16
      Equation: "ElectronContinuityEquation"	RelError: 5.63890e-01	AbsError: 1.50908e+16
      Equation: "HoleContinuityEquation"	RelError: 1.96013e+03	AbsError: 9.56225e+13
      Equation: "PotentialEquation"	RelError: 3.47474e+02	AbsError: 2.53624e-02
    Region: "oxide"	RelError: 7.45349e-02	AbsError: 2.56841e-02
      Equation: "PotentialEquation"	RelError: 7.45349e-02	AbsError: 2.56841e-02
Iteration: 3
  Device: "mos_light"	RelError: 3.96347e+00	AbsError: 5.43418e+15
    Region: "bulk"	RelError: 3.94120e+00	AbsError: 5.43418e+15
      Equation: "ElectronContinuityEquation"	RelError: 3.72881e-01	AbsError: 5.43113e+15
      Equation: "HoleContinuityEquation"	RelError: 9.98298e-01	AbsError: 3.04128e+12
      Equation: "PotentialEquation"	RelError: 2.57002e+00	AbsError: 3.26072e-04
    Region: "oxide"	RelError: 2.22675e-02	AbsError: 9.16533e-03
      Equation: "PotentialEquation"	RelError: 2.22675e-02	AbsError: 9.16533e-03
Iteration: 4
  Device: "mos_light"	RelError: 1.49867e-01	AbsError: 5.67987e+12
    Region: "bulk"	RelError: 1.49866e-01	AbsError: 5.67987e+12
      Equation: "ElectronContinuityEquation"	RelError: 1.51786e-03	AbsError: 5.67356e+12
      Equation: "HoleContinuityEquation"	RelError: 1.39677e-01	AbsError: 6.31081e+09
      Equation: "PotentialEquation"	RelError: 8.67106e-03	AbsError: 7.44703e-07
    Region: "oxide"	RelError: 1.49703e-06	AbsError: 5.70798e-07
      Equation: "PotentialEquation"	RelError: 1.49703e-06	AbsError: 5.70798e-07
Iteration: 5
  Device: "mos_light"	RelError: 1.84844e-06	AbsError: 3.59718e+07
    Region: "bulk"	RelError: 1.84843e-06	AbsError: 3.59718e+07
      Equation: "ElectronContinuityEquation"	RelError: 6.04694e-09	AbsError: 3.59520e+07
      Equation: "HoleContinuityEquation"	RelError: 1.82088e-06	AbsError: 1.98255e+04
      Equation: "PotentialEquation"	RelError: 2.15054e-08	AbsError: 4.75938e-12
    Region: "oxide"	RelError: 9.39672e-12	AbsError: 3.58285e-12
      Equation: "PotentialEquation"	RelError: 9.39672e-12	AbsError: 3.58285e-12
Iteration: 6
  Device: "mos_light"	RelError: 5.28137e-18	AbsError: 1.61540e-03
    Region: "bulk"	RelError: 5.28091e-18	AbsError: 1.61540e-03
      Equation: "ElectronContinuityEquation"	RelError: 1.11914e-19	AbsError: 1.61474e-03
      Equation: "HoleContinuityEquation"	RelError: 4.81671e-18	AbsError: 6.63850e-07
      Equation: "PotentialEquation"	RelError: 3.52280e-19	AbsError: 2.34997e-22
    Region: "oxide"	RelError: 4.62550e-22	AbsError: 1.76365e-22
      Equation: "PotentialEquation"	RelError: 4.62550e-22	AbsError: 1.76365e-22
number of equations 7095
Iteration: 0
  Device: "mos_light"	RelError: 1.05338e+03	AbsError: 1.53618e+17
    Region: "bulk"	RelError: 1.05328e+03	AbsError: 1.53618e+17
      Equation: "ElectronContinuityEquation"	RelError: 8.08142e-01	AbsError: 1.50916e+17
      Equation: "HoleContinuityEquation"	RelError: 9.99000e+02	AbsError: 2.70228e+15
      Equation: "PotentialEquation"	RelError: 5.34678e+01	AbsError: 3.97923e-02
    Region: "oxide"	RelError: 1.05140e-01	AbsError: 4.09542e-02
      Equation: "PotentialEquation"	RelError: 1.05140e-01	AbsError: 4.09542e-02
Iteration: 1
  Device: "mos_light"	RelError: 1.01398e+03	AbsError: 1.47752e+17
    Region: "bulk"	RelError: 1.01391e+03	AbsError: 1.47752e+17
      Equation: "ElectronContinuityEquation"	RelError: 7.13206e-01	AbsError: 1.47293e+17
      Equation: "HoleContinuityEquation"	RelError: 9.98995e+02	AbsError: 4.58223e+14
      Equation: "PotentialEquation"	RelError: 1.42001e+01	AbsError: 2.92458e-02
    Region: "oxide"	RelError: 7.09570e-02	AbsError: 3.07632e-02
      Equation: "PotentialEquation"	RelError: 7.09570e-02	AbsError: 3.07632e-02
Iteration: 2
  Device: "mos_light"	RelError: 1.00770e+03	AbsError: 5.07159e+16
    Region: "bulk"	RelError: 1.00765e+03	AbsError: 5.07159e+16
      Equation: "ElectronContinuityEquation"	RelError: 5.24653e-01	AbsError: 5.06545e+16
      Equation: "HoleContinuityEquation"	RelError: 9.99000e+02	AbsError: 6.13793e+13
      Equation: "PotentialEquation"	RelError: 8.12526e+00	AbsError: 2.45950e-02
    Region: "oxide"	RelError: 5.48173e-02	AbsError: 2.58247e-02
      Equation: "PotentialEquation"	RelError: 5.48173e-02	AbsError: 2.58247e-02
Iteration: 3
  Device: "mos_light"	RelError: 1.99140e+00	AbsError: 1.29955e+16
    Region: "bulk"	RelError: 1.97351e+00	AbsError: 1.29955e+16
      Equation: "ElectronContinuityEquation"	RelError: 2.82079e-01	AbsError: 1.29794e+16
      Equation: "HoleContinuityEquation"	RelError: 9.96796e-01	AbsError: 1.61586e+13
      Equation: "PotentialEquation"	RelError: 6.94632e-01	AbsError: 8.78325e-04
    Region: "oxide"	RelError: 1.78920e-02	AbsError: 9.16533e-03
      Equation: "PotentialEquation"	RelError: 1.78920e-02	AbsError: 9.16533e-03
Iteration: 4
  Device: "mos_light"	RelError: 3.40751e-02	AbsError: 4.46614e+13
    Region: "bulk"	RelError: 3.40626e-02	AbsError: 4.46614e+13
      Equation: "ElectronContinuityEquation"	RelError: 9.25702e-04	AbsError: 4.45700e+13
      Equation: "HoleContinuityEquation"	RelError: 2.99113e-02	AbsError: 9.13908e+10
      Equation: "PotentialEquation"	RelError: 3.22560e-03	AbsError: 6.66002e-06
    Region: "oxide"	RelError: 1.24507e-05	AbsError: 5.31775e-06
      Equation: "PotentialEquation"	RelError: 1.24507e-05	AbsError: 5.31775e-06
Iteration: 5
  Device: "mos_light"	RelError: 6.28339e-07	AbsError: 2.89695e+09
    Region: "bulk"	RelError: 6.27602e-07	AbsError: 2.89695e+09
      Equation: "ElectronContinuityEquation"	RelError: 5.88360e-08	AbsError: 2.89343e+09
      Equation: "HoleContinuityEquation"	RelError: 4.95716e-07	AbsError: 3.51325e+06
      Equation: "PotentialEquation"	RelError: 7.30498e-08	AbsError: 3.90574e-10
    Region: "oxide"	RelError: 7.36756e-10	AbsError: 3.14671e-10
      Equation: "PotentialEquation"	RelError: 7.36756e-10	AbsError: 3.14671e-10
number of equations 7095
Iteration: 0
  Device: "mos_light"	RelError: 1.01873e+03	AbsError: 5.90336e+17
    Region: "bulk"	RelError: 1.01865e+03	AbsError: 5.90336e+17
      Equation: "ElectronContinuityEquation"	RelError: 7.80297e-01	AbsError: 5.88205e+17
      Equation: "HoleContinuityEquation"	RelError: 9.99000e+02	AbsError: 2.13134e+15
      Equation: "PotentialEquation"	RelError: 1.88709e+01	AbsError: 3.92759e-02
    Region: "oxide"	RelError: 8.07871e-02	AbsError: 4.09542e-02
      Equation: "PotentialEquation"	RelError: 8.07871e-02	AbsError: 4.09542e-02
Iteration: 1
  Device: "mos_light"	RelError: 9.74860e+00	AbsError: 2.79404e+17
    Region: "bulk"	RelError: 9.69592e+00	AbsError: 2.79404e+17
      Equation: "ElectronContinuityEquation"	RelError: 1.08606e+00	AbsError: 2.78970e+17
      Equation: "HoleContinuityEquation"	RelError: 9.98355e-01	AbsError: 4.33552e+14
      Equation: "PotentialEquation"	RelError: 7.61151e+00	AbsError: 2.83300e-02
    Region: "oxide"	RelError: 5.26788e-02	AbsError: 3.07632e-02
      Equation: "PotentialEquation"	RelError: 5.26788e-02	AbsError: 3.07632e-02
Iteration: 2
  Device: "mos_light"	RelError: 1.16590e+03	AbsError: 5.07876e+16
    Region: "bulk"	RelError: 1.16586e+03	AbsError: 5.07876e+16
      Equation: "ElectronContinuityEquation"	RelError: 3.29145e-01	AbsError: 5.07526e+16
      Equation: "HoleContinuityEquation"	RelError: 1.16507e+03	AbsError: 3.50008e+13
      Equation: "PotentialEquation"	RelError: 4.61973e-01	AbsError: 2.26960e-02
    Region: "oxide"	RelError: 4.15242e-02	AbsError: 2.51395e-02
      Equation: "PotentialEquation"	RelError: 4.15242e-02	AbsError: 2.51395e-02
Iteration: 3
  Device: "mos_light"	RelError: 1.12991e+00	AbsError: 4.13863e+15
    Region: "bulk"	RelError: 1.11494e+00	AbsError: 4.13863e+15
      Equation: "ElectronContinuityEquation"	RelError: 9.62570e-02	AbsError: 4.13806e+15
      Equation: "HoleContinuityEquation"	RelError: 9.96977e-01	AbsError: 5.73785e+11
      Equation: "PotentialEquation"	RelError: 2.17022e-02	AbsError: 1.31355e-04
    Region: "oxide"	RelError: 1.49697e-02	AbsError: 9.16533e-03
      Equation: "PotentialEquation"	RelError: 1.49697e-02	AbsError: 9.16533e-03
Iteration: 4
  Device: "mos_light"	RelError: 1.31083e-03	AbsError: 1.48689e+12
    Region: "bulk"	RelError: 1.31067e-03	AbsError: 1.48689e+12
      Equation: "ElectronContinuityEquation"	RelError: 4.04711e-05	AbsError: 1.48667e+12
      Equation: "HoleContinuityEquation"	RelError: 1.26174e-03	AbsError: 2.14986e+08
      Equation: "PotentialEquation"	RelError: 8.45896e-06	AbsError: 9.10743e-08
    Region: "oxide"	RelError: 1.68737e-07	AbsError: 8.18339e-08
      Equation: "PotentialEquation"	RelError: 1.68737e-07	AbsError: 8.18339e-08
Iteration: 5
  Device: "mos_light"	RelError: 1.89390e-10	AbsError: 9.80771e+05
    Region: "bulk"	RelError: 1.89292e-10	AbsError: 9.80771e+05
      Equation: "ElectronContinuityEquation"	RelError: 3.49307e-12	AbsError: 9.80659e+05
      Equation: "HoleContinuityEquation"	RelError: 1.81832e-10	AbsError: 1.11917e+02
      Equation: "PotentialEquation"	RelError: 3.96750e-12	AbsError: 5.23499e-14
    Region: "oxide"	RelError: 9.78602e-14	AbsError: 4.74600e-14
      Equation: "PotentialEquation"	RelError: 9.78602e-14	AbsError: 4.74600e-14
number of equations 7095
Iteration: 0
  Device: "mos_light"	RelError: 1.04569e+03	AbsError: 1.22099e+18
    Region: "bulk"	RelError: 1.04563e+03	AbsError: 1.22099e+18
      Equation: "ElectronContinuityEquation"	RelError: 1.24545e+00	AbsError: 1.21957e+18
      Equation: "HoleContinuityEquation"	RelError: 9.99000e+02	AbsError: 1.42658e+15
      Equation: "PotentialEquation"	RelError: 4.53808e+01	AbsError: 3.85115e-02
    Region: "oxide"	RelError: 6.29257e-02	AbsError: 4.09542e-02
      Equation: "PotentialEquation"	RelError: 6.29257e-02	AbsError: 4.09542e-02
Iteration: 1
  Device: "mos_light"	RelError: 4.50389e+00	AbsError: 3.03305e+17
    Region: "bulk"	RelError: 4.45891e+00	AbsError: 3.03305e+17
      Equation: "ElectronContinuityEquation"	RelError: 1.01145e+00	AbsError: 3.03087e+17
      Equation: "HoleContinuityEquation"	RelError: 9.98524e-01	AbsError: 2.17770e+14
      Equation: "PotentialEquation"	RelError: 2.44894e+00	AbsError: 2.74623e-02
    Region: "oxide"	RelError: 4.49770e-02	AbsError: 3.07632e-02
      Equation: "PotentialEquation"	RelError: 4.49770e-02	AbsError: 3.07632e-02
Iteration: 2
  Device: "mos_light"	RelError: 1.39156e+03	AbsError: 2.70414e+16
    Region: "bulk"	RelError: 1.39152e+03	AbsError: 2.70414e+16
      Equation: "ElectronContinuityEquation"	RelError: 3.50966e-01	AbsError: 2.70383e+16
      Equation: "HoleContinuityEquation"	RelError: 1.39114e+03	AbsError: 3.05594e+12
      Equation: "PotentialEquation"	RelError: 2.90086e-02	AbsError: 2.12543e-02
    Region: "oxide"	RelError: 3.36760e-02	AbsError: 2.43040e-02
      Equation: "PotentialEquation"	RelError: 3.36760e-02	AbsError: 2.43040e-02
Iteration: 3
  Device: "mos_light"	RelError: 1.05434e+00	AbsError: 2.35031e+15
    Region: "bulk"	RelError: 1.04147e+00	AbsError: 2.35031e+15
      Equation: "ElectronContinuityEquation"	RelError: 4.12789e-02	AbsError: 2.35002e+15
      Equation: "HoleContinuityEquation"	RelError: 9.97630e-01	AbsError: 2.86956e+11
      Equation: "PotentialEquation"	RelError: 2.56044e-03	AbsError: 3.99606e-05
    Region: "oxide"	RelError: 1.28680e-02	AbsError: 9.16533e-03
      Equation: "PotentialEquation"	RelError: 1.28680e-02	AbsError: 9.16533e-03
Iteration: 4
  Device: "mos_light"	RelError: 3.95510e-04	AbsError: 2.10519e+11
    Region: "bulk"	RelError: 3.95493e-04	AbsError: 2.10519e+11
      Equation: "ElectronContinuityEquation"	RelError: 2.22524e-06	AbsError: 2.10419e+11
      Equation: "HoleContinuityEquation"	RelError: 3.92537e-04	AbsError: 1.00645e+08
      Equation: "PotentialEquation"	RelError: 7.31613e-07	AbsError: 1.02355e-08
    Region: "oxide"	RelError: 1.67578e-08	AbsError: 9.40320e-09
      Equation: "PotentialEquation"	RelError: 1.67578e-08	AbsError: 9.40320e-09
Iteration: 5
  Device: "mos_light"	RelError: 1.39832e-11	AbsError: 1.11548e+04
    Region: "bulk"	RelError: 1.39822e-11	AbsError: 1.11548e+04
      Equation: "ElectronContinuityEquation"	RelError: 1.58817e-13	AbsError: 1.11506e+04
      Equation: "HoleContinuityEquation"	RelError: 1.37909e-11	AbsError: 4.22831e+00
      Equation: "PotentialEquation"	RelError: 3.24856e-14	AbsError: 6.15076e-16
    Region: "oxide"	RelError: 9.95146e-16	AbsError: 5.58400e-16
      Equation: "PotentialEquation"	RelError: 9.95146e-16	AbsError: 5.58400e-16
number of equations 7095
Iteration: 0
  Device: "mos_light"	RelError: 1.01143e+03	AbsError: 1.79671e+18
    Region: "bulk"	RelError: 1.01138e+03	AbsError: 1.79671e+18
      Equation: "ElectronContinuityEquation"	RelError: 4.83818e+00	AbsError: 1.79562e+18
      Equation: "HoleContinuityEquation"	RelError: 9.99000e+02	AbsError: 1.08774e+15
      Equation: "PotentialEquation"	RelError: 7.54159e+00	AbsError: 3.78355e-02
    Region: "oxide"	RelError: 5.43727e-02	AbsError: 4.09542e-02
      Equation: "PotentialEquation"	RelError: 5.43727e-02	AbsError: 4.09542e-02
Iteration: 1
  Device: "mos_light"	RelError: 1.90937e+00	AbsError: 2.28210e+17
    Region: "bulk"	RelError: 1.87013e+00	AbsError: 2.28210e+17
      Equation: "ElectronContinuityEquation"	RelError: 5.47355e-01	AbsError: 2.28092e+17
      Equation: "HoleContinuityEquation"	RelError: 9.98385e-01	AbsError: 1.18398e+14
      Equation: "PotentialEquation"	RelError: 3.24392e-01	AbsError: 2.68127e-02
    Region: "oxide"	RelError: 3.92400e-02	AbsError: 3.07632e-02
      Equation: "PotentialEquation"	RelError: 3.92400e-02	AbsError: 3.07632e-02
Iteration: 2
  Device: "mos_light"	RelError: 9.31411e+00	AbsError: 1.02173e+16
    Region: "bulk"	RelError: 9.28569e+00	AbsError: 1.02173e+16
      Equation: "ElectronContinuityEquation"	RelError: 1.44373e-01	AbsError: 1.02164e+16
      Equation: "HoleContinuityEquation"	RelError: 9.11765e+00	AbsError: 9.26945e+11
      Equation: "PotentialEquation"	RelError: 2.36674e-02	AbsError: 2.01478e-02
    Region: "oxide"	RelError: 2.84207e-02	AbsError: 2.36530e-02
      Equation: "PotentialEquation"	RelError: 2.84207e-02	AbsError: 2.36530e-02
Iteration: 3
  Device: "mos_light"	RelError: 7.52895e-01	AbsError: 5.00347e+15
    Region: "bulk"	RelError: 7.41611e-01	AbsError: 5.00347e+15
      Equation: "ElectronContinuityEquation"	RelError: 2.57531e-02	AbsError: 5.00334e+15
      Equation: "HoleContinuityEquation"	RelError: 7.15026e-01	AbsError: 1.32041e+11
      Equation: "PotentialEquation"	RelError: 8.32051e-04	AbsError: 2.61362e-05
    Region: "oxide"	RelError: 1.12837e-02	AbsError: 9.16533e-03
      Equation: "PotentialEquation"	RelError: 1.12837e-02	AbsError: 9.16533e-03
Iteration: 4
  Device: "mos_light"	RelError: 3.75532e-04	AbsError: 6.60236e+11
    Region: "bulk"	RelError: 3.75514e-04	AbsError: 6.60236e+11
      Equation: "ElectronContinuityEquation"	RelError: 2.06729e-06	AbsError: 6.60118e+11
      Equation: "HoleContinuityEquation"	RelError: 3.72918e-04	AbsError: 1.17932e+08
      Equation: "PotentialEquation"	RelError: 5.29179e-07	AbsError: 1.70587e-08
    Region: "oxide"	RelError: 1.77261e-08	AbsError: 1.15685e-08
      Equation: "PotentialEquation"	RelError: 1.77261e-08	AbsError: 1.15685e-08
Iteration: 5
  Device: "mos_light"	RelError: 1.35282e-11	AbsError: 1.90128e+04
    Region: "bulk"	RelError: 1.35268e-11	AbsError: 1.90128e+04
      Equation: "ElectronContinuityEquation"	RelError: 1.58019e-13	AbsError: 1.90069e+04
      Equation: "HoleContinuityEquation"	RelError: 1.33420e-11	AbsError: 5.99608e+00
      Equation: "PotentialEquation"	RelError: 2.67254e-14	AbsError: 1.26243e-15
    Region: "oxide"	RelError: 1.39564e-15	AbsError: 9.36366e-16
      Equation: "PotentialEquation"	RelError: 1.39564e-15	AbsError: 9.36366e-16
number of equations 7095
Iteration: 0
  Device: "mos_light"	RelError: 6.04658e+03	AbsError: 2.22280e+18
    Region: "bulk"	RelError: 6.04653e+03	AbsError: 2.22280e+18
      Equation: "ElectronContinuityEquation"	RelError: 1.84323e+01	AbsError: 2.22186e+18
      Equation: "HoleContinuityEquation"	RelError: 5.97840e+03	AbsError: 9.48197e+14
      Equation: "PotentialEquation"	RelError: 4.96993e+01	AbsError: 3.73943e-02
    Region: "oxide"	RelError: 4.80000e-02	AbsError: 4.09542e-02
      Equation: "PotentialEquation"	RelError: 4.80000e-02	AbsError: 4.09542e-02
Iteration: 1
  Device: "mos_light"	RelError: 2.55353e+00	AbsError: 1.63461e+17
    Region: "bulk"	RelError: 2.51758e+00	AbsError: 1.63461e+17
      Equation: "ElectronContinuityEquation"	RelError: 8.71305e-01	AbsError: 1.63385e+17
      Equation: "HoleContinuityEquation"	RelError: 9.99557e-01	AbsError: 7.64663e+13
      Equation: "PotentialEquation"	RelError: 6.46715e-01	AbsError: 2.62482e-02
    Region: "oxide"	RelError: 3.59492e-02	AbsError: 3.07632e-02
      Equation: "PotentialEquation"	RelError: 3.59492e-02	AbsError: 3.07632e-02
Iteration: 2
  Device: "mos_light"	RelError: 2.35190e+00	AbsError: 1.15354e+16
    Region: "bulk"	RelError: 2.32742e+00	AbsError: 1.15354e+16
      Equation: "ElectronContinuityEquation"	RelError: 1.15327e-01	AbsError: 1.15344e+16
      Equation: "HoleContinuityEquation"	RelError: 2.19046e+00	AbsError: 9.81778e+11
      Equation: "PotentialEquation"	RelError: 2.16317e-02	AbsError: 1.91399e-02
    Region: "oxide"	RelError: 2.44836e-02	AbsError: 2.30602e-02
      Equation: "PotentialEquation"	RelError: 2.44836e-02	AbsError: 2.30602e-02
Iteration: 3
  Device: "mos_light"	RelError: 3.82036e-01	AbsError: 6.93591e+15
    Region: "bulk"	RelError: 3.71989e-01	AbsError: 6.93591e+15
      Equation: "ElectronContinuityEquation"	RelError: 1.80287e-02	AbsError: 6.93579e+15
      Equation: "HoleContinuityEquation"	RelError: 3.52986e-01	AbsError: 1.20771e+11
      Equation: "PotentialEquation"	RelError: 9.74767e-04	AbsError: 3.24795e-05
    Region: "oxide"	RelError: 1.00468e-02	AbsError: 9.16533e-03
      Equation: "PotentialEquation"	RelError: 1.00468e-02	AbsError: 9.16533e-03
Iteration: 4
  Device: "mos_light"	RelError: 1.75030e-04	AbsError: 1.16145e+12
    Region: "bulk"	RelError: 1.75005e-04	AbsError: 1.16145e+12
      Equation: "ElectronContinuityEquation"	RelError: 1.92854e-06	AbsError: 1.16131e+12
      Equation: "HoleContinuityEquation"	RelError: 1.69988e-04	AbsError: 1.40241e+08
      Equation: "PotentialEquation"	RelError: 3.08912e-06	AbsError: 1.99670e-08
    Region: "oxide"	RelError: 2.48988e-08	AbsError: 1.81225e-08
      Equation: "PotentialEquation"	RelError: 2.48988e-08	AbsError: 1.81225e-08
Iteration: 5
  Device: "mos_light"	RelError: 7.09355e-12	AbsError: 5.11231e+04
    Region: "bulk"	RelError: 7.09148e-12	AbsError: 5.11231e+04
      Equation: "ElectronContinuityEquation"	RelError: 1.92941e-13	AbsError: 5.11137e+04
      Equation: "HoleContinuityEquation"	RelError: 6.67896e-12	AbsError: 9.41627e+00
      Equation: "PotentialEquation"	RelError: 2.19574e-13	AbsError: 1.58525e-15
    Region: "oxide"	RelError: 2.07567e-15	AbsError: 1.51076e-15
      Equation: "PotentialEquation"	RelError: 2.07567e-15	AbsError: 1.51076e-15
number of equations 7095
Iteration: 0
  Device: "mos_light"	RelError: 1.07641e+03	AbsError: 2.51949e+18
    Region: "bulk"	RelError: 1.07637e+03	AbsError: 2.51949e+18
      Equation: "ElectronContinuityEquation"	RelError: 3.47743e+01	AbsError: 2.51863e+18
      Equation: "HoleContinuityEquation"	RelError: 9.99000e+02	AbsError: 8.55967e+14
      Equation: "PotentialEquation"	RelError: 4.25945e+01	AbsError: 3.68812e-02
    Region: "oxide"	RelError: 4.29644e-02	AbsError: 4.09542e-02
      Equation: "PotentialEquation"	RelError: 4.29644e-02	AbsError: 4.09542e-02
Iteration: 1
  Device: "mos_light"	RelError: 2.83971e+02	AbsError: 1.29222e+17
    Region: "bulk"	RelError: 2.83939e+02	AbsError: 1.29222e+17
      Equation: "ElectronContinuityEquation"	RelError: 9.32614e-01	AbsError: 1.29166e+17
      Equation: "HoleContinuityEquation"	RelError: 9.98155e-01	AbsError: 5.60594e+13
      Equation: "PotentialEquation"	RelError: 2.82008e+02	AbsError: 2.55872e-02
    Region: "oxide"	RelError: 3.23655e-02	AbsError: 3.07632e-02
      Equation: "PotentialEquation"	RelError: 3.23655e-02	AbsError: 3.07632e-02
Iteration: 2
  Device: "mos_light"	RelError: 2.52921e+00	AbsError: 1.93691e+16
    Region: "bulk"	RelError: 2.50764e+00	AbsError: 1.93691e+16
      Equation: "ElectronContinuityEquation"	RelError: 1.30424e-01	AbsError: 1.93684e+16
      Equation: "HoleContinuityEquation"	RelError: 1.11719e+00	AbsError: 6.59900e+11
      Equation: "PotentialEquation"	RelError: 1.26003e+00	AbsError: 1.79973e-02
    Region: "oxide"	RelError: 2.15636e-02	AbsError: 2.23823e-02
      Equation: "PotentialEquation"	RelError: 2.15636e-02	AbsError: 2.23823e-02
Iteration: 3
  Device: "mos_light"	RelError: 9.60248e-01	AbsError: 8.92414e+15
    Region: "bulk"	RelError: 9.51194e-01	AbsError: 8.92414e+15
      Equation: "ElectronContinuityEquation"	RelError: 1.33942e-02	AbsError: 8.92399e+15
      Equation: "HoleContinuityEquation"	RelError: 4.27140e-02	AbsError: 1.47913e+11
      Equation: "PotentialEquation"	RelError: 8.95085e-01	AbsError: 4.34686e-05
    Region: "oxide"	RelError: 9.05433e-03	AbsError: 9.16533e-03
      Equation: "PotentialEquation"	RelError: 9.05433e-03	AbsError: 9.16533e-03
Iteration: 4
  Device: "mos_light"	RelError: 4.31839e-04	AbsError: 1.78927e+12
    Region: "bulk"	RelError: 4.31806e-04	AbsError: 1.78927e+12
      Equation: "ElectronContinuityEquation"	RelError: 2.02778e-06	AbsError: 1.78909e+12
      Equation: "HoleContinuityEquation"	RelError: 2.84159e-05	AbsError: 1.82165e+08
      Equation: "PotentialEquation"	RelError: 4.01362e-04	AbsError: 2.77188e-08
    Region: "oxide"	RelError: 3.27683e-08	AbsError: 2.65445e-08
      Equation: "PotentialEquation"	RelError: 3.27683e-08	AbsError: 2.65445e-08
Iteration: 5
  Device: "mos_light"	RelError: 4.85832e-11	AbsError: 1.11156e+05
    Region: "bulk"	RelError: 4.85794e-11	AbsError: 1.11156e+05
      Equation: "ElectronContinuityEquation"	RelError: 2.77199e-13	AbsError: 1.11139e+05
      Equation: "HoleContinuityEquation"	RelError: 1.99053e-12	AbsError: 1.74149e+01
      Equation: "PotentialEquation"	RelError: 4.63116e-11	AbsError: 3.12590e-15
    Region: "oxide"	RelError: 3.78698e-15	AbsError: 3.06771e-15
      Equation: "PotentialEquation"	RelError: 3.78698e-15	AbsError: 3.06771e-15
number of equations 7095
Iteration: 0
  Device: "mos_light"	RelError: 2.01534e+03	AbsError: 2.72635e+18
    Region: "bulk"	RelError: 2.01530e+03	AbsError: 2.72635e+18
      Equation: "ElectronContinuityEquation"	RelError: 9.99000e+02	AbsError: 2.72556e+18
      Equation: "HoleContinuityEquation"	RelError: 9.99000e+02	AbsError: 7.90421e+14
      Equation: "PotentialEquation"	RelError: 1.72969e+01	AbsError: 3.62759e-02
    Region: "oxide"	RelError: 3.89957e-02	AbsError: 4.09542e-02
      Equation: "PotentialEquation"	RelError: 3.89957e-02	AbsError: 4.09542e-02
Iteration: 1
  Device: "mos_light"	RelError: 2.37494e+00	AbsError: 1.09679e+17
    Region: "bulk"	RelError: 2.34448e+00	AbsError: 1.09679e+17
      Equation: "ElectronContinuityEquation"	RelError: 9.97557e-01	AbsError: 1.09635e+17
      Equation: "HoleContinuityEquation"	RelError: 9.98182e-01	AbsError: 4.42699e+13
      Equation: "PotentialEquation"	RelError: 3.48738e-01	AbsError: 2.57045e-02
    Region: "oxide"	RelError: 3.04644e-02	AbsError: 3.07632e-02
      Equation: "PotentialEquation"	RelError: 3.04644e-02	AbsError: 3.07632e-02
Iteration: 2
  Device: "mos_light"	RelError: 1.08086e+00	AbsError: 2.74492e+16
    Region: "bulk"	RelError: 1.06166e+00	AbsError: 2.74492e+16
      Equation: "ElectronContinuityEquation"	RelError: 1.47339e-01	AbsError: 2.74488e+16
      Equation: "HoleContinuityEquation"	RelError: 8.99610e-01	AbsError: 3.43756e+11
      Equation: "PotentialEquation"	RelError: 1.47136e-02	AbsError: 1.71586e-02
    Region: "oxide"	RelError: 1.92017e-02	AbsError: 2.18667e-02
      Equation: "PotentialEquation"	RelError: 1.92017e-02	AbsError: 2.18667e-02
Iteration: 3
  Device: "mos_light"	RelError: 4.90527e-02	AbsError: 1.08848e+16
    Region: "bulk"	RelError: 4.08124e-02	AbsError: 1.08848e+16
      Equation: "ElectronContinuityEquation"	RelError: 1.01928e-02	AbsError: 1.08846e+16
      Equation: "HoleContinuityEquation"	RelError: 2.41184e-02	AbsError: 1.88078e+11
      Equation: "PotentialEquation"	RelError: 6.50124e-03	AbsError: 5.37197e-05
    Region: "oxide"	RelError: 8.24028e-03	AbsError: 9.16533e-03
      Equation: "PotentialEquation"	RelError: 8.24028e-03	AbsError: 9.16533e-03
Iteration: 4
  Device: "mos_light"	RelError: 2.75733e-05	AbsError: 2.61024e+12
    Region: "bulk"	RelError: 2.75311e-05	AbsError: 2.61024e+12
      Equation: "ElectronContinuityEquation"	RelError: 2.17771e-06	AbsError: 2.60999e+12
      Equation: "HoleContinuityEquation"	RelError: 1.81144e-05	AbsError: 2.40341e+08
      Equation: "PotentialEquation"	RelError: 7.23897e-06	AbsError: 3.96754e-08
    Region: "oxide"	RelError: 4.22505e-08	AbsError: 3.80900e-08
      Equation: "PotentialEquation"	RelError: 4.22505e-08	AbsError: 3.80900e-08
Iteration: 5
  Device: "mos_light"	RelError: 3.27464e-12	AbsError: 2.30455e+05
    Region: "bulk"	RelError: 3.26770e-12	AbsError: 2.30455e+05
      Equation: "ElectronContinuityEquation"	RelError: 3.92100e-13	AbsError: 2.30423e+05
      Equation: "HoleContinuityEquation"	RelError: 1.83367e-12	AbsError: 3.25460e+01
      Equation: "PotentialEquation"	RelError: 1.04192e-12	AbsError: 6.36103e-15
    Region: "oxide"	RelError: 6.94464e-15	AbsError: 6.26078e-15
      Equation: "PotentialEquation"	RelError: 6.94464e-15	AbsError: 6.26078e-15
number of equations 7095
Iteration: 0
  Device: "mos_light"	RelError: 1.98248e+03	AbsError: 2.87359e+18
    Region: "bulk"	RelError: 1.98245e+03	AbsError: 2.87359e+18
      Equation: "ElectronContinuityEquation"	RelError: 9.79321e+02	AbsError: 2.87284e+18
      Equation: "HoleContinuityEquation"	RelError: 9.99000e+02	AbsError: 7.48274e+14
      Equation: "PotentialEquation"	RelError: 4.12799e+00	AbsError: 3.59236e-02
    Region: "oxide"	RelError: 3.55465e-02	AbsError: 4.09542e-02
      Equation: "PotentialEquation"	RelError: 3.55465e-02	AbsError: 4.09542e-02
Iteration: 1
  Device: "mos_light"	RelError: 2.06836e+00	AbsError: 9.04549e+16
    Region: "bulk"	RelError: 2.04018e+00	AbsError: 9.04549e+16
      Equation: "ElectronContinuityEquation"	RelError: 9.97581e-01	AbsError: 9.04176e+16
      Equation: "HoleContinuityEquation"	RelError: 9.98166e-01	AbsError: 3.72994e+13
      Equation: "PotentialEquation"	RelError: 4.44294e-02	AbsError: 2.56698e-02
    Region: "oxide"	RelError: 2.81822e-02	AbsError: 3.07632e-02
      Equation: "PotentialEquation"	RelError: 2.81822e-02	AbsError: 3.07632e-02
Iteration: 2
  Device: "mos_light"	RelError: 9.95397e-01	AbsError: 2.78313e+16
    Region: "bulk"	RelError: 9.78252e-01	AbsError: 2.78313e+16
      Equation: "ElectronContinuityEquation"	RelError: 1.60442e-01	AbsError: 2.78311e+16
      Equation: "HoleContinuityEquation"	RelError: 8.05144e-01	AbsError: 2.28550e+11
      Equation: "PotentialEquation"	RelError: 1.26663e-02	AbsError: 1.64486e-02
    Region: "oxide"	RelError: 1.71450e-02	AbsError: 2.14367e-02
      Equation: "PotentialEquation"	RelError: 1.71450e-02	AbsError: 2.14367e-02
Iteration: 3
  Device: "mos_light"	RelError: 3.74387e-02	AbsError: 1.23599e+16
    Region: "bulk"	RelError: 2.98782e-02	AbsError: 1.23599e+16
      Equation: "ElectronContinuityEquation"	RelError: 7.77620e-03	AbsError: 1.23597e+16
      Equation: "HoleContinuityEquation"	RelError: 2.07569e-02	AbsError: 2.21379e+11
      Equation: "PotentialEquation"	RelError: 1.34512e-03	AbsError: 6.26005e-05
    Region: "oxide"	RelError: 7.56053e-03	AbsError: 9.16533e-03
      Equation: "PotentialEquation"	RelError: 7.56053e-03	AbsError: 9.16533e-03
Iteration: 4
  Device: "mos_light"	RelError: 1.87021e-05	AbsError: 3.60240e+12
    Region: "bulk"	RelError: 1.86505e-05	AbsError: 3.60240e+12
      Equation: "ElectronContinuityEquation"	RelError: 1.47760e-06	AbsError: 3.60212e+12
      Equation: "HoleContinuityEquation"	RelError: 1.54179e-05	AbsError: 2.83485e+08
      Equation: "PotentialEquation"	RelError: 1.75503e-06	AbsError: 5.18506e-08
    Region: "oxide"	RelError: 5.16158e-08	AbsError: 5.18506e-08
      Equation: "PotentialEquation"	RelError: 5.16158e-08	AbsError: 5.18506e-08
Iteration: 5
  Device: "mos_light"	RelError: 2.43305e-12	AbsError: 5.21179e+05
    Region: "bulk"	RelError: 2.41939e-12	AbsError: 5.21179e+05
      Equation: "ElectronContinuityEquation"	RelError: 3.05355e-13	AbsError: 5.21119e+05
      Equation: "HoleContinuityEquation"	RelError: 1.72689e-12	AbsError: 5.94322e+01
      Equation: "PotentialEquation"	RelError: 3.87141e-13	AbsError: 1.38905e-14
    Region: "oxide"	RelError: 1.36655e-14	AbsError: 1.37277e-14
      Equation: "PotentialEquation"	RelError: 1.36655e-14	AbsError: 1.37277e-14
number of equations 7095
Iteration: 0
  Device: "mos_light"	RelError: 1.07214e+03	AbsError: 2.98091e+18
    Region: "bulk"	RelError: 1.07211e+03	AbsError: 2.98091e+18
      Equation: "ElectronContinuityEquation"	RelError: 6.70668e+01	AbsError: 2.98020e+18
      Equation: "HoleContinuityEquation"	RelError: 9.99000e+02	AbsError: 7.07765e+14
      Equation: "PotentialEquation"	RelError: 6.03846e+00	AbsError: 3.55201e-02
    Region: "oxide"	RelError: 3.53515e-02	AbsError: 4.09542e-02
      Equation: "PotentialEquation"	RelError: 3.53515e-02	AbsError: 4.09542e-02
Iteration: 1
  Device: "mos_light"	RelError: 2.03754e+00	AbsError: 8.75887e+16
    Region: "bulk"	RelError: 2.01062e+00	AbsError: 8.75887e+16
      Equation: "ElectronContinuityEquation"	RelError: 9.65663e-01	AbsError: 8.75560e+16
      Equation: "HoleContinuityEquation"	RelError: 9.98166e-01	AbsError: 3.26774e+13
      Equation: "PotentialEquation"	RelError: 4.67854e-02	AbsError: 2.54563e-02
    Region: "oxide"	RelError: 2.69262e-02	AbsError: 3.07632e-02
      Equation: "PotentialEquation"	RelError: 2.69262e-02	AbsError: 3.07632e-02
Iteration: 2
  Device: "mos_light"	RelError: 8.86845e-01	AbsError: 3.74668e+16
    Region: "bulk"	RelError: 8.71436e-01	AbsError: 3.74668e+16
      Equation: "ElectronContinuityEquation"	RelError: 1.72108e-01	AbsError: 3.74666e+16
      Equation: "HoleContinuityEquation"	RelError: 6.88129e-01	AbsError: 1.85670e+11
      Equation: "PotentialEquation"	RelError: 1.11995e-02	AbsError: 1.56374e-02
    Region: "oxide"	RelError: 1.54082e-02	AbsError: 2.09413e-02
      Equation: "PotentialEquation"	RelError: 1.54082e-02	AbsError: 2.09413e-02
Iteration: 3
  Device: "mos_light"	RelError: 3.13692e-02	AbsError: 1.40965e+16
    Region: "bulk"	RelError: 2.43848e-02	AbsError: 1.40965e+16
      Equation: "ElectronContinuityEquation"	RelError: 6.09828e-03	AbsError: 1.40963e+16
      Equation: "HoleContinuityEquation"	RelError: 1.64107e-02	AbsError: 1.73875e+11
      Equation: "PotentialEquation"	RelError: 1.87577e-03	AbsError: 6.44949e-05
    Region: "oxide"	RelError: 6.98439e-03	AbsError: 9.16533e-03
      Equation: "PotentialEquation"	RelError: 6.98439e-03	AbsError: 9.16533e-03
Iteration: 4
  Device: "mos_light"	RelError: 1.87011e-05	AbsError: 3.64261e+12
    Region: "bulk"	RelError: 1.86531e-05	AbsError: 3.64261e+12
      Equation: "ElectronContinuityEquation"	RelError: 1.98677e-06	AbsError: 3.64229e+12
      Equation: "HoleContinuityEquation"	RelError: 1.34346e-05	AbsError: 3.18977e+08
      Equation: "PotentialEquation"	RelError: 3.23166e-06	AbsError: 5.43463e-08
    Region: "oxide"	RelError: 4.80065e-08	AbsError: 5.09702e-08
      Equation: "PotentialEquation"	RelError: 4.80065e-08	AbsError: 5.09702e-08
Iteration: 5
  Device: "mos_light"	RelError: 2.90772e-12	AbsError: 3.79859e+05
    Region: "bulk"	RelError: 2.89818e-12	AbsError: 3.79859e+05
      Equation: "ElectronContinuityEquation"	RelError: 4.62937e-13	AbsError: 3.79808e+05
      Equation: "HoleContinuityEquation"	RelError: 1.90502e-12	AbsError: 5.07876e+01
      Equation: "PotentialEquation"	RelError: 5.30223e-13	AbsError: 1.02744e-14
    Region: "oxide"	RelError: 9.54922e-15	AbsError: 1.01387e-14
      Equation: "PotentialEquation"	RelError: 9.54922e-15	AbsError: 1.01387e-14
number of equations 7095
Iteration: 0
  Device: "mos_light"	RelError: 1.10544e+03	AbsError: 3.06082e+18
    Region: "bulk"	RelError: 1.10541e+03	AbsError: 3.06082e+18
      Equation: "ElectronContinuityEquation"	RelError: 9.93729e+01	AbsError: 3.06016e+18
      Equation: "HoleContinuityEquation"	RelError: 9.99000e+02	AbsError: 6.66848e+14
      Equation: "PotentialEquation"	RelError: 7.03893e+00	AbsError: 3.50434e-02
    Region: "oxide"	RelError: 3.30704e-02	AbsError: 4.09542e-02
      Equation: "PotentialEquation"	RelError: 3.30704e-02	AbsError: 4.09542e-02
Iteration: 1
  Device: "mos_light"	RelError: 2.03475e+00	AbsError: 7.78664e+16
    Region: "bulk"	RelError: 2.00949e+00	AbsError: 7.78664e+16
      Equation: "ElectronContinuityEquation"	RelError: 9.76225e-01	AbsError: 7.78369e+16
      Equation: "HoleContinuityEquation"	RelError: 9.98124e-01	AbsError: 2.95147e+13
      Equation: "PotentialEquation"	RelError: 3.51428e-02	AbsError: 2.58009e-02
    Region: "oxide"	RelError: 2.52534e-02	AbsError: 3.07632e-02
      Equation: "PotentialEquation"	RelError: 2.52534e-02	AbsError: 3.07632e-02
Iteration: 2
  Device: "mos_light"	RelError: 7.94835e-01	AbsError: 3.78113e+16
    Region: "bulk"	RelError: 7.80729e-01	AbsError: 3.78113e+16
      Equation: "ElectronContinuityEquation"	RelError: 1.60326e-01	AbsError: 3.78110e+16
      Equation: "HoleContinuityEquation"	RelError: 6.10391e-01	AbsError: 3.31708e+11
      Equation: "PotentialEquation"	RelError: 1.00123e-02	AbsError: 1.47131e-02
    Region: "oxide"	RelError: 1.41054e-02	AbsError: 2.03713e-02
      Equation: "PotentialEquation"	RelError: 1.41054e-02	AbsError: 2.03713e-02
Iteration: 3
  Device: "mos_light"	RelError: 3.11710e-02	AbsError: 1.48302e+16
    Region: "bulk"	RelError: 2.46812e-02	AbsError: 1.48302e+16
      Equation: "ElectronContinuityEquation"	RelError: 7.61528e-03	AbsError: 1.48301e+16
      Equation: "HoleContinuityEquation"	RelError: 1.49808e-02	AbsError: 1.83487e+11
      Equation: "PotentialEquation"	RelError: 2.08508e-03	AbsError: 7.05288e-05
    Region: "oxide"	RelError: 6.48983e-03	AbsError: 9.16533e-03
      Equation: "PotentialEquation"	RelError: 6.48983e-03	AbsError: 9.16533e-03
Iteration: 4
  Device: "mos_light"	RelError: 1.62353e-05	AbsError: 4.66615e+12
    Region: "bulk"	RelError: 1.61806e-05	AbsError: 4.66615e+12
      Equation: "ElectronContinuityEquation"	RelError: 1.62532e-06	AbsError: 4.66581e+12
      Equation: "HoleContinuityEquation"	RelError: 1.11997e-05	AbsError: 3.41764e+08
      Equation: "PotentialEquation"	RelError: 3.35548e-06	AbsError: 6.53499e-08
    Region: "oxide"	RelError: 5.47246e-08	AbsError: 6.46407e-08
      Equation: "PotentialEquation"	RelError: 5.47246e-08	AbsError: 6.46407e-08
Iteration: 5
  Device: "mos_light"	RelError: 2.68484e-12	AbsError: 7.67800e+05
    Region: "bulk"	RelError: 2.66792e-12	AbsError: 7.67800e+05
      Equation: "ElectronContinuityEquation"	RelError: 3.83101e-13	AbsError: 7.67716e+05
      Equation: "HoleContinuityEquation"	RelError: 1.42876e-12	AbsError: 8.32180e+01
      Equation: "PotentialEquation"	RelError: 8.56066e-13	AbsError: 2.01612e-14
    Region: "oxide"	RelError: 1.69145e-14	AbsError: 1.99794e-14
      Equation: "PotentialEquation"	RelError: 1.69145e-14	AbsError: 1.99794e-14
number of equations 7095
Iteration: 0
  Device: "mos_light"	RelError: 1.06262e+03	AbsError: 3.12145e+18
    Region: "bulk"	RelError: 1.06259e+03	AbsError: 3.12145e+18
      Equation: "ElectronContinuityEquation"	RelError: 5.95999e+01	AbsError: 3.12080e+18
      Equation: "HoleContinuityEquation"	RelError: 9.99000e+02	AbsError: 6.49044e+14
      Equation: "PotentialEquation"	RelError: 3.98971e+00	AbsError: 3.44796e-02
    Region: "oxide"	RelError: 3.12174e-02	AbsError: 4.09542e-02
      Equation: "PotentialEquation"	RelError: 3.12174e-02	AbsError: 4.09542e-02
Iteration: 1
  Device: "mos_light"	RelError: 2.00418e+00	AbsError: 7.13906e+16
    Region: "bulk"	RelError: 1.98038e+00	AbsError: 7.13906e+16
      Equation: "ElectronContinuityEquation"	RelError: 9.61486e-01	AbsError: 7.13637e+16
      Equation: "HoleContinuityEquation"	RelError: 9.98165e-01	AbsError: 2.69535e+13
      Equation: "PotentialEquation"	RelError: 2.07244e-02	AbsError: 2.53970e-02
    Region: "oxide"	RelError: 2.38084e-02	AbsError: 3.07632e-02
      Equation: "PotentialEquation"	RelError: 2.38084e-02	AbsError: 3.07632e-02
Iteration: 2
  Device: "mos_light"	RelError: 7.58698e-01	AbsError: 3.80600e+16
    Region: "bulk"	RelError: 7.45791e-01	AbsError: 3.80600e+16
      Equation: "ElectronContinuityEquation"	RelError: 1.68642e-01	AbsError: 3.80596e+16
      Equation: "HoleContinuityEquation"	RelError: 5.68272e-01	AbsError: 4.46178e+11
      Equation: "PotentialEquation"	RelError: 8.87699e-03	AbsError: 1.36745e-02
    Region: "oxide"	RelError: 1.29069e-02	AbsError: 1.97225e-02
      Equation: "PotentialEquation"	RelError: 1.29069e-02	AbsError: 1.97225e-02
Iteration: 3
  Device: "mos_light"	RelError: 2.52163e-02	AbsError: 1.65896e+16
    Region: "bulk"	RelError: 1.91556e-02	AbsError: 1.65896e+16
      Equation: "ElectronContinuityEquation"	RelError: 5.50824e-03	AbsError: 1.65894e+16
      Equation: "HoleContinuityEquation"	RelError: 1.29502e-02	AbsError: 1.58348e+11
      Equation: "PotentialEquation"	RelError: 6.97113e-04	AbsError: 7.37852e-05
    Region: "oxide"	RelError: 6.06068e-03	AbsError: 9.16533e-03
      Equation: "PotentialEquation"	RelError: 6.06068e-03	AbsError: 9.16533e-03
Iteration: 4
  Device: "mos_light"	RelError: 1.48514e-05	AbsError: 4.56466e+12
    Region: "bulk"	RelError: 1.48028e-05	AbsError: 4.56466e+12
      Equation: "ElectronContinuityEquation"	RelError: 1.63083e-06	AbsError: 4.56431e+12
      Equation: "HoleContinuityEquation"	RelError: 1.04379e-05	AbsError: 3.52042e+08
      Equation: "PotentialEquation"	RelError: 2.73411e-06	AbsError: 6.51248e-08
    Region: "oxide"	RelError: 4.86152e-08	AbsError: 6.02100e-08
      Equation: "PotentialEquation"	RelError: 4.86152e-08	AbsError: 6.02100e-08
Iteration: 5
  Device: "mos_light"	RelError: 2.66827e-12	AbsError: 5.22554e+05
    Region: "bulk"	RelError: 2.65709e-12	AbsError: 5.22554e+05
      Equation: "ElectronContinuityEquation"	RelError: 3.76427e-13	AbsError: 5.22489e+05
      Equation: "HoleContinuityEquation"	RelError: 1.80012e-12	AbsError: 6.46442e+01
      Equation: "PotentialEquation"	RelError: 4.80547e-13	AbsError: 1.40016e-14
    Region: "oxide"	RelError: 1.11703e-14	AbsError: 1.38344e-14
      Equation: "PotentialEquation"	RelError: 1.11703e-14	AbsError: 1.38344e-14
number of equations 7095
Iteration: 0
  Device: "mos_light"	RelError: 1.02592e+03	AbsError: 3.16813e+18
    Region: "bulk"	RelError: 1.02589e+03	AbsError: 3.16813e+18
      Equation: "ElectronContinuityEquation"	RelError: 2.23746e+01	AbsError: 3.16749e+18
      Equation: "HoleContinuityEquation"	RelError: 9.99000e+02	AbsError: 6.37809e+14
      Equation: "PotentialEquation"	RelError: 4.51513e+00	AbsError: 3.38202e-02
    Region: "oxide"	RelError: 3.15567e-02	AbsError: 4.09542e-02
      Equation: "PotentialEquation"	RelError: 3.15567e-02	AbsError: 4.09542e-02
Iteration: 1
  Device: "mos_light"	RelError: 1.94221e+00	AbsError: 7.16902e+16
    Region: "bulk"	RelError: 1.91967e+00	AbsError: 7.16902e+16
      Equation: "ElectronContinuityEquation"	RelError: 9.01698e-01	AbsError: 7.16643e+16
      Equation: "HoleContinuityEquation"	RelError: 9.98142e-01	AbsError: 2.59312e+13
      Equation: "PotentialEquation"	RelError: 1.98330e-02	AbsError: 2.58762e-02
    Region: "oxide"	RelError: 2.25403e-02	AbsError: 3.07632e-02
      Equation: "PotentialEquation"	RelError: 2.25403e-02	AbsError: 3.07632e-02
Iteration: 2
  Device: "mos_light"	RelError: 6.82305e-01	AbsError: 1.51559e+16
    Region: "bulk"	RelError: 6.70380e-01	AbsError: 1.51559e+16
      Equation: "ElectronContinuityEquation"	RelError: 1.59790e-01	AbsError: 1.51557e+16
      Equation: "HoleContinuityEquation"	RelError: 5.02789e-01	AbsError: 1.98586e+11
      Equation: "PotentialEquation"	RelError: 7.80091e-03	AbsError: 1.25500e-02
    Region: "oxide"	RelError: 1.19252e-02	AbsError: 1.91172e-02
      Equation: "PotentialEquation"	RelError: 1.19252e-02	AbsError: 1.91172e-02
Iteration: 3
  Device: "mos_light"	RelError: 2.38071e-02	AbsError: 1.56669e+16
    Region: "bulk"	RelError: 1.81224e-02	AbsError: 1.56669e+16
      Equation: "ElectronContinuityEquation"	RelError: 4.80151e-03	AbsError: 1.56667e+16
      Equation: "HoleContinuityEquation"	RelError: 1.20780e-02	AbsError: 1.50083e+11
      Equation: "PotentialEquation"	RelError: 1.24280e-03	AbsError: 7.68831e-05
    Region: "oxide"	RelError: 5.68477e-03	AbsError: 9.16533e-03
      Equation: "PotentialEquation"	RelError: 5.68477e-03	AbsError: 9.16533e-03
Iteration: 4
  Device: "mos_light"	RelError: 1.17241e-05	AbsError: 4.87945e+12
    Region: "bulk"	RelError: 1.16823e-05	AbsError: 4.87945e+12
      Equation: "ElectronContinuityEquation"	RelError: 1.83217e-06	AbsError: 4.87917e+12
      Equation: "HoleContinuityEquation"	RelError: 8.29132e-06	AbsError: 2.81880e+08
      Equation: "PotentialEquation"	RelError: 1.55884e-06	AbsError: 5.90949e-08
    Region: "oxide"	RelError: 4.17996e-08	AbsError: 5.76126e-08
      Equation: "PotentialEquation"	RelError: 4.17996e-08	AbsError: 5.76126e-08
Iteration: 5
  Device: "mos_light"	RelError: 1.95086e-12	AbsError: 5.96955e+05
    Region: "bulk"	RelError: 1.94080e-12	AbsError: 5.96955e+05
      Equation: "ElectronContinuityEquation"	RelError: 3.04603e-13	AbsError: 5.96904e+05
      Equation: "HoleContinuityEquation"	RelError: 1.33864e-12	AbsError: 5.14690e+01
      Equation: "PotentialEquation"	RelError: 2.97558e-13	AbsError: 1.38660e-14
    Region: "oxide"	RelError: 1.00602e-14	AbsError: 1.38660e-14
      Equation: "PotentialEquation"	RelError: 1.00602e-14	AbsError: 1.38660e-14
number of equations 7095
Iteration: 0
  Device: "mos_light"	RelError: 1.02885e+03	AbsError: 3.20452e+18
    Region: "bulk"	RelError: 1.02882e+03	AbsError: 3.20452e+18
      Equation: "ElectronContinuityEquation"	RelError: 2.33672e+01	AbsError: 3.20389e+18
      Equation: "HoleContinuityEquation"	RelError: 9.98996e+02	AbsError: 6.23045e+14
      Equation: "PotentialEquation"	RelError: 6.45492e+00	AbsError: 3.30758e-02
    Region: "oxide"	RelError: 3.00641e-02	AbsError: 4.09542e-02
      Equation: "PotentialEquation"	RelError: 3.00641e-02	AbsError: 4.09542e-02
Iteration: 1
  Device: "mos_light"	RelError: 1.94755e+00	AbsError: 7.27824e+16
    Region: "bulk"	RelError: 1.92613e+00	AbsError: 7.27824e+16
      Equation: "ElectronContinuityEquation"	RelError: 9.06186e-01	AbsError: 7.27577e+16
      Equation: "HoleContinuityEquation"	RelError: 9.98099e-01	AbsError: 2.47528e+13
      Equation: "PotentialEquation"	RelError: 2.18478e-02	AbsError: 2.55922e-02
    Region: "oxide"	RelError: 2.14139e-02	AbsError: 3.07632e-02
      Equation: "PotentialEquation"	RelError: 2.14139e-02	AbsError: 3.07632e-02
Iteration: 2
  Device: "mos_light"	RelError: 6.26699e-01	AbsError: 1.64912e+16
    Region: "bulk"	RelError: 6.15475e-01	AbsError: 1.64912e+16
      Equation: "ElectronContinuityEquation"	RelError: 1.60774e-01	AbsError: 1.64910e+16
      Equation: "HoleContinuityEquation"	RelError: 4.47887e-01	AbsError: 2.17385e+11
      Equation: "PotentialEquation"	RelError: 6.81349e-03	AbsError: 1.14082e-02
    Region: "oxide"	RelError: 1.12250e-02	AbsError: 1.91172e-02
      Equation: "PotentialEquation"	RelError: 1.12250e-02	AbsError: 1.91172e-02
Iteration: 3
  Device: "mos_light"	RelError: 2.08056e-02	AbsError: 1.73643e+16
    Region: "bulk"	RelError: 1.54528e-02	AbsError: 1.73643e+16
      Equation: "ElectronContinuityEquation"	RelError: 4.07793e-03	AbsError: 1.73642e+16
      Equation: "HoleContinuityEquation"	RelError: 1.08208e-02	AbsError: 1.32529e+11
      Equation: "PotentialEquation"	RelError: 5.54036e-04	AbsError: 7.73765e-05
    Region: "oxide"	RelError: 5.35277e-03	AbsError: 9.16533e-03
      Equation: "PotentialEquation"	RelError: 5.35277e-03	AbsError: 9.16533e-03
Iteration: 4
  Device: "mos_light"	RelError: 1.45874e-05	AbsError: 5.01666e+12
    Region: "bulk"	RelError: 1.45443e-05	AbsError: 5.01666e+12
      Equation: "ElectronContinuityEquation"	RelError: 1.73359e-06	AbsError: 5.01634e+12
      Equation: "HoleContinuityEquation"	RelError: 8.11704e-06	AbsError: 3.20880e+08
      Equation: "PotentialEquation"	RelError: 4.69365e-06	AbsError: 6.62544e-08
    Region: "oxide"	RelError: 4.31342e-08	AbsError: 6.19328e-08
      Equation: "PotentialEquation"	RelError: 4.31342e-08	AbsError: 6.19328e-08
Iteration: 5
  Device: "mos_light"	RelError: 2.57377e-12	AbsError: 5.75935e+05
    Region: "bulk"	RelError: 2.56360e-12	AbsError: 5.75935e+05
      Equation: "ElectronContinuityEquation"	RelError: 3.61372e-13	AbsError: 5.75878e+05
      Equation: "HoleContinuityEquation"	RelError: 1.39961e-12	AbsError: 5.72217e+01
      Equation: "PotentialEquation"	RelError: 8.02612e-13	AbsError: 1.46691e-14
    Region: "oxide"	RelError: 1.01787e-14	AbsError: 1.46148e-14
      Equation: "PotentialEquation"	RelError: 1.01787e-14	AbsError: 1.46148e-14
number of equations 7095
Iteration: 0
  Device: "mos_light"	RelError: 1.02978e+03	AbsError: 3.23321e+18
    Region: "bulk"	RelError: 1.02975e+03	AbsError: 3.23321e+18
      Equation: "ElectronContinuityEquation"	RelError: 1.99369e+01	AbsError: 3.23260e+18
      Equation: "HoleContinuityEquation"	RelError: 9.98286e+02	AbsError: 6.04698e+14
      Equation: "PotentialEquation"	RelError: 1.15285e+01	AbsError: 3.22834e-02
    Region: "oxide"	RelError: 2.87448e-02	AbsError: 4.09542e-02
      Equation: "PotentialEquation"	RelError: 2.87448e-02	AbsError: 4.09542e-02
Iteration: 1
  Device: "mos_light"	RelError: 1.95408e+00	AbsError: 7.21644e+16
    Region: "bulk"	RelError: 1.93332e+00	AbsError: 7.21644e+16
      Equation: "ElectronContinuityEquation"	RelError: 8.91579e-01	AbsError: 7.21411e+16
      Equation: "HoleContinuityEquation"	RelError: 9.98040e-01	AbsError: 2.32277e+13
      Equation: "PotentialEquation"	RelError: 4.36995e-02	AbsError: 2.58386e-02
    Region: "oxide"	RelError: 2.07656e-02	AbsError: 3.07632e-02
      Equation: "PotentialEquation"	RelError: 2.07656e-02	AbsError: 3.07632e-02
Iteration: 2
  Device: "mos_light"	RelError: 5.45305e-01	AbsError: 5.09901e+16
    Region: "bulk"	RelError: 5.34703e-01	AbsError: 5.09901e+16
      Equation: "ElectronContinuityEquation"	RelError: 1.41074e-01	AbsError: 5.09897e+16
      Equation: "HoleContinuityEquation"	RelError: 3.87687e-01	AbsError: 4.28652e+11
      Equation: "PotentialEquation"	RelError: 5.94205e-03	AbsError: 1.05151e-02
    Region: "oxide"	RelError: 1.06024e-02	AbsError: 1.91172e-02
      Equation: "PotentialEquation"	RelError: 1.06024e-02	AbsError: 1.91172e-02
Iteration: 3
  Device: "mos_light"	RelError: 2.07984e-02	AbsError: 1.33879e+16
    Region: "bulk"	RelError: 1.57410e-02	AbsError: 1.33879e+16
      Equation: "ElectronContinuityEquation"	RelError: 4.57980e-03	AbsError: 1.33878e+16
      Equation: "HoleContinuityEquation"	RelError: 9.34490e-03	AbsError: 1.01035e+11
      Equation: "PotentialEquation"	RelError: 1.81630e-03	AbsError: 6.74522e-05
    Region: "oxide"	RelError: 5.05740e-03	AbsError: 9.16533e-03
      Equation: "PotentialEquation"	RelError: 5.05740e-03	AbsError: 9.16533e-03
Iteration: 4
  Device: "mos_light"	RelError: 1.03101e-05	AbsError: 3.97405e+12
    Region: "bulk"	RelError: 1.02836e-05	AbsError: 3.97405e+12
      Equation: "ElectronContinuityEquation"	RelError: 1.49051e-06	AbsError: 3.97388e+12
      Equation: "HoleContinuityEquation"	RelError: 5.25595e-06	AbsError: 1.65674e+08
      Equation: "PotentialEquation"	RelError: 3.53717e-06	AbsError: 4.23519e-08
    Region: "oxide"	RelError: 2.64566e-08	AbsError: 4.23519e-08
      Equation: "PotentialEquation"	RelError: 2.64566e-08	AbsError: 4.23519e-08
Iteration: 5
  Device: "mos_light"	RelError: 1.33624e-12	AbsError: 3.83564e+05
    Region: "bulk"	RelError: 1.33140e-12	AbsError: 3.83564e+05
      Equation: "ElectronContinuityEquation"	RelError: 1.31205e-13	AbsError: 3.83541e+05
      Equation: "HoleContinuityEquation"	RelError: 7.04042e-13	AbsError: 2.27872e+01
      Equation: "PotentialEquation"	RelError: 4.96157e-13	AbsError: 7.74861e-15
    Region: "oxide"	RelError: 4.84044e-15	AbsError: 7.74861e-15
      Equation: "PotentialEquation"	RelError: 4.84044e-15	AbsError: 7.74861e-15
number of equations 7095
Iteration: 0
  Device: "mos_light"	RelError: 1.01486e+03	AbsError: 3.25609e+18
    Region: "bulk"	RelError: 1.01483e+03	AbsError: 3.25609e+18
      Equation: "ElectronContinuityEquation"	RelError: 1.36596e+01	AbsError: 3.25550e+18
      Equation: "HoleContinuityEquation"	RelError: 9.84587e+02	AbsError: 5.86055e+14
      Equation: "PotentialEquation"	RelError: 1.65880e+01	AbsError: 3.17023e-02
    Region: "oxide"	RelError: 2.75569e-02	AbsError: 4.09542e-02
      Equation: "PotentialEquation"	RelError: 2.75569e-02	AbsError: 4.09542e-02
Iteration: 1
  Device: "mos_light"	RelError: 1.88069e+00	AbsError: 7.80194e+16
    Region: "bulk"	RelError: 1.86088e+00	AbsError: 7.80194e+16
      Equation: "ElectronContinuityEquation"	RelError: 8.46859e-01	AbsError: 7.79977e+16
      Equation: "HoleContinuityEquation"	RelError: 9.97975e-01	AbsError: 2.16490e+13
      Equation: "PotentialEquation"	RelError: 1.60463e-02	AbsError: 2.51645e-02
    Region: "oxide"	RelError: 1.98146e-02	AbsError: 3.07632e-02
      Equation: "PotentialEquation"	RelError: 1.98146e-02	AbsError: 3.07632e-02
Iteration: 2
  Device: "mos_light"	RelError: 5.03241e-01	AbsError: 5.08407e+16
    Region: "bulk"	RelError: 4.93196e-01	AbsError: 5.08407e+16
      Equation: "ElectronContinuityEquation"	RelError: 1.35074e-01	AbsError: 5.08402e+16
      Equation: "HoleContinuityEquation"	RelError: 3.41218e-01	AbsError: 4.74623e+11
      Equation: "PotentialEquation"	RelError: 1.69038e-02	AbsError: 9.78625e-03
    Region: "oxide"	RelError: 1.00453e-02	AbsError: 1.91172e-02
      Equation: "PotentialEquation"	RelError: 1.00453e-02	AbsError: 1.91172e-02
Iteration: 3
  Device: "mos_light"	RelError: 2.18828e-02	AbsError: 1.52221e+16
    Region: "bulk"	RelError: 1.70899e-02	AbsError: 1.52221e+16
      Equation: "ElectronContinuityEquation"	RelError: 4.64400e-03	AbsError: 1.52220e+16
      Equation: "HoleContinuityEquation"	RelError: 9.39663e-03	AbsError: 1.09013e+11
      Equation: "PotentialEquation"	RelError: 3.04925e-03	AbsError: 7.23341e-05
    Region: "oxide"	RelError: 4.79293e-03	AbsError: 9.16533e-03
      Equation: "PotentialEquation"	RelError: 4.79293e-03	AbsError: 9.16533e-03
Iteration: 4
  Device: "mos_light"	RelError: 1.17403e-05	AbsError: 4.10473e+12
    Region: "bulk"	RelError: 1.17155e-05	AbsError: 4.10473e+12
      Equation: "ElectronContinuityEquation"	RelError: 1.52046e-06	AbsError: 4.10456e+12
      Equation: "HoleContinuityEquation"	RelError: 6.79440e-06	AbsError: 1.70383e+08
      Equation: "PotentialEquation"	RelError: 3.40068e-06	AbsError: 4.19978e-08
    Region: "oxide"	RelError: 2.47768e-08	AbsError: 4.10787e-08
      Equation: "PotentialEquation"	RelError: 2.47768e-08	AbsError: 4.10787e-08
Iteration: 5
  Device: "mos_light"	RelError: 1.71705e-12	AbsError: 2.94012e+05
    Region: "bulk"	RelError: 1.71332e-12	AbsError: 2.94012e+05
      Equation: "ElectronContinuityEquation"	RelError: 1.55805e-13	AbsError: 2.93993e+05
      Equation: "HoleContinuityEquation"	RelError: 1.16763e-12	AbsError: 1.87069e+01
      Equation: "PotentialEquation"	RelError: 3.89886e-13	AbsError: 6.18102e-15
    Region: "oxide"	RelError: 3.72812e-15	AbsError: 6.18102e-15
      Equation: "PotentialEquation"	RelError: 3.72812e-15	AbsError: 6.18102e-15
number of equations 7095
Iteration: 0
  Device: "mos_light"	RelError: 4.94380e+01	AbsError: 3.27457e+18
    Region: "bulk"	RelError: 4.94115e+01	AbsError: 3.27457e+18
      Equation: "ElectronContinuityEquation"	RelError: 9.60652e+00	AbsError: 3.27399e+18
      Equation: "HoleContinuityEquation"	RelError: 2.02431e+01	AbsError: 5.73620e+14
      Equation: "PotentialEquation"	RelError: 1.95619e+01	AbsError: 3.10974e-02
    Region: "oxide"	RelError: 2.64682e-02	AbsError: 4.09542e-02
      Equation: "PotentialEquation"	RelError: 2.64682e-02	AbsError: 4.09542e-02
Iteration: 1
  Device: "mos_light"	RelError: 1.73818e+00	AbsError: 8.26526e+16
    Region: "bulk"	RelError: 1.71923e+00	AbsError: 8.26526e+16
      Equation: "ElectronContinuityEquation"	RelError: 7.89662e-01	AbsError: 8.26318e+16
      Equation: "HoleContinuityEquation"	RelError: 9.09435e-01	AbsError: 2.08105e+13
      Equation: "PotentialEquation"	RelError: 2.01362e-02	AbsError: 2.54243e-02
    Region: "oxide"	RelError: 1.89460e-02	AbsError: 3.07632e-02
      Equation: "PotentialEquation"	RelError: 1.89460e-02	AbsError: 3.07632e-02
Iteration: 2
  Device: "mos_light"	RelError: 4.44609e-01	AbsError: 5.06055e+16
    Region: "bulk"	RelError: 4.35065e-01	AbsError: 5.06055e+16
      Equation: "ElectronContinuityEquation"	RelError: 1.30241e-01	AbsError: 5.06051e+16
      Equation: "HoleContinuityEquation"	RelError: 2.89102e-01	AbsError: 4.66795e+11
      Equation: "PotentialEquation"	RelError: 1.57222e-02	AbsError: 8.88519e-03
    Region: "oxide"	RelError: 9.54383e-03	AbsError: 1.91172e-02
      Equation: "PotentialEquation"	RelError: 9.54383e-03	AbsError: 1.91172e-02
Iteration: 3
  Device: "mos_light"	RelError: 1.57404e-02	AbsError: 7.57699e+15
    Region: "bulk"	RelError: 1.11856e-02	AbsError: 7.57699e+15
      Equation: "ElectronContinuityEquation"	RelError: 3.69132e-03	AbsError: 7.57695e+15
      Equation: "HoleContinuityEquation"	RelError: 6.11881e-03	AbsError: 4.58411e+10
      Equation: "PotentialEquation"	RelError: 1.37549e-03	AbsError: 4.14994e-05
    Region: "oxide"	RelError: 4.55474e-03	AbsError: 9.16533e-03
      Equation: "PotentialEquation"	RelError: 4.55474e-03	AbsError: 9.16533e-03
Iteration: 4
  Device: "mos_light"	RelError: 4.16265e-06	AbsError: 1.66020e+12
    Region: "bulk"	RelError: 4.15376e-06	AbsError: 1.66020e+12
      Equation: "ElectronContinuityEquation"	RelError: 8.08789e-07	AbsError: 1.66015e+12
      Equation: "HoleContinuityEquation"	RelError: 2.28807e-06	AbsError: 4.68352e+07
      Equation: "PotentialEquation"	RelError: 1.05690e-06	AbsError: 1.64845e-08
    Region: "oxide"	RelError: 8.88643e-09	AbsError: 1.64845e-08
      Equation: "PotentialEquation"	RelError: 8.88643e-09	AbsError: 1.64845e-08
Iteration: 5
  Device: "mos_light"	RelError: 2.46430e-13	AbsError: 7.46315e+04
    Region: "bulk"	RelError: 2.45802e-13	AbsError: 7.46315e+04
      Equation: "ElectronContinuityEquation"	RelError: 3.63576e-14	AbsError: 7.46291e+04
      Equation: "HoleContinuityEquation"	RelError: 1.53453e-13	AbsError: 2.42564e+00
      Equation: "PotentialEquation"	RelError: 5.59915e-14	AbsError: 1.16439e-15
    Region: "oxide"	RelError: 6.27697e-16	AbsError: 1.16439e-15
      Equation: "PotentialEquation"	RelError: 6.27697e-16	AbsError: 1.16439e-15
PROBE_RESULT={"status": "OK", "Vg_V": 2.0, "Id_A_per_um": 0.0005442367715179144, "Is_A_per_um": -0.0005442367715178763, "Ib_A_per_um": -3.80123669454874e-17, "current_balance_A_per_um": 4.3129308753803393e-20, "relative_current_balance": 7.924732581650582e-17}
