x_um,y_um,SourceDoping_cm3,DrainDoping_cm3,NetDoping_cm3,expected_NA_cm3
0.0,0.0,1e+19,0.0,9.93e+18,7e+16
0.0,0.0025,1e+19,0.0,9.93e+18,7e+16
0.025,0.0,1e+19,0.0,9.93e+18,7e+16
0.025,0.0025,1e+19,0.0,9.93e+18,7e+16
0.0,0.00546875,1e+19,0.0,9.93e+18,7e+16
0.025,0.00546875,1e+19,0.0,9.93e+18,7e+16
0.0,0.008994140624999999,1e+19,0.0,9.93e+18,7e+16
0.025,0.008994140624999999,1e+19,0.0,9.93e+18,7e+16
0.0,0.0131805419921875,1e+19,0.0,9.93e+18,7e+16
0.025,0.0131805419921875,1e+19,0.0,9.93e+18,7e+16
0.0,0.01815189361572265,1e+19,0.0,9.93e+18,7e+16
0.025,0.01815189361572265,1e+19,0.0,9.93e+18,7e+16
0.0,0.024055373668670638,9.999999999998917e+18,0.0,9.929999999998917e+18,7e+16
0.025,0.024055373668670638,9.999999999998917e+18,0.0,9.929999999998917e+18,7e+16
0.0,0.03106575623154638,9.999999573193622e+18,0.0,9.929999573193622e+18,7e+16
0.025,0.03106575623154638,9.999999573193622e+18,0.0,9.929999573193622e+18,7e+16
0.0,0.03939058552496131,9.986536236000594e+18,0.0,9.916536236000594e+18,7e+16
0.025,0.03939058552496131,9.986536236000594e+18,0.0,9.916536236000594e+18,7e+16
0.0,0.049276320310891554,5.81091866650349e+18,0.0,5.74091866650349e+18,7e+16
0.025,0.049276320310891554,5.81091866650349e+18,0.0,5.74091866650349e+18,7e+16
0.0,0.05,5e+18,0.0,4.93e+18,7e+16
0.025,0.05,5e+18,0.0,4.93e+18,7e+16
0.0,0.060000000000000005,2.3388674905236376e+16,0.0,-4.6611325094763624e+16,7e+16
0.025,0.060000000000000005,2.3388674905236376e+16,0.0,-4.6611325094763624e+16,7e+16
0.0,0.07200000000000001,2445855135.3028975,0.0,-6.999999755414486e+16,7e+16
0.025,0.07200000000000001,2445855135.3028975,0.0,-6.999999755414486e+16,7e+16
0.0,0.0864,3.6927184431223013e-06,0.0,-7e+16,7e+16
0.025,0.0864,3.6927184431223013e-06,0.0,-7e+16,7e+16
0.0,0.10368,2.2917649593358648e-33,0.0,-7e+16,7e+16
0.025,0.10368,2.2917649593358648e-33,0.0,-7e+16,7e+16
0.0,0.124416,1.1920887850973537e-79,0.0,-7e+16,7e+16
0.025,0.124416,1.1920887850973537e-79,0.0,-7e+16,7e+16
0.0,0.1492992,7.2506122717558704e-155,0.0,-7e+16,7e+16
0.025,0.1492992,7.2506122717558704e-155,0.0,-7e+16,7e+16
0.0,0.17915904,1.7413766378171499e-273,0.0,-7e+16,7e+16
0.025,0.17915904,1.7413766378171499e-273,0.0,-7e+16,7e+16
0.0,0.2149908479999999,0.0,0.0,-7e+16,7e+16
0.025,0.2149908479999999,0.0,0.0,-7e+16,7e+16
0.0,0.2579890175999999,0.0,0.0,-7e+16,7e+16
0.025,0.2579890175999999,0.0,0.0,-7e+16,7e+16
0.0,0.3,0.0,0.0,-7e+16,7e+16
0.025,0.3,0.0,0.0,-7e+16,7e+16
0.03708791208791209,0.0,1e+19,0.0,9.93e+18,7e+16
0.03708791208791209,0.0025,1e+19,0.0,9.93e+18,7e+16
0.03708791208791209,0.00546875,1e+19,0.0,9.93e+18,7e+16
0.03708791208791209,0.008994140624999999,1e+19,0.0,9.93e+18,7e+16
0.03708791208791209,0.0131805419921875,1e+19,0.0,9.93e+18,7e+16
0.03708791208791209,0.01815189361572265,1e+19,0.0,9.93e+18,7e+16
0.03708791208791209,0.024055373668670638,9.999999999998917e+18,0.0,9.929999999998917e+18,7e+16
0.03708791208791209,0.03106575623154638,9.999999573193622e+18,0.0,9.929999573193622e+18,7e+16
0.03708791208791209,0.03939058552496131,9.986536236000594e+18,0.0,9.916536236000594e+18,7e+16
0.03708791208791209,0.049276320310891554,5.81091866650349e+18,0.0,5.74091866650349e+18,7e+16
0.03708791208791209,0.05,5e+18,0.0,4.93e+18,7e+16
0.03708791208791209,0.060000000000000005,2.3388674905236376e+16,0.0,-4.6611325094763624e+16,7e+16
0.03708791208791209,0.07200000000000001,2445855135.3028975,0.0,-6.999999755414486e+16,7e+16
0.03708791208791209,0.0864,3.6927184431223013e-06,0.0,-7e+16,7e+16
0.03708791208791209,0.10368,2.2917649593358648e-33,0.0,-7e+16,7e+16
0.03708791208791209,0.124416,1.1920887850973537e-79,0.0,-7e+16,7e+16
0.03708791208791209,0.1492992,7.2506122717558704e-155,0.0,-7e+16,7e+16
0.03708791208791209,0.17915904,1.7413766378171499e-273,0.0,-7e+16,7e+16
0.03708791208791209,0.2149908479999999,0.0,0.0,-7e+16,7e+16
0.03708791208791209,0.2579890175999999,0.0,0.0,-7e+16,7e+16
0.03708791208791209,0.3,0.0,0.0,-7e+16,7e+16
0.04293261683371574,0.0,1e+19,0.0,9.93e+18,7e+16
0.04293261683371574,0.0025,1e+19,0.0,9.93e+18,7e+16
0.04293261683371574,0.00546875,1e+19,0.0,9.93e+18,7e+16
0.04293261683371574,0.008994140624999999,1e+19,0.0,9.93e+18,7e+16
0.04293261683371574,0.0131805419921875,1e+19,0.0,9.93e+18,7e+16
0.04293261683371574,0.01815189361572265,1e+19,0.0,9.93e+18,7e+16
0.04293261683371574,0.024055373668670638,9.999999999998917e+18,0.0,9.929999999998917e+18,7e+16
0.04293261683371574,0.03106575623154638,9.999999573193622e+18,0.0,9.929999573193622e+18,7e+16
0.04293261683371574,0.03939058552496131,9.986536236000594e+18,0.0,9.916536236000594e+18,7e+16
0.04293261683371574,0.049276320310891554,5.81091866650349e+18,0.0,5.74091866650349e+18,7e+16
0.04293261683371574,0.05,5e+18,0.0,4.93e+18,7e+16
0.04293261683371574,0.060000000000000005,2.3388674905236376e+16,0.0,-4.6611325094763624e+16,7e+16
0.04293261683371574,0.07200000000000001,2445855135.3028975,0.0,-6.999999755414486e+16,7e+16
0.04293261683371574,0.0864,3.6927184431223013e-06,0.0,-7e+16,7e+16
0.04293261683371574,0.10368,2.2917649593358648e-33,0.0,-7e+16,7e+16
0.04293261683371574,0.124416,1.1920887850973537e-79,0.0,-7e+16,7e+16
0.04293261683371574,0.1492992,7.2506122717558704e-155,0.0,-7e+16,7e+16
0.04293261683371574,0.17915904,1.7413766378171499e-273,0.0,-7e+16,7e+16
0.04293261683371574,0.2149908479999999,0.0,0.0,-7e+16,7e+16
0.04293261683371574,0.2579890175999999,0.0,0.0,-7e+16,7e+16
0.04293261683371574,0.3,0.0,0.0,-7e+16,7e+16
0.045758627919598824,0.0,1e+19,0.0,9.93e+18,7e+16
0.045758627919598824,0.0025,1e+19,0.0,9.93e+18,7e+16
0.045758627919598824,0.00546875,1e+19,0.0,9.93e+18,7e+16
0.045758627919598824,0.008994140624999999,1e+19,0.0,9.93e+18,7e+16
0.045758627919598824,0.0131805419921875,1e+19,0.0,9.93e+18,7e+16
0.045758627919598824,0.01815189361572265,1e+19,0.0,9.93e+18,7e+16
0.045758627919598824,0.024055373668670638,9.999999999998917e+18,0.0,9.929999999998917e+18,7e+16
0.045758627919598824,0.03106575623154638,9.999999573193622e+18,0.0,9.929999573193622e+18,7e+16
0.045758627919598824,0.03939058552496131,9.986536236000594e+18,0.0,9.916536236000594e+18,7e+16
0.045758627919598824,0.049276320310891554,5.81091866650349e+18,0.0,5.74091866650349e+18,7e+16
0.045758627919598824,0.05,5e+18,0.0,4.93e+18,7e+16
0.045758627919598824,0.060000000000000005,2.3388674905236376e+16,0.0,-4.6611325094763624e+16,7e+16
0.045758627919598824,0.07200000000000001,2445855135.3028975,0.0,-6.999999755414486e+16,7e+16
0.045758627919598824,0.0864,3.6927184431223013e-06,0.0,-7e+16,7e+16
0.045758627919598824,0.10368,2.2917649593358648e-33,0.0,-7e+16,7e+16
0.045758627919598824,0.124416,1.1920887850973537e-79,0.0,-7e+16,7e+16
0.045758627919598824,0.1492992,7.2506122717558704e-155,0.0,-7e+16,7e+16
0.045758627919598824,0.17915904,1.7413766378171499e-273,0.0,-7e+16,7e+16
0.045758627919598824,0.2149908479999999,0.0,0.0,-7e+16,7e+16
0.045758627919598824,0.2579890175999999,0.0,0.0,-7e+16,7e+16
0.045758627919598824,0.3,0.0,0.0,-7e+16,7e+16
0.04700000000000001,0.0,1e+19,0.0,9.93e+18,7e+16
0.04700000000000001,0.0025,1e+19,0.0,9.93e+18,7e+16
0.04700000000000001,0.00546875,1e+19,0.0,9.93e+18,7e+16
0.04700000000000001,0.008994140624999999,1e+19,0.0,9.93e+18,7e+16
0.04700000000000001,0.0131805419921875,1e+19,0.0,9.93e+18,7e+16
0.04700000000000001,0.01815189361572265,1e+19,0.0,9.93e+18,7e+16
0.04700000000000001,0.024055373668670638,9.999999999998917e+18,0.0,9.929999999998917e+18,7e+16
0.04700000000000001,0.03106575623154638,9.999999573193622e+18,0.0,9.929999573193622e+18,7e+16
0.04700000000000001,0.03939058552496131,9.986536236000594e+18,0.0,9.916536236000594e+18,7e+16
0.04700000000000001,0.049276320310891554,5.81091866650349e+18,0.0,5.74091866650349e+18,7e+16
0.04700000000000001,0.05,5e+18,0.0,4.93e+18,7e+16
0.04700000000000001,0.060000000000000005,2.3388674905236376e+16,0.0,-4.6611325094763624e+16,7e+16
0.04700000000000001,0.07200000000000001,2445855135.3028975,0.0,-6.999999755414486e+16,7e+16
0.04700000000000001,0.0864,3.6927184431223013e-06,0.0,-7e+16,7e+16
0.04700000000000001,0.10368,2.2917649593358648e-33,0.0,-7e+16,7e+16
0.04700000000000001,0.124416,1.1920887850973537e-79,0.0,-7e+16,7e+16
0.04700000000000001,0.1492992,7.2506122717558704e-155,0.0,-7e+16,7e+16
0.04700000000000001,0.17915904,1.7413766378171499e-273,0.0,-7e+16,7e+16
0.04700000000000001,0.2149908479999999,0.0,0.0,-7e+16,7e+16
0.04700000000000001,0.2579890175999999,0.0,0.0,-7e+16,7e+16
0.04700000000000001,0.3,0.0,0.0,-7e+16,7e+16
0.04850000000000001,0.0,1e+19,0.0,9.93e+18,7e+16
0.04850000000000001,0.0025,1e+19,0.0,9.93e+18,7e+16
0.04850000000000001,0.00546875,1e+19,0.0,9.93e+18,7e+16
0.04850000000000001,0.008994140624999999,1e+19,0.0,9.93e+18,7e+16
0.04850000000000001,0.0131805419921875,1e+19,0.0,9.93e+18,7e+16
0.04850000000000001,0.01815189361572265,1e+19,0.0,9.93e+18,7e+16
0.04850000000000001,0.024055373668670638,9.999999999998917e+18,0.0,9.929999999998917e+18,7e+16
0.04850000000000001,0.03106575623154638,9.999999573193622e+18,0.0,9.929999573193622e+18,7e+16
0.04850000000000001,0.03939058552496131,9.986536236000594e+18,0.0,9.916536236000594e+18,7e+16
0.04850000000000001,0.049276320310891554,5.81091866650349e+18,0.0,5.74091866650349e+18,7e+16
0.04850000000000001,0.05,5e+18,0.0,4.93e+18,7e+16
0.04850000000000001,0.060000000000000005,2.3388674905236376e+16,0.0,-4.6611325094763624e+16,7e+16
0.04850000000000001,0.07200000000000001,2445855135.3028975,0.0,-6.999999755414486e+16,7e+16
0.04850000000000001,0.0864,3.6927184431223013e-06,0.0,-7e+16,7e+16
0.04850000000000001,0.10368,2.2917649593358648e-33,0.0,-7e+16,7e+16
0.04850000000000001,0.124416,1.1920887850973537e-79,0.0,-7e+16,7e+16
0.04850000000000001,0.1492992,7.2506122717558704e-155,0.0,-7e+16,7e+16
0.04850000000000001,0.17915904,1.7413766378171499e-273,0.0,-7e+16,7e+16
0.04850000000000001,0.2149908479999999,0.0,0.0,-7e+16,7e+16
0.04850000000000001,0.2579890175999999,0.0,0.0,-7e+16,7e+16
0.04850000000000001,0.3,0.0,0.0,-7e+16,7e+16
0.05,0.0,1e+19,0.0,9.93e+18,7e+16
0.05,0.0025,1e+19,0.0,9.93e+18,7e+16
0.05,0.00546875,1e+19,0.0,9.93e+18,7e+16
0.05,0.008994140624999999,1e+19,0.0,9.93e+18,7e+16
0.05,0.0131805419921875,1e+19,0.0,9.93e+18,7e+16
0.05,0.01815189361572265,1e+19,0.0,9.93e+18,7e+16
0.05,0.024055373668670638,9.999999999998917e+18,0.0,9.929999999998917e+18,7e+16
0.05,0.03106575623154638,9.999999573193622e+18,0.0,9.929999573193622e+18,7e+16
0.05,0.03939058552496131,9.986536236000594e+18,0.0,9.916536236000594e+18,7e+16
0.05,0.049276320310891554,5.81091866650349e+18,0.0,5.74091866650349e+18,7e+16
0.05,0.05,5e+18,0.0,4.93e+18,7e+16
0.05,0.060000000000000005,2.3388674905236376e+16,0.0,-4.6611325094763624e+16,7e+16
0.05,0.07200000000000001,2445855135.3028975,0.0,-6.999999755414486e+16,7e+16
0.05,0.0864,3.6927184431223013e-06,0.0,-7e+16,7e+16
0.05,0.10368,2.2917649593358648e-33,0.0,-7e+16,7e+16
0.05,0.124416,1.1920887850973537e-79,0.0,-7e+16,7e+16
0.05,0.1492992,7.2506122717558704e-155,0.0,-7e+16,7e+16
0.05,0.17915904,1.7413766378171499e-273,0.0,-7e+16,7e+16
0.05,0.2149908479999999,0.0,0.0,-7e+16,7e+16
0.05,0.2579890175999999,0.0,0.0,-7e+16,7e+16
0.05,0.3,0.0,0.0,-7e+16,7e+16
0.051500000000000004,0.0,1e+19,0.0,9.93e+18,7e+16
0.051500000000000004,0.0025,1e+19,0.0,9.93e+18,7e+16
0.051500000000000004,0.00546875,1e+19,0.0,9.93e+18,7e+16
0.051500000000000004,0.008994140624999999,1e+19,0.0,9.93e+18,7e+16
0.051500000000000004,0.0131805419921875,1e+19,0.0,9.93e+18,7e+16
0.051500000000000004,0.01815189361572265,1e+19,0.0,9.93e+18,7e+16
0.051500000000000004,0.024055373668670638,9.999999999998917e+18,0.0,9.929999999998917e+18,7e+16
0.051500000000000004,0.03106575623154638,9.999999573193622e+18,0.0,9.929999573193622e+18,7e+16
0.051500000000000004,0.03939058552496131,9.986536236000594e+18,0.0,9.916536236000594e+18,7e+16
0.051500000000000004,0.049276320310891554,5.81091866650349e+18,0.0,5.74091866650349e+18,7e+16
0.051500000000000004,0.05,5e+18,0.0,4.93e+18,7e+16
0.051500000000000004,0.060000000000000005,2.3388674905236376e+16,0.0,-4.6611325094763624e+16,7e+16
0.051500000000000004,0.07200000000000001,2445855135.3028975,0.0,-6.999999755414486e+16,7e+16
0.051500000000000004,0.0864,3.6927184431223013e-06,0.0,-7e+16,7e+16
0.051500000000000004,0.10368,2.2917649593358648e-33,0.0,-7e+16,7e+16
0.051500000000000004,0.124416,1.1920887850973537e-79,0.0,-7e+16,7e+16
0.051500000000000004,0.1492992,7.2506122717558704e-155,0.0,-7e+16,7e+16
0.051500000000000004,0.17915904,1.7413766378171499e-273,0.0,-7e+16,7e+16
0.051500000000000004,0.2149908479999999,0.0,0.0,-7e+16,7e+16
0.051500000000000004,0.2579890175999999,0.0,0.0,-7e+16,7e+16
0.051500000000000004,0.3,0.0,0.0,-7e+16,7e+16
0.05300000000000001,0.0,1e+19,0.0,9.93e+18,7e+16
0.05300000000000001,0.0025,1e+19,0.0,9.93e+18,7e+16
0.05300000000000001,0.00546875,1e+19,0.0,9.93e+18,7e+16
0.05300000000000001,0.008994140624999999,1e+19,0.0,9.93e+18,7e+16
0.05300000000000001,0.0131805419921875,1e+19,0.0,9.93e+18,7e+16
0.05300000000000001,0.01815189361572265,1e+19,0.0,9.93e+18,7e+16
0.05300000000000001,0.024055373668670638,9.999999999998917e+18,0.0,9.929999999998917e+18,7e+16
0.05300000000000001,0.03106575623154638,9.999999573193622e+18,0.0,9.929999573193622e+18,7e+16
0.05300000000000001,0.03939058552496131,9.986536236000594e+18,0.0,9.916536236000594e+18,7e+16
0.05300000000000001,0.049276320310891554,5.81091866650349e+18,0.0,5.74091866650349e+18,7e+16
0.05300000000000001,0.05,5e+18,0.0,4.93e+18,7e+16
0.05300000000000001,0.060000000000000005,2.3388674905236376e+16,0.0,-4.6611325094763624e+16,7e+16
0.05300000000000001,0.07200000000000001,2445855135.3028975,0.0,-6.999999755414486e+16,7e+16
0.05300000000000001,0.0864,3.6927184431223013e-06,0.0,-7e+16,7e+16
0.05300000000000001,0.10368,2.2917649593358648e-33,0.0,-7e+16,7e+16
0.05300000000000001,0.124416,1.1920887850973537e-79,0.0,-7e+16,7e+16
0.05300000000000001,0.1492992,7.2506122717558704e-155,0.0,-7e+16,7e+16
0.05300000000000001,0.17915904,1.7413766378171499e-273,0.0,-7e+16,7e+16
0.05300000000000001,0.2149908479999999,0.0,0.0,-7e+16,7e+16
0.05300000000000001,0.2579890175999999,0.0,0.0,-7e+16,7e+16
0.05300000000000001,0.3,0.0,0.0,-7e+16,7e+16
0.054500000000000014,0.0,1e+19,0.0,9.93e+18,7e+16
0.054500000000000014,0.0025,1e+19,0.0,9.93e+18,7e+16
0.054500000000000014,0.00546875,1e+19,0.0,9.93e+18,7e+16
0.054500000000000014,0.008994140624999999,1e+19,0.0,9.93e+18,7e+16
0.054500000000000014,0.0131805419921875,1e+19,0.0,9.93e+18,7e+16
0.054500000000000014,0.01815189361572265,1e+19,0.0,9.93e+18,7e+16
0.054500000000000014,0.024055373668670638,9.999999999998917e+18,0.0,9.929999999998917e+18,7e+16
0.054500000000000014,0.03106575623154638,9.999999573193622e+18,0.0,9.929999573193622e+18,7e+16
0.054500000000000014,0.03939058552496131,9.986536236000594e+18,0.0,9.916536236000594e+18,7e+16
0.054500000000000014,0.049276320310891554,5.81091866650349e+18,0.0,5.74091866650349e+18,7e+16
0.054500000000000014,0.05,5e+18,0.0,4.93e+18,7e+16
0.054500000000000014,0.060000000000000005,2.3388674905236376e+16,0.0,-4.6611325094763624e+16,7e+16
0.054500000000000014,0.07200000000000001,2445855135.3028975,0.0,-6.999999755414486e+16,7e+16
0.054500000000000014,0.0864,3.6927184431223013e-06,0.0,-7e+16,7e+16
0.054500000000000014,0.10368,2.2917649593358648e-33,0.0,-7e+16,7e+16
0.054500000000000014,0.124416,1.1920887850973537e-79,0.0,-7e+16,7e+16
0.054500000000000014,0.1492992,7.2506122717558704e-155,0.0,-7e+16,7e+16
0.054500000000000014,0.17915904,1.7413766378171499e-273,0.0,-7e+16,7e+16
0.054500000000000014,0.2149908479999999,0.0,0.0,-7e+16,7e+16
0.054500000000000014,0.2579890175999999,0.0,0.0,-7e+16,7e+16
0.054500000000000014,0.3,0.0,0.0,-7e+16,7e+16
0.05600000000000001,0.0,1e+19,0.0,9.93e+18,7e+16
0.05600000000000001,0.0025,1e+19,0.0,9.93e+18,7e+16
0.05600000000000001,0.00546875,1e+19,0.0,9.93e+18,7e+16
0.05600000000000001,0.008994140624999999,1e+19,0.0,9.93e+18,7e+16
0.05600000000000001,0.0131805419921875,1e+19,0.0,9.93e+18,7e+16
0.05600000000000001,0.01815189361572265,1e+19,0.0,9.93e+18,7e+16
0.05600000000000001,0.024055373668670638,9.999999999998917e+18,0.0,9.929999999998917e+18,7e+16
0.05600000000000001,0.03106575623154638,9.999999573193622e+18,0.0,9.929999573193622e+18,7e+16
0.05600000000000001,0.03939058552496131,9.986536236000594e+18,0.0,9.916536236000594e+18,7e+16
0.05600000000000001,0.049276320310891554,5.81091866650349e+18,0.0,5.74091866650349e+18,7e+16
0.05600000000000001,0.05,5e+18,0.0,4.93e+18,7e+16
0.05600000000000001,0.060000000000000005,2.3388674905236376e+16,0.0,-4.6611325094763624e+16,7e+16
0.05600000000000001,0.07200000000000001,2445855135.3028975,0.0,-6.999999755414486e+16,7e+16
0.05600000000000001,0.0864,3.6927184431223013e-06,0.0,-7e+16,7e+16
0.05600000000000001,0.10368,2.2917649593358648e-33,0.0,-7e+16,7e+16
0.05600000000000001,0.124416,1.1920887850973537e-79,0.0,-7e+16,7e+16
0.05600000000000001,0.1492992,7.2506122717558704e-155,0.0,-7e+16,7e+16
0.05600000000000001,0.17915904,1.7413766378171499e-273,0.0,-7e+16,7e+16
0.05600000000000001,0.2149908479999999,0.0,0.0,-7e+16,7e+16
0.05600000000000001,0.2579890175999999,0.0,0.0,-7e+16,7e+16
0.05600000000000001,0.3,0.0,0.0,-7e+16,7e+16
0.057500000000000016,0.0,1e+19,0.0,9.93e+18,7e+16
0.057500000000000016,0.0025,1e+19,0.0,9.93e+18,7e+16
0.057500000000000016,0.00546875,1e+19,0.0,9.93e+18,7e+16
0.057500000000000016,0.008994140624999999,1e+19,0.0,9.93e+18,7e+16
0.057500000000000016,0.0131805419921875,1e+19,0.0,9.93e+18,7e+16
0.057500000000000016,0.01815189361572265,1e+19,0.0,9.93e+18,7e+16
0.057500000000000016,0.024055373668670638,9.999999999998917e+18,0.0,9.929999999998917e+18,7e+16
0.057500000000000016,0.03106575623154638,9.999999573193622e+18,0.0,9.929999573193622e+18,7e+16
0.057500000000000016,0.03939058552496131,9.986536236000594e+18,0.0,9.916536236000594e+18,7e+16
0.057500000000000016,0.049276320310891554,5.81091866650349e+18,0.0,5.74091866650349e+18,7e+16
0.057500000000000016,0.05,5e+18,0.0,4.93e+18,7e+16
0.057500000000000016,0.060000000000000005,2.3388674905236376e+16,0.0,-4.6611325094763624e+16,7e+16
0.057500000000000016,0.07200000000000001,2445855135.3028975,0.0,-6.999999755414486e+16,7e+16
0.057500000000000016,0.0864,3.6927184431223013e-06,0.0,-7e+16,7e+16
0.057500000000000016,0.10368,2.2917649593358648e-33,0.0,-7e+16,7e+16
0.057500000000000016,0.124416,1.1920887850973537e-79,0.0,-7e+16,7e+16
0.057500000000000016,0.1492992,7.2506122717558704e-155,0.0,-7e+16,7e+16
0.057500000000000016,0.17915904,1.7413766378171499e-273,0.0,-7e+16,7e+16
0.057500000000000016,0.2149908479999999,0.0,0.0,-7e+16,7e+16
0.057500000000000016,0.2579890175999999,0.0,0.0,-7e+16,7e+16
0.057500000000000016,0.3,0.0,0.0,-7e+16,7e+16
0.05900000000000002,0.0,1e+19,0.0,9.93e+18,7e+16
0.05900000000000002,0.0025,1e+19,0.0,9.93e+18,7e+16
0.05900000000000002,0.00546875,1e+19,0.0,9.93e+18,7e+16
0.05900000000000002,0.008994140624999999,1e+19,0.0,9.93e+18,7e+16
0.05900000000000002,0.0131805419921875,1e+19,0.0,9.93e+18,7e+16
0.05900000000000002,0.01815189361572265,1e+19,0.0,9.93e+18,7e+16
0.05900000000000002,0.024055373668670638,9.999999999998917e+18,0.0,9.929999999998917e+18,7e+16
0.05900000000000002,0.03106575623154638,9.999999573193622e+18,0.0,9.929999573193622e+18,7e+16
0.05900000000000002,0.03939058552496131,9.986536236000594e+18,0.0,9.916536236000594e+18,7e+16
0.05900000000000002,0.049276320310891554,5.81091866650349e+18,0.0,5.74091866650349e+18,7e+16
0.05900000000000002,0.05,5e+18,0.0,4.93e+18,7e+16
0.05900000000000002,0.060000000000000005,2.3388674905236376e+16,0.0,-4.6611325094763624e+16,7e+16
0.05900000000000002,0.07200000000000001,2445855135.3028975,0.0,-6.999999755414486e+16,7e+16
0.05900000000000002,0.0864,3.6927184431223013e-06,0.0,-7e+16,7e+16
0.05900000000000002,0.10368,2.2917649593358648e-33,0.0,-7e+16,7e+16
0.05900000000000002,0.124416,1.1920887850973537e-79,0.0,-7e+16,7e+16
0.05900000000000002,0.1492992,7.2506122717558704e-155,0.0,-7e+16,7e+16
0.05900000000000002,0.17915904,1.7413766378171499e-273,0.0,-7e+16,7e+16
0.05900000000000002,0.2149908479999999,0.0,0.0,-7e+16,7e+16
0.05900000000000002,0.2579890175999999,0.0,0.0,-7e+16,7e+16
0.05900000000000002,0.3,0.0,0.0,-7e+16,7e+16
0.06050000000000002,0.0,1e+19,0.0,9.93e+18,7e+16
0.06050000000000002,0.0025,1e+19,0.0,9.93e+18,7e+16
0.06050000000000002,0.00546875,1e+19,0.0,9.93e+18,7e+16
0.06050000000000002,0.008994140624999999,1e+19,0.0,9.93e+18,7e+16
0.06050000000000002,0.0131805419921875,1e+19,0.0,9.93e+18,7e+16
0.06050000000000002,0.01815189361572265,1e+19,0.0,9.93e+18,7e+16
0.06050000000000002,0.024055373668670638,9.999999999998917e+18,0.0,9.929999999998917e+18,7e+16
0.06050000000000002,0.03106575623154638,9.999999573193622e+18,0.0,9.929999573193622e+18,7e+16
0.06050000000000002,0.03939058552496131,9.986536236000594e+18,0.0,9.916536236000594e+18,7e+16
0.06050000000000002,0.049276320310891554,5.81091866650349e+18,0.0,5.74091866650349e+18,7e+16
0.06050000000000002,0.05,5e+18,0.0,4.93e+18,7e+16
0.06050000000000002,0.060000000000000005,2.3388674905236376e+16,0.0,-4.6611325094763624e+16,7e+16
0.06050000000000002,0.07200000000000001,2445855135.3028975,0.0,-6.999999755414486e+16,7e+16
0.06050000000000002,0.0864,3.6927184431223013e-06,0.0,-7e+16,7e+16
0.06050000000000002,0.10368,2.2917649593358648e-33,0.0,-7e+16,7e+16
0.06050000000000002,0.124416,1.1920887850973537e-79,0.0,-7e+16,7e+16
0.06050000000000002,0.1492992,7.2506122717558704e-155,0.0,-7e+16,7e+16
0.06050000000000002,0.17915904,1.7413766378171499e-273,0.0,-7e+16,7e+16
0.06050000000000002,0.2149908479999999,0.0,0.0,-7e+16,7e+16
0.06050000000000002,0.2579890175999999,0.0,0.0,-7e+16,7e+16
0.06050000000000002,0.3,0.0,0.0,-7e+16,7e+16
0.06200000000000001,0.0,1e+19,0.0,9.93e+18,7e+16
0.06200000000000001,0.0025,1e+19,0.0,9.93e+18,7e+16
0.06200000000000001,0.00546875,1e+19,0.0,9.93e+18,7e+16
0.06200000000000001,0.008994140624999999,1e+19,0.0,9.93e+18,7e+16
0.06200000000000001,0.0131805419921875,1e+19,0.0,9.93e+18,7e+16
0.06200000000000001,0.01815189361572265,1e+19,0.0,9.93e+18,7e+16
0.06200000000000001,0.024055373668670638,9.999999999998917e+18,0.0,9.929999999998917e+18,7e+16
0.06200000000000001,0.03106575623154638,9.999999573193622e+18,0.0,9.929999573193622e+18,7e+16
0.06200000000000001,0.03939058552496131,9.986536236000594e+18,0.0,9.916536236000594e+18,7e+16
0.06200000000000001,0.049276320310891554,5.81091866650349e+18,0.0,5.74091866650349e+18,7e+16
0.06200000000000001,0.05,5e+18,0.0,4.93e+18,7e+16
0.06200000000000001,0.060000000000000005,2.3388674905236376e+16,0.0,-4.6611325094763624e+16,7e+16
0.06200000000000001,0.07200000000000001,2445855135.3028975,0.0,-6.999999755414486e+16,7e+16
0.06200000000000001,0.0864,3.6927184431223013e-06,0.0,-7e+16,7e+16
0.06200000000000001,0.10368,2.2917649593358648e-33,0.0,-7e+16,7e+16
0.06200000000000001,0.124416,1.1920887850973537e-79,0.0,-7e+16,7e+16
0.06200000000000001,0.1492992,7.2506122717558704e-155,0.0,-7e+16,7e+16
0.06200000000000001,0.17915904,1.7413766378171499e-273,0.0,-7e+16,7e+16
0.06200000000000001,0.2149908479999999,0.0,0.0,-7e+16,7e+16
0.06200000000000001,0.2579890175999999,0.0,0.0,-7e+16,7e+16
0.06200000000000001,0.3,0.0,0.0,-7e+16,7e+16
0.06350000000000003,0.0,1e+19,0.0,9.93e+18,7e+16
0.06350000000000003,0.0025,1e+19,0.0,9.93e+18,7e+16
0.06350000000000003,0.00546875,1e+19,0.0,9.93e+18,7e+16
0.06350000000000003,0.008994140624999999,1e+19,0.0,9.93e+18,7e+16
0.06350000000000003,0.0131805419921875,1e+19,0.0,9.93e+18,7e+16
0.06350000000000003,0.01815189361572265,1e+19,0.0,9.93e+18,7e+16
0.06350000000000003,0.024055373668670638,9.999999999998917e+18,0.0,9.929999999998917e+18,7e+16
0.06350000000000003,0.03106575623154638,9.999999573193622e+18,0.0,9.929999573193622e+18,7e+16
0.06350000000000003,0.03939058552496131,9.986536236000594e+18,0.0,9.916536236000594e+18,7e+16
0.06350000000000003,0.049276320310891554,5.81091866650349e+18,0.0,5.74091866650349e+18,7e+16
0.06350000000000003,0.05,5e+18,0.0,4.93e+18,7e+16
0.06350000000000003,0.060000000000000005,2.3388674905236376e+16,0.0,-4.6611325094763624e+16,7e+16
0.06350000000000003,0.07200000000000001,2445855135.3028975,0.0,-6.999999755414486e+16,7e+16
0.06350000000000003,0.0864,3.6927184431223013e-06,0.0,-7e+16,7e+16
0.06350000000000003,0.10368,2.2917649593358648e-33,0.0,-7e+16,7e+16
0.06350000000000003,0.124416,1.1920887850973537e-79,0.0,-7e+16,7e+16
0.06350000000000003,0.1492992,7.2506122717558704e-155,0.0,-7e+16,7e+16
0.06350000000000003,0.17915904,1.7413766378171499e-273,0.0,-7e+16,7e+16
0.06350000000000003,0.2149908479999999,0.0,0.0,-7e+16,7e+16
0.06350000000000003,0.2579890175999999,0.0,0.0,-7e+16,7e+16
0.06350000000000003,0.3,0.0,0.0,-7e+16,7e+16
0.06500000000000003,0.0,1e+19,0.0,9.93e+18,7e+16
0.06500000000000003,0.0025,1e+19,0.0,9.93e+18,7e+16
0.06500000000000003,0.00546875,1e+19,0.0,9.93e+18,7e+16
0.06500000000000003,0.008994140624999999,1e+19,0.0,9.93e+18,7e+16
0.06500000000000003,0.0131805419921875,1e+19,0.0,9.93e+18,7e+16
0.06500000000000003,0.01815189361572265,1e+19,0.0,9.93e+18,7e+16
0.06500000000000003,0.024055373668670638,9.999999999998917e+18,0.0,9.929999999998917e+18,7e+16
0.06500000000000003,0.03106575623154638,9.999999573193622e+18,0.0,9.929999573193622e+18,7e+16
0.06500000000000003,0.03939058552496131,9.986536236000594e+18,0.0,9.916536236000594e+18,7e+16
0.06500000000000003,0.049276320310891554,5.81091866650349e+18,0.0,5.74091866650349e+18,7e+16
0.06500000000000003,0.05,5e+18,0.0,4.93e+18,7e+16
0.06500000000000003,0.060000000000000005,2.3388674905236376e+16,0.0,-4.6611325094763624e+16,7e+16
0.06500000000000003,0.07200000000000001,2445855135.3028975,0.0,-6.999999755414486e+16,7e+16
0.06500000000000003,0.0864,3.6927184431223013e-06,0.0,-7e+16,7e+16
0.06500000000000003,0.10368,2.2917649593358648e-33,0.0,-7e+16,7e+16
0.06500000000000003,0.124416,1.1920887850973537e-79,0.0,-7e+16,7e+16
0.06500000000000003,0.1492992,7.2506122717558704e-155,0.0,-7e+16,7e+16
0.06500000000000003,0.17915904,1.7413766378171499e-273,0.0,-7e+16,7e+16
0.06500000000000003,0.2149908479999999,0.0,0.0,-7e+16,7e+16
0.06500000000000003,0.2579890175999999,0.0,0.0,-7e+16,7e+16
0.06500000000000003,0.3,0.0,0.0,-7e+16,7e+16
0.06650000000000003,0.0,1e+19,0.0,9.93e+18,7e+16
0.06650000000000003,0.0025,1e+19,0.0,9.93e+18,7e+16
0.06650000000000003,0.00546875,1e+19,0.0,9.93e+18,7e+16
0.06650000000000003,0.008994140624999999,1e+19,0.0,9.93e+18,7e+16
0.06650000000000003,0.0131805419921875,1e+19,0.0,9.93e+18,7e+16
0.06650000000000003,0.01815189361572265,1e+19,0.0,9.93e+18,7e+16
0.06650000000000003,0.024055373668670638,9.999999999998917e+18,0.0,9.929999999998917e+18,7e+16
0.06650000000000003,0.03106575623154638,9.999999573193622e+18,0.0,9.929999573193622e+18,7e+16
0.06650000000000003,0.03939058552496131,9.986536236000594e+18,0.0,9.916536236000594e+18,7e+16
0.06650000000000003,0.049276320310891554,5.81091866650349e+18,0.0,5.74091866650349e+18,7e+16
0.06650000000000003,0.05,5e+18,0.0,4.93e+18,7e+16
0.06650000000000003,0.060000000000000005,2.3388674905236376e+16,0.0,-4.6611325094763624e+16,7e+16
0.06650000000000003,0.07200000000000001,2445855135.3028975,0.0,-6.999999755414486e+16,7e+16
0.06650000000000003,0.0864,3.6927184431223013e-06,0.0,-7e+16,7e+16
0.06650000000000003,0.10368,2.2917649593358648e-33,0.0,-7e+16,7e+16
0.06650000000000003,0.124416,1.1920887850973537e-79,0.0,-7e+16,7e+16
0.06650000000000003,0.1492992,7.2506122717558704e-155,0.0,-7e+16,7e+16
0.06650000000000003,0.17915904,1.7413766378171499e-273,0.0,-7e+16,7e+16
0.06650000000000003,0.2149908479999999,0.0,0.0,-7e+16,7e+16
0.06650000000000003,0.2579890175999999,0.0,0.0,-7e+16,7e+16
0.06650000000000003,0.3,0.0,0.0,-7e+16,7e+16
0.06800000000000005,0.0,1e+19,0.0,9.93e+18,7e+16
0.06800000000000005,0.0025,1e+19,0.0,9.93e+18,7e+16
0.06800000000000005,0.00546875,1e+19,0.0,9.93e+18,7e+16
0.06800000000000005,0.008994140624999999,1e+19,0.0,9.93e+18,7e+16
0.06800000000000005,0.0131805419921875,1e+19,0.0,9.93e+18,7e+16
0.06800000000000005,0.01815189361572265,1e+19,0.0,9.93e+18,7e+16
0.06800000000000005,0.024055373668670638,9.999999999998917e+18,0.0,9.929999999998917e+18,7e+16
0.06800000000000005,0.03106575623154638,9.999999573193622e+18,0.0,9.929999573193622e+18,7e+16
0.06800000000000005,0.03939058552496131,9.986536236000594e+18,0.0,9.916536236000594e+18,7e+16
0.06800000000000005,0.049276320310891554,5.81091866650349e+18,0.0,5.74091866650349e+18,7e+16
0.06800000000000005,0.05,5e+18,0.0,4.93e+18,7e+16
0.06800000000000005,0.060000000000000005,2.3388674905236376e+16,0.0,-4.6611325094763624e+16,7e+16
0.06800000000000005,0.07200000000000001,2445855135.3028975,0.0,-6.999999755414486e+16,7e+16
0.06800000000000005,0.0864,3.6927184431223013e-06,0.0,-7e+16,7e+16
0.06800000000000005,0.10368,2.2917649593358648e-33,0.0,-7e+16,7e+16
0.06800000000000005,0.124416,1.1920887850973537e-79,0.0,-7e+16,7e+16
0.06800000000000005,0.1492992,7.2506122717558704e-155,0.0,-7e+16,7e+16
0.06800000000000005,0.17915904,1.7413766378171499e-273,0.0,-7e+16,7e+16
0.06800000000000005,0.2149908479999999,0.0,0.0,-7e+16,7e+16
0.06800000000000005,0.2579890175999999,0.0,0.0,-7e+16,7e+16
0.06800000000000005,0.3,0.0,0.0,-7e+16,7e+16
0.06950000000000003,0.0,1e+19,0.0,9.93e+18,7e+16
0.06950000000000003,0.0025,1e+19,0.0,9.93e+18,7e+16
0.06950000000000003,0.00546875,1e+19,0.0,9.93e+18,7e+16
0.06950000000000003,0.008994140624999999,1e+19,0.0,9.93e+18,7e+16
0.06950000000000003,0.0131805419921875,1e+19,0.0,9.93e+18,7e+16
0.06950000000000003,0.01815189361572265,1e+19,0.0,9.93e+18,7e+16
0.06950000000000003,0.024055373668670638,9.999999999998917e+18,0.0,9.929999999998917e+18,7e+16
0.06950000000000003,0.03106575623154638,9.999999573193622e+18,0.0,9.929999573193622e+18,7e+16
0.06950000000000003,0.03939058552496131,9.986536236000594e+18,0.0,9.916536236000594e+18,7e+16
0.06950000000000003,0.049276320310891554,5.81091866650349e+18,0.0,5.74091866650349e+18,7e+16
0.06950000000000003,0.05,5e+18,0.0,4.93e+18,7e+16
0.06950000000000003,0.060000000000000005,2.3388674905236376e+16,0.0,-4.6611325094763624e+16,7e+16
0.06950000000000003,0.07200000000000001,2445855135.3028975,0.0,-6.999999755414486e+16,7e+16
0.06950000000000003,0.0864,3.6927184431223013e-06,0.0,-7e+16,7e+16
0.06950000000000003,0.10368,2.2917649593358648e-33,0.0,-7e+16,7e+16
0.06950000000000003,0.124416,1.1920887850973537e-79,0.0,-7e+16,7e+16
0.06950000000000003,0.1492992,7.2506122717558704e-155,0.0,-7e+16,7e+16
0.06950000000000003,0.17915904,1.7413766378171499e-273,0.0,-7e+16,7e+16
0.06950000000000003,0.2149908479999999,0.0,0.0,-7e+16,7e+16
0.06950000000000003,0.2579890175999999,0.0,0.0,-7e+16,7e+16
0.06950000000000003,0.3,0.0,0.0,-7e+16,7e+16
0.07100000000000004,0.0,1e+19,0.0,9.93e+18,7e+16
0.07100000000000004,0.0025,1e+19,0.0,9.93e+18,7e+16
0.07100000000000004,0.00546875,1e+19,0.0,9.93e+18,7e+16
0.07100000000000004,0.008994140624999999,1e+19,0.0,9.93e+18,7e+16
0.07100000000000004,0.0131805419921875,1e+19,0.0,9.93e+18,7e+16
0.07100000000000004,0.01815189361572265,1e+19,0.0,9.93e+18,7e+16
0.07100000000000004,0.024055373668670638,9.999999999998917e+18,0.0,9.929999999998917e+18,7e+16
0.07100000000000004,0.03106575623154638,9.999999573193622e+18,0.0,9.929999573193622e+18,7e+16
0.07100000000000004,0.03939058552496131,9.986536236000594e+18,0.0,9.916536236000594e+18,7e+16
0.07100000000000004,0.049276320310891554,5.81091866650349e+18,0.0,5.74091866650349e+18,7e+16
0.07100000000000004,0.05,5e+18,0.0,4.93e+18,7e+16
0.07100000000000004,0.060000000000000005,2.3388674905236376e+16,0.0,-4.6611325094763624e+16,7e+16
0.07100000000000004,0.07200000000000001,2445855135.3028975,0.0,-6.999999755414486e+16,7e+16
0.07100000000000004,0.0864,3.6927184431223013e-06,0.0,-7e+16,7e+16
0.07100000000000004,0.10368,2.2917649593358648e-33,0.0,-7e+16,7e+16
0.07100000000000004,0.124416,1.1920887850973537e-79,0.0,-7e+16,7e+16
0.07100000000000004,0.1492992,7.2506122717558704e-155,0.0,-7e+16,7e+16
0.07100000000000004,0.17915904,1.7413766378171499e-273,0.0,-7e+16,7e+16
0.07100000000000004,0.2149908479999999,0.0,0.0,-7e+16,7e+16
0.07100000000000004,0.2579890175999999,0.0,0.0,-7e+16,7e+16
0.07100000000000004,0.3,0.0,0.0,-7e+16,7e+16
0.07250000000000004,0.0,1e+19,0.0,9.93e+18,7e+16
0.07250000000000004,0.0025,1e+19,0.0,9.93e+18,7e+16
0.07250000000000004,0.00546875,1e+19,0.0,9.93e+18,7e+16
0.07250000000000004,0.008994140624999999,1e+19,0.0,9.93e+18,7e+16
0.07250000000000004,0.0131805419921875,1e+19,0.0,9.93e+18,7e+16
0.07250000000000004,0.01815189361572265,1e+19,0.0,9.93e+18,7e+16
0.07250000000000004,0.024055373668670638,9.999999999998917e+18,0.0,9.929999999998917e+18,7e+16
0.07250000000000004,0.03106575623154638,9.999999573193622e+18,0.0,9.929999573193622e+18,7e+16
0.07250000000000004,0.03939058552496131,9.986536236000594e+18,0.0,9.916536236000594e+18,7e+16
0.07250000000000004,0.049276320310891554,5.81091866650349e+18,0.0,5.74091866650349e+18,7e+16
0.07250000000000004,0.05,5e+18,0.0,4.93e+18,7e+16
0.07250000000000004,0.060000000000000005,2.3388674905236376e+16,0.0,-4.6611325094763624e+16,7e+16
0.07250000000000004,0.07200000000000001,2445855135.3028975,0.0,-6.999999755414486e+16,7e+16
0.07250000000000004,0.0864,3.6927184431223013e-06,0.0,-7e+16,7e+16
0.07250000000000004,0.10368,2.2917649593358648e-33,0.0,-7e+16,7e+16
0.07250000000000004,0.124416,1.1920887850973537e-79,0.0,-7e+16,7e+16
0.07250000000000004,0.1492992,7.2506122717558704e-155,0.0,-7e+16,7e+16
0.07250000000000004,0.17915904,1.7413766378171499e-273,0.0,-7e+16,7e+16
0.07250000000000004,0.2149908479999999,0.0,0.0,-7e+16,7e+16
0.07250000000000004,0.2579890175999999,0.0,0.0,-7e+16,7e+16
0.07250000000000004,0.3,0.0,0.0,-7e+16,7e+16
0.07400000000000005,0.0,1e+19,0.0,9.93e+18,7e+16
0.07400000000000005,0.0025,1e+19,0.0,9.93e+18,7e+16
0.07400000000000005,0.00546875,1e+19,0.0,9.93e+18,7e+16
0.07400000000000005,0.008994140624999999,1e+19,0.0,9.93e+18,7e+16
0.07400000000000005,0.0131805419921875,1e+19,0.0,9.93e+18,7e+16
0.07400000000000005,0.01815189361572265,1e+19,0.0,9.93e+18,7e+16
0.07400000000000005,0.024055373668670638,9.999999999998917e+18,0.0,9.929999999998917e+18,7e+16
0.07400000000000005,0.03106575623154638,9.999999573193622e+18,0.0,9.929999573193622e+18,7e+16
0.07400000000000005,0.03939058552496131,9.986536236000594e+18,0.0,9.916536236000594e+18,7e+16
0.07400000000000005,0.049276320310891554,5.81091866650349e+18,0.0,5.74091866650349e+18,7e+16
0.07400000000000005,0.05,5e+18,0.0,4.93e+18,7e+16
0.07400000000000005,0.060000000000000005,2.3388674905236376e+16,0.0,-4.6611325094763624e+16,7e+16
0.07400000000000005,0.07200000000000001,2445855135.3028975,0.0,-6.999999755414486e+16,7e+16
0.07400000000000005,0.0864,3.6927184431223013e-06,0.0,-7e+16,7e+16
0.07400000000000005,0.10368,2.2917649593358648e-33,0.0,-7e+16,7e+16
0.07400000000000005,0.124416,1.1920887850973537e-79,0.0,-7e+16,7e+16
0.07400000000000005,0.1492992,7.2506122717558704e-155,0.0,-7e+16,7e+16
0.07400000000000005,0.17915904,1.7413766378171499e-273,0.0,-7e+16,7e+16
0.07400000000000005,0.2149908479999999,0.0,0.0,-7e+16,7e+16
0.07400000000000005,0.2579890175999999,0.0,0.0,-7e+16,7e+16
0.07400000000000005,0.3,0.0,0.0,-7e+16,7e+16
0.07550000000000005,0.0,1e+19,0.0,9.93e+18,7e+16
0.07550000000000005,0.0025,1e+19,0.0,9.93e+18,7e+16
0.07550000000000005,0.00546875,1e+19,0.0,9.93e+18,7e+16
0.07550000000000005,0.008994140624999999,1e+19,0.0,9.93e+18,7e+16
0.07550000000000005,0.0131805419921875,1e+19,0.0,9.93e+18,7e+16
0.07550000000000005,0.01815189361572265,1e+19,0.0,9.93e+18,7e+16
0.07550000000000005,0.024055373668670638,9.999999999998917e+18,0.0,9.929999999998917e+18,7e+16
0.07550000000000005,0.03106575623154638,9.999999573193622e+18,0.0,9.929999573193622e+18,7e+16
0.07550000000000005,0.03939058552496131,9.986536236000594e+18,0.0,9.916536236000594e+18,7e+16
0.07550000000000005,0.049276320310891554,5.81091866650349e+18,0.0,5.74091866650349e+18,7e+16
0.07550000000000005,0.05,5e+18,0.0,4.93e+18,7e+16
0.07550000000000005,0.060000000000000005,2.3388674905236376e+16,0.0,-4.6611325094763624e+16,7e+16
0.07550000000000005,0.07200000000000001,2445855135.3028975,0.0,-6.999999755414486e+16,7e+16
0.07550000000000005,0.0864,3.6927184431223013e-06,0.0,-7e+16,7e+16
0.07550000000000005,0.10368,2.2917649593358648e-33,0.0,-7e+16,7e+16
0.07550000000000005,0.124416,1.1920887850973537e-79,0.0,-7e+16,7e+16
0.07550000000000005,0.1492992,7.2506122717558704e-155,0.0,-7e+16,7e+16
0.07550000000000005,0.17915904,1.7413766378171499e-273,0.0,-7e+16,7e+16
0.07550000000000005,0.2149908479999999,0.0,0.0,-7e+16,7e+16
0.07550000000000005,0.2579890175999999,0.0,0.0,-7e+16,7e+16
0.07550000000000005,0.3,0.0,0.0,-7e+16,7e+16
0.07700000000000004,0.0,1e+19,0.0,9.93e+18,7e+16
0.07700000000000004,0.0025,1e+19,0.0,9.93e+18,7e+16
0.07700000000000004,0.00546875,1e+19,0.0,9.93e+18,7e+16
0.07700000000000004,0.008994140624999999,1e+19,0.0,9.93e+18,7e+16
0.07700000000000004,0.0131805419921875,1e+19,0.0,9.93e+18,7e+16
0.07700000000000004,0.01815189361572265,1e+19,0.0,9.93e+18,7e+16
0.07700000000000004,0.024055373668670638,9.999999999998917e+18,0.0,9.929999999998917e+18,7e+16
0.07700000000000004,0.03106575623154638,9.999999573193622e+18,0.0,9.929999573193622e+18,7e+16
0.07700000000000004,0.03939058552496131,9.986536236000594e+18,0.0,9.916536236000594e+18,7e+16
0.07700000000000004,0.049276320310891554,5.81091866650349e+18,0.0,5.74091866650349e+18,7e+16
0.07700000000000004,0.05,5e+18,0.0,4.93e+18,7e+16
0.07700000000000004,0.060000000000000005,2.3388674905236376e+16,0.0,-4.6611325094763624e+16,7e+16
0.07700000000000004,0.07200000000000001,2445855135.3028975,0.0,-6.999999755414486e+16,7e+16
0.07700000000000004,0.0864,3.6927184431223013e-06,0.0,-7e+16,7e+16
0.07700000000000004,0.10368,2.2917649593358648e-33,0.0,-7e+16,7e+16
0.07700000000000004,0.124416,1.1920887850973537e-79,0.0,-7e+16,7e+16
0.07700000000000004,0.1492992,7.2506122717558704e-155,0.0,-7e+16,7e+16
0.07700000000000004,0.17915904,1.7413766378171499e-273,0.0,-7e+16,7e+16
0.07700000000000004,0.2149908479999999,0.0,0.0,-7e+16,7e+16
0.07700000000000004,0.2579890175999999,0.0,0.0,-7e+16,7e+16
0.07700000000000004,0.3,0.0,0.0,-7e+16,7e+16
0.07850000000000004,0.0,1e+19,0.0,9.93e+18,7e+16
0.07850000000000004,0.0025,1e+19,0.0,9.93e+18,7e+16
0.07850000000000004,0.00546875,1e+19,0.0,9.93e+18,7e+16
0.07850000000000004,0.008994140624999999,1e+19,0.0,9.93e+18,7e+16
0.07850000000000004,0.0131805419921875,1e+19,0.0,9.93e+18,7e+16
0.07850000000000004,0.01815189361572265,1e+19,0.0,9.93e+18,7e+16
0.07850000000000004,0.024055373668670638,9.999999999998917e+18,0.0,9.929999999998917e+18,7e+16
0.07850000000000004,0.03106575623154638,9.999999573193622e+18,0.0,9.929999573193622e+18,7e+16
0.07850000000000004,0.03939058552496131,9.986536236000594e+18,0.0,9.916536236000594e+18,7e+16
0.07850000000000004,0.049276320310891554,5.81091866650349e+18,0.0,5.74091866650349e+18,7e+16
0.07850000000000004,0.05,5e+18,0.0,4.93e+18,7e+16
0.07850000000000004,0.060000000000000005,2.3388674905236376e+16,0.0,-4.6611325094763624e+16,7e+16
0.07850000000000004,0.07200000000000001,2445855135.3028975,0.0,-6.999999755414486e+16,7e+16
0.07850000000000004,0.0864,3.6927184431223013e-06,0.0,-7e+16,7e+16
0.07850000000000004,0.10368,2.2917649593358648e-33,0.0,-7e+16,7e+16
0.07850000000000004,0.124416,1.1920887850973537e-79,0.0,-7e+16,7e+16
0.07850000000000004,0.1492992,7.2506122717558704e-155,0.0,-7e+16,7e+16
0.07850000000000004,0.17915904,1.7413766378171499e-273,0.0,-7e+16,7e+16
0.07850000000000004,0.2149908479999999,0.0,0.0,-7e+16,7e+16
0.07850000000000004,0.2579890175999999,0.0,0.0,-7e+16,7e+16
0.07850000000000004,0.3,0.0,0.0,-7e+16,7e+16
0.08000000000000004,0.0,1e+19,0.0,9.93e+18,7e+16
0.08000000000000004,0.0025,1e+19,0.0,9.93e+18,7e+16
0.08000000000000004,0.00546875,1e+19,0.0,9.93e+18,7e+16
0.08000000000000004,0.008994140624999999,1e+19,0.0,9.93e+18,7e+16
0.08000000000000004,0.0131805419921875,1e+19,0.0,9.93e+18,7e+16
0.08000000000000004,0.01815189361572265,1e+19,0.0,9.93e+18,7e+16
0.08000000000000004,0.024055373668670638,9.999999999998917e+18,0.0,9.929999999998917e+18,7e+16
0.08000000000000004,0.03106575623154638,9.999999573193622e+18,0.0,9.929999573193622e+18,7e+16
0.08000000000000004,0.03939058552496131,9.986536236000594e+18,0.0,9.916536236000594e+18,7e+16
0.08000000000000004,0.049276320310891554,5.81091866650349e+18,0.0,5.74091866650349e+18,7e+16
0.08000000000000004,0.05,5e+18,0.0,4.93e+18,7e+16
0.08000000000000004,0.060000000000000005,2.3388674905236376e+16,0.0,-4.6611325094763624e+16,7e+16
0.08000000000000004,0.07200000000000001,2445855135.3028975,0.0,-6.999999755414486e+16,7e+16
0.08000000000000004,0.0864,3.6927184431223013e-06,0.0,-7e+16,7e+16
0.08000000000000004,0.10368,2.2917649593358648e-33,0.0,-7e+16,7e+16
0.08000000000000004,0.124416,1.1920887850973537e-79,0.0,-7e+16,7e+16
0.08000000000000004,0.1492992,7.2506122717558704e-155,0.0,-7e+16,7e+16
0.08000000000000004,0.17915904,1.7413766378171499e-273,0.0,-7e+16,7e+16
0.08000000000000004,0.2149908479999999,0.0,0.0,-7e+16,7e+16
0.08000000000000004,0.2579890175999999,0.0,0.0,-7e+16,7e+16
0.08000000000000004,0.3,0.0,0.0,-7e+16,7e+16
0.08150000000000004,0.0,1e+19,0.0,9.93e+18,7e+16
0.08150000000000004,0.0025,1e+19,0.0,9.93e+18,7e+16
0.08150000000000004,0.00546875,1e+19,0.0,9.93e+18,7e+16
0.08150000000000004,0.008994140624999999,1e+19,0.0,9.93e+18,7e+16
0.08150000000000004,0.0131805419921875,1e+19,0.0,9.93e+18,7e+16
0.08150000000000004,0.01815189361572265,1e+19,0.0,9.93e+18,7e+16
0.08150000000000004,0.024055373668670638,9.999999999998917e+18,0.0,9.929999999998917e+18,7e+16
0.08150000000000004,0.03106575623154638,9.999999573193622e+18,0.0,9.929999573193622e+18,7e+16
0.08150000000000004,0.03939058552496131,9.986536236000594e+18,0.0,9.916536236000594e+18,7e+16
0.08150000000000004,0.049276320310891554,5.81091866650349e+18,0.0,5.74091866650349e+18,7e+16
0.08150000000000004,0.05,5e+18,0.0,4.93e+18,7e+16
0.08150000000000004,0.060000000000000005,2.3388674905236376e+16,0.0,-4.6611325094763624e+16,7e+16
0.08150000000000004,0.07200000000000001,2445855135.3028975,0.0,-6.999999755414486e+16,7e+16
0.08150000000000004,0.0864,3.6927184431223013e-06,0.0,-7e+16,7e+16
0.08150000000000004,0.10368,2.2917649593358648e-33,0.0,-7e+16,7e+16
0.08150000000000004,0.124416,1.1920887850973537e-79,0.0,-7e+16,7e+16
0.08150000000000004,0.1492992,7.2506122717558704e-155,0.0,-7e+16,7e+16
0.08150000000000004,0.17915904,1.7413766378171499e-273,0.0,-7e+16,7e+16
0.08150000000000004,0.2149908479999999,0.0,0.0,-7e+16,7e+16
0.08150000000000004,0.2579890175999999,0.0,0.0,-7e+16,7e+16
0.08150000000000004,0.3,0.0,0.0,-7e+16,7e+16
0.08300000000000005,0.0,1e+19,0.0,9.93e+18,7e+16
0.08300000000000005,0.0025,1e+19,0.0,9.93e+18,7e+16
0.08300000000000005,0.00546875,1e+19,0.0,9.93e+18,7e+16
0.08300000000000005,0.008994140624999999,1e+19,0.0,9.93e+18,7e+16
0.08300000000000005,0.0131805419921875,1e+19,0.0,9.93e+18,7e+16
0.08300000000000005,0.01815189361572265,1e+19,0.0,9.93e+18,7e+16
0.08300000000000005,0.024055373668670638,9.999999999998917e+18,0.0,9.929999999998917e+18,7e+16
0.08300000000000005,0.03106575623154638,9.999999573193622e+18,0.0,9.929999573193622e+18,7e+16
0.08300000000000005,0.03939058552496131,9.986536236000594e+18,0.0,9.916536236000594e+18,7e+16
0.08300000000000005,0.049276320310891554,5.81091866650349e+18,0.0,5.74091866650349e+18,7e+16
0.08300000000000005,0.05,5e+18,0.0,4.93e+18,7e+16
0.08300000000000005,0.060000000000000005,2.3388674905236376e+16,0.0,-4.6611325094763624e+16,7e+16
0.08300000000000005,0.07200000000000001,2445855135.3028975,0.0,-6.999999755414486e+16,7e+16
0.08300000000000005,0.0864,3.6927184431223013e-06,0.0,-7e+16,7e+16
0.08300000000000005,0.10368,2.2917649593358648e-33,0.0,-7e+16,7e+16
0.08300000000000005,0.124416,1.1920887850973537e-79,0.0,-7e+16,7e+16
0.08300000000000005,0.1492992,7.2506122717558704e-155,0.0,-7e+16,7e+16
0.08300000000000005,0.17915904,1.7413766378171499e-273,0.0,-7e+16,7e+16
0.08300000000000005,0.2149908479999999,0.0,0.0,-7e+16,7e+16
0.08300000000000005,0.2579890175999999,0.0,0.0,-7e+16,7e+16
0.08300000000000005,0.3,0.0,0.0,-7e+16,7e+16
0.08450000000000006,0.0,1e+19,0.0,9.93e+18,7e+16
0.08450000000000006,0.0025,1e+19,0.0,9.93e+18,7e+16
0.08450000000000006,0.00546875,1e+19,0.0,9.93e+18,7e+16
0.08450000000000006,0.008994140624999999,1e+19,0.0,9.93e+18,7e+16
0.08450000000000006,0.0131805419921875,1e+19,0.0,9.93e+18,7e+16
0.08450000000000006,0.01815189361572265,1e+19,0.0,9.93e+18,7e+16
0.08450000000000006,0.024055373668670638,9.999999999998917e+18,0.0,9.929999999998917e+18,7e+16
0.08450000000000006,0.03106575623154638,9.999999573193622e+18,0.0,9.929999573193622e+18,7e+16
0.08450000000000006,0.03939058552496131,9.986536236000594e+18,0.0,9.916536236000594e+18,7e+16
0.08450000000000006,0.049276320310891554,5.81091866650349e+18,0.0,5.74091866650349e+18,7e+16
0.08450000000000006,0.05,5e+18,0.0,4.93e+18,7e+16
0.08450000000000006,0.060000000000000005,2.3388674905236376e+16,0.0,-4.6611325094763624e+16,7e+16
0.08450000000000006,0.07200000000000001,2445855135.3028975,0.0,-6.999999755414486e+16,7e+16
0.08450000000000006,0.0864,3.6927184431223013e-06,0.0,-7e+16,7e+16
0.08450000000000006,0.10368,2.2917649593358648e-33,0.0,-7e+16,7e+16
0.08450000000000006,0.124416,1.1920887850973537e-79,0.0,-7e+16,7e+16
0.08450000000000006,0.1492992,7.2506122717558704e-155,0.0,-7e+16,7e+16
0.08450000000000006,0.17915904,1.7413766378171499e-273,0.0,-7e+16,7e+16
0.08450000000000006,0.2149908479999999,0.0,0.0,-7e+16,7e+16
0.08450000000000006,0.2579890175999999,0.0,0.0,-7e+16,7e+16
0.08450000000000006,0.3,0.0,0.0,-7e+16,7e+16
0.08600000000000006,0.0,1e+19,0.0,9.93e+18,7e+16
0.08600000000000006,0.0025,1e+19,0.0,9.93e+18,7e+16
0.08600000000000006,0.00546875,1e+19,0.0,9.93e+18,7e+16
0.08600000000000006,0.008994140624999999,1e+19,0.0,9.93e+18,7e+16
0.08600000000000006,0.0131805419921875,1e+19,0.0,9.93e+18,7e+16
0.08600000000000006,0.01815189361572265,1e+19,0.0,9.93e+18,7e+16
0.08600000000000006,0.024055373668670638,9.999999999998917e+18,0.0,9.929999999998917e+18,7e+16
0.08600000000000006,0.03106575623154638,9.999999573193622e+18,0.0,9.929999573193622e+18,7e+16
0.08600000000000006,0.03939058552496131,9.986536236000594e+18,0.0,9.916536236000594e+18,7e+16
0.08600000000000006,0.049276320310891554,5.81091866650349e+18,0.0,5.74091866650349e+18,7e+16
0.08600000000000006,0.05,5e+18,0.0,4.93e+18,7e+16
0.08600000000000006,0.060000000000000005,2.3388674905236376e+16,0.0,-4.6611325094763624e+16,7e+16
0.08600000000000006,0.07200000000000001,2445855135.3028975,0.0,-6.999999755414486e+16,7e+16
0.08600000000000006,0.0864,3.6927184431223013e-06,0.0,-7e+16,7e+16
0.08600000000000006,0.10368,2.2917649593358648e-33,0.0,-7e+16,7e+16
0.08600000000000006,0.124416,1.1920887850973537e-79,0.0,-7e+16,7e+16
0.08600000000000006,0.1492992,7.2506122717558704e-155,0.0,-7e+16,7e+16
0.08600000000000006,0.17915904,1.7413766378171499e-273,0.0,-7e+16,7e+16
0.08600000000000006,0.2149908479999999,0.0,0.0,-7e+16,7e+16
0.08600000000000006,0.2579890175999999,0.0,0.0,-7e+16,7e+16
0.08600000000000006,0.3,0.0,0.0,-7e+16,7e+16
0.08750000000000006,0.0,1e+19,0.0,9.93e+18,7e+16
0.08750000000000006,0.0025,1e+19,0.0,9.93e+18,7e+16
0.08750000000000006,0.00546875,1e+19,0.0,9.93e+18,7e+16
0.08750000000000006,0.008994140624999999,1e+19,0.0,9.93e+18,7e+16
0.08750000000000006,0.0131805419921875,1e+19,0.0,9.93e+18,7e+16
0.08750000000000006,0.01815189361572265,1e+19,0.0,9.93e+18,7e+16
0.08750000000000006,0.024055373668670638,9.999999999998917e+18,0.0,9.929999999998917e+18,7e+16
0.08750000000000006,0.03106575623154638,9.999999573193622e+18,0.0,9.929999573193622e+18,7e+16
0.08750000000000006,0.03939058552496131,9.986536236000594e+18,0.0,9.916536236000594e+18,7e+16
0.08750000000000006,0.049276320310891554,5.81091866650349e+18,0.0,5.74091866650349e+18,7e+16
0.08750000000000006,0.05,5e+18,0.0,4.93e+18,7e+16
0.08750000000000006,0.060000000000000005,2.3388674905236376e+16,0.0,-4.6611325094763624e+16,7e+16
0.08750000000000006,0.07200000000000001,2445855135.3028975,0.0,-6.999999755414486e+16,7e+16
0.08750000000000006,0.0864,3.6927184431223013e-06,0.0,-7e+16,7e+16
0.08750000000000006,0.10368,2.2917649593358648e-33,0.0,-7e+16,7e+16
0.08750000000000006,0.124416,1.1920887850973537e-79,0.0,-7e+16,7e+16
0.08750000000000006,0.1492992,7.2506122717558704e-155,0.0,-7e+16,7e+16
0.08750000000000006,0.17915904,1.7413766378171499e-273,0.0,-7e+16,7e+16
0.08750000000000006,0.2149908479999999,0.0,0.0,-7e+16,7e+16
0.08750000000000006,0.2579890175999999,0.0,0.0,-7e+16,7e+16
0.08750000000000006,0.3,0.0,0.0,-7e+16,7e+16
0.08900000000000007,0.0,1e+19,0.0,9.93e+18,7e+16
0.08900000000000007,0.0025,1e+19,0.0,9.93e+18,7e+16
0.08900000000000007,0.00546875,1e+19,0.0,9.93e+18,7e+16
0.08900000000000007,0.008994140624999999,1e+19,0.0,9.93e+18,7e+16
0.08900000000000007,0.0131805419921875,1e+19,0.0,9.93e+18,7e+16
0.08900000000000007,0.01815189361572265,1e+19,0.0,9.93e+18,7e+16
0.08900000000000007,0.024055373668670638,9.999999999998917e+18,0.0,9.929999999998917e+18,7e+16
0.08900000000000007,0.03106575623154638,9.999999573193622e+18,0.0,9.929999573193622e+18,7e+16
0.08900000000000007,0.03939058552496131,9.986536236000594e+18,0.0,9.916536236000594e+18,7e+16
0.08900000000000007,0.049276320310891554,5.81091866650349e+18,0.0,5.74091866650349e+18,7e+16
0.08900000000000007,0.05,5e+18,0.0,4.93e+18,7e+16
0.08900000000000007,0.060000000000000005,2.3388674905236376e+16,0.0,-4.6611325094763624e+16,7e+16
0.08900000000000007,0.07200000000000001,2445855135.3028975,0.0,-6.999999755414486e+16,7e+16
0.08900000000000007,0.0864,3.6927184431223013e-06,0.0,-7e+16,7e+16
0.08900000000000007,0.10368,2.2917649593358648e-33,0.0,-7e+16,7e+16
0.08900000000000007,0.124416,1.1920887850973537e-79,0.0,-7e+16,7e+16
0.08900000000000007,0.1492992,7.2506122717558704e-155,0.0,-7e+16,7e+16
0.08900000000000007,0.17915904,1.7413766378171499e-273,0.0,-7e+16,7e+16
0.08900000000000007,0.2149908479999999,0.0,0.0,-7e+16,7e+16
0.08900000000000007,0.2579890175999999,0.0,0.0,-7e+16,7e+16
0.08900000000000007,0.3,0.0,0.0,-7e+16,7e+16
0.09050000000000007,0.0,1e+19,0.0,9.93e+18,7e+16
0.09050000000000007,0.0025,1e+19,0.0,9.93e+18,7e+16
0.09050000000000007,0.00546875,1e+19,0.0,9.93e+18,7e+16
0.09050000000000007,0.008994140624999999,1e+19,0.0,9.93e+18,7e+16
0.09050000000000007,0.0131805419921875,1e+19,0.0,9.93e+18,7e+16
0.09050000000000007,0.01815189361572265,1e+19,0.0,9.93e+18,7e+16
0.09050000000000007,0.024055373668670638,9.999999999998917e+18,0.0,9.929999999998917e+18,7e+16
0.09050000000000007,0.03106575623154638,9.999999573193622e+18,0.0,9.929999573193622e+18,7e+16
0.09050000000000007,0.03939058552496131,9.986536236000594e+18,0.0,9.916536236000594e+18,7e+16
0.09050000000000007,0.049276320310891554,5.81091866650349e+18,0.0,5.74091866650349e+18,7e+16
0.09050000000000007,0.05,5e+18,0.0,4.93e+18,7e+16
0.09050000000000007,0.060000000000000005,2.3388674905236376e+16,0.0,-4.6611325094763624e+16,7e+16
0.09050000000000007,0.07200000000000001,2445855135.3028975,0.0,-6.999999755414486e+16,7e+16
0.09050000000000007,0.0864,3.6927184431223013e-06,0.0,-7e+16,7e+16
0.09050000000000007,0.10368,2.2917649593358648e-33,0.0,-7e+16,7e+16
0.09050000000000007,0.124416,1.1920887850973537e-79,0.0,-7e+16,7e+16
0.09050000000000007,0.1492992,7.2506122717558704e-155,0.0,-7e+16,7e+16
0.09050000000000007,0.17915904,1.7413766378171499e-273,0.0,-7e+16,7e+16
0.09050000000000007,0.2149908479999999,0.0,0.0,-7e+16,7e+16
0.09050000000000007,0.2579890175999999,0.0,0.0,-7e+16,7e+16
0.09050000000000007,0.3,0.0,0.0,-7e+16,7e+16
0.09200000000000007,0.0,1e+19,0.0,9.93e+18,7e+16
0.09200000000000007,0.0025,1e+19,0.0,9.93e+18,7e+16
0.09200000000000007,0.00546875,1e+19,0.0,9.93e+18,7e+16
0.09200000000000007,0.008994140624999999,1e+19,0.0,9.93e+18,7e+16
0.09200000000000007,0.0131805419921875,1e+19,0.0,9.93e+18,7e+16
0.09200000000000007,0.01815189361572265,1e+19,0.0,9.93e+18,7e+16
0.09200000000000007,0.024055373668670638,9.999999999998917e+18,0.0,9.929999999998917e+18,7e+16
0.09200000000000007,0.03106575623154638,9.999999573193622e+18,0.0,9.929999573193622e+18,7e+16
0.09200000000000007,0.03939058552496131,9.986536236000594e+18,0.0,9.916536236000594e+18,7e+16
0.09200000000000007,0.049276320310891554,5.81091866650349e+18,0.0,5.74091866650349e+18,7e+16
0.09200000000000007,0.05,5e+18,0.0,4.93e+18,7e+16
0.09200000000000007,0.060000000000000005,2.3388674905236376e+16,0.0,-4.6611325094763624e+16,7e+16
0.09200000000000007,0.07200000000000001,2445855135.3028975,0.0,-6.999999755414486e+16,7e+16
0.09200000000000007,0.0864,3.6927184431223013e-06,0.0,-7e+16,7e+16
0.09200000000000007,0.10368,2.2917649593358648e-33,0.0,-7e+16,7e+16
0.09200000000000007,0.124416,1.1920887850973537e-79,0.0,-7e+16,7e+16
0.09200000000000007,0.1492992,7.2506122717558704e-155,0.0,-7e+16,7e+16
0.09200000000000007,0.17915904,1.7413766378171499e-273,0.0,-7e+16,7e+16
0.09200000000000007,0.2149908479999999,0.0,0.0,-7e+16,7e+16
0.09200000000000007,0.2579890175999999,0.0,0.0,-7e+16,7e+16
0.09200000000000007,0.3,0.0,0.0,-7e+16,7e+16
0.09350000000000007,0.0,1e+19,0.0,9.93e+18,7e+16
0.09350000000000007,0.0025,1e+19,0.0,9.93e+18,7e+16
0.09350000000000007,0.00546875,1e+19,0.0,9.93e+18,7e+16
0.09350000000000007,0.008994140624999999,1e+19,0.0,9.93e+18,7e+16
0.09350000000000007,0.0131805419921875,1e+19,0.0,9.93e+18,7e+16
0.09350000000000007,0.01815189361572265,1e+19,0.0,9.93e+18,7e+16
0.09350000000000007,0.024055373668670638,9.999999999998917e+18,0.0,9.929999999998917e+18,7e+16
0.09350000000000007,0.03106575623154638,9.999999573193622e+18,0.0,9.929999573193622e+18,7e+16
0.09350000000000007,0.03939058552496131,9.986536236000594e+18,0.0,9.916536236000594e+18,7e+16
0.09350000000000007,0.049276320310891554,5.81091866650349e+18,0.0,5.74091866650349e+18,7e+16
0.09350000000000007,0.05,5e+18,0.0,4.93e+18,7e+16
0.09350000000000007,0.060000000000000005,2.3388674905236376e+16,0.0,-4.6611325094763624e+16,7e+16
0.09350000000000007,0.07200000000000001,2445855135.3028975,0.0,-6.999999755414486e+16,7e+16
0.09350000000000007,0.0864,3.6927184431223013e-06,0.0,-7e+16,7e+16
0.09350000000000007,0.10368,2.2917649593358648e-33,0.0,-7e+16,7e+16
0.09350000000000007,0.124416,1.1920887850973537e-79,0.0,-7e+16,7e+16
0.09350000000000007,0.1492992,7.2506122717558704e-155,0.0,-7e+16,7e+16
0.09350000000000007,0.17915904,1.7413766378171499e-273,0.0,-7e+16,7e+16
0.09350000000000007,0.2149908479999999,0.0,0.0,-7e+16,7e+16
0.09350000000000007,0.2579890175999999,0.0,0.0,-7e+16,7e+16
0.09350000000000007,0.3,0.0,0.0,-7e+16,7e+16
0.09500000000000007,0.0,1e+19,0.0,9.93e+18,7e+16
0.09500000000000007,0.0025,1e+19,0.0,9.93e+18,7e+16
0.09500000000000007,0.00546875,1e+19,0.0,9.93e+18,7e+16
0.09500000000000007,0.008994140624999999,1e+19,0.0,9.93e+18,7e+16
0.09500000000000007,0.0131805419921875,1e+19,0.0,9.93e+18,7e+16
0.09500000000000007,0.01815189361572265,1e+19,0.0,9.93e+18,7e+16
0.09500000000000007,0.024055373668670638,9.999999999998917e+18,0.0,9.929999999998917e+18,7e+16
0.09500000000000007,0.03106575623154638,9.999999573193622e+18,0.0,9.929999573193622e+18,7e+16
0.09500000000000007,0.03939058552496131,9.986536236000594e+18,0.0,9.916536236000594e+18,7e+16
0.09500000000000007,0.049276320310891554,5.81091866650349e+18,0.0,5.74091866650349e+18,7e+16
0.09500000000000007,0.05,5e+18,0.0,4.93e+18,7e+16
0.09500000000000007,0.060000000000000005,2.3388674905236376e+16,0.0,-4.6611325094763624e+16,7e+16
0.09500000000000007,0.07200000000000001,2445855135.3028975,0.0,-6.999999755414486e+16,7e+16
0.09500000000000007,0.0864,3.6927184431223013e-06,0.0,-7e+16,7e+16
0.09500000000000007,0.10368,2.2917649593358648e-33,0.0,-7e+16,7e+16
0.09500000000000007,0.124416,1.1920887850973537e-79,0.0,-7e+16,7e+16
0.09500000000000007,0.1492992,7.2506122717558704e-155,0.0,-7e+16,7e+16
0.09500000000000007,0.17915904,1.7413766378171499e-273,0.0,-7e+16,7e+16
0.09500000000000007,0.2149908479999999,0.0,0.0,-7e+16,7e+16
0.09500000000000007,0.2579890175999999,0.0,0.0,-7e+16,7e+16
0.09500000000000007,0.3,0.0,0.0,-7e+16,7e+16
0.09650000000000007,0.0,1e+19,0.0,9.93e+18,7e+16
0.09650000000000007,0.0025,1e+19,0.0,9.93e+18,7e+16
0.09650000000000007,0.00546875,1e+19,0.0,9.93e+18,7e+16
0.09650000000000007,0.008994140624999999,1e+19,0.0,9.93e+18,7e+16
0.09650000000000007,0.0131805419921875,1e+19,0.0,9.93e+18,7e+16
0.09650000000000007,0.01815189361572265,1e+19,0.0,9.93e+18,7e+16
0.09650000000000007,0.024055373668670638,9.999999999998917e+18,0.0,9.929999999998917e+18,7e+16
0.09650000000000007,0.03106575623154638,9.999999573193622e+18,0.0,9.929999573193622e+18,7e+16
0.09650000000000007,0.03939058552496131,9.986536236000594e+18,0.0,9.916536236000594e+18,7e+16
0.09650000000000007,0.049276320310891554,5.81091866650349e+18,0.0,5.74091866650349e+18,7e+16
0.09650000000000007,0.05,5e+18,0.0,4.93e+18,7e+16
0.09650000000000007,0.060000000000000005,2.3388674905236376e+16,0.0,-4.6611325094763624e+16,7e+16
0.09650000000000007,0.07200000000000001,2445855135.3028975,0.0,-6.999999755414486e+16,7e+16
0.09650000000000007,0.0864,3.6927184431223013e-06,0.0,-7e+16,7e+16
0.09650000000000007,0.10368,2.2917649593358648e-33,0.0,-7e+16,7e+16
0.09650000000000007,0.124416,1.1920887850973537e-79,0.0,-7e+16,7e+16
0.09650000000000007,0.1492992,7.2506122717558704e-155,0.0,-7e+16,7e+16
0.09650000000000007,0.17915904,1.7413766378171499e-273,0.0,-7e+16,7e+16
0.09650000000000007,0.2149908479999999,0.0,0.0,-7e+16,7e+16
0.09650000000000007,0.2579890175999999,0.0,0.0,-7e+16,7e+16
0.09650000000000007,0.3,0.0,0.0,-7e+16,7e+16
0.09800000000000007,0.0,1e+19,0.0,9.93e+18,7e+16
0.09800000000000007,0.0025,1e+19,0.0,9.93e+18,7e+16
0.09800000000000007,0.00546875,1e+19,0.0,9.93e+18,7e+16
0.09800000000000007,0.008994140624999999,1e+19,0.0,9.93e+18,7e+16
0.09800000000000007,0.0131805419921875,1e+19,0.0,9.93e+18,7e+16
0.09800000000000007,0.01815189361572265,1e+19,0.0,9.93e+18,7e+16
0.09800000000000007,0.024055373668670638,9.999999999998917e+18,0.0,9.929999999998917e+18,7e+16
0.09800000000000007,0.03106575623154638,9.999999573193622e+18,0.0,9.929999573193622e+18,7e+16
0.09800000000000007,0.03939058552496131,9.986536236000594e+18,0.0,9.916536236000594e+18,7e+16
0.09800000000000007,0.049276320310891554,5.81091866650349e+18,0.0,5.74091866650349e+18,7e+16
0.09800000000000007,0.05,5e+18,0.0,4.93e+18,7e+16
0.09800000000000007,0.060000000000000005,2.3388674905236376e+16,0.0,-4.6611325094763624e+16,7e+16
0.09800000000000007,0.07200000000000001,2445855135.3028975,0.0,-6.999999755414486e+16,7e+16
0.09800000000000007,0.0864,3.6927184431223013e-06,0.0,-7e+16,7e+16
0.09800000000000007,0.10368,2.2917649593358648e-33,0.0,-7e+16,7e+16
0.09800000000000007,0.124416,1.1920887850973537e-79,0.0,-7e+16,7e+16
0.09800000000000007,0.1492992,7.2506122717558704e-155,0.0,-7e+16,7e+16
0.09800000000000007,0.17915904,1.7413766378171499e-273,0.0,-7e+16,7e+16
0.09800000000000007,0.2149908479999999,0.0,0.0,-7e+16,7e+16
0.09800000000000007,0.2579890175999999,0.0,0.0,-7e+16,7e+16
0.09800000000000007,0.3,0.0,0.0,-7e+16,7e+16
0.09950000000000007,0.0,1e+19,0.0,9.93e+18,7e+16
0.09950000000000007,0.0025,1e+19,0.0,9.93e+18,7e+16
0.09950000000000007,0.00546875,1e+19,0.0,9.93e+18,7e+16
0.09950000000000007,0.008994140624999999,1e+19,0.0,9.93e+18,7e+16
0.09950000000000007,0.0131805419921875,1e+19,0.0,9.93e+18,7e+16
0.09950000000000007,0.01815189361572265,1e+19,0.0,9.93e+18,7e+16
0.09950000000000007,0.024055373668670638,9.999999999998917e+18,0.0,9.929999999998917e+18,7e+16
0.09950000000000007,0.03106575623154638,9.999999573193622e+18,0.0,9.929999573193622e+18,7e+16
0.09950000000000007,0.03939058552496131,9.986536236000594e+18,0.0,9.916536236000594e+18,7e+16
0.09950000000000007,0.049276320310891554,5.81091866650349e+18,0.0,5.74091866650349e+18,7e+16
0.09950000000000007,0.05,5e+18,0.0,4.93e+18,7e+16
0.09950000000000007,0.060000000000000005,2.3388674905236376e+16,0.0,-4.6611325094763624e+16,7e+16
0.09950000000000007,0.07200000000000001,2445855135.3028975,0.0,-6.999999755414486e+16,7e+16
0.09950000000000007,0.0864,3.6927184431223013e-06,0.0,-7e+16,7e+16
0.09950000000000007,0.10368,2.2917649593358648e-33,0.0,-7e+16,7e+16
0.09950000000000007,0.124416,1.1920887850973537e-79,0.0,-7e+16,7e+16
0.09950000000000007,0.1492992,7.2506122717558704e-155,0.0,-7e+16,7e+16
0.09950000000000007,0.17915904,1.7413766378171499e-273,0.0,-7e+16,7e+16
0.09950000000000007,0.2149908479999999,0.0,0.0,-7e+16,7e+16
0.09950000000000007,0.2579890175999999,0.0,0.0,-7e+16,7e+16
0.09950000000000007,0.3,0.0,0.0,-7e+16,7e+16
0.1010000000000001,0.0,1e+19,0.0,9.93e+18,7e+16
0.1010000000000001,0.0025,1e+19,0.0,9.93e+18,7e+16
0.1010000000000001,0.00546875,1e+19,0.0,9.93e+18,7e+16
0.1010000000000001,0.008994140624999999,1e+19,0.0,9.93e+18,7e+16
0.1010000000000001,0.0131805419921875,1e+19,0.0,9.93e+18,7e+16
0.1010000000000001,0.01815189361572265,1e+19,0.0,9.93e+18,7e+16
0.1010000000000001,0.024055373668670638,9.999999999998917e+18,0.0,9.929999999998917e+18,7e+16
0.1010000000000001,0.03106575623154638,9.999999573193622e+18,0.0,9.929999573193622e+18,7e+16
0.1010000000000001,0.03939058552496131,9.986536236000594e+18,0.0,9.916536236000594e+18,7e+16
0.1010000000000001,0.049276320310891554,5.81091866650349e+18,0.0,5.74091866650349e+18,7e+16
0.1010000000000001,0.05,5e+18,0.0,4.93e+18,7e+16
0.1010000000000001,0.060000000000000005,2.3388674905236376e+16,0.0,-4.6611325094763624e+16,7e+16
0.1010000000000001,0.07200000000000001,2445855135.3028975,0.0,-6.999999755414486e+16,7e+16
0.1010000000000001,0.0864,3.6927184431223013e-06,0.0,-7e+16,7e+16
0.1010000000000001,0.10368,2.2917649593358648e-33,0.0,-7e+16,7e+16
0.1010000000000001,0.124416,1.1920887850973537e-79,0.0,-7e+16,7e+16
0.1010000000000001,0.1492992,7.2506122717558704e-155,0.0,-7e+16,7e+16
0.1010000000000001,0.17915904,1.7413766378171499e-273,0.0,-7e+16,7e+16
0.1010000000000001,0.2149908479999999,0.0,0.0,-7e+16,7e+16
0.1010000000000001,0.2579890175999999,0.0,0.0,-7e+16,7e+16
0.1010000000000001,0.3,0.0,0.0,-7e+16,7e+16
0.1025000000000001,0.0,1e+19,0.0,9.93e+18,7e+16
0.1025000000000001,0.0025,1e+19,0.0,9.93e+18,7e+16
0.1025000000000001,0.00546875,1e+19,0.0,9.93e+18,7e+16
0.1025000000000001,0.008994140624999999,1e+19,0.0,9.93e+18,7e+16
0.1025000000000001,0.0131805419921875,1e+19,0.0,9.93e+18,7e+16
0.1025000000000001,0.01815189361572265,1e+19,0.0,9.93e+18,7e+16
0.1025000000000001,0.024055373668670638,9.999999999998917e+18,0.0,9.929999999998917e+18,7e+16
0.1025000000000001,0.03106575623154638,9.999999573193622e+18,0.0,9.929999573193622e+18,7e+16
0.1025000000000001,0.03939058552496131,9.986536236000594e+18,0.0,9.916536236000594e+18,7e+16
0.1025000000000001,0.049276320310891554,5.81091866650349e+18,0.0,5.74091866650349e+18,7e+16
0.1025000000000001,0.05,5e+18,0.0,4.93e+18,7e+16
0.1025000000000001,0.060000000000000005,2.3388674905236376e+16,0.0,-4.6611325094763624e+16,7e+16
0.1025000000000001,0.07200000000000001,2445855135.3028975,0.0,-6.999999755414486e+16,7e+16
0.1025000000000001,0.0864,3.6927184431223013e-06,0.0,-7e+16,7e+16
0.1025000000000001,0.10368,2.2917649593358648e-33,0.0,-7e+16,7e+16
0.1025000000000001,0.124416,1.1920887850973537e-79,0.0,-7e+16,7e+16
0.1025000000000001,0.1492992,7.2506122717558704e-155,0.0,-7e+16,7e+16
0.1025000000000001,0.17915904,1.7413766378171499e-273,0.0,-7e+16,7e+16
0.1025000000000001,0.2149908479999999,0.0,0.0,-7e+16,7e+16
0.1025000000000001,0.2579890175999999,0.0,0.0,-7e+16,7e+16
0.1025000000000001,0.3,0.0,0.0,-7e+16,7e+16
0.1040000000000001,0.0,1e+19,0.0,9.93e+18,7e+16
0.1040000000000001,0.0025,1e+19,0.0,9.93e+18,7e+16
0.1040000000000001,0.00546875,1e+19,0.0,9.93e+18,7e+16
0.1040000000000001,0.008994140624999999,1e+19,0.0,9.93e+18,7e+16
0.1040000000000001,0.0131805419921875,1e+19,0.0,9.93e+18,7e+16
0.1040000000000001,0.01815189361572265,1e+19,0.0,9.93e+18,7e+16
0.1040000000000001,0.024055373668670638,9.999999999998917e+18,0.0,9.929999999998917e+18,7e+16
0.1040000000000001,0.03106575623154638,9.999999573193622e+18,0.0,9.929999573193622e+18,7e+16
0.1040000000000001,0.03939058552496131,9.986536236000594e+18,0.0,9.916536236000594e+18,7e+16
0.1040000000000001,0.049276320310891554,5.81091866650349e+18,0.0,5.74091866650349e+18,7e+16
0.1040000000000001,0.05,5e+18,0.0,4.93e+18,7e+16
0.1040000000000001,0.060000000000000005,2.3388674905236376e+16,0.0,-4.6611325094763624e+16,7e+16
0.1040000000000001,0.07200000000000001,2445855135.3028975,0.0,-6.999999755414486e+16,7e+16
0.1040000000000001,0.0864,3.6927184431223013e-06,0.0,-7e+16,7e+16
0.1040000000000001,0.10368,2.2917649593358648e-33,0.0,-7e+16,7e+16
0.1040000000000001,0.124416,1.1920887850973537e-79,0.0,-7e+16,7e+16
0.1040000000000001,0.1492992,7.2506122717558704e-155,0.0,-7e+16,7e+16
0.1040000000000001,0.17915904,1.7413766378171499e-273,0.0,-7e+16,7e+16
0.1040000000000001,0.2149908479999999,0.0,0.0,-7e+16,7e+16
0.1040000000000001,0.2579890175999999,0.0,0.0,-7e+16,7e+16
0.1040000000000001,0.3,0.0,0.0,-7e+16,7e+16
0.10550000000000011,0.0,1e+19,0.0,9.93e+18,7e+16
0.10550000000000011,0.0025,1e+19,0.0,9.93e+18,7e+16
0.10550000000000011,0.00546875,1e+19,0.0,9.93e+18,7e+16
0.10550000000000011,0.008994140624999999,1e+19,0.0,9.93e+18,7e+16
0.10550000000000011,0.0131805419921875,1e+19,0.0,9.93e+18,7e+16
0.10550000000000011,0.01815189361572265,1e+19,0.0,9.93e+18,7e+16
0.10550000000000011,0.024055373668670638,9.999999999998917e+18,0.0,9.929999999998917e+18,7e+16
0.10550000000000011,0.03106575623154638,9.999999573193622e+18,0.0,9.929999573193622e+18,7e+16
0.10550000000000011,0.03939058552496131,9.986536236000594e+18,0.0,9.916536236000594e+18,7e+16
0.10550000000000011,0.049276320310891554,5.81091866650349e+18,0.0,5.74091866650349e+18,7e+16
0.10550000000000011,0.05,5e+18,0.0,4.93e+18,7e+16
0.10550000000000011,0.060000000000000005,2.3388674905236376e+16,0.0,-4.6611325094763624e+16,7e+16
0.10550000000000011,0.07200000000000001,2445855135.3028975,0.0,-6.999999755414486e+16,7e+16
0.10550000000000011,0.0864,3.6927184431223013e-06,0.0,-7e+16,7e+16
0.10550000000000011,0.10368,2.2917649593358648e-33,0.0,-7e+16,7e+16
0.10550000000000011,0.124416,1.1920887850973537e-79,0.0,-7e+16,7e+16
0.10550000000000011,0.1492992,7.2506122717558704e-155,0.0,-7e+16,7e+16
0.10550000000000011,0.17915904,1.7413766378171499e-273,0.0,-7e+16,7e+16
0.10550000000000011,0.2149908479999999,0.0,0.0,-7e+16,7e+16
0.10550000000000011,0.2579890175999999,0.0,0.0,-7e+16,7e+16
0.10550000000000011,0.3,0.0,0.0,-7e+16,7e+16
0.1070000000000001,0.0,1e+19,0.0,9.93e+18,7e+16
0.1070000000000001,0.0025,1e+19,0.0,9.93e+18,7e+16
0.1070000000000001,0.00546875,1e+19,0.0,9.93e+18,7e+16
0.1070000000000001,0.008994140624999999,1e+19,0.0,9.93e+18,7e+16
0.1070000000000001,0.0131805419921875,1e+19,0.0,9.93e+18,7e+16
0.1070000000000001,0.01815189361572265,1e+19,0.0,9.93e+18,7e+16
0.1070000000000001,0.024055373668670638,9.999999999998917e+18,0.0,9.929999999998917e+18,7e+16
0.1070000000000001,0.03106575623154638,9.999999573193622e+18,0.0,9.929999573193622e+18,7e+16
0.1070000000000001,0.03939058552496131,9.986536236000594e+18,0.0,9.916536236000594e+18,7e+16
0.1070000000000001,0.049276320310891554,5.81091866650349e+18,0.0,5.74091866650349e+18,7e+16
0.1070000000000001,0.05,5e+18,0.0,4.93e+18,7e+16
0.1070000000000001,0.060000000000000005,2.3388674905236376e+16,0.0,-4.6611325094763624e+16,7e+16
0.1070000000000001,0.07200000000000001,2445855135.3028975,0.0,-6.999999755414486e+16,7e+16
0.1070000000000001,0.0864,3.6927184431223013e-06,0.0,-7e+16,7e+16
0.1070000000000001,0.10368,2.2917649593358648e-33,0.0,-7e+16,7e+16
0.1070000000000001,0.124416,1.1920887850973537e-79,0.0,-7e+16,7e+16
0.1070000000000001,0.1492992,7.2506122717558704e-155,0.0,-7e+16,7e+16
0.1070000000000001,0.17915904,1.7413766378171499e-273,0.0,-7e+16,7e+16
0.1070000000000001,0.2149908479999999,0.0,0.0,-7e+16,7e+16
0.1070000000000001,0.2579890175999999,0.0,0.0,-7e+16,7e+16
0.1070000000000001,0.3,0.0,0.0,-7e+16,7e+16
0.1085000000000001,0.0,1e+19,0.0,9.93e+18,7e+16
0.1085000000000001,0.0025,1e+19,0.0,9.93e+18,7e+16
0.1085000000000001,0.00546875,1e+19,0.0,9.93e+18,7e+16
0.1085000000000001,0.008994140624999999,1e+19,0.0,9.93e+18,7e+16
0.1085000000000001,0.0131805419921875,1e+19,0.0,9.93e+18,7e+16
0.1085000000000001,0.01815189361572265,1e+19,0.0,9.93e+18,7e+16
0.1085000000000001,0.024055373668670638,9.999999999998917e+18,0.0,9.929999999998917e+18,7e+16
0.1085000000000001,0.03106575623154638,9.999999573193622e+18,0.0,9.929999573193622e+18,7e+16
0.1085000000000001,0.03939058552496131,9.986536236000594e+18,0.0,9.916536236000594e+18,7e+16
0.1085000000000001,0.049276320310891554,5.81091866650349e+18,0.0,5.74091866650349e+18,7e+16
0.1085000000000001,0.05,5e+18,0.0,4.93e+18,7e+16
0.1085000000000001,0.060000000000000005,2.3388674905236376e+16,0.0,-4.6611325094763624e+16,7e+16
0.1085000000000001,0.07200000000000001,2445855135.3028975,0.0,-6.999999755414486e+16,7e+16
0.1085000000000001,0.0864,3.6927184431223013e-06,0.0,-7e+16,7e+16
0.1085000000000001,0.10368,2.2917649593358648e-33,0.0,-7e+16,7e+16
0.1085000000000001,0.124416,1.1920887850973537e-79,0.0,-7e+16,7e+16
0.1085000000000001,0.1492992,7.2506122717558704e-155,0.0,-7e+16,7e+16
0.1085000000000001,0.17915904,1.7413766378171499e-273,0.0,-7e+16,7e+16
0.1085000000000001,0.2149908479999999,0.0,0.0,-7e+16,7e+16
0.1085000000000001,0.2579890175999999,0.0,0.0,-7e+16,7e+16
0.1085000000000001,0.3,0.0,0.0,-7e+16,7e+16
0.1100000000000001,0.0,1e+19,0.0,9.93e+18,7e+16
0.1100000000000001,0.0025,1e+19,0.0,9.93e+18,7e+16
0.1100000000000001,0.00546875,1e+19,0.0,9.93e+18,7e+16
0.1100000000000001,0.008994140624999999,1e+19,0.0,9.93e+18,7e+16
0.1100000000000001,0.0131805419921875,1e+19,0.0,9.93e+18,7e+16
0.1100000000000001,0.01815189361572265,1e+19,0.0,9.93e+18,7e+16
0.1100000000000001,0.024055373668670638,9.999999999998917e+18,0.0,9.929999999998917e+18,7e+16
0.1100000000000001,0.03106575623154638,9.999999573193622e+18,0.0,9.929999573193622e+18,7e+16
0.1100000000000001,0.03939058552496131,9.986536236000594e+18,0.0,9.916536236000594e+18,7e+16
0.1100000000000001,0.049276320310891554,5.81091866650349e+18,0.0,5.74091866650349e+18,7e+16
0.1100000000000001,0.05,5e+18,0.0,4.93e+18,7e+16
0.1100000000000001,0.060000000000000005,2.3388674905236376e+16,0.0,-4.6611325094763624e+16,7e+16
0.1100000000000001,0.07200000000000001,2445855135.3028975,0.0,-6.999999755414486e+16,7e+16
0.1100000000000001,0.0864,3.6927184431223013e-06,0.0,-7e+16,7e+16
0.1100000000000001,0.10368,2.2917649593358648e-33,0.0,-7e+16,7e+16
0.1100000000000001,0.124416,1.1920887850973537e-79,0.0,-7e+16,7e+16
0.1100000000000001,0.1492992,7.2506122717558704e-155,0.0,-7e+16,7e+16
0.1100000000000001,0.17915904,1.7413766378171499e-273,0.0,-7e+16,7e+16
0.1100000000000001,0.2149908479999999,0.0,0.0,-7e+16,7e+16
0.1100000000000001,0.2579890175999999,0.0,0.0,-7e+16,7e+16
0.1100000000000001,0.3,0.0,0.0,-7e+16,7e+16
0.1115000000000001,0.0,1e+19,0.0,9.93e+18,7e+16
0.1115000000000001,0.0025,1e+19,0.0,9.93e+18,7e+16
0.1115000000000001,0.00546875,1e+19,0.0,9.93e+18,7e+16
0.1115000000000001,0.008994140624999999,1e+19,0.0,9.93e+18,7e+16
0.1115000000000001,0.0131805419921875,1e+19,0.0,9.93e+18,7e+16
0.1115000000000001,0.01815189361572265,1e+19,0.0,9.93e+18,7e+16
0.1115000000000001,0.024055373668670638,9.999999999998917e+18,0.0,9.929999999998917e+18,7e+16
0.1115000000000001,0.03106575623154638,9.999999573193622e+18,0.0,9.929999573193622e+18,7e+16
0.1115000000000001,0.03939058552496131,9.986536236000594e+18,0.0,9.916536236000594e+18,7e+16
0.1115000000000001,0.049276320310891554,5.81091866650349e+18,0.0,5.74091866650349e+18,7e+16
0.1115000000000001,0.05,5e+18,0.0,4.93e+18,7e+16
0.1115000000000001,0.060000000000000005,2.3388674905236376e+16,0.0,-4.6611325094763624e+16,7e+16
0.1115000000000001,0.07200000000000001,2445855135.3028975,0.0,-6.999999755414486e+16,7e+16
0.1115000000000001,0.0864,3.6927184431223013e-06,0.0,-7e+16,7e+16
0.1115000000000001,0.10368,2.2917649593358648e-33,0.0,-7e+16,7e+16
0.1115000000000001,0.124416,1.1920887850973537e-79,0.0,-7e+16,7e+16
0.1115000000000001,0.1492992,7.2506122717558704e-155,0.0,-7e+16,7e+16
0.1115000000000001,0.17915904,1.7413766378171499e-273,0.0,-7e+16,7e+16
0.1115000000000001,0.2149908479999999,0.0,0.0,-7e+16,7e+16
0.1115000000000001,0.2579890175999999,0.0,0.0,-7e+16,7e+16
0.1115000000000001,0.3,0.0,0.0,-7e+16,7e+16
0.1130000000000001,0.0,1e+19,0.0,9.93e+18,7e+16
0.1130000000000001,0.0025,1e+19,0.0,9.93e+18,7e+16
0.1130000000000001,0.00546875,1e+19,0.0,9.93e+18,7e+16
0.1130000000000001,0.008994140624999999,1e+19,0.0,9.93e+18,7e+16
0.1130000000000001,0.0131805419921875,1e+19,0.0,9.93e+18,7e+16
0.1130000000000001,0.01815189361572265,1e+19,0.0,9.93e+18,7e+16
0.1130000000000001,0.024055373668670638,9.999999999998917e+18,0.0,9.929999999998917e+18,7e+16
0.1130000000000001,0.03106575623154638,9.999999573193622e+18,0.0,9.929999573193622e+18,7e+16
0.1130000000000001,0.03939058552496131,9.986536236000594e+18,0.0,9.916536236000594e+18,7e+16
0.1130000000000001,0.049276320310891554,5.81091866650349e+18,0.0,5.74091866650349e+18,7e+16
0.1130000000000001,0.05,5e+18,0.0,4.93e+18,7e+16
0.1130000000000001,0.060000000000000005,2.3388674905236376e+16,0.0,-4.6611325094763624e+16,7e+16
0.1130000000000001,0.07200000000000001,2445855135.3028975,0.0,-6.999999755414486e+16,7e+16
0.1130000000000001,0.0864,3.6927184431223013e-06,0.0,-7e+16,7e+16
0.1130000000000001,0.10368,2.2917649593358648e-33,0.0,-7e+16,7e+16
0.1130000000000001,0.124416,1.1920887850973537e-79,0.0,-7e+16,7e+16
0.1130000000000001,0.1492992,7.2506122717558704e-155,0.0,-7e+16,7e+16
0.1130000000000001,0.17915904,1.7413766378171499e-273,0.0,-7e+16,7e+16
0.1130000000000001,0.2149908479999999,0.0,0.0,-7e+16,7e+16
0.1130000000000001,0.2579890175999999,0.0,0.0,-7e+16,7e+16
0.1130000000000001,0.3,0.0,0.0,-7e+16,7e+16
0.1145000000000001,0.0,1e+19,0.0,9.93e+18,7e+16
0.1145000000000001,0.0025,1e+19,0.0,9.93e+18,7e+16
0.1145000000000001,0.00546875,1e+19,0.0,9.93e+18,7e+16
0.1145000000000001,0.008994140624999999,1e+19,0.0,9.93e+18,7e+16
0.1145000000000001,0.0131805419921875,1e+19,0.0,9.93e+18,7e+16
0.1145000000000001,0.01815189361572265,1e+19,0.0,9.93e+18,7e+16
0.1145000000000001,0.024055373668670638,9.999999999998917e+18,0.0,9.929999999998917e+18,7e+16
0.1145000000000001,0.03106575623154638,9.999999573193622e+18,0.0,9.929999573193622e+18,7e+16
0.1145000000000001,0.03939058552496131,9.986536236000594e+18,0.0,9.916536236000594e+18,7e+16
0.1145000000000001,0.049276320310891554,5.81091866650349e+18,0.0,5.74091866650349e+18,7e+16
0.1145000000000001,0.05,5e+18,0.0,4.93e+18,7e+16
0.1145000000000001,0.060000000000000005,2.3388674905236376e+16,0.0,-4.6611325094763624e+16,7e+16
0.1145000000000001,0.07200000000000001,2445855135.3028975,0.0,-6.999999755414486e+16,7e+16
0.1145000000000001,0.0864,3.6927184431223013e-06,0.0,-7e+16,7e+16
0.1145000000000001,0.10368,2.2917649593358648e-33,0.0,-7e+16,7e+16
0.1145000000000001,0.124416,1.1920887850973537e-79,0.0,-7e+16,7e+16
0.1145000000000001,0.1492992,7.2506122717558704e-155,0.0,-7e+16,7e+16
0.1145000000000001,0.17915904,1.7413766378171499e-273,0.0,-7e+16,7e+16
0.1145000000000001,0.2149908479999999,0.0,0.0,-7e+16,7e+16
0.1145000000000001,0.2579890175999999,0.0,0.0,-7e+16,7e+16
0.1145000000000001,0.3,0.0,0.0,-7e+16,7e+16
0.11600000000000009,0.0,1e+19,0.0,9.93e+18,7e+16
0.11600000000000009,0.0025,1e+19,0.0,9.93e+18,7e+16
0.11600000000000009,0.00546875,1e+19,0.0,9.93e+18,7e+16
0.11600000000000009,0.008994140624999999,1e+19,0.0,9.93e+18,7e+16
0.11600000000000009,0.0131805419921875,1e+19,0.0,9.93e+18,7e+16
0.11600000000000009,0.01815189361572265,1e+19,0.0,9.93e+18,7e+16
0.11600000000000009,0.024055373668670638,9.999999999998917e+18,0.0,9.929999999998917e+18,7e+16
0.11600000000000009,0.03106575623154638,9.999999573193622e+18,0.0,9.929999573193622e+18,7e+16
0.11600000000000009,0.03939058552496131,9.986536236000594e+18,0.0,9.916536236000594e+18,7e+16
0.11600000000000009,0.049276320310891554,5.81091866650349e+18,0.0,5.74091866650349e+18,7e+16
0.11600000000000009,0.05,5e+18,0.0,4.93e+18,7e+16
0.11600000000000009,0.060000000000000005,2.3388674905236376e+16,0.0,-4.6611325094763624e+16,7e+16
0.11600000000000009,0.07200000000000001,2445855135.3028975,0.0,-6.999999755414486e+16,7e+16
0.11600000000000009,0.0864,3.6927184431223013e-06,0.0,-7e+16,7e+16
0.11600000000000009,0.10368,2.2917649593358648e-33,0.0,-7e+16,7e+16
0.11600000000000009,0.124416,1.1920887850973537e-79,0.0,-7e+16,7e+16
0.11600000000000009,0.1492992,7.2506122717558704e-155,0.0,-7e+16,7e+16
0.11600000000000009,0.17915904,1.7413766378171499e-273,0.0,-7e+16,7e+16
0.11600000000000009,0.2149908479999999,0.0,0.0,-7e+16,7e+16
0.11600000000000009,0.2579890175999999,0.0,0.0,-7e+16,7e+16
0.11600000000000009,0.3,0.0,0.0,-7e+16,7e+16
0.11750000000000009,0.0,1e+19,0.0,9.93e+18,7e+16
0.11750000000000009,0.0025,1e+19,0.0,9.93e+18,7e+16
0.11750000000000009,0.00546875,1e+19,0.0,9.93e+18,7e+16
0.11750000000000009,0.008994140624999999,1e+19,0.0,9.93e+18,7e+16
0.11750000000000009,0.0131805419921875,1e+19,0.0,9.93e+18,7e+16
0.11750000000000009,0.01815189361572265,1e+19,0.0,9.93e+18,7e+16
0.11750000000000009,0.024055373668670638,9.999999999998917e+18,0.0,9.929999999998917e+18,7e+16
0.11750000000000009,0.03106575623154638,9.999999573193622e+18,0.0,9.929999573193622e+18,7e+16
0.11750000000000009,0.03939058552496131,9.986536236000594e+18,0.0,9.916536236000594e+18,7e+16
0.11750000000000009,0.049276320310891554,5.81091866650349e+18,0.0,5.74091866650349e+18,7e+16
0.11750000000000009,0.05,5e+18,0.0,4.93e+18,7e+16
0.11750000000000009,0.060000000000000005,2.3388674905236376e+16,0.0,-4.6611325094763624e+16,7e+16
0.11750000000000009,0.07200000000000001,2445855135.3028975,0.0,-6.999999755414486e+16,7e+16
0.11750000000000009,0.0864,3.6927184431223013e-06,0.0,-7e+16,7e+16
0.11750000000000009,0.10368,2.2917649593358648e-33,0.0,-7e+16,7e+16
0.11750000000000009,0.124416,1.1920887850973537e-79,0.0,-7e+16,7e+16
0.11750000000000009,0.1492992,7.2506122717558704e-155,0.0,-7e+16,7e+16
0.11750000000000009,0.17915904,1.7413766378171499e-273,0.0,-7e+16,7e+16
0.11750000000000009,0.2149908479999999,0.0,0.0,-7e+16,7e+16
0.11750000000000009,0.2579890175999999,0.0,0.0,-7e+16,7e+16
0.11750000000000009,0.3,0.0,0.0,-7e+16,7e+16
0.11900000000000009,0.0,1e+19,0.0,9.93e+18,7e+16
0.11900000000000009,0.0025,1e+19,0.0,9.93e+18,7e+16
0.11900000000000009,0.00546875,1e+19,0.0,9.93e+18,7e+16
0.11900000000000009,0.008994140624999999,1e+19,0.0,9.93e+18,7e+16
0.11900000000000009,0.0131805419921875,1e+19,0.0,9.93e+18,7e+16
0.11900000000000009,0.01815189361572265,1e+19,0.0,9.93e+18,7e+16
0.11900000000000009,0.024055373668670638,9.999999999998917e+18,0.0,9.929999999998917e+18,7e+16
0.11900000000000009,0.03106575623154638,9.999999573193622e+18,0.0,9.929999573193622e+18,7e+16
0.11900000000000009,0.03939058552496131,9.986536236000594e+18,0.0,9.916536236000594e+18,7e+16
0.11900000000000009,0.049276320310891554,5.81091866650349e+18,0.0,5.74091866650349e+18,7e+16
0.11900000000000009,0.05,5e+18,0.0,4.93e+18,7e+16
0.11900000000000009,0.060000000000000005,2.3388674905236376e+16,0.0,-4.6611325094763624e+16,7e+16
0.11900000000000009,0.07200000000000001,2445855135.3028975,0.0,-6.999999755414486e+16,7e+16
0.11900000000000009,0.0864,3.6927184431223013e-06,0.0,-7e+16,7e+16
0.11900000000000009,0.10368,2.2917649593358648e-33,0.0,-7e+16,7e+16
0.11900000000000009,0.124416,1.1920887850973537e-79,0.0,-7e+16,7e+16
0.11900000000000009,0.1492992,7.2506122717558704e-155,0.0,-7e+16,7e+16
0.11900000000000009,0.17915904,1.7413766378171499e-273,0.0,-7e+16,7e+16
0.11900000000000009,0.2149908479999999,0.0,0.0,-7e+16,7e+16
0.11900000000000009,0.2579890175999999,0.0,0.0,-7e+16,7e+16
0.11900000000000009,0.3,0.0,0.0,-7e+16,7e+16
0.1205000000000001,0.0,1e+19,0.0,9.93e+18,7e+16
0.1205000000000001,0.0025,1e+19,0.0,9.93e+18,7e+16
0.1205000000000001,0.00546875,1e+19,0.0,9.93e+18,7e+16
0.1205000000000001,0.008994140624999999,1e+19,0.0,9.93e+18,7e+16
0.1205000000000001,0.0131805419921875,1e+19,0.0,9.93e+18,7e+16
0.1205000000000001,0.01815189361572265,1e+19,0.0,9.93e+18,7e+16
0.1205000000000001,0.024055373668670638,9.999999999998917e+18,0.0,9.929999999998917e+18,7e+16
0.1205000000000001,0.03106575623154638,9.999999573193622e+18,0.0,9.929999573193622e+18,7e+16
0.1205000000000001,0.03939058552496131,9.986536236000594e+18,0.0,9.916536236000594e+18,7e+16
0.1205000000000001,0.049276320310891554,5.81091866650349e+18,0.0,5.74091866650349e+18,7e+16
0.1205000000000001,0.05,5e+18,0.0,4.93e+18,7e+16
0.1205000000000001,0.060000000000000005,2.3388674905236376e+16,0.0,-4.6611325094763624e+16,7e+16
0.1205000000000001,0.07200000000000001,2445855135.3028975,0.0,-6.999999755414486e+16,7e+16
0.1205000000000001,0.0864,3.6927184431223013e-06,0.0,-7e+16,7e+16
0.1205000000000001,0.10368,2.2917649593358648e-33,0.0,-7e+16,7e+16
0.1205000000000001,0.124416,1.1920887850973537e-79,0.0,-7e+16,7e+16
0.1205000000000001,0.1492992,7.2506122717558704e-155,0.0,-7e+16,7e+16
0.1205000000000001,0.17915904,1.7413766378171499e-273,0.0,-7e+16,7e+16
0.1205000000000001,0.2149908479999999,0.0,0.0,-7e+16,7e+16
0.1205000000000001,0.2579890175999999,0.0,0.0,-7e+16,7e+16
0.1205000000000001,0.3,0.0,0.0,-7e+16,7e+16
0.12200000000000011,0.0,1e+19,0.0,9.93e+18,7e+16
0.12200000000000011,0.0025,1e+19,0.0,9.93e+18,7e+16
0.12200000000000011,0.00546875,1e+19,0.0,9.93e+18,7e+16
0.12200000000000011,0.008994140624999999,1e+19,0.0,9.93e+18,7e+16
0.12200000000000011,0.0131805419921875,1e+19,0.0,9.93e+18,7e+16
0.12200000000000011,0.01815189361572265,1e+19,0.0,9.93e+18,7e+16
0.12200000000000011,0.024055373668670638,9.999999999998917e+18,0.0,9.929999999998917e+18,7e+16
0.12200000000000011,0.03106575623154638,9.999999573193622e+18,0.0,9.929999573193622e+18,7e+16
0.12200000000000011,0.03939058552496131,9.986536236000594e+18,0.0,9.916536236000594e+18,7e+16
0.12200000000000011,0.049276320310891554,5.81091866650349e+18,0.0,5.74091866650349e+18,7e+16
0.12200000000000011,0.05,5e+18,0.0,4.93e+18,7e+16
0.12200000000000011,0.060000000000000005,2.3388674905236376e+16,0.0,-4.6611325094763624e+16,7e+16
0.12200000000000011,0.07200000000000001,2445855135.3028975,0.0,-6.999999755414486e+16,7e+16
0.12200000000000011,0.0864,3.6927184431223013e-06,0.0,-7e+16,7e+16
0.12200000000000011,0.10368,2.2917649593358648e-33,0.0,-7e+16,7e+16
0.12200000000000011,0.124416,1.1920887850973537e-79,0.0,-7e+16,7e+16
0.12200000000000011,0.1492992,7.2506122717558704e-155,0.0,-7e+16,7e+16
0.12200000000000011,0.17915904,1.7413766378171499e-273,0.0,-7e+16,7e+16
0.12200000000000011,0.2149908479999999,0.0,0.0,-7e+16,7e+16
0.12200000000000011,0.2579890175999999,0.0,0.0,-7e+16,7e+16
0.12200000000000011,0.3,0.0,0.0,-7e+16,7e+16
0.12350000000000011,0.0,1e+19,0.0,9.93e+18,7e+16
0.12350000000000011,0.0025,1e+19,0.0,9.93e+18,7e+16
0.12350000000000011,0.00546875,1e+19,0.0,9.93e+18,7e+16
0.12350000000000011,0.008994140624999999,1e+19,0.0,9.93e+18,7e+16
0.12350000000000011,0.0131805419921875,1e+19,0.0,9.93e+18,7e+16
0.12350000000000011,0.01815189361572265,1e+19,0.0,9.93e+18,7e+16
0.12350000000000011,0.024055373668670638,9.999999999998917e+18,0.0,9.929999999998917e+18,7e+16
0.12350000000000011,0.03106575623154638,9.999999573193622e+18,0.0,9.929999573193622e+18,7e+16
0.12350000000000011,0.03939058552496131,9.986536236000594e+18,0.0,9.916536236000594e+18,7e+16
0.12350000000000011,0.049276320310891554,5.81091866650349e+18,0.0,5.74091866650349e+18,7e+16
0.12350000000000011,0.05,5e+18,0.0,4.93e+18,7e+16
0.12350000000000011,0.060000000000000005,2.3388674905236376e+16,0.0,-4.6611325094763624e+16,7e+16
0.12350000000000011,0.07200000000000001,2445855135.3028975,0.0,-6.999999755414486e+16,7e+16
0.12350000000000011,0.0864,3.6927184431223013e-06,0.0,-7e+16,7e+16
0.12350000000000011,0.10368,2.2917649593358648e-33,0.0,-7e+16,7e+16
0.12350000000000011,0.124416,1.1920887850973537e-79,0.0,-7e+16,7e+16
0.12350000000000011,0.1492992,7.2506122717558704e-155,0.0,-7e+16,7e+16
0.12350000000000011,0.17915904,1.7413766378171499e-273,0.0,-7e+16,7e+16
0.12350000000000011,0.2149908479999999,0.0,0.0,-7e+16,7e+16
0.12350000000000011,0.2579890175999999,0.0,0.0,-7e+16,7e+16
0.12350000000000011,0.3,0.0,0.0,-7e+16,7e+16
0.1250000000000001,0.0,1e+19,0.0,9.93e+18,7e+16
0.1250000000000001,0.0025,1e+19,0.0,9.93e+18,7e+16
0.1250000000000001,0.00546875,1e+19,0.0,9.93e+18,7e+16
0.1250000000000001,0.008994140624999999,1e+19,0.0,9.93e+18,7e+16
0.1250000000000001,0.0131805419921875,1e+19,0.0,9.93e+18,7e+16
0.1250000000000001,0.01815189361572265,1e+19,0.0,9.93e+18,7e+16
0.1250000000000001,0.024055373668670638,9.999999999998917e+18,0.0,9.929999999998917e+18,7e+16
0.1250000000000001,0.03106575623154638,9.999999573193622e+18,0.0,9.929999573193622e+18,7e+16
0.1250000000000001,0.03939058552496131,9.986536236000594e+18,0.0,9.916536236000594e+18,7e+16
0.1250000000000001,0.049276320310891554,5.81091866650349e+18,0.0,5.74091866650349e+18,7e+16
0.1250000000000001,0.05,5e+18,0.0,4.93e+18,7e+16
0.1250000000000001,0.060000000000000005,2.3388674905236376e+16,0.0,-4.6611325094763624e+16,7e+16
0.1250000000000001,0.07200000000000001,2445855135.3028975,0.0,-6.999999755414486e+16,7e+16
0.1250000000000001,0.0864,3.6927184431223013e-06,0.0,-7e+16,7e+16
0.1250000000000001,0.10368,2.2917649593358648e-33,0.0,-7e+16,7e+16
0.1250000000000001,0.124416,1.1920887850973537e-79,0.0,-7e+16,7e+16
0.1250000000000001,0.1492992,7.2506122717558704e-155,0.0,-7e+16,7e+16
0.1250000000000001,0.17915904,1.7413766378171499e-273,0.0,-7e+16,7e+16
0.1250000000000001,0.2149908479999999,0.0,0.0,-7e+16,7e+16
0.1250000000000001,0.2579890175999999,0.0,0.0,-7e+16,7e+16
0.1250000000000001,0.3,0.0,0.0,-7e+16,7e+16
0.12650000000000008,0.0,1e+19,0.0,9.93e+18,7e+16
0.12650000000000008,0.0025,1e+19,0.0,9.93e+18,7e+16
0.12650000000000008,0.00546875,1e+19,0.0,9.93e+18,7e+16
0.12650000000000008,0.008994140624999999,1e+19,0.0,9.93e+18,7e+16
0.12650000000000008,0.0131805419921875,1e+19,0.0,9.93e+18,7e+16
0.12650000000000008,0.01815189361572265,1e+19,0.0,9.93e+18,7e+16
0.12650000000000008,0.024055373668670638,9.999999999998917e+18,0.0,9.929999999998917e+18,7e+16
0.12650000000000008,0.03106575623154638,9.999999573193622e+18,0.0,9.929999573193622e+18,7e+16
0.12650000000000008,0.03939058552496131,9.986536236000594e+18,0.0,9.916536236000594e+18,7e+16
0.12650000000000008,0.049276320310891554,5.81091866650349e+18,0.0,5.74091866650349e+18,7e+16
0.12650000000000008,0.05,5e+18,0.0,4.93e+18,7e+16
0.12650000000000008,0.060000000000000005,2.3388674905236376e+16,0.0,-4.6611325094763624e+16,7e+16
0.12650000000000008,0.07200000000000001,2445855135.3028975,0.0,-6.999999755414486e+16,7e+16
0.12650000000000008,0.0864,3.6927184431223013e-06,0.0,-7e+16,7e+16
0.12650000000000008,0.10368,2.2917649593358648e-33,0.0,-7e+16,7e+16
0.12650000000000008,0.124416,1.1920887850973537e-79,0.0,-7e+16,7e+16
0.12650000000000008,0.1492992,7.2506122717558704e-155,0.0,-7e+16,7e+16
0.12650000000000008,0.17915904,1.7413766378171499e-273,0.0,-7e+16,7e+16
0.12650000000000008,0.2149908479999999,0.0,0.0,-7e+16,7e+16
0.12650000000000008,0.2579890175999999,0.0,0.0,-7e+16,7e+16
0.12650000000000008,0.3,0.0,0.0,-7e+16,7e+16
0.12800000000000009,0.0,9.999999999999998e+18,0.0,9.929999999999998e+18,7e+16
0.12800000000000009,0.0025,9.999999999999998e+18,0.0,9.929999999999998e+18,7e+16
0.12800000000000009,0.00546875,9.999999999999998e+18,0.0,9.929999999999998e+18,7e+16
0.12800000000000009,0.008994140624999999,9.999999999999998e+18,0.0,9.929999999999998e+18,7e+16
0.12800000000000009,0.0131805419921875,9.999999999999998e+18,0.0,9.929999999999998e+18,7e+16
0.12800000000000009,0.01815189361572265,9.999999999999998e+18,0.0,9.929999999999998e+18,7e+16
0.12800000000000009,0.024055373668670638,9.999999999998915e+18,0.0,9.929999999998915e+18,7e+16
0.12800000000000009,0.03106575623154638,9.99999957319362e+18,0.0,9.92999957319362e+18,7e+16
0.12800000000000009,0.03939058552496131,9.986536236000592e+18,0.0,9.916536236000592e+18,7e+16
0.12800000000000009,0.049276320310891554,5.810918666503489e+18,0.0,5.740918666503489e+18,7e+16
0.12800000000000009,0.05,4.999999999999999e+18,0.0,4.929999999999999e+18,7e+16
0.12800000000000009,0.060000000000000005,2.338867490523637e+16,0.0,-4.661132509476363e+16,7e+16
0.12800000000000009,0.07200000000000001,2445855135.302897,0.0,-6.999999755414486e+16,7e+16
0.12800000000000009,0.0864,3.6927184431223005e-06,0.0,-7e+16,7e+16
0.12800000000000009,0.10368,2.2917649593358644e-33,0.0,-7e+16,7e+16
0.12800000000000009,0.124416,1.1920887850973534e-79,0.0,-7e+16,7e+16
0.12800000000000009,0.1492992,7.250612271755869e-155,0.0,-7e+16,7e+16
0.12800000000000009,0.17915904,1.7413766378171497e-273,0.0,-7e+16,7e+16
0.12800000000000009,0.2149908479999999,0.0,0.0,-7e+16,7e+16
0.12800000000000009,0.2579890175999999,0.0,0.0,-7e+16,7e+16
0.12800000000000009,0.3,0.0,0.0,-7e+16,7e+16
0.1295000000000001,0.0,9.999999999999992e+18,0.0,9.929999999999992e+18,7e+16
0.1295000000000001,0.0025,9.999999999999992e+18,0.0,9.929999999999992e+18,7e+16
0.1295000000000001,0.00546875,9.999999999999992e+18,0.0,9.929999999999992e+18,7e+16
0.1295000000000001,0.008994140624999999,9.999999999999992e+18,0.0,9.929999999999992e+18,7e+16
0.1295000000000001,0.0131805419921875,9.999999999999992e+18,0.0,9.929999999999992e+18,7e+16
0.1295000000000001,0.01815189361572265,9.999999999999992e+18,0.0,9.929999999999992e+18,7e+16
0.1295000000000001,0.024055373668670638,9.999999999998908e+18,0.0,9.929999999998908e+18,7e+16
0.1295000000000001,0.03106575623154638,9.999999573193613e+18,0.0,9.929999573193613e+18,7e+16
0.1295000000000001,0.03939058552496131,9.986536236000586e+18,0.0,9.916536236000586e+18,7e+16
0.1295000000000001,0.049276320310891554,5.810918666503484e+18,0.0,5.740918666503484e+18,7e+16
0.1295000000000001,0.05,4.999999999999996e+18,0.0,4.929999999999996e+18,7e+16
0.1295000000000001,0.060000000000000005,2.3388674905236356e+16,0.0,-4.661132509476365e+16,7e+16
0.1295000000000001,0.07200000000000001,2445855135.3028955,0.0,-6.999999755414486e+16,7e+16
0.1295000000000001,0.0864,3.6927184431222983e-06,0.0,-7e+16,7e+16
0.1295000000000001,0.10368,2.291764959335863e-33,0.0,-7e+16,7e+16
0.1295000000000001,0.124416,1.1920887850973527e-79,0.0,-7e+16,7e+16
0.1295000000000001,0.1492992,7.250612271755864e-155,0.0,-7e+16,7e+16
0.1295000000000001,0.17915904,1.7413766378171486e-273,0.0,-7e+16,7e+16
0.1295000000000001,0.2149908479999999,0.0,0.0,-7e+16,7e+16
0.1295000000000001,0.2579890175999999,0.0,0.0,-7e+16,7e+16
0.1295000000000001,0.3,0.0,0.0,-7e+16,7e+16
0.1310000000000001,0.0,9.999999999999971e+18,0.0,9.929999999999971e+18,7e+16
0.1310000000000001,0.0025,9.999999999999971e+18,0.0,9.929999999999971e+18,7e+16
0.1310000000000001,0.00546875,9.999999999999971e+18,0.0,9.929999999999971e+18,7e+16
0.1310000000000001,0.008994140624999999,9.999999999999971e+18,0.0,9.929999999999971e+18,7e+16
0.1310000000000001,0.0131805419921875,9.999999999999971e+18,0.0,9.929999999999971e+18,7e+16
0.1310000000000001,0.01815189361572265,9.999999999999971e+18,0.0,9.929999999999971e+18,7e+16
0.1310000000000001,0.024055373668670638,9.999999999998888e+18,0.0,9.929999999998888e+18,7e+16
0.1310000000000001,0.03106575623154638,9.999999573193593e+18,0.0,9.929999573193593e+18,7e+16
0.1310000000000001,0.03939058552496131,9.986536236000565e+18,0.0,9.916536236000565e+18,7e+16
0.1310000000000001,0.049276320310891554,5.810918666503473e+18,0.0,5.740918666503473e+18,7e+16
0.1310000000000001,0.05,4.999999999999986e+18,0.0,4.929999999999986e+18,7e+16
0.1310000000000001,0.060000000000000005,2.3388674905236308e+16,0.0,-4.66113250947637e+16,7e+16
0.1310000000000001,0.07200000000000001,2445855135.3028903,0.0,-6.999999755414486e+16,7e+16
0.1310000000000001,0.0864,3.6927184431222907e-06,0.0,-7e+16,7e+16
0.1310000000000001,0.10368,2.2917649593358583e-33,0.0,-7e+16,7e+16
0.1310000000000001,0.124416,1.1920887850973503e-79,0.0,-7e+16,7e+16
0.1310000000000001,0.1492992,7.25061227175585e-155,0.0,-7e+16,7e+16
0.1310000000000001,0.17915904,1.741376637817145e-273,0.0,-7e+16,7e+16
0.1310000000000001,0.2149908479999999,0.0,0.0,-7e+16,7e+16
0.1310000000000001,0.2579890175999999,0.0,0.0,-7e+16,7e+16
0.1310000000000001,0.3,0.0,0.0,-7e+16,7e+16
0.1325000000000001,0.0,9.99999999999989e+18,0.0,9.92999999999989e+18,7e+16
0.1325000000000001,0.0025,9.99999999999989e+18,0.0,9.92999999999989e+18,7e+16
0.1325000000000001,0.00546875,9.99999999999989e+18,0.0,9.92999999999989e+18,7e+16
0.1325000000000001,0.008994140624999999,9.99999999999989e+18,0.0,9.92999999999989e+18,7e+16
0.1325000000000001,0.0131805419921875,9.99999999999989e+18,0.0,9.92999999999989e+18,7e+16
0.1325000000000001,0.01815189361572265,9.99999999999989e+18,0.0,9.92999999999989e+18,7e+16
0.1325000000000001,0.024055373668670638,9.999999999998806e+18,0.0,9.929999999998806e+18,7e+16
0.1325000000000001,0.03106575623154638,9.99999957319351e+18,0.0,9.92999957319351e+18,7e+16
0.1325000000000001,0.03939058552496131,9.986536236000483e+18,0.0,9.916536236000483e+18,7e+16
0.1325000000000001,0.049276320310891554,5.810918666503425e+18,0.0,5.740918666503425e+18,7e+16
0.1325000000000001,0.05,4.999999999999945e+18,0.0,4.929999999999945e+18,7e+16
0.1325000000000001,0.060000000000000005,2.3388674905236116e+16,0.0,-4.661132509476389e+16,7e+16
0.1325000000000001,0.07200000000000001,2445855135.3028703,0.0,-6.999999755414486e+16,7e+16
0.1325000000000001,0.0864,3.6927184431222602e-06,0.0,-7e+16,7e+16
0.1325000000000001,0.10368,2.2917649593358394e-33,0.0,-7e+16,7e+16
0.1325000000000001,0.124416,1.1920887850973405e-79,0.0,-7e+16,7e+16
0.1325000000000001,0.1492992,7.25061227175579e-155,0.0,-7e+16,7e+16
0.1325000000000001,0.17915904,1.7413766378171308e-273,0.0,-7e+16,7e+16
0.1325000000000001,0.2149908479999999,0.0,0.0,-7e+16,7e+16
0.1325000000000001,0.2579890175999999,0.0,0.0,-7e+16,7e+16
0.1325000000000001,0.3,0.0,0.0,-7e+16,7e+16
0.13400000000000012,0.0,9.99999999999959e+18,0.0,9.92999999999959e+18,7e+16
0.13400000000000012,0.0025,9.99999999999959e+18,0.0,9.92999999999959e+18,7e+16
0.13400000000000012,0.00546875,9.99999999999959e+18,0.0,9.92999999999959e+18,7e+16
0.13400000000000012,0.008994140624999999,9.99999999999959e+18,0.0,9.92999999999959e+18,7e+16
0.13400000000000012,0.0131805419921875,9.99999999999959e+18,0.0,9.92999999999959e+18,7e+16
0.13400000000000012,0.01815189361572265,9.99999999999959e+18,0.0,9.92999999999959e+18,7e+16
0.13400000000000012,0.024055373668670638,9.999999999998507e+18,0.0,9.929999999998507e+18,7e+16
0.13400000000000012,0.03106575623154638,9.999999573193212e+18,0.0,9.929999573193212e+18,7e+16
0.13400000000000012,0.03939058552496131,9.986536236000184e+18,0.0,9.916536236000184e+18,7e+16
0.13400000000000012,0.049276320310891554,5.810918666503252e+18,0.0,5.740918666503252e+18,7e+16
0.13400000000000012,0.05,4.999999999999795e+18,0.0,4.929999999999795e+18,7e+16
0.13400000000000012,0.060000000000000005,2.3388674905235416e+16,0.0,-4.6611325094764584e+16,7e+16
0.13400000000000012,0.07200000000000001,2445855135.3027973,0.0,-6.999999755414486e+16,7e+16
0.13400000000000012,0.0864,3.69271844312215e-06,0.0,-7e+16,7e+16
0.13400000000000012,0.10368,2.291764959335771e-33,0.0,-7e+16,7e+16
0.13400000000000012,0.124416,1.1920887850973049e-79,0.0,-7e+16,7e+16
0.13400000000000012,0.1492992,7.250612271755573e-155,0.0,-7e+16,7e+16
0.13400000000000012,0.17915904,1.7413766378170786e-273,0.0,-7e+16,7e+16
0.13400000000000012,0.2149908479999999,0.0,0.0,-7e+16,7e+16
0.13400000000000012,0.2579890175999999,0.0,0.0,-7e+16,7e+16
0.13400000000000012,0.3,0.0,0.0,-7e+16,7e+16
0.1355000000000001,0.0,9.999999999998532e+18,0.0,9.929999999998532e+18,7e+16
0.1355000000000001,0.0025,9.999999999998532e+18,0.0,9.929999999998532e+18,7e+16
0.1355000000000001,0.00546875,9.999999999998532e+18,0.0,9.929999999998532e+18,7e+16
0.1355000000000001,0.008994140624999999,9.999999999998532e+18,0.0,9.929999999998532e+18,7e+16
0.1355000000000001,0.0131805419921875,9.999999999998532e+18,0.0,9.929999999998532e+18,7e+16
0.1355000000000001,0.01815189361572265,9.999999999998532e+18,0.0,9.929999999998532e+18,7e+16
0.1355000000000001,0.024055373668670638,9.999999999997448e+18,0.0,9.929999999997448e+18,7e+16
0.1355000000000001,0.03106575623154638,9.999999573192153e+18,0.0,9.929999573192153e+18,7e+16
0.1355000000000001,0.03939058552496131,9.986536235999128e+18,0.0,9.916536235999128e+18,7e+16
0.1355000000000001,0.049276320310891554,5.810918666502637e+18,0.0,5.740918666502637e+18,7e+16
0.1355000000000001,0.05,4.999999999999266e+18,0.0,4.929999999999266e+18,7e+16
0.1355000000000001,0.060000000000000005,2.338867490523294e+16,0.0,-4.661132509476706e+16,7e+16
0.1355000000000001,0.07200000000000001,2445855135.3025384,0.0,-6.999999755414486e+16,7e+16
0.1355000000000001,0.0864,3.6927184431217588e-06,0.0,-7e+16,7e+16
0.1355000000000001,0.10368,2.291764959335528e-33,0.0,-7e+16,7e+16
0.1355000000000001,0.124416,1.1920887850971786e-79,0.0,-7e+16,7e+16
0.1355000000000001,0.1492992,7.2506122717548056e-155,0.0,-7e+16,7e+16
0.1355000000000001,0.17915904,1.7413766378168943e-273,0.0,-7e+16,7e+16
0.1355000000000001,0.2149908479999999,0.0,0.0,-7e+16,7e+16
0.1355000000000001,0.2579890175999999,0.0,0.0,-7e+16,7e+16
0.1355000000000001,0.3,0.0,0.0,-7e+16,7e+16
0.1370000000000001,0.0,9.999999999994894e+18,0.0,9.929999999994894e+18,7e+16
0.1370000000000001,0.0025,9.999999999994894e+18,0.0,9.929999999994894e+18,7e+16
0.1370000000000001,0.00546875,9.999999999994894e+18,0.0,9.929999999994894e+18,7e+16
0.1370000000000001,0.008994140624999999,9.999999999994894e+18,0.0,9.929999999994894e+18,7e+16
0.1370000000000001,0.0131805419921875,9.999999999994894e+18,0.0,9.929999999994894e+18,7e+16
0.1370000000000001,0.01815189361572265,9.999999999994894e+18,0.0,9.929999999994894e+18,7e+16
0.1370000000000001,0.024055373668670638,9.99999999999381e+18,0.0,9.92999999999381e+18,7e+16
0.1370000000000001,0.03106575623154638,9.999999573188516e+18,0.0,9.929999573188516e+18,7e+16
0.1370000000000001,0.03939058552496131,9.986536235995494e+18,0.0,9.916536235995494e+18,7e+16
0.1370000000000001,0.049276320310891554,5.810918666500523e+18,0.0,5.740918666500523e+18,7e+16
0.1370000000000001,0.05,4.999999999997447e+18,0.0,4.929999999997447e+18,7e+16
0.1370000000000001,0.060000000000000005,2.338867490522443e+16,0.0,-4.661132509477557e+16,7e+16
0.1370000000000001,0.07200000000000001,2445855135.3016486,0.0,-6.999999755414486e+16,7e+16
0.1370000000000001,0.0864,3.692718443120416e-06,0.0,-7e+16,7e+16
0.1370000000000001,0.10368,2.2917649593346947e-33,0.0,-7e+16,7e+16
0.1370000000000001,0.124416,1.192088785096745e-79,0.0,-7e+16,7e+16
0.1370000000000001,0.1492992,7.250612271752168e-155,0.0,-7e+16,7e+16
0.1370000000000001,0.17915904,1.7413766378162608e-273,0.0,-7e+16,7e+16
0.1370000000000001,0.2149908479999999,0.0,0.0,-7e+16,7e+16
0.1370000000000001,0.2579890175999999,0.0,0.0,-7e+16,7e+16
0.1370000000000001,0.3,0.0,0.0,-7e+16,7e+16
0.1385000000000001,0.0,9.999999999982735e+18,0.0,9.929999999982735e+18,7e+16
0.1385000000000001,0.0025,9.999999999982735e+18,0.0,9.929999999982735e+18,7e+16
0.1385000000000001,0.00546875,9.999999999982735e+18,0.0,9.929999999982735e+18,7e+16
0.1385000000000001,0.008994140624999999,9.999999999982735e+18,0.0,9.929999999982735e+18,7e+16
0.1385000000000001,0.0131805419921875,9.999999999982735e+18,0.0,9.929999999982735e+18,7e+16
0.1385000000000001,0.01815189361572265,9.999999999982735e+18,0.0,9.929999999982735e+18,7e+16
0.1385000000000001,0.024055373668670638,9.999999999981652e+18,0.0,9.929999999981652e+18,7e+16
0.1385000000000001,0.03106575623154638,9.999999573176357e+18,0.0,9.929999573176357e+18,7e+16
0.1385000000000001,0.03939058552496131,9.986536235983352e+18,0.0,9.916536235983352e+18,7e+16
0.1385000000000001,0.049276320310891554,5.810918666493457e+18,0.0,5.740918666493457e+18,7e+16
0.1385000000000001,0.05,4.999999999991368e+18,0.0,4.929999999991368e+18,7e+16
0.1385000000000001,0.060000000000000005,2.3388674905195996e+16,0.0,-4.6611325094804e+16,7e+16
0.1385000000000001,0.07200000000000001,2445855135.2986746,0.0,-6.999999755414486e+16,7e+16
0.1385000000000001,0.0864,3.6927184431159257e-06,0.0,-7e+16,7e+16
0.1385000000000001,0.10368,2.2917649593319082e-33,0.0,-7e+16,7e+16
0.1385000000000001,0.124416,1.1920887850952956e-79,0.0,-7e+16,7e+16
0.1385000000000001,0.1492992,7.250612271743352e-155,0.0,-7e+16,7e+16
0.1385000000000001,0.17915904,1.7413766378141435e-273,0.0,-7e+16,7e+16
0.1385000000000001,0.2149908479999999,0.0,0.0,-7e+16,7e+16
0.1385000000000001,0.2579890175999999,0.0,0.0,-7e+16,7e+16
0.1385000000000001,0.3,0.0,0.0,-7e+16,7e+16
0.1400000000000002,0.0,9.99999999994324e+18,0.0,9.92999999994324e+18,7e+16
0.1400000000000002,0.0025,9.99999999994324e+18,0.0,9.92999999994324e+18,7e+16
0.1400000000000002,0.00546875,9.99999999994324e+18,0.0,9.92999999994324e+18,7e+16
0.1400000000000002,0.008994140624999999,9.99999999994324e+18,0.0,9.92999999994324e+18,7e+16
0.1400000000000002,0.0131805419921875,9.99999999994324e+18,0.0,9.92999999994324e+18,7e+16
0.1400000000000002,0.01815189361572265,9.99999999994324e+18,0.0,9.92999999994324e+18,7e+16
0.1400000000000002,0.024055373668670638,9.999999999942156e+18,0.0,9.929999999942156e+18,7e+16
0.1400000000000002,0.03106575623154638,9.999999573136861e+18,0.0,9.929999573136861e+18,7e+16
0.1400000000000002,0.03939058552496131,9.98653623594391e+18,0.0,9.91653623594391e+18,7e+16
0.1400000000000002,0.049276320310891554,5.810918666470506e+18,0.0,5.740918666470506e+18,7e+16
0.1400000000000002,0.05,4.99999999997162e+18,0.0,4.92999999997162e+18,7e+16
0.1400000000000002,0.060000000000000005,2.338867490510362e+16,0.0,-4.661132509489638e+16,7e+16
0.1400000000000002,0.07200000000000001,2445855135.289015,0.0,-6.999999755414486e+16,7e+16
0.1400000000000002,0.0864,3.692718443101341e-06,0.0,-7e+16,7e+16
0.1400000000000002,0.10368,2.2917649593228566e-33,0.0,-7e+16,7e+16
0.1400000000000002,0.124416,1.1920887850905874e-79,0.0,-7e+16,7e+16
0.1400000000000002,0.1492992,7.250612271714715e-155,0.0,-7e+16,7e+16
0.1400000000000002,0.17915904,1.741376637807266e-273,0.0,-7e+16,7e+16
0.1400000000000002,0.2149908479999999,0.0,0.0,-7e+16,7e+16
0.1400000000000002,0.2579890175999999,0.0,0.0,-7e+16,7e+16
0.1400000000000002,0.3,0.0,0.0,-7e+16,7e+16
0.1415000000000002,0.0,9.999999999818592e+18,0.0,9.929999999818592e+18,7e+16
0.1415000000000002,0.0025,9.999999999818592e+18,0.0,9.929999999818592e+18,7e+16
0.1415000000000002,0.00546875,9.999999999818592e+18,0.0,9.929999999818592e+18,7e+16
0.1415000000000002,0.008994140624999999,9.999999999818592e+18,0.0,9.929999999818592e+18,7e+16
0.1415000000000002,0.0131805419921875,9.999999999818592e+18,0.0,9.929999999818592e+18,7e+16
0.1415000000000002,0.01815189361572265,9.999999999818592e+18,0.0,9.929999999818592e+18,7e+16
0.1415000000000002,0.024055373668670638,9.999999999817509e+18,0.0,9.929999999817509e+18,7e+16
0.1415000000000002,0.03106575623154638,9.999999573012214e+18,0.0,9.929999573012214e+18,7e+16
0.1415000000000002,0.03939058552496131,9.98653623581943e+18,0.0,9.91653623581943e+18,7e+16
0.1415000000000002,0.049276320310891554,5.810918666398075e+18,0.0,5.740918666398075e+18,7e+16
0.1415000000000002,0.05,4.999999999909296e+18,0.0,4.929999999909296e+18,7e+16
0.1415000000000002,0.060000000000000005,2.3388674904812084e+16,0.0,-4.661132509518792e+16,7e+16
0.1415000000000002,0.07200000000000001,2445855135.2585278,0.0,-6.999999755414486e+16,7e+16
0.1415000000000002,0.0864,3.6927184430553124e-06,0.0,-7e+16,7e+16
0.1415000000000002,0.10368,2.2917649592942904e-33,0.0,-7e+16,7e+16
0.1415000000000002,0.124416,1.1920887850757283e-79,0.0,-7e+16,7e+16
0.1415000000000002,0.1492992,7.2506122716243384e-155,0.0,-7e+16,7e+16
0.1415000000000002,0.17915904,1.7413766377855601e-273,0.0,-7e+16,7e+16
0.1415000000000002,0.2149908479999999,0.0,0.0,-7e+16,7e+16
0.1415000000000002,0.2579890175999999,0.0,0.0,-7e+16,7e+16
0.1415000000000002,0.3,0.0,0.0,-7e+16,7e+16
0.1430000000000002,0.0,9.999999999436356e+18,0.0,9.929999999436356e+18,7e+16
0.1430000000000002,0.0025,9.999999999436356e+18,0.0,9.929999999436356e+18,7e+16
0.1430000000000002,0.00546875,9.999999999436356e+18,0.0,9.929999999436356e+18,7e+16
0.1430000000000002,0.008994140624999999,9.999999999436356e+18,0.0,9.929999999436356e+18,7e+16
0.1430000000000002,0.0131805419921875,9.999999999436356e+18,0.0,9.929999999436356e+18,7e+16
0.1430000000000002,0.01815189361572265,9.999999999436356e+18,0.0,9.929999999436356e+18,7e+16
0.1430000000000002,0.024055373668670638,9.999999999435272e+18,0.0,9.929999999435272e+18,7e+16
0.1430000000000002,0.03106575623154638,9.999999572629977e+18,0.0,9.929999572629977e+18,7e+16
0.1430000000000002,0.03939058552496131,9.986536235437707e+18,0.0,9.916536235437707e+18,7e+16
0.1430000000000002,0.049276320310891554,5.81091866617596e+18,0.0,5.74091866617596e+18,7e+16
0.1430000000000002,0.05,4.999999999718178e+18,0.0,4.929999999718178e+18,7e+16
0.1430000000000002,0.060000000000000005,2.3388674903918084e+16,0.0,-4.661132509608192e+16,7e+16
0.1430000000000002,0.07200000000000001,2445855135.165038,0.0,-6.999999755414486e+16,7e+16
0.1430000000000002,0.0864,3.6927184429141633e-06,0.0,-7e+16,7e+16
0.1430000000000002,0.10368,2.2917649592066908e-33,0.0,-7e+16,7e+16
0.1430000000000002,0.124416,1.1920887850301623e-79,0.0,-7e+16,7e+16
0.1430000000000002,0.1492992,7.2506122713471935e-155,0.0,-7e+16,7e+16
0.1430000000000002,0.17915904,1.7413766377189983e-273,0.0,-7e+16,7e+16
0.1430000000000002,0.2149908479999999,0.0,0.0,-7e+16,7e+16
0.1430000000000002,0.2579890175999999,0.0,0.0,-7e+16,7e+16
0.1430000000000002,0.3,0.0,0.0,-7e+16,7e+16
0.14450000000000018,0.0,9.999999998297397e+18,0.0,9.929999998297397e+18,7e+16
0.14450000000000018,0.0025,9.999999998297397e+18,0.0,9.929999998297397e+18,7e+16
0.14450000000000018,0.00546875,9.999999998297397e+18,0.0,9.929999998297397e+18,7e+16
0.14450000000000018,0.008994140624999999,9.999999998297397e+18,0.0,9.929999998297397e+18,7e+16
0.14450000000000018,0.0131805419921875,9.999999998297397e+18,0.0,9.929999998297397e+18,7e+16
0.14450000000000018,0.01815189361572265,9.999999998297397e+18,0.0,9.929999998297397e+18,7e+16
0.14450000000000018,0.024055373668670638,9.999999998296314e+18,0.0,9.929999998296314e+18,7e+16
0.14450000000000018,0.03106575623154638,9.999999571491019e+18,0.0,9.929999571491019e+18,7e+16
0.14450000000000018,0.03939058552496131,9.986536234300283e+18,0.0,9.916536234300283e+18,7e+16
0.14450000000000018,0.049276320310891554,5.810918665514121e+18,0.0,5.740918665514121e+18,7e+16
0.14450000000000018,0.05,4.999999999148699e+18,0.0,4.929999999148699e+18,7e+16
0.14450000000000018,0.060000000000000005,2.3388674901254212e+16,0.0,-4.661132509874579e+16,7e+16
0.14450000000000018,0.07200000000000001,2445855134.8864655,0.0,-6.999999755414486e+16,7e+16
0.14450000000000018,0.0864,3.692718442493578e-06,0.0,-7e+16,7e+16
0.14450000000000018,0.10368,2.291764958945668e-33,0.0,-7e+16,7e+16
0.14450000000000018,0.124416,1.1920887848943883e-79,0.0,-7e+16,7e+16
0.14450000000000018,0.1492992,7.250612270521379e-155,0.0,-7e+16,7e+16
0.14450000000000018,0.17915904,1.7413766375206627e-273,0.0,-7e+16,7e+16
0.14450000000000018,0.2149908479999999,0.0,0.0,-7e+16,7e+16
0.14450000000000018,0.2579890175999999,0.0,0.0,-7e+16,7e+16
0.14450000000000018,0.3,0.0,0.0,-7e+16,7e+16
0.14600000000000019,0.0,9.99999999499976e+18,0.0,9.92999999499976e+18,7e+16
0.14600000000000019,0.0025,9.99999999499976e+18,0.0,9.92999999499976e+18,7e+16
0.14600000000000019,0.00546875,9.99999999499976e+18,0.0,9.92999999499976e+18,7e+16
0.14600000000000019,0.008994140624999999,9.99999999499976e+18,0.0,9.92999999499976e+18,7e+16
0.14600000000000019,0.0131805419921875,9.99999999499976e+18,0.0,9.92999999499976e+18,7e+16
0.14600000000000019,0.01815189361572265,9.99999999499976e+18,0.0,9.92999999499976e+18,7e+16
0.14600000000000019,0.024055373668670638,9.999999994998678e+18,0.0,9.929999994998678e+18,7e+16
0.14600000000000019,0.03106575623154638,9.999999568193382e+18,0.0,9.929999568193382e+18,7e+16
0.14600000000000019,0.03939058552496131,9.986536231007087e+18,0.0,9.916536231007087e+18,7e+16
0.14600000000000019,0.049276320310891554,5.810918663597892e+18,0.0,5.740918663597892e+18,7e+16
0.14600000000000019,0.05,4.99999999749988e+18,0.0,4.92999999749988e+18,7e+16
0.14600000000000019,0.060000000000000005,2.3388674893541476e+16,0.0,-4.661132510645853e+16,7e+16
0.14600000000000019,0.07200000000000001,2445855134.079911,0.0,-6.999999755414486e+16,7e+16
0.14600000000000019,0.0864,3.6927184412758538e-06,0.0,-7e+16,7e+16
0.14600000000000019,0.10368,2.2917649581899276e-33,0.0,-7e+16,7e+16
0.14600000000000019,0.124416,1.1920887845012807e-79,0.0,-7e+16,7e+16
0.14600000000000019,0.1492992,7.2506122681303905e-155,0.0,-7e+16,7e+16
0.14600000000000019,0.17915904,1.74137663694642e-273,0.0,-7e+16,7e+16
0.14600000000000019,0.2149908479999999,0.0,0.0,-7e+16,7e+16
0.14600000000000019,0.2579890175999999,0.0,0.0,-7e+16,7e+16
0.14600000000000019,0.3,0.0,0.0,-7e+16,7e+16
0.1475000000000002,0.0,9.999999985722528e+18,0.0,9.929999985722528e+18,7e+16
0.1475000000000002,0.0025,9.999999985722528e+18,0.0,9.929999985722528e+18,7e+16
0.1475000000000002,0.00546875,9.999999985722528e+18,0.0,9.929999985722528e+18,7e+16
0.1475000000000002,0.008994140624999999,9.999999985722528e+18,0.0,9.929999985722528e+18,7e+16
0.1475000000000002,0.0131805419921875,9.999999985722528e+18,0.0,9.929999985722528e+18,7e+16
0.1475000000000002,0.01815189361572265,9.999999985722528e+18,0.0,9.929999985722528e+18,7e+16
0.1475000000000002,0.024055373668670638,9.999999985721444e+18,0.0,9.929999985721444e+18,7e+16
0.1475000000000002,0.03106575623154638,9.999999558916151e+18,0.0,9.929999558916151e+18,7e+16
0.1475000000000002,0.03939058552496131,9.986536221742344e+18,0.0,9.916536221742344e+18,7e+16
0.1475000000000002,0.049276320310891554,5.810918658206967e+18,0.0,5.740918658206967e+18,7e+16
0.1475000000000002,0.05,4.999999992861264e+18,0.0,4.929999992861264e+18,7e+16
0.1475000000000002,0.060000000000000005,2.338867487184326e+16,0.0,-4.661132512815674e+16,7e+16
0.1475000000000002,0.07200000000000001,2445855131.8108344,0.0,-6.999999755414487e+16,7e+16
0.1475000000000002,0.0864,3.692718437850033e-06,0.0,-7e+16,7e+16
0.1475000000000002,0.10368,2.2917649560638038e-33,0.0,-7e+16,7e+16
0.1475000000000002,0.124416,1.1920887833953522e-79,0.0,-7e+16,7e+16
0.1475000000000002,0.1492992,7.250612261403829e-155,0.0,-7e+16,7e+16
0.1475000000000002,0.17915904,1.7413766353309043e-273,0.0,-7e+16,7e+16
0.1475000000000002,0.2149908479999999,0.0,0.0,-7e+16,7e+16
0.1475000000000002,0.2579890175999999,0.0,0.0,-7e+16,7e+16
0.1475000000000002,0.3,0.0,0.0,-7e+16,7e+16
0.1490000000000002,0.0,9.999999960362195e+18,0.0,9.929999960362195e+18,7e+16
0.1490000000000002,0.0025,9.999999960362195e+18,0.0,9.929999960362195e+18,7e+16
0.1490000000000002,0.00546875,9.999999960362195e+18,0.0,9.929999960362195e+18,7e+16
0.1490000000000002,0.008994140624999999,9.999999960362195e+18,0.0,9.929999960362195e+18,7e+16
0.1490000000000002,0.0131805419921875,9.999999960362195e+18,0.0,9.929999960362195e+18,7e+16
0.1490000000000002,0.01815189361572265,9.999999960362195e+18,0.0,9.929999960362195e+18,7e+16
0.1490000000000002,0.024055373668670638,9.999999960361112e+18,0.0,9.929999960361112e+18,7e+16
0.1490000000000002,0.03106575623154638,9.999999533555818e+18,0.0,9.929999533555818e+18,7e+16
0.1490000000000002,0.03939058552496131,9.986536196416156e+18,0.0,9.916536196416156e+18,7e+16
0.1490000000000002,0.049276320310891554,5.810918643470284e+18,0.0,5.740918643470284e+18,7e+16
0.1490000000000002,0.05,4.999999980181097e+18,0.0,4.929999980181097e+18,7e+16
0.1490000000000002,0.060000000000000005,2.33886748125288e+16,0.0,-4.66113251874712e+16,7e+16
0.1490000000000002,0.07200000000000001,2445855125.6080647,0.0,-6.999999755414487e+16,7e+16
0.1490000000000002,0.0864,3.692718428485176e-06,0.0,-7e+16,7e+16
0.1490000000000002,0.10368,2.2917649502518117e-33,0.0,-7e+16,7e+16
0.1490000000000002,0.124416,1.1920887803721754e-79,0.0,-7e+16,7e+16
0.1490000000000002,0.1492992,7.250612243016035e-155,0.0,-7e+16,7e+16
0.1490000000000002,0.17915904,1.7413766309147151e-273,0.0,-7e+16,7e+16
0.1490000000000002,0.2149908479999999,0.0,0.0,-7e+16,7e+16
0.1490000000000002,0.2579890175999999,0.0,0.0,-7e+16,7e+16
0.1490000000000002,0.3,0.0,0.0,-7e+16,7e+16
0.15,0.0,9.99999992291371e+18,0.0,9.92999992291371e+18,7e+16
0.15,0.0025,9.99999992291371e+18,0.0,9.92999992291371e+18,7e+16
0.15,0.00546875,9.99999992291371e+18,0.0,9.92999992291371e+18,7e+16
0.15,0.008994140624999999,9.99999992291371e+18,0.0,9.92999992291371e+18,7e+16
0.15,0.0131805419921875,9.99999992291371e+18,0.0,9.92999992291371e+18,7e+16
0.15,0.01815189361572265,9.99999992291371e+18,0.0,9.92999992291371e+18,7e+16
0.15,0.024055373668670638,9.999999922912627e+18,0.0,9.929999922912627e+18,7e+16
0.15,0.03106575623154638,9.999999496107336e+18,0.0,9.929999496107336e+18,7e+16
0.15,0.03939058552496131,9.98653615901809e+18,0.0,9.91653615901809e+18,7e+16
0.15,0.049276320310891554,5.810918621709273e+18,0.0,5.740918621709273e+18,7e+16
0.15,0.05,4.999999961456855e+18,0.0,4.929999961456855e+18,7e+16
0.15,0.060000000000000005,2.3388674724941756e+16,0.0,-4.661132527505824e+16,7e+16
0.15,0.07200000000000001,2445855116.4487076,0.0,-6.999999755414488e+16,7e+16
0.15,0.0864,3.6927184146565047e-06,0.0,-7e+16,7e+16
0.15,0.10368,2.291764941669499e-33,0.0,-7e+16,7e+16
0.15,0.124416,1.1920887759079835e-79,0.0,-7e+16,7e+16
0.15,0.1492992,7.25061221586359e-155,0.0,-7e+16,7e+16
0.15,0.17915904,1.7413766243935235e-273,0.0,-7e+16,7e+16
0.15,0.2149908479999999,0.0,0.0,-7e+16,7e+16
0.15,0.2579890175999999,0.0,0.0,-7e+16,7e+16
0.15,0.3,0.0,0.0,-7e+16,7e+16
0.1515,0.0,9.999999795763274e+18,0.0,9.929999795763274e+18,7e+16
0.1515,0.0025,9.999999795763274e+18,0.0,9.929999795763274e+18,7e+16
0.1515,0.00546875,9.999999795763274e+18,0.0,9.929999795763274e+18,7e+16
0.1515,0.008994140624999999,9.999999795763274e+18,0.0,9.929999795763274e+18,7e+16
0.1515,0.0131805419921875,9.999999795763274e+18,0.0,9.929999795763274e+18,7e+16
0.1515,0.01815189361572265,9.999999795763274e+18,0.0,9.929999795763274e+18,7e+16
0.1515,0.024055373668670638,9.99999979576219e+18,0.0,9.92999979576219e+18,7e+16
0.1515,0.03106575623154638,9.999999368956903e+18,0.0,9.929999368956903e+18,7e+16
0.1515,0.03939058552496131,9.986536032038846e+18,0.0,9.916536032038846e+18,7e+16
0.1515,0.049276320310891554,5.810918547823189e+18,0.0,5.740918547823189e+18,7e+16
0.1515,0.05,4.999999897881637e+18,0.0,4.929999897881637e+18,7e+16
0.1515,0.060000000000000005,2.3388674427553736e+16,0.0,-4.6611325572446264e+16,7e+16
0.1515,0.07200000000000001,2445855085.3495526,0.0,-6.999999755414491e+16,7e+16
0.1515,0.0864,3.6927183677034287e-06,0.0,-7e+16,7e+16
0.1515,0.10368,2.2917649125296076e-33,0.0,-7e+16,7e+16
0.1515,0.124416,1.1920887607505227e-79,0.0,-7e+16,7e+16
0.1515,0.1492992,7.2506121236717384e-155,0.0,-7e+16,7e+16
0.1515,0.17915904,1.7413766022518435e-273,0.0,-7e+16,7e+16
0.1515,0.2149908479999999,0.0,0.0,-7e+16,7e+16
0.1515,0.2579890175999999,0.0,0.0,-7e+16,7e+16
0.1515,0.3,0.0,0.0,-7e+16,7e+16
0.153,0.0,9.999999473821807e+18,0.0,9.929999473821807e+18,7e+16
0.153,0.0025,9.999999473821807e+18,0.0,9.929999473821807e+18,7e+16
0.153,0.00546875,9.999999473821807e+18,0.0,9.929999473821807e+18,7e+16
0.153,0.008994140624999999,9.999999473821807e+18,0.0,9.929999473821807e+18,7e+16
0.153,0.0131805419921875,9.999999473821807e+18,0.0,9.929999473821807e+18,7e+16
0.153,0.01815189361572265,9.999999473821807e+18,0.0,9.929999473821807e+18,7e+16
0.153,0.024055373668670638,9.999999473820723e+18,0.0,9.929999473820723e+18,7e+16
0.153,0.03106575623154638,9.99999904701545e+18,0.0,9.92999904701545e+18,7e+16
0.153,0.03939058552496131,9.986535710530834e+18,0.0,9.916535710530834e+18,7e+16
0.153,0.049276320310891554,5.81091836074562e+18,0.0,5.74091836074562e+18,7e+16
0.153,0.05,4.999999736910903e+18,0.0,4.929999736910903e+18,7e+16
0.153,0.060000000000000005,2.3388673674575304e+16,0.0,-4.6611326325424696e+16,7e+16
0.153,0.07200000000000001,2445855006.6073337,0.0,-6.999999755414499e+16,7e+16
0.153,0.0864,3.6927182488195094e-06,0.0,-7e+16,7e+16
0.153,0.10368,2.29176483874819e-33,0.0,-7e+16,7e+16
0.153,0.124416,1.1920887223722413e-79,0.0,-7e+16,7e+16
0.153,0.1492992,7.250611890244463e-155,0.0,-7e+16,7e+16
0.153,0.17915904,1.7413765461897087e-273,0.0,-7e+16,7e+16
0.153,0.2149908479999999,0.0,0.0,-7e+16,7e+16
0.153,0.2579890175999999,0.0,0.0,-7e+16,7e+16
0.153,0.3,0.0,0.0,-7e+16,7e+16
0.1545,0.0,9.999998681763637e+18,0.0,9.929998681763637e+18,7e+16
0.1545,0.0025,9.999998681763637e+18,0.0,9.929998681763637e+18,7e+16
0.1545,0.00546875,9.999998681763637e+18,0.0,9.929998681763637e+18,7e+16
0.1545,0.008994140624999999,9.999998681763637e+18,0.0,9.929998681763637e+18,7e+16
0.1545,0.0131805419921875,9.999998681763637e+18,0.0,9.929998681763637e+18,7e+16
0.1545,0.01815189361572265,9.999998681763637e+18,0.0,9.929998681763637e+18,7e+16
0.1545,0.024055373668670638,9.999998681762554e+18,0.0,9.929998681762554e+18,7e+16
0.1545,0.03106575623154638,9.999998254957316e+18,0.0,9.929998254957316e+18,7e+16
0.1545,0.03939058552496131,9.986534919539073e+18,0.0,9.916534919539073e+18,7e+16
0.1545,0.049276320310891554,5.81091790048706e+18,0.0,5.74091790048706e+18,7e+16
0.1545,0.05,4.999999340881819e+18,0.0,4.929999340881819e+18,7e+16
0.1545,0.060000000000000005,2.33886718220562e+16,0.0,-4.66113281779438e+16,7e+16
0.1545,0.07200000000000001,2445854812.8813796,0.0,-6.999999755414518e+16,7e+16
0.1545,0.0864,3.692717956334728e-06,0.0,-7e+16,7e+16
0.1545,0.10368,2.2917646572270742e-33,0.0,-7e+16,7e+16
0.1545,0.124416,1.1920886279518753e-79,0.0,-7e+16,7e+16
0.1545,0.1492992,7.250611315953795e-155,0.0,-7e+16,7e+16
0.1545,0.17915904,1.7413764082625494e-273,0.0,-7e+16,7e+16
0.1545,0.2149908479999999,0.0,0.0,-7e+16,7e+16
0.1545,0.2579890175999999,0.0,0.0,-7e+16,7e+16
0.1545,0.3,0.0,0.0,-7e+16,7e+16
0.1576022727272727,0.0,9.99999193717925e+18,0.0,9.92999193717925e+18,7e+16
0.1576022727272727,0.0025,9.99999193717925e+18,0.0,9.92999193717925e+18,7e+16
0.1576022727272727,0.00546875,9.99999193717925e+18,0.0,9.92999193717925e+18,7e+16
0.1576022727272727,0.008994140624999999,9.99999193717925e+18,0.0,9.92999193717925e+18,7e+16
0.1576022727272727,0.0131805419921875,9.99999193717925e+18,0.0,9.92999193717925e+18,7e+16
0.1576022727272727,0.01815189361572265,9.99999193717925e+18,0.0,9.92999193717925e+18,7e+16
0.1576022727272727,0.024055373668670638,9.999991937178167e+18,0.0,9.929991937178167e+18,7e+16
0.1576022727272727,0.03106575623154638,9.999991510373216e+18,0.0,9.929991510373216e+18,7e+16
0.1576022727272727,0.03939058552496131,9.986528184035437e+18,0.0,9.916528184035437e+18,7e+16
0.1576022727272727,0.049276320310891554,5.810913981263929e+18,0.0,5.740913981263929e+18,7e+16
0.1576022727272727,0.05,4.999995968589625e+18,0.0,4.929995968589625e+18,7e+16
0.1576022727272727,0.060000000000000005,2.3388656047367044e+16,0.0,-4.661134395263296e+16,7e+16
0.1576022727272727,0.07200000000000001,2445853163.253744,0.0,-6.999999755414684e+16,7e+16
0.1576022727272727,0.0864,3.6927154657496126e-06,0.0,-7e+16,7e+16
0.1576022727272727,0.10368,2.2917631115268582e-33,0.0,-7e+16,7e+16
0.1576022727272727,0.124416,1.1920878239375345e-79,0.0,-7e+16,7e+16
0.1576022727272727,0.1492992,7.250606425717163e-155,0.0,-7e+16,7e+16
0.1576022727272727,0.17915904,1.7413752337763811e-273,0.0,-7e+16,7e+16
0.1576022727272727,0.2149908479999999,0.0,0.0,-7e+16,7e+16
0.1576022727272727,0.2579890175999999,0.0,0.0,-7e+16,7e+16
0.1576022727272727,0.3,0.0,0.0,-7e+16,7e+16
0.1640183367768595,0.0,9.999765801020332e+18,1.8290909510671354e-297,9.929765801020332e+18,7e+16
0.1640183367768595,0.0025,9.999765801020332e+18,1.8290909510671354e-297,9.929765801020332e+18,7e+16
0.1640183367768595,0.00546875,9.999765801020332e+18,1.8290909510671354e-297,9.929765801020332e+18,7e+16
0.1640183367768595,0.008994140624999999,9.999765801020332e+18,1.8290909510671354e-297,9.929765801020332e+18,7e+16
0.1640183367768595,0.0131805419921875,9.999765801020332e+18,1.8290909510671354e-297,9.929765801020332e+18,7e+16
0.1640183367768595,0.01815189361572265,9.999765801020332e+18,1.8290909510671354e-297,9.929765801020332e+18,7e+16
0.1640183367768595,0.024055373668670638,9.999765801019249e+18,1.829090951066937e-297,9.929765801019249e+18,7e+16
0.1640183367768595,0.03106575623154638,9.99976537422395e+18,1.8290908730003668e-297,9.92976537422395e+18,7e+16
0.1640183367768595,0.03939058552496131,9.986302352340906e+18,1.8266283061772737e-297,9.916302352340906e+18,7e+16
0.1640183367768595,0.049276320310891554,5.810782575381226e+18,1.0628698750288637e-297,5.740782575381226e+18,7e+16
0.1640183367768595,0.05,4.999882900510166e+18,9.145454755335677e-298,4.929882900510166e+18,7e+16
0.1640183367768595,0.060000000000000005,2.3388127144856516e+16,4.2780013626618844e-300,-4.661187285514349e+16,7e+16
0.1640183367768595,0.07200000000000001,2445797853.625187,4.473691495603613e-307,-6.999999755420214e+16,7e+16
0.1640183367768595,0.0864,3.692631960033143e-06,6.77e-322,-7e+16,7e+16
0.1640183367768595,0.10368,2.291711286434353e-33,0.0,-7e+16,7e+16
0.1640183367768595,0.124416,1.1920608664996394e-79,0.0,-7e+16,7e+16
0.1640183367768595,0.1492992,7.2504424631562685e-155,0.0,-7e+16,7e+16
0.1640183367768595,0.17915904,1.7413358549539706e-273,0.0,-7e+16,7e+16
0.1640183367768595,0.2149908479999999,0.0,0.0,-7e+16,7e+16
0.1640183367768595,0.2579890175999999,0.0,0.0,-7e+16,7e+16
0.1640183367768595,0.3,0.0,0.0,-7e+16,7e+16
0.1772879237885049,0.0,9.949088780898963e+18,3.750225369451963e-273,9.879088780898963e+18,7e+16
0.1772879237885049,0.0025,9.949088780898963e+18,3.750225369451963e-273,9.879088780898963e+18,7e+16
0.1772879237885049,0.00546875,9.949088780898963e+18,3.750225369451963e-273,9.879088780898963e+18,7e+16
0.1772879237885049,0.008994140624999999,9.949088780898963e+18,3.750225369451963e-273,9.879088780898963e+18,7e+16
0.1772879237885049,0.0131805419921875,9.949088780898963e+18,3.750225369451963e-273,9.879088780898963e+18,7e+16
0.1772879237885049,0.01815189361572265,9.949088780898963e+18,3.750225369451963e-273,9.879088780898963e+18,7e+16
0.1772879237885049,0.024055373668670638,9.949088780897886e+18,3.7502253694515565e-273,9.879088780897886e+18,7e+16
0.1772879237885049,0.03106575623154638,9.949088356265509e+18,3.750225209389952e-273,9.879088356265509e+18,7e+16
0.1772879237885049,0.03939058552496131,9.935693562563447e+18,3.745176154520074e-273,9.865693562563447e+18,7e+16
0.1772879237885049,0.049276320310891554,5.781334571162623e+18,2.1792254602943355e-273,5.711334571162623e+18,7e+16
0.1772879237885049,0.05,4.974544390449482e+18,1.8751126847259814e-273,4.904544390449482e+18,7e+16
0.1772879237885049,0.060000000000000005,2.3269600309978036e+16,8.771280198748194e-276,-4.673039969002197e+16,7e+16
0.1772879237885049,0.07200000000000001,2433402988.6346173,9.17250797841729e-283,-6.999999756659701e+16,7e+16
0.1772879237885049,0.0864,3.673918363348677e-06,1.3848526387640408e-297,-7e+16,7e+16
0.1772879237885049,0.10368,2.280097304538582e-33,0.0,-7e+16,7e+16
0.1772879237885049,0.124416,1.1860197157647558e-79,0.0,-7e+16,7e+16
0.1772879237885049,0.1492992,7.213698520757468e-155,0.0,-7e+16,7e+16
0.1772879237885049,0.17915904,1.7325110770626165e-273,0.0,-7e+16,7e+16
0.1772879237885049,0.2149908479999999,0.0,0.0,-7e+16,7e+16
0.1772879237885049,0.2579890175999999,0.0,0.0,-7e+16,7e+16
0.1772879237885049,0.3,0.0,0.0,-7e+16,7e+16
0.2,0.0,5e+18,8.244912915761073e-234,4.999e+18,1000000000000000.0
0.2,0.0025,5e+18,8.244912915761073e-234,4.999e+18,1000000000000000.0
0.2,0.00546875,5e+18,8.244912915761073e-234,4.999e+18,1000000000000000.0
0.2,0.008994140624999999,5e+18,8.244912915761073e-234,4.999e+18,1000000000000000.0
0.2,0.0131805419921875,5e+18,8.244912915761073e-234,4.999e+18,1000000000000000.0
0.2,0.01815189361572265,5e+18,8.244912915761073e-234,4.999e+18,1000000000000000.0
0.2,0.024055373668670638,4.999999999999458e+18,8.244912915760181e-234,4.998999999999458e+18,1000000000000000.0
0.2,0.03106575623154638,4.999999786596811e+18,8.244912563862932e-234,4.998999786596811e+18,1000000000000000.0
0.2,0.03939058552496131,4.993268118000297e+18,8.233812159591727e-234,4.992268118000297e+18,1000000000000000.0
0.2,0.049276320310891554,2.905459333251745e+18,4.791051836589174e-234,2.904459333251745e+18,1000000000000000.0
0.2,0.05,2.5e+18,4.122456457880537e-234,2.499e+18,1000000000000000.0
0.2,0.060000000000000005,1.1694337452618188e+16,1.928375878087203e-236,1.0694337452618188e+16,1000000000000000.0
0.2,0.07200000000000001,1222927567.6514487,2.0165862595139407e-243,-999998777072432.4,1000000000000000.0
0.2,0.0864,1.8463592215611506e-06,3.0446141985968188e-258,-1000000000000000.0,1000000000000000.0
0.2,0.10368,1.1458824796679324e-33,1.8895402513116925e-285,-1000000000000000.0,1000000000000000.0
0.2,0.124416,5.960443925486769e-80,0.0,-1000000000000000.0,1000000000000000.0
0.2,0.1492992,3.6253061358779352e-155,0.0,-1000000000000000.0,1000000000000000.0
0.2,0.17915904,8.706883189085749e-274,0.0,-1000000000000000.0,1000000000000000.0
0.2,0.2149908479999999,0.0,0.0,-1000000000000000.0,1000000000000000.0
0.2,0.2579890175999999,0.0,0.0,-1000000000000000.0,1000000000000000.0
0.2,0.3,0.0,0.0,-1000000000000000.0,1000000000000000.0
0.225,0.0,2.3388674905236376e+16,8.10952930466863e-194,2.2388674905236376e+16,1000000000000000.0
0.225,0.0025,2.3388674905236376e+16,8.10952930466863e-194,2.2388674905236376e+16,1000000000000000.0
0.225,0.00546875,2.3388674905236376e+16,8.10952930466863e-194,2.2388674905236376e+16,1000000000000000.0
0.225,0.008994140624999999,2.3388674905236376e+16,8.10952930466863e-194,2.2388674905236376e+16,1000000000000000.0
0.225,0.0131805419921875,2.3388674905236376e+16,8.10952930466863e-194,2.2388674905236376e+16,1000000000000000.0
0.225,0.01815189361572265,2.3388674905236376e+16,8.10952930466863e-194,2.2388674905236376e+16,1000000000000000.0
0.225,0.024055373668670638,2.3388674905233844e+16,8.109529304667752e-194,2.2388674905233844e+16,1000000000000000.0
0.225,0.03106575623154638,2.3388673906992812e+16,8.109528958548748e-194,2.2388673906992812e+16,1000000000000000.0
0.225,0.03939058552496131,2.3357184945318084e+16,8.098610825798198e-194,2.2357184945318084e+16,1000000000000000.0
0.225,0.049276320310891554,1.359096875916198e+16,4.712381521305601e-194,1.259096875916198e+16,1000000000000000.0
0.225,0.05,1.1694337452618188e+16,4.054764652334315e-194,1.0694337452618188e+16,1000000000000000.0
0.225,0.060000000000000005,54703011382283.375,1.896711445413822e-196,-945296988617716.6,1000000000000000.0
0.225,0.07200000000000001,5720531.06249024,1.9834733894713105e-203,-999999994279469.0,1000000000000000.0
0.225,0.0864,8.63677911827581e-09,2.9946208428390623e-218,-1000000000000000.0,1000000000000000.0
0.225,0.10368,5.360134559311881e-36,1.858513509714691e-245,-1000000000000000.0,1000000000000000.0
0.225,0.124416,2.7881377052820195e-82,9.667278936513817e-292,-1000000000000000.0,1000000000000000.0
0.225,0.1492992,1.6958221328801542e-157,0.0,-1000000000000000.0,1000000000000000.0
0.225,0.17915904,4.072849206947887e-276,0.0,-1000000000000000.0,1000000000000000.0
0.225,0.2149908479999999,0.0,0.0,-1000000000000000.0,1000000000000000.0
0.225,0.2579890175999999,0.0,0.0,-1000000000000000.0,1000000000000000.0
0.225,0.3,0.0,0.0,-1000000000000000.0,1000000000000000.0
0.25,0.0,77086289501.40065,2.6979328058043342e-157,-999922913710498.6,1000000000000000.0
0.25,0.0025,77086289501.40065,2.6979328058043342e-157,-999922913710498.6,1000000000000000.0
0.25,0.00546875,77086289501.40065,2.6979328058043342e-157,-999922913710498.6,1000000000000000.0
0.25,0.008994140624999999,77086289501.40065,2.6979328058043342e-157,-999922913710498.6,1000000000000000.0
0.25,0.0131805419921875,77086289501.40065,2.6979328058043342e-157,-999922913710498.6,1000000000000000.0
0.25,0.01815189361572265,77086289501.40065,2.6979328058043342e-157,-999922913710498.6,1000000000000000.0
0.25,0.024055373668670638,77086289501.3923,2.697932805804042e-157,-999922913710498.6,1000000000000000.0
0.25,0.03106575623154638,77086286211.30865,2.6979326906548413e-157,-999922913713788.8,1000000000000000.0
0.25,0.03939058552496131,76982502340.45697,2.6943003727459737e-157,-999923017497659.5,1000000000000000.0
0.25,0.049276320310891554,44794215859.518105,1.567746810222054e-157,-999955205784140.5,1000000000000000.0
0.25,0.05,38543144750.700325,1.3489664029021671e-157,-999961456855249.2,1000000000000000.0
0.25,0.060000000000000005,180294616.47991955,6.31010733111298e-160,-999999819705383.5,1000000000000000.0
0.25,0.07200000000000001,18.85418970384466,6.5987528077786855e-167,-999999999999981.1,1000000000000000.0
0.25,0.0864,2.846579629536872e-14,9.962706230298364e-182,-1000000000000000.0,1000000000000000.0
0.25,0.10368,1.7666365712453015e-41,6.183027866985065e-209,-1000000000000000.0,1000000000000000.0
0.25,0.124416,9.18937011993876e-88,3.2161754407455834e-255,-1000000000000000.0,1000000000000000.0
0.25,0.1492992,5.589227966429813e-163,0.0,-1000000000000000.0,1000000000000000.0
0.25,0.17915904,1.3423626363374853e-281,0.0,-1000000000000000.0,1000000000000000.0
0.25,0.2149908479999999,0.0,0.0,-1000000000000000.0,1000000000000000.0
0.25,0.2579890175999999,0.0,0.0,-1000000000000000.0,1000000000000000.0
0.25,0.3,0.0,0.0,-1000000000000000.0,1000000000000000.0
0.275,0.0,107.59868356249689,3.0411846159082e-124,-999999999999892.4,1000000000000000.0
0.275,0.0025,107.59868356249689,3.0411846159082e-124,-999999999999892.4,1000000000000000.0
0.275,0.00546875,107.59868356249689,3.0411846159082e-124,-999999999999892.4,1000000000000000.0
0.275,0.008994140624999999,107.59868356249689,3.0411846159082e-124,-999999999999892.4,1000000000000000.0
0.275,0.0131805419921875,107.59868356249689,3.0411846159082e-124,-999999999999892.4,1000000000000000.0
0.275,0.01815189361572265,107.59868356249689,3.0411846159082e-124,-999999999999892.4,1000000000000000.0
0.275,0.024055373668670638,107.59868356248523,3.0411846159078707e-124,-999999999999892.4,1000000000000000.0
0.275,0.03106575623154638,107.59867897011645,3.041184486108501e-124,-999999999999892.4,1000000000000000.0
0.275,0.03939058552496131,107.45381523428367,3.037090036713479e-124,-999999999999892.5,1000000000000000.0
0.275,0.049276320310891554,62.524719880451535,1.7672076452864205e-124,-999999999999937.5,1000000000000000.0
0.275,0.05,53.799341781248444,1.5205923079541e-124,-999999999999946.2,1000000000000000.0
0.275,0.060000000000000005,0.25165906300746405,7.112927830828305e-127,-999999999999999.8,1000000000000000.0
0.275,0.07200000000000001,2.6317079274316446e-08,7.438297010223241e-134,-1000000000000000.0,1000000000000000.0
0.275,0.0864,3.973316432469127e-23,1.1230238520104023e-148,-1000000000000000.0,1000000000000000.0
0.275,0.10368,2.4659089265919827e-50,6.969680337609713e-176,-1000000000000000.0,1000000000000000.0
0.275,0.124416,1.2826718396609152e-96,3.625362074034769e-222,-1000000000000000.0,1000000000000000.0
0.275,0.1492992,7.801563354630165e-172,2.205045049677916e-297,-1000000000000000.0,1000000000000000.0
0.275,0.17915904,1.8736983381561227e-290,0.0,-1000000000000000.0,1000000000000000.0
0.275,0.2149908479999999,0.0,0.0,-1000000000000000.0,1000000000000000.0
0.275,0.2579890175999999,0.0,0.0,-1000000000000000.0,1000000000000000.0
0.275,0.3,0.0,0.0,-1000000000000000.0,1000000000000000.0
0.3,0.0,5.6121485864916243e-11,1.1642428757858317e-94,-1000000000000000.0,1000000000000000.0
0.3,0.0025,5.6121485864916243e-11,1.1642428757858317e-94,-1000000000000000.0,1000000000000000.0
0.3,0.00546875,5.6121485864916243e-11,1.1642428757858317e-94,-1000000000000000.0,1000000000000000.0
0.3,0.008994140624999999,5.6121485864916243e-11,1.1642428757858317e-94,-1000000000000000.0,1000000000000000.0
0.3,0.0131805419921875,5.6121485864916243e-11,1.1642428757858317e-94,-1000000000000000.0,1000000000000000.0
0.3,0.01815189361572265,5.6121485864916243e-11,1.1642428757858317e-94,-1000000000000000.0,1000000000000000.0
0.3,0.024055373668670638,5.612148586491017e-11,1.1642428757857055e-94,-1000000000000000.0,1000000000000000.0
0.3,0.03106575623154638,5.612148346961543e-11,1.1642428260952031e-94,-1000000000000000.0,1000000000000000.0
0.3,0.03939058552496131,5.6045925220818116e-11,1.1626753666540745e-94,-1000000000000000.0,1000000000000000.0
0.3,0.049276320310891554,3.2611738980435356e-11,6.765320659247592e-95,-1000000000000000.0,1000000000000000.0
0.3,0.05,2.8060742932458122e-11,5.821214378929158e-95,-1000000000000000.0,1000000000000000.0
0.3,0.060000000000000005,1.3126071880933446e-13,2.723009813249231e-97,-1000000000000000.0,1000000000000000.0
0.3,0.07200000000000001,1.3726502440353437e-20,2.8475694164805893e-104,-1000000000000000.0,1000000000000000.0
0.3,0.0864,2.0724084590880373e-35,4.299221139688087e-119,-1000000000000000.0,1000000000000000.0
0.3,0.10368,1.2861725477107808e-62,2.6681710268823864e-146,-1000000000000000.0,1000000000000000.0
0.3,0.124416,6.690179390256631e-109,1.3878808753537813e-192,-1000000000000000.0,1000000000000000.0
0.3,0.1492992,4.069151341213353e-184,8.441473682477097e-268,-1000000000000000.0,1000000000000000.0
0.3,0.17915904,9.772864436475056e-303,0.0,-1000000000000000.0,1000000000000000.0
0.3,0.2149908479999999,0.0,0.0,-1000000000000000.0,1000000000000000.0
0.3,0.2579890175999999,0.0,0.0,-1000000000000000.0,1000000000000000.0
0.3,0.3,0.0,0.0,-1000000000000000.0,1000000000000000.0
0.32499999999999996,0.0,1.0442437918813841e-26,1.51861492387508e-68,-1000000000000000.0,1000000000000000.0
0.32499999999999996,0.0025,1.0442437918813841e-26,1.51861492387508e-68,-1000000000000000.0,1000000000000000.0
0.32499999999999996,0.00546875,1.0442437918813841e-26,1.51861492387508e-68,-1000000000000000.0,1000000000000000.0
0.32499999999999996,0.008994140624999999,1.0442437918813841e-26,1.51861492387508e-68,-1000000000000000.0,1000000000000000.0
0.32499999999999996,0.0131805419921875,1.0442437918813841e-26,1.51861492387508e-68,-1000000000000000.0,1000000000000000.0
0.32499999999999996,0.01815189361572265,1.0442437918813841e-26,1.51861492387508e-68,-1000000000000000.0,1000000000000000.0
0.32499999999999996,0.024055373668670638,1.0442437918812711e-26,1.5186149238749155e-68,-1000000000000000.0,1000000000000000.0
0.32499999999999996,0.03106575623154638,1.0442437473123931e-26,1.5186148590596266e-68,-1000000000000000.0,1000000000000000.0
0.32499999999999996,0.03939058552496131,1.0428378466842105e-26,1.516570296580977e-68,-1000000000000000.0,1000000000000000.0
0.32499999999999996,0.049276320310891554,6.06801574262392e-27,8.824547808376478e-69,-1000000000000000.0,1000000000000000.0
0.32499999999999996,0.05,5.221218959406921e-27,7.5930746193754e-69,-1000000000000000.0,1000000000000000.0
0.32499999999999996,0.060000000000000005,2.4423478570125004e-29,3.5518390760754537e-71,-1000000000000000.0,1000000000000000.0
0.32499999999999996,0.07200000000000001,2.5540690408812534e-36,3.7143121101074834e-78,-1000000000000000.0,1000000000000000.0
0.32499999999999996,0.0864,3.856098309396353e-51,5.607817337394278e-93,-1000000000000000.0,1000000000000000.0
0.32499999999999996,0.10368,2.3931613312377695e-78,3.4803084692614105e-120,-1000000000000000.0,1000000000000000.0
0.32499999999999996,0.124416,1.244831313209333e-124,1.8103238196329545e-166,-1000000000000000.0,1000000000000000.0
0.32499999999999996,0.1492992,7.571406852120047e-200,1.1010888003120262e-241,-1000000000000000.0,1000000000000000.0
0.32499999999999996,0.17915904,1.818423e-318,0.0,-1000000000000000.0,1000000000000000.0
0.32499999999999996,0.2149908479999999,0.0,0.0,-1000000000000000.0,1000000000000000.0
0.32499999999999996,0.2579890175999999,0.0,0.0,-1000000000000000.0,1000000000000000.0
0.32499999999999996,0.3,0.0,0.0,-1000000000000000.0,1000000000000000.0
0.35,0.0,6.7813058460303924e-46,6.781305846029231e-46,-7e+16,7e+16
0.35,0.0025,6.7813058460303924e-46,6.781305846029231e-46,-7e+16,7e+16
0.35,0.00546875,6.7813058460303924e-46,6.781305846029231e-46,-7e+16,7e+16
0.35,0.008994140624999999,6.7813058460303924e-46,6.781305846029231e-46,-7e+16,7e+16
0.35,0.0131805419921875,6.7813058460303924e-46,6.781305846029231e-46,-7e+16,7e+16
0.35,0.01815189361572265,6.7813058460303924e-46,6.781305846029231e-46,-7e+16,7e+16
0.35,0.024055373668670638,6.781305846029658e-46,6.781305846028496e-46,-7e+16,7e+16
0.35,0.03106575623154638,6.781305556599934e-46,6.781305556598772e-46,-7e+16,7e+16
0.35,0.03939058552496131,6.772175655878518e-46,6.772175655877358e-46,-7e+16,7e+16
0.35,0.049276320310891554,3.940561672396725e-46,3.9405616723960495e-46,-7e+16,7e+16
0.35,0.05,3.3906529230151962e-46,3.3906529230146155e-46,-7e+16,7e+16
0.35,0.060000000000000005,1.5860575786578376e-48,1.586057578657566e-48,-7e+16,7e+16
0.35,0.07200000000000001,1.6586091727572994e-55,1.6586091727570154e-55,-7e+16,7e+16
0.35,0.0864,2.5041453166089512e-70,2.504145316608522e-70,-7e+16,7e+16
0.35,0.10368,1.5541159116471904e-97,1.5541159116469242e-97,-7e+16,7e+16
0.35,0.124416,8.083918647367953e-144,8.083918647366568e-144,-7e+16,7e+16
0.35,0.1492992,4.916861938575779e-219,4.9168619385749367e-219,-7e+16,7e+16
0.35,0.17915904,0.0,0.0,-7e+16,7e+16
0.35,0.2149908479999999,0.0,0.0,-7e+16,7e+16
0.35,0.2579890175999999,0.0,0.0,-7e+16,7e+16
0.35,0.3,0.0,0.0,-7e+16,7e+16
0.37499999999999994,0.0,1.5186149238753831e-68,1.0442437918811977e-26,-7e+16,7e+16
0.37499999999999994,0.0025,1.5186149238753831e-68,1.0442437918811977e-26,-7e+16,7e+16
0.37499999999999994,0.00546875,1.5186149238753831e-68,1.0442437918811977e-26,-7e+16,7e+16
0.37499999999999994,0.008994140624999999,1.5186149238753831e-68,1.0442437918811977e-26,-7e+16,7e+16
0.37499999999999994,0.0131805419921875,1.5186149238753831e-68,1.0442437918811977e-26,-7e+16,7e+16
0.37499999999999994,0.01815189361572265,1.5186149238753831e-68,1.0442437918811977e-26,-7e+16,7e+16
0.37499999999999994,0.024055373668670638,1.5186149238752188e-68,1.0442437918810847e-26,-7e+16,7e+16
0.37499999999999994,0.03106575623154638,1.5186148590599296e-68,1.0442437473122066e-26,-7e+16,7e+16
0.37499999999999994,0.03939058552496131,1.5165702965812797e-68,1.0428378466840244e-26,-7e+16,7e+16
0.37499999999999994,0.049276320310891554,8.82454780837824e-69,6.068015742622837e-27,-7e+16,7e+16
0.37499999999999994,0.05,7.593074619376916e-69,5.221218959405989e-27,-7e+16,7e+16
0.37499999999999994,0.060000000000000005,3.551839076076162e-71,2.4423478570120646e-29,-7e+16,7e+16
0.37499999999999994,0.07200000000000001,3.7143121101082246e-78,2.5540690408807977e-36,-7e+16,7e+16
0.37499999999999994,0.0864,5.607817337395397e-93,3.856098309395665e-51,-7e+16,7e+16
0.37499999999999994,0.10368,3.4803084692621046e-120,2.3931613312373423e-78,-7e+16,7e+16
0.37499999999999994,0.124416,1.8103238196333157e-166,1.244831313209111e-124,-7e+16,7e+16
0.37499999999999994,0.1492992,1.101088800312246e-241,7.571406852118695e-200,-7e+16,7e+16
0.37499999999999994,0.17915904,0.0,1.818423e-318,-7e+16,7e+16
0.37499999999999994,0.2149908479999999,0.0,0.0,-7e+16,7e+16
0.37499999999999994,0.2579890175999999,0.0,0.0,-7e+16,7e+16
0.37499999999999994,0.3,0.0,0.0,-7e+16,7e+16
0.4,0.0,1.1642428757858317e-94,5.6121485864916243e-11,-7e+16,7e+16
0.4,0.0025,1.1642428757858317e-94,5.6121485864916243e-11,-7e+16,7e+16
0.4,0.00546875,1.1642428757858317e-94,5.6121485864916243e-11,-7e+16,7e+16
0.4,0.008994140624999999,1.1642428757858317e-94,5.6121485864916243e-11,-7e+16,7e+16
0.4,0.0131805419921875,1.1642428757858317e-94,5.6121485864916243e-11,-7e+16,7e+16
0.4,0.01815189361572265,1.1642428757858317e-94,5.6121485864916243e-11,-7e+16,7e+16
0.4,0.024055373668670638,1.1642428757857057e-94,5.612148586491016e-11,-7e+16,7e+16
0.4,0.03106575623154638,1.1642428260952032e-94,5.612148346961543e-11,-7e+16,7e+16
0.4,0.03939058552496131,1.1626753666540747e-94,5.604592522081812e-11,-7e+16,7e+16
0.4,0.049276320310891554,6.765320659247592e-95,3.2611738980435356e-11,-7e+16,7e+16
0.4,0.05,5.821214378929158e-95,2.8060742932458122e-11,-7e+16,7e+16
0.4,0.060000000000000005,2.723009813249231e-97,1.3126071880933446e-13,-7e+16,7e+16
0.4,0.07200000000000001,2.84756941648059e-104,1.3726502440353437e-20,-7e+16,7e+16
0.4,0.0864,4.299221139688087e-119,2.0724084590880376e-35,-7e+16,7e+16
0.4,0.10368,2.668171026882387e-146,1.2861725477107808e-62,-7e+16,7e+16
0.4,0.124416,1.3878808753537813e-192,6.690179390256632e-109,-7e+16,7e+16
0.4,0.1492992,8.441473682477097e-268,4.069151341213353e-184,-7e+16,7e+16
0.4,0.17915904,0.0,9.772864436475054e-303,-7e+16,7e+16
0.4,0.2149908479999999,0.0,0.0,-7e+16,7e+16
0.4,0.2579890175999999,0.0,0.0,-7e+16,7e+16
0.4,0.3,0.0,0.0,-7e+16,7e+16
0.42500000000000004,0.0,3.0411846159082e-124,107.59868356249689,-6.9999999999999896e+16,7e+16
0.42500000000000004,0.0025,3.0411846159082e-124,107.59868356249689,-6.9999999999999896e+16,7e+16
0.42500000000000004,0.00546875,3.0411846159082e-124,107.59868356249689,-6.9999999999999896e+16,7e+16
0.42500000000000004,0.008994140624999999,3.0411846159082e-124,107.59868356249689,-6.9999999999999896e+16,7e+16
0.42500000000000004,0.0131805419921875,3.0411846159082e-124,107.59868356249689,-6.9999999999999896e+16,7e+16
0.42500000000000004,0.01815189361572265,3.0411846159082e-124,107.59868356249689,-6.9999999999999896e+16,7e+16
0.42500000000000004,0.024055373668670638,3.0411846159078707e-124,107.59868356248523,-6.9999999999999896e+16,7e+16
0.42500000000000004,0.03106575623154638,3.041184486108501e-124,107.59867897011644,-6.9999999999999896e+16,7e+16
0.42500000000000004,0.03939058552496131,3.0370900367134786e-124,107.45381523428367,-6.9999999999999896e+16,7e+16
0.42500000000000004,0.049276320310891554,1.7672076452864203e-124,62.524719880451535,-6.999999999999994e+16,7e+16
0.42500000000000004,0.05,1.5205923079541e-124,53.799341781248444,-6.9999999999999944e+16,7e+16
0.42500000000000004,0.060000000000000005,7.112927830828304e-127,0.2516590630074641,-7e+16,7e+16
0.42500000000000004,0.07200000000000001,7.43829701022324e-134,2.631707927431645e-08,-7e+16,7e+16
0.42500000000000004,0.0864,1.1230238520104021e-148,3.973316432469127e-23,-7e+16,7e+16
0.42500000000000004,0.10368,6.969680337609713e-176,2.4659089265919827e-50,-7e+16,7e+16
0.42500000000000004,0.124416,3.625362074034768e-222,1.2826718396609152e-96,-7e+16,7e+16
0.42500000000000004,0.1492992,2.2050450496779156e-297,7.801563354630167e-172,-7e+16,7e+16
0.42500000000000004,0.17915904,0.0,1.8736983381561227e-290,-7e+16,7e+16
0.42500000000000004,0.2149908479999999,0.0,0.0,-7e+16,7e+16
0.42500000000000004,0.2579890175999999,0.0,0.0,-7e+16,7e+16
0.42500000000000004,0.3,0.0,0.0,-7e+16,7e+16
0.45,0.0,2.6979328058043342e-157,77086289501.40065,-6.99999229137105e+16,7e+16
0.45,0.0025,2.6979328058043342e-157,77086289501.40065,-6.99999229137105e+16,7e+16
0.45,0.00546875,2.6979328058043342e-157,77086289501.40065,-6.99999229137105e+16,7e+16
0.45,0.008994140624999999,2.6979328058043342e-157,77086289501.40065,-6.99999229137105e+16,7e+16
0.45,0.0131805419921875,2.6979328058043342e-157,77086289501.40065,-6.99999229137105e+16,7e+16
0.45,0.01815189361572265,2.6979328058043342e-157,77086289501.40065,-6.99999229137105e+16,7e+16
0.45,0.024055373668670638,2.6979328058040422e-157,77086289501.39229,-6.99999229137105e+16,7e+16
0.45,0.03106575623154638,2.6979326906548413e-157,77086286211.30864,-6.999992291371379e+16,7e+16
0.45,0.03939058552496131,2.6943003727459737e-157,76982502340.45697,-6.9999923017497656e+16,7e+16
0.45,0.049276320310891554,1.567746810222054e-157,44794215859.5181,-6.999995520578414e+16,7e+16
0.45,0.05,1.3489664029021671e-157,38543144750.700325,-6.999996145685525e+16,7e+16
0.45,0.060000000000000005,6.31010733111298e-160,180294616.47991955,-6.9999999819705384e+16,7e+16
0.45,0.07200000000000001,6.5987528077786855e-167,18.85418970384466,-6.999999999999998e+16,7e+16
0.45,0.0864,9.962706230298364e-182,2.846579629536872e-14,-7e+16,7e+16
0.45,0.10368,6.183027866985065e-209,1.7666365712453015e-41,-7e+16,7e+16
0.45,0.124416,3.2161754407455834e-255,9.189370119938759e-88,-7e+16,7e+16
0.45,0.1492992,0.0,5.589227966429813e-163,-7e+16,7e+16
0.45,0.17915904,0.0,1.3423626363374851e-281,-7e+16,7e+16
0.45,0.2149908479999999,0.0,0.0,-7e+16,7e+16
0.45,0.2579890175999999,0.0,0.0,-7e+16,7e+16
0.45,0.3,0.0,0.0,-7e+16,7e+16
0.47500000000000003,0.0,8.10952930466863e-194,2.3388674905236376e+16,-4.6611325094763624e+16,7e+16
0.47500000000000003,0.0025,8.10952930466863e-194,2.3388674905236376e+16,-4.6611325094763624e+16,7e+16
0.47500000000000003,0.00546875,8.10952930466863e-194,2.3388674905236376e+16,-4.6611325094763624e+16,7e+16
0.47500000000000003,0.008994140624999999,8.10952930466863e-194,2.3388674905236376e+16,-4.6611325094763624e+16,7e+16
0.47500000000000003,0.0131805419921875,8.10952930466863e-194,2.3388674905236376e+16,-4.6611325094763624e+16,7e+16
0.47500000000000003,0.01815189361572265,8.10952930466863e-194,2.3388674905236376e+16,-4.6611325094763624e+16,7e+16
0.47500000000000003,0.024055373668670638,8.109529304667753e-194,2.338867490523384e+16,-4.661132509476616e+16,7e+16
0.47500000000000003,0.03106575623154638,8.109528958548747e-194,2.3388673906992812e+16,-4.661132609300718e+16,7e+16
0.47500000000000003,0.03939058552496131,8.098610825798198e-194,2.335718494531808e+16,-4.664281505468192e+16,7e+16
0.47500000000000003,0.049276320310891554,4.712381521305601e-194,1.3590968759161978e+16,-5.6409031240838024e+16,7e+16
0.47500000000000003,0.05,4.054764652334315e-194,1.1694337452618188e+16,-5.830566254738181e+16,7e+16
0.47500000000000003,0.060000000000000005,1.8967114454138219e-196,54703011382283.375,-6.994529698861772e+16,7e+16
0.47500000000000003,0.07200000000000001,1.9834733894713105e-203,5720531.06249024,-6.999999999427947e+16,7e+16
0.47500000000000003,0.0864,2.9946208428390623e-218,8.63677911827581e-09,-7e+16,7e+16
0.47500000000000003,0.10368,1.8585135097146905e-245,5.36013455931188e-36,-7e+16,7e+16
0.47500000000000003,0.124416,9.667278936513815e-292,2.7881377052820195e-82,-7e+16,7e+16
0.47500000000000003,0.1492992,0.0,1.6958221328801542e-157,-7e+16,7e+16
0.47500000000000003,0.17915904,0.0,4.072849206947886e-276,-7e+16,7e+16
0.47500000000000003,0.2149908479999999,0.0,0.0,-7e+16,7e+16
0.47500000000000003,0.2579890175999999,0.0,0.0,-7e+16,7e+16
0.47500000000000003,0.3,0.0,0.0,-7e+16,7e+16
0.5,0.0,8.244912915761073e-234,5e+18,4.93e+18,7e+16
0.5,0.0025,8.244912915761073e-234,5e+18,4.93e+18,7e+16
0.5,0.00546875,8.244912915761073e-234,5e+18,4.93e+18,7e+16
0.5,0.008994140624999999,8.244912915761073e-234,5e+18,4.93e+18,7e+16
0.5,0.0131805419921875,8.244912915761073e-234,5e+18,4.93e+18,7e+16
0.5,0.01815189361572265,8.244912915761073e-234,5e+18,4.93e+18,7e+16
0.5,0.024055373668670638,8.244912915760181e-234,4.999999999999458e+18,4.929999999999458e+18,7e+16
0.5,0.03106575623154638,8.244912563862931e-234,4.999999786596811e+18,4.929999786596811e+18,7e+16
0.5,0.03939058552496131,8.233812159591727e-234,4.993268118000297e+18,4.923268118000297e+18,7e+16
0.5,0.049276320310891554,4.7910518365891733e-234,2.905459333251745e+18,2.835459333251745e+18,7e+16
0.5,0.05,4.122456457880537e-234,2.5e+18,2.43e+18,7e+16
0.5,0.060000000000000005,1.9283758780872028e-236,1.1694337452618188e+16,-5.830566254738181e+16,7e+16
0.5,0.07200000000000001,2.0165862595139407e-243,1222927567.6514487,-6.999999877707243e+16,7e+16
0.5,0.0864,3.0446141985968183e-258,1.8463592215611506e-06,-7e+16,7e+16
0.5,0.10368,1.889540251311692e-285,1.1458824796679324e-33,-7e+16,7e+16
0.5,0.124416,0.0,5.960443925486769e-80,-7e+16,7e+16
0.5,0.1492992,0.0,3.6253061358779352e-155,-7e+16,7e+16
0.5,0.17915904,0.0,8.706883189085749e-274,-7e+16,7e+16
0.5,0.2149908479999999,0.0,0.0,-7e+16,7e+16
0.5,0.2579890175999999,0.0,0.0,-7e+16,7e+16
0.5,0.3,0.0,0.0,-7e+16,7e+16
0.525,0.0,2.831596204428071e-277,9.976611325094765e+18,9.906611325094765e+18,7e+16
0.525,0.0025,2.831596204428071e-277,9.976611325094765e+18,9.906611325094765e+18,7e+16
0.525,0.00546875,2.831596204428071e-277,9.976611325094765e+18,9.906611325094765e+18,7e+16
0.525,0.008994140624999999,2.831596204428071e-277,9.976611325094765e+18,9.906611325094765e+18,7e+16
0.525,0.0131805419921875,2.831596204428071e-277,9.976611325094765e+18,9.906611325094765e+18,7e+16
0.525,0.01815189361572265,2.831596204428071e-277,9.976611325094765e+18,9.906611325094765e+18,7e+16
0.525,0.024055373668670638,2.8315962044277644e-277,9.976611325093683e+18,9.906611325093683e+18,7e+16
0.525,0.03106575623154638,2.831596083573739e-277,9.976610899286628e+18,9.906610899286628e+18,7e+16
0.525,0.03939058552496131,2.827783810124268e-277,9.963179051055276e+18,9.893179051055276e+18,7e+16
0.525,0.049276320310891554,1.645417524031151e-277,5.797327697744328e+18,5.727327697744328e+18,7e+16
0.525,0.05,1.4157981022140355e-277,4.988305662547382e+18,4.918305662547382e+18,7e+16
0.525,0.060000000000000005,6.622728308826939e-280,2.3333971893854092e+16,-4.66660281061459e+16,7e+16
0.525,0.07200000000000001,6.92567411770459e-287,2440134604.2404075,-6.999999755986539e+16,7e+16
0.525,0.0864,1.0456287527566644e-301,3.6840816640040255e-06,-7e+16,7e+16
0.525,0.10368,0.0,2.286404824776553e-33,-7e+16,7e+16
0.525,0.124416,0.0,1.1893006473920718e-79,-7e+16,7e+16
0.525,0.1492992,0.0,7.233654050427069e-155,-7e+16,7e+16
0.525,0.17915904,0.0,1.737303788610202e-273,-7e+16,7e+16
0.525,0.2149908479999999,0.0,0.0,-7e+16,7e+16
0.525,0.2579890175999999,0.0,0.0,-7e+16,7e+16
0.525,0.3,0.0,0.0,-7e+16,7e+16
0.55,0.0,0.0,9.99999992291371e+18,9.92999992291371e+18,7e+16
0.55,0.0025,0.0,9.99999992291371e+18,9.92999992291371e+18,7e+16
0.55,0.00546875,0.0,9.99999992291371e+18,9.92999992291371e+18,7e+16
0.55,0.008994140624999999,0.0,9.99999992291371e+18,9.92999992291371e+18,7e+16
0.55,0.0131805419921875,0.0,9.99999992291371e+18,9.92999992291371e+18,7e+16
0.55,0.01815189361572265,0.0,9.99999992291371e+18,9.92999992291371e+18,7e+16
0.55,0.024055373668670638,0.0,9.999999922912627e+18,9.929999922912627e+18,7e+16
0.55,0.03106575623154638,0.0,9.999999496107336e+18,9.929999496107336e+18,7e+16
0.55,0.03939058552496131,0.0,9.98653615901809e+18,9.91653615901809e+18,7e+16
0.55,0.049276320310891554,0.0,5.810918621709274e+18,5.740918621709274e+18,7e+16
0.55,0.05,0.0,4.999999961456855e+18,4.929999961456855e+18,7e+16
0.55,0.060000000000000005,0.0,2.338867472494176e+16,-4.661132527505824e+16,7e+16
0.55,0.07200000000000001,0.0,2445855116.4487076,-6.999999755414488e+16,7e+16
0.55,0.0864,0.0,3.692718414656505e-06,-7e+16,7e+16
0.55,0.10368,0.0,2.291764941669499e-33,-7e+16,7e+16
0.55,0.124416,0.0,1.1920887759079836e-79,-7e+16,7e+16
0.55,0.1492992,0.0,7.250612215863591e-155,-7e+16,7e+16
0.55,0.17915904,0.0,1.7413766243935235e-273,-7e+16,7e+16
0.55,0.2149908479999999,0.0,0.0,-7e+16,7e+16
0.55,0.2579890175999999,0.0,0.0,-7e+16,7e+16
0.55,0.3,0.0,0.0,-7e+16,7e+16
0.5750000000000001,0.0,0.0,1e+19,9.93e+18,7e+16
0.5750000000000001,0.0025,0.0,1e+19,9.93e+18,7e+16
0.5750000000000001,0.00546875,0.0,1e+19,9.93e+18,7e+16
0.5750000000000001,0.008994140624999999,0.0,1e+19,9.93e+18,7e+16
0.5750000000000001,0.0131805419921875,0.0,1e+19,9.93e+18,7e+16
0.5750000000000001,0.01815189361572265,0.0,1e+19,9.93e+18,7e+16
0.5750000000000001,0.024055373668670638,0.0,9.999999999998917e+18,9.929999999998917e+18,7e+16
0.5750000000000001,0.03106575623154638,0.0,9.999999573193622e+18,9.929999573193622e+18,7e+16
0.5750000000000001,0.03939058552496131,0.0,9.986536236000594e+18,9.916536236000594e+18,7e+16
0.5750000000000001,0.049276320310891554,0.0,5.81091866650349e+18,5.74091866650349e+18,7e+16
0.5750000000000001,0.05,0.0,5e+18,4.93e+18,7e+16
0.5750000000000001,0.060000000000000005,0.0,2.3388674905236376e+16,-4.6611325094763624e+16,7e+16
0.5750000000000001,0.07200000000000001,0.0,2445855135.3028975,-6.999999755414486e+16,7e+16
0.5750000000000001,0.0864,0.0,3.6927184431223013e-06,-7e+16,7e+16
0.5750000000000001,0.10368,0.0,2.2917649593358648e-33,-7e+16,7e+16
0.5750000000000001,0.124416,0.0,1.1920887850973537e-79,-7e+16,7e+16
0.5750000000000001,0.1492992,0.0,7.2506122717558704e-155,-7e+16,7e+16
0.5750000000000001,0.17915904,0.0,1.7413766378171499e-273,-7e+16,7e+16
0.5750000000000001,0.2149908479999999,0.0,0.0,-7e+16,7e+16
0.5750000000000001,0.2579890175999999,0.0,0.0,-7e+16,7e+16
0.5750000000000001,0.3,0.0,0.0,-7e+16,7e+16
0.6,0.0,0.0,1e+19,9.93e+18,7e+16
0.6,0.0025,0.0,1e+19,9.93e+18,7e+16
0.6,0.00546875,0.0,1e+19,9.93e+18,7e+16
0.6,0.008994140624999999,0.0,1e+19,9.93e+18,7e+16
0.6,0.0131805419921875,0.0,1e+19,9.93e+18,7e+16
0.6,0.01815189361572265,0.0,1e+19,9.93e+18,7e+16
0.6,0.024055373668670638,0.0,9.999999999998917e+18,9.929999999998917e+18,7e+16
0.6,0.03106575623154638,0.0,9.999999573193622e+18,9.929999573193622e+18,7e+16
0.6,0.03939058552496131,0.0,9.986536236000594e+18,9.916536236000594e+18,7e+16
0.6,0.049276320310891554,0.0,5.81091866650349e+18,5.74091866650349e+18,7e+16
0.6,0.05,0.0,5e+18,4.93e+18,7e+16
0.6,0.060000000000000005,0.0,2.3388674905236376e+16,-4.6611325094763624e+16,7e+16
0.6,0.07200000000000001,0.0,2445855135.3028975,-6.999999755414486e+16,7e+16
0.6,0.0864,0.0,3.6927184431223013e-06,-7e+16,7e+16
0.6,0.10368,0.0,2.2917649593358648e-33,-7e+16,7e+16
0.6,0.124416,0.0,1.1920887850973537e-79,-7e+16,7e+16
0.6,0.1492992,0.0,7.2506122717558704e-155,-7e+16,7e+16
0.6,0.17915904,0.0,1.7413766378171499e-273,-7e+16,7e+16
0.6,0.2149908479999999,0.0,0.0,-7e+16,7e+16
0.6,0.2579890175999999,0.0,0.0,-7e+16,7e+16
0.6,0.3,0.0,0.0,-7e+16,7e+16
0.625,0.0,0.0,1e+19,9.93e+18,7e+16
0.625,0.0025,0.0,1e+19,9.93e+18,7e+16
0.625,0.00546875,0.0,1e+19,9.93e+18,7e+16
0.625,0.008994140624999999,0.0,1e+19,9.93e+18,7e+16
0.625,0.0131805419921875,0.0,1e+19,9.93e+18,7e+16
0.625,0.01815189361572265,0.0,1e+19,9.93e+18,7e+16
0.625,0.024055373668670638,0.0,9.999999999998917e+18,9.929999999998917e+18,7e+16
0.625,0.03106575623154638,0.0,9.999999573193622e+18,9.929999573193622e+18,7e+16
0.625,0.03939058552496131,0.0,9.986536236000594e+18,9.916536236000594e+18,7e+16
0.625,0.049276320310891554,0.0,5.81091866650349e+18,5.74091866650349e+18,7e+16
0.625,0.05,0.0,5e+18,4.93e+18,7e+16
0.625,0.060000000000000005,0.0,2.3388674905236376e+16,-4.6611325094763624e+16,7e+16
0.625,0.07200000000000001,0.0,2445855135.3028975,-6.999999755414486e+16,7e+16
0.625,0.0864,0.0,3.6927184431223013e-06,-7e+16,7e+16
0.625,0.10368,0.0,2.2917649593358648e-33,-7e+16,7e+16
0.625,0.124416,0.0,1.1920887850973537e-79,-7e+16,7e+16
0.625,0.1492992,0.0,7.2506122717558704e-155,-7e+16,7e+16
0.625,0.17915904,0.0,1.7413766378171499e-273,-7e+16,7e+16
0.625,0.2149908479999999,0.0,0.0,-7e+16,7e+16
0.625,0.2579890175999999,0.0,0.0,-7e+16,7e+16
0.625,0.3,0.0,0.0,-7e+16,7e+16
0.6500000000000001,0.0,0.0,1e+19,9.93e+18,7e+16
0.6500000000000001,0.0025,0.0,1e+19,9.93e+18,7e+16
0.6500000000000001,0.00546875,0.0,1e+19,9.93e+18,7e+16
0.6500000000000001,0.008994140624999999,0.0,1e+19,9.93e+18,7e+16
0.6500000000000001,0.0131805419921875,0.0,1e+19,9.93e+18,7e+16
0.6500000000000001,0.01815189361572265,0.0,1e+19,9.93e+18,7e+16
0.6500000000000001,0.024055373668670638,0.0,9.999999999998917e+18,9.929999999998917e+18,7e+16
0.6500000000000001,0.03106575623154638,0.0,9.999999573193622e+18,9.929999573193622e+18,7e+16
0.6500000000000001,0.03939058552496131,0.0,9.986536236000594e+18,9.916536236000594e+18,7e+16
0.6500000000000001,0.049276320310891554,0.0,5.81091866650349e+18,5.74091866650349e+18,7e+16
0.6500000000000001,0.05,0.0,5e+18,4.93e+18,7e+16
0.6500000000000001,0.060000000000000005,0.0,2.3388674905236376e+16,-4.6611325094763624e+16,7e+16
0.6500000000000001,0.07200000000000001,0.0,2445855135.3028975,-6.999999755414486e+16,7e+16
0.6500000000000001,0.0864,0.0,3.6927184431223013e-06,-7e+16,7e+16
0.6500000000000001,0.10368,0.0,2.2917649593358648e-33,-7e+16,7e+16
0.6500000000000001,0.124416,0.0,1.1920887850973537e-79,-7e+16,7e+16
0.6500000000000001,0.1492992,0.0,7.2506122717558704e-155,-7e+16,7e+16
0.6500000000000001,0.17915904,0.0,1.7413766378171499e-273,-7e+16,7e+16
0.6500000000000001,0.2149908479999999,0.0,0.0,-7e+16,7e+16
0.6500000000000001,0.2579890175999999,0.0,0.0,-7e+16,7e+16
0.6500000000000001,0.3,0.0,0.0,-7e+16,7e+16
0.6750000000000002,0.0,0.0,1e+19,9.93e+18,7e+16
0.6750000000000002,0.0025,0.0,1e+19,9.93e+18,7e+16
0.6750000000000002,0.00546875,0.0,1e+19,9.93e+18,7e+16
0.6750000000000002,0.008994140624999999,0.0,1e+19,9.93e+18,7e+16
0.6750000000000002,0.0131805419921875,0.0,1e+19,9.93e+18,7e+16
0.6750000000000002,0.01815189361572265,0.0,1e+19,9.93e+18,7e+16
0.6750000000000002,0.024055373668670638,0.0,9.999999999998917e+18,9.929999999998917e+18,7e+16
0.6750000000000002,0.03106575623154638,0.0,9.999999573193622e+18,9.929999573193622e+18,7e+16
0.6750000000000002,0.03939058552496131,0.0,9.986536236000594e+18,9.916536236000594e+18,7e+16
0.6750000000000002,0.049276320310891554,0.0,5.81091866650349e+18,5.74091866650349e+18,7e+16
0.6750000000000002,0.05,0.0,5e+18,4.93e+18,7e+16
0.6750000000000002,0.060000000000000005,0.0,2.3388674905236376e+16,-4.6611325094763624e+16,7e+16
0.6750000000000002,0.07200000000000001,0.0,2445855135.3028975,-6.999999755414486e+16,7e+16
0.6750000000000002,0.0864,0.0,3.6927184431223013e-06,-7e+16,7e+16
0.6750000000000002,0.10368,0.0,2.2917649593358648e-33,-7e+16,7e+16
0.6750000000000002,0.124416,0.0,1.1920887850973537e-79,-7e+16,7e+16
0.6750000000000002,0.1492992,0.0,7.2506122717558704e-155,-7e+16,7e+16
0.6750000000000002,0.17915904,0.0,1.7413766378171499e-273,-7e+16,7e+16
0.6750000000000002,0.2149908479999999,0.0,0.0,-7e+16,7e+16
0.6750000000000002,0.2579890175999999,0.0,0.0,-7e+16,7e+16
0.6750000000000002,0.3,0.0,0.0,-7e+16,7e+16
0.7000000000000001,0.0,0.0,1e+19,9.93e+18,7e+16
0.7000000000000001,0.0025,0.0,1e+19,9.93e+18,7e+16
0.7000000000000001,0.00546875,0.0,1e+19,9.93e+18,7e+16
0.7000000000000001,0.008994140624999999,0.0,1e+19,9.93e+18,7e+16
0.7000000000000001,0.0131805419921875,0.0,1e+19,9.93e+18,7e+16
0.7000000000000001,0.01815189361572265,0.0,1e+19,9.93e+18,7e+16
0.7000000000000001,0.024055373668670638,0.0,9.999999999998917e+18,9.929999999998917e+18,7e+16
0.7000000000000001,0.03106575623154638,0.0,9.999999573193622e+18,9.929999573193622e+18,7e+16
0.7000000000000001,0.03939058552496131,0.0,9.986536236000594e+18,9.916536236000594e+18,7e+16
0.7000000000000001,0.049276320310891554,0.0,5.81091866650349e+18,5.74091866650349e+18,7e+16
0.7000000000000001,0.05,0.0,5e+18,4.93e+18,7e+16
0.7000000000000001,0.060000000000000005,0.0,2.3388674905236376e+16,-4.6611325094763624e+16,7e+16
0.7000000000000001,0.07200000000000001,0.0,2445855135.3028975,-6.999999755414486e+16,7e+16
0.7000000000000001,0.0864,0.0,3.6927184431223013e-06,-7e+16,7e+16
0.7000000000000001,0.10368,0.0,2.2917649593358648e-33,-7e+16,7e+16
0.7000000000000001,0.124416,0.0,1.1920887850973537e-79,-7e+16,7e+16
0.7000000000000001,0.1492992,0.0,7.2506122717558704e-155,-7e+16,7e+16
0.7000000000000001,0.17915904,0.0,1.7413766378171499e-273,-7e+16,7e+16
0.7000000000000001,0.2149908479999999,0.0,0.0,-7e+16,7e+16
0.7000000000000001,0.2579890175999999,0.0,0.0,-7e+16,7e+16
0.7000000000000001,0.3,0.0,0.0,-7e+16,7e+16
