Adding 668 nodes
Adding 1576 edges with 0 duplicates removed
Adding 908 triangles  with 0 duplicate removed
Adding 2340 nodes
Adding 6819 edges with 0 duplicates removed
Adding 4480 triangles  with 0 duplicate removed
Adding 125 nodes
Adding 316 edges with 0 duplicates removed
Adding 192 triangles  with 0 duplicate removed
Adding 75 nodes
Adding 170 edges with 0 duplicates removed
Adding 96 triangles  with 0 duplicate removed
Contact body in region bulk with 65 nodes
Contact drain in region bulk with 21 nodes
Contact gate in region oxide with 25 nodes
Contact source in region bulk with 21 nodes
Adding interface bulk_oxide with 23, 23 nodes
Replacing Node Model DrainDoping in region bulk of material Silicon
Replacing Node Model NetDoping in region bulk of material Silicon
Replacing Node Model SourceDoping in region bulk of material Silicon
Replacing Node Model gatenodemodel in region oxide of material Oxide
number of equations 2415
Iteration: 0
  Device: "part1_baseline"	RelError: 2.00000e+00	AbsError: 2.02815e-01
    Region: "bulk"	RelError: 1.00000e+00	AbsError: 2.02815e-01
      Equation: "PotentialEquation"	RelError: 1.00000e+00	AbsError: 2.02815e-01
    Region: "oxide"	RelError: 1.00000e+00	AbsError: 1.31163e-01
      Equation: "PotentialEquation"	RelError: 1.00000e+00	AbsError: 1.31163e-01
Iteration: 1
  Device: "part1_baseline"	RelError: 9.97502e-01	AbsError: 2.02373e-01
    Region: "bulk"	RelError: 4.99593e-01	AbsError: 2.02373e-01
      Equation: "PotentialEquation"	RelError: 4.99593e-01	AbsError: 2.02373e-01
    Region: "oxide"	RelError: 4.97908e-01	AbsError: 1.30070e-01
      Equation: "PotentialEquation"	RelError: 4.97908e-01	AbsError: 1.30070e-01
Iteration: 2
  Device: "part1_baseline"	RelError: 1.25157e+00	AbsError: 1.49618e-01
    Region: "bulk"	RelError: 7.15688e-01	AbsError: 1.49618e-01
      Equation: "PotentialEquation"	RelError: 7.15688e-01	AbsError: 1.49618e-01
    Region: "oxide"	RelError: 5.35878e-01	AbsError: 8.59894e-02
      Equation: "PotentialEquation"	RelError: 5.35878e-01	AbsError: 8.59894e-02
Iteration: 3
  Device: "part1_baseline"	RelError: 3.55275e+00	AbsError: 9.29839e-02
    Region: "bulk"	RelError: 2.64351e+00	AbsError: 9.29839e-02
      Equation: "PotentialEquation"	RelError: 2.64351e+00	AbsError: 9.29839e-02
    Region: "oxide"	RelError: 9.09237e-01	AbsError: 5.41683e-02
      Equation: "PotentialEquation"	RelError: 9.09237e-01	AbsError: 5.41683e-02
Iteration: 4
  Device: "part1_baseline"	RelError: 3.15311e+02	AbsError: 9.39883e-02
    Region: "bulk"	RelError: 3.12486e+02	AbsError: 9.39883e-02
      Equation: "PotentialEquation"	RelError: 3.12486e+02	AbsError: 9.39883e-02
    Region: "oxide"	RelError: 2.82471e+00	AbsError: 5.16117e-02
      Equation: "PotentialEquation"	RelError: 2.82471e+00	AbsError: 5.16117e-02
Iteration: 5
  Device: "part1_baseline"	RelError: 5.30576e+02	AbsError: 9.34716e-02
    Region: "bulk"	RelError: 5.17548e+02	AbsError: 9.34716e-02
      Equation: "PotentialEquation"	RelError: 5.17548e+02	AbsError: 9.34716e-02
    Region: "oxide"	RelError: 1.30277e+01	AbsError: 4.74678e-02
      Equation: "PotentialEquation"	RelError: 1.30277e+01	AbsError: 4.74678e-02
Iteration: 6
  Device: "part1_baseline"	RelError: 1.60178e+02	AbsError: 9.24562e-02
    Region: "bulk"	RelError: 1.43061e+02	AbsError: 9.24562e-02
      Equation: "PotentialEquation"	RelError: 1.43061e+02	AbsError: 9.24562e-02
    Region: "oxide"	RelError: 1.71168e+01	AbsError: 4.21387e-02
      Equation: "PotentialEquation"	RelError: 1.71168e+01	AbsError: 4.21387e-02
Iteration: 7
  Device: "part1_baseline"	RelError: 1.15509e+03	AbsError: 9.06820e-02
    Region: "bulk"	RelError: 1.06357e+03	AbsError: 9.06820e-02
      Equation: "PotentialEquation"	RelError: 1.06357e+03	AbsError: 9.06820e-02
    Region: "oxide"	RelError: 9.15180e+01	AbsError: 3.49089e-02
      Equation: "PotentialEquation"	RelError: 9.15180e+01	AbsError: 3.49089e-02
Iteration: 8
  Device: "part1_baseline"	RelError: 1.00927e+02	AbsError: 8.47279e-02
    Region: "bulk"	RelError: 9.96050e+01	AbsError: 8.47279e-02
      Equation: "PotentialEquation"	RelError: 9.96050e+01	AbsError: 8.47279e-02
    Region: "oxide"	RelError: 1.32197e+00	AbsError: 2.46715e-02
      Equation: "PotentialEquation"	RelError: 1.32197e+00	AbsError: 2.46715e-02
Iteration: 9
  Device: "part1_baseline"	RelError: 2.44483e+02	AbsError: 7.52815e-02
    Region: "bulk"	RelError: 2.39704e+02	AbsError: 7.52815e-02
      Equation: "PotentialEquation"	RelError: 2.39704e+02	AbsError: 7.52815e-02
    Region: "oxide"	RelError: 4.77825e+00	AbsError: 2.08472e-02
      Equation: "PotentialEquation"	RelError: 4.77825e+00	AbsError: 2.08472e-02
Iteration: 10
  Device: "part1_baseline"	RelError: 1.82078e+02	AbsError: 6.25336e-02
    Region: "bulk"	RelError: 1.80364e+02	AbsError: 6.25336e-02
      Equation: "PotentialEquation"	RelError: 1.80364e+02	AbsError: 6.25336e-02
    Region: "oxide"	RelError: 1.71383e+00	AbsError: 8.10630e-03
      Equation: "PotentialEquation"	RelError: 1.71383e+00	AbsError: 8.10630e-03
Iteration: 11
  Device: "part1_baseline"	RelError: 4.81559e+00	AbsError: 3.81851e-02
    Region: "bulk"	RelError: 4.59616e+00	AbsError: 3.81851e-02
      Equation: "PotentialEquation"	RelError: 4.59616e+00	AbsError: 3.81851e-02
    Region: "oxide"	RelError: 2.19424e-01	AbsError: 9.20866e-04
      Equation: "PotentialEquation"	RelError: 2.19424e-01	AbsError: 9.20866e-04
Iteration: 12
  Device: "part1_baseline"	RelError: 1.99283e+01	AbsError: 2.54413e-02
    Region: "bulk"	RelError: 1.99033e+01	AbsError: 2.54413e-02
      Equation: "PotentialEquation"	RelError: 1.99033e+01	AbsError: 2.54413e-02
    Region: "oxide"	RelError: 2.50721e-02	AbsError: 1.04450e-04
      Equation: "PotentialEquation"	RelError: 2.50721e-02	AbsError: 1.04450e-04
Iteration: 13
  Device: "part1_baseline"	RelError: 1.03843e+00	AbsError: 9.23280e-03
    Region: "bulk"	RelError: 1.03664e+00	AbsError: 9.23280e-03
      Equation: "PotentialEquation"	RelError: 1.03664e+00	AbsError: 9.23280e-03
    Region: "oxide"	RelError: 1.78761e-03	AbsError: 7.32097e-06
      Equation: "PotentialEquation"	RelError: 1.78761e-03	AbsError: 7.32097e-06
Iteration: 14
  Device: "part1_baseline"	RelError: 1.97210e-02	AbsError: 8.80859e-05
    Region: "bulk"	RelError: 1.97042e-02	AbsError: 8.80859e-05
      Equation: "PotentialEquation"	RelError: 1.97042e-02	AbsError: 8.80859e-05
    Region: "oxide"	RelError: 1.67298e-05	AbsError: 6.85175e-08
      Equation: "PotentialEquation"	RelError: 1.67298e-05	AbsError: 6.85175e-08
Iteration: 15
  Device: "part1_baseline"	RelError: 9.77088e-06	AbsError: 7.35678e-08
    Region: "bulk"	RelError: 9.76881e-06	AbsError: 7.35678e-08
      Equation: "PotentialEquation"	RelError: 9.76881e-06	AbsError: 7.35678e-08
    Region: "oxide"	RelError: 2.06859e-09	AbsError: 8.48873e-12
      Equation: "PotentialEquation"	RelError: 2.06859e-09	AbsError: 8.48873e-12
Iteration: 16
  Device: "part1_baseline"	RelError: 4.11762e-12	AbsError: 5.28013e-14
    Region: "bulk"	RelError: 4.11702e-12	AbsError: 5.28013e-14
      Equation: "PotentialEquation"	RelError: 4.11702e-12	AbsError: 5.28013e-14
    Region: "oxide"	RelError: 5.97529e-16	AbsError: 2.46534e-18
      Equation: "PotentialEquation"	RelError: 5.97529e-16	AbsError: 2.46534e-18
Warning: Replacing equation with equation of the same name.
Region: bulk, Equation: PotentialEquation, Variable: Potential
number of equations 7095
Iteration: 0
  Device: "part1_baseline"	RelError: 3.77178e-24	AbsError: 1.74296e-08
    Region: "bulk"	RelError: 3.77160e-24	AbsError: 1.74296e-08
      Equation: "ElectronContinuityEquation"	RelError: 1.10524e-24	AbsError: 3.86542e-09
      Equation: "HoleContinuityEquation"	RelError: 1.10524e-24	AbsError: 1.35642e-08
      Equation: "PotentialEquation"	RelError: 1.56112e-24	AbsError: 2.86116e-26
    Region: "oxide"	RelError: 1.77009e-28	AbsError: 7.31914e-31
      Equation: "PotentialEquation"	RelError: 1.77009e-28	AbsError: 7.31914e-31
number of equations 7095
Iteration: 0
  Device: "part1_baseline"	RelError: 2.07063e+03	AbsError: 9.33207e+16
    Region: "bulk"	RelError: 2.06547e+03	AbsError: 9.33207e+16
      Equation: "ElectronContinuityEquation"	RelError: 1.04414e+03	AbsError: 9.05213e+16
      Equation: "HoleContinuityEquation"	RelError: 9.99000e+02	AbsError: 2.79945e+15
      Equation: "PotentialEquation"	RelError: 2.23221e+01	AbsError: 4.09542e-02
    Region: "oxide"	RelError: 5.16256e+00	AbsError: 1.88162e-02
      Equation: "PotentialEquation"	RelError: 5.16256e+00	AbsError: 1.88162e-02
Iteration: 1
  Device: "part1_baseline"	RelError: 1.00792e+03	AbsError: 1.42537e+15
    Region: "bulk"	RelError: 1.00786e+03	AbsError: 1.42537e+15
      Equation: "ElectronContinuityEquation"	RelError: 9.99000e+02	AbsError: 1.00179e+15
      Equation: "HoleContinuityEquation"	RelError: 9.98716e-01	AbsError: 4.23583e+14
      Equation: "PotentialEquation"	RelError: 7.86357e+00	AbsError: 3.07633e-02
    Region: "oxide"	RelError: 5.33459e-02	AbsError: 8.81679e-03
      Equation: "PotentialEquation"	RelError: 5.33459e-02	AbsError: 8.81679e-03
Iteration: 2
  Device: "part1_baseline"	RelError: 1.01345e+03	AbsError: 2.35772e+14
    Region: "bulk"	RelError: 1.01344e+03	AbsError: 2.35772e+14
      Equation: "ElectronContinuityEquation"	RelError: 1.26215e+01	AbsError: 2.03814e+14
      Equation: "HoleContinuityEquation"	RelError: 9.99000e+02	AbsError: 3.19580e+13
      Equation: "PotentialEquation"	RelError: 1.82164e+00	AbsError: 2.50196e-02
    Region: "oxide"	RelError: 2.97737e-03	AbsError: 9.76625e-06
      Equation: "PotentialEquation"	RelError: 2.97737e-03	AbsError: 9.76625e-06
Iteration: 3
  Device: "part1_baseline"	RelError: 1.76631e+00	AbsError: 1.50983e+15
    Region: "bulk"	RelError: 1.76612e+00	AbsError: 1.50983e+15
      Equation: "ElectronContinuityEquation"	RelError: 7.52093e-01	AbsError: 1.50863e+15
      Equation: "HoleContinuityEquation"	RelError: 9.97679e-01	AbsError: 1.19576e+12
      Equation: "PotentialEquation"	RelError: 1.63431e-02	AbsError: 9.16562e-03
    Region: "oxide"	RelError: 1.96500e-04	AbsError: 2.91477e-06
      Equation: "PotentialEquation"	RelError: 1.96500e-04	AbsError: 2.91477e-06
Iteration: 4
  Device: "part1_baseline"	RelError: 4.75313e-01	AbsError: 1.68046e+15
    Region: "bulk"	RelError: 4.73894e-01	AbsError: 1.68046e+15
      Equation: "ElectronContinuityEquation"	RelError: 5.83824e-02	AbsError: 1.67880e+15
      Equation: "HoleContinuityEquation"	RelError: 4.06257e-01	AbsError: 1.65857e+12
      Equation: "PotentialEquation"	RelError: 9.25441e-03	AbsError: 1.96128e-04
    Region: "oxide"	RelError: 1.41935e-03	AbsError: 2.17173e-06
      Equation: "PotentialEquation"	RelError: 1.41935e-03	AbsError: 2.17173e-06
Iteration: 5
  Device: "part1_baseline"	RelError: 6.35503e-04	AbsError: 1.59896e+12
    Region: "bulk"	RelError: 6.34955e-04	AbsError: 1.59896e+12
      Equation: "ElectronContinuityEquation"	RelError: 1.03210e-04	AbsError: 1.59816e+12
      Equation: "HoleContinuityEquation"	RelError: 5.27133e-04	AbsError: 7.96315e+08
      Equation: "PotentialEquation"	RelError: 4.61251e-06	AbsError: 1.72804e-07
    Region: "oxide"	RelError: 5.47676e-07	AbsError: 6.52989e-10
      Equation: "PotentialEquation"	RelError: 5.47676e-07	AbsError: 6.52989e-10
Iteration: 6
  Device: "part1_baseline"	RelError: 6.62864e-10	AbsError: 1.36675e+06
    Region: "bulk"	RelError: 6.62467e-10	AbsError: 1.36675e+06
      Equation: "ElectronContinuityEquation"	RelError: 1.14197e-10	AbsError: 1.36612e+06
      Equation: "HoleContinuityEquation"	RelError: 5.44736e-10	AbsError: 6.28184e+02
      Equation: "PotentialEquation"	RelError: 3.53427e-12	AbsError: 1.46813e-13
    Region: "oxide"	RelError: 3.97807e-13	AbsError: 4.69355e-16
      Equation: "PotentialEquation"	RelError: 3.97807e-13	AbsError: 4.69355e-16
number of equations 7095
Iteration: 0
  Device: "part1_baseline"	RelError: 2.19496e+03	AbsError: 9.19293e+16
    Region: "bulk"	RelError: 2.19304e+03	AbsError: 9.19293e+16
      Equation: "ElectronContinuityEquation"	RelError: 9.99000e+02	AbsError: 8.90785e+16
      Equation: "HoleContinuityEquation"	RelError: 9.99000e+02	AbsError: 2.85089e+15
      Equation: "PotentialEquation"	RelError: 1.95040e+02	AbsError: 4.09542e-02
    Region: "oxide"	RelError: 1.92250e+00	AbsError: 1.87877e-02
      Equation: "PotentialEquation"	RelError: 1.92250e+00	AbsError: 1.87877e-02
Iteration: 1
  Device: "part1_baseline"	RelError: 1.01411e+03	AbsError: 1.52239e+15
    Region: "bulk"	RelError: 1.01406e+03	AbsError: 1.52239e+15
      Equation: "ElectronContinuityEquation"	RelError: 9.99000e+02	AbsError: 1.08518e+15
      Equation: "HoleContinuityEquation"	RelError: 9.98613e-01	AbsError: 4.37212e+14
      Equation: "PotentialEquation"	RelError: 1.40608e+01	AbsError: 3.07633e-02
    Region: "oxide"	RelError: 4.56863e-02	AbsError: 8.81106e-03
      Equation: "PotentialEquation"	RelError: 4.56863e-02	AbsError: 8.81106e-03
Iteration: 2
  Device: "part1_baseline"	RelError: 1.00581e+03	AbsError: 2.12490e+14
    Region: "bulk"	RelError: 1.00581e+03	AbsError: 2.12490e+14
      Equation: "ElectronContinuityEquation"	RelError: 5.98785e+00	AbsError: 1.79871e+14
      Equation: "HoleContinuityEquation"	RelError: 9.99000e+02	AbsError: 3.26189e+13
      Equation: "PotentialEquation"	RelError: 8.25816e-01	AbsError: 2.49201e-02
    Region: "oxide"	RelError: 4.15600e-04	AbsError: 2.86227e-06
      Equation: "PotentialEquation"	RelError: 4.15600e-04	AbsError: 2.86227e-06
Iteration: 3
  Device: "part1_baseline"	RelError: 1.79367e+00	AbsError: 1.28126e+15
    Region: "bulk"	RelError: 1.79349e+00	AbsError: 1.28126e+15
      Equation: "ElectronContinuityEquation"	RelError: 7.81623e-01	AbsError: 1.28036e+15
      Equation: "HoleContinuityEquation"	RelError: 9.98111e-01	AbsError: 9.05196e+11
      Equation: "PotentialEquation"	RelError: 1.37611e-02	AbsError: 9.16557e-03
    Region: "oxide"	RelError: 1.77391e-04	AbsError: 5.40088e-07
      Equation: "PotentialEquation"	RelError: 1.77391e-04	AbsError: 5.40088e-07
Iteration: 4
  Device: "part1_baseline"	RelError: 4.07778e-01	AbsError: 1.43573e+15
    Region: "bulk"	RelError: 4.07361e-01	AbsError: 1.43573e+15
      Equation: "ElectronContinuityEquation"	RelError: 6.02631e-02	AbsError: 1.43448e+15
      Equation: "HoleContinuityEquation"	RelError: 3.33247e-01	AbsError: 1.24571e+12
      Equation: "PotentialEquation"	RelError: 1.38511e-02	AbsError: 1.66011e-04
    Region: "oxide"	RelError: 4.17367e-04	AbsError: 1.17802e-06
      Equation: "PotentialEquation"	RelError: 4.17367e-04	AbsError: 1.17802e-06
Iteration: 5
  Device: "part1_baseline"	RelError: 2.02581e-04	AbsError: 1.23143e+12
    Region: "bulk"	RelError: 2.02386e-04	AbsError: 1.23143e+12
      Equation: "ElectronContinuityEquation"	RelError: 8.80211e-05	AbsError: 1.23084e+12
      Equation: "HoleContinuityEquation"	RelError: 1.09602e-04	AbsError: 5.82286e+08
      Equation: "PotentialEquation"	RelError: 4.76359e-06	AbsError: 1.33515e-07
    Region: "oxide"	RelError: 1.94811e-07	AbsError: 4.87876e-10
      Equation: "PotentialEquation"	RelError: 1.94811e-07	AbsError: 4.87876e-10
Iteration: 6
  Device: "part1_baseline"	RelError: 1.70572e-10	AbsError: 8.55837e+05
    Region: "bulk"	RelError: 1.70446e-10	AbsError: 8.55837e+05
      Equation: "ElectronContinuityEquation"	RelError: 7.87863e-11	AbsError: 8.55463e+05
      Equation: "HoleContinuityEquation"	RelError: 8.90167e-11	AbsError: 3.73824e+02
      Equation: "PotentialEquation"	RelError: 2.64319e-12	AbsError: 9.24023e-14
    Region: "oxide"	RelError: 1.25827e-13	AbsError: 3.17213e-16
      Equation: "PotentialEquation"	RelError: 1.25827e-13	AbsError: 3.17213e-16
number of equations 7095
Iteration: 0
  Device: "part1_baseline"	RelError: 2.37635e+03	AbsError: 8.97983e+16
    Region: "bulk"	RelError: 2.37433e+03	AbsError: 8.97983e+16
      Equation: "ElectronContinuityEquation"	RelError: 9.99000e+02	AbsError: 8.71176e+16
      Equation: "HoleContinuityEquation"	RelError: 9.99000e+02	AbsError: 2.68066e+15
      Equation: "PotentialEquation"	RelError: 3.76326e+02	AbsError: 4.09542e-02
    Region: "oxide"	RelError: 2.02308e+00	AbsError: 1.87866e-02
      Equation: "PotentialEquation"	RelError: 2.02308e+00	AbsError: 1.87866e-02
Iteration: 1
  Device: "part1_baseline"	RelError: 2.00157e+03	AbsError: 1.51332e+15
    Region: "bulk"	RelError: 2.00153e+03	AbsError: 1.51332e+15
      Equation: "ElectronContinuityEquation"	RelError: 9.99000e+02	AbsError: 1.18514e+15
      Equation: "HoleContinuityEquation"	RelError: 9.99000e+02	AbsError: 3.28182e+14
      Equation: "PotentialEquation"	RelError: 3.53304e+00	AbsError: 3.07633e-02
    Region: "oxide"	RelError: 3.99864e-02	AbsError: 8.81531e-03
      Equation: "PotentialEquation"	RelError: 3.99864e-02	AbsError: 8.81531e-03
Iteration: 2
  Device: "part1_baseline"	RelError: 1.00360e+03	AbsError: 1.72405e+14
    Region: "bulk"	RelError: 1.00360e+03	AbsError: 1.72405e+14
      Equation: "ElectronContinuityEquation"	RelError: 4.44813e+00	AbsError: 1.54785e+14
      Equation: "HoleContinuityEquation"	RelError: 9.99000e+02	AbsError: 1.76198e+13
      Equation: "PotentialEquation"	RelError: 1.49343e-01	AbsError: 2.58571e-02
    Region: "oxide"	RelError: 1.88634e-04	AbsError: 9.16427e-07
      Equation: "PotentialEquation"	RelError: 1.88634e-04	AbsError: 9.16427e-07
Iteration: 3
  Device: "part1_baseline"	RelError: 1.86282e+00	AbsError: 1.69660e+15
    Region: "bulk"	RelError: 1.86246e+00	AbsError: 1.69660e+15
      Equation: "ElectronContinuityEquation"	RelError: 8.03512e-01	AbsError: 1.69522e+15
      Equation: "HoleContinuityEquation"	RelError: 1.00000e+00	AbsError: 1.38851e+12
      Equation: "PotentialEquation"	RelError: 5.89448e-02	AbsError: 9.16579e-03
    Region: "oxide"	RelError: 3.58338e-04	AbsError: 8.07231e-07
      Equation: "PotentialEquation"	RelError: 3.58338e-04	AbsError: 8.07231e-07
Iteration: 4
  Device: "part1_baseline"	RelError: 2.01255e-01	AbsError: 1.79739e+15
    Region: "bulk"	RelError: 2.00773e-01	AbsError: 1.79739e+15
      Equation: "ElectronContinuityEquation"	RelError: 6.16350e-02	AbsError: 1.79574e+15
      Equation: "HoleContinuityEquation"	RelError: 5.28359e-02	AbsError: 1.64866e+12
      Equation: "PotentialEquation"	RelError: 8.63026e-02	AbsError: 2.25575e-04
    Region: "oxide"	RelError: 4.81140e-04	AbsError: 1.20432e-06
      Equation: "PotentialEquation"	RelError: 4.81140e-04	AbsError: 1.20432e-06
Iteration: 5
  Device: "part1_baseline"	RelError: 2.11195e-04	AbsError: 1.77828e+12
    Region: "bulk"	RelError: 2.10907e-04	AbsError: 1.77828e+12
      Equation: "ElectronContinuityEquation"	RelError: 1.45458e-04	AbsError: 1.77729e+12
      Equation: "HoleContinuityEquation"	RelError: 1.43132e-05	AbsError: 9.91273e+08
      Equation: "PotentialEquation"	RelError: 5.11359e-05	AbsError: 2.07164e-07
    Region: "oxide"	RelError: 2.87311e-07	AbsError: 6.82048e-10
      Equation: "PotentialEquation"	RelError: 2.87311e-07	AbsError: 6.82048e-10
Iteration: 6
  Device: "part1_baseline"	RelError: 2.62619e-10	AbsError: 1.70667e+06
    Region: "bulk"	RelError: 2.62420e-10	AbsError: 1.70667e+06
      Equation: "ElectronContinuityEquation"	RelError: 2.12210e-10	AbsError: 1.70594e+06
      Equation: "HoleContinuityEquation"	RelError: 1.48217e-11	AbsError: 7.38061e+02
      Equation: "PotentialEquation"	RelError: 3.53881e-11	AbsError: 1.91245e-13
    Region: "oxide"	RelError: 1.99004e-13	AbsError: 4.71635e-16
      Equation: "PotentialEquation"	RelError: 1.99004e-13	AbsError: 4.71635e-16
number of equations 7095
Iteration: 0
  Device: "part1_baseline"	RelError: 2.06580e+03	AbsError: 8.71739e+16
    Region: "bulk"	RelError: 2.06497e+03	AbsError: 8.71739e+16
      Equation: "ElectronContinuityEquation"	RelError: 9.99000e+02	AbsError: 8.48693e+16
      Equation: "HoleContinuityEquation"	RelError: 9.99000e+02	AbsError: 2.30457e+15
      Equation: "PotentialEquation"	RelError: 6.69744e+01	AbsError: 4.09542e-02
    Region: "oxide"	RelError: 8.30152e-01	AbsError: 1.87920e-02
      Equation: "PotentialEquation"	RelError: 8.30152e-01	AbsError: 1.87920e-02
Iteration: 1
  Device: "part1_baseline"	RelError: 2.01505e+03	AbsError: 1.57171e+15
    Region: "bulk"	RelError: 2.01501e+03	AbsError: 1.57171e+15
      Equation: "ElectronContinuityEquation"	RelError: 9.99000e+02	AbsError: 1.24105e+15
      Equation: "HoleContinuityEquation"	RelError: 9.99000e+02	AbsError: 3.30661e+14
      Equation: "PotentialEquation"	RelError: 1.70118e+01	AbsError: 3.07632e-02
    Region: "oxide"	RelError: 3.55618e-02	AbsError: 8.82182e-03
      Equation: "PotentialEquation"	RelError: 3.55618e-02	AbsError: 8.82182e-03
Iteration: 2
  Device: "part1_baseline"	RelError: 1.00256e+03	AbsError: 1.44879e+14
    Region: "bulk"	RelError: 1.00256e+03	AbsError: 1.44879e+14
      Equation: "ElectronContinuityEquation"	RelError: 3.38158e+00	AbsError: 1.33284e+14
      Equation: "HoleContinuityEquation"	RelError: 9.99000e+02	AbsError: 1.15947e+13
      Equation: "PotentialEquation"	RelError: 1.79272e-01	AbsError: 2.57952e-02
    Region: "oxide"	RelError: 4.22045e-05	AbsError: 3.90325e-07
      Equation: "PotentialEquation"	RelError: 4.22045e-05	AbsError: 3.90325e-07
Iteration: 3
  Device: "part1_baseline"	RelError: 1.84446e+00	AbsError: 1.52169e+15
    Region: "bulk"	RelError: 1.84432e+00	AbsError: 1.52169e+15
      Equation: "ElectronContinuityEquation"	RelError: 8.20025e-01	AbsError: 1.52060e+15
      Equation: "HoleContinuityEquation"	RelError: 1.00000e+00	AbsError: 1.08415e+12
      Equation: "PotentialEquation"	RelError: 2.42980e-02	AbsError: 9.16572e-03
    Region: "oxide"	RelError: 1.34919e-04	AbsError: 7.50906e-07
      Equation: "PotentialEquation"	RelError: 1.34919e-04	AbsError: 7.50906e-07
Iteration: 4
  Device: "part1_baseline"	RelError: 9.51980e-02	AbsError: 1.61709e+15
    Region: "bulk"	RelError: 9.50311e-02	AbsError: 1.61709e+15
      Equation: "ElectronContinuityEquation"	RelError: 6.29763e-02	AbsError: 1.61577e+15
      Equation: "HoleContinuityEquation"	RelError: 2.80080e-03	AbsError: 1.31399e+12
      Equation: "PotentialEquation"	RelError: 2.92539e-02	AbsError: 2.00755e-04
    Region: "oxide"	RelError: 1.66935e-04	AbsError: 9.78093e-07
      Equation: "PotentialEquation"	RelError: 1.66935e-04	AbsError: 9.78093e-07
Iteration: 5
  Device: "part1_baseline"	RelError: 3.67330e-04	AbsError: 1.53827e+12
    Region: "bulk"	RelError: 3.67231e-04	AbsError: 1.53827e+12
      Equation: "ElectronContinuityEquation"	RelError: 1.26589e-04	AbsError: 1.53752e+12
      Equation: "HoleContinuityEquation"	RelError: 2.22159e-04	AbsError: 7.52617e+08
      Equation: "PotentialEquation"	RelError: 1.84831e-05	AbsError: 1.77792e-07
    Region: "oxide"	RelError: 9.86294e-08	AbsError: 5.61625e-10
      Equation: "PotentialEquation"	RelError: 9.86294e-08	AbsError: 5.61625e-10
Iteration: 6
  Device: "part1_baseline"	RelError: 3.50244e-10	AbsError: 1.35157e+06
    Region: "bulk"	RelError: 3.50183e-10	AbsError: 1.35157e+06
      Equation: "ElectronContinuityEquation"	RelError: 1.54058e-10	AbsError: 1.35106e+06
      Equation: "HoleContinuityEquation"	RelError: 1.84064e-10	AbsError: 5.11721e+02
      Equation: "PotentialEquation"	RelError: 1.20611e-11	AbsError: 1.50001e-13
    Region: "oxide"	RelError: 6.14751e-14	AbsError: 3.48992e-16
      Equation: "PotentialEquation"	RelError: 6.14751e-14	AbsError: 3.48992e-16
number of equations 7095
Iteration: 0
  Device: "part1_baseline"	RelError: 4.83734e+03	AbsError: 8.48701e+16
    Region: "bulk"	RelError: 4.83189e+03	AbsError: 8.48701e+16
      Equation: "ElectronContinuityEquation"	RelError: 9.99000e+02	AbsError: 8.24484e+16
      Equation: "HoleContinuityEquation"	RelError: 3.75405e+03	AbsError: 2.42164e+15
      Equation: "PotentialEquation"	RelError: 7.88416e+01	AbsError: 4.09542e-02
    Region: "oxide"	RelError: 5.44101e+00	AbsError: 1.87986e-02
      Equation: "PotentialEquation"	RelError: 5.44101e+00	AbsError: 1.87986e-02
Iteration: 1
  Device: "part1_baseline"	RelError: 2.02469e+03	AbsError: 1.59161e+15
    Region: "bulk"	RelError: 2.02466e+03	AbsError: 1.59161e+15
      Equation: "ElectronContinuityEquation"	RelError: 9.99000e+02	AbsError: 1.27352e+15
      Equation: "HoleContinuityEquation"	RelError: 9.99000e+02	AbsError: 3.18084e+14
      Equation: "PotentialEquation"	RelError: 2.66610e+01	AbsError: 3.07632e-02
    Region: "oxide"	RelError: 3.21885e-02	AbsError: 8.82847e-03
      Equation: "PotentialEquation"	RelError: 3.21885e-02	AbsError: 8.82847e-03
Iteration: 2
  Device: "part1_baseline"	RelError: 1.00089e+03	AbsError: 1.27873e+14
    Region: "bulk"	RelError: 1.00089e+03	AbsError: 1.27873e+14
      Equation: "ElectronContinuityEquation"	RelError: 1.80128e+00	AbsError: 1.12567e+14
      Equation: "HoleContinuityEquation"	RelError: 9.99000e+02	AbsError: 1.53068e+13
      Equation: "PotentialEquation"	RelError: 8.68305e-02	AbsError: 2.57415e-02
    Region: "oxide"	RelError: 1.75290e-04	AbsError: 2.00243e-07
      Equation: "PotentialEquation"	RelError: 1.75290e-04	AbsError: 2.00243e-07
Iteration: 3
  Device: "part1_baseline"	RelError: 1.84902e+00	AbsError: 1.35098e+15
    Region: "bulk"	RelError: 1.84824e+00	AbsError: 1.35098e+15
      Equation: "ElectronContinuityEquation"	RelError: 8.31781e-01	AbsError: 1.35011e+15
      Equation: "HoleContinuityEquation"	RelError: 1.00000e+00	AbsError: 8.74787e+11
      Equation: "PotentialEquation"	RelError: 1.64555e-02	AbsError: 9.16566e-03
    Region: "oxide"	RelError: 7.83426e-04	AbsError: 6.61659e-07
      Equation: "PotentialEquation"	RelError: 7.83426e-04	AbsError: 6.61659e-07
Iteration: 4
  Device: "part1_baseline"	RelError: 1.23956e-01	AbsError: 1.43938e+15
    Region: "bulk"	RelError: 1.23014e-01	AbsError: 1.43938e+15
      Equation: "ElectronContinuityEquation"	RelError: 6.41228e-02	AbsError: 1.43832e+15
      Equation: "HoleContinuityEquation"	RelError: 3.89059e-02	AbsError: 1.06379e+12
      Equation: "PotentialEquation"	RelError: 1.99853e-02	AbsError: 1.77003e-04
    Region: "oxide"	RelError: 9.42220e-04	AbsError: 8.14319e-07
      Equation: "PotentialEquation"	RelError: 9.42220e-04	AbsError: 8.14319e-07
Iteration: 5
  Device: "part1_baseline"	RelError: 2.79951e-03	AbsError: 1.28245e+12
    Region: "bulk"	RelError: 2.79898e-03	AbsError: 1.28245e+12
      Equation: "ElectronContinuityEquation"	RelError: 1.12916e-04	AbsError: 1.28188e+12
      Equation: "HoleContinuityEquation"	RelError: 2.67481e-03	AbsError: 5.71565e+08
      Equation: "PotentialEquation"	RelError: 1.12616e-05	AbsError: 1.47177e-07
    Region: "oxide"	RelError: 5.27541e-07	AbsError: 4.48094e-10
      Equation: "PotentialEquation"	RelError: 5.27541e-07	AbsError: 4.48094e-10
Iteration: 6
  Device: "part1_baseline"	RelError: 1.68053e-09	AbsError: 9.80045e+05
    Region: "bulk"	RelError: 1.68024e-09	AbsError: 9.80045e+05
      Equation: "ElectronContinuityEquation"	RelError: 1.01803e-10	AbsError: 9.79705e+05
      Equation: "HoleContinuityEquation"	RelError: 1.57233e-09	AbsError: 3.40272e+02
      Equation: "PotentialEquation"	RelError: 6.11147e-12	AbsError: 1.08087e-13
    Region: "oxide"	RelError: 2.85785e-13	AbsError: 2.41785e-16
      Equation: "PotentialEquation"	RelError: 2.85785e-13	AbsError: 2.41785e-16
number of equations 7095
Iteration: 0
  Device: "part1_baseline"	RelError: 2.02223e+03	AbsError: 8.22697e+16
    Region: "bulk"	RelError: 2.02087e+03	AbsError: 8.22697e+16
      Equation: "ElectronContinuityEquation"	RelError: 9.99000e+02	AbsError: 7.99139e+16
      Equation: "HoleContinuityEquation"	RelError: 9.99000e+02	AbsError: 2.35578e+15
      Equation: "PotentialEquation"	RelError: 2.28744e+01	AbsError: 4.09542e-02
    Region: "oxide"	RelError: 1.35207e+00	AbsError: 1.88050e-02
      Equation: "PotentialEquation"	RelError: 1.35207e+00	AbsError: 1.88050e-02
Iteration: 1
  Device: "part1_baseline"	RelError: 2.00803e+03	AbsError: 1.54535e+15
    Region: "bulk"	RelError: 2.00800e+03	AbsError: 1.54535e+15
      Equation: "ElectronContinuityEquation"	RelError: 9.99000e+02	AbsError: 1.29604e+15
      Equation: "HoleContinuityEquation"	RelError: 9.99000e+02	AbsError: 2.49317e+14
      Equation: "PotentialEquation"	RelError: 9.99867e+00	AbsError: 3.07632e-02
    Region: "oxide"	RelError: 2.91253e-02	AbsError: 8.83475e-03
      Equation: "PotentialEquation"	RelError: 2.91253e-02	AbsError: 8.83475e-03
Iteration: 2
  Device: "part1_baseline"	RelError: 1.00006e+03	AbsError: 1.09315e+14
    Region: "bulk"	RelError: 1.00006e+03	AbsError: 1.09315e+14
      Equation: "ElectronContinuityEquation"	RelError: 9.99998e-01	AbsError: 1.00758e+14
      Equation: "HoleContinuityEquation"	RelError: 9.99000e+02	AbsError: 8.55653e+12
      Equation: "PotentialEquation"	RelError: 5.72590e-02	AbsError: 2.56957e-02
    Region: "oxide"	RelError: 3.82758e-05	AbsError: 1.50722e-07
      Equation: "PotentialEquation"	RelError: 3.82758e-05	AbsError: 1.50722e-07
Iteration: 3
  Device: "part1_baseline"	RelError: 1.84303e+00	AbsError: 1.18823e+15
    Region: "bulk"	RelError: 1.84284e+00	AbsError: 1.18823e+15
      Equation: "ElectronContinuityEquation"	RelError: 8.31966e-01	AbsError: 1.18754e+15
      Equation: "HoleContinuityEquation"	RelError: 1.00000e+00	AbsError: 6.93505e+11
      Equation: "PotentialEquation"	RelError: 1.08727e-02	AbsError: 9.16561e-03
    Region: "oxide"	RelError: 1.91377e-04	AbsError: 5.64759e-07
      Equation: "PotentialEquation"	RelError: 1.91377e-04	AbsError: 5.64759e-07
Iteration: 4
  Device: "part1_baseline"	RelError: 1.36214e-01	AbsError: 1.26866e+15
    Region: "bulk"	RelError: 1.35986e-01	AbsError: 1.26866e+15
      Equation: "ElectronContinuityEquation"	RelError: 6.51127e-02	AbsError: 1.26782e+15
      Equation: "HoleContinuityEquation"	RelError: 5.79316e-02	AbsError: 8.47494e+11
      Equation: "PotentialEquation"	RelError: 1.29413e-02	AbsError: 1.54722e-04
    Region: "oxide"	RelError: 2.28389e-04	AbsError: 6.83706e-07
      Equation: "PotentialEquation"	RelError: 2.28389e-04	AbsError: 6.83706e-07
Iteration: 5
  Device: "part1_baseline"	RelError: 4.08569e-03	AbsError: 1.03493e+12
    Region: "bulk"	RelError: 4.08557e-03	AbsError: 1.03493e+12
      Equation: "ElectronContinuityEquation"	RelError: 9.83538e-05	AbsError: 1.03450e+12
      Equation: "HoleContinuityEquation"	RelError: 3.98030e-03	AbsError: 4.21897e+08
      Equation: "PotentialEquation"	RelError: 6.91786e-06	AbsError: 1.18051e-07
    Region: "oxide"	RelError: 1.18279e-07	AbsError: 3.47933e-10
      Equation: "PotentialEquation"	RelError: 1.18279e-07	AbsError: 3.47933e-10
Iteration: 6
  Device: "part1_baseline"	RelError: 2.20165e-09	AbsError: 6.58231e+05
    Region: "bulk"	RelError: 2.20159e-09	AbsError: 6.58231e+05
      Equation: "ElectronContinuityEquation"	RelError: 7.47736e-11	AbsError: 6.58019e+05
      Equation: "HoleContinuityEquation"	RelError: 2.12334e-09	AbsError: 2.12124e+02
      Equation: "PotentialEquation"	RelError: 3.47823e-12	AbsError: 7.23126e-14
    Region: "oxide"	RelError: 5.41082e-14	AbsError: 1.58186e-16
      Equation: "PotentialEquation"	RelError: 5.41082e-14	AbsError: 1.58186e-16
number of equations 7095
Iteration: 0
  Device: "part1_baseline"	RelError: 2.04191e+03	AbsError: 7.93859e+16
    Region: "bulk"	RelError: 2.03832e+03	AbsError: 7.93859e+16
      Equation: "ElectronContinuityEquation"	RelError: 9.99000e+02	AbsError: 7.72975e+16
      Equation: "HoleContinuityEquation"	RelError: 9.99000e+02	AbsError: 2.08841e+15
      Equation: "PotentialEquation"	RelError: 4.03175e+01	AbsError: 4.09542e-02
    Region: "oxide"	RelError: 3.58919e+00	AbsError: 1.88109e-02
      Equation: "PotentialEquation"	RelError: 3.58919e+00	AbsError: 1.88109e-02
Iteration: 1
  Device: "part1_baseline"	RelError: 6.92457e+03	AbsError: 1.53405e+15
    Region: "bulk"	RelError: 6.92455e+03	AbsError: 1.53405e+15
      Equation: "ElectronContinuityEquation"	RelError: 5.91455e+03	AbsError: 1.31333e+15
      Equation: "HoleContinuityEquation"	RelError: 9.99000e+02	AbsError: 2.20728e+14
      Equation: "PotentialEquation"	RelError: 1.09920e+01	AbsError: 3.07632e-02
    Region: "oxide"	RelError: 2.67095e-02	AbsError: 8.84052e-03
      Equation: "PotentialEquation"	RelError: 2.67095e-02	AbsError: 8.84052e-03
Iteration: 2
  Device: "part1_baseline"	RelError: 3.99995e+01	AbsError: 9.53537e+13
    Region: "bulk"	RelError: 3.99994e+01	AbsError: 9.53537e+13
      Equation: "ElectronContinuityEquation"	RelError: 9.99998e-01	AbsError: 9.00218e+13
      Equation: "HoleContinuityEquation"	RelError: 3.89562e+01	AbsError: 5.33192e+12
      Equation: "PotentialEquation"	RelError: 4.32209e-02	AbsError: 2.56578e-02
    Region: "oxide"	RelError: 7.85460e-05	AbsError: 1.19665e-07
      Equation: "PotentialEquation"	RelError: 7.85460e-05	AbsError: 1.19665e-07
Iteration: 3
  Device: "part1_baseline"	RelError: 1.70924e+00	AbsError: 1.03632e+15
    Region: "bulk"	RelError: 1.70883e+00	AbsError: 1.03632e+15
      Equation: "ElectronContinuityEquation"	RelError: 7.78559e-01	AbsError: 1.03578e+15
      Equation: "HoleContinuityEquation"	RelError: 9.22556e-01	AbsError: 5.39406e+11
      Equation: "PotentialEquation"	RelError: 7.71635e-03	AbsError: 9.16556e-03
    Region: "oxide"	RelError: 4.10933e-04	AbsError: 4.74609e-07
      Equation: "PotentialEquation"	RelError: 4.10933e-04	AbsError: 4.74609e-07
Iteration: 4
  Device: "part1_baseline"	RelError: 1.35916e-01	AbsError: 1.10834e+15
    Region: "bulk"	RelError: 1.35423e-01	AbsError: 1.10834e+15
      Equation: "ElectronContinuityEquation"	RelError: 6.59749e-02	AbsError: 1.10768e+15
      Equation: "HoleContinuityEquation"	RelError: 6.01751e-02	AbsError: 6.64003e+11
      Equation: "PotentialEquation"	RelError: 9.27283e-03	AbsError: 1.34196e-04
    Region: "oxide"	RelError: 4.93244e-04	AbsError: 5.75101e-07
      Equation: "PotentialEquation"	RelError: 4.93244e-04	AbsError: 5.75101e-07
Iteration: 5
  Device: "part1_baseline"	RelError: 4.27490e-03	AbsError: 8.11722e+11
    Region: "bulk"	RelError: 4.27467e-03	AbsError: 8.11722e+11
      Equation: "ElectronContinuityEquation"	RelError: 8.11439e-05	AbsError: 8.11418e+11
      Equation: "HoleContinuityEquation"	RelError: 4.18912e-03	AbsError: 3.03861e+08
      Equation: "PotentialEquation"	RelError: 4.41000e-06	AbsError: 9.21236e-08
    Region: "oxide"	RelError: 2.29713e-07	AbsError: 2.64078e-10
      Equation: "PotentialEquation"	RelError: 2.29713e-07	AbsError: 2.64078e-10
Iteration: 6
  Device: "part1_baseline"	RelError: 2.13753e-09	AbsError: 4.13728e+05
    Region: "bulk"	RelError: 2.13744e-09	AbsError: 4.13728e+05
      Equation: "ElectronContinuityEquation"	RelError: 5.24550e-11	AbsError: 4.13605e+05
      Equation: "HoleContinuityEquation"	RelError: 2.08331e-09	AbsError: 1.23063e+02
      Equation: "PotentialEquation"	RelError: 1.68344e-12	AbsError: 4.53495e-14
    Region: "oxide"	RelError: 8.59958e-14	AbsError: 9.83096e-17
      Equation: "PotentialEquation"	RelError: 8.59958e-14	AbsError: 9.83096e-17
number of equations 7095
Iteration: 0
  Device: "part1_baseline"	RelError: 2.03860e+03	AbsError: 7.65518e+16
    Region: "bulk"	RelError: 2.03782e+03	AbsError: 7.65518e+16
      Equation: "ElectronContinuityEquation"	RelError: 9.99000e+02	AbsError: 7.46148e+16
      Equation: "HoleContinuityEquation"	RelError: 9.99000e+02	AbsError: 1.93698e+15
      Equation: "PotentialEquation"	RelError: 3.98152e+01	AbsError: 4.09542e-02
    Region: "oxide"	RelError: 7.80237e-01	AbsError: 1.88164e-02
      Equation: "PotentialEquation"	RelError: 7.80237e-01	AbsError: 1.88164e-02
Iteration: 1
  Device: "part1_baseline"	RelError: 2.02685e+03	AbsError: 1.58085e+15
    Region: "bulk"	RelError: 2.02683e+03	AbsError: 1.58085e+15
      Equation: "ElectronContinuityEquation"	RelError: 9.99000e+02	AbsError: 1.32911e+15
      Equation: "HoleContinuityEquation"	RelError: 9.99000e+02	AbsError: 2.51739e+14
      Equation: "PotentialEquation"	RelError: 2.88257e+01	AbsError: 3.07632e-02
    Region: "oxide"	RelError: 2.46642e-02	AbsError: 8.84580e-03
      Equation: "PotentialEquation"	RelError: 2.46642e-02	AbsError: 8.84580e-03
Iteration: 2
  Device: "part1_baseline"	RelError: 1.83709e+01	AbsError: 8.23537e+13
    Region: "bulk"	RelError: 1.83708e+01	AbsError: 8.23537e+13
      Equation: "ElectronContinuityEquation"	RelError: 9.99997e-01	AbsError: 7.92386e+13
      Equation: "HoleContinuityEquation"	RelError: 1.73354e+01	AbsError: 3.11516e+12
      Equation: "PotentialEquation"	RelError: 3.54203e-02	AbsError: 2.56273e-02
    Region: "oxide"	RelError: 1.47689e-05	AbsError: 9.81062e-08
      Equation: "PotentialEquation"	RelError: 1.47689e-05	AbsError: 9.81062e-08
Iteration: 3
  Device: "part1_baseline"	RelError: 1.52825e+00	AbsError: 8.97141e+14
    Region: "bulk"	RelError: 1.52818e+00	AbsError: 8.97141e+14
      Equation: "ElectronContinuityEquation"	RelError: 6.77722e-01	AbsError: 8.96719e+14
      Equation: "HoleContinuityEquation"	RelError: 8.43393e-01	AbsError: 4.22068e+11
      Equation: "PotentialEquation"	RelError: 7.06009e-03	AbsError: 9.16551e-03
    Region: "oxide"	RelError: 7.57982e-05	AbsError: 3.94947e-07
      Equation: "PotentialEquation"	RelError: 7.57982e-05	AbsError: 3.94947e-07
Iteration: 4
  Device: "part1_baseline"	RelError: 1.35622e-01	AbsError: 9.60745e+14
    Region: "bulk"	RelError: 1.35530e-01	AbsError: 9.60745e+14
      Equation: "ElectronContinuityEquation"	RelError: 6.67316e-02	AbsError: 9.60216e+14
      Equation: "HoleContinuityEquation"	RelError: 5.93592e-02	AbsError: 5.28388e+11
      Equation: "PotentialEquation"	RelError: 9.43944e-03	AbsError: 1.15591e-04
    Region: "oxide"	RelError: 9.19134e-05	AbsError: 4.83500e-07
      Equation: "PotentialEquation"	RelError: 9.19134e-05	AbsError: 4.83500e-07
Iteration: 5
  Device: "part1_baseline"	RelError: 4.13138e-03	AbsError: 6.21142e+11
    Region: "bulk"	RelError: 4.13134e-03	AbsError: 6.21142e+11
      Equation: "ElectronContinuityEquation"	RelError: 7.30936e-05	AbsError: 6.20933e+11
      Equation: "HoleContinuityEquation"	RelError: 4.05539e-03	AbsError: 2.09634e+08
      Equation: "PotentialEquation"	RelError: 2.85390e-06	AbsError: 7.02039e-08
    Region: "oxide"	RelError: 3.78479e-08	AbsError: 1.96665e-10
      Equation: "PotentialEquation"	RelError: 3.78479e-08	AbsError: 1.96665e-10
Iteration: 6
  Device: "part1_baseline"	RelError: 1.84925e-09	AbsError: 2.45640e+05
    Region: "bulk"	RelError: 1.84924e-09	AbsError: 2.45640e+05
      Equation: "ElectronContinuityEquation"	RelError: 3.44115e-11	AbsError: 2.45572e+05
      Equation: "HoleContinuityEquation"	RelError: 1.81398e-09	AbsError: 6.77802e+01
      Equation: "PotentialEquation"	RelError: 8.49935e-13	AbsError: 2.68938e-14
    Region: "oxide"	RelError: 1.12740e-14	AbsError: 5.83278e-17
      Equation: "PotentialEquation"	RelError: 1.12740e-14	AbsError: 5.83278e-17
number of equations 7095
Iteration: 0
  Device: "part1_baseline"	RelError: 2.07175e+03	AbsError: 7.39263e+16
    Region: "bulk"	RelError: 2.07100e+03	AbsError: 7.39263e+16
      Equation: "ElectronContinuityEquation"	RelError: 9.99000e+02	AbsError: 7.18727e+16
      Equation: "HoleContinuityEquation"	RelError: 9.99000e+02	AbsError: 2.05359e+15
      Equation: "PotentialEquation"	RelError: 7.30001e+01	AbsError: 4.09542e-02
    Region: "oxide"	RelError: 7.47145e-01	AbsError: 1.88213e-02
      Equation: "PotentialEquation"	RelError: 7.47145e-01	AbsError: 1.88213e-02
Iteration: 1
  Device: "part1_baseline"	RelError: 2.13648e+03	AbsError: 1.56895e+15
    Region: "bulk"	RelError: 2.13645e+03	AbsError: 1.56895e+15
      Equation: "ElectronContinuityEquation"	RelError: 9.99000e+02	AbsError: 1.34505e+15
      Equation: "HoleContinuityEquation"	RelError: 9.99000e+02	AbsError: 2.23898e+14
      Equation: "PotentialEquation"	RelError: 1.38454e+02	AbsError: 3.07632e-02
    Region: "oxide"	RelError: 2.29101e-02	AbsError: 8.85064e-03
      Equation: "PotentialEquation"	RelError: 2.29101e-02	AbsError: 8.85064e-03
Iteration: 2
  Device: "part1_baseline"	RelError: 2.22350e+01	AbsError: 7.47141e+13
    Region: "bulk"	RelError: 2.22350e+01	AbsError: 7.47141e+13
      Equation: "ElectronContinuityEquation"	RelError: 9.99998e-01	AbsError: 6.92653e+13
      Equation: "HoleContinuityEquation"	RelError: 2.12048e+01	AbsError: 5.44886e+12
      Equation: "PotentialEquation"	RelError: 3.01737e-02	AbsError: 2.56036e-02
    Region: "oxide"	RelError: 1.29823e-05	AbsError: 8.59293e-08
      Equation: "PotentialEquation"	RelError: 1.29823e-05	AbsError: 8.59293e-08
Iteration: 3
  Device: "part1_baseline"	RelError: 1.52174e+00	AbsError: 7.71648e+14
    Region: "bulk"	RelError: 1.52168e+00	AbsError: 7.71648e+14
      Equation: "ElectronContinuityEquation"	RelError: 5.71005e-01	AbsError: 7.71319e+14
      Equation: "HoleContinuityEquation"	RelError: 8.69205e-01	AbsError: 3.28780e+11
      Equation: "PotentialEquation"	RelError: 8.14720e-02	AbsError: 9.16547e-03
    Region: "oxide"	RelError: 6.05959e-05	AbsError: 3.26079e-07
      Equation: "PotentialEquation"	RelError: 6.05959e-05	AbsError: 3.26079e-07
Iteration: 4
  Device: "part1_baseline"	RelError: 2.34274e-01	AbsError: 8.27157e+14
    Region: "bulk"	RelError: 2.34199e-01	AbsError: 8.27157e+14
      Equation: "ElectronContinuityEquation"	RelError: 6.74001e-02	AbsError: 8.26730e+14
      Equation: "HoleContinuityEquation"	RelError: 5.47479e-02	AbsError: 4.26324e+11
      Equation: "PotentialEquation"	RelError: 1.12051e-01	AbsError: 9.89674e-05
    Region: "oxide"	RelError: 7.45961e-05	AbsError: 4.06041e-07
      Equation: "PotentialEquation"	RelError: 7.45961e-05	AbsError: 4.06041e-07
Iteration: 5
  Device: "part1_baseline"	RelError: 3.42429e-03	AbsError: 4.65376e+11
    Region: "bulk"	RelError: 3.42426e-03	AbsError: 4.65376e+11
      Equation: "ElectronContinuityEquation"	RelError: 6.52097e-05	AbsError: 4.65228e+11
      Equation: "HoleContinuityEquation"	RelError: 3.31741e-03	AbsError: 1.47563e+08
      Equation: "PotentialEquation"	RelError: 4.16359e-05	AbsError: 5.24230e-08
    Region: "oxide"	RelError: 2.67845e-08	AbsError: 1.44165e-10
      Equation: "PotentialEquation"	RelError: 2.67845e-08	AbsError: 1.44165e-10
Iteration: 6
  Device: "part1_baseline"	RelError: 1.43791e-09	AbsError: 1.38924e+05
    Region: "bulk"	RelError: 1.43790e-09	AbsError: 1.38924e+05
      Equation: "ElectronContinuityEquation"	RelError: 2.14731e-11	AbsError: 1.38888e+05
      Equation: "HoleContinuityEquation"	RelError: 1.40634e-09	AbsError: 3.62515e+01
      Equation: "PotentialEquation"	RelError: 1.00909e-11	AbsError: 1.52030e-14
    Region: "oxide"	RelError: 6.18452e-15	AbsError: 3.31985e-17
      Equation: "PotentialEquation"	RelError: 6.18452e-15	AbsError: 3.31985e-17
number of equations 7095
Iteration: 0
  Device: "part1_baseline"	RelError: 2.00766e+03	AbsError: 7.11030e+16
    Region: "bulk"	RelError: 2.00451e+03	AbsError: 7.11030e+16
      Equation: "ElectronContinuityEquation"	RelError: 9.99000e+02	AbsError: 6.90746e+16
      Equation: "HoleContinuityEquation"	RelError: 9.99000e+02	AbsError: 2.02838e+15
      Equation: "PotentialEquation"	RelError: 6.51197e+00	AbsError: 4.09542e-02
    Region: "oxide"	RelError: 3.15031e+00	AbsError: 1.88259e-02
      Equation: "PotentialEquation"	RelError: 3.15031e+00	AbsError: 1.88259e-02
Iteration: 1
  Device: "part1_baseline"	RelError: 1.02515e+03	AbsError: 1.54666e+15
    Region: "bulk"	RelError: 1.02512e+03	AbsError: 1.54666e+15
      Equation: "ElectronContinuityEquation"	RelError: 9.99000e+02	AbsError: 1.36110e+15
      Equation: "HoleContinuityEquation"	RelError: 1.33440e+01	AbsError: 1.85557e+14
      Equation: "PotentialEquation"	RelError: 1.27799e+01	AbsError: 3.07632e-02
    Region: "oxide"	RelError: 2.13890e-02	AbsError: 8.85508e-03
      Equation: "PotentialEquation"	RelError: 2.13890e-02	AbsError: 8.85508e-03
Iteration: 2
  Device: "part1_baseline"	RelError: 8.58252e+00	AbsError: 6.48885e+13
    Region: "bulk"	RelError: 8.58246e+00	AbsError: 6.48885e+13
      Equation: "ElectronContinuityEquation"	RelError: 9.99997e-01	AbsError: 6.18267e+13
      Equation: "HoleContinuityEquation"	RelError: 7.55001e+00	AbsError: 3.06189e+12
      Equation: "PotentialEquation"	RelError: 3.24553e-02	AbsError: 2.55859e-02
    Region: "oxide"	RelError: 5.21388e-05	AbsError: 7.96073e-08
      Equation: "PotentialEquation"	RelError: 5.21388e-05	AbsError: 7.96073e-08
Iteration: 3
  Device: "part1_baseline"	RelError: 1.13387e+00	AbsError: 6.60032e+14
    Region: "bulk"	RelError: 1.13366e+00	AbsError: 6.60032e+14
      Equation: "ElectronContinuityEquation"	RelError: 4.32699e-01	AbsError: 6.59777e+14
      Equation: "HoleContinuityEquation"	RelError: 6.94888e-01	AbsError: 2.54411e+11
      Equation: "PotentialEquation"	RelError: 6.07337e-03	AbsError: 9.16544e-03
    Region: "oxide"	RelError: 2.12584e-04	AbsError: 2.67206e-07
      Equation: "PotentialEquation"	RelError: 2.12584e-04	AbsError: 2.67206e-07
Iteration: 4
  Device: "part1_baseline"	RelError: 1.17963e-01	AbsError: 7.07986e+14
    Region: "bulk"	RelError: 1.17696e-01	AbsError: 7.07986e+14
      Equation: "ElectronContinuityEquation"	RelError: 6.79938e-02	AbsError: 7.07645e+14
      Equation: "HoleContinuityEquation"	RelError: 4.35786e-02	AbsError: 3.40888e+11
      Equation: "PotentialEquation"	RelError: 6.12381e-03	AbsError: 8.42983e-05
    Region: "oxide"	RelError: 2.66973e-04	AbsError: 3.40666e-07
      Equation: "PotentialEquation"	RelError: 2.66973e-04	AbsError: 3.40666e-07
Iteration: 5
  Device: "part1_baseline"	RelError: 2.09885e-03	AbsError: 3.42476e+11
    Region: "bulk"	RelError: 2.09877e-03	AbsError: 3.42476e+11
      Equation: "ElectronContinuityEquation"	RelError: 5.76444e-05	AbsError: 3.42374e+11
      Equation: "HoleContinuityEquation"	RelError: 2.03944e-03	AbsError: 1.02142e+08
      Equation: "PotentialEquation"	RelError: 1.68824e-06	AbsError: 3.84757e-08
    Region: "oxide"	RelError: 8.26143e-08	AbsError: 1.04301e-10
      Equation: "PotentialEquation"	RelError: 8.26143e-08	AbsError: 1.04301e-10
Iteration: 6
  Device: "part1_baseline"	RelError: 9.67103e-10	AbsError: 7.54043e+04
    Region: "bulk"	RelError: 9.67088e-10	AbsError: 7.54043e+04
      Equation: "ElectronContinuityEquation"	RelError: 1.40014e-11	AbsError: 7.53853e+04
      Equation: "HoleContinuityEquation"	RelError: 9.52771e-10	AbsError: 1.89224e+01
      Equation: "PotentialEquation"	RelError: 3.15710e-13	AbsError: 8.25161e-15
    Region: "oxide"	RelError: 1.44383e-14	AbsError: 1.82121e-17
      Equation: "PotentialEquation"	RelError: 1.44383e-14	AbsError: 1.82121e-17
number of equations 7095
Iteration: 0
  Device: "part1_baseline"	RelError: 2.03063e+03	AbsError: 6.80817e+16
    Region: "bulk"	RelError: 2.02918e+03	AbsError: 6.80817e+16
      Equation: "ElectronContinuityEquation"	RelError: 9.99000e+02	AbsError: 6.62230e+16
      Equation: "HoleContinuityEquation"	RelError: 9.99000e+02	AbsError: 1.85870e+15
      Equation: "PotentialEquation"	RelError: 3.11803e+01	AbsError: 4.09542e-02
    Region: "oxide"	RelError: 1.44666e+00	AbsError: 1.88300e-02
      Equation: "PotentialEquation"	RelError: 1.44666e+00	AbsError: 1.88300e-02
Iteration: 1
  Device: "part1_baseline"	RelError: 1.00226e+03	AbsError: 1.54019e+15
    Region: "bulk"	RelError: 1.00224e+03	AbsError: 1.54019e+15
      Equation: "ElectronContinuityEquation"	RelError: 9.99000e+02	AbsError: 1.37720e+15
      Equation: "HoleContinuityEquation"	RelError: 9.98182e-01	AbsError: 1.62988e+14
      Equation: "PotentialEquation"	RelError: 2.24665e+00	AbsError: 3.07632e-02
    Region: "oxide"	RelError: 2.00573e-02	AbsError: 8.85914e-03
      Equation: "PotentialEquation"	RelError: 2.00573e-02	AbsError: 8.85914e-03
Iteration: 2
  Device: "part1_baseline"	RelError: 4.61488e+00	AbsError: 5.71332e+13
    Region: "bulk"	RelError: 4.61485e+00	AbsError: 5.71332e+13
      Equation: "ElectronContinuityEquation"	RelError: 9.99997e-01	AbsError: 5.54134e+13
      Equation: "HoleContinuityEquation"	RelError: 3.58728e+00	AbsError: 1.71980e+12
      Equation: "PotentialEquation"	RelError: 2.75808e-02	AbsError: 2.55732e-02
    Region: "oxide"	RelError: 2.20106e-05	AbsError: 7.41823e-08
      Equation: "PotentialEquation"	RelError: 2.20106e-05	AbsError: 7.41823e-08
Iteration: 3
  Device: "part1_baseline"	RelError: 7.96831e-01	AbsError: 5.61906e+14
    Region: "bulk"	RelError: 7.96754e-01	AbsError: 5.61906e+14
      Equation: "ElectronContinuityEquation"	RelError: 2.93278e-01	AbsError: 5.61706e+14
      Equation: "HoleContinuityEquation"	RelError: 4.97799e-01	AbsError: 1.99964e+11
      Equation: "PotentialEquation"	RelError: 5.67647e-03	AbsError: 9.16542e-03
    Region: "oxide"	RelError: 7.77087e-05	AbsError: 2.18262e-07
      Equation: "PotentialEquation"	RelError: 7.77087e-05	AbsError: 2.18262e-07
Iteration: 4
  Device: "part1_baseline"	RelError: 1.06160e-01	AbsError: 6.02985e+14
    Region: "bulk"	RelError: 1.06060e-01	AbsError: 6.02985e+14
      Equation: "ElectronContinuityEquation"	RelError: 6.85228e-02	AbsError: 6.02709e+14
      Equation: "HoleContinuityEquation"	RelError: 3.47926e-02	AbsError: 2.75919e+11
      Equation: "PotentialEquation"	RelError: 2.74437e-03	AbsError: 7.14898e-05
    Region: "oxide"	RelError: 1.00184e-04	AbsError: 2.85676e-07
      Equation: "PotentialEquation"	RelError: 1.00184e-04	AbsError: 2.85676e-07
Iteration: 5
  Device: "part1_baseline"	RelError: 1.86700e-03	AbsError: 2.48262e+11
    Region: "bulk"	RelError: 1.86697e-03	AbsError: 2.48262e+11
      Equation: "ElectronContinuityEquation"	RelError: 5.04502e-05	AbsError: 2.48192e+11
      Equation: "HoleContinuityEquation"	RelError: 1.81579e-03	AbsError: 6.95728e+07
      Equation: "PotentialEquation"	RelError: 7.30391e-07	AbsError: 2.78318e-08
    Region: "oxide"	RelError: 2.64513e-08	AbsError: 7.46416e-11
      Equation: "PotentialEquation"	RelError: 2.64513e-08	AbsError: 7.46416e-11
Iteration: 6
  Device: "part1_baseline"	RelError: 5.53527e-10	AbsError: 3.95387e+04
    Region: "bulk"	RelError: 5.53524e-10	AbsError: 3.95387e+04
      Equation: "ElectronContinuityEquation"	RelError: 8.91547e-12	AbsError: 3.95291e+04
      Equation: "HoleContinuityEquation"	RelError: 5.44513e-10	AbsError: 9.54215e+00
      Equation: "PotentialEquation"	RelError: 9.48814e-14	AbsError: 4.32790e-15
    Region: "oxide"	RelError: 3.42629e-15	AbsError: 9.67831e-18
      Equation: "PotentialEquation"	RelError: 3.42629e-15	AbsError: 9.67831e-18
number of equations 7095
Iteration: 0
  Device: "part1_baseline"	RelError: 2.09713e+03	AbsError: 6.77966e+16
    Region: "bulk"	RelError: 2.06738e+03	AbsError: 6.77966e+16
      Equation: "ElectronContinuityEquation"	RelError: 9.99000e+02	AbsError: 6.60733e+16
      Equation: "HoleContinuityEquation"	RelError: 9.99000e+02	AbsError: 1.72332e+15
      Equation: "PotentialEquation"	RelError: 6.93824e+01	AbsError: 4.09542e-02
    Region: "oxide"	RelError: 2.97485e+01	AbsError: 1.88338e-02
      Equation: "PotentialEquation"	RelError: 2.97485e+01	AbsError: 1.88338e-02
Iteration: 1
  Device: "part1_baseline"	RelError: 1.00828e+03	AbsError: 1.57133e+15
    Region: "bulk"	RelError: 1.00804e+03	AbsError: 1.57133e+15
      Equation: "ElectronContinuityEquation"	RelError: 9.99000e+02	AbsError: 1.39350e+15
      Equation: "HoleContinuityEquation"	RelError: 9.98528e-01	AbsError: 1.77833e+14
      Equation: "PotentialEquation"	RelError: 8.04243e+00	AbsError: 3.07632e-02
    Region: "oxide"	RelError: 2.39297e-01	AbsError: 8.86287e-03
      Equation: "PotentialEquation"	RelError: 2.39297e-01	AbsError: 8.86287e-03
Iteration: 2
  Device: "part1_baseline"	RelError: 4.71138e+00	AbsError: 5.01847e+13
    Region: "bulk"	RelError: 4.71085e+00	AbsError: 5.01847e+13
      Equation: "ElectronContinuityEquation"	RelError: 9.99994e-01	AbsError: 4.92884e+13
      Equation: "HoleContinuityEquation"	RelError: 3.68676e+00	AbsError: 8.96273e+11
      Equation: "PotentialEquation"	RelError: 2.40932e-02	AbsError: 2.55649e-02
    Region: "oxide"	RelError: 5.34889e-04	AbsError: 6.86017e-08
      Equation: "PotentialEquation"	RelError: 5.34889e-04	AbsError: 6.86017e-08
Iteration: 3
  Device: "part1_baseline"	RelError: 7.29412e-01	AbsError: 4.76476e+14
    Region: "bulk"	RelError: 7.27579e-01	AbsError: 4.76476e+14
      Equation: "ElectronContinuityEquation"	RelError: 2.21071e-01	AbsError: 4.76319e+14
      Equation: "HoleContinuityEquation"	RelError: 5.01174e-01	AbsError: 1.56351e+11
      Equation: "PotentialEquation"	RelError: 5.33358e-03	AbsError: 9.16541e-03
    Region: "oxide"	RelError: 1.83270e-03	AbsError: 1.76763e-07
      Equation: "PotentialEquation"	RelError: 1.83270e-03	AbsError: 1.76763e-07
Iteration: 4
  Device: "part1_baseline"	RelError: 1.16201e-01	AbsError: 5.11417e+14
    Region: "bulk"	RelError: 1.13773e-01	AbsError: 5.11417e+14
      Equation: "ElectronContinuityEquation"	RelError: 6.89930e-02	AbsError: 5.11197e+14
      Equation: "HoleContinuityEquation"	RelError: 4.14218e-02	AbsError: 2.19894e+11
      Equation: "PotentialEquation"	RelError: 3.35853e-03	AbsError: 6.04062e-05
    Region: "oxide"	RelError: 2.42725e-03	AbsError: 2.39595e-07
      Equation: "PotentialEquation"	RelError: 2.42725e-03	AbsError: 2.39595e-07
Iteration: 5
  Device: "part1_baseline"	RelError: 2.27840e-03	AbsError: 1.77722e+11
    Region: "bulk"	RelError: 2.27785e-03	AbsError: 1.77722e+11
      Equation: "ElectronContinuityEquation"	RelError: 4.35142e-05	AbsError: 1.77674e+11
      Equation: "HoleContinuityEquation"	RelError: 2.23358e-03	AbsError: 4.78960e+07
      Equation: "PotentialEquation"	RelError: 7.58344e-07	AbsError: 1.98901e-08
    Region: "oxide"	RelError: 5.43929e-07	AbsError: 5.29380e-11
      Equation: "PotentialEquation"	RelError: 5.43929e-07	AbsError: 5.29380e-11
Iteration: 6
  Device: "part1_baseline"	RelError: 2.59237e-10	AbsError: 2.01452e+04
    Region: "bulk"	RelError: 2.59186e-10	AbsError: 2.01452e+04
      Equation: "ElectronContinuityEquation"	RelError: 5.53111e-12	AbsError: 2.01405e+04
      Equation: "HoleContinuityEquation"	RelError: 2.53583e-10	AbsError: 4.70754e+00
      Equation: "PotentialEquation"	RelError: 7.17088e-14	AbsError: 2.20602e-15
    Region: "oxide"	RelError: 5.12937e-14	AbsError: 5.00505e-18
      Equation: "PotentialEquation"	RelError: 5.12937e-14	AbsError: 5.00505e-18
number of equations 7095
Iteration: 0
  Device: "part1_baseline"	RelError: 2.89358e+03	AbsError: 6.90761e+16
    Region: "bulk"	RelError: 2.89255e+03	AbsError: 6.90761e+16
      Equation: "ElectronContinuityEquation"	RelError: 9.99000e+02	AbsError: 6.74511e+16
      Equation: "HoleContinuityEquation"	RelError: 9.99000e+02	AbsError: 1.62498e+15
      Equation: "PotentialEquation"	RelError: 8.94553e+02	AbsError: 4.09542e-02
    Region: "oxide"	RelError: 1.02755e+00	AbsError: 1.88373e-02
      Equation: "PotentialEquation"	RelError: 1.02755e+00	AbsError: 1.88373e-02
Iteration: 1
  Device: "part1_baseline"	RelError: 1.00445e+03	AbsError: 1.59153e+15
    Region: "bulk"	RelError: 1.00443e+03	AbsError: 1.59153e+15
      Equation: "ElectronContinuityEquation"	RelError: 9.99000e+02	AbsError: 1.40931e+15
      Equation: "HoleContinuityEquation"	RelError: 9.98368e-01	AbsError: 1.82219e+14
      Equation: "PotentialEquation"	RelError: 4.43422e+00	AbsError: 3.07632e-02
    Region: "oxide"	RelError: 1.78364e-02	AbsError: 8.86630e-03
      Equation: "PotentialEquation"	RelError: 1.78364e-02	AbsError: 8.86630e-03
Iteration: 2
  Device: "part1_baseline"	RelError: 3.32382e+00	AbsError: 4.47995e+13
    Region: "bulk"	RelError: 3.32381e+00	AbsError: 4.47995e+13
      Equation: "ElectronContinuityEquation"	RelError: 9.99212e-01	AbsError: 4.39889e+13
      Equation: "HoleContinuityEquation"	RelError: 2.30314e+00	AbsError: 8.10581e+11
      Equation: "PotentialEquation"	RelError: 2.14592e-02	AbsError: 2.55602e-02
    Region: "oxide"	RelError: 1.42889e-05	AbsError: 6.52978e-08
      Equation: "PotentialEquation"	RelError: 1.42889e-05	AbsError: 6.52978e-08
Iteration: 3
  Device: "part1_baseline"	RelError: 5.69283e-01	AbsError: 4.02705e+14
    Region: "bulk"	RelError: 5.69243e-01	AbsError: 4.02705e+14
      Equation: "ElectronContinuityEquation"	RelError: 1.78407e-01	AbsError: 4.02585e+14
      Equation: "HoleContinuityEquation"	RelError: 3.80934e-01	AbsError: 1.19828e+11
      Equation: "PotentialEquation"	RelError: 9.90206e-03	AbsError: 9.16540e-03
    Region: "oxide"	RelError: 4.07744e-05	AbsError: 1.41690e-07
      Equation: "PotentialEquation"	RelError: 4.07744e-05	AbsError: 1.41690e-07
Iteration: 4
  Device: "part1_baseline"	RelError: 1.30514e-01	AbsError: 4.32255e+14
    Region: "bulk"	RelError: 1.30458e-01	AbsError: 4.32255e+14
      Equation: "ElectronContinuityEquation"	RelError: 6.94030e-02	AbsError: 4.32079e+14
      Equation: "HoleContinuityEquation"	RelError: 4.71768e-02	AbsError: 1.75356e+11
      Equation: "PotentialEquation"	RelError: 1.38779e-02	AbsError: 5.08873e-05
    Region: "oxide"	RelError: 5.63705e-05	AbsError: 2.01118e-07
      Equation: "PotentialEquation"	RelError: 5.63705e-05	AbsError: 2.01118e-07
Iteration: 5
  Device: "part1_baseline"	RelError: 2.63672e-03	AbsError: 1.25913e+11
    Region: "bulk"	RelError: 2.63671e-03	AbsError: 1.25913e+11
      Equation: "ElectronContinuityEquation"	RelError: 3.64228e-05	AbsError: 1.25881e+11
      Equation: "HoleContinuityEquation"	RelError: 2.59768e-03	AbsError: 3.17347e+07
      Equation: "PotentialEquation"	RelError: 2.60664e-06	AbsError: 1.40731e-08
    Region: "oxide"	RelError: 1.06025e-08	AbsError: 3.73086e-11
      Equation: "PotentialEquation"	RelError: 1.06025e-08	AbsError: 3.73086e-11
Iteration: 6
  Device: "part1_baseline"	RelError: 9.84946e-11	AbsError: 1.00237e+04
    Region: "bulk"	RelError: 9.84939e-11	AbsError: 1.00237e+04
      Equation: "ElectronContinuityEquation"	RelError: 3.29869e-12	AbsError: 1.00215e+04
      Equation: "HoleContinuityEquation"	RelError: 9.50191e-11	AbsError: 2.22679e+00
      Equation: "PotentialEquation"	RelError: 1.76051e-13	AbsError: 1.09824e-15
    Region: "oxide"	RelError: 7.16246e-16	AbsError: 2.52977e-18
      Equation: "PotentialEquation"	RelError: 7.16246e-16	AbsError: 2.52977e-18
number of equations 7095
Iteration: 0
  Device: "part1_baseline"	RelError: 2.00447e+03	AbsError: 7.04932e+16
    Region: "bulk"	RelError: 2.00396e+03	AbsError: 7.04932e+16
      Equation: "ElectronContinuityEquation"	RelError: 9.99000e+02	AbsError: 6.88788e+16
      Equation: "HoleContinuityEquation"	RelError: 9.99000e+02	AbsError: 1.61444e+15
      Equation: "PotentialEquation"	RelError: 5.96189e+00	AbsError: 4.09542e-02
    Region: "oxide"	RelError: 5.08219e-01	AbsError: 1.88405e-02
      Equation: "PotentialEquation"	RelError: 5.08219e-01	AbsError: 1.88405e-02
Iteration: 1
  Device: "part1_baseline"	RelError: 1.00353e+03	AbsError: 1.58208e+15
    Region: "bulk"	RelError: 1.00352e+03	AbsError: 1.58208e+15
      Equation: "ElectronContinuityEquation"	RelError: 9.99000e+02	AbsError: 1.42305e+15
      Equation: "HoleContinuityEquation"	RelError: 9.98227e-01	AbsError: 1.59033e+14
      Equation: "PotentialEquation"	RelError: 3.51788e+00	AbsError: 3.07632e-02
    Region: "oxide"	RelError: 1.69006e-02	AbsError: 8.86945e-03
      Equation: "PotentialEquation"	RelError: 1.69006e-02	AbsError: 8.86945e-03
Iteration: 2
  Device: "part1_baseline"	RelError: 2.31167e+00	AbsError: 4.49824e+13
    Region: "bulk"	RelError: 2.31167e+00	AbsError: 4.49824e+13
      Equation: "ElectronContinuityEquation"	RelError: 9.99614e-01	AbsError: 4.43434e+13
      Equation: "HoleContinuityEquation"	RelError: 1.29268e+00	AbsError: 6.38948e+11
      Equation: "PotentialEquation"	RelError: 1.93728e-02	AbsError: 2.55584e-02
    Region: "oxide"	RelError: 6.88912e-06	AbsError: 6.29617e-08
      Equation: "PotentialEquation"	RelError: 6.88912e-06	AbsError: 6.29617e-08
Iteration: 3
  Device: "part1_baseline"	RelError: 3.98057e-01	AbsError: 3.39432e+14
    Region: "bulk"	RelError: 3.98041e-01	AbsError: 3.39432e+14
      Equation: "ElectronContinuityEquation"	RelError: 1.55294e-01	AbsError: 3.39339e+14
      Equation: "HoleContinuityEquation"	RelError: 2.37970e-01	AbsError: 9.31040e+10
      Equation: "PotentialEquation"	RelError: 4.77754e-03	AbsError: 9.16539e-03
    Region: "oxide"	RelError: 1.61080e-05	AbsError: 1.12109e-07
      Equation: "PotentialEquation"	RelError: 1.61080e-05	AbsError: 1.12109e-07
Iteration: 4
  Device: "part1_baseline"	RelError: 1.22042e-01	AbsError: 3.64306e+14
    Region: "bulk"	RelError: 1.22019e-01	AbsError: 3.64306e+14
      Equation: "ElectronContinuityEquation"	RelError: 6.97335e-02	AbsError: 3.64166e+14
      Equation: "HoleContinuityEquation"	RelError: 5.14352e-02	AbsError: 1.40425e+11
      Equation: "PotentialEquation"	RelError: 8.49804e-04	AbsError: 4.27631e-05
    Region: "oxide"	RelError: 2.34463e-05	AbsError: 1.69093e-07
      Equation: "PotentialEquation"	RelError: 2.34463e-05	AbsError: 1.69093e-07
Iteration: 5
  Device: "part1_baseline"	RelError: 2.89087e-03	AbsError: 8.84547e+10
    Region: "bulk"	RelError: 2.89087e-03	AbsError: 8.84547e+10
      Equation: "ElectronContinuityEquation"	RelError: 3.11955e-05	AbsError: 8.84332e+10
      Equation: "HoleContinuityEquation"	RelError: 2.85956e-03	AbsError: 2.15889e+07
      Equation: "PotentialEquation"	RelError: 1.16738e-07	AbsError: 9.87611e-09
    Region: "oxide"	RelError: 3.67582e-09	AbsError: 2.61498e-11
      Equation: "PotentialEquation"	RelError: 3.67582e-09	AbsError: 2.61498e-11
Iteration: 6
  Device: "part1_baseline"	RelError: 3.10701e-11	AbsError: 4.89180e+03
    Region: "bulk"	RelError: 3.10699e-11	AbsError: 4.89180e+03
      Equation: "ElectronContinuityEquation"	RelError: 1.81498e-12	AbsError: 4.89074e+03
      Equation: "HoleContinuityEquation"	RelError: 2.92492e-11	AbsError: 1.05888e+00
      Equation: "PotentialEquation"	RelError: 5.70559e-15	AbsError: 5.36269e-16
    Region: "oxide"	RelError: 1.75537e-16	AbsError: 1.25417e-18
      Equation: "PotentialEquation"	RelError: 1.75537e-16	AbsError: 1.25417e-18
number of equations 7095
Iteration: 0
  Device: "part1_baseline"	RelError: 3.30901e+03	AbsError: 7.19675e+16
    Region: "bulk"	RelError: 3.30843e+03	AbsError: 7.19675e+16
      Equation: "ElectronContinuityEquation"	RelError: 2.30014e+03	AbsError: 7.03488e+16
      Equation: "HoleContinuityEquation"	RelError: 9.99000e+02	AbsError: 1.61869e+15
      Equation: "PotentialEquation"	RelError: 9.28945e+00	AbsError: 4.09542e-02
    Region: "oxide"	RelError: 5.82991e-01	AbsError: 1.88434e-02
      Equation: "PotentialEquation"	RelError: 5.82991e-01	AbsError: 1.88434e-02
Iteration: 1
  Device: "part1_baseline"	RelError: 1.00929e+03	AbsError: 1.57302e+15
    Region: "bulk"	RelError: 1.00928e+03	AbsError: 1.57302e+15
      Equation: "ElectronContinuityEquation"	RelError: 9.99000e+02	AbsError: 1.43332e+15
      Equation: "HoleContinuityEquation"	RelError: 9.98290e-01	AbsError: 1.39696e+14
      Equation: "PotentialEquation"	RelError: 9.27985e+00	AbsError: 3.07632e-02
    Region: "oxide"	RelError: 1.60580e-02	AbsError: 8.87232e-03
      Equation: "PotentialEquation"	RelError: 1.60580e-02	AbsError: 8.87232e-03
Iteration: 2
  Device: "part1_baseline"	RelError: 2.43366e+00	AbsError: 4.84121e+13
    Region: "bulk"	RelError: 2.43365e+00	AbsError: 4.84121e+13
      Equation: "ElectronContinuityEquation"	RelError: 9.99323e-01	AbsError: 4.79332e+13
      Equation: "HoleContinuityEquation"	RelError: 1.41668e+00	AbsError: 4.78834e+11
      Equation: "PotentialEquation"	RelError: 1.76534e-02	AbsError: 2.55586e-02
    Region: "oxide"	RelError: 7.74455e-06	AbsError: 6.11003e-08
      Equation: "PotentialEquation"	RelError: 7.74455e-06	AbsError: 6.11003e-08
Iteration: 3
  Device: "part1_baseline"	RelError: 2.02591e-01	AbsError: 2.85454e+14
    Region: "bulk"	RelError: 2.02576e-01	AbsError: 2.85454e+14
      Equation: "ElectronContinuityEquation"	RelError: 1.34472e-01	AbsError: 2.85383e+14
      Equation: "HoleContinuityEquation"	RelError: 6.35634e-02	AbsError: 7.03876e+10
      Equation: "PotentialEquation"	RelError: 4.54084e-03	AbsError: 9.16538e-03
    Region: "oxide"	RelError: 1.46099e-05	AbsError: 8.71809e-08
      Equation: "PotentialEquation"	RelError: 1.46099e-05	AbsError: 8.71809e-08
Iteration: 4
  Device: "part1_baseline"	RelError: 1.25969e-01	AbsError: 3.06320e+14
    Region: "bulk"	RelError: 1.25946e-01	AbsError: 3.06320e+14
      Equation: "ElectronContinuityEquation"	RelError: 6.99387e-02	AbsError: 3.06207e+14
      Equation: "HoleContinuityEquation"	RelError: 5.39560e-02	AbsError: 1.13144e+11
      Equation: "PotentialEquation"	RelError: 2.05120e-03	AbsError: 3.58644e-05
    Region: "oxide"	RelError: 2.27208e-05	AbsError: 1.42510e-07
      Equation: "PotentialEquation"	RelError: 2.27208e-05	AbsError: 1.42510e-07
Iteration: 5
  Device: "part1_baseline"	RelError: 3.02172e-03	AbsError: 6.17117e+10
    Region: "bulk"	RelError: 3.02172e-03	AbsError: 6.17117e+10
      Equation: "ElectronContinuityEquation"	RelError: 2.69099e-05	AbsError: 6.16976e+10
      Equation: "HoleContinuityEquation"	RelError: 2.99456e-03	AbsError: 1.41213e+07
      Equation: "PotentialEquation"	RelError: 2.45431e-07	AbsError: 6.88465e-09
    Region: "oxide"	RelError: 2.95027e-09	AbsError: 1.82380e-11
      Equation: "PotentialEquation"	RelError: 2.95027e-09	AbsError: 1.82380e-11
Iteration: 6
  Device: "part1_baseline"	RelError: 2.13182e-11	AbsError: 2.34988e+03
    Region: "bulk"	RelError: 2.13181e-11	AbsError: 2.34988e+03
      Equation: "ElectronContinuityEquation"	RelError: 9.09365e-13	AbsError: 2.34940e+03
      Equation: "HoleContinuityEquation"	RelError: 2.04004e-11	AbsError: 4.84534e-01
      Equation: "PotentialEquation"	RelError: 8.34032e-15	AbsError: 2.57765e-16
    Region: "oxide"	RelError: 9.85314e-17	AbsError: 6.12165e-19
      Equation: "PotentialEquation"	RelError: 9.85314e-17	AbsError: 6.12165e-19
number of equations 7095
Iteration: 0
  Device: "part1_baseline"	RelError: 2.01973e+03	AbsError: 7.33959e+16
    Region: "bulk"	RelError: 2.01829e+03	AbsError: 7.33959e+16
      Equation: "ElectronContinuityEquation"	RelError: 9.99000e+02	AbsError: 7.18525e+16
      Equation: "HoleContinuityEquation"	RelError: 9.99000e+02	AbsError: 1.54338e+15
      Equation: "PotentialEquation"	RelError: 2.02855e+01	AbsError: 4.09542e-02
    Region: "oxide"	RelError: 1.44439e+00	AbsError: 1.88461e-02
      Equation: "PotentialEquation"	RelError: 1.44439e+00	AbsError: 1.88461e-02
Iteration: 1
  Device: "part1_baseline"	RelError: 1.00560e+03	AbsError: 1.56502e+15
    Region: "bulk"	RelError: 1.00559e+03	AbsError: 1.56502e+15
      Equation: "ElectronContinuityEquation"	RelError: 9.99000e+02	AbsError: 1.43928e+15
      Equation: "HoleContinuityEquation"	RelError: 9.98105e-01	AbsError: 1.25748e+14
      Equation: "PotentialEquation"	RelError: 5.58978e+00	AbsError: 3.07632e-02
    Region: "oxide"	RelError: 1.52953e-02	AbsError: 8.87493e-03
      Equation: "PotentialEquation"	RelError: 1.52953e-02	AbsError: 8.87493e-03
Iteration: 2
  Device: "part1_baseline"	RelError: 2.15551e+00	AbsError: 5.15809e+13
    Region: "bulk"	RelError: 2.15549e+00	AbsError: 5.15809e+13
      Equation: "ElectronContinuityEquation"	RelError: 9.99448e-01	AbsError: 5.11720e+13
      Equation: "HoleContinuityEquation"	RelError: 1.13984e+00	AbsError: 4.08874e+11
      Equation: "PotentialEquation"	RelError: 1.61984e-02	AbsError: 2.55602e-02
    Region: "oxide"	RelError: 1.89539e-05	AbsError: 5.99750e-08
      Equation: "PotentialEquation"	RelError: 1.89539e-05	AbsError: 5.99750e-08
Iteration: 3
  Device: "part1_baseline"	RelError: 1.57757e-01	AbsError: 2.39608e+14
    Region: "bulk"	RelError: 1.57729e-01	AbsError: 2.39608e+14
      Equation: "ElectronContinuityEquation"	RelError: 1.14732e-01	AbsError: 2.39554e+14
      Equation: "HoleContinuityEquation"	RelError: 3.86697e-02	AbsError: 5.35511e+10
      Equation: "PotentialEquation"	RelError: 4.32649e-03	AbsError: 9.16537e-03
    Region: "oxide"	RelError: 2.80503e-05	AbsError: 6.61787e-08
      Equation: "PotentialEquation"	RelError: 2.80503e-05	AbsError: 6.61787e-08
Iteration: 4
  Device: "part1_baseline"	RelError: 1.25716e-01	AbsError: 2.57065e+14
    Region: "bulk"	RelError: 1.25668e-01	AbsError: 2.57065e+14
      Equation: "ElectronContinuityEquation"	RelError: 6.98254e-02	AbsError: 2.56973e+14
      Equation: "HoleContinuityEquation"	RelError: 5.47309e-02	AbsError: 9.11805e+10
      Equation: "PotentialEquation"	RelError: 1.11209e-03	AbsError: 3.00300e-05
    Region: "oxide"	RelError: 4.75481e-05	AbsError: 1.20497e-07
      Equation: "PotentialEquation"	RelError: 4.75481e-05	AbsError: 1.20497e-07
Iteration: 5
  Device: "part1_baseline"	RelError: 3.01453e-03	AbsError: 4.28129e+10
    Region: "bulk"	RelError: 3.01453e-03	AbsError: 4.28129e+10
      Equation: "ElectronContinuityEquation"	RelError: 2.31164e-05	AbsError: 4.28034e+10
      Equation: "HoleContinuityEquation"	RelError: 2.99130e-03	AbsError: 9.51867e+06
      Equation: "PotentialEquation"	RelError: 1.13873e-07	AbsError: 4.77329e-09
    Region: "oxide"	RelError: 5.08277e-09	AbsError: 1.26698e-11
      Equation: "PotentialEquation"	RelError: 5.08277e-09	AbsError: 1.26698e-11
Iteration: 6
  Device: "part1_baseline"	RelError: 2.17144e-11	AbsError: 1.11443e+03
    Region: "bulk"	RelError: 2.17143e-11	AbsError: 1.11443e+03
      Equation: "ElectronContinuityEquation"	RelError: 5.46543e-13	AbsError: 1.11421e+03
      Equation: "HoleContinuityEquation"	RelError: 2.11651e-11	AbsError: 2.23225e-01
      Equation: "PotentialEquation"	RelError: 2.66459e-15	AbsError: 1.22316e-16
    Region: "oxide"	RelError: 1.17563e-16	AbsError: 2.94745e-19
      Equation: "PotentialEquation"	RelError: 1.17563e-16	AbsError: 2.94745e-19
number of equations 7095
Iteration: 0
  Device: "part1_baseline"	RelError: 3.35506e+05	AbsError: 7.48160e+16
    Region: "bulk"	RelError: 3.35503e+05	AbsError: 7.48160e+16
      Equation: "ElectronContinuityEquation"	RelError: 9.99000e+02	AbsError: 7.33789e+16
      Equation: "HoleContinuityEquation"	RelError: 3.34497e+05	AbsError: 1.43712e+15
      Equation: "PotentialEquation"	RelError: 6.38798e+00	AbsError: 4.09542e-02
    Region: "oxide"	RelError: 3.13235e+00	AbsError: 1.88486e-02
      Equation: "PotentialEquation"	RelError: 3.13235e+00	AbsError: 1.88486e-02
Iteration: 1
  Device: "part1_baseline"	RelError: 1.00209e+03	AbsError: 1.55412e+15
    Region: "bulk"	RelError: 1.00208e+03	AbsError: 1.55412e+15
      Equation: "ElectronContinuityEquation"	RelError: 9.99000e+02	AbsError: 1.44027e+15
      Equation: "HoleContinuityEquation"	RelError: 9.99991e-01	AbsError: 1.13858e+14
      Equation: "PotentialEquation"	RelError: 2.07636e+00	AbsError: 3.07632e-02
    Region: "oxide"	RelError: 1.46017e-02	AbsError: 8.87728e-03
      Equation: "PotentialEquation"	RelError: 1.46017e-02	AbsError: 8.87728e-03
Iteration: 2
  Device: "part1_baseline"	RelError: 1.92928e+00	AbsError: 5.43159e+13
    Region: "bulk"	RelError: 1.92924e+00	AbsError: 5.43159e+13
      Equation: "ElectronContinuityEquation"	RelError: 9.99306e-01	AbsError: 5.40072e+13
      Equation: "HoleContinuityEquation"	RelError: 9.14988e-01	AbsError: 3.08757e+11
      Equation: "PotentialEquation"	RelError: 1.49508e-02	AbsError: 2.55626e-02
    Region: "oxide"	RelError: 3.95019e-05	AbsError: 5.92040e-08
      Equation: "PotentialEquation"	RelError: 3.95019e-05	AbsError: 5.92040e-08
Iteration: 3
  Device: "part1_baseline"	RelError: 1.38592e-01	AbsError: 2.00807e+14
    Region: "bulk"	RelError: 1.38547e-01	AbsError: 2.00807e+14
      Equation: "ElectronContinuityEquation"	RelError: 9.61810e-02	AbsError: 2.00767e+14
      Equation: "HoleContinuityEquation"	RelError: 3.82344e-02	AbsError: 4.00599e+10
      Equation: "PotentialEquation"	RelError: 4.13147e-03	AbsError: 9.16537e-03
    Region: "oxide"	RelError: 4.48148e-05	AbsError: 4.84828e-08
      Equation: "PotentialEquation"	RelError: 4.48148e-05	AbsError: 4.84828e-08
Iteration: 4
  Device: "part1_baseline"	RelError: 1.22993e-01	AbsError: 2.15384e+14
    Region: "bulk"	RelError: 1.22908e-01	AbsError: 2.15384e+14
      Equation: "ElectronContinuityEquation"	RelError: 6.89137e-02	AbsError: 2.15309e+14
      Equation: "HoleContinuityEquation"	RelError: 5.37522e-02	AbsError: 7.46404e+10
      Equation: "PotentialEquation"	RelError: 2.41808e-04	AbsError: 2.51119e-05
    Region: "oxide"	RelError: 8.51407e-05	AbsError: 1.02303e-07
      Equation: "PotentialEquation"	RelError: 8.51407e-05	AbsError: 1.02303e-07
Iteration: 5
  Device: "part1_baseline"	RelError: 2.85875e-03	AbsError: 2.95660e+10
    Region: "bulk"	RelError: 2.85874e-03	AbsError: 2.95660e+10
      Equation: "ElectronContinuityEquation"	RelError: 1.97784e-05	AbsError: 2.95597e+10
      Equation: "HoleContinuityEquation"	RelError: 2.83894e-03	AbsError: 6.26436e+06
      Equation: "PotentialEquation"	RelError: 1.81542e-08	AbsError: 3.29484e-09
    Region: "oxide"	RelError: 7.44882e-09	AbsError: 8.77455e-12
      Equation: "PotentialEquation"	RelError: 7.44882e-09	AbsError: 8.77455e-12
Iteration: 6
  Device: "part1_baseline"	RelError: 2.11762e-11	AbsError: 5.23051e+02
    Region: "bulk"	RelError: 2.11760e-11	AbsError: 5.23051e+02
      Equation: "ElectronContinuityEquation"	RelError: 3.25780e-13	AbsError: 5.22950e+02
      Equation: "HoleContinuityEquation"	RelError: 2.08500e-11	AbsError: 1.01045e-01
      Equation: "PotentialEquation"	RelError: 2.88486e-16	AbsError: 5.74428e-17
    Region: "oxide"	RelError: 1.18410e-16	AbsError: 1.40405e-19
      Equation: "PotentialEquation"	RelError: 1.18410e-16	AbsError: 1.40405e-19
number of equations 7095
Iteration: 0
  Device: "part1_baseline"	RelError: 1.59048e+03	AbsError: 7.62696e+16
    Region: "bulk"	RelError: 1.58857e+03	AbsError: 7.62696e+16
      Equation: "ElectronContinuityEquation"	RelError: 4.07478e+01	AbsError: 7.49134e+16
      Equation: "HoleContinuityEquation"	RelError: 9.99000e+02	AbsError: 1.35615e+15
      Equation: "PotentialEquation"	RelError: 5.48822e+02	AbsError: 4.09542e-02
    Region: "oxide"	RelError: 1.91298e+00	AbsError: 1.88507e-02
      Equation: "PotentialEquation"	RelError: 1.91298e+00	AbsError: 1.88507e-02
Iteration: 1
  Device: "part1_baseline"	RelError: 1.00173e+03	AbsError: 1.53925e+15
    Region: "bulk"	RelError: 1.00172e+03	AbsError: 1.53925e+15
      Equation: "ElectronContinuityEquation"	RelError: 9.99000e+02	AbsError: 1.43548e+15
      Equation: "HoleContinuityEquation"	RelError: 9.98388e-01	AbsError: 1.03764e+14
      Equation: "PotentialEquation"	RelError: 1.72153e+00	AbsError: 3.07632e-02
    Region: "oxide"	RelError: 1.39681e-02	AbsError: 8.87940e-03
      Equation: "PotentialEquation"	RelError: 1.39681e-02	AbsError: 8.87940e-03
Iteration: 2
  Device: "part1_baseline"	RelError: 1.84251e+00	AbsError: 5.66220e+13
    Region: "bulk"	RelError: 1.84248e+00	AbsError: 5.66220e+13
      Equation: "ElectronContinuityEquation"	RelError: 9.99133e-01	AbsError: 5.63661e+13
      Equation: "HoleContinuityEquation"	RelError: 8.29479e-01	AbsError: 2.55904e+11
      Equation: "PotentialEquation"	RelError: 1.38715e-02	AbsError: 2.55654e-02
    Region: "oxide"	RelError: 2.46749e-05	AbsError: 5.87691e-08
      Equation: "PotentialEquation"	RelError: 2.46749e-05	AbsError: 5.87691e-08
Iteration: 3
  Device: "part1_baseline"	RelError: 1.19569e-01	AbsError: 1.68064e+14
    Region: "bulk"	RelError: 1.19547e-01	AbsError: 1.68064e+14
      Equation: "ElectronContinuityEquation"	RelError: 7.87829e-02	AbsError: 1.68035e+14
      Equation: "HoleContinuityEquation"	RelError: 3.65797e-02	AbsError: 2.89344e+10
      Equation: "PotentialEquation"	RelError: 4.18405e-03	AbsError: 9.16536e-03
    Region: "oxide"	RelError: 2.27355e-05	AbsError: 3.35719e-08
      Equation: "PotentialEquation"	RelError: 2.27355e-05	AbsError: 3.35719e-08
Iteration: 4
  Device: "part1_baseline"	RelError: 1.28036e-01	AbsError: 1.80218e+14
    Region: "bulk"	RelError: 1.27987e-01	AbsError: 1.80218e+14
      Equation: "ElectronContinuityEquation"	RelError: 6.60494e-02	AbsError: 1.80158e+14
      Equation: "HoleContinuityEquation"	RelError: 5.25820e-02	AbsError: 6.01720e+10
      Equation: "PotentialEquation"	RelError: 9.35546e-03	AbsError: 2.09770e-05
    Region: "oxide"	RelError: 4.92116e-05	AbsError: 8.72900e-08
      Equation: "PotentialEquation"	RelError: 4.92116e-05	AbsError: 8.72900e-08
Iteration: 5
  Device: "part1_baseline"	RelError: 2.89106e-03	AbsError: 2.03421e+10
    Region: "bulk"	RelError: 2.89106e-03	AbsError: 2.03421e+10
      Equation: "ElectronContinuityEquation"	RelError: 1.68505e-05	AbsError: 2.03379e+10
      Equation: "HoleContinuityEquation"	RelError: 2.87354e-03	AbsError: 4.17676e+06
      Equation: "PotentialEquation"	RelError: 6.66048e-07	AbsError: 2.26618e-09
    Region: "oxide"	RelError: 3.52051e-09	AbsError: 6.06274e-12
      Equation: "PotentialEquation"	RelError: 3.52051e-09	AbsError: 6.06274e-12
Iteration: 6
  Device: "part1_baseline"	RelError: 1.96224e-11	AbsError: 2.43434e+02
    Region: "bulk"	RelError: 1.96224e-11	AbsError: 2.43434e+02
      Equation: "ElectronContinuityEquation"	RelError: 1.92671e-13	AbsError: 2.43389e+02
      Equation: "HoleContinuityEquation"	RelError: 1.94224e-11	AbsError: 4.56464e-02
      Equation: "PotentialEquation"	RelError: 7.25103e-15	AbsError: 2.67529e-17
    Region: "oxide"	RelError: 3.82892e-17	AbsError: 6.65058e-20
      Equation: "PotentialEquation"	RelError: 3.82892e-17	AbsError: 6.65058e-20
number of equations 7095
Iteration: 0
  Device: "part1_baseline"	RelError: 1.03245e+03	AbsError: 7.77280e+16
    Region: "bulk"	RelError: 1.03040e+03	AbsError: 7.77280e+16
      Equation: "ElectronContinuityEquation"	RelError: 1.85577e+01	AbsError: 7.64387e+16
      Equation: "HoleContinuityEquation"	RelError: 9.99000e+02	AbsError: 1.28932e+15
      Equation: "PotentialEquation"	RelError: 1.28465e+01	AbsError: 4.09542e-02
    Region: "oxide"	RelError: 2.04497e+00	AbsError: 1.88527e-02
      Equation: "PotentialEquation"	RelError: 2.04497e+00	AbsError: 1.88527e-02
Iteration: 1
  Device: "part1_baseline"	RelError: 1.00932e+03	AbsError: 1.52714e+15
    Region: "bulk"	RelError: 1.00931e+03	AbsError: 1.52714e+15
      Equation: "ElectronContinuityEquation"	RelError: 9.99000e+02	AbsError: 1.42392e+15
      Equation: "HoleContinuityEquation"	RelError: 9.98381e-01	AbsError: 1.03214e+14
      Equation: "PotentialEquation"	RelError: 9.31226e+00	AbsError: 3.07632e-02
    Region: "oxide"	RelError: 1.33870e-02	AbsError: 8.88130e-03
      Equation: "PotentialEquation"	RelError: 1.33870e-02	AbsError: 8.88130e-03
Iteration: 2
  Device: "part1_baseline"	RelError: 1.82355e+00	AbsError: 5.84395e+13
    Region: "bulk"	RelError: 1.82352e+00	AbsError: 5.84395e+13
      Equation: "ElectronContinuityEquation"	RelError: 9.99004e-01	AbsError: 5.81728e+13
      Equation: "HoleContinuityEquation"	RelError: 8.11590e-01	AbsError: 2.66623e+11
      Equation: "PotentialEquation"	RelError: 1.29308e-02	AbsError: 2.55684e-02
    Region: "oxide"	RelError: 2.56997e-05	AbsError: 5.86530e-08
      Equation: "PotentialEquation"	RelError: 2.56997e-05	AbsError: 5.86530e-08
Iteration: 3
  Device: "part1_baseline"	RelError: 1.02802e-01	AbsError: 1.40503e+14
    Region: "bulk"	RelError: 1.02785e-01	AbsError: 1.40503e+14
      Equation: "ElectronContinuityEquation"	RelError: 6.25677e-02	AbsError: 1.40482e+14
      Equation: "HoleContinuityEquation"	RelError: 3.64276e-02	AbsError: 2.11887e+10
      Equation: "PotentialEquation"	RelError: 3.78980e-03	AbsError: 9.16536e-03
    Region: "oxide"	RelError: 1.64705e-05	AbsError: 2.16480e-08
      Equation: "PotentialEquation"	RelError: 1.64705e-05	AbsError: 2.16480e-08
Iteration: 4
  Device: "part1_baseline"	RelError: 1.14823e-01	AbsError: 1.50626e+14
    Region: "bulk"	RelError: 1.14779e-01	AbsError: 1.50626e+14
      Equation: "ElectronContinuityEquation"	RelError: 5.93866e-02	AbsError: 1.50577e+14
      Equation: "HoleContinuityEquation"	RelError: 5.41437e-02	AbsError: 4.91793e+10
      Equation: "PotentialEquation"	RelError: 1.24907e-03	AbsError: 1.75081e-05
    Region: "oxide"	RelError: 4.37041e-05	AbsError: 7.49194e-08
      Equation: "PotentialEquation"	RelError: 4.37041e-05	AbsError: 7.49194e-08
Iteration: 5
  Device: "part1_baseline"	RelError: 2.95878e-03	AbsError: 1.39538e+10
    Region: "bulk"	RelError: 2.95877e-03	AbsError: 1.39538e+10
      Equation: "ElectronContinuityEquation"	RelError: 1.42786e-05	AbsError: 1.39510e+10
      Equation: "HoleContinuityEquation"	RelError: 2.94442e-03	AbsError: 2.75366e+06
      Equation: "PotentialEquation"	RelError: 7.52242e-08	AbsError: 1.55416e-09
    Region: "oxide"	RelError: 2.53121e-09	AbsError: 4.18218e-12
      Equation: "PotentialEquation"	RelError: 2.53121e-09	AbsError: 4.18218e-12
Iteration: 6
  Device: "part1_baseline"	RelError: 1.72609e-11	AbsError: 1.12535e+02
    Region: "bulk"	RelError: 1.72608e-11	AbsError: 1.12535e+02
      Equation: "ElectronContinuityEquation"	RelError: 1.12989e-13	AbsError: 1.12515e+02
      Equation: "HoleContinuityEquation"	RelError: 1.71473e-11	AbsError: 2.03793e-02
      Equation: "PotentialEquation"	RelError: 5.52369e-16	AbsError: 1.23686e-17
    Region: "oxide"	RelError: 1.85828e-17	AbsError: 3.09876e-20
      Equation: "PotentialEquation"	RelError: 1.85828e-17	AbsError: 3.09876e-20
number of equations 7095
Iteration: 0
  Device: "part1_baseline"	RelError: 1.02418e+03	AbsError: 7.91637e+16
    Region: "bulk"	RelError: 1.02351e+03	AbsError: 7.91637e+16
      Equation: "ElectronContinuityEquation"	RelError: 7.60405e+00	AbsError: 7.79344e+16
      Equation: "HoleContinuityEquation"	RelError: 9.99000e+02	AbsError: 1.22925e+15
      Equation: "PotentialEquation"	RelError: 1.69037e+01	AbsError: 4.09542e-02
    Region: "oxide"	RelError: 6.71515e-01	AbsError: 1.88545e-02
      Equation: "PotentialEquation"	RelError: 6.71515e-01	AbsError: 1.88545e-02
Iteration: 1
  Device: "part1_baseline"	RelError: 3.45644e+00	AbsError: 1.50024e+15
    Region: "bulk"	RelError: 3.44359e+00	AbsError: 1.50024e+15
      Equation: "ElectronContinuityEquation"	RelError: 1.37336e+00	AbsError: 1.40456e+15
      Equation: "HoleContinuityEquation"	RelError: 9.98163e-01	AbsError: 9.56736e+13
      Equation: "PotentialEquation"	RelError: 1.07206e+00	AbsError: 3.07632e-02
    Region: "oxide"	RelError: 1.28522e-02	AbsError: 8.88299e-03
      Equation: "PotentialEquation"	RelError: 1.28522e-02	AbsError: 8.88299e-03
Iteration: 2
  Device: "part1_baseline"	RelError: 1.36316e+00	AbsError: 5.95905e+13
    Region: "bulk"	RelError: 1.36315e+00	AbsError: 5.95905e+13
      Equation: "ElectronContinuityEquation"	RelError: 5.80537e-01	AbsError: 5.93616e+13
      Equation: "HoleContinuityEquation"	RelError: 7.70507e-01	AbsError: 2.28855e+11
      Equation: "PotentialEquation"	RelError: 1.21033e-02	AbsError: 2.55715e-02
    Region: "oxide"	RelError: 8.48408e-06	AbsError: 5.88130e-08
      Equation: "PotentialEquation"	RelError: 8.48408e-06	AbsError: 5.88130e-08
Iteration: 3
  Device: "part1_baseline"	RelError: 9.71575e-02	AbsError: 1.17349e+14
    Region: "bulk"	RelError: 9.71540e-02	AbsError: 1.17349e+14
      Equation: "ElectronContinuityEquation"	RelError: 5.65134e-02	AbsError: 1.17335e+14
      Equation: "HoleContinuityEquation"	RelError: 3.70013e-02	AbsError: 1.46155e+10
      Equation: "PotentialEquation"	RelError: 3.63932e-03	AbsError: 9.16535e-03
    Region: "oxide"	RelError: 3.43879e-06	AbsError: 1.20835e-08
      Equation: "PotentialEquation"	RelError: 3.43879e-06	AbsError: 1.20835e-08
Iteration: 4
  Device: "part1_baseline"	RelError: 1.15328e-01	AbsError: 1.25772e+14
    Region: "bulk"	RelError: 1.15316e-01	AbsError: 1.25772e+14
      Equation: "ElectronContinuityEquation"	RelError: 5.99147e-02	AbsError: 1.25733e+14
      Equation: "HoleContinuityEquation"	RelError: 5.48982e-02	AbsError: 3.96069e+10
      Equation: "PotentialEquation"	RelError: 5.03162e-04	AbsError: 1.46029e-05
    Region: "oxide"	RelError: 1.23439e-05	AbsError: 6.47369e-08
      Equation: "PotentialEquation"	RelError: 1.23439e-05	AbsError: 6.47369e-08
Iteration: 5
  Device: "part1_baseline"	RelError: 2.97463e-03	AbsError: 9.54845e+09
    Region: "bulk"	RelError: 2.97463e-03	AbsError: 9.54845e+09
      Equation: "ElectronContinuityEquation"	RelError: 1.19970e-05	AbsError: 9.54661e+09
      Equation: "HoleContinuityEquation"	RelError: 2.96261e-03	AbsError: 1.84203e+06
      Equation: "PotentialEquation"	RelError: 2.41026e-08	AbsError: 1.06337e-09
    Region: "oxide"	RelError: 5.75484e-10	AbsError: 2.88202e-12
      Equation: "PotentialEquation"	RelError: 5.75484e-10	AbsError: 2.88202e-12
Iteration: 6
  Device: "part1_baseline"	RelError: 1.44464e-11	AbsError: 5.17422e+01
    Region: "bulk"	RelError: 1.44464e-11	AbsError: 5.17422e+01
      Equation: "ElectronContinuityEquation"	RelError: 6.55279e-14	AbsError: 5.17331e+01
      Equation: "HoleContinuityEquation"	RelError: 1.43807e-11	AbsError: 9.09289e-03
      Equation: "PotentialEquation"	RelError: 1.18429e-16	AbsError: 5.69085e-18
    Region: "oxide"	RelError: 2.82840e-18	AbsError: 1.42712e-20
      Equation: "PotentialEquation"	RelError: 2.82840e-18	AbsError: 1.42712e-20
number of equations 7095
Iteration: 0
  Device: "part1_baseline"	RelError: 4.55898e+03	AbsError: 5.90979e+16
    Region: "bulk"	RelError: 4.47816e+03	AbsError: 5.90979e+16
      Equation: "ElectronContinuityEquation"	RelError: 8.08765e-01	AbsError: 5.46105e+16
      Equation: "HoleContinuityEquation"	RelError: 4.10077e+03	AbsError: 4.48737e+15
      Equation: "PotentialEquation"	RelError: 3.76581e+02	AbsError: 3.95608e-02
    Region: "oxide"	RelError: 8.08225e+01	AbsError: 4.09542e-02
      Equation: "PotentialEquation"	RelError: 8.08225e+01	AbsError: 4.09542e-02
Iteration: 1
  Device: "part1_baseline"	RelError: 1.17477e+03	AbsError: 2.01472e+15
    Region: "bulk"	RelError: 1.17372e+03	AbsError: 2.01472e+15
      Equation: "ElectronContinuityEquation"	RelError: 9.99000e+02	AbsError: 7.75533e+14
      Equation: "HoleContinuityEquation"	RelError: 9.99235e-01	AbsError: 1.23919e+15
      Equation: "PotentialEquation"	RelError: 1.73716e+02	AbsError: 2.92015e-02
    Region: "oxide"	RelError: 1.05052e+00	AbsError: 3.07632e-02
      Equation: "PotentialEquation"	RelError: 1.05052e+00	AbsError: 3.07632e-02
Iteration: 2
  Device: "part1_baseline"	RelError: 1.19057e+03	AbsError: 4.51561e+14
    Region: "bulk"	RelError: 1.19010e+03	AbsError: 4.51561e+14
      Equation: "ElectronContinuityEquation"	RelError: 9.99404e-01	AbsError: 1.68244e+14
      Equation: "HoleContinuityEquation"	RelError: 9.99000e+02	AbsError: 2.83318e+14
      Equation: "PotentialEquation"	RelError: 1.90103e+02	AbsError: 2.48516e-02
    Region: "oxide"	RelError: 4.70252e-01	AbsError: 2.57961e-02
      Equation: "PotentialEquation"	RelError: 4.70252e-01	AbsError: 2.57961e-02
Iteration: 3
  Device: "part1_baseline"	RelError: 1.49693e+00	AbsError: 2.42714e+13
    Region: "bulk"	RelError: 1.39589e+00	AbsError: 2.42714e+13
      Equation: "ElectronContinuityEquation"	RelError: 3.84046e-01	AbsError: 1.25405e+13
      Equation: "HoleContinuityEquation"	RelError: 9.96611e-01	AbsError: 1.17309e+13
      Equation: "PotentialEquation"	RelError: 1.52284e-02	AbsError: 8.24621e-06
    Region: "oxide"	RelError: 1.01048e-01	AbsError: 9.16533e-03
      Equation: "PotentialEquation"	RelError: 1.01048e-01	AbsError: 9.16533e-03
Iteration: 4
  Device: "part1_baseline"	RelError: 2.94961e-04	AbsError: 3.65951e+08
    Region: "bulk"	RelError: 2.94961e-04	AbsError: 3.65951e+08
      Equation: "ElectronContinuityEquation"	RelError: 7.95731e-05	AbsError: 3.78341e+07
      Equation: "HoleContinuityEquation"	RelError: 2.15296e-04	AbsError: 3.28117e+08
      Equation: "PotentialEquation"	RelError: 9.25594e-08	AbsError: 1.13525e-10
    Region: "oxide"	RelError: 8.00497e-11	AbsError: 4.87900e-12
      Equation: "PotentialEquation"	RelError: 8.00497e-11	AbsError: 4.87900e-12
Iteration: 5
  Device: "part1_baseline"	RelError: 3.66841e-13	AbsError: 1.80187e-01
    Region: "bulk"	RelError: 3.66841e-13	AbsError: 1.80187e-01
      Equation: "ElectronContinuityEquation"	RelError: 2.89055e-13	AbsError: 9.19683e-03
      Equation: "HoleContinuityEquation"	RelError: 7.77822e-14	AbsError: 1.70990e-01
      Equation: "PotentialEquation"	RelError: 3.71779e-18	AbsError: 3.99639e-20
    Region: "oxide"	RelError: 7.42260e-20	AbsError: 4.12991e-21
      Equation: "PotentialEquation"	RelError: 7.42260e-20	AbsError: 4.12991e-21
number of equations 7095
Iteration: 0
  Device: "part1_baseline"	RelError: 1.07607e+03	AbsError: 5.82977e+16
    Region: "bulk"	RelError: 1.07564e+03	AbsError: 5.82977e+16
      Equation: "ElectronContinuityEquation"	RelError: 8.10307e-01	AbsError: 5.44731e+16
      Equation: "HoleContinuityEquation"	RelError: 9.99000e+02	AbsError: 3.82457e+15
      Equation: "PotentialEquation"	RelError: 7.58276e+01	AbsError: 3.96480e-02
    Region: "oxide"	RelError: 4.30839e-01	AbsError: 4.09542e-02
      Equation: "PotentialEquation"	RelError: 4.30839e-01	AbsError: 4.09542e-02
Iteration: 1
  Device: "part1_baseline"	RelError: 1.14341e+02	AbsError: 2.68802e+15
    Region: "bulk"	RelError: 1.14100e+02	AbsError: 2.68802e+15
      Equation: "ElectronContinuityEquation"	RelError: 7.27817e-01	AbsError: 1.84723e+15
      Equation: "HoleContinuityEquation"	RelError: 9.98179e-01	AbsError: 8.40797e+14
      Equation: "PotentialEquation"	RelError: 1.12374e+02	AbsError: 2.92866e-02
    Region: "oxide"	RelError: 2.41301e-01	AbsError: 3.07632e-02
      Equation: "PotentialEquation"	RelError: 2.41301e-01	AbsError: 3.07632e-02
Iteration: 2
  Device: "part1_baseline"	RelError: 1.01320e+03	AbsError: 7.69865e+14
    Region: "bulk"	RelError: 1.01303e+03	AbsError: 7.69865e+14
      Equation: "ElectronContinuityEquation"	RelError: 5.66590e-01	AbsError: 5.82862e+14
      Equation: "HoleContinuityEquation"	RelError: 9.99000e+02	AbsError: 1.87003e+14
      Equation: "PotentialEquation"	RelError: 1.34650e+01	AbsError: 2.50362e-02
    Region: "oxide"	RelError: 1.70333e-01	AbsError: 2.58601e-02
      Equation: "PotentialEquation"	RelError: 1.70333e-01	AbsError: 2.58601e-02
Iteration: 3
  Device: "part1_baseline"	RelError: 1.42799e+00	AbsError: 9.75840e+13
    Region: "bulk"	RelError: 1.38159e+00	AbsError: 9.75840e+13
      Equation: "ElectronContinuityEquation"	RelError: 3.84423e-01	AbsError: 9.54838e+13
      Equation: "HoleContinuityEquation"	RelError: 9.96761e-01	AbsError: 2.10023e+12
      Equation: "PotentialEquation"	RelError: 4.09286e-04	AbsError: 5.63696e-06
    Region: "oxide"	RelError: 4.63923e-02	AbsError: 9.16533e-03
      Equation: "PotentialEquation"	RelError: 4.63923e-02	AbsError: 9.16533e-03
Iteration: 4
  Device: "part1_baseline"	RelError: 8.87061e-04	AbsError: 1.92169e+09
    Region: "bulk"	RelError: 8.87060e-04	AbsError: 1.92169e+09
      Equation: "ElectronContinuityEquation"	RelError: 3.07875e-05	AbsError: 1.91300e+09
      Equation: "HoleContinuityEquation"	RelError: 8.56265e-04	AbsError: 8.68780e+06
      Equation: "PotentialEquation"	RelError: 7.79382e-09	AbsError: 1.12404e-10
    Region: "oxide"	RelError: 3.08770e-10	AbsError: 8.62446e-11
      Equation: "PotentialEquation"	RelError: 3.08770e-10	AbsError: 8.62446e-11
Iteration: 5
  Device: "part1_baseline"	RelError: 5.65549e-12	AbsError: 6.50347e-01
    Region: "bulk"	RelError: 5.65549e-12	AbsError: 6.50347e-01
      Equation: "ElectronContinuityEquation"	RelError: 9.85256e-15	AbsError: 6.50129e-01
      Equation: "HoleContinuityEquation"	RelError: 5.64563e-12	AbsError: 2.17541e-04
      Equation: "PotentialEquation"	RelError: 8.71986e-18	AbsError: 5.66918e-20
    Region: "oxide"	RelError: 1.35682e-19	AbsError: 3.78984e-20
      Equation: "PotentialEquation"	RelError: 1.35682e-19	AbsError: 3.78984e-20
number of equations 7095
Iteration: 0
  Device: "part1_baseline"	RelError: 1.02347e+03	AbsError: 5.67730e+16
    Region: "bulk"	RelError: 1.02326e+03	AbsError: 5.67730e+16
      Equation: "ElectronContinuityEquation"	RelError: 8.10755e-01	AbsError: 5.33856e+16
      Equation: "HoleContinuityEquation"	RelError: 9.99000e+02	AbsError: 3.38747e+15
      Equation: "PotentialEquation"	RelError: 2.34451e+01	AbsError: 3.97141e-02
    Region: "oxide"	RelError: 2.13727e-01	AbsError: 4.09542e-02
      Equation: "PotentialEquation"	RelError: 2.13727e-01	AbsError: 4.09542e-02
Iteration: 1
  Device: "part1_baseline"	RelError: 7.92591e+01	AbsError: 6.57079e+15
    Region: "bulk"	RelError: 7.91228e+01	AbsError: 6.57079e+15
      Equation: "ElectronContinuityEquation"	RelError: 7.27843e-01	AbsError: 5.91305e+15
      Equation: "HoleContinuityEquation"	RelError: 1.27782e+00	AbsError: 6.57746e+14
      Equation: "PotentialEquation"	RelError: 7.71171e+01	AbsError: 2.93464e-02
    Region: "oxide"	RelError: 1.36308e-01	AbsError: 3.07632e-02
      Equation: "PotentialEquation"	RelError: 1.36308e-01	AbsError: 3.07632e-02
Iteration: 2
  Device: "part1_baseline"	RelError: 2.74983e+03	AbsError: 2.94682e+15
    Region: "bulk"	RelError: 2.74973e+03	AbsError: 2.94682e+15
      Equation: "ElectronContinuityEquation"	RelError: 5.67198e-01	AbsError: 2.82135e+15
      Equation: "HoleContinuityEquation"	RelError: 2.73096e+03	AbsError: 1.25471e+14
      Equation: "PotentialEquation"	RelError: 1.82047e+01	AbsError: 2.51661e-02
    Region: "oxide"	RelError: 1.04301e-01	AbsError: 2.58658e-02
      Equation: "PotentialEquation"	RelError: 1.04301e-01	AbsError: 2.58658e-02
Iteration: 3
  Device: "part1_baseline"	RelError: 1.42300e+00	AbsError: 6.78721e+14
    Region: "bulk"	RelError: 1.39283e+00	AbsError: 6.78721e+14
      Equation: "ElectronContinuityEquation"	RelError: 3.76838e-01	AbsError: 6.78131e+14
      Equation: "HoleContinuityEquation"	RelError: 9.98751e-01	AbsError: 5.90402e+11
      Equation: "PotentialEquation"	RelError: 1.72365e-02	AbsError: 4.71858e-05
    Region: "oxide"	RelError: 3.01706e-02	AbsError: 9.16533e-03
      Equation: "PotentialEquation"	RelError: 3.01706e-02	AbsError: 9.16533e-03
Iteration: 4
  Device: "part1_baseline"	RelError: 5.58308e-02	AbsError: 1.24036e+11
    Region: "bulk"	RelError: 5.58308e-02	AbsError: 1.24036e+11
      Equation: "ElectronContinuityEquation"	RelError: 2.22948e-04	AbsError: 1.23966e+11
      Equation: "HoleContinuityEquation"	RelError: 5.56022e-02	AbsError: 7.02615e+07
      Equation: "PotentialEquation"	RelError: 5.65771e-06	AbsError: 7.37311e-09
    Region: "oxide"	RelError: 1.73564e-08	AbsError: 6.03606e-09
      Equation: "PotentialEquation"	RelError: 1.73564e-08	AbsError: 6.03606e-09
Iteration: 5
  Device: "part1_baseline"	RelError: 2.65976e-08	AbsError: 2.53172e+03
    Region: "bulk"	RelError: 2.65976e-08	AbsError: 2.53172e+03
      Equation: "ElectronContinuityEquation"	RelError: 1.82917e-11	AbsError: 2.53062e+03
      Equation: "HoleContinuityEquation"	RelError: 2.65792e-08	AbsError: 1.09338e+00
      Equation: "PotentialEquation"	RelError: 1.50866e-13	AbsError: 3.48247e-16
    Region: "oxide"	RelError: 9.51822e-16	AbsError: 2.65153e-16
      Equation: "PotentialEquation"	RelError: 9.51822e-16	AbsError: 2.65153e-16
number of equations 7095
Iteration: 0
  Device: "part1_baseline"	RelError: 1.04237e+03	AbsError: 5.63258e+16
    Region: "bulk"	RelError: 1.04223e+03	AbsError: 5.63258e+16
      Equation: "ElectronContinuityEquation"	RelError: 8.10156e-01	AbsError: 5.33541e+16
      Equation: "HoleContinuityEquation"	RelError: 9.99000e+02	AbsError: 2.97166e+15
      Equation: "PotentialEquation"	RelError: 4.24158e+01	AbsError: 3.97598e-02
    Region: "oxide"	RelError: 1.42045e-01	AbsError: 4.09542e-02
      Equation: "PotentialEquation"	RelError: 1.42045e-01	AbsError: 4.09542e-02
Iteration: 1
  Device: "part1_baseline"	RelError: 1.03008e+03	AbsError: 2.77215e+16
    Region: "bulk"	RelError: 1.02998e+03	AbsError: 2.77215e+16
      Equation: "ElectronContinuityEquation"	RelError: 7.25876e-01	AbsError: 2.71865e+16
      Equation: "HoleContinuityEquation"	RelError: 9.99000e+02	AbsError: 5.35033e+14
      Equation: "PotentialEquation"	RelError: 3.02566e+01	AbsError: 2.93813e-02
    Region: "oxide"	RelError: 9.48963e-02	AbsError: 3.07632e-02
      Equation: "PotentialEquation"	RelError: 9.48963e-02	AbsError: 3.07632e-02
Iteration: 2
  Device: "part1_baseline"	RelError: 1.00932e+03	AbsError: 1.46522e+16
    Region: "bulk"	RelError: 1.00924e+03	AbsError: 1.46522e+16
      Equation: "ElectronContinuityEquation"	RelError: 5.62697e-01	AbsError: 1.45558e+16
      Equation: "HoleContinuityEquation"	RelError: 9.99000e+02	AbsError: 9.64856e+13
      Equation: "PotentialEquation"	RelError: 9.67919e+00	AbsError: 2.52127e-02
    Region: "oxide"	RelError: 7.49267e-02	AbsError: 2.56911e-02
      Equation: "PotentialEquation"	RelError: 7.49267e-02	AbsError: 2.56911e-02
Iteration: 3
  Device: "part1_baseline"	RelError: 1.96065e+00	AbsError: 4.93885e+15
    Region: "bulk"	RelError: 1.93837e+00	AbsError: 4.93885e+15
      Equation: "ElectronContinuityEquation"	RelError: 3.69033e-01	AbsError: 4.93606e+15
      Equation: "HoleContinuityEquation"	RelError: 9.97227e-01	AbsError: 2.79416e+12
      Equation: "PotentialEquation"	RelError: 5.72115e-01	AbsError: 3.06790e-04
    Region: "oxide"	RelError: 2.22755e-02	AbsError: 9.16533e-03
      Equation: "PotentialEquation"	RelError: 2.22755e-02	AbsError: 9.16533e-03
Iteration: 4
  Device: "part1_baseline"	RelError: 1.36260e-01	AbsError: 4.94334e+12
    Region: "bulk"	RelError: 1.36258e-01	AbsError: 4.94334e+12
      Equation: "ElectronContinuityEquation"	RelError: 1.42034e-03	AbsError: 4.93784e+12
      Equation: "HoleContinuityEquation"	RelError: 1.34688e-01	AbsError: 5.49779e+09
      Equation: "PotentialEquation"	RelError: 1.50294e-04	AbsError: 6.47667e-07
    Region: "oxide"	RelError: 1.33592e-06	AbsError: 5.07619e-07
      Equation: "PotentialEquation"	RelError: 1.33592e-06	AbsError: 5.07619e-07
Iteration: 5
  Device: "part1_baseline"	RelError: 1.62293e-06	AbsError: 2.72258e+07
    Region: "bulk"	RelError: 1.62292e-06	AbsError: 2.72258e+07
      Equation: "ElectronContinuityEquation"	RelError: 4.95856e-09	AbsError: 2.72101e+07
      Equation: "HoleContinuityEquation"	RelError: 1.61507e-06	AbsError: 1.56284e+04
      Equation: "PotentialEquation"	RelError: 2.88974e-09	AbsError: 3.64080e-12
    Region: "oxide"	RelError: 7.39475e-12	AbsError: 2.80984e-12
      Equation: "PotentialEquation"	RelError: 7.39475e-12	AbsError: 2.80984e-12
Iteration: 6
  Device: "part1_baseline"	RelError: 3.39402e-18	AbsError: 9.39983e-04
    Region: "bulk"	RelError: 3.39374e-18	AbsError: 9.39983e-04
      Equation: "ElectronContinuityEquation"	RelError: 6.62879e-20	AbsError: 9.39580e-04
      Equation: "HoleContinuityEquation"	RelError: 3.21004e-18	AbsError: 4.02897e-07
      Equation: "PotentialEquation"	RelError: 1.17411e-19	AbsError: 1.37868e-22
    Region: "oxide"	RelError: 2.78876e-22	AbsError: 1.05967e-22
      Equation: "PotentialEquation"	RelError: 2.78876e-22	AbsError: 1.05967e-22
number of equations 7095
Iteration: 0
  Device: "part1_baseline"	RelError: 1.25476e+03	AbsError: 1.49226e+17
    Region: "bulk"	RelError: 1.25465e+03	AbsError: 1.49226e+17
      Equation: "ElectronContinuityEquation"	RelError: 8.07685e-01	AbsError: 1.46520e+17
      Equation: "HoleContinuityEquation"	RelError: 9.99000e+02	AbsError: 2.70668e+15
      Equation: "PotentialEquation"	RelError: 2.54842e+02	AbsError: 3.97361e-02
    Region: "oxide"	RelError: 1.06079e-01	AbsError: 4.09542e-02
      Equation: "PotentialEquation"	RelError: 1.06079e-01	AbsError: 4.09542e-02
Iteration: 1
  Device: "part1_baseline"	RelError: 6.94674e+03	AbsError: 1.39343e+17
    Region: "bulk"	RelError: 6.94667e+03	AbsError: 1.39343e+17
      Equation: "ElectronContinuityEquation"	RelError: 7.13090e-01	AbsError: 1.38887e+17
      Equation: "HoleContinuityEquation"	RelError: 9.98996e+02	AbsError: 4.56298e+14
      Equation: "PotentialEquation"	RelError: 5.94696e+03	AbsError: 2.91877e-02
    Region: "oxide"	RelError: 7.15553e-02	AbsError: 3.07632e-02
      Equation: "PotentialEquation"	RelError: 7.15553e-02	AbsError: 3.07632e-02
Iteration: 2
  Device: "part1_baseline"	RelError: 1.18320e+04	AbsError: 4.65212e+16
    Region: "bulk"	RelError: 1.18320e+04	AbsError: 4.65212e+16
      Equation: "ElectronContinuityEquation"	RelError: 5.25455e-01	AbsError: 4.64632e+16
      Equation: "HoleContinuityEquation"	RelError: 1.18234e+04	AbsError: 5.80131e+13
      Equation: "PotentialEquation"	RelError: 8.03931e+00	AbsError: 2.44713e-02
    Region: "oxide"	RelError: 5.49177e-02	AbsError: 2.57563e-02
      Equation: "PotentialEquation"	RelError: 5.49177e-02	AbsError: 2.57563e-02
Iteration: 3
  Device: "part1_baseline"	RelError: 1.65422e+00	AbsError: 1.20306e+16
    Region: "bulk"	RelError: 1.63633e+00	AbsError: 1.20306e+16
      Equation: "ElectronContinuityEquation"	RelError: 2.83631e-01	AbsError: 1.20151e+16
      Equation: "HoleContinuityEquation"	RelError: 9.99717e-01	AbsError: 1.55329e+13
      Equation: "PotentialEquation"	RelError: 3.52980e-01	AbsError: 8.59907e-04
    Region: "oxide"	RelError: 1.78920e-02	AbsError: 9.16533e-03
      Equation: "PotentialEquation"	RelError: 1.78920e-02	AbsError: 9.16533e-03
Iteration: 4
  Device: "part1_baseline"	RelError: 3.28782e-02	AbsError: 4.28029e+13
    Region: "bulk"	RelError: 3.28661e-02	AbsError: 4.28029e+13
      Equation: "ElectronContinuityEquation"	RelError: 9.24211e-04	AbsError: 4.27196e+13
      Equation: "HoleContinuityEquation"	RelError: 3.07639e-02	AbsError: 8.33756e+10
      Equation: "PotentialEquation"	RelError: 1.17808e-03	AbsError: 6.31344e-06
    Region: "oxide"	RelError: 1.20518e-05	AbsError: 5.12197e-06
      Equation: "PotentialEquation"	RelError: 1.20518e-05	AbsError: 5.12197e-06
Iteration: 5
  Device: "part1_baseline"	RelError: 5.61821e-07	AbsError: 2.61989e+09
    Region: "bulk"	RelError: 5.61146e-07	AbsError: 2.61989e+09
      Equation: "ElectronContinuityEquation"	RelError: 5.59744e-08	AbsError: 2.61699e+09
      Equation: "HoleContinuityEquation"	RelError: 4.82641e-07	AbsError: 2.90785e+06
      Equation: "PotentialEquation"	RelError: 2.25305e-08	AbsError: 3.50450e-10
    Region: "oxide"	RelError: 6.74952e-10	AbsError: 2.87527e-10
      Equation: "PotentialEquation"	RelError: 6.74952e-10	AbsError: 2.87527e-10
number of equations 7095
Iteration: 0
  Device: "part1_baseline"	RelError: 1.02514e+03	AbsError: 5.54344e+17
    Region: "bulk"	RelError: 1.02505e+03	AbsError: 5.54344e+17
      Equation: "ElectronContinuityEquation"	RelError: 7.81193e-01	AbsError: 5.52195e+17
      Equation: "HoleContinuityEquation"	RelError: 9.99000e+02	AbsError: 2.14841e+15
      Equation: "PotentialEquation"	RelError: 2.52736e+01	AbsError: 3.92236e-02
    Region: "oxide"	RelError: 8.15321e-02	AbsError: 4.09542e-02
      Equation: "PotentialEquation"	RelError: 8.15321e-02	AbsError: 4.09542e-02
Iteration: 1
  Device: "part1_baseline"	RelError: 5.39049e+00	AbsError: 2.56577e+17
    Region: "bulk"	RelError: 5.33781e+00	AbsError: 2.56577e+17
      Equation: "ElectronContinuityEquation"	RelError: 1.01603e+00	AbsError: 2.56143e+17
      Equation: "HoleContinuityEquation"	RelError: 9.98265e-01	AbsError: 4.33890e+14
      Equation: "PotentialEquation"	RelError: 3.32352e+00	AbsError: 2.82595e-02
    Region: "oxide"	RelError: 5.26788e-02	AbsError: 3.07632e-02
      Equation: "PotentialEquation"	RelError: 5.26788e-02	AbsError: 3.07632e-02
Iteration: 2
  Device: "part1_baseline"	RelError: 9.99653e+02	AbsError: 4.82568e+16
    Region: "bulk"	RelError: 9.99611e+02	AbsError: 4.82568e+16
      Equation: "ElectronContinuityEquation"	RelError: 3.31940e-01	AbsError: 4.82198e+16
      Equation: "HoleContinuityEquation"	RelError: 9.99000e+02	AbsError: 3.69988e+13
      Equation: "PotentialEquation"	RelError: 2.79355e-01	AbsError: 2.25580e-02
    Region: "oxide"	RelError: 4.17984e-02	AbsError: 2.52273e-02
      Equation: "PotentialEquation"	RelError: 4.17984e-02	AbsError: 2.52273e-02
Iteration: 3
  Device: "part1_baseline"	RelError: 1.12151e+00	AbsError: 4.24722e+15
    Region: "bulk"	RelError: 1.10654e+00	AbsError: 4.24722e+15
      Equation: "ElectronContinuityEquation"	RelError: 9.71364e-02	AbsError: 4.24663e+15
      Equation: "HoleContinuityEquation"	RelError: 9.96763e-01	AbsError: 5.91623e+11
      Equation: "PotentialEquation"	RelError: 1.26443e-02	AbsError: 1.41266e-04
    Region: "oxide"	RelError: 1.49697e-02	AbsError: 9.16533e-03
      Equation: "PotentialEquation"	RelError: 1.49697e-02	AbsError: 9.16533e-03
Iteration: 4
  Device: "part1_baseline"	RelError: 1.35644e-03	AbsError: 1.65800e+12
    Region: "bulk"	RelError: 1.35624e-03	AbsError: 1.65800e+12
      Equation: "ElectronContinuityEquation"	RelError: 4.21745e-05	AbsError: 1.65772e+12
      Equation: "HoleContinuityEquation"	RelError: 1.30850e-03	AbsError: 2.77456e+08
      Equation: "PotentialEquation"	RelError: 5.56920e-06	AbsError: 1.05721e-07
    Region: "oxide"	RelError: 1.98152e-07	AbsError: 9.55171e-08
      Equation: "PotentialEquation"	RelError: 1.98152e-07	AbsError: 9.55171e-08
Iteration: 5
  Device: "part1_baseline"	RelError: 2.23248e-10	AbsError: 1.30789e+06
    Region: "bulk"	RelError: 2.23113e-10	AbsError: 1.30789e+06
      Equation: "ElectronContinuityEquation"	RelError: 4.87629e-12	AbsError: 1.30774e+06
      Equation: "HoleContinuityEquation"	RelError: 2.15274e-10	AbsError: 1.50469e+02
      Equation: "PotentialEquation"	RelError: 2.96218e-12	AbsError: 7.14802e-14
    Region: "oxide"	RelError: 1.35289e-13	AbsError: 6.52149e-14
      Equation: "PotentialEquation"	RelError: 1.35289e-13	AbsError: 6.52149e-14
number of equations 7095
Iteration: 0
  Device: "part1_baseline"	RelError: 1.03145e+03	AbsError: 1.13267e+18
    Region: "bulk"	RelError: 1.03138e+03	AbsError: 1.13267e+18
      Equation: "ElectronContinuityEquation"	RelError: 1.16901e+00	AbsError: 1.13122e+18
      Equation: "HoleContinuityEquation"	RelError: 9.99000e+02	AbsError: 1.44776e+15
      Equation: "PotentialEquation"	RelError: 3.12144e+01	AbsError: 3.84236e-02
    Region: "oxide"	RelError: 6.31842e-02	AbsError: 4.09542e-02
      Equation: "PotentialEquation"	RelError: 6.31842e-02	AbsError: 4.09542e-02
Iteration: 1
  Device: "part1_baseline"	RelError: 4.29284e+00	AbsError: 2.80669e+17
    Region: "bulk"	RelError: 4.24787e+00	AbsError: 2.80669e+17
      Equation: "ElectronContinuityEquation"	RelError: 1.06000e+00	AbsError: 2.80447e+17
      Equation: "HoleContinuityEquation"	RelError: 9.98518e-01	AbsError: 2.21804e+14
      Equation: "PotentialEquation"	RelError: 2.18935e+00	AbsError: 2.73608e-02
    Region: "oxide"	RelError: 4.49770e-02	AbsError: 3.07632e-02
      Equation: "PotentialEquation"	RelError: 4.49770e-02	AbsError: 3.07632e-02
Iteration: 2
  Device: "part1_baseline"	RelError: 9.99422e+02	AbsError: 2.58277e+16
    Region: "bulk"	RelError: 9.99388e+02	AbsError: 2.58277e+16
      Equation: "ElectronContinuityEquation"	RelError: 3.58874e-01	AbsError: 2.58246e+16
      Equation: "HoleContinuityEquation"	RelError: 9.99000e+02	AbsError: 3.17925e+12
      Equation: "PotentialEquation"	RelError: 2.88454e-02	AbsError: 2.10647e-02
    Region: "oxide"	RelError: 3.38965e-02	AbsError: 2.44043e-02
      Equation: "PotentialEquation"	RelError: 3.38965e-02	AbsError: 2.44043e-02
Iteration: 3
  Device: "part1_baseline"	RelError: 1.05433e+00	AbsError: 2.08799e+15
    Region: "bulk"	RelError: 1.04146e+00	AbsError: 2.08799e+15
      Equation: "ElectronContinuityEquation"	RelError: 4.12766e-02	AbsError: 2.08768e+15
      Equation: "HoleContinuityEquation"	RelError: 9.96704e-01	AbsError: 3.15021e+11
      Equation: "PotentialEquation"	RelError: 3.47883e-03	AbsError: 4.07086e-05
    Region: "oxide"	RelError: 1.28680e-02	AbsError: 9.16533e-03
      Equation: "PotentialEquation"	RelError: 1.28680e-02	AbsError: 9.16533e-03
Iteration: 4
  Device: "part1_baseline"	RelError: 3.03922e-04	AbsError: 2.13556e+11
    Region: "bulk"	RelError: 3.03904e-04	AbsError: 2.13556e+11
      Equation: "ElectronContinuityEquation"	RelError: 1.95600e-06	AbsError: 2.13462e+11
      Equation: "HoleContinuityEquation"	RelError: 3.01311e-04	AbsError: 9.38736e+07
      Equation: "PotentialEquation"	RelError: 6.37005e-07	AbsError: 1.08120e-08
    Region: "oxide"	RelError: 1.78727e-08	AbsError: 9.97806e-09
      Equation: "PotentialEquation"	RelError: 1.78727e-08	AbsError: 9.97806e-09
Iteration: 5
  Device: "part1_baseline"	RelError: 1.01852e-11	AbsError: 1.28676e+04
    Region: "bulk"	RelError: 1.01840e-11	AbsError: 1.28676e+04
      Equation: "ElectronContinuityEquation"	RelError: 1.29665e-13	AbsError: 1.28632e+04
      Equation: "HoleContinuityEquation"	RelError: 1.00222e-11	AbsError: 4.39204e+00
      Equation: "PotentialEquation"	RelError: 3.21579e-14	AbsError: 7.14994e-16
    Region: "oxide"	RelError: 1.17158e-15	AbsError: 6.54078e-16
      Equation: "PotentialEquation"	RelError: 1.17158e-15	AbsError: 6.54078e-16
number of equations 7095
Iteration: 0
  Device: "part1_baseline"	RelError: 1.01259e+03	AbsError: 1.66706e+18
    Region: "bulk"	RelError: 1.01254e+03	AbsError: 1.66706e+18
      Equation: "ElectronContinuityEquation"	RelError: 4.56083e+00	AbsError: 1.66596e+18
      Equation: "HoleContinuityEquation"	RelError: 9.99000e+02	AbsError: 1.09869e+15
      Equation: "PotentialEquation"	RelError: 8.97707e+00	AbsError: 3.77449e-02
    Region: "oxide"	RelError: 5.43727e-02	AbsError: 4.09542e-02
      Equation: "PotentialEquation"	RelError: 5.43727e-02	AbsError: 4.09542e-02
Iteration: 1
  Device: "part1_baseline"	RelError: 1.89955e+00	AbsError: 2.14930e+17
    Region: "bulk"	RelError: 1.86031e+00	AbsError: 2.14930e+17
      Equation: "ElectronContinuityEquation"	RelError: 5.28848e-01	AbsError: 2.14808e+17
      Equation: "HoleContinuityEquation"	RelError: 9.98385e-01	AbsError: 1.21152e+14
      Equation: "PotentialEquation"	RelError: 3.33081e-01	AbsError: 2.66673e-02
    Region: "oxide"	RelError: 3.92400e-02	AbsError: 3.07632e-02
      Equation: "PotentialEquation"	RelError: 3.92400e-02	AbsError: 3.07632e-02
Iteration: 2
  Device: "part1_baseline"	RelError: 1.02173e+01	AbsError: 9.60220e+15
    Region: "bulk"	RelError: 1.01887e+01	AbsError: 9.60220e+15
      Equation: "ElectronContinuityEquation"	RelError: 1.43363e-01	AbsError: 9.60135e+15
      Equation: "HoleContinuityEquation"	RelError: 1.00220e+01	AbsError: 8.51728e+11
      Equation: "PotentialEquation"	RelError: 2.34134e-02	AbsError: 1.98860e-02
    Region: "oxide"	RelError: 2.85961e-02	AbsError: 2.37439e-02
      Equation: "PotentialEquation"	RelError: 2.85961e-02	AbsError: 2.37439e-02
Iteration: 3
  Device: "part1_baseline"	RelError: 7.73243e-01	AbsError: 4.56128e+15
    Region: "bulk"	RelError: 7.61959e-01	AbsError: 4.56128e+15
      Equation: "ElectronContinuityEquation"	RelError: 2.47922e-02	AbsError: 4.56113e+15
      Equation: "HoleContinuityEquation"	RelError: 7.36373e-01	AbsError: 1.43221e+11
      Equation: "PotentialEquation"	RelError: 7.93195e-04	AbsError: 2.61755e-05
    Region: "oxide"	RelError: 1.12837e-02	AbsError: 9.16533e-03
      Equation: "PotentialEquation"	RelError: 1.12837e-02	AbsError: 9.16533e-03
Iteration: 4
  Device: "part1_baseline"	RelError: 3.63220e-04	AbsError: 5.70883e+11
    Region: "bulk"	RelError: 3.63203e-04	AbsError: 5.70883e+11
      Equation: "ElectronContinuityEquation"	RelError: 1.96881e-06	AbsError: 5.70777e+11
      Equation: "HoleContinuityEquation"	RelError: 3.60729e-04	AbsError: 1.05703e+08
      Equation: "PotentialEquation"	RelError: 5.05540e-07	AbsError: 1.58485e-08
    Region: "oxide"	RelError: 1.66105e-08	AbsError: 1.08033e-08
      Equation: "PotentialEquation"	RelError: 1.66105e-08	AbsError: 1.08033e-08
Iteration: 5
  Device: "part1_baseline"	RelError: 1.12490e-11	AbsError: 1.73678e+04
    Region: "bulk"	RelError: 1.12476e-11	AbsError: 1.73678e+04
      Equation: "ElectronContinuityEquation"	RelError: 1.35318e-13	AbsError: 1.73621e+04
      Equation: "HoleContinuityEquation"	RelError: 1.10836e-11	AbsError: 5.68566e+00
      Equation: "PotentialEquation"	RelError: 2.86271e-14	AbsError: 1.20033e-15
    Region: "oxide"	RelError: 1.45468e-15	AbsError: 9.73068e-16
      Equation: "PotentialEquation"	RelError: 1.45468e-15	AbsError: 9.73068e-16
number of equations 7095
Iteration: 0
  Device: "part1_baseline"	RelError: 1.64414e+03	AbsError: 2.06955e+18
    Region: "bulk"	RelError: 1.64409e+03	AbsError: 2.06955e+18
      Equation: "ElectronContinuityEquation"	RelError: 1.64081e+01	AbsError: 2.06859e+18
      Equation: "HoleContinuityEquation"	RelError: 1.58169e+03	AbsError: 9.55628e+14
      Equation: "PotentialEquation"	RelError: 4.59927e+01	AbsError: 3.72698e-02
    Region: "oxide"	RelError: 4.80000e-02	AbsError: 4.09542e-02
      Equation: "PotentialEquation"	RelError: 4.80000e-02	AbsError: 4.09542e-02
Iteration: 1
  Device: "part1_baseline"	RelError: 2.52637e+00	AbsError: 1.55038e+17
    Region: "bulk"	RelError: 2.49079e+00	AbsError: 1.55038e+17
      Equation: "ElectronContinuityEquation"	RelError: 8.56818e-01	AbsError: 1.54960e+17
      Equation: "HoleContinuityEquation"	RelError: 9.98913e-01	AbsError: 7.81763e+13
      Equation: "PotentialEquation"	RelError: 6.35062e-01	AbsError: 2.61051e-02
    Region: "oxide"	RelError: 3.55809e-02	AbsError: 3.07632e-02
      Equation: "PotentialEquation"	RelError: 3.55809e-02	AbsError: 3.07632e-02
Iteration: 2
  Device: "part1_baseline"	RelError: 2.27268e+00	AbsError: 1.04445e+16
    Region: "bulk"	RelError: 2.24796e+00	AbsError: 1.04445e+16
      Equation: "ElectronContinuityEquation"	RelError: 1.12787e-01	AbsError: 1.04435e+16
      Equation: "HoleContinuityEquation"	RelError: 2.11573e+00	AbsError: 9.13340e+11
      Equation: "PotentialEquation"	RelError: 1.94476e-02	AbsError: 1.88918e-02
    Region: "oxide"	RelError: 2.47135e-02	AbsError: 2.31865e-02
      Equation: "PotentialEquation"	RelError: 2.47135e-02	AbsError: 2.31865e-02
Iteration: 3
  Device: "part1_baseline"	RelError: 3.75837e-01	AbsError: 6.38131e+15
    Region: "bulk"	RelError: 3.65791e-01	AbsError: 6.38131e+15
      Equation: "ElectronContinuityEquation"	RelError: 1.72402e-02	AbsError: 6.38118e+15
      Equation: "HoleContinuityEquation"	RelError: 3.47356e-01	AbsError: 1.28797e+11
      Equation: "PotentialEquation"	RelError: 1.19463e-03	AbsError: 3.18446e-05
    Region: "oxide"	RelError: 1.00468e-02	AbsError: 9.16533e-03
      Equation: "PotentialEquation"	RelError: 1.00468e-02	AbsError: 9.16533e-03
Iteration: 4
  Device: "part1_baseline"	RelError: 1.59469e-04	AbsError: 1.00944e+12
    Region: "bulk"	RelError: 1.59446e-04	AbsError: 1.00944e+12
      Equation: "ElectronContinuityEquation"	RelError: 1.87472e-06	AbsError: 1.00931e+12
      Equation: "HoleContinuityEquation"	RelError: 1.54878e-04	AbsError: 1.29222e+08
      Equation: "PotentialEquation"	RelError: 2.69342e-06	AbsError: 1.86343e-08
    Region: "oxide"	RelError: 2.23991e-08	AbsError: 1.62628e-08
      Equation: "PotentialEquation"	RelError: 2.23991e-08	AbsError: 1.62628e-08
Iteration: 5
  Device: "part1_baseline"	RelError: 5.81963e-12	AbsError: 3.88603e+04
    Region: "bulk"	RelError: 5.81795e-12	AbsError: 3.88603e+04
      Equation: "ElectronContinuityEquation"	RelError: 1.72941e-13	AbsError: 3.88525e+04
      Equation: "HoleContinuityEquation"	RelError: 5.47130e-12	AbsError: 7.85706e+00
      Equation: "PotentialEquation"	RelError: 1.73711e-13	AbsError: 1.38603e-15
    Region: "oxide"	RelError: 1.67799e-15	AbsError: 1.21830e-15
      Equation: "PotentialEquation"	RelError: 1.67799e-15	AbsError: 1.21830e-15
number of equations 7095
Iteration: 0
  Device: "part1_baseline"	RelError: 2.29595e+03	AbsError: 2.35398e+18
    Region: "bulk"	RelError: 2.29590e+03	AbsError: 2.35398e+18
      Equation: "ElectronContinuityEquation"	RelError: 3.10846e+01	AbsError: 2.35312e+18
      Equation: "HoleContinuityEquation"	RelError: 2.19087e+03	AbsError: 8.60587e+14
      Equation: "PotentialEquation"	RelError: 7.39473e+01	AbsError: 3.67602e-02
    Region: "oxide"	RelError: 4.29644e-02	AbsError: 4.09542e-02
      Equation: "PotentialEquation"	RelError: 4.29644e-02	AbsError: 4.09542e-02
Iteration: 1
  Device: "part1_baseline"	RelError: 2.60525e+00	AbsError: 1.23678e+17
    Region: "bulk"	RelError: 2.57215e+00	AbsError: 1.23678e+17
      Equation: "ElectronContinuityEquation"	RelError: 9.24878e-01	AbsError: 1.23621e+17
      Equation: "HoleContinuityEquation"	RelError: 9.98780e-01	AbsError: 5.71443e+13
      Equation: "PotentialEquation"	RelError: 6.48491e-01	AbsError: 2.55313e-02
    Region: "oxide"	RelError: 3.30975e-02	AbsError: 3.07632e-02
      Equation: "PotentialEquation"	RelError: 3.30975e-02	AbsError: 3.07632e-02
Iteration: 2
  Device: "part1_baseline"	RelError: 1.29246e+00	AbsError: 1.80968e+16
    Region: "bulk"	RelError: 1.27075e+00	AbsError: 1.80968e+16
      Equation: "ElectronContinuityEquation"	RelError: 1.27297e-01	AbsError: 1.80962e+16
      Equation: "HoleContinuityEquation"	RelError: 1.12672e+00	AbsError: 6.29264e+11
      Equation: "PotentialEquation"	RelError: 1.67336e-02	AbsError: 1.77734e-02
    Region: "oxide"	RelError: 2.17155e-02	AbsError: 2.25536e-02
      Equation: "PotentialEquation"	RelError: 2.17155e-02	AbsError: 2.25536e-02
Iteration: 3
  Device: "part1_baseline"	RelError: 7.25665e-02	AbsError: 8.20673e+15
    Region: "bulk"	RelError: 6.35122e-02	AbsError: 8.20673e+15
      Equation: "ElectronContinuityEquation"	RelError: 1.27689e-02	AbsError: 8.20657e+15
      Equation: "HoleContinuityEquation"	RelError: 4.25230e-02	AbsError: 1.53945e+11
      Equation: "PotentialEquation"	RelError: 8.22022e-03	AbsError: 4.24723e-05
    Region: "oxide"	RelError: 9.05433e-03	AbsError: 9.16533e-03
      Equation: "PotentialEquation"	RelError: 9.05433e-03	AbsError: 9.16533e-03
Iteration: 4
  Device: "part1_baseline"	RelError: 3.14926e-05	AbsError: 1.56142e+12
    Region: "bulk"	RelError: 3.14631e-05	AbsError: 1.56142e+12
      Equation: "ElectronContinuityEquation"	RelError: 1.95074e-06	AbsError: 1.56125e+12
      Equation: "HoleContinuityEquation"	RelError: 2.62722e-05	AbsError: 1.65227e+08
      Equation: "PotentialEquation"	RelError: 3.24022e-06	AbsError: 2.47370e-08
    Region: "oxide"	RelError: 2.94428e-08	AbsError: 2.38115e-08
      Equation: "PotentialEquation"	RelError: 2.94428e-08	AbsError: 2.38115e-08
Iteration: 5
  Device: "part1_baseline"	RelError: 2.25609e-12	AbsError: 8.53505e+04
    Region: "bulk"	RelError: 2.25303e-12	AbsError: 8.53505e+04
      Equation: "ElectronContinuityEquation"	RelError: 2.44448e-13	AbsError: 8.53362e+04
      Equation: "HoleContinuityEquation"	RelError: 1.67112e-12	AbsError: 1.42145e+01
      Equation: "PotentialEquation"	RelError: 3.37465e-13	AbsError: 2.51207e-15
    Region: "oxide"	RelError: 3.05413e-15	AbsError: 2.46999e-15
      Equation: "PotentialEquation"	RelError: 3.05413e-15	AbsError: 2.46999e-15
number of equations 7095
Iteration: 0
  Device: "part1_baseline"	RelError: 3.01099e+03	AbsError: 2.55452e+18
    Region: "bulk"	RelError: 3.01095e+03	AbsError: 2.55452e+18
      Equation: "ElectronContinuityEquation"	RelError: 9.99000e+02	AbsError: 2.55373e+18
      Equation: "HoleContinuityEquation"	RelError: 1.99418e+03	AbsError: 7.93045e+14
      Equation: "PotentialEquation"	RelError: 1.77711e+01	AbsError: 3.61636e-02
    Region: "oxide"	RelError: 3.91935e-02	AbsError: 4.09542e-02
      Equation: "PotentialEquation"	RelError: 3.91935e-02	AbsError: 4.09542e-02
Iteration: 1
  Device: "part1_baseline"	RelError: 2.42315e+00	AbsError: 1.05377e+17
    Region: "bulk"	RelError: 2.39279e+00	AbsError: 1.05377e+17
      Equation: "ElectronContinuityEquation"	RelError: 9.97561e-01	AbsError: 1.05332e+17
      Equation: "HoleContinuityEquation"	RelError: 9.98654e-01	AbsError: 4.49659e+13
      Equation: "PotentialEquation"	RelError: 3.96575e-01	AbsError: 2.58330e-02
    Region: "oxide"	RelError: 3.03559e-02	AbsError: 3.07632e-02
      Equation: "PotentialEquation"	RelError: 3.03559e-02	AbsError: 3.07632e-02
Iteration: 2
  Device: "part1_baseline"	RelError: 1.08559e+00	AbsError: 2.57578e+16
    Region: "bulk"	RelError: 1.06620e+00	AbsError: 2.57578e+16
      Equation: "ElectronContinuityEquation"	RelError: 1.44549e-01	AbsError: 2.57574e+16
      Equation: "HoleContinuityEquation"	RelError: 9.07149e-01	AbsError: 3.57470e+11
      Equation: "PotentialEquation"	RelError: 1.45043e-02	AbsError: 1.68219e-02
    Region: "oxide"	RelError: 1.93845e-02	AbsError: 2.19957e-02
      Equation: "PotentialEquation"	RelError: 1.93845e-02	AbsError: 2.19957e-02
Iteration: 3
  Device: "part1_baseline"	RelError: 4.90530e-02	AbsError: 9.96739e+15
    Region: "bulk"	RelError: 4.08127e-02	AbsError: 9.96739e+15
      Equation: "ElectronContinuityEquation"	RelError: 9.70836e-03	AbsError: 9.96720e+15
      Equation: "HoleContinuityEquation"	RelError: 2.40584e-02	AbsError: 1.92661e+11
      Equation: "PotentialEquation"	RelError: 7.04598e-03	AbsError: 5.21751e-05
    Region: "oxide"	RelError: 8.24028e-03	AbsError: 9.16533e-03
      Equation: "PotentialEquation"	RelError: 8.24028e-03	AbsError: 9.16533e-03
Iteration: 4
  Device: "part1_baseline"	RelError: 2.55857e-05	AbsError: 2.26571e+12
    Region: "bulk"	RelError: 2.55480e-05	AbsError: 2.26571e+12
      Equation: "ElectronContinuityEquation"	RelError: 2.06022e-06	AbsError: 2.26549e+12
      Equation: "HoleContinuityEquation"	RelError: 1.66831e-05	AbsError: 2.15147e+08
      Equation: "PotentialEquation"	RelError: 6.80471e-06	AbsError: 3.51591e-08
    Region: "oxide"	RelError: 3.76994e-08	AbsError: 3.39564e-08
      Equation: "PotentialEquation"	RelError: 3.76994e-08	AbsError: 3.39564e-08
Iteration: 5
  Device: "part1_baseline"	RelError: 2.74678e-12	AbsError: 1.75727e+05
    Region: "bulk"	RelError: 2.74124e-12	AbsError: 1.75727e+05
      Equation: "ElectronContinuityEquation"	RelError: 3.35364e-13	AbsError: 1.75701e+05
      Equation: "HoleContinuityEquation"	RelError: 1.52947e-12	AbsError: 2.60951e+01
      Equation: "PotentialEquation"	RelError: 8.76412e-13	AbsError: 5.05843e-15
    Region: "oxide"	RelError: 5.53989e-15	AbsError: 4.98986e-15
      Equation: "PotentialEquation"	RelError: 5.53989e-15	AbsError: 4.98986e-15
number of equations 7095
Iteration: 0
  Device: "part1_baseline"	RelError: 1.16045e+03	AbsError: 2.69852e+18
    Region: "bulk"	RelError: 1.16042e+03	AbsError: 2.69852e+18
      Equation: "ElectronContinuityEquation"	RelError: 1.57391e+02	AbsError: 2.69777e+18
      Equation: "HoleContinuityEquation"	RelError: 9.99000e+02	AbsError: 7.49308e+14
      Equation: "PotentialEquation"	RelError: 4.02601e+00	AbsError: 3.57432e-02
    Region: "oxide"	RelError: 3.55511e-02	AbsError: 4.09542e-02
      Equation: "PotentialEquation"	RelError: 3.55511e-02	AbsError: 4.09542e-02
Iteration: 1
  Device: "part1_baseline"	RelError: 2.05881e+00	AbsError: 8.74649e+16
    Region: "bulk"	RelError: 2.02999e+00	AbsError: 8.74649e+16
      Equation: "ElectronContinuityEquation"	RelError: 9.85116e-01	AbsError: 8.74272e+16
      Equation: "HoleContinuityEquation"	RelError: 9.98173e-01	AbsError: 3.77827e+13
      Equation: "PotentialEquation"	RelError: 4.67015e-02	AbsError: 2.56845e-02
    Region: "oxide"	RelError: 2.88199e-02	AbsError: 3.07632e-02
      Equation: "PotentialEquation"	RelError: 2.88199e-02	AbsError: 3.07632e-02
Iteration: 2
  Device: "part1_baseline"	RelError: 9.96058e-01	AbsError: 2.63960e+16
    Region: "bulk"	RelError: 9.78699e-01	AbsError: 2.63960e+16
      Equation: "ElectronContinuityEquation"	RelError: 1.58137e-01	AbsError: 2.63958e+16
      Equation: "HoleContinuityEquation"	RelError: 8.08050e-01	AbsError: 2.18368e+11
      Equation: "PotentialEquation"	RelError: 1.25118e-02	AbsError: 1.61241e-02
    Region: "oxide"	RelError: 1.73591e-02	AbsError: 2.15915e-02
      Equation: "PotentialEquation"	RelError: 1.73591e-02	AbsError: 2.15915e-02
Iteration: 3
  Device: "part1_baseline"	RelError: 3.68354e-02	AbsError: 1.12276e+16
    Region: "bulk"	RelError: 2.92749e-02	AbsError: 1.12276e+16
      Equation: "ElectronContinuityEquation"	RelError: 7.41026e-03	AbsError: 1.12274e+16
      Equation: "HoleContinuityEquation"	RelError: 2.05427e-02	AbsError: 2.20773e+11
      Equation: "PotentialEquation"	RelError: 1.32195e-03	AbsError: 6.02733e-05
    Region: "oxide"	RelError: 7.56053e-03	AbsError: 9.16533e-03
      Equation: "PotentialEquation"	RelError: 7.56053e-03	AbsError: 9.16533e-03
Iteration: 4
  Device: "part1_baseline"	RelError: 1.68397e-05	AbsError: 3.08135e+12
    Region: "bulk"	RelError: 1.67944e-05	AbsError: 3.08135e+12
      Equation: "ElectronContinuityEquation"	RelError: 1.37967e-06	AbsError: 3.08110e+12
      Equation: "HoleContinuityEquation"	RelError: 1.39232e-05	AbsError: 2.47548e+08
      Equation: "PotentialEquation"	RelError: 1.49155e-06	AbsError: 4.54791e-08
    Region: "oxide"	RelError: 4.52831e-08	AbsError: 4.54791e-08
      Equation: "PotentialEquation"	RelError: 4.52831e-08	AbsError: 4.54791e-08
Iteration: 5
  Device: "part1_baseline"	RelError: 1.93522e-12	AbsError: 3.86171e+05
    Region: "bulk"	RelError: 1.92468e-12	AbsError: 3.86171e+05
      Equation: "ElectronContinuityEquation"	RelError: 2.45080e-13	AbsError: 3.86126e+05
      Equation: "HoleContinuityEquation"	RelError: 1.39134e-12	AbsError: 4.54670e+01
      Equation: "PotentialEquation"	RelError: 2.88255e-13	AbsError: 1.06862e-14
    Region: "oxide"	RelError: 1.05421e-14	AbsError: 1.05877e-14
      Equation: "PotentialEquation"	RelError: 1.05421e-14	AbsError: 1.05877e-14
number of equations 7095
Iteration: 0
  Device: "part1_baseline"	RelError: 1.06203e+03	AbsError: 2.80425e+18
    Region: "bulk"	RelError: 1.06200e+03	AbsError: 2.80425e+18
      Equation: "ElectronContinuityEquation"	RelError: 5.43981e+01	AbsError: 2.80354e+18
      Equation: "HoleContinuityEquation"	RelError: 9.99000e+02	AbsError: 7.07570e+14
      Equation: "PotentialEquation"	RelError: 8.59850e+00	AbsError: 3.53415e-02
    Region: "oxide"	RelError: 3.54359e-02	AbsError: 4.09542e-02
      Equation: "PotentialEquation"	RelError: 3.54359e-02	AbsError: 4.09542e-02
Iteration: 1
  Device: "part1_baseline"	RelError: 2.02833e+00	AbsError: 8.46774e+16
    Region: "bulk"	RelError: 2.00143e+00	AbsError: 8.46774e+16
      Equation: "ElectronContinuityEquation"	RelError: 9.57879e-01	AbsError: 8.46444e+16
      Equation: "HoleContinuityEquation"	RelError: 9.98173e-01	AbsError: 3.29549e+13
      Equation: "PotentialEquation"	RelError: 4.53756e-02	AbsError: 2.54849e-02
    Region: "oxide"	RelError: 2.69027e-02	AbsError: 3.07632e-02
      Equation: "PotentialEquation"	RelError: 2.69027e-02	AbsError: 3.07632e-02
Iteration: 2
  Device: "part1_baseline"	RelError: 8.83096e-01	AbsError: 3.55910e+16
    Region: "bulk"	RelError: 8.67490e-01	AbsError: 3.55910e+16
      Equation: "ElectronContinuityEquation"	RelError: 1.69609e-01	AbsError: 3.55908e+16
      Equation: "HoleContinuityEquation"	RelError: 6.86943e-01	AbsError: 1.76390e+11
      Equation: "PotentialEquation"	RelError: 1.09375e-02	AbsError: 1.53304e-02
    Region: "oxide"	RelError: 1.56063e-02	AbsError: 2.11278e-02
      Equation: "PotentialEquation"	RelError: 1.56063e-02	AbsError: 2.11278e-02
Iteration: 3
  Device: "part1_baseline"	RelError: 3.18936e-02	AbsError: 1.29098e+16
    Region: "bulk"	RelError: 2.49092e-02	AbsError: 1.29098e+16
      Equation: "ElectronContinuityEquation"	RelError: 5.80395e-03	AbsError: 1.29096e+16
      Equation: "HoleContinuityEquation"	RelError: 1.63425e-02	AbsError: 1.74944e+11
      Equation: "PotentialEquation"	RelError: 2.76281e-03	AbsError: 6.22249e-05
    Region: "oxide"	RelError: 6.98439e-03	AbsError: 9.16533e-03
      Equation: "PotentialEquation"	RelError: 6.98439e-03	AbsError: 9.16533e-03
Iteration: 4
  Device: "part1_baseline"	RelError: 1.68602e-05	AbsError: 3.17630e+12
    Region: "bulk"	RelError: 1.68175e-05	AbsError: 3.17630e+12
      Equation: "ElectronContinuityEquation"	RelError: 1.85709e-06	AbsError: 3.17601e+12
      Equation: "HoleContinuityEquation"	RelError: 1.24103e-05	AbsError: 2.82185e+08
      Equation: "PotentialEquation"	RelError: 2.55013e-06	AbsError: 4.79279e-08
    Region: "oxide"	RelError: 4.26986e-08	AbsError: 4.53259e-08
      Equation: "PotentialEquation"	RelError: 4.26986e-08	AbsError: 4.53259e-08
Iteration: 5
  Device: "part1_baseline"	RelError: 2.37114e-12	AbsError: 2.91392e+05
    Region: "bulk"	RelError: 2.36355e-12	AbsError: 2.91392e+05
      Equation: "ElectronContinuityEquation"	RelError: 3.87046e-13	AbsError: 2.91351e+05
      Equation: "HoleContinuityEquation"	RelError: 1.60278e-12	AbsError: 4.01147e+01
      Equation: "PotentialEquation"	RelError: 3.73719e-13	AbsError: 8.13628e-15
    Region: "oxide"	RelError: 7.59023e-15	AbsError: 8.05727e-15
      Equation: "PotentialEquation"	RelError: 7.59023e-15	AbsError: 8.05727e-15
number of equations 7095
Iteration: 0
  Device: "part1_baseline"	RelError: 1.07681e+03	AbsError: 2.88351e+18
    Region: "bulk"	RelError: 1.07678e+03	AbsError: 2.88351e+18
      Equation: "ElectronContinuityEquation"	RelError: 7.08718e+01	AbsError: 2.88284e+18
      Equation: "HoleContinuityEquation"	RelError: 9.99000e+02	AbsError: 6.65734e+14
      Equation: "PotentialEquation"	RelError: 6.90483e+00	AbsError: 3.48691e-02
    Region: "oxide"	RelError: 3.31053e-02	AbsError: 4.09542e-02
      Equation: "PotentialEquation"	RelError: 3.31053e-02	AbsError: 4.09542e-02
Iteration: 1
  Device: "part1_baseline"	RelError: 2.02900e+00	AbsError: 7.53659e+16
    Region: "bulk"	RelError: 2.00372e+00	AbsError: 7.53659e+16
      Equation: "ElectronContinuityEquation"	RelError: 9.66892e-01	AbsError: 7.53362e+16
      Equation: "HoleContinuityEquation"	RelError: 9.98128e-01	AbsError: 2.96831e+13
      Equation: "PotentialEquation"	RelError: 3.87030e-02	AbsError: 2.56198e-02
    Region: "oxide"	RelError: 2.52713e-02	AbsError: 3.07632e-02
      Equation: "PotentialEquation"	RelError: 2.52713e-02	AbsError: 3.07632e-02
Iteration: 2
  Device: "part1_baseline"	RelError: 7.89917e-01	AbsError: 3.59492e+16
    Region: "bulk"	RelError: 7.75664e-01	AbsError: 3.59492e+16
      Equation: "ElectronContinuityEquation"	RelError: 1.57630e-01	AbsError: 3.59489e+16
      Equation: "HoleContinuityEquation"	RelError: 6.08246e-01	AbsError: 3.14355e+11
      Equation: "PotentialEquation"	RelError: 9.78823e-03	AbsError: 1.44302e-02
    Region: "oxide"	RelError: 1.42530e-02	AbsError: 2.05964e-02
      Equation: "PotentialEquation"	RelError: 1.42530e-02	AbsError: 2.05964e-02
Iteration: 3
  Device: "part1_baseline"	RelError: 3.05269e-02	AbsError: 1.34182e+16
    Region: "bulk"	RelError: 2.40371e-02	AbsError: 1.34182e+16
      Equation: "ElectronContinuityEquation"	RelError: 7.29845e-03	AbsError: 1.34180e+16
      Equation: "HoleContinuityEquation"	RelError: 1.47455e-02	AbsError: 1.79200e+11
      Equation: "PotentialEquation"	RelError: 1.99317e-03	AbsError: 6.71570e-05
    Region: "oxide"	RelError: 6.48983e-03	AbsError: 9.16533e-03
      Equation: "PotentialEquation"	RelError: 6.48983e-03	AbsError: 9.16533e-03
Iteration: 4
  Device: "part1_baseline"	RelError: 1.44097e-05	AbsError: 3.97082e+12
    Region: "bulk"	RelError: 1.43621e-05	AbsError: 3.97082e+12
      Equation: "ElectronContinuityEquation"	RelError: 1.48027e-06	AbsError: 3.97052e+12
      Equation: "HoleContinuityEquation"	RelError: 1.00686e-05	AbsError: 2.93725e+08
      Equation: "PotentialEquation"	RelError: 2.81331e-06	AbsError: 5.62282e-08
    Region: "oxide"	RelError: 4.75308e-08	AbsError: 5.61635e-08
      Equation: "PotentialEquation"	RelError: 4.75308e-08	AbsError: 5.61635e-08
Iteration: 5
  Device: "part1_baseline"	RelError: 2.08674e-12	AbsError: 5.62137e+05
    Region: "bulk"	RelError: 2.07390e-12	AbsError: 5.62137e+05
      Equation: "ElectronContinuityEquation"	RelError: 3.03416e-13	AbsError: 5.62074e+05
      Equation: "HoleContinuityEquation"	RelError: 1.14223e-12	AbsError: 6.25357e+01
      Equation: "PotentialEquation"	RelError: 6.28253e-13	AbsError: 1.52733e-14
    Region: "oxide"	RelError: 1.28473e-14	AbsError: 1.51807e-14
      Equation: "PotentialEquation"	RelError: 1.28473e-14	AbsError: 1.51807e-14
number of equations 7095
Iteration: 0
  Device: "part1_baseline"	RelError: 1.04610e+03	AbsError: 2.94403e+18
    Region: "bulk"	RelError: 1.04607e+03	AbsError: 2.94403e+18
      Equation: "ElectronContinuityEquation"	RelError: 4.36355e+01	AbsError: 2.94338e+18
      Equation: "HoleContinuityEquation"	RelError: 9.99000e+02	AbsError: 6.47076e+14
      Equation: "PotentialEquation"	RelError: 3.43424e+00	AbsError: 3.43131e-02
    Region: "oxide"	RelError: 3.12117e-02	AbsError: 4.09542e-02
      Equation: "PotentialEquation"	RelError: 3.12117e-02	AbsError: 4.09542e-02
Iteration: 1
  Device: "part1_baseline"	RelError: 1.99067e+00	AbsError: 6.84618e+16
    Region: "bulk"	RelError: 1.96682e+00	AbsError: 6.84618e+16
      Equation: "ElectronContinuityEquation"	RelError: 9.47960e-01	AbsError: 6.84348e+16
      Equation: "HoleContinuityEquation"	RelError: 9.98167e-01	AbsError: 2.70119e+13
      Equation: "PotentialEquation"	RelError: 2.06877e-02	AbsError: 2.53316e-02
    Region: "oxide"	RelError: 2.38572e-02	AbsError: 3.07632e-02
      Equation: "PotentialEquation"	RelError: 2.38572e-02	AbsError: 3.07632e-02
Iteration: 2
  Device: "part1_baseline"	RelError: 7.55398e-01	AbsError: 3.61827e+16
    Region: "bulk"	RelError: 7.42325e-01	AbsError: 3.61827e+16
      Equation: "ElectronContinuityEquation"	RelError: 1.65519e-01	AbsError: 3.61822e+16
      Equation: "HoleContinuityEquation"	RelError: 5.68116e-01	AbsError: 4.26231e+11
      Equation: "PotentialEquation"	RelError: 8.69015e-03	AbsError: 1.34226e-02
    Region: "oxide"	RelError: 1.30725e-02	AbsError: 1.99933e-02
      Equation: "PotentialEquation"	RelError: 1.30725e-02	AbsError: 1.99933e-02
Iteration: 3
  Device: "part1_baseline"	RelError: 2.48562e-02	AbsError: 1.51130e+16
    Region: "bulk"	RelError: 1.87955e-02	AbsError: 1.51130e+16
      Equation: "ElectronContinuityEquation"	RelError: 5.27229e-03	AbsError: 1.51128e+16
      Equation: "HoleContinuityEquation"	RelError: 1.28152e-02	AbsError: 1.54785e+11
      Equation: "PotentialEquation"	RelError: 7.08009e-04	AbsError: 7.03916e-05
    Region: "oxide"	RelError: 6.06068e-03	AbsError: 9.16533e-03
      Equation: "PotentialEquation"	RelError: 6.06068e-03	AbsError: 9.16533e-03
Iteration: 4
  Device: "part1_baseline"	RelError: 1.32410e-05	AbsError: 3.94726e+12
    Region: "bulk"	RelError: 1.31982e-05	AbsError: 3.94726e+12
      Equation: "ElectronContinuityEquation"	RelError: 1.49896e-06	AbsError: 3.94695e+12
      Equation: "HoleContinuityEquation"	RelError: 9.63336e-06	AbsError: 3.05981e+08
      Equation: "PotentialEquation"	RelError: 2.06592e-06	AbsError: 5.67207e-08
    Region: "oxide"	RelError: 4.27379e-08	AbsError: 5.29457e-08
      Equation: "PotentialEquation"	RelError: 4.27379e-08	AbsError: 5.29457e-08
Iteration: 5
  Device: "part1_baseline"	RelError: 2.12351e-12	AbsError: 3.95006e+05
    Region: "bulk"	RelError: 2.11479e-12	AbsError: 3.95006e+05
      Equation: "ElectronContinuityEquation"	RelError: 3.07949e-13	AbsError: 3.94956e+05
      Equation: "HoleContinuityEquation"	RelError: 1.48541e-12	AbsError: 4.98961e+01
      Equation: "PotentialEquation"	RelError: 3.21429e-13	AbsError: 1.08892e-14
    Region: "oxide"	RelError: 8.71936e-15	AbsError: 1.08019e-14
      Equation: "PotentialEquation"	RelError: 8.71936e-15	AbsError: 1.08019e-14
number of equations 7095
Iteration: 0
  Device: "part1_baseline"	RelError: 1.02300e+03	AbsError: 2.99093e+18
    Region: "bulk"	RelError: 1.02297e+03	AbsError: 2.99093e+18
      Equation: "ElectronContinuityEquation"	RelError: 2.00778e+01	AbsError: 2.99030e+18
      Equation: "HoleContinuityEquation"	RelError: 9.99000e+02	AbsError: 6.35127e+14
      Equation: "PotentialEquation"	RelError: 3.88864e+00	AbsError: 3.36651e-02
    Region: "oxide"	RelError: 3.15294e-02	AbsError: 4.09542e-02
      Equation: "PotentialEquation"	RelError: 3.15294e-02	AbsError: 4.09542e-02
Iteration: 1
  Device: "part1_baseline"	RelError: 1.93179e+00	AbsError: 6.63050e+16
    Region: "bulk"	RelError: 1.90918e+00	AbsError: 6.63050e+16
      Equation: "ElectronContinuityEquation"	RelError: 8.91279e-01	AbsError: 6.62790e+16
      Equation: "HoleContinuityEquation"	RelError: 9.98140e-01	AbsError: 2.59711e+13
      Equation: "PotentialEquation"	RelError: 1.97619e-02	AbsError: 2.57605e-02
    Region: "oxide"	RelError: 2.26131e-02	AbsError: 3.07632e-02
      Equation: "PotentialEquation"	RelError: 2.26131e-02	AbsError: 3.07632e-02
Iteration: 2
  Device: "part1_baseline"	RelError: 6.73303e-01	AbsError: 1.37054e+16
    Region: "bulk"	RelError: 6.61316e-01	AbsError: 1.37054e+16
      Equation: "ElectronContinuityEquation"	RelError: 1.56598e-01	AbsError: 1.37052e+16
      Equation: "HoleContinuityEquation"	RelError: 4.97070e-01	AbsError: 1.85350e+11
      Equation: "PotentialEquation"	RelError: 7.64863e-03	AbsError: 1.23325e-02
    Region: "oxide"	RelError: 1.19871e-02	AbsError: 1.93287e-02
      Equation: "PotentialEquation"	RelError: 1.19871e-02	AbsError: 1.93287e-02
Iteration: 3
  Device: "part1_baseline"	RelError: 2.32164e-02	AbsError: 1.40231e+16
    Region: "bulk"	RelError: 1.75316e-02	AbsError: 1.40231e+16
      Equation: "ElectronContinuityEquation"	RelError: 4.73880e-03	AbsError: 1.40230e+16
      Equation: "HoleContinuityEquation"	RelError: 1.17928e-02	AbsError: 1.42265e+11
      Equation: "PotentialEquation"	RelError: 9.99951e-04	AbsError: 7.17483e-05
    Region: "oxide"	RelError: 5.68477e-03	AbsError: 9.16533e-03
      Equation: "PotentialEquation"	RelError: 5.68477e-03	AbsError: 9.16533e-03
Iteration: 4
  Device: "part1_baseline"	RelError: 1.02373e-05	AbsError: 4.07601e+12
    Region: "bulk"	RelError: 1.02018e-05	AbsError: 4.07601e+12
      Equation: "ElectronContinuityEquation"	RelError: 1.63150e-06	AbsError: 4.07578e+12
      Equation: "HoleContinuityEquation"	RelError: 7.44728e-06	AbsError: 2.35988e+08
      Equation: "PotentialEquation"	RelError: 1.12301e-06	AbsError: 4.97397e-08
    Region: "oxide"	RelError: 3.55281e-08	AbsError: 4.90044e-08
      Equation: "PotentialEquation"	RelError: 3.55281e-08	AbsError: 4.90044e-08
Iteration: 5
  Device: "part1_baseline"	RelError: 1.46550e-12	AbsError: 4.25021e+05
    Region: "bulk"	RelError: 1.45813e-12	AbsError: 4.25021e+05
      Equation: "ElectronContinuityEquation"	RelError: 2.32713e-13	AbsError: 4.24984e+05
      Equation: "HoleContinuityEquation"	RelError: 1.04016e-12	AbsError: 3.71812e+01
      Equation: "PotentialEquation"	RelError: 1.85261e-13	AbsError: 1.01567e-14
    Region: "oxide"	RelError: 7.36356e-15	AbsError: 1.01567e-14
      Equation: "PotentialEquation"	RelError: 7.36356e-15	AbsError: 1.01567e-14
number of equations 7095
Iteration: 0
  Device: "part1_baseline"	RelError: 1.02456e+03	AbsError: 3.02775e+18
    Region: "bulk"	RelError: 1.02453e+03	AbsError: 3.02775e+18
      Equation: "ElectronContinuityEquation"	RelError: 2.04454e+01	AbsError: 3.02713e+18
      Equation: "HoleContinuityEquation"	RelError: 9.98996e+02	AbsError: 6.19808e+14
      Equation: "PotentialEquation"	RelError: 5.08919e+00	AbsError: 3.29335e-02
    Region: "oxide"	RelError: 3.00083e-02	AbsError: 4.09542e-02
      Equation: "PotentialEquation"	RelError: 3.00083e-02	AbsError: 4.09542e-02
Iteration: 1
  Device: "part1_baseline"	RelError: 1.93335e+00	AbsError: 7.24905e+16
    Region: "bulk"	RelError: 1.91147e+00	AbsError: 7.24905e+16
      Equation: "ElectronContinuityEquation"	RelError: 8.93732e-01	AbsError: 7.24659e+16
      Equation: "HoleContinuityEquation"	RelError: 9.98094e-01	AbsError: 2.45860e+13
      Equation: "PotentialEquation"	RelError: 1.96437e-02	AbsError: 2.54006e-02
    Region: "oxide"	RelError: 2.18806e-02	AbsError: 3.07632e-02
      Equation: "PotentialEquation"	RelError: 2.18806e-02	AbsError: 3.07632e-02
Iteration: 2
  Device: "part1_baseline"	RelError: 6.15354e-01	AbsError: 4.83226e+16
    Region: "bulk"	RelError: 6.04129e-01	AbsError: 4.83226e+16
      Equation: "ElectronContinuityEquation"	RelError: 1.57285e-01	AbsError: 4.83221e+16
      Equation: "HoleContinuityEquation"	RelError: 4.40156e-01	AbsError: 4.25105e+11
      Equation: "PotentialEquation"	RelError: 6.68911e-03	AbsError: 1.12208e-02
    Region: "oxide"	RelError: 1.12250e-02	AbsError: 1.91172e-02
      Equation: "PotentialEquation"	RelError: 1.12250e-02	AbsError: 1.91172e-02
Iteration: 3
  Device: "part1_baseline"	RelError: 2.05178e-02	AbsError: 1.56643e+16
    Region: "bulk"	RelError: 1.51650e-02	AbsError: 1.56643e+16
      Equation: "ElectronContinuityEquation"	RelError: 4.03892e-03	AbsError: 1.56641e+16
      Equation: "HoleContinuityEquation"	RelError: 1.05913e-02	AbsError: 1.25849e+11
      Equation: "PotentialEquation"	RelError: 5.34776e-04	AbsError: 7.26829e-05
    Region: "oxide"	RelError: 5.35277e-03	AbsError: 9.16533e-03
      Equation: "PotentialEquation"	RelError: 5.35277e-03	AbsError: 9.16533e-03
Iteration: 4
  Device: "part1_baseline"	RelError: 1.21793e-05	AbsError: 4.26049e+12
    Region: "bulk"	RelError: 1.21420e-05	AbsError: 4.26049e+12
      Equation: "ElectronContinuityEquation"	RelError: 1.56336e-06	AbsError: 4.26022e+12
      Equation: "HoleContinuityEquation"	RelError: 7.39636e-06	AbsError: 2.73549e+08
      Equation: "PotentialEquation"	RelError: 3.18230e-06	AbsError: 5.66977e-08
    Region: "oxide"	RelError: 3.72709e-08	AbsError: 5.35448e-08
      Equation: "PotentialEquation"	RelError: 3.72709e-08	AbsError: 5.35448e-08
Iteration: 5
  Device: "part1_baseline"	RelError: 1.88539e-12	AbsError: 4.21747e+05
    Region: "bulk"	RelError: 1.87771e-12	AbsError: 4.21747e+05
      Equation: "ElectronContinuityEquation"	RelError: 2.85862e-13	AbsError: 4.21705e+05
      Equation: "HoleContinuityEquation"	RelError: 1.11820e-12	AbsError: 4.25954e+01
      Equation: "PotentialEquation"	RelError: 4.73646e-13	AbsError: 1.10278e-14
    Region: "oxide"	RelError: 7.67614e-15	AbsError: 1.10278e-14
      Equation: "PotentialEquation"	RelError: 7.67614e-15	AbsError: 1.10278e-14
number of equations 7095
Iteration: 0
  Device: "part1_baseline"	RelError: 1.02556e+03	AbsError: 3.05698e+18
    Region: "bulk"	RelError: 1.02553e+03	AbsError: 3.05698e+18
      Equation: "ElectronContinuityEquation"	RelError: 1.73711e+01	AbsError: 3.05638e+18
      Equation: "HoleContinuityEquation"	RelError: 9.96574e+02	AbsError: 6.01062e+14
      Equation: "PotentialEquation"	RelError: 1.15871e+01	AbsError: 3.21502e-02
    Region: "oxide"	RelError: 2.86656e-02	AbsError: 4.09542e-02
      Equation: "PotentialEquation"	RelError: 2.86656e-02	AbsError: 4.09542e-02
Iteration: 1
  Device: "part1_baseline"	RelError: 1.94308e+00	AbsError: 6.94158e+16
    Region: "bulk"	RelError: 1.92223e+00	AbsError: 6.94158e+16
      Equation: "ElectronContinuityEquation"	RelError: 8.75325e-01	AbsError: 6.93927e+16
      Equation: "HoleContinuityEquation"	RelError: 9.98031e-01	AbsError: 2.31364e+13
      Equation: "PotentialEquation"	RelError: 4.88755e-02	AbsError: 2.56793e-02
    Region: "oxide"	RelError: 2.08493e-02	AbsError: 3.07632e-02
      Equation: "PotentialEquation"	RelError: 2.08493e-02	AbsError: 3.07632e-02
Iteration: 2
  Device: "part1_baseline"	RelError: 5.41516e-01	AbsError: 4.83916e+16
    Region: "bulk"	RelError: 5.30914e-01	AbsError: 4.83916e+16
      Equation: "ElectronContinuityEquation"	RelError: 1.32509e-01	AbsError: 4.83911e+16
      Equation: "HoleContinuityEquation"	RelError: 3.92569e-01	AbsError: 4.07881e+11
      Equation: "PotentialEquation"	RelError: 5.83546e-03	AbsError: 1.01527e-02
    Region: "oxide"	RelError: 1.06024e-02	AbsError: 1.91172e-02
      Equation: "PotentialEquation"	RelError: 1.06024e-02	AbsError: 1.91172e-02
Iteration: 3
  Device: "part1_baseline"	RelError: 2.31586e-02	AbsError: 1.17794e+16
    Region: "bulk"	RelError: 1.81012e-02	AbsError: 1.17794e+16
      Equation: "ElectronContinuityEquation"	RelError: 7.53881e-03	AbsError: 1.17793e+16
      Equation: "HoleContinuityEquation"	RelError: 8.88356e-03	AbsError: 9.19723e+10
      Equation: "PotentialEquation"	RelError: 1.67887e-03	AbsError: 6.16012e-05
    Region: "oxide"	RelError: 5.05740e-03	AbsError: 9.16533e-03
      Equation: "PotentialEquation"	RelError: 5.05740e-03	AbsError: 9.16533e-03
Iteration: 4
  Device: "part1_baseline"	RelError: 8.62072e-06	AbsError: 3.20585e+12
    Region: "bulk"	RelError: 8.59902e-06	AbsError: 3.20585e+12
      Equation: "ElectronContinuityEquation"	RelError: 1.28035e-06	AbsError: 3.20572e+12
      Equation: "HoleContinuityEquation"	RelError: 4.45027e-06	AbsError: 1.33489e+08
      Equation: "PotentialEquation"	RelError: 2.86840e-06	AbsError: 3.47706e-08
    Region: "oxide"	RelError: 2.17004e-08	AbsError: 3.47706e-08
      Equation: "PotentialEquation"	RelError: 2.17004e-08	AbsError: 3.47706e-08
Iteration: 5
  Device: "part1_baseline"	RelError: 9.31402e-13	AbsError: 2.56740e+05
    Region: "bulk"	RelError: 9.28078e-13	AbsError: 2.56740e+05
      Equation: "ElectronContinuityEquation"	RelError: 9.69326e-14	AbsError: 2.56725e+05
      Equation: "HoleContinuityEquation"	RelError: 4.92369e-13	AbsError: 1.54799e+01
      Equation: "PotentialEquation"	RelError: 3.38777e-13	AbsError: 5.32509e-15
    Region: "oxide"	RelError: 3.32340e-15	AbsError: 5.32509e-15
      Equation: "PotentialEquation"	RelError: 3.32340e-15	AbsError: 5.32509e-15
number of equations 7095
Iteration: 0
  Device: "part1_baseline"	RelError: 1.00539e+03	AbsError: 3.08045e+18
    Region: "bulk"	RelError: 1.00537e+03	AbsError: 3.08045e+18
      Equation: "ElectronContinuityEquation"	RelError: 1.20974e+01	AbsError: 3.07987e+18
      Equation: "HoleContinuityEquation"	RelError: 9.86082e+02	AbsError: 5.81864e+14
      Equation: "PotentialEquation"	RelError: 7.18589e+00	AbsError: 3.14190e-02
    Region: "oxide"	RelError: 2.74582e-02	AbsError: 4.09542e-02
      Equation: "PotentialEquation"	RelError: 2.74582e-02	AbsError: 4.09542e-02
Iteration: 1
  Device: "part1_baseline"	RelError: 1.86340e+00	AbsError: 7.21315e+16
    Region: "bulk"	RelError: 1.84348e+00	AbsError: 7.21315e+16
      Equation: "ElectronContinuityEquation"	RelError: 8.29584e-01	AbsError: 7.21100e+16
      Equation: "HoleContinuityEquation"	RelError: 9.97976e-01	AbsError: 2.15231e+13
      Equation: "PotentialEquation"	RelError: 1.59233e-02	AbsError: 2.49138e-02
    Region: "oxide"	RelError: 1.99153e-02	AbsError: 3.07632e-02
      Equation: "PotentialEquation"	RelError: 1.99153e-02	AbsError: 3.07632e-02
Iteration: 2
  Device: "part1_baseline"	RelError: 4.82284e-01	AbsError: 4.82014e+16
    Region: "bulk"	RelError: 4.72239e-01	AbsError: 4.82014e+16
      Equation: "ElectronContinuityEquation"	RelError: 1.31373e-01	AbsError: 4.82010e+16
      Equation: "HoleContinuityEquation"	RelError: 3.33736e-01	AbsError: 4.55944e+11
      Equation: "PotentialEquation"	RelError: 7.12984e-03	AbsError: 9.43573e-03
    Region: "oxide"	RelError: 1.00453e-02	AbsError: 1.91172e-02
      Equation: "PotentialEquation"	RelError: 1.00453e-02	AbsError: 1.91172e-02
Iteration: 3
  Device: "part1_baseline"	RelError: 1.95877e-02	AbsError: 1.35040e+16
    Region: "bulk"	RelError: 1.47948e-02	AbsError: 1.35040e+16
      Equation: "ElectronContinuityEquation"	RelError: 4.51088e-03	AbsError: 1.35039e+16
      Equation: "HoleContinuityEquation"	RelError: 9.07810e-03	AbsError: 9.87370e+10
      Equation: "PotentialEquation"	RelError: 1.20579e-03	AbsError: 6.63043e-05
    Region: "oxide"	RelError: 4.79293e-03	AbsError: 9.16533e-03
      Equation: "PotentialEquation"	RelError: 4.79293e-03	AbsError: 9.16533e-03
Iteration: 4
  Device: "part1_baseline"	RelError: 8.63320e-06	AbsError: 3.39251e+12
    Region: "bulk"	RelError: 8.61222e-06	AbsError: 3.39251e+12
      Equation: "ElectronContinuityEquation"	RelError: 1.32004e-06	AbsError: 3.39237e+12
      Equation: "HoleContinuityEquation"	RelError: 6.04752e-06	AbsError: 1.41738e+08
      Equation: "PotentialEquation"	RelError: 1.24466e-06	AbsError: 3.50647e-08
    Region: "oxide"	RelError: 2.09821e-08	AbsError: 3.48119e-08
      Equation: "PotentialEquation"	RelError: 2.09821e-08	AbsError: 3.48119e-08
Iteration: 5
  Device: "part1_baseline"	RelError: 1.12303e-12	AbsError: 2.12716e+05
    Region: "bulk"	RelError: 1.12027e-12	AbsError: 2.12716e+05
      Equation: "ElectronContinuityEquation"	RelError: 1.13391e-13	AbsError: 2.12702e+05
      Equation: "HoleContinuityEquation"	RelError: 8.80457e-13	AbsError: 1.37622e+01
      Equation: "PotentialEquation"	RelError: 1.26417e-13	AbsError: 4.59066e-15
    Region: "oxide"	RelError: 2.76692e-15	AbsError: 4.59066e-15
      Equation: "PotentialEquation"	RelError: 2.76692e-15	AbsError: 4.59066e-15
number of equations 7095
Iteration: 0
  Device: "part1_baseline"	RelError: 6.53341e+01	AbsError: 3.09953e+18
    Region: "bulk"	RelError: 6.53077e+01	AbsError: 3.09953e+18
      Equation: "ElectronContinuityEquation"	RelError: 8.86298e+00	AbsError: 3.09896e+18
      Equation: "HoleContinuityEquation"	RelError: 1.87401e+01	AbsError: 5.69134e+14
      Equation: "PotentialEquation"	RelError: 3.77047e+01	AbsError: 3.08158e-02
    Region: "oxide"	RelError: 2.63530e-02	AbsError: 4.09542e-02
      Equation: "PotentialEquation"	RelError: 2.63530e-02	AbsError: 4.09542e-02
Iteration: 1
  Device: "part1_baseline"	RelError: 1.73586e+00	AbsError: 7.76033e+16
    Region: "bulk"	RelError: 1.71680e+00	AbsError: 7.76033e+16
      Equation: "ElectronContinuityEquation"	RelError: 7.75004e-01	AbsError: 7.75827e+16
      Equation: "HoleContinuityEquation"	RelError: 9.02173e-01	AbsError: 2.06776e+13
      Equation: "PotentialEquation"	RelError: 3.96175e-02	AbsError: 2.51758e-02
    Region: "oxide"	RelError: 1.90627e-02	AbsError: 3.07632e-02
      Equation: "PotentialEquation"	RelError: 1.90627e-02	AbsError: 3.07632e-02
Iteration: 2
  Device: "part1_baseline"	RelError: 4.47837e-01	AbsError: 4.79017e+16
    Region: "bulk"	RelError: 4.38293e-01	AbsError: 4.79017e+16
      Equation: "ElectronContinuityEquation"	RelError: 1.26297e-01	AbsError: 4.79012e+16
      Equation: "HoleContinuityEquation"	RelError: 2.82058e-01	AbsError: 4.37243e+11
      Equation: "PotentialEquation"	RelError: 2.99390e-02	AbsError: 8.56388e-03
    Region: "oxide"	RelError: 9.54383e-03	AbsError: 1.91172e-02
      Equation: "PotentialEquation"	RelError: 9.54383e-03	AbsError: 1.91172e-02
Iteration: 3
  Device: "part1_baseline"	RelError: 1.59189e-02	AbsError: 6.45705e+15
    Region: "bulk"	RelError: 1.13642e-02	AbsError: 6.45705e+15
      Equation: "ElectronContinuityEquation"	RelError: 3.46909e-03	AbsError: 6.45701e+15
      Equation: "HoleContinuityEquation"	RelError: 5.71728e-03	AbsError: 3.98122e+10
      Equation: "PotentialEquation"	RelError: 2.17782e-03	AbsError: 3.65437e-05
    Region: "oxide"	RelError: 4.55474e-03	AbsError: 9.16533e-03
      Equation: "PotentialEquation"	RelError: 4.55474e-03	AbsError: 9.16533e-03
Iteration: 4
  Device: "part1_baseline"	RelError: 4.01043e-06	AbsError: 1.24849e+12
    Region: "bulk"	RelError: 4.00358e-06	AbsError: 1.24849e+12
      Equation: "ElectronContinuityEquation"	RelError: 6.70745e-07	AbsError: 1.24846e+12
      Equation: "HoleContinuityEquation"	RelError: 1.85128e-06	AbsError: 3.56149e+07
      Equation: "PotentialEquation"	RelError: 1.48155e-06	AbsError: 1.27226e-08
    Region: "oxide"	RelError: 6.85203e-09	AbsError: 1.27226e-08
      Equation: "PotentialEquation"	RelError: 6.85203e-09	AbsError: 1.27226e-08
Iteration: 5
  Device: "part1_baseline"	RelError: 1.80289e-13	AbsError: 4.34471e+04
    Region: "bulk"	RelError: 1.79914e-13	AbsError: 4.34471e+04
      Equation: "ElectronContinuityEquation"	RelError: 2.33416e-14	AbsError: 4.34457e+04
      Equation: "HoleContinuityEquation"	RelError: 9.56404e-14	AbsError: 1.43042e+00
      Equation: "PotentialEquation"	RelError: 6.09322e-14	AbsError: 6.96018e-16
    Region: "oxide"	RelError: 3.74856e-16	AbsError: 6.96018e-16
      Equation: "PotentialEquation"	RelError: 3.74856e-16	AbsError: 6.96018e-16
PROBE_RESULT={"status": "OK", "Vg_V": 2.0, "Id_A_per_um": 0.0005161376572589578, "Is_A_per_um": -0.0005161376572589199, "Ib_A_per_um": -3.8008630253510615e-17, "current_balance_A_per_um": -6.155421651795994e-20, "relative_current_balance": 1.1925930156860617e-16}
