Creating Region air
Creating Region bulk
Creating Region gate_metal
Creating Region oxide
Contact: source region bulk ni: 0 ci: 55 (0, 0, 0)
Contact: body region bulk ni: 70 ci: 90 (0, 5e-05, 0)
Contact: source region bulk ni: 2 ci: 101 (2.5e-06, 0, 0)
Contact: body region bulk ni: 71 ci: 136 (2.5e-06, 5e-05, 0)
Contact: source region bulk ni: 72 ci: 147 (5e-06, 0, 0)
Contact: body region bulk ni: 107 ci: 182 (5e-06, 5e-05, 0)
Contact: source region bulk ni: 108 ci: 193 (7.5e-06, 0, 0)
Contact: body region bulk ni: 143 ci: 228 (7.5e-06, 5e-05, 0)
Contact: source region bulk ni: 144 ci: 239 (1e-05, 0, 0)
Contact: body region bulk ni: 179 ci: 274 (1e-05, 5e-05, 0)
Contact: source region bulk ni: 180 ci: 285 (1.25e-05, 0, 0)
Contact: body region bulk ni: 215 ci: 320 (1.25e-05, 5e-05, 0)
Contact: source region bulk ni: 216 ci: 331 (1.5e-05, 0, 0)
Contact: body region bulk ni: 251 ci: 366 (1.5e-05, 5e-05, 0)
Contact: source region bulk ni: 252 ci: 377 (1.75e-05, 0, 0)
Contact: body region bulk ni: 287 ci: 412 (1.75e-05, 5e-05, 0)
Contact: source region bulk ni: 288 ci: 423 (2e-05, 0, 0)
Contact: body region bulk ni: 323 ci: 458 (2e-05, 5e-05, 0)
Contact: source region bulk ni: 324 ci: 469 (2.25e-05, 0, 0)
Contact: body region bulk ni: 359 ci: 504 (2.25e-05, 5e-05, 0)
Contact: source region bulk ni: 360 ci: 515 (2.5e-05, 0, 0)
Contact: body region bulk ni: 395 ci: 550 (2.5e-05, 5e-05, 0)
Contact: source region bulk ni: 396 ci: 561 (2.75e-05, 0, 0)
Contact: body region bulk ni: 431 ci: 596 (2.75e-05, 5e-05, 0)
Contact: source region bulk ni: 432 ci: 607 (3e-05, 0, 0)
Contact: body region bulk ni: 467 ci: 642 (3e-05, 5e-05, 0)
Contact: source region bulk ni: 468 ci: 653 (3.25e-05, 0, 0)
Contact: body region bulk ni: 503 ci: 688 (3.25e-05, 5e-05, 0)
Contact: source region bulk ni: 504 ci: 699 (3.5e-05, 0, 0)
Contact: body region bulk ni: 539 ci: 734 (3.5e-05, 5e-05, 0)
Contact: source region bulk ni: 540 ci: 745 (3.75e-05, 0, 0)
Contact: body region bulk ni: 575 ci: 780 (3.75e-05, 5e-05, 0)
Contact: source region bulk ni: 576 ci: 791 (4e-05, 0, 0)
Contact: body region bulk ni: 611 ci: 826 (4e-05, 5e-05, 0)
Contact: source region bulk ni: 612 ci: 837 (4.25e-05, 0, 0)
Contact: body region bulk ni: 647 ci: 872 (4.25e-05, 5e-05, 0)
Contact: source region bulk ni: 648 ci: 883 (4.5e-05, 0, 0)
Contact: body region bulk ni: 683 ci: 918 (4.5e-05, 5e-05, 0)
Contact: source region bulk ni: 684 ci: 929 (4.75e-05, 0, 0)
Contact: body region bulk ni: 719 ci: 964 (4.75e-05, 5e-05, 0)
Contact: gate region oxide ni: 0 ci: 971 (5e-05, -1e-06, 0)
Contact: source region bulk ni: 720 ci: 975 (5e-05, 0, 0)
Contact: body region bulk ni: 755 ci: 1010 (5e-05, 5e-05, 0)
Contact: gate region oxide ni: 2 ci: 1017 (5.25e-05, -1e-06, 0)
Contact: body region bulk ni: 791 ci: 1056 (5.25e-05, 5e-05, 0)
Contact: gate region oxide ni: 10 ci: 1063 (5.5e-05, -1e-06, 0)
Contact: body region bulk ni: 827 ci: 1102 (5.5e-05, 5e-05, 0)
Contact: gate region oxide ni: 15 ci: 1109 (5.75e-05, -1e-06, 0)
Contact: body region bulk ni: 863 ci: 1148 (5.75e-05, 5e-05, 0)
Contact: gate region oxide ni: 20 ci: 1155 (6e-05, -1e-06, 0)
Contact: body region bulk ni: 899 ci: 1194 (6e-05, 5e-05, 0)
Contact: gate region oxide ni: 25 ci: 1201 (6.25e-05, -1e-06, 0)
Contact: body region bulk ni: 935 ci: 1240 (6.25e-05, 5e-05, 0)
Contact: gate region oxide ni: 30 ci: 1247 (6.5e-05, -1e-06, 0)
Contact: body region bulk ni: 971 ci: 1286 (6.5e-05, 5e-05, 0)
Contact: gate region oxide ni: 35 ci: 1293 (6.75e-05, -1e-06, 0)
Contact: body region bulk ni: 1007 ci: 1332 (6.75e-05, 5e-05, 0)
Contact: gate region oxide ni: 40 ci: 1339 (7e-05, -1e-06, 0)
Contact: body region bulk ni: 1043 ci: 1378 (7e-05, 5e-05, 0)
Contact: gate region oxide ni: 45 ci: 1385 (7.25e-05, -1e-06, 0)
Contact: body region bulk ni: 1079 ci: 1424 (7.25e-05, 5e-05, 0)
Contact: gate region oxide ni: 50 ci: 1431 (7.5e-05, -1e-06, 0)
Contact: body region bulk ni: 1115 ci: 1470 (7.5e-05, 5e-05, 0)
Contact: gate region oxide ni: 55 ci: 1477 (7.75e-05, -1e-06, 0)
Contact: body region bulk ni: 1151 ci: 1516 (7.75e-05, 5e-05, 0)
Contact: gate region oxide ni: 60 ci: 1523 (8e-05, -1e-06, 0)
Contact: body region bulk ni: 1187 ci: 1562 (8e-05, 5e-05, 0)
Contact: gate region oxide ni: 65 ci: 1569 (8.25e-05, -1e-06, 0)
Contact: body region bulk ni: 1223 ci: 1608 (8.25e-05, 5e-05, 0)
Contact: gate region oxide ni: 70 ci: 1615 (8.5e-05, -1e-06, 0)
Contact: body region bulk ni: 1259 ci: 1654 (8.5e-05, 5e-05, 0)
Contact: gate region oxide ni: 75 ci: 1661 (8.75e-05, -1e-06, 0)
Contact: body region bulk ni: 1295 ci: 1700 (8.75e-05, 5e-05, 0)
Contact: gate region oxide ni: 80 ci: 1707 (9e-05, -1e-06, 0)
Contact: body region bulk ni: 1331 ci: 1746 (9e-05, 5e-05, 0)
Contact: gate region oxide ni: 85 ci: 1753 (9.25e-05, -1e-06, 0)
Contact: body region bulk ni: 1367 ci: 1792 (9.25e-05, 5e-05, 0)
Contact: gate region oxide ni: 90 ci: 1799 (9.5e-05, -1e-06, 0)
Contact: body region bulk ni: 1403 ci: 1838 (9.5e-05, 5e-05, 0)
Contact: gate region oxide ni: 95 ci: 1845 (9.75e-05, -1e-06, 0)
Contact: body region bulk ni: 1439 ci: 1884 (9.75e-05, 5e-05, 0)
Contact: gate region oxide ni: 100 ci: 1891 (0.0001, -1e-06, 0)
Contact: body region bulk ni: 1475 ci: 1930 (0.0001, 5e-05, 0)
Contact: gate region oxide ni: 105 ci: 1937 (0.0001025, -1e-06, 0)
Contact: body region bulk ni: 1511 ci: 1976 (0.0001025, 5e-05, 0)
Contact: gate region oxide ni: 110 ci: 1983 (0.000105, -1e-06, 0)
Contact: body region bulk ni: 1547 ci: 2022 (0.000105, 5e-05, 0)
Contact: gate region oxide ni: 115 ci: 2029 (0.0001075, -1e-06, 0)
Contact: body region bulk ni: 1583 ci: 2068 (0.0001075, 5e-05, 0)
Contact: gate region oxide ni: 120 ci: 2075 (0.00011, -1e-06, 0)
Contact: body region bulk ni: 1619 ci: 2114 (0.00011, 5e-05, 0)
Contact: gate region oxide ni: 125 ci: 2121 (0.0001125, -1e-06, 0)
Contact: body region bulk ni: 1655 ci: 2160 (0.0001125, 5e-05, 0)
Contact: gate region oxide ni: 130 ci: 2167 (0.000115, -1e-06, 0)
Contact: body region bulk ni: 1691 ci: 2206 (0.000115, 5e-05, 0)
Contact: gate region oxide ni: 135 ci: 2213 (0.0001175, -1e-06, 0)
Contact: body region bulk ni: 1727 ci: 2252 (0.0001175, 5e-05, 0)
Contact: gate region oxide ni: 140 ci: 2259 (0.00012, -1e-06, 0)
Contact: body region bulk ni: 1763 ci: 2298 (0.00012, 5e-05, 0)
Contact: gate region oxide ni: 145 ci: 2305 (0.0001225, -1e-06, 0)
Contact: body region bulk ni: 1799 ci: 2344 (0.0001225, 5e-05, 0)
Contact: gate region oxide ni: 150 ci: 2351 (0.000125, -1e-06, 0)
Contact: body region bulk ni: 1835 ci: 2390 (0.000125, 5e-05, 0)
Contact: gate region oxide ni: 155 ci: 2397 (0.0001275, -1e-06, 0)
Contact: body region bulk ni: 1871 ci: 2436 (0.0001275, 5e-05, 0)
Contact: gate region oxide ni: 160 ci: 2443 (0.00013, -1e-06, 0)
Contact: body region bulk ni: 1907 ci: 2482 (0.00013, 5e-05, 0)
Contact: gate region oxide ni: 165 ci: 2489 (0.0001325, -1e-06, 0)
Contact: body region bulk ni: 1943 ci: 2528 (0.0001325, 5e-05, 0)
Contact: gate region oxide ni: 170 ci: 2535 (0.000135, -1e-06, 0)
Contact: body region bulk ni: 1979 ci: 2574 (0.000135, 5e-05, 0)
Contact: gate region oxide ni: 175 ci: 2581 (0.0001375, -1e-06, 0)
Contact: body region bulk ni: 2015 ci: 2620 (0.0001375, 5e-05, 0)
Contact: gate region oxide ni: 180 ci: 2627 (0.00014, -1e-06, 0)
Contact: body region bulk ni: 2051 ci: 2666 (0.00014, 5e-05, 0)
Contact: gate region oxide ni: 185 ci: 2673 (0.0001425, -1e-06, 0)
Contact: body region bulk ni: 2087 ci: 2712 (0.0001425, 5e-05, 0)
Contact: gate region oxide ni: 190 ci: 2719 (0.000145, -1e-06, 0)
Contact: body region bulk ni: 2123 ci: 2758 (0.000145, 5e-05, 0)
Contact: gate region oxide ni: 195 ci: 2765 (0.0001475, -1e-06, 0)
Contact: body region bulk ni: 2159 ci: 2804 (0.0001475, 5e-05, 0)
Contact: gate region oxide ni: 200 ci: 2811 (0.00015, -1e-06, 0)
Contact: drain region bulk ni: 2160 ci: 2815 (0.00015, 0, 0)
Contact: body region bulk ni: 2195 ci: 2850 (0.00015, 5e-05, 0)
Contact: drain region bulk ni: 2196 ci: 2861 (0.0001525, 0, 0)
Contact: body region bulk ni: 2231 ci: 2896 (0.0001525, 5e-05, 0)
Contact: drain region bulk ni: 2232 ci: 2907 (0.000155, 0, 0)
Contact: body region bulk ni: 2267 ci: 2942 (0.000155, 5e-05, 0)
Contact: drain region bulk ni: 2268 ci: 2953 (0.0001575, 0, 0)
Contact: body region bulk ni: 2303 ci: 2988 (0.0001575, 5e-05, 0)
Contact: drain region bulk ni: 2304 ci: 2999 (0.00016, 0, 0)
Contact: body region bulk ni: 2339 ci: 3034 (0.00016, 5e-05, 0)
Contact: drain region bulk ni: 2340 ci: 3045 (0.0001625, 0, 0)
Contact: body region bulk ni: 2375 ci: 3080 (0.0001625, 5e-05, 0)
Contact: drain region bulk ni: 2376 ci: 3091 (0.000165, 0, 0)
Contact: body region bulk ni: 2411 ci: 3126 (0.000165, 5e-05, 0)
Contact: drain region bulk ni: 2412 ci: 3137 (0.0001675, 0, 0)
Contact: body region bulk ni: 2447 ci: 3172 (0.0001675, 5e-05, 0)
Contact: drain region bulk ni: 2448 ci: 3183 (0.00017, 0, 0)
Contact: body region bulk ni: 2483 ci: 3218 (0.00017, 5e-05, 0)
Contact: drain region bulk ni: 2484 ci: 3229 (0.0001725, 0, 0)
Contact: body region bulk ni: 2519 ci: 3264 (0.0001725, 5e-05, 0)
Contact: drain region bulk ni: 2520 ci: 3275 (0.000175, 0, 0)
Contact: body region bulk ni: 2555 ci: 3310 (0.000175, 5e-05, 0)
Contact: drain region bulk ni: 2556 ci: 3321 (0.0001775, 0, 0)
Contact: body region bulk ni: 2591 ci: 3356 (0.0001775, 5e-05, 0)
Contact: drain region bulk ni: 2592 ci: 3367 (0.00018, 0, 0)
Contact: body region bulk ni: 2627 ci: 3402 (0.00018, 5e-05, 0)
Contact: drain region bulk ni: 2628 ci: 3413 (0.0001825, 0, 0)
Contact: body region bulk ni: 2663 ci: 3448 (0.0001825, 5e-05, 0)
Contact: drain region bulk ni: 2664 ci: 3459 (0.000185, 0, 0)
Contact: body region bulk ni: 2699 ci: 3494 (0.000185, 5e-05, 0)
Contact: drain region bulk ni: 2700 ci: 3505 (0.0001875, 0, 0)
Contact: body region bulk ni: 2735 ci: 3540 (0.0001875, 5e-05, 0)
Contact: drain region bulk ni: 2736 ci: 3551 (0.00019, 0, 0)
Contact: body region bulk ni: 2771 ci: 3586 (0.00019, 5e-05, 0)
Contact: drain region bulk ni: 2772 ci: 3597 (0.0001925, 0, 0)
Contact: body region bulk ni: 2807 ci: 3632 (0.0001925, 5e-05, 0)
Contact: drain region bulk ni: 2808 ci: 3643 (0.000195, 0, 0)
Contact: body region bulk ni: 2843 ci: 3678 (0.000195, 5e-05, 0)
Contact: drain region bulk ni: 2844 ci: 3689 (0.0001975, 0, 0)
Contact: body region bulk ni: 2879 ci: 3724 (0.0001975, 5e-05, 0)
Contact: drain region bulk ni: 2880 ci: 3735 (0.0002, 0, 0)
Contact: body region bulk ni: 2915 ci: 3770 (0.0002, 5e-05, 0)
Adding 820 nodes
Adding 1960 edges with 1460 duplicates removed
Adding 1140 triangles  with 0 duplicate removed
Adding 2916 nodes
Adding 8515 edges with 8285 duplicates removed
Adding 5600 triangles  with 0 duplicate removed
Adding 205 nodes
Adding 524 edges with 436 duplicates removed
Adding 320 triangles  with 0 duplicate removed
Adding 205 nodes
Adding 524 edges with 436 duplicates removed
Adding 320 triangles  with 0 duplicate removed
Contact body in region bulk with 81 nodes
Contact drain in region bulk with 21 nodes
Contact gate in region oxide with 41 nodes
Contact source in region bulk with 21 nodes
Interface bulk_oxide bulk oxide has 39 node pairs
Adding interface bulk_oxide with 39, 39 nodes
Replacing Node Model gatenodemodel in region oxide of material Oxide
Adding 820 nodes
Adding 1960 edges with 0 duplicates removed
Adding 1140 triangles  with 0 duplicate removed
Adding 2916 nodes
Adding 8515 edges with 0 duplicates removed
Adding 5600 triangles  with 0 duplicate removed
Adding 205 nodes
Adding 524 edges with 0 duplicates removed
Adding 320 triangles  with 0 duplicate removed
Adding 205 nodes
Adding 524 edges with 0 duplicates removed
Adding 320 triangles  with 0 duplicate removed
Contact body in region bulk with 81 nodes
Contact drain in region bulk with 21 nodes
Contact gate in region oxide with 41 nodes
Contact source in region bulk with 21 nodes
Adding interface bulk_oxide with 39, 39 nodes
Replacing Node Model DrainDoping in region bulk of material Silicon
Replacing Node Model NetDoping in region bulk of material Silicon
Replacing Node Model SourceDoping in region bulk of material Silicon
Replacing Node Model gatenodemodel in region oxide of material Oxide
number of equations 3121
Iteration: 0
  Device: "part1_baseline"	RelError: 2.00000e+00	AbsError: 2.02931e-01
    Region: "bulk"	RelError: 1.00000e+00	AbsError: 2.02931e-01
      Equation: "PotentialEquation"	RelError: 1.00000e+00	AbsError: 2.02931e-01
    Region: "oxide"	RelError: 1.00000e+00	AbsError: 1.43407e-01
      Equation: "PotentialEquation"	RelError: 1.00000e+00	AbsError: 1.43407e-01
Iteration: 1
  Device: "part1_baseline"	RelError: 9.98150e-01	AbsError: 2.02485e-01
    Region: "bulk"	RelError: 4.99591e-01	AbsError: 2.02485e-01
      Equation: "PotentialEquation"	RelError: 4.99591e-01	AbsError: 2.02485e-01
    Region: "oxide"	RelError: 4.98559e-01	AbsError: 1.42583e-01
      Equation: "PotentialEquation"	RelError: 4.98559e-01	AbsError: 1.42583e-01
Iteration: 2
  Device: "part1_baseline"	RelError: 3.64646e+00	AbsError: 1.49373e-01
    Region: "bulk"	RelError: 3.32895e+00	AbsError: 1.49373e-01
      Equation: "PotentialEquation"	RelError: 3.32895e+00	AbsError: 1.49373e-01
    Region: "oxide"	RelError: 3.17509e-01	AbsError: 9.96821e-02
      Equation: "PotentialEquation"	RelError: 3.17509e-01	AbsError: 9.96821e-02
Iteration: 3
  Device: "part1_baseline"	RelError: 2.05013e+01	AbsError: 8.63128e-02
    Region: "bulk"	RelError: 2.01082e+01	AbsError: 8.63128e-02
      Equation: "PotentialEquation"	RelError: 2.01082e+01	AbsError: 8.63128e-02
    Region: "oxide"	RelError: 3.93061e-01	AbsError: 3.95571e-02
      Equation: "PotentialEquation"	RelError: 3.93061e-01	AbsError: 3.95571e-02
Iteration: 4
  Device: "part1_baseline"	RelError: 2.10980e+02	AbsError: 8.42672e-02
    Region: "bulk"	RelError: 2.10581e+02	AbsError: 8.42672e-02
      Equation: "PotentialEquation"	RelError: 2.10581e+02	AbsError: 8.42672e-02
    Region: "oxide"	RelError: 3.98571e-01	AbsError: 3.76465e-02
      Equation: "PotentialEquation"	RelError: 3.98571e-01	AbsError: 3.76465e-02
Iteration: 5
  Device: "part1_baseline"	RelError: 1.91403e+03	AbsError: 8.15946e-02
    Region: "bulk"	RelError: 1.91351e+03	AbsError: 8.15946e-02
      Equation: "PotentialEquation"	RelError: 1.91351e+03	AbsError: 8.15946e-02
    Region: "oxide"	RelError: 5.22744e-01	AbsError: 3.50451e-02
      Equation: "PotentialEquation"	RelError: 5.22744e-01	AbsError: 3.50451e-02
Iteration: 6
  Device: "part1_baseline"	RelError: 2.82622e+02	AbsError: 7.85516e-02
    Region: "bulk"	RelError: 2.82268e+02	AbsError: 7.85516e-02
      Equation: "PotentialEquation"	RelError: 2.82268e+02	AbsError: 7.85516e-02
    Region: "oxide"	RelError: 3.53422e-01	AbsError: 3.09583e-02
      Equation: "PotentialEquation"	RelError: 3.53422e-01	AbsError: 3.09583e-02
Iteration: 7
  Device: "part1_baseline"	RelError: 3.86629e+02	AbsError: 7.48004e-02
    Region: "bulk"	RelError: 3.86393e+02	AbsError: 7.48004e-02
      Equation: "PotentialEquation"	RelError: 3.86393e+02	AbsError: 7.48004e-02
    Region: "oxide"	RelError: 2.36135e-01	AbsError: 2.45123e-02
      Equation: "PotentialEquation"	RelError: 2.36135e-01	AbsError: 2.45123e-02
Iteration: 8
  Device: "part1_baseline"	RelError: 1.77282e+03	AbsError: 6.84249e-02
    Region: "bulk"	RelError: 1.77267e+03	AbsError: 6.84249e-02
      Equation: "PotentialEquation"	RelError: 1.77267e+03	AbsError: 6.84249e-02
    Region: "oxide"	RelError: 1.50924e-01	AbsError: 1.96104e-02
      Equation: "PotentialEquation"	RelError: 1.50924e-01	AbsError: 1.96104e-02
Iteration: 9
  Device: "part1_baseline"	RelError: 2.86668e+02	AbsError: 5.98755e-02
    Region: "bulk"	RelError: 2.86405e+02	AbsError: 5.98755e-02
      Equation: "PotentialEquation"	RelError: 2.86405e+02	AbsError: 5.98755e-02
    Region: "oxide"	RelError: 2.63337e-01	AbsError: 1.53511e-02
      Equation: "PotentialEquation"	RelError: 2.63337e-01	AbsError: 1.53511e-02
Iteration: 10
  Device: "part1_baseline"	RelError: 7.36308e+01	AbsError: 5.21838e-02
    Region: "bulk"	RelError: 7.35597e+01	AbsError: 5.21838e-02
      Equation: "PotentialEquation"	RelError: 7.35597e+01	AbsError: 5.21838e-02
    Region: "oxide"	RelError: 7.11069e-02	AbsError: 4.79010e-03
      Equation: "PotentialEquation"	RelError: 7.11069e-02	AbsError: 4.79010e-03
Iteration: 11
  Device: "part1_baseline"	RelError: 1.86742e+01	AbsError: 3.98698e-02
    Region: "bulk"	RelError: 1.86577e+01	AbsError: 3.98698e-02
      Equation: "PotentialEquation"	RelError: 1.86577e+01	AbsError: 3.98698e-02
    Region: "oxide"	RelError: 1.65516e-02	AbsError: 1.40258e-03
      Equation: "PotentialEquation"	RelError: 1.65516e-02	AbsError: 1.40258e-03
Iteration: 12
  Device: "part1_baseline"	RelError: 6.85202e+00	AbsError: 2.57359e-02
    Region: "bulk"	RelError: 6.84920e+00	AbsError: 2.57359e-02
      Equation: "PotentialEquation"	RelError: 6.84920e+00	AbsError: 2.57359e-02
    Region: "oxide"	RelError: 2.82244e-03	AbsError: 2.69566e-04
      Equation: "PotentialEquation"	RelError: 2.82244e-03	AbsError: 2.69566e-04
Iteration: 13
  Device: "part1_baseline"	RelError: 3.00864e-01	AbsError: 8.96319e-03
    Region: "bulk"	RelError: 3.00619e-01	AbsError: 8.96319e-03
      Equation: "PotentialEquation"	RelError: 3.00619e-01	AbsError: 8.96319e-03
    Region: "oxide"	RelError: 2.45569e-04	AbsError: 2.48555e-05
      Equation: "PotentialEquation"	RelError: 2.45569e-04	AbsError: 2.48555e-05
Iteration: 14
  Device: "part1_baseline"	RelError: 7.83268e-03	AbsError: 3.53301e-04
    Region: "bulk"	RelError: 7.82730e-03	AbsError: 3.53301e-04
      Equation: "PotentialEquation"	RelError: 7.82730e-03	AbsError: 3.53301e-04
    Region: "oxide"	RelError: 5.37546e-06	AbsError: 5.72421e-07
      Equation: "PotentialEquation"	RelError: 5.37546e-06	AbsError: 5.72421e-07
Iteration: 15
  Device: "part1_baseline"	RelError: 1.51880e-05	AbsError: 9.55169e-07
    Region: "bulk"	RelError: 1.51808e-05	AbsError: 9.55169e-07
      Equation: "PotentialEquation"	RelError: 1.51808e-05	AbsError: 9.55169e-07
    Region: "oxide"	RelError: 7.21504e-09	AbsError: 7.83467e-10
      Equation: "PotentialEquation"	RelError: 7.21504e-09	AbsError: 7.83467e-10
Iteration: 16
  Device: "part1_baseline"	RelError: 1.06849e-10	AbsError: 7.28426e-12
    Region: "bulk"	RelError: 1.06817e-10	AbsError: 7.28426e-12
      Equation: "PotentialEquation"	RelError: 1.06817e-10	AbsError: 7.28426e-12
    Region: "oxide"	RelError: 3.25233e-14	AbsError: 3.55208e-15
      Equation: "PotentialEquation"	RelError: 3.25233e-14	AbsError: 3.55208e-15
Iteration: 17
  Device: "part1_baseline"	RelError: 5.93849e-21	AbsError: 4.46456e-22
    Region: "bulk"	RelError: 5.93718e-21	AbsError: 4.46456e-22
      Equation: "PotentialEquation"	RelError: 5.93718e-21	AbsError: 4.46456e-22
    Region: "oxide"	RelError: 1.31159e-24	AbsError: 1.43421e-25
      Equation: "PotentialEquation"	RelError: 1.31159e-24	AbsError: 1.43421e-25
Warning: Replacing equation with equation of the same name.
Region: bulk, Equation: PotentialEquation, Variable: Potential
number of equations 8953
Iteration: 0
  Device: "part1_baseline"	RelError: 9.45018e-31	AbsError: 7.46223e-14
    Region: "bulk"	RelError: 9.44651e-31	AbsError: 7.46223e-14
      Equation: "ElectronContinuityEquation"	RelError: 6.65030e-32	AbsError: 7.46070e-14
      Equation: "HoleContinuityEquation"	RelError: 4.71215e-32	AbsError: 1.53122e-17
      Equation: "PotentialEquation"	RelError: 8.31026e-31	AbsError: 1.98525e-34
    Region: "oxide"	RelError: 3.67813e-34	AbsError: 4.57320e-35
      Equation: "PotentialEquation"	RelError: 3.67813e-34	AbsError: 4.57320e-35
number of equations 8953
Iteration: 0
  Device: "part1_baseline"	RelError: 1.33531e+04	AbsError: 3.49931e+16
    Region: "bulk"	RelError: 1.33531e+04	AbsError: 3.49931e+16
      Equation: "ElectronContinuityEquation"	RelError: 9.99000e+02	AbsError: 3.42614e+16
      Equation: "HoleContinuityEquation"	RelError: 1.23470e+04	AbsError: 7.31678e+14
      Equation: "PotentialEquation"	RelError: 7.06508e+00	AbsError: 2.78470e-02
    Region: "oxide"	RelError: 7.06066e-02	AbsError: 2.21382e-02
      Equation: "PotentialEquation"	RelError: 7.06066e-02	AbsError: 2.21382e-02
Iteration: 1
  Device: "part1_baseline"	RelError: 1.18655e+01	AbsError: 9.90144e+14
    Region: "bulk"	RelError: 1.18647e+01	AbsError: 9.90144e+14
      Equation: "ElectronContinuityEquation"	RelError: 9.98235e-01	AbsError: 9.29839e+14
      Equation: "HoleContinuityEquation"	RelError: 9.99778e-01	AbsError: 6.03052e+13
      Equation: "PotentialEquation"	RelError: 9.86667e+00	AbsError: 2.21533e-02
    Region: "oxide"	RelError: 8.50869e-04	AbsError: 2.66557e-04
      Equation: "PotentialEquation"	RelError: 8.50869e-04	AbsError: 2.66557e-04
Iteration: 2
  Device: "part1_baseline"	RelError: 1.70204e+00	AbsError: 2.66192e+14
    Region: "bulk"	RelError: 1.70187e+00	AbsError: 2.66192e+14
      Equation: "ElectronContinuityEquation"	RelError: 4.39399e-01	AbsError: 2.65794e+14
      Equation: "HoleContinuityEquation"	RelError: 1.24998e+00	AbsError: 3.97314e+11
      Equation: "PotentialEquation"	RelError: 1.24883e-02	AbsError: 1.31693e-04
    Region: "oxide"	RelError: 1.73486e-04	AbsError: 5.43394e-05
      Equation: "PotentialEquation"	RelError: 1.73486e-04	AbsError: 5.43394e-05
Iteration: 3
  Device: "part1_baseline"	RelError: 2.29446e-03	AbsError: 1.81958e+11
    Region: "bulk"	RelError: 2.29440e-03	AbsError: 1.81958e+11
      Equation: "ElectronContinuityEquation"	RelError: 2.56579e-04	AbsError: 1.81851e+11
      Equation: "HoleContinuityEquation"	RelError: 2.03341e-03	AbsError: 1.07144e+08
      Equation: "PotentialEquation"	RelError: 4.40976e-06	AbsError: 6.40074e-08
    Region: "oxide"	RelError: 6.24486e-08	AbsError: 1.55762e-08
      Equation: "PotentialEquation"	RelError: 6.24486e-08	AbsError: 1.55762e-08
Iteration: 4
  Device: "part1_baseline"	RelError: 5.56122e-10	AbsError: 6.72582e+04
    Region: "bulk"	RelError: 5.56109e-10	AbsError: 6.72582e+04
      Equation: "ElectronContinuityEquation"	RelError: 8.63918e-11	AbsError: 6.72369e+04
      Equation: "HoleContinuityEquation"	RelError: 4.68834e-10	AbsError: 2.12788e+01
      Equation: "PotentialEquation"	RelError: 8.82879e-13	AbsError: 1.62378e-14
    Region: "oxide"	RelError: 1.24204e-14	AbsError: 2.96834e-15
      Equation: "PotentialEquation"	RelError: 1.24204e-14	AbsError: 2.96834e-15
number of equations 8953
Iteration: 0
  Device: "part1_baseline"	RelError: 8.60009e-23	AbsError: 6.19386e-09
    Region: "bulk"	RelError: 8.60001e-23	AbsError: 6.19386e-09
      Equation: "ElectronContinuityEquation"	RelError: 3.87265e-24	AbsError: 6.19242e-09
      Equation: "HoleContinuityEquation"	RelError: 8.20624e-23	AbsError: 1.44223e-12
      Equation: "PotentialEquation"	RelError: 6.49942e-26	AbsError: 1.13677e-27
    Region: "oxide"	RelError: 8.46712e-28	AbsError: 2.07653e-28
      Equation: "PotentialEquation"	RelError: 8.46712e-28	AbsError: 2.07653e-28
number of equations 8953
Iteration: 0
  Device: "part1_baseline"	RelError: 8.65280e+01	AbsError: 8.96923e+15
    Region: "bulk"	RelError: 8.63070e+01	AbsError: 8.96923e+15
      Equation: "ElectronContinuityEquation"	RelError: 4.08519e-01	AbsError: 8.57289e+15
      Equation: "HoleContinuityEquation"	RelError: 2.19860e+00	AbsError: 3.96342e+14
      Equation: "PotentialEquation"	RelError: 8.36999e+01	AbsError: 1.77939e-02
    Region: "oxide"	RelError: 2.20956e-01	AbsError: 2.00000e-02
      Equation: "PotentialEquation"	RelError: 2.20956e-01	AbsError: 2.00000e-02
Iteration: 1
  Device: "part1_baseline"	RelError: 6.71191e-01	AbsError: 2.12429e+14
    Region: "bulk"	RelError: 6.70931e-01	AbsError: 2.12429e+14
      Equation: "ElectronContinuityEquation"	RelError: 1.52963e-01	AbsError: 1.94981e+14
      Equation: "HoleContinuityEquation"	RelError: 3.77540e-01	AbsError: 1.74483e+13
      Equation: "PotentialEquation"	RelError: 1.40428e-01	AbsError: 1.25627e-04
    Region: "oxide"	RelError: 2.60310e-04	AbsError: 5.39651e-05
      Equation: "PotentialEquation"	RelError: 2.60310e-04	AbsError: 5.39651e-05
Iteration: 2
  Device: "part1_baseline"	RelError: 1.28318e-03	AbsError: 8.96692e+10
    Region: "bulk"	RelError: 1.28315e-03	AbsError: 8.96692e+10
      Equation: "ElectronContinuityEquation"	RelError: 6.02750e-04	AbsError: 8.25278e+10
      Equation: "HoleContinuityEquation"	RelError: 6.72021e-04	AbsError: 7.14146e+09
      Equation: "PotentialEquation"	RelError: 8.37908e-06	AbsError: 2.17794e-08
    Region: "oxide"	RelError: 3.09053e-08	AbsError: 9.34072e-09
      Equation: "PotentialEquation"	RelError: 3.09053e-08	AbsError: 9.34072e-09
Iteration: 3
  Device: "part1_baseline"	RelError: 6.25021e-10	AbsError: 1.07268e+04
    Region: "bulk"	RelError: 6.25018e-10	AbsError: 1.07268e+04
      Equation: "ElectronContinuityEquation"	RelError: 3.30048e-10	AbsError: 1.01658e+04
      Equation: "HoleContinuityEquation"	RelError: 2.94702e-10	AbsError: 5.61063e+02
      Equation: "PotentialEquation"	RelError: 2.68392e-13	AbsError: 1.93230e-15
    Region: "oxide"	RelError: 2.34276e-15	AbsError: 6.54035e-16
      Equation: "PotentialEquation"	RelError: 2.34276e-15	AbsError: 6.54035e-16
number of equations 8953
Iteration: 0
  Device: "part1_baseline"	RelError: 4.60185e+01	AbsError: 8.88842e+15
    Region: "bulk"	RelError: 4.58372e+01	AbsError: 8.88842e+15
      Equation: "ElectronContinuityEquation"	RelError: 4.08994e-01	AbsError: 8.50269e+15
      Equation: "HoleContinuityEquation"	RelError: 2.21242e+00	AbsError: 3.85734e+14
      Equation: "PotentialEquation"	RelError: 4.32158e+01	AbsError: 1.78287e-02
    Region: "oxide"	RelError: 1.81276e-01	AbsError: 2.00000e-02
      Equation: "PotentialEquation"	RelError: 1.81276e-01	AbsError: 2.00000e-02
Iteration: 1
  Device: "part1_baseline"	RelError: 5.89791e-01	AbsError: 2.45510e+14
    Region: "bulk"	RelError: 5.89581e-01	AbsError: 2.45510e+14
      Equation: "ElectronContinuityEquation"	RelError: 1.53378e-01	AbsError: 2.29242e+14
      Equation: "HoleContinuityEquation"	RelError: 3.79425e-01	AbsError: 1.62687e+13
      Equation: "PotentialEquation"	RelError: 5.67782e-02	AbsError: 1.21610e-04
    Region: "oxide"	RelError: 2.09750e-04	AbsError: 6.56401e-05
      Equation: "PotentialEquation"	RelError: 2.09750e-04	AbsError: 6.56401e-05
Iteration: 2
  Device: "part1_baseline"	RelError: 1.27588e-03	AbsError: 1.13880e+11
    Region: "bulk"	RelError: 1.27584e-03	AbsError: 1.13880e+11
      Equation: "ElectronContinuityEquation"	RelError: 6.13014e-04	AbsError: 1.06870e+11
      Equation: "HoleContinuityEquation"	RelError: 6.48815e-04	AbsError: 7.00929e+09
      Equation: "PotentialEquation"	RelError: 1.40109e-05	AbsError: 2.60730e-08
    Region: "oxide"	RelError: 3.93125e-08	AbsError: 1.23027e-08
      Equation: "PotentialEquation"	RelError: 3.93125e-08	AbsError: 1.23027e-08
Iteration: 3
  Device: "part1_baseline"	RelError: 7.16744e-10	AbsError: 1.70724e+04
    Region: "bulk"	RelError: 7.16740e-10	AbsError: 1.70724e+04
      Equation: "ElectronContinuityEquation"	RelError: 3.19731e-10	AbsError: 1.65254e+04
      Equation: "HoleContinuityEquation"	RelError: 3.96745e-10	AbsError: 5.47019e+02
      Equation: "PotentialEquation"	RelError: 2.64689e-13	AbsError: 2.90939e-15
    Region: "oxide"	RelError: 3.73041e-15	AbsError: 1.11177e-15
      Equation: "PotentialEquation"	RelError: 3.73041e-15	AbsError: 1.11177e-15
number of equations 8953
Iteration: 0
  Device: "part1_baseline"	RelError: 7.14799e+01	AbsError: 8.79935e+15
    Region: "bulk"	RelError: 7.13261e+01	AbsError: 8.79935e+15
      Equation: "ElectronContinuityEquation"	RelError: 4.09439e-01	AbsError: 8.41591e+15
      Equation: "HoleContinuityEquation"	RelError: 2.22615e+00	AbsError: 3.83431e+14
      Equation: "PotentialEquation"	RelError: 6.86906e+01	AbsError: 1.78630e-02
    Region: "oxide"	RelError: 1.53714e-01	AbsError: 2.00000e-02
      Equation: "PotentialEquation"	RelError: 1.53714e-01	AbsError: 2.00000e-02
Iteration: 1
  Device: "part1_baseline"	RelError: 6.42023e-01	AbsError: 2.87989e+14
    Region: "bulk"	RelError: 6.41778e-01	AbsError: 2.87989e+14
      Equation: "ElectronContinuityEquation"	RelError: 1.53765e-01	AbsError: 2.71922e+14
      Equation: "HoleContinuityEquation"	RelError: 3.81253e-01	AbsError: 1.60672e+13
      Equation: "PotentialEquation"	RelError: 1.06760e-01	AbsError: 1.17264e-04
    Region: "oxide"	RelError: 2.44985e-04	AbsError: 7.92541e-05
      Equation: "PotentialEquation"	RelError: 2.44985e-04	AbsError: 7.92541e-05
Iteration: 2
  Device: "part1_baseline"	RelError: 1.27309e-03	AbsError: 1.46739e+11
    Region: "bulk"	RelError: 1.27304e-03	AbsError: 1.46739e+11
      Equation: "ElectronContinuityEquation"	RelError: 6.27461e-04	AbsError: 1.40103e+11
      Equation: "HoleContinuityEquation"	RelError: 6.40448e-04	AbsError: 6.63619e+09
      Equation: "PotentialEquation"	RelError: 5.12926e-06	AbsError: 3.08491e-08
    Region: "oxide"	RelError: 4.93464e-08	AbsError: 1.59638e-08
      Equation: "PotentialEquation"	RelError: 4.93464e-08	AbsError: 1.59638e-08
Iteration: 3
  Device: "part1_baseline"	RelError: 8.47685e-10	AbsError: 2.59819e+04
    Region: "bulk"	RelError: 8.47679e-10	AbsError: 2.59819e+04
      Equation: "ElectronContinuityEquation"	RelError: 3.13443e-10	AbsError: 2.54933e+04
      Equation: "HoleContinuityEquation"	RelError: 5.33444e-10	AbsError: 4.88647e+02
      Equation: "PotentialEquation"	RelError: 7.91636e-13	AbsError: 4.24409e-15
    Region: "oxide"	RelError: 6.05204e-15	AbsError: 1.88668e-15
      Equation: "PotentialEquation"	RelError: 6.05204e-15	AbsError: 1.88668e-15
number of equations 8953
Iteration: 0
  Device: "part1_baseline"	RelError: 3.12575e+01	AbsError: 8.68678e+15
    Region: "bulk"	RelError: 3.11241e+01	AbsError: 8.68678e+15
      Equation: "ElectronContinuityEquation"	RelError: 4.09856e-01	AbsError: 8.30938e+15
      Equation: "HoleContinuityEquation"	RelError: 2.23933e+00	AbsError: 3.77403e+14
      Equation: "PotentialEquation"	RelError: 2.84749e+01	AbsError: 1.78957e-02
    Region: "oxide"	RelError: 1.33449e-01	AbsError: 2.00000e-02
      Equation: "PotentialEquation"	RelError: 1.33449e-01	AbsError: 2.00000e-02
Iteration: 1
  Device: "part1_baseline"	RelError: 5.99426e-01	AbsError: 3.42965e+14
    Region: "bulk"	RelError: 5.99142e-01	AbsError: 3.42965e+14
      Equation: "ElectronContinuityEquation"	RelError: 1.54126e-01	AbsError: 3.27426e+14
      Equation: "HoleContinuityEquation"	RelError: 3.83002e-01	AbsError: 1.55385e+13
      Equation: "PotentialEquation"	RelError: 6.20141e-02	AbsError: 1.23636e-04
    Region: "oxide"	RelError: 2.84026e-04	AbsError: 9.48323e-05
      Equation: "PotentialEquation"	RelError: 2.84026e-04	AbsError: 9.48323e-05
Iteration: 2
  Device: "part1_baseline"	RelError: 1.33641e-03	AbsError: 1.89540e+11
    Region: "bulk"	RelError: 1.33634e-03	AbsError: 1.89540e+11
      Equation: "ElectronContinuityEquation"	RelError: 6.47667e-04	AbsError: 1.83502e+11
      Equation: "HoleContinuityEquation"	RelError: 6.82751e-04	AbsError: 6.03826e+09
      Equation: "PotentialEquation"	RelError: 5.92715e-06	AbsError: 3.54717e-08
    Region: "oxide"	RelError: 6.06476e-08	AbsError: 2.02494e-08
      Equation: "PotentialEquation"	RelError: 6.06476e-08	AbsError: 2.02494e-08
Iteration: 3
  Device: "part1_baseline"	RelError: 1.01004e-09	AbsError: 3.74047e+04
    Region: "bulk"	RelError: 1.01003e-09	AbsError: 3.74047e+04
      Equation: "ElectronContinuityEquation"	RelError: 2.97247e-10	AbsError: 3.70022e+04
      Equation: "HoleContinuityEquation"	RelError: 7.12469e-10	AbsError: 4.02501e+02
      Equation: "PotentialEquation"	RelError: 3.10656e-13	AbsError: 6.06726e-15
    Region: "oxide"	RelError: 9.97284e-15	AbsError: 3.17167e-15
      Equation: "PotentialEquation"	RelError: 9.97284e-15	AbsError: 3.17167e-15
number of equations 8953
Iteration: 0
  Device: "part1_baseline"	RelError: 2.49760e+01	AbsError: 8.54731e+15
    Region: "bulk"	RelError: 2.48580e+01	AbsError: 8.54731e+15
      Equation: "ElectronContinuityEquation"	RelError: 4.10249e-01	AbsError: 8.17957e+15
      Equation: "HoleContinuityEquation"	RelError: 2.25210e+00	AbsError: 3.67743e+14
      Equation: "PotentialEquation"	RelError: 2.21957e+01	AbsError: 1.79270e-02
    Region: "oxide"	RelError: 1.17920e-01	AbsError: 2.00000e-02
      Equation: "PotentialEquation"	RelError: 1.17920e-01	AbsError: 2.00000e-02
Iteration: 1
  Device: "part1_baseline"	RelError: 5.80350e-01	AbsError: 4.13758e+14
    Region: "bulk"	RelError: 5.80024e-01	AbsError: 4.13758e+14
      Equation: "ElectronContinuityEquation"	RelError: 1.54464e-01	AbsError: 3.99079e+14
      Equation: "HoleContinuityEquation"	RelError: 3.84711e-01	AbsError: 1.46788e+13
      Equation: "PotentialEquation"	RelError: 4.08487e-02	AbsError: 1.39744e-04
    Region: "oxide"	RelError: 3.26220e-04	AbsError: 1.12237e-04
      Equation: "PotentialEquation"	RelError: 3.26220e-04	AbsError: 1.12237e-04
Iteration: 2
  Device: "part1_baseline"	RelError: 1.40149e-03	AbsError: 2.37436e+11
    Region: "bulk"	RelError: 1.40142e-03	AbsError: 2.37436e+11
      Equation: "ElectronContinuityEquation"	RelError: 6.73512e-04	AbsError: 2.32174e+11
      Equation: "HoleContinuityEquation"	RelError: 7.21958e-04	AbsError: 5.26179e+09
      Equation: "PotentialEquation"	RelError: 5.94825e-06	AbsError: 3.95885e-08
    Region: "oxide"	RelError: 7.22271e-08	AbsError: 2.48500e-08
      Equation: "PotentialEquation"	RelError: 7.22271e-08	AbsError: 2.48500e-08
Iteration: 3
  Device: "part1_baseline"	RelError: 1.19009e-09	AbsError: 5.71079e+04
    Region: "bulk"	RelError: 1.19007e-09	AbsError: 5.71079e+04
      Equation: "ElectronContinuityEquation"	RelError: 2.51929e-10	AbsError: 5.67846e+04
      Equation: "HoleContinuityEquation"	RelError: 9.35571e-10	AbsError: 3.23248e+02
      Equation: "PotentialEquation"	RelError: 2.57003e-12	AbsError: 8.61119e-15
    Region: "oxide"	RelError: 1.64730e-14	AbsError: 5.20127e-15
      Equation: "PotentialEquation"	RelError: 1.64730e-14	AbsError: 5.20127e-15
number of equations 8953
Iteration: 0
  Device: "part1_baseline"	RelError: 4.07770e+01	AbsError: 8.37750e+15
    Region: "bulk"	RelError: 4.06713e+01	AbsError: 8.37750e+15
      Equation: "ElectronContinuityEquation"	RelError: 4.10627e-01	AbsError: 8.02278e+15
      Equation: "HoleContinuityEquation"	RelError: 2.26450e+00	AbsError: 3.54712e+14
      Equation: "PotentialEquation"	RelError: 3.79962e+01	AbsError: 1.79573e-02
    Region: "oxide"	RelError: 1.05638e-01	AbsError: 2.00000e-02
      Equation: "PotentialEquation"	RelError: 1.05638e-01	AbsError: 2.00000e-02
Iteration: 1
  Device: "part1_baseline"	RelError: 6.18162e-01	AbsError: 5.09471e+14
    Region: "bulk"	RelError: 6.17792e-01	AbsError: 5.09471e+14
      Equation: "ElectronContinuityEquation"	RelError: 1.54792e-01	AbsError: 4.95643e+14
      Equation: "HoleContinuityEquation"	RelError: 3.86354e-01	AbsError: 1.38278e+13
      Equation: "PotentialEquation"	RelError: 7.66465e-02	AbsError: 1.57554e-04
    Region: "oxide"	RelError: 3.70403e-04	AbsError: 1.31112e-04
      Equation: "PotentialEquation"	RelError: 3.70403e-04	AbsError: 1.31112e-04
Iteration: 2
  Device: "part1_baseline"	RelError: 1.46566e-03	AbsError: 3.08624e+11
    Region: "bulk"	RelError: 1.46557e-03	AbsError: 3.08624e+11
      Equation: "ElectronContinuityEquation"	RelError: 7.05212e-04	AbsError: 3.03348e+11
      Equation: "HoleContinuityEquation"	RelError: 7.53410e-04	AbsError: 5.27584e+09
      Equation: "PotentialEquation"	RelError: 6.95152e-06	AbsError: 4.29294e-08
    Region: "oxide"	RelError: 8.22194e-08	AbsError: 2.91034e-08
      Equation: "PotentialEquation"	RelError: 8.22194e-08	AbsError: 2.91034e-08
Iteration: 3
  Device: "part1_baseline"	RelError: 1.43792e-09	AbsError: 8.00275e+04
    Region: "bulk"	RelError: 1.43789e-09	AbsError: 8.00275e+04
      Equation: "ElectronContinuityEquation"	RelError: 1.95271e-10	AbsError: 7.96884e+04
      Equation: "HoleContinuityEquation"	RelError: 1.24093e-09	AbsError: 3.39141e+02
      Equation: "PotentialEquation"	RelError: 1.69192e-12	AbsError: 1.16985e-14
    Region: "oxide"	RelError: 2.65421e-14	AbsError: 8.12149e-15
      Equation: "PotentialEquation"	RelError: 2.65421e-14	AbsError: 8.12149e-15
number of equations 8953
Iteration: 0
  Device: "part1_baseline"	RelError: 6.73618e+01	AbsError: 8.18523e+15
    Region: "bulk"	RelError: 6.72662e+01	AbsError: 8.18523e+15
      Equation: "ElectronContinuityEquation"	RelError: 4.10994e-01	AbsError: 7.83537e+15
      Equation: "HoleContinuityEquation"	RelError: 2.27641e+00	AbsError: 3.49859e+14
      Equation: "PotentialEquation"	RelError: 6.45787e+01	AbsError: 1.79861e-02
    Region: "oxide"	RelError: 9.56788e-02	AbsError: 2.00000e-02
      Equation: "PotentialEquation"	RelError: 9.56788e-02	AbsError: 2.00000e-02
Iteration: 1
  Device: "part1_baseline"	RelError: 6.68882e-01	AbsError: 6.45989e+14
    Region: "bulk"	RelError: 6.68467e-01	AbsError: 6.45989e+14
      Equation: "ElectronContinuityEquation"	RelError: 1.55089e-01	AbsError: 6.32229e+14
      Equation: "HoleContinuityEquation"	RelError: 3.87925e-01	AbsError: 1.37607e+13
      Equation: "PotentialEquation"	RelError: 1.25454e-01	AbsError: 1.75234e-04
    Region: "oxide"	RelError: 4.14865e-04	AbsError: 1.50846e-04
      Equation: "PotentialEquation"	RelError: 4.14865e-04	AbsError: 1.50846e-04
Iteration: 2
  Device: "part1_baseline"	RelError: 1.54124e-03	AbsError: 3.82683e+11
    Region: "bulk"	RelError: 1.54114e-03	AbsError: 3.82683e+11
      Equation: "ElectronContinuityEquation"	RelError: 7.44346e-04	AbsError: 3.77565e+11
      Equation: "HoleContinuityEquation"	RelError: 7.76278e-04	AbsError: 5.11834e+09
      Equation: "PotentialEquation"	RelError: 2.05114e-05	AbsError: 4.37395e-08
    Region: "oxide"	RelError: 1.05313e-07	AbsError: 3.19415e-08
      Equation: "PotentialEquation"	RelError: 1.05313e-07	AbsError: 3.19415e-08
Iteration: 3
  Device: "part1_baseline"	RelError: 1.95037e-09	AbsError: 1.01876e+05
    Region: "bulk"	RelError: 1.95033e-09	AbsError: 1.01876e+05
      Equation: "ElectronContinuityEquation"	RelError: 3.43455e-10	AbsError: 1.01558e+05
      Equation: "HoleContinuityEquation"	RelError: 1.60223e-09	AbsError: 3.18357e+02
      Equation: "PotentialEquation"	RelError: 4.64508e-12	AbsError: 1.49535e-14
    Region: "oxide"	RelError: 3.97939e-14	AbsError: 1.22625e-14
      Equation: "PotentialEquation"	RelError: 3.97939e-14	AbsError: 1.22625e-14
number of equations 8953
Iteration: 0
  Device: "part1_baseline"	RelError: 3.19192e+01	AbsError: 7.96241e+15
    Region: "bulk"	RelError: 3.18317e+01	AbsError: 7.96241e+15
      Equation: "ElectronContinuityEquation"	RelError: 4.11336e-01	AbsError: 7.61403e+15
      Equation: "HoleContinuityEquation"	RelError: 2.28762e+00	AbsError: 3.48379e+14
      Equation: "PotentialEquation"	RelError: 2.91328e+01	AbsError: 1.80131e-02
    Region: "oxide"	RelError: 8.74386e-02	AbsError: 2.00000e-02
      Equation: "PotentialEquation"	RelError: 8.74386e-02	AbsError: 2.00000e-02
Iteration: 1
  Device: "part1_baseline"	RelError: 5.85874e-01	AbsError: 8.49761e+14
    Region: "bulk"	RelError: 5.85416e-01	AbsError: 8.49761e+14
      Equation: "ElectronContinuityEquation"	RelError: 1.55351e-01	AbsError: 8.36353e+14
      Equation: "HoleContinuityEquation"	RelError: 3.89408e-01	AbsError: 1.34087e+13
      Equation: "PotentialEquation"	RelError: 4.06573e-02	AbsError: 1.93253e-04
    Region: "oxide"	RelError: 4.57415e-04	AbsError: 1.70572e-04
      Equation: "PotentialEquation"	RelError: 4.57415e-04	AbsError: 1.70572e-04
Iteration: 2
  Device: "part1_baseline"	RelError: 1.60600e-03	AbsError: 4.67468e+11
    Region: "bulk"	RelError: 1.60583e-03	AbsError: 4.67468e+11
      Equation: "ElectronContinuityEquation"	RelError: 7.93283e-04	AbsError: 4.62732e+11
      Equation: "HoleContinuityEquation"	RelError: 7.83569e-04	AbsError: 4.73594e+09
      Equation: "PotentialEquation"	RelError: 2.89802e-05	AbsError: 5.78794e-08
    Region: "oxide"	RelError: 1.68973e-07	AbsError: 4.88551e-08
      Equation: "PotentialEquation"	RelError: 1.68973e-07	AbsError: 4.88551e-08
Iteration: 3
  Device: "part1_baseline"	RelError: 2.61488e-09	AbsError: 1.38083e+05
    Region: "bulk"	RelError: 2.61483e-09	AbsError: 1.38083e+05
      Equation: "ElectronContinuityEquation"	RelError: 6.13438e-10	AbsError: 1.37798e+05
      Equation: "HoleContinuityEquation"	RelError: 1.98983e-09	AbsError: 2.84478e+02
      Equation: "PotentialEquation"	RelError: 1.15614e-11	AbsError: 1.99989e-14
    Region: "oxide"	RelError: 5.12709e-14	AbsError: 1.64637e-14
      Equation: "PotentialEquation"	RelError: 5.12709e-14	AbsError: 1.64637e-14
number of equations 8953
Iteration: 0
  Device: "part1_baseline"	RelError: 3.72388e+02	AbsError: 7.70034e+15
    Region: "bulk"	RelError: 3.72307e+02	AbsError: 7.70034e+15
      Equation: "ElectronContinuityEquation"	RelError: 4.11649e-01	AbsError: 7.35633e+15
      Equation: "HoleContinuityEquation"	RelError: 2.29801e+00	AbsError: 3.44016e+14
      Equation: "PotentialEquation"	RelError: 3.69597e+02	AbsError: 1.80379e-02
    Region: "oxide"	RelError: 8.05052e-02	AbsError: 2.00000e-02
      Equation: "PotentialEquation"	RelError: 8.05052e-02	AbsError: 2.00000e-02
Iteration: 1
  Device: "part1_baseline"	RelError: 1.01713e+00	AbsError: 1.09016e+15
    Region: "bulk"	RelError: 1.01663e+00	AbsError: 1.09016e+15
      Equation: "ElectronContinuityEquation"	RelError: 1.55565e-01	AbsError: 1.07736e+15
      Equation: "HoleContinuityEquation"	RelError: 3.90791e-01	AbsError: 1.27989e+13
      Equation: "PotentialEquation"	RelError: 4.70273e-01	AbsError: 2.09105e-04
    Region: "oxide"	RelError: 4.95561e-04	AbsError: 1.89226e-04
      Equation: "PotentialEquation"	RelError: 4.95561e-04	AbsError: 1.89226e-04
Iteration: 2
  Device: "part1_baseline"	RelError: 2.56979e-03	AbsError: 5.39231e+11
    Region: "bulk"	RelError: 2.56954e-03	AbsError: 5.39231e+11
      Equation: "ElectronContinuityEquation"	RelError: 8.56621e-04	AbsError: 5.35091e+11
      Equation: "HoleContinuityEquation"	RelError: 7.70897e-04	AbsError: 4.13978e+09
      Equation: "PotentialEquation"	RelError: 9.42019e-04	AbsError: 8.84692e-08
    Region: "oxide"	RelError: 2.49797e-07	AbsError: 7.59176e-08
      Equation: "PotentialEquation"	RelError: 2.49797e-07	AbsError: 7.59176e-08
Iteration: 3
  Device: "part1_baseline"	RelError: 3.72566e-09	AbsError: 1.59126e+05
    Region: "bulk"	RelError: 3.72557e-09	AbsError: 1.59126e+05
      Equation: "ElectronContinuityEquation"	RelError: 1.08714e-09	AbsError: 1.58627e+05
      Equation: "HoleContinuityEquation"	RelError: 2.38779e-09	AbsError: 4.98743e+02
      Equation: "PotentialEquation"	RelError: 2.50641e-10	AbsError: 2.74622e-14
    Region: "oxide"	RelError: 9.07151e-14	AbsError: 2.26075e-14
      Equation: "PotentialEquation"	RelError: 9.07151e-14	AbsError: 2.26075e-14
number of equations 8953
Iteration: 0
  Device: "part1_baseline"	RelError: 3.05875e+01	AbsError: 9.03899e+15
    Region: "bulk"	RelError: 3.05129e+01	AbsError: 9.03899e+15
      Equation: "ElectronContinuityEquation"	RelError: 4.11924e-01	AbsError: 8.70216e+15
      Equation: "HoleContinuityEquation"	RelError: 2.30720e+00	AbsError: 3.36823e+14
      Equation: "PotentialEquation"	RelError: 2.77938e+01	AbsError: 1.80597e-02
    Region: "oxide"	RelError: 7.45866e-02	AbsError: 2.00000e-02
      Equation: "PotentialEquation"	RelError: 7.45866e-02	AbsError: 2.00000e-02
Iteration: 1
  Device: "part1_baseline"	RelError: 6.16555e-01	AbsError: 1.35925e+15
    Region: "bulk"	RelError: 6.16028e-01	AbsError: 1.35925e+15
      Equation: "ElectronContinuityEquation"	RelError: 1.55708e-01	AbsError: 1.34725e+15
      Equation: "HoleContinuityEquation"	RelError: 3.92030e-01	AbsError: 1.19920e+13
      Equation: "PotentialEquation"	RelError: 6.82905e-02	AbsError: 2.23828e-04
    Region: "oxide"	RelError: 5.26766e-04	AbsError: 2.05637e-04
      Equation: "PotentialEquation"	RelError: 5.26766e-04	AbsError: 2.05637e-04
Iteration: 2
  Device: "part1_baseline"	RelError: 1.85152e-03	AbsError: 5.99882e+11
    Region: "bulk"	RelError: 1.85117e-03	AbsError: 5.99882e+11
      Equation: "ElectronContinuityEquation"	RelError: 9.36926e-04	AbsError: 5.96246e+11
      Equation: "HoleContinuityEquation"	RelError: 7.65788e-04	AbsError: 3.63598e+09
      Equation: "PotentialEquation"	RelError: 1.48452e-04	AbsError: 1.23784e-07
    Region: "oxide"	RelError: 3.56512e-07	AbsError: 1.07115e-07
      Equation: "PotentialEquation"	RelError: 3.56512e-07	AbsError: 1.07115e-07
Iteration: 3
  Device: "part1_baseline"	RelError: 4.62089e-09	AbsError: 2.59248e+05
    Region: "bulk"	RelError: 4.62068e-09	AbsError: 2.59248e+05
      Equation: "ElectronContinuityEquation"	RelError: 1.88082e-09	AbsError: 2.58224e+05
      Equation: "HoleContinuityEquation"	RelError: 2.65817e-09	AbsError: 1.02385e+03
      Equation: "PotentialEquation"	RelError: 8.16881e-11	AbsError: 6.30968e-14
    Region: "oxide"	RelError: 2.13942e-13	AbsError: 5.46759e-14
      Equation: "PotentialEquation"	RelError: 2.13942e-13	AbsError: 5.46759e-14
number of equations 8953
Iteration: 0
  Device: "part1_baseline"	RelError: 8.65165e+01	AbsError: 1.17143e+16
    Region: "bulk"	RelError: 8.64470e+01	AbsError: 1.17143e+16
      Equation: "ElectronContinuityEquation"	RelError: 4.12141e-01	AbsError: 1.13874e+16
      Equation: "HoleContinuityEquation"	RelError: 2.31464e+00	AbsError: 3.26919e+14
      Equation: "PotentialEquation"	RelError: 8.37202e+01	AbsError: 1.80772e-02
    Region: "oxide"	RelError: 6.94689e-02	AbsError: 2.00000e-02
      Equation: "PotentialEquation"	RelError: 6.94689e-02	AbsError: 2.00000e-02
Iteration: 1
  Device: "part1_baseline"	RelError: 7.19640e-01	AbsError: 1.64489e+15
    Region: "bulk"	RelError: 7.19064e-01	AbsError: 1.64489e+15
      Equation: "ElectronContinuityEquation"	RelError: 1.55735e-01	AbsError: 1.63317e+15
      Equation: "HoleContinuityEquation"	RelError: 3.93066e-01	AbsError: 1.17206e+13
      Equation: "PotentialEquation"	RelError: 1.70264e-01	AbsError: 2.34290e-04
    Region: "oxide"	RelError: 5.75252e-04	AbsError: 2.18653e-04
      Equation: "PotentialEquation"	RelError: 5.75252e-04	AbsError: 2.18653e-04
Iteration: 2
  Device: "part1_baseline"	RelError: 1.99904e-03	AbsError: 7.16697e+11
    Region: "bulk"	RelError: 1.99853e-03	AbsError: 7.16697e+11
      Equation: "ElectronContinuityEquation"	RelError: 1.03722e-03	AbsError: 7.13231e+11
      Equation: "HoleContinuityEquation"	RelError: 8.28119e-04	AbsError: 3.46516e+09
      Equation: "PotentialEquation"	RelError: 1.33195e-04	AbsError: 1.84515e-07
    Region: "oxide"	RelError: 5.15172e-07	AbsError: 1.62066e-07
      Equation: "PotentialEquation"	RelError: 5.15172e-07	AbsError: 1.62066e-07
Iteration: 3
  Device: "part1_baseline"	RelError: 6.37215e-09	AbsError: 5.83349e+05
    Region: "bulk"	RelError: 6.37169e-09	AbsError: 5.83349e+05
      Equation: "ElectronContinuityEquation"	RelError: 3.21718e-09	AbsError: 5.81162e+05
      Equation: "HoleContinuityEquation"	RelError: 2.83598e-09	AbsError: 2.18702e+03
      Equation: "PotentialEquation"	RelError: 3.18530e-10	AbsError: 1.66840e-13
    Region: "oxide"	RelError: 4.59777e-13	AbsError: 1.44639e-13
      Equation: "PotentialEquation"	RelError: 4.59777e-13	AbsError: 1.44639e-13
number of equations 8953
Iteration: 0
  Device: "part1_baseline"	RelError: 1.69477e+01	AbsError: 1.50646e+16
    Region: "bulk"	RelError: 1.68828e+01	AbsError: 1.50646e+16
      Equation: "ElectronContinuityEquation"	RelError: 4.12262e-01	AbsError: 1.47502e+16
      Equation: "HoleContinuityEquation"	RelError: 2.31915e+00	AbsError: 3.14470e+14
      Equation: "PotentialEquation"	RelError: 1.41513e+01	AbsError: 1.80879e-02
    Region: "oxide"	RelError: 6.49884e-02	AbsError: 2.00000e-02
      Equation: "PotentialEquation"	RelError: 6.49884e-02	AbsError: 2.00000e-02
Iteration: 1
  Device: "part1_baseline"	RelError: 5.78127e-01	AbsError: 1.93010e+15
    Region: "bulk"	RelError: 5.77447e-01	AbsError: 1.93010e+15
      Equation: "ElectronContinuityEquation"	RelError: 1.55563e-01	AbsError: 1.91836e+15
      Equation: "HoleContinuityEquation"	RelError: 3.93780e-01	AbsError: 1.17393e+13
      Equation: "PotentialEquation"	RelError: 2.81046e-02	AbsError: 2.81689e-04
    Region: "oxide"	RelError: 6.79617e-04	AbsError: 2.51303e-04
      Equation: "PotentialEquation"	RelError: 6.79617e-04	AbsError: 2.51303e-04
Iteration: 2
  Device: "part1_baseline"	RelError: 2.16447e-03	AbsError: 1.11451e+12
    Region: "bulk"	RelError: 2.16371e-03	AbsError: 1.11451e+12
      Equation: "ElectronContinuityEquation"	RelError: 1.15723e-03	AbsError: 1.11087e+12
      Equation: "HoleContinuityEquation"	RelError: 8.70845e-04	AbsError: 3.64101e+09
      Equation: "PotentialEquation"	RelError: 1.35631e-04	AbsError: 2.74624e-07
    Region: "oxide"	RelError: 7.65832e-07	AbsError: 2.43062e-07
      Equation: "PotentialEquation"	RelError: 7.65832e-07	AbsError: 2.43062e-07
Iteration: 3
  Device: "part1_baseline"	RelError: 1.10774e-08	AbsError: 1.58509e+06
    Region: "bulk"	RelError: 1.10761e-08	AbsError: 1.58509e+06
      Equation: "ElectronContinuityEquation"	RelError: 5.50334e-09	AbsError: 1.58066e+06
      Equation: "HoleContinuityEquation"	RelError: 5.40839e-09	AbsError: 4.43060e+03
      Equation: "PotentialEquation"	RelError: 1.64358e-10	AbsError: 5.01064e-13
    Region: "oxide"	RelError: 1.33000e-12	AbsError: 4.38908e-13
      Equation: "PotentialEquation"	RelError: 1.33000e-12	AbsError: 4.38908e-13
number of equations 8953
Iteration: 0
  Device: "part1_baseline"	RelError: 1.52984e+02	AbsError: 1.89922e+16
    Region: "bulk"	RelError: 1.52923e+02	AbsError: 1.89922e+16
      Equation: "ElectronContinuityEquation"	RelError: 4.12208e-01	AbsError: 1.86793e+16
      Equation: "HoleContinuityEquation"	RelError: 2.31882e+00	AbsError: 3.12878e+14
      Equation: "PotentialEquation"	RelError: 1.50191e+02	AbsError: 1.80871e-02
    Region: "oxide"	RelError: 6.10130e-02	AbsError: 2.00000e-02
      Equation: "PotentialEquation"	RelError: 6.10130e-02	AbsError: 2.00000e-02
Iteration: 1
  Device: "part1_baseline"	RelError: 1.08897e+00	AbsError: 2.19734e+15
    Region: "bulk"	RelError: 1.08818e+00	AbsError: 2.19734e+15
      Equation: "ElectronContinuityEquation"	RelError: 1.55065e-01	AbsError: 2.18578e+15
      Equation: "HoleContinuityEquation"	RelError: 3.93959e-01	AbsError: 1.15637e+13
      Equation: "PotentialEquation"	RelError: 5.39157e-01	AbsError: 3.30407e-04
    Region: "oxide"	RelError: 7.85299e-04	AbsError: 2.98999e-04
      Equation: "PotentialEquation"	RelError: 7.85299e-04	AbsError: 2.98999e-04
Iteration: 2
  Device: "part1_baseline"	RelError: 6.00169e-03	AbsError: 1.74460e+12
    Region: "bulk"	RelError: 6.00054e-03	AbsError: 1.74460e+12
      Equation: "ElectronContinuityEquation"	RelError: 1.28820e-03	AbsError: 1.73966e+12
      Equation: "HoleContinuityEquation"	RelError: 9.91564e-04	AbsError: 4.94368e+09
      Equation: "PotentialEquation"	RelError: 3.72077e-03	AbsError: 4.19496e-07
    Region: "oxide"	RelError: 1.15213e-06	AbsError: 3.73883e-07
      Equation: "PotentialEquation"	RelError: 1.15213e-06	AbsError: 3.73883e-07
Iteration: 3
  Device: "part1_baseline"	RelError: 2.28439e-08	AbsError: 4.51916e+06
    Region: "bulk"	RelError: 2.28401e-08	AbsError: 4.51916e+06
      Equation: "ElectronContinuityEquation"	RelError: 9.33658e-09	AbsError: 4.51157e+06
      Equation: "HoleContinuityEquation"	RelError: 9.99255e-09	AbsError: 7.58734e+03
      Equation: "PotentialEquation"	RelError: 3.51094e-09	AbsError: 1.42536e-12
    Region: "oxide"	RelError: 3.86908e-12	AbsError: 1.25557e-12
      Equation: "PotentialEquation"	RelError: 3.86908e-12	AbsError: 1.25557e-12
number of equations 8953
Iteration: 0
  Device: "part1_baseline"	RelError: 5.69066e+01	AbsError: 2.34457e+16
    Region: "bulk"	RelError: 5.68492e+01	AbsError: 2.34457e+16
      Equation: "ElectronContinuityEquation"	RelError: 4.11831e-01	AbsError: 2.31347e+16
      Equation: "HoleContinuityEquation"	RelError: 2.30958e+00	AbsError: 3.11031e+14
      Equation: "PotentialEquation"	RelError: 5.41278e+01	AbsError: 1.80653e-02
    Region: "oxide"	RelError: 5.74257e-02	AbsError: 2.00000e-02
      Equation: "PotentialEquation"	RelError: 5.74257e-02	AbsError: 2.00000e-02
Iteration: 1
  Device: "part1_baseline"	RelError: 6.39119e-01	AbsError: 2.43404e+15
    Region: "bulk"	RelError: 6.38208e-01	AbsError: 2.43404e+15
      Equation: "ElectronContinuityEquation"	RelError: 1.54002e-01	AbsError: 2.42280e+15
      Equation: "HoleContinuityEquation"	RelError: 3.93191e-01	AbsError: 1.12439e+13
      Equation: "PotentialEquation"	RelError: 9.10156e-02	AbsError: 3.80672e-04
    Region: "oxide"	RelError: 9.10775e-04	AbsError: 3.42497e-04
      Equation: "PotentialEquation"	RelError: 9.10775e-04	AbsError: 3.42497e-04
Iteration: 2
  Device: "part1_baseline"	RelError: 3.38240e-03	AbsError: 2.70636e+12
    Region: "bulk"	RelError: 3.38066e-03	AbsError: 2.70636e+12
      Equation: "ElectronContinuityEquation"	RelError: 1.40688e-03	AbsError: 2.69878e+12
      Equation: "HoleContinuityEquation"	RelError: 1.11720e-03	AbsError: 7.57540e+09
      Equation: "PotentialEquation"	RelError: 8.56577e-04	AbsError: 6.46397e-07
    Region: "oxide"	RelError: 1.74585e-06	AbsError: 5.75508e-07
      Equation: "PotentialEquation"	RelError: 1.74585e-06	AbsError: 5.75508e-07
Iteration: 3
  Device: "part1_baseline"	RelError: 3.09829e-08	AbsError: 1.26775e+07
    Region: "bulk"	RelError: 3.09724e-08	AbsError: 1.26775e+07
      Equation: "ElectronContinuityEquation"	RelError: 1.53317e-08	AbsError: 1.26514e+07
      Equation: "HoleContinuityEquation"	RelError: 1.42361e-08	AbsError: 2.60534e+04
      Equation: "PotentialEquation"	RelError: 1.40466e-09	AbsError: 3.99565e-12
    Region: "oxide"	RelError: 1.05747e-11	AbsError: 3.53751e-12
      Equation: "PotentialEquation"	RelError: 1.05747e-11	AbsError: 3.53751e-12
number of equations 8953
Iteration: 0
  Device: "part1_baseline"	RelError: 3.63868e+01	AbsError: 2.83591e+16
    Region: "bulk"	RelError: 3.63326e+01	AbsError: 2.83591e+16
      Equation: "ElectronContinuityEquation"	RelError: 4.10933e-01	AbsError: 2.80530e+16
      Equation: "HoleContinuityEquation"	RelError: 2.28541e+00	AbsError: 3.06078e+14
      Equation: "PotentialEquation"	RelError: 3.36363e+01	AbsError: 1.80078e-02
    Region: "oxide"	RelError: 5.41232e-02	AbsError: 2.00000e-02
      Equation: "PotentialEquation"	RelError: 5.41232e-02	AbsError: 2.00000e-02
Iteration: 1
  Device: "part1_baseline"	RelError: 7.69008e-01	AbsError: 2.63591e+15
    Region: "bulk"	RelError: 7.67926e-01	AbsError: 2.63591e+15
      Equation: "ElectronContinuityEquation"	RelError: 1.51896e-01	AbsError: 2.62508e+15
      Equation: "HoleContinuityEquation"	RelError: 3.90770e-01	AbsError: 1.08327e+13
      Equation: "PotentialEquation"	RelError: 2.25260e-01	AbsError: 4.62025e-04
    Region: "oxide"	RelError: 1.08259e-03	AbsError: 4.17063e-04
      Equation: "PotentialEquation"	RelError: 1.08259e-03	AbsError: 4.17063e-04
Iteration: 2
  Device: "part1_baseline"	RelError: 3.59495e-03	AbsError: 4.10167e+12
    Region: "bulk"	RelError: 3.59243e-03	AbsError: 4.10167e+12
      Equation: "ElectronContinuityEquation"	RelError: 1.47669e-03	AbsError: 4.08985e+12
      Equation: "HoleContinuityEquation"	RelError: 1.31821e-03	AbsError: 1.18179e+10
      Equation: "PotentialEquation"	RelError: 7.97524e-04	AbsError: 9.60610e-07
    Region: "oxide"	RelError: 2.52404e-06	AbsError: 8.58098e-07
      Equation: "PotentialEquation"	RelError: 2.52404e-06	AbsError: 8.58098e-07
Iteration: 3
  Device: "part1_baseline"	RelError: 5.32915e-08	AbsError: 3.14435e+07
    Region: "bulk"	RelError: 5.32660e-08	AbsError: 3.14435e+07
      Equation: "ElectronContinuityEquation"	RelError: 2.33868e-08	AbsError: 3.13499e+07
      Equation: "HoleContinuityEquation"	RelError: 2.46626e-08	AbsError: 9.35504e+04
      Equation: "PotentialEquation"	RelError: 5.21663e-09	AbsError: 9.85375e-12
    Region: "oxide"	RelError: 2.55239e-11	AbsError: 8.68391e-12
      Equation: "PotentialEquation"	RelError: 2.55239e-11	AbsError: 8.68391e-12
number of equations 8953
Iteration: 0
  Device: "part1_baseline"	RelError: 2.39682e+01	AbsError: 3.36629e+16
    Region: "bulk"	RelError: 2.39172e+01	AbsError: 3.36629e+16
      Equation: "ElectronContinuityEquation"	RelError: 4.09011e-01	AbsError: 3.33655e+16
      Equation: "HoleContinuityEquation"	RelError: 2.23575e+00	AbsError: 2.97384e+14
      Equation: "PotentialEquation"	RelError: 2.12725e+01	AbsError: 1.78868e-02
    Region: "oxide"	RelError: 5.09754e-02	AbsError: 2.00000e-02
      Equation: "PotentialEquation"	RelError: 5.09754e-02	AbsError: 2.00000e-02
Iteration: 1
  Device: "part1_baseline"	RelError: 1.86112e+00	AbsError: 2.80855e+15
    Region: "bulk"	RelError: 1.85985e+00	AbsError: 2.80855e+15
      Equation: "ElectronContinuityEquation"	RelError: 1.48198e-01	AbsError: 2.79703e+15
      Equation: "HoleContinuityEquation"	RelError: 3.85472e-01	AbsError: 1.15263e+13
      Equation: "PotentialEquation"	RelError: 1.32618e+00	AbsError: 5.44877e-04
    Region: "oxide"	RelError: 1.26885e-03	AbsError: 4.90210e-04
      Equation: "PotentialEquation"	RelError: 1.26885e-03	AbsError: 4.90210e-04
Iteration: 2
  Device: "part1_baseline"	RelError: 4.21479e-03	AbsError: 5.71825e+12
    Region: "bulk"	RelError: 4.21147e-03	AbsError: 5.71825e+12
      Equation: "ElectronContinuityEquation"	RelError: 1.44514e-03	AbsError: 5.70173e+12
      Equation: "HoleContinuityEquation"	RelError: 1.54136e-03	AbsError: 1.65190e+10
      Equation: "PotentialEquation"	RelError: 1.22497e-03	AbsError: 1.30510e-06
    Region: "oxide"	RelError: 3.31326e-06	AbsError: 1.16508e-06
      Equation: "PotentialEquation"	RelError: 3.31326e-06	AbsError: 1.16508e-06
Iteration: 3
  Device: "part1_baseline"	RelError: 8.66317e-08	AbsError: 5.96797e+07
    Region: "bulk"	RelError: 8.65845e-08	AbsError: 5.96797e+07
      Equation: "ElectronContinuityEquation"	RelError: 3.12895e-08	AbsError: 5.94650e+07
      Equation: "HoleContinuityEquation"	RelError: 3.64198e-08	AbsError: 2.14627e+05
      Equation: "PotentialEquation"	RelError: 1.88752e-08	AbsError: 1.88958e-11
    Region: "oxide"	RelError: 4.72205e-11	AbsError: 1.66048e-11
      Equation: "PotentialEquation"	RelError: 4.72205e-11	AbsError: 1.66048e-11
number of equations 8953
Iteration: 0
  Device: "part1_baseline"	RelError: 1.21679e+01	AbsError: 3.92984e+16
    Region: "bulk"	RelError: 1.21201e+01	AbsError: 3.92984e+16
      Equation: "ElectronContinuityEquation"	RelError: 4.05441e-01	AbsError: 3.90142e+16
      Equation: "HoleContinuityEquation"	RelError: 2.14588e+00	AbsError: 2.84278e+14
      Equation: "PotentialEquation"	RelError: 9.56873e+00	AbsError: 1.76583e-02
    Region: "oxide"	RelError: 4.78534e-02	AbsError: 2.00000e-02
      Equation: "PotentialEquation"	RelError: 4.78534e-02	AbsError: 2.00000e-02
Iteration: 1
  Device: "part1_baseline"	RelError: 8.56424e-01	AbsError: 3.03440e+15
    Region: "bulk"	RelError: 8.54965e-01	AbsError: 3.03440e+15
      Equation: "ElectronContinuityEquation"	RelError: 1.41776e-01	AbsError: 3.02189e+15
      Equation: "HoleContinuityEquation"	RelError: 3.75389e-01	AbsError: 1.25112e+13
      Equation: "PotentialEquation"	RelError: 3.37800e-01	AbsError: 6.34032e-04
    Region: "oxide"	RelError: 1.45849e-03	AbsError: 5.70784e-04
      Equation: "PotentialEquation"	RelError: 1.45849e-03	AbsError: 5.70784e-04
Iteration: 2
  Device: "part1_baseline"	RelError: 3.93384e-03	AbsError: 6.83211e+12
    Region: "bulk"	RelError: 3.92982e-03	AbsError: 6.83211e+12
      Equation: "ElectronContinuityEquation"	RelError: 1.28179e-03	AbsError: 6.81355e+12
      Equation: "HoleContinuityEquation"	RelError: 1.77966e-03	AbsError: 1.85625e+10
      Equation: "PotentialEquation"	RelError: 8.68378e-04	AbsError: 1.81090e-06
    Region: "oxide"	RelError: 4.01905e-06	AbsError: 1.60030e-06
      Equation: "PotentialEquation"	RelError: 4.01905e-06	AbsError: 1.60030e-06
Iteration: 3
  Device: "part1_baseline"	RelError: 9.75647e-08	AbsError: 9.50403e+07
    Region: "bulk"	RelError: 9.75145e-08	AbsError: 9.50403e+07
      Equation: "ElectronContinuityEquation"	RelError: 3.47195e-08	AbsError: 9.47772e+07
      Equation: "HoleContinuityEquation"	RelError: 5.14312e-08	AbsError: 2.63022e+05
      Equation: "PotentialEquation"	RelError: 1.13638e-08	AbsError: 2.11361e-11
    Region: "oxide"	RelError: 5.02275e-11	AbsError: 1.84598e-11
      Equation: "PotentialEquation"	RelError: 5.02275e-11	AbsError: 1.84598e-11
number of equations 8953
Iteration: 0
  Device: "part1_baseline"	RelError: 5.33887e+01	AbsError: 4.52251e+16
    Region: "bulk"	RelError: 5.33441e+01	AbsError: 4.52251e+16
      Equation: "ElectronContinuityEquation"	RelError: 3.99126e-01	AbsError: 4.49593e+16
      Equation: "HoleContinuityEquation"	RelError: 1.99906e+00	AbsError: 2.65874e+14
      Equation: "PotentialEquation"	RelError: 5.09459e+01	AbsError: 1.72554e-02
    Region: "oxide"	RelError: 4.46061e-02	AbsError: 2.00000e-02
      Equation: "PotentialEquation"	RelError: 4.46061e-02	AbsError: 2.00000e-02
Iteration: 1
  Device: "part1_baseline"	RelError: 3.10628e+00	AbsError: 3.44371e+15
    Region: "bulk"	RelError: 3.10465e+00	AbsError: 3.44371e+15
      Equation: "ElectronContinuityEquation"	RelError: 1.31635e-01	AbsError: 3.43040e+15
      Equation: "HoleContinuityEquation"	RelError: 3.57849e-01	AbsError: 1.33100e+13
      Equation: "PotentialEquation"	RelError: 2.61517e+00	AbsError: 7.17500e-04
    Region: "oxide"	RelError: 1.62452e-03	AbsError: 6.47672e-04
      Equation: "PotentialEquation"	RelError: 1.62452e-03	AbsError: 6.47672e-04
Iteration: 2
  Device: "part1_baseline"	RelError: 4.64818e-03	AbsError: 7.51372e+12
    Region: "bulk"	RelError: 4.64234e-03	AbsError: 7.51372e+12
      Equation: "ElectronContinuityEquation"	RelError: 9.98709e-04	AbsError: 7.49834e+12
      Equation: "HoleContinuityEquation"	RelError: 1.98439e-03	AbsError: 1.53769e+10
      Equation: "PotentialEquation"	RelError: 1.65924e-03	AbsError: 2.65518e-06
    Region: "oxide"	RelError: 5.84172e-06	AbsError: 2.32903e-06
      Equation: "PotentialEquation"	RelError: 5.84172e-06	AbsError: 2.32903e-06
Iteration: 3
  Device: "part1_baseline"	RelError: 1.98423e-07	AbsError: 1.65366e+08
    Region: "bulk"	RelError: 1.98329e-07	AbsError: 1.65366e+08
      Equation: "ElectronContinuityEquation"	RelError: 2.82088e-08	AbsError: 1.65170e+08
      Equation: "HoleContinuityEquation"	RelError: 6.44320e-08	AbsError: 1.96784e+05
      Equation: "PotentialEquation"	RelError: 1.05688e-07	AbsError: 4.22512e-11
    Region: "oxide"	RelError: 9.45952e-11	AbsError: 3.81444e-11
      Equation: "PotentialEquation"	RelError: 9.45952e-11	AbsError: 3.81444e-11
number of equations 8953
Iteration: 0
  Device: "part1_baseline"	RelError: 1.83915e+01	AbsError: 5.14162e+16
    Region: "bulk"	RelError: 1.83504e+01	AbsError: 5.14162e+16
      Equation: "ElectronContinuityEquation"	RelError: 3.88790e-01	AbsError: 5.11743e+16
      Equation: "HoleContinuityEquation"	RelError: 1.78488e+00	AbsError: 2.41818e+14
      Equation: "PotentialEquation"	RelError: 1.61768e+01	AbsError: 1.65916e-02
    Region: "oxide"	RelError: 4.10791e-02	AbsError: 2.00000e-02
      Equation: "PotentialEquation"	RelError: 4.10791e-02	AbsError: 2.00000e-02
Iteration: 1
  Device: "part1_baseline"	RelError: 1.99274e+00	AbsError: 3.83200e+15
    Region: "bulk"	RelError: 1.99099e+00	AbsError: 3.83200e+15
      Equation: "ElectronContinuityEquation"	RelError: 1.16822e-01	AbsError: 3.81764e+15
      Equation: "HoleContinuityEquation"	RelError: 3.29955e-01	AbsError: 1.43667e+13
      Equation: "PotentialEquation"	RelError: 1.54421e+00	AbsError: 7.82060e-04
    Region: "oxide"	RelError: 1.74649e-03	AbsError: 7.06640e-04
      Equation: "PotentialEquation"	RelError: 1.74649e-03	AbsError: 7.06640e-04
Iteration: 2
  Device: "part1_baseline"	RelError: 6.04593e-03	AbsError: 8.94082e+12
    Region: "bulk"	RelError: 6.03859e-03	AbsError: 8.94082e+12
      Equation: "ElectronContinuityEquation"	RelError: 6.40173e-04	AbsError: 8.90769e+12
      Equation: "HoleContinuityEquation"	RelError: 2.12149e-03	AbsError: 3.31273e+10
      Equation: "PotentialEquation"	RelError: 3.27692e-03	AbsError: 3.40409e-06
    Region: "oxide"	RelError: 7.33992e-06	AbsError: 2.97260e-06
      Equation: "PotentialEquation"	RelError: 7.33992e-06	AbsError: 2.97260e-06
Iteration: 3
  Device: "part1_baseline"	RelError: 1.53261e-07	AbsError: 2.77126e+08
    Region: "bulk"	RelError: 1.53085e-07	AbsError: 2.77126e+08
      Equation: "ElectronContinuityEquation"	RelError: 1.05482e-08	AbsError: 2.76785e+08
      Equation: "HoleContinuityEquation"	RelError: 7.34628e-08	AbsError: 3.41445e+05
      Equation: "PotentialEquation"	RelError: 6.90744e-08	AbsError: 8.04805e-11
    Region: "oxide"	RelError: 1.75996e-10	AbsError: 7.16599e-11
      Equation: "PotentialEquation"	RelError: 1.75996e-10	AbsError: 7.16599e-11
number of equations 8953
Iteration: 0
  Device: "part1_baseline"	RelError: 1.62780e+01	AbsError: 5.78516e+16
    Region: "bulk"	RelError: 1.62408e+01	AbsError: 5.78516e+16
      Equation: "ElectronContinuityEquation"	RelError: 3.73214e-01	AbsError: 5.76346e+16
      Equation: "HoleContinuityEquation"	RelError: 1.51551e+00	AbsError: 2.16944e+14
      Equation: "PotentialEquation"	RelError: 1.43521e+01	AbsError: 1.55962e-02
    Region: "oxide"	RelError: 3.71629e-02	AbsError: 2.00000e-02
      Equation: "PotentialEquation"	RelError: 3.71629e-02	AbsError: 2.00000e-02
Iteration: 1
  Device: "part1_baseline"	RelError: 1.12477e+00	AbsError: 4.16346e+15
    Region: "bulk"	RelError: 1.12297e+00	AbsError: 4.16346e+15
      Equation: "ElectronContinuityEquation"	RelError: 9.77002e-02	AbsError: 4.14780e+15
      Equation: "HoleContinuityEquation"	RelError: 2.90765e-01	AbsError: 1.56642e+13
      Equation: "PotentialEquation"	RelError: 7.34502e-01	AbsError: 8.22700e-04
    Region: "oxide"	RelError: 1.79925e-03	AbsError: 7.43041e-04
      Equation: "PotentialEquation"	RelError: 1.79925e-03	AbsError: 7.43041e-04
Iteration: 2
  Device: "part1_baseline"	RelError: 4.51610e-03	AbsError: 9.43989e+12
    Region: "bulk"	RelError: 4.50827e-03	AbsError: 9.43989e+12
      Equation: "ElectronContinuityEquation"	RelError: 3.35380e-04	AbsError: 9.38804e+12
      Equation: "HoleContinuityEquation"	RelError: 2.13364e-03	AbsError: 5.18463e+10
      Equation: "PotentialEquation"	RelError: 2.03925e-03	AbsError: 3.72433e-06
    Region: "oxide"	RelError: 7.83095e-06	AbsError: 3.23757e-06
      Equation: "PotentialEquation"	RelError: 7.83095e-06	AbsError: 3.23757e-06
Iteration: 3
  Device: "part1_baseline"	RelError: 9.42695e-08	AbsError: 3.23739e+08
    Region: "bulk"	RelError: 9.40538e-08	AbsError: 3.23739e+08
      Equation: "ElectronContinuityEquation"	RelError: 8.48409e-09	AbsError: 3.22898e+08
      Equation: "HoleContinuityEquation"	RelError: 7.07914e-08	AbsError: 8.41276e+05
      Equation: "PotentialEquation"	RelError: 1.47783e-08	AbsError: 1.01165e-10
    Region: "oxide"	RelError: 2.15668e-10	AbsError: 8.91640e-11
      Equation: "PotentialEquation"	RelError: 2.15668e-10	AbsError: 8.91640e-11
number of equations 8953
Iteration: 0
  Device: "part1_baseline"	RelError: 5.44024e+00	AbsError: 6.45005e+16
    Region: "bulk"	RelError: 5.40595e+00	AbsError: 6.45005e+16
      Equation: "ElectronContinuityEquation"	RelError: 3.51800e-01	AbsError: 6.43084e+16
      Equation: "HoleContinuityEquation"	RelError: 1.22734e+00	AbsError: 1.92117e+14
      Equation: "PotentialEquation"	RelError: 3.82681e+00	AbsError: 1.42647e-02
    Region: "oxide"	RelError: 3.42982e-02	AbsError: 2.00000e-02
      Equation: "PotentialEquation"	RelError: 3.42982e-02	AbsError: 2.00000e-02
Iteration: 1
  Device: "part1_baseline"	RelError: 6.40049e-01	AbsError: 4.42204e+15
    Region: "bulk"	RelError: 6.38246e-01	AbsError: 4.42204e+15
      Equation: "ElectronContinuityEquation"	RelError: 7.65248e-02	AbsError: 4.40635e+15
      Equation: "HoleContinuityEquation"	RelError: 2.42796e-01	AbsError: 1.56845e+13
      Equation: "PotentialEquation"	RelError: 3.18925e-01	AbsError: 8.57574e-04
    Region: "oxide"	RelError: 1.80366e-03	AbsError: 7.70233e-04
      Equation: "PotentialEquation"	RelError: 1.80366e-03	AbsError: 7.70233e-04
Iteration: 2
  Device: "part1_baseline"	RelError: 3.86397e-03	AbsError: 9.96133e+12
    Region: "bulk"	RelError: 3.85618e-03	AbsError: 9.96133e+12
      Equation: "ElectronContinuityEquation"	RelError: 3.72681e-04	AbsError: 9.89687e+12
      Equation: "HoleContinuityEquation"	RelError: 2.00622e-03	AbsError: 6.44642e+10
      Equation: "PotentialEquation"	RelError: 1.47727e-03	AbsError: 3.99683e-06
    Region: "oxide"	RelError: 7.79161e-06	AbsError: 3.45541e-06
      Equation: "PotentialEquation"	RelError: 7.79161e-06	AbsError: 3.45541e-06
Iteration: 3
  Device: "part1_baseline"	RelError: 1.16312e-07	AbsError: 3.28517e+08
    Region: "bulk"	RelError: 1.16100e-07	AbsError: 3.28517e+08
      Equation: "ElectronContinuityEquation"	RelError: 1.09243e-08	AbsError: 3.27367e+08
      Equation: "HoleContinuityEquation"	RelError: 7.22892e-08	AbsError: 1.14987e+06
      Equation: "PotentialEquation"	RelError: 3.28869e-08	AbsError: 1.07541e-10
    Region: "oxide"	RelError: 2.11915e-10	AbsError: 9.46949e-11
      Equation: "PotentialEquation"	RelError: 2.11915e-10	AbsError: 9.46949e-11
number of equations 8953
Iteration: 0
  Device: "part1_baseline"	RelError: 5.90982e+01	AbsError: 7.13201e+16
    Region: "bulk"	RelError: 5.90650e+01	AbsError: 7.13201e+16
      Equation: "ElectronContinuityEquation"	RelError: 3.25505e-01	AbsError: 7.11555e+16
      Equation: "HoleContinuityEquation"	RelError: 9.64443e-01	AbsError: 1.64643e+14
      Equation: "PotentialEquation"	RelError: 5.77751e+01	AbsError: 1.27093e-02
    Region: "oxide"	RelError: 3.31608e-02	AbsError: 2.00000e-02
      Equation: "PotentialEquation"	RelError: 3.31608e-02	AbsError: 2.00000e-02
Iteration: 1
  Device: "part1_baseline"	RelError: 1.07466e+00	AbsError: 4.64337e+15
    Region: "bulk"	RelError: 1.07284e+00	AbsError: 4.64337e+15
      Equation: "ElectronContinuityEquation"	RelError: 5.66443e-02	AbsError: 4.62901e+15
      Equation: "HoleContinuityEquation"	RelError: 1.92811e-01	AbsError: 1.43586e+13
      Equation: "PotentialEquation"	RelError: 8.23389e-01	AbsError: 8.90624e-04
    Region: "oxide"	RelError: 1.81314e-03	AbsError: 8.08490e-04
      Equation: "PotentialEquation"	RelError: 1.81314e-03	AbsError: 8.08490e-04
Iteration: 2
  Device: "part1_baseline"	RelError: 6.11594e-03	AbsError: 1.23760e+13
    Region: "bulk"	RelError: 6.10699e-03	AbsError: 1.23760e+13
      Equation: "ElectronContinuityEquation"	RelError: 2.85968e-04	AbsError: 1.23122e+13
      Equation: "HoleContinuityEquation"	RelError: 1.63258e-03	AbsError: 6.37865e+10
      Equation: "PotentialEquation"	RelError: 4.18843e-03	AbsError: 4.60734e-06
    Region: "oxide"	RelError: 8.95538e-06	AbsError: 4.01857e-06
      Equation: "PotentialEquation"	RelError: 8.95538e-06	AbsError: 4.01857e-06
Iteration: 3
  Device: "part1_baseline"	RelError: 2.00207e-07	AbsError: 4.70345e+08
    Region: "bulk"	RelError: 1.99916e-07	AbsError: 4.70345e+08
      Equation: "ElectronContinuityEquation"	RelError: 1.02825e-08	AbsError: 4.68950e+08
      Equation: "HoleContinuityEquation"	RelError: 7.59687e-08	AbsError: 1.39547e+06
      Equation: "PotentialEquation"	RelError: 1.13665e-07	AbsError: 1.49148e-10
    Region: "oxide"	RelError: 2.91444e-10	AbsError: 1.31168e-10
      Equation: "PotentialEquation"	RelError: 2.91444e-10	AbsError: 1.31168e-10
number of equations 8953
Iteration: 0
  Device: "part1_baseline"	RelError: 1.76642e+01	AbsError: 7.82689e+16
    Region: "bulk"	RelError: 1.76321e+01	AbsError: 7.82689e+16
      Equation: "ElectronContinuityEquation"	RelError: 2.96637e-01	AbsError: 7.81310e+16
      Equation: "HoleContinuityEquation"	RelError: 7.51957e-01	AbsError: 1.37823e+14
      Equation: "PotentialEquation"	RelError: 1.65835e+01	AbsError: 1.11110e-02
    Region: "oxide"	RelError: 3.20965e-02	AbsError: 2.00000e-02
      Equation: "PotentialEquation"	RelError: 3.20965e-02	AbsError: 2.00000e-02
Iteration: 1
  Device: "part1_baseline"	RelError: 1.31130e+01	AbsError: 4.89482e+15
    Region: "bulk"	RelError: 1.31114e+01	AbsError: 4.89482e+15
      Equation: "ElectronContinuityEquation"	RelError: 4.06250e-02	AbsError: 4.88248e+15
      Equation: "HoleContinuityEquation"	RelError: 1.47750e-01	AbsError: 1.23345e+13
      Equation: "PotentialEquation"	RelError: 1.29230e+01	AbsError: 8.26864e-04
    Region: "oxide"	RelError: 1.66505e-03	AbsError: 7.59612e-04
      Equation: "PotentialEquation"	RelError: 1.66505e-03	AbsError: 7.59612e-04
Iteration: 2
  Device: "part1_baseline"	RelError: 5.05048e-02	AbsError: 1.15478e+13
    Region: "bulk"	RelError: 5.04974e-02	AbsError: 1.15478e+13
      Equation: "ElectronContinuityEquation"	RelError: 1.72930e-04	AbsError: 1.14986e+13
      Equation: "HoleContinuityEquation"	RelError: 1.15062e-03	AbsError: 4.92662e+10
      Equation: "PotentialEquation"	RelError: 4.91738e-02	AbsError: 3.86122e-06
    Region: "oxide"	RelError: 7.41632e-06	AbsError: 3.39944e-06
      Equation: "PotentialEquation"	RelError: 7.41632e-06	AbsError: 3.39944e-06
Iteration: 3
  Device: "part1_baseline"	RelError: 1.03045e-06	AbsError: 3.33189e+08
    Region: "bulk"	RelError: 1.03026e-06	AbsError: 3.33189e+08
      Equation: "ElectronContinuityEquation"	RelError: 6.91982e-09	AbsError: 3.32323e+08
      Equation: "HoleContinuityEquation"	RelError: 4.69079e-08	AbsError: 8.66110e+05
      Equation: "PotentialEquation"	RelError: 9.76429e-07	AbsError: 9.86848e-11
    Region: "oxide"	RelError: 1.90749e-10	AbsError: 8.74567e-11
      Equation: "PotentialEquation"	RelError: 1.90749e-10	AbsError: 8.74567e-11
Iteration: 4
  Device: "part1_baseline"	RelError: 5.56115e-16	AbsError: 2.65053e-01
    Region: "bulk"	RelError: 5.55982e-16	AbsError: 2.65053e-01
      Equation: "ElectronContinuityEquation"	RelError: 5.28503e-18	AbsError: 2.64613e-01
      Equation: "HoleContinuityEquation"	RelError: 4.34042e-17	AbsError: 4.39378e-04
      Equation: "PotentialEquation"	RelError: 5.07292e-16	AbsError: 6.79334e-20
    Region: "oxide"	RelError: 1.33059e-19	AbsError: 6.10061e-20
      Equation: "PotentialEquation"	RelError: 1.33059e-19	AbsError: 6.10061e-20
number of equations 8953
Iteration: 0
  Device: "part1_baseline"	RelError: 5.53741e+01	AbsError: 8.53034e+16
    Region: "bulk"	RelError: 5.53430e+01	AbsError: 8.53034e+16
      Equation: "ElectronContinuityEquation"	RelError: 2.67859e-01	AbsError: 8.51894e+16
      Equation: "HoleContinuityEquation"	RelError: 5.92341e-01	AbsError: 1.14020e+14
      Equation: "PotentialEquation"	RelError: 5.44828e+01	AbsError: 9.62988e-03
    Region: "oxide"	RelError: 3.10983e-02	AbsError: 2.00000e-02
      Equation: "PotentialEquation"	RelError: 3.10983e-02	AbsError: 2.00000e-02
Iteration: 1
  Device: "part1_baseline"	RelError: 5.90272e+01	AbsError: 4.91154e+15
    Region: "bulk"	RelError: 5.90258e+01	AbsError: 4.91154e+15
      Equation: "ElectronContinuityEquation"	RelError: 2.89995e-02	AbsError: 4.90115e+15
      Equation: "HoleContinuityEquation"	RelError: 1.11382e-01	AbsError: 1.03903e+13
      Equation: "PotentialEquation"	RelError: 5.88854e+01	AbsError: 7.09174e-04
    Region: "oxide"	RelError: 1.42245e-03	AbsError: 6.61021e-04
      Equation: "PotentialEquation"	RelError: 1.42245e-03	AbsError: 6.61021e-04
Iteration: 2
  Device: "part1_baseline"	RelError: 1.66189e-01	AbsError: 8.43868e+12
    Region: "bulk"	RelError: 1.66184e-01	AbsError: 8.43868e+12
      Equation: "ElectronContinuityEquation"	RelError: 1.43325e-04	AbsError: 8.40650e+12
      Equation: "HoleContinuityEquation"	RelError: 7.34543e-04	AbsError: 3.21738e+10
      Equation: "PotentialEquation"	RelError: 1.65306e-01	AbsError: 2.61861e-06
    Region: "oxide"	RelError: 4.98078e-06	AbsError: 2.32042e-06
      Equation: "PotentialEquation"	RelError: 4.98078e-06	AbsError: 2.32042e-06
Iteration: 3
  Device: "part1_baseline"	RelError: 1.92703e-06	AbsError: 1.44605e+08
    Region: "bulk"	RelError: 1.92695e-06	AbsError: 1.44605e+08
      Equation: "ElectronContinuityEquation"	RelError: 4.35645e-09	AbsError: 1.44248e+08
      Equation: "HoleContinuityEquation"	RelError: 2.05366e-08	AbsError: 3.57320e+05
      Equation: "PotentialEquation"	RelError: 1.90206e-06	AbsError: 4.08885e-11
    Region: "oxide"	RelError: 7.79295e-11	AbsError: 3.63915e-11
      Equation: "PotentialEquation"	RelError: 7.79295e-11	AbsError: 3.63915e-11
Iteration: 4
  Device: "part1_baseline"	RelError: 2.91008e-16	AbsError: 4.29150e-02
    Region: "bulk"	RelError: 2.90988e-16	AbsError: 4.29150e-02
      Equation: "ElectronContinuityEquation"	RelError: 1.40432e-18	AbsError: 4.28475e-02
      Equation: "HoleContinuityEquation"	RelError: 8.02497e-18	AbsError: 6.74840e-05
      Equation: "PotentialEquation"	RelError: 2.81559e-16	AbsError: 1.05118e-20
    Region: "oxide"	RelError: 2.02771e-20	AbsError: 9.47754e-21
      Equation: "PotentialEquation"	RelError: 2.02771e-20	AbsError: 9.47754e-21
number of equations 8953
Iteration: 0
  Device: "part1_baseline"	RelError: 5.55373e+02	AbsError: 9.23807e+16
    Region: "bulk"	RelError: 5.55343e+02	AbsError: 9.23807e+16
      Equation: "ElectronContinuityEquation"	RelError: 2.41156e-01	AbsError: 9.22866e+16
      Equation: "HoleContinuityEquation"	RelError: 4.76077e-01	AbsError: 9.40659e+13
      Equation: "PotentialEquation"	RelError: 5.54626e+02	AbsError: 8.34936e-03
    Region: "oxide"	RelError: 3.01604e-02	AbsError: 2.00000e-02
      Equation: "PotentialEquation"	RelError: 3.01604e-02	AbsError: 2.00000e-02
Iteration: 1
  Device: "part1_baseline"	RelError: 2.64107e+00	AbsError: 4.78877e+15
    Region: "bulk"	RelError: 2.63990e+00	AbsError: 4.78877e+15
      Equation: "ElectronContinuityEquation"	RelError: 2.10151e-02	AbsError: 4.78034e+15
      Equation: "HoleContinuityEquation"	RelError: 8.40055e-02	AbsError: 8.42653e+12
      Equation: "PotentialEquation"	RelError: 2.53488e+00	AbsError: 5.82545e-04
    Region: "oxide"	RelError: 1.16775e-03	AbsError: 5.51495e-04
      Equation: "PotentialEquation"	RelError: 1.16775e-03	AbsError: 5.51495e-04
Iteration: 2
  Device: "part1_baseline"	RelError: 4.27056e-03	AbsError: 5.48468e+12
    Region: "bulk"	RelError: 4.26759e-03	AbsError: 5.48468e+12
      Equation: "ElectronContinuityEquation"	RelError: 1.03812e-04	AbsError: 5.46558e+12
      Equation: "HoleContinuityEquation"	RelError: 4.49306e-04	AbsError: 1.90975e+10
      Equation: "PotentialEquation"	RelError: 3.71447e-03	AbsError: 1.58008e-06
    Region: "oxide"	RelError: 2.97714e-06	AbsError: 1.41015e-06
      Equation: "PotentialEquation"	RelError: 2.97714e-06	AbsError: 1.41015e-06
Iteration: 3
  Device: "part1_baseline"	RelError: 2.92925e-08	AbsError: 4.78353e+07
    Region: "bulk"	RelError: 2.92674e-08	AbsError: 4.78353e+07
      Equation: "ElectronContinuityEquation"	RelError: 2.04944e-09	AbsError: 4.77177e+07
      Equation: "HoleContinuityEquation"	RelError: 7.44422e-09	AbsError: 1.17682e+05
      Equation: "PotentialEquation"	RelError: 1.97737e-08	AbsError: 1.33408e-11
    Region: "oxide"	RelError: 2.51023e-11	AbsError: 1.18899e-11
      Equation: "PotentialEquation"	RelError: 2.51023e-11	AbsError: 1.18899e-11
number of equations 8953
Iteration: 0
  Device: "part1_baseline"	RelError: 1.96407e+00	AbsError: 9.94597e+16
    Region: "bulk"	RelError: 1.93480e+00	AbsError: 9.94597e+16
      Equation: "ElectronContinuityEquation"	RelError: 2.17431e-01	AbsError: 9.93818e+16
      Equation: "HoleContinuityEquation"	RelError: 3.91528e-01	AbsError: 7.79056e+13
      Equation: "PotentialEquation"	RelError: 1.32584e+00	AbsError: 7.28376e-03
    Region: "oxide"	RelError: 2.92774e-02	AbsError: 2.00000e-02
      Equation: "PotentialEquation"	RelError: 2.92774e-02	AbsError: 2.00000e-02
Iteration: 1
  Device: "part1_baseline"	RelError: 2.09705e-01	AbsError: 4.61509e+15
    Region: "bulk"	RelError: 2.08761e-01	AbsError: 4.61509e+15
      Equation: "ElectronContinuityEquation"	RelError: 1.56132e-02	AbsError: 4.60838e+15
      Equation: "HoleContinuityEquation"	RelError: 6.40871e-02	AbsError: 6.71430e+12
      Equation: "PotentialEquation"	RelError: 1.29061e-01	AbsError: 4.70408e-04
    Region: "oxide"	RelError: 9.43748e-04	AbsError: 4.52078e-04
      Equation: "PotentialEquation"	RelError: 9.43748e-04	AbsError: 4.52078e-04
Iteration: 2
  Device: "part1_baseline"	RelError: 5.75563e-04	AbsError: 3.43416e+12
    Region: "bulk"	RelError: 5.73871e-04	AbsError: 3.43416e+12
      Equation: "ElectronContinuityEquation"	RelError: 7.08732e-05	AbsError: 3.42309e+12
      Equation: "HoleContinuityEquation"	RelError: 2.73781e-04	AbsError: 1.10670e+10
      Equation: "PotentialEquation"	RelError: 2.29217e-04	AbsError: 9.04050e-07
    Region: "oxide"	RelError: 1.69232e-06	AbsError: 8.12243e-07
      Equation: "PotentialEquation"	RelError: 1.69232e-06	AbsError: 8.12243e-07
Iteration: 3
  Device: "part1_baseline"	RelError: 4.13504e-09	AbsError: 1.42708e+07
    Region: "bulk"	RelError: 4.12780e-09	AbsError: 1.42708e+07
      Equation: "ElectronContinuityEquation"	RelError: 8.49474e-10	AbsError: 1.42358e+07
      Equation: "HoleContinuityEquation"	RelError: 2.50026e-09	AbsError: 3.49766e+04
      Equation: "PotentialEquation"	RelError: 7.78062e-10	AbsError: 3.89570e-12
    Region: "oxide"	RelError: 7.24321e-12	AbsError: 3.48020e-12
      Equation: "PotentialEquation"	RelError: 7.24321e-12	AbsError: 3.48020e-12
number of equations 8953
Iteration: 0
  Device: "part1_baseline"	RelError: 1.56451e+00	AbsError: 1.06503e+17
    Region: "bulk"	RelError: 1.53607e+00	AbsError: 1.06503e+17
      Equation: "ElectronContinuityEquation"	RelError: 1.96814e-01	AbsError: 1.06438e+17
      Equation: "HoleContinuityEquation"	RelError: 3.29142e-01	AbsError: 6.50281e+13
      Equation: "PotentialEquation"	RelError: 1.01011e+00	AbsError: 6.41058e-03
    Region: "oxide"	RelError: 2.84446e-02	AbsError: 2.00000e-02
      Equation: "PotentialEquation"	RelError: 2.84446e-02	AbsError: 2.00000e-02
Iteration: 1
  Device: "part1_baseline"	RelError: 1.39302e-01	AbsError: 4.43355e+15
    Region: "bulk"	RelError: 1.38539e-01	AbsError: 4.43355e+15
      Equation: "ElectronContinuityEquation"	RelError: 1.19213e-02	AbsError: 4.42822e+15
      Equation: "HoleContinuityEquation"	RelError: 4.97221e-02	AbsError: 5.32736e+12
      Equation: "PotentialEquation"	RelError: 7.68958e-02	AbsError: 3.79483e-04
    Region: "oxide"	RelError: 7.62564e-04	AbsError: 3.69547e-04
      Equation: "PotentialEquation"	RelError: 7.62564e-04	AbsError: 3.69547e-04
Iteration: 2
  Device: "part1_baseline"	RelError: 3.25844e-04	AbsError: 2.17716e+12
    Region: "bulk"	RelError: 3.24893e-04	AbsError: 2.17716e+12
      Equation: "ElectronContinuityEquation"	RelError: 4.74450e-05	AbsError: 2.17070e+12
      Equation: "HoleContinuityEquation"	RelError: 1.71204e-04	AbsError: 6.45438e+09
      Equation: "PotentialEquation"	RelError: 1.06244e-04	AbsError: 5.10734e-07
    Region: "oxide"	RelError: 9.51501e-07	AbsError: 4.61617e-07
      Equation: "PotentialEquation"	RelError: 9.51501e-07	AbsError: 4.61617e-07
Iteration: 3
  Device: "part1_baseline"	RelError: 1.37266e-09	AbsError: 4.14044e+06
    Region: "bulk"	RelError: 1.37062e-09	AbsError: 4.14044e+06
      Equation: "ElectronContinuityEquation"	RelError: 3.36983e-10	AbsError: 4.13028e+06
      Equation: "HoleContinuityEquation"	RelError: 8.32464e-10	AbsError: 1.01562e+04
      Equation: "PotentialEquation"	RelError: 2.01178e-10	AbsError: 1.10529e-12
    Region: "oxide"	RelError: 2.03444e-12	AbsError: 9.89771e-13
      Equation: "PotentialEquation"	RelError: 2.03444e-12	AbsError: 9.89771e-13
number of equations 8953
Iteration: 0
  Device: "part1_baseline"	RelError: 4.13167e+00	AbsError: 1.13477e+17
    Region: "bulk"	RelError: 4.10401e+00	AbsError: 1.13477e+17
      Equation: "ElectronContinuityEquation"	RelError: 1.79072e-01	AbsError: 1.13422e+17
      Equation: "HoleContinuityEquation"	RelError: 2.82169e-01	AbsError: 5.48325e+13
      Equation: "PotentialEquation"	RelError: 3.64277e+00	AbsError: 5.69703e-03
    Region: "oxide"	RelError: 2.76579e-02	AbsError: 2.00000e-02
      Equation: "PotentialEquation"	RelError: 2.76579e-02	AbsError: 2.00000e-02
Iteration: 1
  Device: "part1_baseline"	RelError: 2.70485e-01	AbsError: 4.25936e+15
    Region: "bulk"	RelError: 2.69864e-01	AbsError: 4.25936e+15
      Equation: "ElectronContinuityEquation"	RelError: 9.33281e-03	AbsError: 4.25511e+15
      Equation: "HoleContinuityEquation"	RelError: 3.92987e-02	AbsError: 4.24683e+12
      Equation: "PotentialEquation"	RelError: 2.21233e-01	AbsError: 3.08811e-04
    Region: "oxide"	RelError: 6.20401e-04	AbsError: 3.03775e-04
      Equation: "PotentialEquation"	RelError: 6.20401e-04	AbsError: 3.03775e-04
Iteration: 2
  Device: "part1_baseline"	RelError: 3.63639e-04	AbsError: 1.43809e+12
    Region: "bulk"	RelError: 3.63101e-04	AbsError: 1.43809e+12
      Equation: "ElectronContinuityEquation"	RelError: 3.17872e-05	AbsError: 1.43429e+12
      Equation: "HoleContinuityEquation"	RelError: 1.10606e-04	AbsError: 3.79513e+09
      Equation: "PotentialEquation"	RelError: 2.20707e-04	AbsError: 2.90150e-07
    Region: "oxide"	RelError: 5.38280e-07	AbsError: 2.64047e-07
      Equation: "PotentialEquation"	RelError: 5.38280e-07	AbsError: 2.64047e-07
Iteration: 3
  Device: "part1_baseline"	RelError: 6.26746e-10	AbsError: 1.22996e+06
    Region: "bulk"	RelError: 6.26162e-10	AbsError: 1.22996e+06
      Equation: "ElectronContinuityEquation"	RelError: 1.33678e-10	AbsError: 1.22699e+06
      Equation: "HoleContinuityEquation"	RelError: 2.81537e-10	AbsError: 2.97263e+03
      Equation: "PotentialEquation"	RelError: 2.10947e-10	AbsError: 3.19243e-13
    Region: "oxide"	RelError: 5.83670e-13	AbsError: 2.86313e-13
      Equation: "PotentialEquation"	RelError: 5.83670e-13	AbsError: 2.86313e-13
number of equations 8953
Iteration: 0
  Device: "part1_baseline"	RelError: 2.14523e+00	AbsError: 1.20353e+17
    Region: "bulk"	RelError: 2.11831e+00	AbsError: 1.20353e+17
      Equation: "ElectronContinuityEquation"	RelError: 1.63836e-01	AbsError: 1.20307e+17
      Equation: "HoleContinuityEquation"	RelError: 2.45884e-01	AbsError: 4.66808e+13
      Equation: "PotentialEquation"	RelError: 1.70859e+00	AbsError: 5.10902e-03
    Region: "oxide"	RelError: 2.69135e-02	AbsError: 2.00000e-02
      Equation: "PotentialEquation"	RelError: 2.69135e-02	AbsError: 2.00000e-02
Iteration: 1
  Device: "part1_baseline"	RelError: 1.83395e-01	AbsError: 4.09652e+15
    Region: "bulk"	RelError: 1.82884e-01	AbsError: 4.09652e+15
      Equation: "ElectronContinuityEquation"	RelError: 7.46130e-03	AbsError: 4.09311e+15
      Equation: "HoleContinuityEquation"	RelError: 3.16351e-02	AbsError: 3.41090e+12
      Equation: "PotentialEquation"	RelError: 1.43788e-01	AbsError: 2.53437e-04
    Region: "oxide"	RelError: 5.10107e-04	AbsError: 2.52111e-04
      Equation: "PotentialEquation"	RelError: 5.10107e-04	AbsError: 2.52111e-04
Iteration: 2
  Device: "part1_baseline"	RelError: 1.99856e-04	AbsError: 1.00260e+12
    Region: "bulk"	RelError: 1.99546e-04	AbsError: 1.00260e+12
      Equation: "ElectronContinuityEquation"	RelError: 2.15337e-05	AbsError: 1.00033e+12
      Equation: "HoleContinuityEquation"	RelError: 7.32625e-05	AbsError: 2.27261e+09
      Equation: "PotentialEquation"	RelError: 1.04750e-04	AbsError: 1.67351e-07
    Region: "oxide"	RelError: 3.09221e-07	AbsError: 1.53186e-07
      Equation: "PotentialEquation"	RelError: 3.09221e-07	AbsError: 1.53186e-07
Iteration: 3
  Device: "part1_baseline"	RelError: 2.03851e-10	AbsError: 3.84791e+05
    Region: "bulk"	RelError: 2.03678e-10	AbsError: 3.84791e+05
      Equation: "ElectronContinuityEquation"	RelError: 5.42391e-11	AbsError: 3.83897e+05
      Equation: "HoleContinuityEquation"	RelError: 9.83151e-11	AbsError: 8.93546e+02
      Equation: "PotentialEquation"	RelError: 5.11240e-11	AbsError: 9.52349e-14
    Region: "oxide"	RelError: 1.73063e-13	AbsError: 8.57343e-14
      Equation: "PotentialEquation"	RelError: 1.73063e-13	AbsError: 8.57343e-14
number of equations 8953
Iteration: 0
  Device: "part1_baseline"	RelError: 2.26430e+01	AbsError: 1.27107e+17
    Region: "bulk"	RelError: 2.26168e+01	AbsError: 1.27107e+17
      Equation: "ElectronContinuityEquation"	RelError: 1.50701e-01	AbsError: 1.27067e+17
      Equation: "HoleContinuityEquation"	RelError: 2.17224e-01	AbsError: 4.01148e+13
      Equation: "PotentialEquation"	RelError: 2.22489e+01	AbsError: 4.61979e-03
    Region: "oxide"	RelError: 2.62082e-02	AbsError: 2.00000e-02
      Equation: "PotentialEquation"	RelError: 2.62082e-02	AbsError: 2.00000e-02
Iteration: 1
  Device: "part1_baseline"	RelError: 6.08020e-01	AbsError: 3.94268e+15
    Region: "bulk"	RelError: 6.07595e-01	AbsError: 3.94268e+15
      Equation: "ElectronContinuityEquation"	RelError: 6.07017e-03	AbsError: 3.93992e+15
      Equation: "HoleContinuityEquation"	RelError: 2.58917e-02	AbsError: 2.76455e+12
      Equation: "PotentialEquation"	RelError: 5.75633e-01	AbsError: 2.11579e-04
    Region: "oxide"	RelError: 4.24516e-04	AbsError: 2.11579e-04
      Equation: "PotentialEquation"	RelError: 4.24516e-04	AbsError: 2.11579e-04
Iteration: 2
  Device: "part1_baseline"	RelError: 2.65260e-04	AbsError: 7.36518e+11
    Region: "bulk"	RelError: 2.65079e-04	AbsError: 7.36518e+11
      Equation: "ElectronContinuityEquation"	RelError: 1.48198e-05	AbsError: 7.35125e+11
      Equation: "HoleContinuityEquation"	RelError: 5.11617e-05	AbsError: 1.39336e+09
      Equation: "PotentialEquation"	RelError: 1.99098e-04	AbsError: 9.83976e-08
    Region: "oxide"	RelError: 1.81084e-07	AbsError: 9.04288e-08
      Equation: "PotentialEquation"	RelError: 1.81084e-07	AbsError: 9.04288e-08
Iteration: 3
  Device: "part1_baseline"	RelError: 7.76934e-11	AbsError: 1.29314e+05
    Region: "bulk"	RelError: 7.76402e-11	AbsError: 1.29314e+05
      Equation: "ElectronContinuityEquation"	RelError: 2.27483e-11	AbsError: 1.29039e+05
      Equation: "HoleContinuityEquation"	RelError: 3.55368e-11	AbsError: 2.75338e+02
      Equation: "PotentialEquation"	RelError: 1.93551e-11	AbsError: 2.93571e-14
    Region: "oxide"	RelError: 5.31398e-14	AbsError: 2.65593e-14
      Equation: "PotentialEquation"	RelError: 5.31398e-14	AbsError: 2.65593e-14
number of equations 8953
Iteration: 0
  Device: "part1_baseline"	RelError: 1.98116e+00	AbsError: 1.33719e+17
    Region: "bulk"	RelError: 1.95562e+00	AbsError: 1.33719e+17
      Equation: "ElectronContinuityEquation"	RelError: 1.39304e-01	AbsError: 1.33684e+17
      Equation: "HoleContinuityEquation"	RelError: 1.94119e-01	AbsError: 3.47780e+13
      Equation: "PotentialEquation"	RelError: 1.62219e+00	AbsError: 4.20829e-03
    Region: "oxide"	RelError: 2.55388e-02	AbsError: 2.00000e-02
      Equation: "PotentialEquation"	RelError: 2.55388e-02	AbsError: 2.00000e-02
Iteration: 1
  Device: "part1_baseline"	RelError: 1.14744e-01	AbsError: 3.79656e+15
    Region: "bulk"	RelError: 1.14386e-01	AbsError: 3.79656e+15
      Equation: "ElectronContinuityEquation"	RelError: 5.01104e-03	AbsError: 3.79430e+15
      Equation: "HoleContinuityEquation"	RelError: 2.15093e-02	AbsError: 2.26252e+12
      Equation: "PotentialEquation"	RelError: 8.78657e-02	AbsError: 1.79583e-04
    Region: "oxide"	RelError: 3.57596e-04	AbsError: 1.79583e-04
      Equation: "PotentialEquation"	RelError: 3.57596e-04	AbsError: 1.79583e-04
Iteration: 2
  Device: "part1_baseline"	RelError: 7.34875e-05	AbsError: 5.66274e+11
    Region: "bulk"	RelError: 7.33794e-05	AbsError: 5.66274e+11
      Equation: "ElectronContinuityEquation"	RelError: 1.03800e-05	AbsError: 5.65399e+11
      Equation: "HoleContinuityEquation"	RelError: 3.71677e-05	AbsError: 8.74474e+08
      Equation: "PotentialEquation"	RelError: 2.58317e-05	AbsError: 5.92863e-08
    Region: "oxide"	RelError: 1.08111e-07	AbsError: 5.43291e-08
      Equation: "PotentialEquation"	RelError: 1.08111e-07	AbsError: 5.43291e-08
Iteration: 3
  Device: "part1_baseline"	RelError: 2.57694e-11	AbsError: 4.67075e+04
    Region: "bulk"	RelError: 2.57526e-11	AbsError: 4.67075e+04
      Equation: "ElectronContinuityEquation"	RelError: 9.90287e-12	AbsError: 4.66214e+04
      Equation: "HoleContinuityEquation"	RelError: 1.34923e-11	AbsError: 8.60982e+01
      Equation: "PotentialEquation"	RelError: 2.35749e-12	AbsError: 9.27461e-15
    Region: "oxide"	RelError: 1.67658e-14	AbsError: 8.44707e-15
      Equation: "PotentialEquation"	RelError: 1.67658e-14	AbsError: 8.44707e-15
number of equations 8953
Iteration: 0
  Device: "part1_baseline"	RelError: 4.56548e+00	AbsError: 1.40173e+17
    Region: "bulk"	RelError: 4.54058e+00	AbsError: 1.40173e+17
      Equation: "ElectronContinuityEquation"	RelError: 1.29348e-01	AbsError: 1.40142e+17
      Equation: "HoleContinuityEquation"	RelError: 1.75151e-01	AbsError: 3.03988e+13
      Equation: "PotentialEquation"	RelError: 4.23608e+00	AbsError: 3.85837e-03
    Region: "oxide"	RelError: 2.49028e-02	AbsError: 2.00000e-02
      Equation: "PotentialEquation"	RelError: 2.49028e-02	AbsError: 2.00000e-02
Iteration: 1
  Device: "part1_baseline"	RelError: 3.36777e-01	AbsError: 3.65592e+15
    Region: "bulk"	RelError: 3.36472e-01	AbsError: 3.65592e+15
      Equation: "ElectronContinuityEquation"	RelError: 4.19007e-03	AbsError: 3.65405e+15
      Equation: "HoleContinuityEquation"	RelError: 1.81067e-02	AbsError: 1.86973e+12
      Equation: "PotentialEquation"	RelError: 3.14176e-01	AbsError: 1.54039e-04
    Region: "oxide"	RelError: 3.04591e-04	AbsError: 1.54039e-04
      Equation: "PotentialEquation"	RelError: 3.04591e-04	AbsError: 1.54039e-04
Iteration: 2
  Device: "part1_baseline"	RelError: 1.08092e-04	AbsError: 4.51474e+11
    Region: "bulk"	RelError: 1.08026e-04	AbsError: 4.51474e+11
      Equation: "ElectronContinuityEquation"	RelError: 7.40091e-06	AbsError: 4.50912e+11
      Equation: "HoleContinuityEquation"	RelError: 2.75998e-05	AbsError: 5.62034e+08
      Equation: "PotentialEquation"	RelError: 7.30256e-05	AbsError: 3.66122e-08
    Region: "oxide"	RelError: 6.55795e-08	AbsError: 3.31986e-08
      Equation: "PotentialEquation"	RelError: 6.55795e-08	AbsError: 3.31986e-08
Iteration: 3
  Device: "part1_baseline"	RelError: 1.21799e-11	AbsError: 1.80347e+04
    Region: "bulk"	RelError: 1.21745e-11	AbsError: 1.80347e+04
      Equation: "ElectronContinuityEquation"	RelError: 4.47827e-12	AbsError: 1.80070e+04
      Equation: "HoleContinuityEquation"	RelError: 5.34747e-12	AbsError: 2.77079e+01
      Equation: "PotentialEquation"	RelError: 2.34880e-12	AbsError: 2.95265e-15
    Region: "oxide"	RelError: 5.35556e-15	AbsError: 2.71117e-15
      Equation: "PotentialEquation"	RelError: 5.35556e-15	AbsError: 2.71117e-15
number of equations 8953
Iteration: 0
  Device: "part1_baseline"	RelError: 9.45475e+00	AbsError: 1.46456e+17
    Region: "bulk"	RelError: 9.43045e+00	AbsError: 1.46456e+17
      Equation: "ElectronContinuityEquation"	RelError: 1.20589e-01	AbsError: 1.46429e+17
      Equation: "HoleContinuityEquation"	RelError: 1.59328e-01	AbsError: 2.67772e+13
      Equation: "PotentialEquation"	RelError: 9.15053e+00	AbsError: 3.55771e-03
    Region: "oxide"	RelError: 2.42978e-02	AbsError: 2.00000e-02
      Equation: "PotentialEquation"	RelError: 2.42978e-02	AbsError: 2.00000e-02
Iteration: 1
  Device: "part1_baseline"	RelError: 1.17903e+00	AbsError: 3.52044e+15
    Region: "bulk"	RelError: 1.17877e+00	AbsError: 3.52044e+15
      Equation: "ElectronContinuityEquation"	RelError: 3.53862e-03	AbsError: 3.51888e+15
      Equation: "HoleContinuityEquation"	RelError: 1.54212e-02	AbsError: 1.56063e+12
      Equation: "PotentialEquation"	RelError: 1.15981e+00	AbsError: 1.33419e-04
    Region: "oxide"	RelError: 2.62112e-04	AbsError: 1.33419e-04
      Equation: "PotentialEquation"	RelError: 2.62112e-04	AbsError: 1.33419e-04
Iteration: 2
  Device: "part1_baseline"	RelError: 3.07250e-04	AbsError: 3.70060e+11
    Region: "bulk"	RelError: 3.07209e-04	AbsError: 3.70060e+11
      Equation: "ElectronContinuityEquation"	RelError: 5.36916e-06	AbsError: 3.69690e+11
      Equation: "HoleContinuityEquation"	RelError: 2.08984e-05	AbsError: 3.70047e+08
      Equation: "PotentialEquation"	RelError: 2.80942e-04	AbsError: 2.32062e-08
    Region: "oxide"	RelError: 4.03001e-08	AbsError: 2.05393e-08
      Equation: "PotentialEquation"	RelError: 4.03001e-08	AbsError: 2.05393e-08
Iteration: 3
  Device: "part1_baseline"	RelError: 1.36352e-11	AbsError: 7.31135e+03
    Region: "bulk"	RelError: 1.36335e-11	AbsError: 7.31135e+03
      Equation: "ElectronContinuityEquation"	RelError: 2.10229e-12	AbsError: 7.30134e+03
      Equation: "HoleContinuityEquation"	RelError: 2.23029e-12	AbsError: 1.00168e+01
      Equation: "PotentialEquation"	RelError: 9.30094e-12	AbsError: 9.16133e-16
    Region: "oxide"	RelError: 1.66271e-15	AbsError: 8.47417e-16
      Equation: "PotentialEquation"	RelError: 1.66271e-15	AbsError: 8.47417e-16
number of equations 8953
Iteration: 0
  Device: "part1_baseline"	RelError: 1.22846e+00	AbsError: 1.52559e+17
    Region: "bulk"	RelError: 1.20474e+00	AbsError: 1.52559e+17
      Equation: "ElectronContinuityEquation"	RelError: 1.12832e-01	AbsError: 1.52535e+17
      Equation: "HoleContinuityEquation"	RelError: 1.45943e-01	AbsError: 2.37564e+13
      Equation: "PotentialEquation"	RelError: 9.45962e-01	AbsError: 3.29689e-03
    Region: "oxide"	RelError: 2.37214e-02	AbsError: 2.00000e-02
      Equation: "PotentialEquation"	RelError: 2.37214e-02	AbsError: 2.00000e-02
Iteration: 1
  Device: "part1_baseline"	RelError: 7.21366e-02	AbsError: 3.38858e+15
    Region: "bulk"	RelError: 7.19089e-02	AbsError: 3.38858e+15
      Equation: "ElectronContinuityEquation"	RelError: 3.01396e-03	AbsError: 3.38727e+15
      Equation: "HoleContinuityEquation"	RelError: 1.32697e-02	AbsError: 1.31393e+12
      Equation: "PotentialEquation"	RelError: 5.56252e-02	AbsError: 1.16585e-04
    Region: "oxide"	RelError: 2.27670e-04	AbsError: 1.16585e-04
      Equation: "PotentialEquation"	RelError: 2.27670e-04	AbsError: 1.16585e-04
Iteration: 2
  Device: "part1_baseline"	RelError: 3.07154e-05	AbsError: 3.09376e+11
    Region: "bulk"	RelError: 3.06904e-05	AbsError: 3.09376e+11
      Equation: "ElectronContinuityEquation"	RelError: 3.95993e-06	AbsError: 3.09127e+11
      Equation: "HoleContinuityEquation"	RelError: 1.60989e-05	AbsError: 2.49605e+08
      Equation: "PotentialEquation"	RelError: 1.06315e-05	AbsError: 1.50683e-08
    Region: "oxide"	RelError: 2.50401e-08	AbsError: 1.28210e-08
      Equation: "PotentialEquation"	RelError: 2.50401e-08	AbsError: 1.28210e-08
Iteration: 3
  Device: "part1_baseline"	RelError: 2.15206e-12	AbsError: 3.01254e+03
    Region: "bulk"	RelError: 2.15160e-12	AbsError: 3.01254e+03
      Equation: "ElectronContinuityEquation"	RelError: 1.02319e-12	AbsError: 3.00883e+03
      Equation: "HoleContinuityEquation"	RelError: 9.68181e-13	AbsError: 3.70483e+00
      Equation: "PotentialEquation"	RelError: 1.60236e-13	AbsError: 2.61604e-16
    Region: "oxide"	RelError: 4.55813e-16	AbsError: 2.33619e-16
      Equation: "PotentialEquation"	RelError: 4.55813e-16	AbsError: 2.33619e-16
number of equations 8953
Iteration: 0
  Device: "part1_baseline"	RelError: 7.34573e-01	AbsError: 1.58476e+17
    Region: "bulk"	RelError: 7.11401e-01	AbsError: 1.58476e+17
      Equation: "ElectronContinuityEquation"	RelError: 1.05919e-01	AbsError: 1.58455e+17
      Equation: "HoleContinuityEquation"	RelError: 1.34481e-01	AbsError: 2.12078e+13
      Equation: "PotentialEquation"	RelError: 4.71001e-01	AbsError: 3.06867e-03
    Region: "oxide"	RelError: 2.31717e-02	AbsError: 2.00000e-02
      Equation: "PotentialEquation"	RelError: 2.31717e-02	AbsError: 2.00000e-02
Iteration: 1
  Device: "part1_baseline"	RelError: 3.98992e-02	AbsError: 3.25996e+15
    Region: "bulk"	RelError: 3.96997e-02	AbsError: 3.25996e+15
      Equation: "ElectronContinuityEquation"	RelError: 2.58680e-03	AbsError: 3.25885e+15
      Equation: "HoleContinuityEquation"	RelError: 1.15226e-02	AbsError: 1.11519e+12
      Equation: "PotentialEquation"	RelError: 2.55904e-02	AbsError: 1.02687e-04
    Region: "oxide"	RelError: 1.99454e-04	AbsError: 1.02687e-04
      Equation: "PotentialEquation"	RelError: 1.99454e-04	AbsError: 1.02687e-04
Iteration: 2
  Device: "part1_baseline"	RelError: 1.94971e-05	AbsError: 2.62238e+11
    Region: "bulk"	RelError: 1.94815e-05	AbsError: 2.62238e+11
      Equation: "ElectronContinuityEquation"	RelError: 2.96519e-06	AbsError: 2.62065e+11
      Equation: "HoleContinuityEquation"	RelError: 1.25913e-05	AbsError: 1.72245e+08
      Equation: "PotentialEquation"	RelError: 3.92504e-06	AbsError: 1.00424e-08
    Region: "oxide"	RelError: 1.56512e-08	AbsError: 8.05297e-09
      Equation: "PotentialEquation"	RelError: 1.56512e-08	AbsError: 8.05297e-09
Iteration: 3
  Device: "part1_baseline"	RelError: 1.12844e-12	AbsError: 1.38943e+03
    Region: "bulk"	RelError: 1.12835e-12	AbsError: 1.38943e+03
      Equation: "ElectronContinuityEquation"	RelError: 5.16554e-13	AbsError: 1.38723e+03
      Equation: "HoleContinuityEquation"	RelError: 5.88554e-13	AbsError: 2.19762e+00
      Equation: "PotentialEquation"	RelError: 2.32427e-14	AbsError: 1.12045e-16
    Region: "oxide"	RelError: 9.39238e-17	AbsError: 4.96471e-17
      Equation: "PotentialEquation"	RelError: 9.39238e-17	AbsError: 4.96471e-17
number of equations 8953
Iteration: 0
  Device: "part1_baseline"	RelError: 6.25046e-01	AbsError: 1.64203e+17
    Region: "bulk"	RelError: 6.02399e-01	AbsError: 1.64203e+17
      Equation: "ElectronContinuityEquation"	RelError: 9.97232e-02	AbsError: 1.64184e+17
      Equation: "HoleContinuityEquation"	RelError: 1.24562e-01	AbsError: 1.90406e+13
      Equation: "PotentialEquation"	RelError: 3.78114e-01	AbsError: 2.86740e-03
    Region: "oxide"	RelError: 2.26469e-02	AbsError: 2.00000e-02
      Equation: "PotentialEquation"	RelError: 2.26469e-02	AbsError: 2.00000e-02
Iteration: 1
  Device: "part1_baseline"	RelError: 3.12031e-02	AbsError: 3.13517e+15
    Region: "bulk"	RelError: 3.10271e-02	AbsError: 3.13517e+15
      Equation: "ElectronContinuityEquation"	RelError: 2.23543e-03	AbsError: 3.13422e+15
      Equation: "HoleContinuityEquation"	RelError: 1.00862e-02	AbsError: 9.53628e+11
      Equation: "PotentialEquation"	RelError: 1.87054e-02	AbsError: 9.10938e-05
    Region: "oxide"	RelError: 1.76039e-04	AbsError: 9.10938e-05
      Equation: "PotentialEquation"	RelError: 1.76039e-04	AbsError: 9.10938e-05
Iteration: 2
  Device: "part1_baseline"	RelError: 1.45740e-05	AbsError: 2.28862e+11
    Region: "bulk"	RelError: 1.45642e-05	AbsError: 2.28862e+11
      Equation: "ElectronContinuityEquation"	RelError: 2.25180e-06	AbsError: 2.28741e+11
      Equation: "HoleContinuityEquation"	RelError: 9.98067e-06	AbsError: 1.21567e+08
      Equation: "PotentialEquation"	RelError: 2.33177e-06	AbsError: 6.85329e-09
    Region: "oxide"	RelError: 9.78957e-09	AbsError: 5.06381e-09
      Equation: "PotentialEquation"	RelError: 9.78957e-09	AbsError: 5.06381e-09
Iteration: 3
  Device: "part1_baseline"	RelError: 6.95975e-13	AbsError: 1.07727e+03
    Region: "bulk"	RelError: 6.95895e-13	AbsError: 1.07727e+03
      Equation: "ElectronContinuityEquation"	RelError: 2.70649e-13	AbsError: 1.07585e+03
      Equation: "HoleContinuityEquation"	RelError: 4.19884e-13	AbsError: 1.42817e+00
      Equation: "PotentialEquation"	RelError: 5.36098e-15	AbsError: 9.27617e-17
    Region: "oxide"	RelError: 8.08255e-17	AbsError: 4.28091e-17
      Equation: "PotentialEquation"	RelError: 8.08255e-17	AbsError: 4.28091e-17
number of equations 8953
Iteration: 0
  Device: "part1_baseline"	RelError: 7.34951e-01	AbsError: 1.69739e+17
    Region: "bulk"	RelError: 7.12806e-01	AbsError: 1.69739e+17
      Equation: "ElectronContinuityEquation"	RelError: 9.41401e-02	AbsError: 1.69721e+17
      Equation: "HoleContinuityEquation"	RelError: 1.15898e-01	AbsError: 1.71841e+13
      Equation: "PotentialEquation"	RelError: 5.02768e-01	AbsError: 2.68866e-03
    Region: "oxide"	RelError: 2.21454e-02	AbsError: 2.00000e-02
      Equation: "PotentialEquation"	RelError: 2.21454e-02	AbsError: 2.00000e-02
Iteration: 1
  Device: "part1_baseline"	RelError: 3.46115e-02	AbsError: 3.01344e+15
    Region: "bulk"	RelError: 3.44551e-02	AbsError: 3.01344e+15
      Equation: "ElectronContinuityEquation"	RelError: 1.94270e-03	AbsError: 3.01262e+15
      Equation: "HoleContinuityEquation"	RelError: 8.89237e-03	AbsError: 8.21144e+11
      Equation: "PotentialEquation"	RelError: 2.36201e-02	AbsError: 8.13268e-05
    Region: "oxide"	RelError: 1.56413e-04	AbsError: 8.13268e-05
      Equation: "PotentialEquation"	RelError: 1.56413e-04	AbsError: 8.13268e-05
Iteration: 2
  Device: "part1_baseline"	RelError: 1.21879e-05	AbsError: 2.09516e+11
    Region: "bulk"	RelError: 1.21818e-05	AbsError: 2.09516e+11
      Equation: "ElectronContinuityEquation"	RelError: 1.73247e-06	AbsError: 2.09428e+11
      Equation: "HoleContinuityEquation"	RelError: 8.00580e-06	AbsError: 8.77316e+07
      Equation: "PotentialEquation"	RelError: 2.44354e-06	AbsError: 4.81070e-09
    Region: "oxide"	RelError: 6.10633e-09	AbsError: 3.16701e-09
      Equation: "PotentialEquation"	RelError: 6.10633e-09	AbsError: 3.16701e-09
Iteration: 3
  Device: "part1_baseline"	RelError: 4.53502e-13	AbsError: 8.45982e+02
    Region: "bulk"	RelError: 4.53433e-13	AbsError: 8.45982e+02
      Equation: "ElectronContinuityEquation"	RelError: 1.46594e-13	AbsError: 8.45114e+02
      Equation: "HoleContinuityEquation"	RelError: 3.02795e-13	AbsError: 8.68331e-01
      Equation: "PotentialEquation"	RelError: 4.04413e-15	AbsError: 7.60924e-17
    Region: "oxide"	RelError: 6.91014e-17	AbsError: 3.65711e-17
      Equation: "PotentialEquation"	RelError: 6.91014e-17	AbsError: 3.65711e-17
number of equations 8953
Iteration: 0
  Device: "part1_baseline"	RelError: 1.02010e+00	AbsError: 1.75082e+17
    Region: "bulk"	RelError: 9.98433e-01	AbsError: 1.75082e+17
      Equation: "ElectronContinuityEquation"	RelError: 8.90854e-02	AbsError: 1.75067e+17
      Equation: "HoleContinuityEquation"	RelError: 1.08267e-01	AbsError: 1.55830e+13
      Equation: "PotentialEquation"	RelError: 8.01081e-01	AbsError: 2.52892e-03
    Region: "oxide"	RelError: 2.16656e-02	AbsError: 2.00000e-02
      Equation: "PotentialEquation"	RelError: 2.16656e-02	AbsError: 2.00000e-02
Iteration: 1
  Device: "part1_baseline"	RelError: 4.52675e-02	AbsError: 2.89505e+15
    Region: "bulk"	RelError: 4.51277e-02	AbsError: 2.89505e+15
      Equation: "ElectronContinuityEquation"	RelError: 1.69690e-03	AbsError: 2.89433e+15
      Equation: "HoleContinuityEquation"	RelError: 7.89015e-03	AbsError: 7.11619e+11
      Equation: "PotentialEquation"	RelError: 3.55406e-02	AbsError: 7.30240e-05
    Region: "oxide"	RelError: 1.39809e-04	AbsError: 7.30240e-05
      Equation: "PotentialEquation"	RelError: 1.39809e-04	AbsError: 7.30240e-05
Iteration: 2
  Device: "part1_baseline"	RelError: 1.09522e-05	AbsError: 1.90736e+11
    Region: "bulk"	RelError: 1.09484e-05	AbsError: 1.90736e+11
      Equation: "ElectronContinuityEquation"	RelError: 1.34905e-06	AbsError: 1.90672e+11
      Equation: "HoleContinuityEquation"	RelError: 6.48990e-06	AbsError: 6.47203e+07
      Equation: "PotentialEquation"	RelError: 3.10947e-06	AbsError: 3.46628e-09
    Region: "oxide"	RelError: 3.75976e-09	AbsError: 1.95920e-09
      Equation: "PotentialEquation"	RelError: 3.75976e-09	AbsError: 1.95920e-09
Iteration: 3
  Device: "part1_baseline"	RelError: 3.04382e-13	AbsError: 7.16778e+02
    Region: "bulk"	RelError: 3.04326e-13	AbsError: 7.16778e+02
      Equation: "ElectronContinuityEquation"	RelError: 8.20452e-14	AbsError: 7.16274e+02
      Equation: "HoleContinuityEquation"	RelError: 2.18101e-13	AbsError: 5.04566e-01
      Equation: "PotentialEquation"	RelError: 4.17943e-15	AbsError: 6.17327e-17
    Region: "oxide"	RelError: 5.62557e-17	AbsError: 2.97539e-17
      Equation: "PotentialEquation"	RelError: 5.62557e-17	AbsError: 2.97539e-17
number of equations 8953
Iteration: 0
  Device: "part1_baseline"	RelError: 2.57592e+00	AbsError: 1.80235e+17
    Region: "bulk"	RelError: 2.55471e+00	AbsError: 1.80235e+17
      Equation: "ElectronContinuityEquation"	RelError: 8.44914e-02	AbsError: 1.80221e+17
      Equation: "HoleContinuityEquation"	RelError: 1.01497e-01	AbsError: 1.41935e+13
      Equation: "PotentialEquation"	RelError: 2.36873e+00	AbsError: 2.38537e-03
    Region: "oxide"	RelError: 2.12062e-02	AbsError: 2.00000e-02
      Equation: "PotentialEquation"	RelError: 2.12062e-02	AbsError: 2.00000e-02
Iteration: 1
  Device: "part1_baseline"	RelError: 1.03134e-01	AbsError: 2.78045e+15
    Region: "bulk"	RelError: 1.03008e-01	AbsError: 2.78045e+15
      Equation: "ElectronContinuityEquation"	RelError: 1.48930e-03	AbsError: 2.77983e+15
      Equation: "HoleContinuityEquation"	RelError: 7.04127e-03	AbsError: 6.20379e+11
      Equation: "PotentialEquation"	RelError: 9.44774e-02	AbsError: 6.59074e-05
    Region: "oxide"	RelError: 1.25654e-04	AbsError: 6.59074e-05
      Equation: "PotentialEquation"	RelError: 1.25654e-04	AbsError: 6.59074e-05
Iteration: 2
  Device: "part1_baseline"	RelError: 1.35018e-05	AbsError: 1.72872e+11
    Region: "bulk"	RelError: 1.34996e-05	AbsError: 1.72872e+11
      Equation: "ElectronContinuityEquation"	RelError: 1.06224e-06	AbsError: 1.72823e+11
      Equation: "HoleContinuityEquation"	RelError: 5.31101e-06	AbsError: 4.87867e+07
      Equation: "PotentialEquation"	RelError: 7.12632e-06	AbsError: 2.60087e-09
    Region: "oxide"	RelError: 2.26629e-09	AbsError: 1.18336e-09
      Equation: "PotentialEquation"	RelError: 2.26629e-09	AbsError: 1.18336e-09
Iteration: 3
  Device: "part1_baseline"	RelError: 2.10240e-13	AbsError: 6.01944e+02
    Region: "bulk"	RelError: 2.10197e-13	AbsError: 6.01944e+02
      Equation: "ElectronContinuityEquation"	RelError: 4.74368e-14	AbsError: 6.01665e+02
      Equation: "HoleContinuityEquation"	RelError: 1.57882e-13	AbsError: 2.78899e-01
      Equation: "PotentialEquation"	RelError: 4.87825e-15	AbsError: 4.96140e-17
    Region: "oxide"	RelError: 4.34909e-17	AbsError: 2.29875e-17
      Equation: "PotentialEquation"	RelError: 4.34909e-17	AbsError: 2.29875e-17
number of equations 8953
Iteration: 0
  Device: "part1_baseline"	RelError: 2.23805e+00	AbsError: 1.85201e+17
    Region: "bulk"	RelError: 2.21728e+00	AbsError: 1.85201e+17
      Equation: "ElectronContinuityEquation"	RelError: 8.03046e-02	AbsError: 1.85188e+17
      Equation: "HoleContinuityEquation"	RelError: 9.54534e-02	AbsError: 1.29805e+13
      Equation: "PotentialEquation"	RelError: 2.04153e+00	AbsError: 2.25571e-03
    Region: "oxide"	RelError: 2.07658e-02	AbsError: 2.00000e-02
      Equation: "PotentialEquation"	RelError: 2.07658e-02	AbsError: 2.00000e-02
Iteration: 1
  Device: "part1_baseline"	RelError: 1.02110e-01	AbsError: 2.66912e+15
    Region: "bulk"	RelError: 1.01996e-01	AbsError: 2.66912e+15
      Equation: "ElectronContinuityEquation"	RelError: 1.31313e-03	AbsError: 2.66858e+15
      Equation: "HoleContinuityEquation"	RelError: 6.31645e-03	AbsError: 5.43827e+11
      Equation: "PotentialEquation"	RelError: 9.43665e-02	AbsError: 5.97613e-05
    Region: "oxide"	RelError: 1.13489e-04	AbsError: 5.97613e-05
      Equation: "PotentialEquation"	RelError: 1.13489e-04	AbsError: 5.97613e-05
Iteration: 2
  Device: "part1_baseline"	RelError: 1.14850e-05	AbsError: 1.56135e+11
    Region: "bulk"	RelError: 1.14837e-05	AbsError: 1.56135e+11
      Equation: "ElectronContinuityEquation"	RelError: 8.45060e-07	AbsError: 1.56097e+11
      Equation: "HoleContinuityEquation"	RelError: 4.38339e-06	AbsError: 3.75573e+07
      Equation: "PotentialEquation"	RelError: 6.25521e-06	AbsError: 2.18048e-09
    Region: "oxide"	RelError: 1.31028e-09	AbsError: 6.97506e-10
      Equation: "PotentialEquation"	RelError: 1.31028e-09	AbsError: 6.97506e-10
Iteration: 3
  Device: "part1_baseline"	RelError: 1.48925e-13	AbsError: 5.04671e+02
    Region: "bulk"	RelError: 1.48893e-13	AbsError: 5.04671e+02
      Equation: "ElectronContinuityEquation"	RelError: 2.83625e-14	AbsError: 5.04528e+02
      Equation: "HoleContinuityEquation"	RelError: 1.14229e-13	AbsError: 1.43745e-01
      Equation: "PotentialEquation"	RelError: 6.30089e-15	AbsError: 3.95923e-17
    Region: "oxide"	RelError: 3.24150e-17	AbsError: 1.71731e-17
      Equation: "PotentialEquation"	RelError: 3.24150e-17	AbsError: 1.71731e-17
number of equations 8953
Iteration: 0
  Device: "part1_baseline"	RelError: 8.58904e-01	AbsError: 1.89982e+17
    Region: "bulk"	RelError: 8.38560e-01	AbsError: 1.89982e+17
      Equation: "ElectronContinuityEquation"	RelError: 7.64673e-02	AbsError: 1.89970e+17
      Equation: "HoleContinuityEquation"	RelError: 9.00263e-02	AbsError: 1.19158e+13
      Equation: "PotentialEquation"	RelError: 6.72067e-01	AbsError: 2.13805e-03
    Region: "oxide"	RelError: 2.03434e-02	AbsError: 2.00000e-02
      Equation: "PotentialEquation"	RelError: 2.03434e-02	AbsError: 2.00000e-02
Iteration: 1
  Device: "part1_baseline"	RelError: 3.49802e-02	AbsError: 2.56209e+15
    Region: "bulk"	RelError: 3.48773e-02	AbsError: 2.56209e+15
      Equation: "ElectronContinuityEquation"	RelError: 1.16226e-03	AbsError: 2.56161e+15
      Equation: "HoleContinuityEquation"	RelError: 5.69302e-03	AbsError: 4.79211e+11
      Equation: "PotentialEquation"	RelError: 2.80220e-02	AbsError: 5.44167e-05
    Region: "oxide"	RelError: 1.02954e-04	AbsError: 5.44167e-05
      Equation: "PotentialEquation"	RelError: 1.02954e-04	AbsError: 5.44167e-05
Iteration: 2
  Device: "part1_baseline"	RelError: 5.98849e-06	AbsError: 1.40637e+11
    Region: "bulk"	RelError: 5.98749e-06	AbsError: 1.40637e+11
      Equation: "ElectronContinuityEquation"	RelError: 6.78728e-07	AbsError: 1.40607e+11
      Equation: "HoleContinuityEquation"	RelError: 3.64575e-06	AbsError: 2.95038e+07
      Equation: "PotentialEquation"	RelError: 1.66301e-06	AbsError: 1.86237e-09
    Region: "oxide"	RelError: 9.92611e-10	AbsError: 5.48450e-10
      Equation: "PotentialEquation"	RelError: 9.92611e-10	AbsError: 5.48450e-10
Iteration: 3
  Device: "part1_baseline"	RelError: 1.08027e-13	AbsError: 4.19430e+02
    Region: "bulk"	RelError: 1.08003e-13	AbsError: 4.19430e+02
      Equation: "ElectronContinuityEquation"	RelError: 1.75169e-14	AbsError: 4.19331e+02
      Equation: "HoleContinuityEquation"	RelError: 8.30167e-14	AbsError: 9.87348e-02
      Equation: "PotentialEquation"	RelError: 7.46971e-15	AbsError: 3.14369e-17
    Region: "oxide"	RelError: 2.37477e-17	AbsError: 1.26227e-17
      Equation: "PotentialEquation"	RelError: 2.37477e-17	AbsError: 1.26227e-17
number of equations 8953
Iteration: 0
  Device: "part1_baseline"	RelError: 8.07704e-01	AbsError: 1.94584e+17
    Region: "bulk"	RelError: 7.87766e-01	AbsError: 1.94584e+17
      Equation: "ElectronContinuityEquation"	RelError: 7.29391e-02	AbsError: 1.94573e+17
      Equation: "HoleContinuityEquation"	RelError: 8.51279e-02	AbsError: 1.09767e+13
      Equation: "PotentialEquation"	RelError: 6.29699e-01	AbsError: 2.03084e-03
    Region: "oxide"	RelError: 1.99378e-02	AbsError: 2.00000e-02
      Equation: "PotentialEquation"	RelError: 1.99378e-02	AbsError: 2.00000e-02
Iteration: 1
  Device: "part1_baseline"	RelError: 3.03219e-02	AbsError: 2.45922e+15
    Region: "bulk"	RelError: 3.02282e-02	AbsError: 2.45922e+15
      Equation: "ElectronContinuityEquation"	RelError: 1.03242e-03	AbsError: 2.45879e+15
      Equation: "HoleContinuityEquation"	RelError: 5.15324e-03	AbsError: 4.24386e+11
      Equation: "PotentialEquation"	RelError: 2.40425e-02	AbsError: 4.97398e-05
    Region: "oxide"	RelError: 9.37700e-05	AbsError: 4.97398e-05
      Equation: "PotentialEquation"	RelError: 9.37700e-05	AbsError: 4.97398e-05
Iteration: 2
  Device: "part1_baseline"	RelError: 5.19960e-06	AbsError: 1.26418e+11
    Region: "bulk"	RelError: 5.19882e-06	AbsError: 1.26418e+11
      Equation: "ElectronContinuityEquation"	RelError: 5.49983e-07	AbsError: 1.26394e+11
      Equation: "HoleContinuityEquation"	RelError: 3.05356e-06	AbsError: 2.36273e+07
      Equation: "PotentialEquation"	RelError: 1.59528e-06	AbsError: 1.62026e-09
    Region: "oxide"	RelError: 7.75209e-10	AbsError: 4.29635e-10
      Equation: "PotentialEquation"	RelError: 7.75209e-10	AbsError: 4.29635e-10
Iteration: 3
  Device: "part1_baseline"	RelError: 8.20570e-14	AbsError: 3.46176e+02
    Region: "bulk"	RelError: 8.20397e-14	AbsError: 3.46176e+02
      Equation: "ElectronContinuityEquation"	RelError: 1.11664e-14	AbsError: 3.46092e+02
      Equation: "HoleContinuityEquation"	RelError: 6.04538e-14	AbsError: 8.44246e-02
      Equation: "PotentialEquation"	RelError: 1.04194e-14	AbsError: 2.48811e-17
    Region: "oxide"	RelError: 1.73146e-17	AbsError: 9.22343e-18
      Equation: "PotentialEquation"	RelError: 1.73146e-17	AbsError: 9.22343e-18
number of equations 8953
Iteration: 0
  Device: "part1_baseline"	RelError: 1.48159e+00	AbsError: 1.99010e+17
    Region: "bulk"	RelError: 1.46204e+00	AbsError: 1.99010e+17
      Equation: "ElectronContinuityEquation"	RelError: 6.96852e-02	AbsError: 1.99000e+17
      Equation: "HoleContinuityEquation"	RelError: 8.06863e-02	AbsError: 1.01444e+13
      Equation: "PotentialEquation"	RelError: 1.31167e+00	AbsError: 1.93279e-03
    Region: "oxide"	RelError: 1.95480e-02	AbsError: 2.00000e-02
      Equation: "PotentialEquation"	RelError: 1.95480e-02	AbsError: 2.00000e-02
Iteration: 1
  Device: "part1_baseline"	RelError: 5.27856e-02	AbsError: 2.36707e+15
    Region: "bulk"	RelError: 5.26999e-02	AbsError: 2.36707e+15
      Equation: "ElectronContinuityEquation"	RelError: 9.20181e-04	AbsError: 2.36669e+15
      Equation: "HoleContinuityEquation"	RelError: 4.68304e-03	AbsError: 3.77497e+11
      Equation: "PotentialEquation"	RelError: 4.70967e-02	AbsError: 4.56239e-05
    Region: "oxide"	RelError: 8.57181e-05	AbsError: 4.56239e-05
      Equation: "PotentialEquation"	RelError: 8.57181e-05	AbsError: 4.56239e-05
Iteration: 2
  Device: "part1_baseline"	RelError: 5.97164e-06	AbsError: 1.13467e+11
    Region: "bulk"	RelError: 5.97098e-06	AbsError: 1.13467e+11
      Equation: "ElectronContinuityEquation"	RelError: 4.49342e-07	AbsError: 1.13447e+11
      Equation: "HoleContinuityEquation"	RelError: 2.57400e-06	AbsError: 1.92649e+07
      Equation: "PotentialEquation"	RelError: 2.94764e-06	AbsError: 1.41901e-09
    Region: "oxide"	RelError: 6.64027e-10	AbsError: 3.64728e-10
      Equation: "PotentialEquation"	RelError: 6.64027e-10	AbsError: 3.64728e-10
Iteration: 3
  Device: "part1_baseline"	RelError: 7.12526e-14	AbsError: 2.84185e+02
    Region: "bulk"	RelError: 7.12399e-14	AbsError: 2.84185e+02
      Equation: "ElectronContinuityEquation"	RelError: 7.34647e-15	AbsError: 2.84110e+02
      Equation: "HoleContinuityEquation"	RelError: 4.41832e-14	AbsError: 7.56714e-02
      Equation: "PotentialEquation"	RelError: 1.97102e-14	AbsError: 1.96559e-17
    Region: "oxide"	RelError: 1.26354e-17	AbsError: 6.74872e-18
      Equation: "PotentialEquation"	RelError: 1.26354e-17	AbsError: 6.74872e-18
number of equations 8953
Iteration: 0
  Device: "part1_baseline"	RelError: 7.51276e+00	AbsError: 2.03267e+17
    Region: "bulk"	RelError: 7.49359e+00	AbsError: 2.03267e+17
      Equation: "ElectronContinuityEquation"	RelError: 6.66762e-02	AbsError: 2.03258e+17
      Equation: "HoleContinuityEquation"	RelError: 7.66419e-02	AbsError: 9.40352e+12
      Equation: "PotentialEquation"	RelError: 7.35027e+00	AbsError: 1.84281e-03
    Region: "oxide"	RelError: 1.91732e-02	AbsError: 2.00000e-02
      Equation: "PotentialEquation"	RelError: 1.91732e-02	AbsError: 2.00000e-02
Iteration: 1
  Device: "part1_baseline"	RelError: 3.69546e-01	AbsError: 2.27725e+15
    Region: "bulk"	RelError: 3.69467e-01	AbsError: 2.27725e+15
      Equation: "ElectronContinuityEquation"	RelError: 8.22973e-04	AbsError: 2.27692e+15
      Equation: "HoleContinuityEquation"	RelError: 4.27120e-03	AbsError: 3.37176e+11
      Equation: "PotentialEquation"	RelError: 3.64373e-01	AbsError: 4.19825e-05
    Region: "oxide"	RelError: 7.86286e-05	AbsError: 4.19825e-05
      Equation: "PotentialEquation"	RelError: 7.86286e-05	AbsError: 4.19825e-05
Iteration: 2
  Device: "part1_baseline"	RelError: 2.43029e-05	AbsError: 1.01738e+11
    Region: "bulk"	RelError: 2.43023e-05	AbsError: 1.01738e+11
      Equation: "ElectronContinuityEquation"	RelError: 3.69943e-07	AbsError: 1.01722e+11
      Equation: "HoleContinuityEquation"	RelError: 2.18257e-06	AbsError: 1.59708e+07
      Equation: "PotentialEquation"	RelError: 2.17498e-05	AbsError: 1.24987e-09
    Region: "oxide"	RelError: 5.96030e-10	AbsError: 3.28403e-10
      Equation: "PotentialEquation"	RelError: 5.96030e-10	AbsError: 3.28403e-10
Iteration: 3
  Device: "part1_baseline"	RelError: 1.81872e-13	AbsError: 2.32353e+02
    Region: "bulk"	RelError: 1.81863e-13	AbsError: 2.32353e+02
      Equation: "ElectronContinuityEquation"	RelError: 4.98225e-15	AbsError: 2.32287e+02
      Equation: "HoleContinuityEquation"	RelError: 3.24606e-14	AbsError: 6.61860e-02
      Equation: "PotentialEquation"	RelError: 1.44420e-13	AbsError: 1.55415e-17
    Region: "oxide"	RelError: 9.25360e-18	AbsError: 4.95912e-18
      Equation: "PotentialEquation"	RelError: 9.25360e-18	AbsError: 4.95912e-18
number of equations 8953
Iteration: 0
  Device: "part1_baseline"	RelError: 1.54789e+00	AbsError: 2.07360e+17
    Region: "bulk"	RelError: 1.52908e+00	AbsError: 2.07360e+17
      Equation: "ElectronContinuityEquation"	RelError: 6.38865e-02	AbsError: 2.07352e+17
      Equation: "HoleContinuityEquation"	RelError: 7.29450e-02	AbsError: 8.74139e+12
      Equation: "PotentialEquation"	RelError: 1.39225e+00	AbsError: 1.75996e-03
    Region: "oxide"	RelError: 1.88125e-02	AbsError: 2.00000e-02
      Equation: "PotentialEquation"	RelError: 1.88125e-02	AbsError: 2.00000e-02
Iteration: 1
  Device: "part1_baseline"	RelError: 5.27965e-02	AbsError: 2.19003e+15
    Region: "bulk"	RelError: 5.27241e-02	AbsError: 2.19003e+15
      Equation: "ElectronContinuityEquation"	RelError: 7.38319e-04	AbsError: 2.18973e+15
      Equation: "HoleContinuityEquation"	RelError: 3.90862e-03	AbsError: 3.02327e+11
      Equation: "PotentialEquation"	RelError: 4.80772e-02	AbsError: 3.87456e-05
    Region: "oxide"	RelError: 7.23481e-05	AbsError: 3.87456e-05
      Equation: "PotentialEquation"	RelError: 7.23481e-05	AbsError: 3.87456e-05
Iteration: 2
  Device: "part1_baseline"	RelError: 4.43710e-06	AbsError: 9.11657e+10
    Region: "bulk"	RelError: 4.43657e-06	AbsError: 9.11657e+10
      Equation: "ElectronContinuityEquation"	RelError: 3.06762e-07	AbsError: 9.11523e+10
      Equation: "HoleContinuityEquation"	RelError: 1.86076e-06	AbsError: 1.34411e+07
      Equation: "PotentialEquation"	RelError: 2.26905e-06	AbsError: 1.10635e-09
    Region: "oxide"	RelError: 5.28060e-10	AbsError: 2.91823e-10
      Equation: "PotentialEquation"	RelError: 5.28060e-10	AbsError: 2.91823e-10
Iteration: 3
  Device: "part1_baseline"	RelError: 3.95215e-14	AbsError: 1.89421e+02
    Region: "bulk"	RelError: 3.95147e-14	AbsError: 1.89421e+02
      Equation: "ElectronContinuityEquation"	RelError: 3.47150e-15	AbsError: 1.89364e+02
      Equation: "HoleContinuityEquation"	RelError: 2.39577e-14	AbsError: 5.70848e-02
      Equation: "PotentialEquation"	RelError: 1.20855e-14	AbsError: 1.22970e-17
    Region: "oxide"	RelError: 6.82908e-18	AbsError: 3.67021e-18
      Equation: "PotentialEquation"	RelError: 6.82908e-18	AbsError: 3.67021e-18
number of equations 8953
Iteration: 0
  Device: "part1_baseline"	RelError: 7.26416e-01	AbsError: 2.11295e+17
    Region: "bulk"	RelError: 7.07951e-01	AbsError: 2.11295e+17
      Equation: "ElectronContinuityEquation"	RelError: 6.12940e-02	AbsError: 2.11287e+17
      Equation: "HoleContinuityEquation"	RelError: 6.95542e-02	AbsError: 8.14913e+12
      Equation: "PotentialEquation"	RelError: 5.77103e-01	AbsError: 1.68347e-03
    Region: "oxide"	RelError: 1.84652e-02	AbsError: 2.00000e-02
      Equation: "PotentialEquation"	RelError: 1.84652e-02	AbsError: 2.00000e-02
Iteration: 1
  Device: "part1_baseline"	RelError: 2.30344e-02	AbsError: 2.10558e+15
    Region: "bulk"	RelError: 2.29676e-02	AbsError: 2.10558e+15
      Equation: "ElectronContinuityEquation"	RelError: 6.64223e-04	AbsError: 2.10531e+15
      Equation: "HoleContinuityEquation"	RelError: 3.58793e-03	AbsError: 2.72063e+11
      Equation: "PotentialEquation"	RelError: 1.87154e-02	AbsError: 3.58555e-05
    Region: "oxide"	RelError: 6.67588e-05	AbsError: 3.58555e-05
      Equation: "PotentialEquation"	RelError: 6.67588e-05	AbsError: 3.58555e-05
Iteration: 2
  Device: "part1_baseline"	RelError: 2.74279e-06	AbsError: 8.16697e+10
    Region: "bulk"	RelError: 2.74233e-06	AbsError: 8.16697e+10
      Equation: "ElectronContinuityEquation"	RelError: 2.56078e-07	AbsError: 8.16582e+10
      Equation: "HoleContinuityEquation"	RelError: 1.59443e-06	AbsError: 1.14663e+07
      Equation: "PotentialEquation"	RelError: 8.91824e-07	AbsError: 9.84003e-10
    Region: "oxide"	RelError: 4.63126e-10	AbsError: 2.56670e-10
      Equation: "PotentialEquation"	RelError: 4.63126e-10	AbsError: 2.56670e-10
Iteration: 3
  Device: "part1_baseline"	RelError: 2.57076e-14	AbsError: 1.54114e+02
    Region: "bulk"	RelError: 2.57025e-14	AbsError: 1.54114e+02
      Equation: "ElectronContinuityEquation"	RelError: 2.48150e-15	AbsError: 1.54065e+02
      Equation: "HoleContinuityEquation"	RelError: 1.77716e-14	AbsError: 4.84475e-02
      Equation: "PotentialEquation"	RelError: 5.44939e-15	AbsError: 9.73586e-18
    Region: "oxide"	RelError: 5.07352e-18	AbsError: 2.73352e-18
      Equation: "PotentialEquation"	RelError: 5.07352e-18	AbsError: 2.73352e-18
number of equations 8953
Iteration: 0
  Device: "part1_baseline"	RelError: 5.45947e-01	AbsError: 2.15078e+17
    Region: "bulk"	RelError: 5.27817e-01	AbsError: 2.15078e+17
      Equation: "ElectronContinuityEquation"	RelError: 5.88796e-02	AbsError: 2.15070e+17
      Equation: "HoleContinuityEquation"	RelError: 6.64339e-02	AbsError: 7.61572e+12
      Equation: "PotentialEquation"	RelError: 4.02504e-01	AbsError: 1.61265e-03
    Region: "oxide"	RelError: 1.81304e-02	AbsError: 2.00000e-02
      Equation: "PotentialEquation"	RelError: 1.81304e-02	AbsError: 2.00000e-02
Iteration: 1
  Device: "part1_baseline"	RelError: 1.68853e-02	AbsError: 2.02402e+15
    Region: "bulk"	RelError: 1.68236e-02	AbsError: 2.02402e+15
      Equation: "ElectronContinuityEquation"	RelError: 5.99153e-04	AbsError: 2.02378e+15
      Equation: "HoleContinuityEquation"	RelError: 3.30306e-03	AbsError: 2.45664e+11
      Equation: "PotentialEquation"	RelError: 1.29214e-02	AbsError: 3.32647e-05
    Region: "oxide"	RelError: 6.17639e-05	AbsError: 3.32647e-05
      Equation: "PotentialEquation"	RelError: 6.17639e-05	AbsError: 3.32647e-05
Iteration: 2
  Device: "part1_baseline"	RelError: 2.13904e-06	AbsError: 7.31646e+10
    Region: "bulk"	RelError: 2.13863e-06	AbsError: 7.31646e+10
      Equation: "ElectronContinuityEquation"	RelError: 2.15113e-07	AbsError: 7.31547e+10
      Equation: "HoleContinuityEquation"	RelError: 1.37269e-06	AbsError: 9.90291e+06
      Equation: "PotentialEquation"	RelError: 5.50826e-07	AbsError: 8.79700e-10
    Region: "oxide"	RelError: 4.08053e-10	AbsError: 2.26169e-10
      Equation: "PotentialEquation"	RelError: 4.08053e-10	AbsError: 2.26169e-10
Iteration: 3
  Device: "part1_baseline"	RelError: 1.82216e-14	AbsError: 1.25235e+02
    Region: "bulk"	RelError: 1.82178e-14	AbsError: 1.25235e+02
      Equation: "ElectronContinuityEquation"	RelError: 1.81513e-15	AbsError: 1.25194e+02
      Equation: "HoleContinuityEquation"	RelError: 1.32531e-14	AbsError: 4.06376e-02
      Equation: "PotentialEquation"	RelError: 3.14955e-15	AbsError: 7.71652e-18
    Region: "oxide"	RelError: 3.79912e-18	AbsError: 2.05210e-18
      Equation: "PotentialEquation"	RelError: 3.79912e-18	AbsError: 2.05210e-18
number of equations 8953
Iteration: 0
  Device: "part1_baseline"	RelError: 7.30054e-01	AbsError: 2.18714e+17
    Region: "bulk"	RelError: 7.12247e-01	AbsError: 2.18714e+17
      Equation: "ElectronContinuityEquation"	RelError: 5.66263e-02	AbsError: 2.18707e+17
      Equation: "HoleContinuityEquation"	RelError: 6.35543e-02	AbsError: 7.13370e+12
      Equation: "PotentialEquation"	RelError: 5.92066e-01	AbsError: 1.54693e-03
    Region: "oxide"	RelError: 1.78075e-02	AbsError: 2.00000e-02
      Equation: "PotentialEquation"	RelError: 1.78075e-02	AbsError: 2.00000e-02
Iteration: 1
  Device: "part1_baseline"	RelError: 2.19375e-02	AbsError: 1.94544e+15
    Region: "bulk"	RelError: 2.18802e-02	AbsError: 1.94544e+15
      Equation: "ElectronContinuityEquation"	RelError: 5.41828e-04	AbsError: 1.94522e+15
      Equation: "HoleContinuityEquation"	RelError: 3.04899e-03	AbsError: 2.22538e+11
      Equation: "PotentialEquation"	RelError: 1.82894e-02	AbsError: 3.09335e-05
    Region: "oxide"	RelError: 5.72864e-05	AbsError: 3.09335e-05
      Equation: "PotentialEquation"	RelError: 5.72864e-05	AbsError: 3.09335e-05
Iteration: 2
  Device: "part1_baseline"	RelError: 2.09237e-06	AbsError: 6.55638e+10
    Region: "bulk"	RelError: 2.09201e-06	AbsError: 6.55638e+10
      Equation: "ElectronContinuityEquation"	RelError: 1.81767e-07	AbsError: 6.55551e+10
      Equation: "HoleContinuityEquation"	RelError: 1.18700e-06	AbsError: 8.64708e+06
      Equation: "PotentialEquation"	RelError: 7.23247e-07	AbsError: 7.89095e-10
    Region: "oxide"	RelError: 3.58334e-10	AbsError: 1.99141e-10
      Equation: "PotentialEquation"	RelError: 3.58334e-10	AbsError: 1.99141e-10
Iteration: 3
  Device: "part1_baseline"	RelError: 1.39515e-14	AbsError: 1.01709e+02
    Region: "bulk"	RelError: 1.39486e-14	AbsError: 1.01709e+02
      Equation: "ElectronContinuityEquation"	RelError: 1.35368e-15	AbsError: 1.01676e+02
      Equation: "HoleContinuityEquation"	RelError: 9.93737e-15	AbsError: 3.38612e-02
      Equation: "PotentialEquation"	RelError: 2.65759e-15	AbsError: 6.12527e-18
    Region: "oxide"	RelError: 2.86868e-18	AbsError: 1.55326e-18
      Equation: "PotentialEquation"	RelError: 2.86868e-18	AbsError: 1.55326e-18
number of equations 8953
Iteration: 0
  Device: "part1_baseline"	RelError: 1.33188e+00	AbsError: 2.22210e+17
    Region: "bulk"	RelError: 1.31439e+00	AbsError: 2.22210e+17
      Equation: "ElectronContinuityEquation"	RelError: 5.45195e-02	AbsError: 2.22203e+17
      Equation: "HoleContinuityEquation"	RelError: 6.08902e-02	AbsError: 6.69675e+12
      Equation: "PotentialEquation"	RelError: 1.19898e+00	AbsError: 1.48581e-03
    Region: "oxide"	RelError: 1.74960e-02	AbsError: 2.00000e-02
      Equation: "PotentialEquation"	RelError: 1.74960e-02	AbsError: 2.00000e-02
Iteration: 1
  Device: "part1_baseline"	RelError: 3.86117e-02	AbsError: 1.86986e+15
    Region: "bulk"	RelError: 3.85584e-02	AbsError: 1.86986e+15
      Equation: "ElectronContinuityEquation"	RelError: 4.91261e-04	AbsError: 1.86965e+15
      Equation: "HoleContinuityEquation"	RelError: 2.82155e-03	AbsError: 2.02200e+11
      Equation: "PotentialEquation"	RelError: 3.52456e-02	AbsError: 2.88293e-05
    Region: "oxide"	RelError: 5.32569e-05	AbsError: 2.88293e-05
      Equation: "PotentialEquation"	RelError: 5.32569e-05	AbsError: 2.88293e-05
Iteration: 2
  Device: "part1_baseline"	RelError: 2.55342e-06	AbsError: 5.87821e+10
    Region: "bulk"	RelError: 2.55310e-06	AbsError: 5.87821e+10
      Equation: "ElectronContinuityEquation"	RelError: 1.54442e-07	AbsError: 5.87745e+10
      Equation: "HoleContinuityEquation"	RelError: 1.03065e-06	AbsError: 7.62023e+06
      Equation: "PotentialEquation"	RelError: 1.36801e-06	AbsError: 7.09957e-10
    Region: "oxide"	RelError: 3.12022e-10	AbsError: 1.73846e-10
      Equation: "PotentialEquation"	RelError: 3.12022e-10	AbsError: 1.73846e-10
Iteration: 3
  Device: "part1_baseline"	RelError: 1.33113e-14	AbsError: 8.25997e+01
    Region: "bulk"	RelError: 1.33091e-14	AbsError: 8.25997e+01
      Equation: "ElectronContinuityEquation"	RelError: 1.02688e-15	AbsError: 8.25716e+01
      Equation: "HoleContinuityEquation"	RelError: 7.49208e-15	AbsError: 2.81461e-02
      Equation: "PotentialEquation"	RelError: 4.79016e-15	AbsError: 4.87103e-18
    Region: "oxide"	RelError: 2.18404e-18	AbsError: 1.18537e-18
      Equation: "PotentialEquation"	RelError: 2.18404e-18	AbsError: 1.18537e-18
number of equations 8953
Iteration: 0
  Device: "part1_baseline"	RelError: 1.25803e+01	AbsError: 2.25571e+17
    Region: "bulk"	RelError: 1.25631e+01	AbsError: 2.25571e+17
      Equation: "ElectronContinuityEquation"	RelError: 5.25484e-02	AbsError: 2.25565e+17
      Equation: "HoleContinuityEquation"	RelError: 5.84192e-02	AbsError: 6.29946e+12
      Equation: "PotentialEquation"	RelError: 1.24521e+01	AbsError: 1.42884e-03
    Region: "oxide"	RelError: 1.71951e-02	AbsError: 2.00000e-02
      Equation: "PotentialEquation"	RelError: 1.71951e-02	AbsError: 2.00000e-02
Iteration: 1
  Device: "part1_baseline"	RelError: 5.84670e-01	AbsError: 1.79727e+15
    Region: "bulk"	RelError: 5.84620e-01	AbsError: 1.79727e+15
      Equation: "ElectronContinuityEquation"	RelError: 4.46514e-04	AbsError: 1.79709e+15
      Equation: "HoleContinuityEquation"	RelError: 2.61724e-03	AbsError: 1.84245e+11
      Equation: "PotentialEquation"	RelError: 5.81557e-01	AbsError: 2.69234e-05
    Region: "oxide"	RelError: 4.96169e-05	AbsError: 2.69234e-05
      Equation: "PotentialEquation"	RelError: 4.96169e-05	AbsError: 2.69234e-05
Iteration: 2
  Device: "part1_baseline"	RelError: 2.32870e-05	AbsError: 5.27384e+10
    Region: "bulk"	RelError: 2.32868e-05	AbsError: 5.27384e+10
      Equation: "ElectronContinuityEquation"	RelError: 1.31909e-07	AbsError: 5.27316e+10
      Equation: "HoleContinuityEquation"	RelError: 8.98359e-07	AbsError: 6.77441e+06
      Equation: "PotentialEquation"	RelError: 2.22565e-05	AbsError: 6.40504e-10
    Region: "oxide"	RelError: 2.70062e-10	AbsError: 1.50642e-10
      Equation: "PotentialEquation"	RelError: 2.70062e-10	AbsError: 1.50642e-10
Iteration: 3
  Device: "part1_baseline"	RelError: 7.96538e-14	AbsError: 6.71073e+01
    Region: "bulk"	RelError: 7.96521e-14	AbsError: 6.71073e+01
      Equation: "ElectronContinuityEquation"	RelError: 7.90627e-16	AbsError: 6.70840e+01
      Equation: "HoleContinuityEquation"	RelError: 5.67938e-15	AbsError: 2.33018e-02
      Equation: "PotentialEquation"	RelError: 7.31821e-14	AbsError: 3.88175e-18
    Region: "oxide"	RelError: 1.67502e-18	AbsError: 9.11298e-19
      Equation: "PotentialEquation"	RelError: 1.67502e-18	AbsError: 9.11298e-19
number of equations 8953
Iteration: 0
  Device: "part1_baseline"	RelError: 1.07257e+00	AbsError: 2.28804e+17
    Region: "bulk"	RelError: 1.05566e+00	AbsError: 2.28804e+17
      Equation: "ElectronContinuityEquation"	RelError: 5.06994e-02	AbsError: 2.28798e+17
      Equation: "HoleContinuityEquation"	RelError: 5.61212e-02	AbsError: 5.93722e+12
      Equation: "PotentialEquation"	RelError: 9.48843e-01	AbsError: 1.37562e-03
    Region: "oxide"	RelError: 1.69044e-02	AbsError: 2.00000e-02
      Equation: "PotentialEquation"	RelError: 1.69044e-02	AbsError: 2.00000e-02
Iteration: 1
  Device: "part1_baseline"	RelError: 3.08210e-02	AbsError: 1.72766e+15
    Region: "bulk"	RelError: 3.07747e-02	AbsError: 1.72766e+15
      Equation: "ElectronContinuityEquation"	RelError: 4.06733e-04	AbsError: 1.72749e+15
      Equation: "HoleContinuityEquation"	RelError: 2.43312e-03	AbsError: 1.68339e+11
      Equation: "PotentialEquation"	RelError: 2.79348e-02	AbsError: 2.51918e-05
    Region: "oxide"	RelError: 4.63186e-05	AbsError: 2.51918e-05
      Equation: "PotentialEquation"	RelError: 4.63186e-05	AbsError: 2.51918e-05
Iteration: 2
  Device: "part1_baseline"	RelError: 1.95724e-06	AbsError: 4.73565e+10
    Region: "bulk"	RelError: 1.95701e-06	AbsError: 4.73565e+10
      Equation: "ElectronContinuityEquation"	RelError: 1.13218e-07	AbsError: 4.73504e+10
      Equation: "HoleContinuityEquation"	RelError: 7.85906e-07	AbsError: 6.06326e+06
      Equation: "PotentialEquation"	RelError: 1.05789e-06	AbsError: 5.79292e-10
    Region: "oxide"	RelError: 2.34110e-10	AbsError: 1.30741e-10
      Equation: "PotentialEquation"	RelError: 2.34110e-10	AbsError: 1.30741e-10
Iteration: 3
  Device: "part1_baseline"	RelError: 8.17476e-15	AbsError: 5.45626e+01
    Region: "bulk"	RelError: 8.17347e-15	AbsError: 5.45626e+01
      Equation: "ElectronContinuityEquation"	RelError: 6.16660e-16	AbsError: 5.45434e+01
      Equation: "HoleContinuityEquation"	RelError: 4.32852e-15	AbsError: 1.92363e-02
      Equation: "PotentialEquation"	RelError: 3.22829e-15	AbsError: 3.10030e-18
    Region: "oxide"	RelError: 1.29503e-18	AbsError: 7.06264e-19
      Equation: "PotentialEquation"	RelError: 1.29503e-18	AbsError: 7.06264e-19
number of equations 8953
Iteration: 0
  Device: "part1_baseline"	RelError: 5.98811e-01	AbsError: 2.31912e+17
    Region: "bulk"	RelError: 5.82187e-01	AbsError: 2.31912e+17
      Equation: "ElectronContinuityEquation"	RelError: 4.89612e-02	AbsError: 2.31907e+17
      Equation: "HoleContinuityEquation"	RelError: 5.39794e-02	AbsError: 5.60605e+12
      Equation: "PotentialEquation"	RelError: 4.79247e-01	AbsError: 1.32581e-03
    Region: "oxide"	RelError: 1.66234e-02	AbsError: 2.00000e-02
      Equation: "PotentialEquation"	RelError: 1.66234e-02	AbsError: 2.00000e-02
Iteration: 1
  Device: "part1_baseline"	RelError: 1.61837e-02	AbsError: 1.66097e+15
    Region: "bulk"	RelError: 1.61404e-02	AbsError: 1.66097e+15
      Equation: "ElectronContinuityEquation"	RelError: 3.71276e-04	AbsError: 1.66082e+15
      Equation: "HoleContinuityEquation"	RelError: 2.26667e-03	AbsError: 1.54200e+11
      Equation: "PotentialEquation"	RelError: 1.35025e-02	AbsError: 2.36142e-05
    Region: "oxide"	RelError: 4.33239e-05	AbsError: 2.36142e-05
      Equation: "PotentialEquation"	RelError: 4.33239e-05	AbsError: 2.36142e-05
Iteration: 2
  Device: "part1_baseline"	RelError: 1.29504e-06	AbsError: 4.25661e+10
    Region: "bulk"	RelError: 1.29484e-06	AbsError: 4.25661e+10
      Equation: "ElectronContinuityEquation"	RelError: 9.76265e-08	AbsError: 4.25606e+10
      Equation: "HoleContinuityEquation"	RelError: 6.89901e-07	AbsError: 5.46141e+06
      Equation: "PotentialEquation"	RelError: 5.07309e-07	AbsError: 5.25139e-10
    Region: "oxide"	RelError: 2.01477e-10	AbsError: 1.12774e-10
      Equation: "PotentialEquation"	RelError: 2.01477e-10	AbsError: 1.12774e-10
Iteration: 3
  Device: "part1_baseline"	RelError: 5.22890e-15	AbsError: 4.44106e+01
    Region: "bulk"	RelError: 5.22789e-15	AbsError: 4.44106e+01
      Equation: "ElectronContinuityEquation"	RelError: 4.86396e-16	AbsError: 4.43947e+01
      Equation: "HoleContinuityEquation"	RelError: 3.31645e-15	AbsError: 1.58615e-02
      Equation: "PotentialEquation"	RelError: 1.42505e-15	AbsError: 2.48224e-18
    Region: "oxide"	RelError: 1.00748e-18	AbsError: 5.50713e-19
      Equation: "PotentialEquation"	RelError: 1.00748e-18	AbsError: 5.50713e-19
number of equations 8953
Iteration: 0
  Device: "part1_baseline"	RelError: 4.30300e-01	AbsError: 2.34903e+17
    Region: "bulk"	RelError: 4.13948e-01	AbsError: 2.34903e+17
      Equation: "ElectronContinuityEquation"	RelError: 4.73250e-02	AbsError: 2.34898e+17
      Equation: "HoleContinuityEquation"	RelError: 5.19790e-02	AbsError: 5.30253e+12
      Equation: "PotentialEquation"	RelError: 3.14644e-01	AbsError: 1.27910e-03
    Region: "oxide"	RelError: 1.63516e-02	AbsError: 2.00000e-02
      Equation: "PotentialEquation"	RelError: 1.63516e-02	AbsError: 2.00000e-02
Iteration: 1
  Device: "part1_baseline"	RelError: 1.10645e-02	AbsError: 1.59714e+15
    Region: "bulk"	RelError: 1.10239e-02	AbsError: 1.59714e+15
      Equation: "ElectronContinuityEquation"	RelError: 3.39596e-04	AbsError: 1.59700e+15
      Equation: "HoleContinuityEquation"	RelError: 2.11579e-03	AbsError: 1.41592e+11
      Equation: "PotentialEquation"	RelError: 8.56848e-03	AbsError: 2.21732e-05
    Region: "oxide"	RelError: 4.05960e-05	AbsError: 2.21732e-05
      Equation: "PotentialEquation"	RelError: 4.05960e-05	AbsError: 2.21732e-05
Iteration: 2
  Device: "part1_baseline"	RelError: 1.01234e-06	AbsError: 3.83028e+10
    Region: "bulk"	RelError: 1.01217e-06	AbsError: 3.83028e+10
      Equation: "ElectronContinuityEquation"	RelError: 8.45517e-08	AbsError: 3.82978e+10
      Equation: "HoleContinuityEquation"	RelError: 6.07604e-07	AbsError: 4.94493e+06
      Equation: "PotentialEquation"	RelError: 3.20015e-07	AbsError: 4.77070e-10
    Region: "oxide"	RelError: 1.73026e-10	AbsError: 9.68283e-11
      Equation: "PotentialEquation"	RelError: 1.73026e-10	AbsError: 9.68283e-11
Iteration: 3
  Device: "part1_baseline"	RelError: 3.76470e-15	AbsError: 3.61954e+01
    Region: "bulk"	RelError: 3.76391e-15	AbsError: 3.61954e+01
      Equation: "ElectronContinuityEquation"	RelError: 3.87425e-16	AbsError: 3.61824e+01
      Equation: "HoleContinuityEquation"	RelError: 2.55441e-15	AbsError: 1.30710e-02
      Equation: "PotentialEquation"	RelError: 8.22075e-16	AbsError: 1.99243e-18
    Region: "oxide"	RelError: 7.88829e-19	AbsError: 4.32211e-19
      Equation: "PotentialEquation"	RelError: 7.88829e-19	AbsError: 4.32211e-19
number of equations 8953
Iteration: 0
  Device: "part1_baseline"	RelError: 3.43008e-01	AbsError: 2.37781e+17
    Region: "bulk"	RelError: 3.26919e-01	AbsError: 2.37781e+17
      Equation: "ElectronContinuityEquation"	RelError: 4.57823e-02	AbsError: 2.37776e+17
      Equation: "HoleContinuityEquation"	RelError: 5.01072e-02	AbsError: 5.02367e+12
      Equation: "PotentialEquation"	RelError: 2.31030e-01	AbsError: 1.23524e-03
    Region: "oxide"	RelError: 1.60885e-02	AbsError: 2.00000e-02
      Equation: "PotentialEquation"	RelError: 1.60885e-02	AbsError: 2.00000e-02
Iteration: 1
  Device: "part1_baseline"	RelError: 8.42796e-03	AbsError: 1.53609e+15
    Region: "bulk"	RelError: 8.38986e-03	AbsError: 1.53609e+15
      Equation: "ElectronContinuityEquation"	RelError: 3.11224e-04	AbsError: 1.53596e+15
      Equation: "HoleContinuityEquation"	RelError: 1.97864e-03	AbsError: 1.30315e+11
      Equation: "PotentialEquation"	RelError: 6.10000e-03	AbsError: 2.08537e-05
    Region: "oxide"	RelError: 3.81040e-05	AbsError: 2.08537e-05
      Equation: "PotentialEquation"	RelError: 3.81040e-05	AbsError: 2.08537e-05
Iteration: 2
  Device: "part1_baseline"	RelError: 8.50041e-07	AbsError: 3.45083e+10
    Region: "bulk"	RelError: 8.49893e-07	AbsError: 3.45083e+10
      Equation: "ElectronContinuityEquation"	RelError: 7.35323e-08	AbsError: 3.45038e+10
      Equation: "HoleContinuityEquation"	RelError: 5.36784e-07	AbsError: 4.49626e+06
      Equation: "PotentialEquation"	RelError: 2.39577e-07	AbsError: 4.34270e-10
    Region: "oxide"	RelError: 1.47740e-10	AbsError: 8.28553e-11
      Equation: "PotentialEquation"	RelError: 1.47740e-10	AbsError: 8.28553e-11
number of equations 8953
Iteration: 0
  Device: "part1_baseline"	RelError: 2.89111e-01	AbsError: 2.40552e+17
    Region: "bulk"	RelError: 2.73277e-01	AbsError: 2.40552e+17
      Equation: "ElectronContinuityEquation"	RelError: 4.43260e-02	AbsError: 2.40547e+17
      Equation: "HoleContinuityEquation"	RelError: 4.83523e-02	AbsError: 4.76689e+12
      Equation: "PotentialEquation"	RelError: 1.80599e-01	AbsError: 1.19398e-03
    Region: "oxide"	RelError: 1.58338e-02	AbsError: 2.00000e-02
      Equation: "PotentialEquation"	RelError: 1.58338e-02	AbsError: 2.00000e-02
Iteration: 1
  Device: "part1_baseline"	RelError: 6.80620e-03	AbsError: 1.47774e+15
    Region: "bulk"	RelError: 6.77038e-03	AbsError: 1.47774e+15
      Equation: "ElectronContinuityEquation"	RelError: 2.85836e-04	AbsError: 1.47762e+15
      Equation: "HoleContinuityEquation"	RelError: 1.85365e-03	AbsError: 1.20199e+11
      Equation: "PotentialEquation"	RelError: 4.63089e-03	AbsError: 1.96427e-05
    Region: "oxide"	RelError: 3.58220e-05	AbsError: 1.96427e-05
      Equation: "PotentialEquation"	RelError: 3.58220e-05	AbsError: 1.96427e-05
Iteration: 2
  Device: "part1_baseline"	RelError: 7.97206e-07	AbsError: 3.11300e+10
    Region: "bulk"	RelError: 7.97081e-07	AbsError: 3.11300e+10
      Equation: "ElectronContinuityEquation"	RelError: 6.42009e-08	AbsError: 3.11259e+10
      Equation: "HoleContinuityEquation"	RelError: 4.75619e-07	AbsError: 4.10331e+06
      Equation: "PotentialEquation"	RelError: 2.57261e-07	AbsError: 3.96055e-10
    Region: "oxide"	RelError: 1.25627e-10	AbsError: 7.04322e-11
      Equation: "PotentialEquation"	RelError: 1.25627e-10	AbsError: 7.04322e-11
number of equations 8953
Iteration: 0
  Device: "part1_baseline"	RelError: 3.09289e-01	AbsError: 2.43219e+17
    Region: "bulk"	RelError: 2.93702e-01	AbsError: 2.43219e+17
      Equation: "ElectronContinuityEquation"	RelError: 4.29494e-02	AbsError: 2.43215e+17
      Equation: "HoleContinuityEquation"	RelError: 4.67056e-02	AbsError: 4.52992e+12
      Equation: "PotentialEquation"	RelError: 2.04047e-01	AbsError: 1.15513e-03
    Region: "oxide"	RelError: 1.55870e-02	AbsError: 2.00000e-02
      Equation: "PotentialEquation"	RelError: 1.55870e-02	AbsError: 2.00000e-02
Iteration: 1
  Device: "part1_baseline"	RelError: 6.66575e-03	AbsError: 1.42198e+15
    Region: "bulk"	RelError: 6.63202e-03	AbsError: 1.42198e+15
      Equation: "ElectronContinuityEquation"	RelError: 2.62992e-04	AbsError: 1.42187e+15
      Equation: "HoleContinuityEquation"	RelError: 1.73948e-03	AbsError: 1.11100e+11
      Equation: "PotentialEquation"	RelError: 4.62955e-03	AbsError: 1.85289e-05
    Region: "oxide"	RelError: 3.37302e-05	AbsError: 1.85289e-05
      Equation: "PotentialEquation"	RelError: 3.37302e-05	AbsError: 1.85289e-05
Iteration: 2
  Device: "part1_baseline"	RelError: 7.61679e-07	AbsError: 2.81208e+10
    Region: "bulk"	RelError: 7.61573e-07	AbsError: 2.81208e+10
      Equation: "ElectronContinuityEquation"	RelError: 5.62632e-08	AbsError: 2.81171e+10
      Equation: "HoleContinuityEquation"	RelError: 4.22609e-07	AbsError: 3.75822e+06
      Equation: "PotentialEquation"	RelError: 2.82701e-07	AbsError: 3.61847e-10
    Region: "oxide"	RelError: 1.06067e-10	AbsError: 5.95859e-11
      Equation: "PotentialEquation"	RelError: 1.06067e-10	AbsError: 5.95859e-11
number of equations 8953
Iteration: 0
  Device: "part1_baseline"	RelError: 3.42779e-01	AbsError: 2.45789e+17
    Region: "bulk"	RelError: 3.27431e-01	AbsError: 2.45789e+17
      Equation: "ElectronContinuityEquation"	RelError: 4.16465e-02	AbsError: 2.45784e+17
      Equation: "HoleContinuityEquation"	RelError: 4.51568e-02	AbsError: 4.31079e+12
      Equation: "PotentialEquation"	RelError: 2.40628e-01	AbsError: 1.11848e-03
    Region: "oxide"	RelError: 1.53478e-02	AbsError: 2.00000e-02
      Equation: "PotentialEquation"	RelError: 1.53478e-02	AbsError: 2.00000e-02
Iteration: 1
  Device: "part1_baseline"	RelError: 7.21848e-03	AbsError: 1.36873e+15
    Region: "bulk"	RelError: 7.18667e-03	AbsError: 1.36873e+15
      Equation: "ElectronContinuityEquation"	RelError: 2.42391e-04	AbsError: 1.36863e+15
      Equation: "HoleContinuityEquation"	RelError: 1.63498e-03	AbsError: 1.02894e+11
      Equation: "PotentialEquation"	RelError: 5.30930e-03	AbsError: 1.75024e-05
    Region: "oxide"	RelError: 3.18062e-05	AbsError: 1.75024e-05
      Equation: "PotentialEquation"	RelError: 3.18062e-05	AbsError: 1.75024e-05
Iteration: 2
  Device: "part1_baseline"	RelError: 7.46567e-07	AbsError: 2.54387e+10
    Region: "bulk"	RelError: 7.46478e-07	AbsError: 2.54387e+10
      Equation: "ElectronContinuityEquation"	RelError: 4.94820e-08	AbsError: 2.54352e+10
      Equation: "HoleContinuityEquation"	RelError: 3.76515e-07	AbsError: 3.45191e+06
      Equation: "PotentialEquation"	RelError: 3.20481e-07	AbsError: 3.31153e-10
    Region: "oxide"	RelError: 8.89479e-11	AbsError: 4.99537e-11
      Equation: "PotentialEquation"	RelError: 8.89479e-11	AbsError: 4.99537e-11
number of equations 8953
Iteration: 0
  Device: "part1_baseline"	RelError: 3.96004e-01	AbsError: 2.48264e+17
    Region: "bulk"	RelError: 3.80889e-01	AbsError: 2.48264e+17
      Equation: "ElectronContinuityEquation"	RelError: 4.04119e-02	AbsError: 2.48260e+17
      Equation: "HoleContinuityEquation"	RelError: 4.36977e-02	AbsError: 4.10776e+12
      Equation: "PotentialEquation"	RelError: 2.96779e-01	AbsError: 1.08385e-03
    Region: "oxide"	RelError: 1.51158e-02	AbsError: 2.00000e-02
      Equation: "PotentialEquation"	RelError: 1.51158e-02	AbsError: 2.00000e-02
Iteration: 1
  Device: "part1_baseline"	RelError: 8.16162e-03	AbsError: 1.31788e+15
    Region: "bulk"	RelError: 8.13159e-03	AbsError: 1.31788e+15
      Equation: "ElectronContinuityEquation"	RelError: 2.23774e-04	AbsError: 1.31779e+15
      Equation: "HoleContinuityEquation"	RelError: 1.53911e-03	AbsError: 9.54761e+10
      Equation: "PotentialEquation"	RelError: 6.36871e-03	AbsError: 1.65545e-05
    Region: "oxide"	RelError: 3.00331e-05	AbsError: 1.65545e-05
      Equation: "PotentialEquation"	RelError: 3.00331e-05	AbsError: 1.65545e-05
Iteration: 2
  Device: "part1_baseline"	RelError: 7.60062e-07	AbsError: 2.30462e+10
    Region: "bulk"	RelError: 7.59988e-07	AbsError: 2.30462e+10
      Equation: "ElectronContinuityEquation"	RelError: 4.36651e-08	AbsError: 2.30430e+10
      Equation: "HoleContinuityEquation"	RelError: 3.36309e-07	AbsError: 3.17819e+06
      Equation: "PotentialEquation"	RelError: 3.80013e-07	AbsError: 3.03552e-10
    Region: "oxide"	RelError: 7.39127e-11	AbsError: 4.15839e-11
      Equation: "PotentialEquation"	RelError: 7.39127e-11	AbsError: 4.15839e-11
number of equations 8953
Iteration: 0
  Device: "part1_baseline"	RelError: 4.89792e-01	AbsError: 2.50650e+17
    Region: "bulk"	RelError: 4.74902e-01	AbsError: 2.50650e+17
      Equation: "ElectronContinuityEquation"	RelError: 3.92407e-02	AbsError: 2.50646e+17
      Equation: "HoleContinuityEquation"	RelError: 4.23211e-02	AbsError: 3.91928e+12
      Equation: "PotentialEquation"	RelError: 3.93340e-01	AbsError: 1.05109e-03
    Region: "oxide"	RelError: 1.48907e-02	AbsError: 2.00000e-02
      Equation: "PotentialEquation"	RelError: 1.48907e-02	AbsError: 2.00000e-02
Iteration: 1
  Device: "part1_baseline"	RelError: 9.89307e-03	AbsError: 1.26934e+15
    Region: "bulk"	RelError: 9.86468e-03	AbsError: 1.26934e+15
      Equation: "ElectronContinuityEquation"	RelError: 2.06918e-04	AbsError: 1.26925e+15
      Equation: "HoleContinuityEquation"	RelError: 1.45096e-03	AbsError: 8.87535e+10
      Equation: "PotentialEquation"	RelError: 8.20680e-03	AbsError: 1.56777e-05
    Region: "oxide"	RelError: 2.83965e-05	AbsError: 1.56777e-05
      Equation: "PotentialEquation"	RelError: 2.83965e-05	AbsError: 1.56777e-05
Iteration: 2
  Device: "part1_baseline"	RelError: 8.23904e-07	AbsError: 2.09102e+10
    Region: "bulk"	RelError: 8.23843e-07	AbsError: 2.09102e+10
      Equation: "ElectronContinuityEquation"	RelError: 3.86560e-08	AbsError: 2.09072e+10
      Equation: "HoleContinuityEquation"	RelError: 3.01135e-07	AbsError: 2.93246e+06
      Equation: "PotentialEquation"	RelError: 4.84052e-07	AbsError: 2.78680e-10
    Region: "oxide"	RelError: 6.07243e-11	AbsError: 3.42033e-11
      Equation: "PotentialEquation"	RelError: 6.07243e-11	AbsError: 3.42033e-11
number of equations 8953
Iteration: 0
  Device: "part1_baseline"	RelError: 6.90974e-01	AbsError: 2.52950e+17
    Region: "bulk"	RelError: 6.76302e-01	AbsError: 2.52950e+17
      Equation: "ElectronContinuityEquation"	RelError: 3.81284e-02	AbsError: 2.52947e+17
      Equation: "HoleContinuityEquation"	RelError: 4.10212e-02	AbsError: 3.74400e+12
      Equation: "PotentialEquation"	RelError: 5.97152e-01	AbsError: 1.02008e-03
    Region: "oxide"	RelError: 1.46722e-02	AbsError: 2.00000e-02
      Equation: "PotentialEquation"	RelError: 1.46722e-02	AbsError: 2.00000e-02
Iteration: 1
  Device: "part1_baseline"	RelError: 1.36823e-02	AbsError: 1.22300e+15
    Region: "bulk"	RelError: 1.36555e-02	AbsError: 1.22300e+15
      Equation: "ElectronContinuityEquation"	RelError: 1.91629e-04	AbsError: 1.22292e+15
      Equation: "HoleContinuityEquation"	RelError: 1.36975e-03	AbsError: 8.26475e+10
      Equation: "PotentialEquation"	RelError: 1.20941e-02	AbsError: 1.48651e-05
    Region: "oxide"	RelError: 2.68839e-05	AbsError: 1.48651e-05
      Equation: "PotentialEquation"	RelError: 2.68839e-05	AbsError: 1.48651e-05
Iteration: 2
  Device: "part1_baseline"	RelError: 1.00973e-06	AbsError: 1.90012e+10
    Region: "bulk"	RelError: 1.00967e-06	AbsError: 1.90012e+10
      Equation: "ElectronContinuityEquation"	RelError: 3.43264e-08	AbsError: 1.89985e+10
      Equation: "HoleContinuityEquation"	RelError: 2.70274e-07	AbsError: 2.71093e+06
      Equation: "PotentialEquation"	RelError: 7.05075e-07	AbsError: 2.56225e-10
    Region: "oxide"	RelError: 5.77586e-11	AbsError: 3.32891e-11
      Equation: "PotentialEquation"	RelError: 5.77586e-11	AbsError: 3.32891e-11
Iteration: 3
  Device: "part1_baseline"	RelError: 1.42912e-15	AbsError: 9.09544e+00
    Region: "bulk"	RelError: 1.42895e-15	AbsError: 9.09544e+00
      Equation: "ElectronContinuityEquation"	RelError: 9.56425e-17	AbsError: 9.09195e+00
      Equation: "HoleContinuityEquation"	RelError: 4.69880e-16	AbsError: 3.48880e-03
      Equation: "PotentialEquation"	RelError: 8.63429e-16	AbsError: 4.60335e-19
    Region: "oxide"	RelError: 1.68208e-19	AbsError: 9.35492e-20
      Equation: "PotentialEquation"	RelError: 1.68208e-19	AbsError: 9.35492e-20
number of equations 8953
Iteration: 0
  Device: "part1_baseline"	RelError: 1.39553e+00	AbsError: 2.55169e+17
    Region: "bulk"	RelError: 1.38107e+00	AbsError: 2.55169e+17
      Equation: "ElectronContinuityEquation"	RelError: 3.70710e-02	AbsError: 2.55165e+17
      Equation: "HoleContinuityEquation"	RelError: 3.97919e-02	AbsError: 3.58072e+12
      Equation: "PotentialEquation"	RelError: 1.30421e+00	AbsError: 9.90679e-04
    Region: "oxide"	RelError: 1.44600e-02	AbsError: 2.00000e-02
      Equation: "PotentialEquation"	RelError: 1.44600e-02	AbsError: 2.00000e-02
Iteration: 1
  Device: "part1_baseline"	RelError: 2.69057e-02	AbsError: 1.17877e+15
    Region: "bulk"	RelError: 2.68802e-02	AbsError: 1.17877e+15
      Equation: "ElectronContinuityEquation"	RelError: 1.80364e-04	AbsError: 1.17869e+15
      Equation: "HoleContinuityEquation"	RelError: 1.29480e-03	AbsError: 7.70895e+10
      Equation: "PotentialEquation"	RelError: 2.54051e-02	AbsError: 1.41107e-05
    Region: "oxide"	RelError: 2.54822e-05	AbsError: 1.41107e-05
      Equation: "PotentialEquation"	RelError: 2.54822e-05	AbsError: 1.41107e-05
Iteration: 2
  Device: "part1_baseline"	RelError: 1.73758e-06	AbsError: 1.72934e+10
    Region: "bulk"	RelError: 1.73752e-06	AbsError: 1.72934e+10
      Equation: "ElectronContinuityEquation"	RelError: 3.05708e-08	AbsError: 1.72909e+10
      Equation: "HoleContinuityEquation"	RelError: 2.43123e-07	AbsError: 2.51052e+06
      Equation: "PotentialEquation"	RelError: 1.46383e-06	AbsError: 2.35914e-10
    Region: "oxide"	RelError: 5.91858e-11	AbsError: 3.41656e-11
      Equation: "PotentialEquation"	RelError: 5.91858e-11	AbsError: 3.41656e-11
Iteration: 3
  Device: "part1_baseline"	RelError: 2.06016e-15	AbsError: 7.52975e+00
    Region: "bulk"	RelError: 2.06002e-15	AbsError: 7.52975e+00
      Equation: "ElectronContinuityEquation"	RelError: 7.99283e-17	AbsError: 7.52685e+00
      Equation: "HoleContinuityEquation"	RelError: 3.75539e-16	AbsError: 2.90243e-03
      Equation: "PotentialEquation"	RelError: 1.60455e-15	AbsError: 3.77223e-19
    Region: "oxide"	RelError: 1.38737e-19	AbsError: 7.72921e-20
      Equation: "PotentialEquation"	RelError: 1.38737e-19	AbsError: 7.72921e-20
number of equations 8953
Iteration: 0
  Device: "part1_baseline"	RelError: 5.61734e+00	AbsError: 2.57310e+17
    Region: "bulk"	RelError: 5.60308e+00	AbsError: 2.57310e+17
      Equation: "ElectronContinuityEquation"	RelError: 3.60647e-02	AbsError: 2.57306e+17
      Equation: "HoleContinuityEquation"	RelError: 3.86274e-02	AbsError: 3.42836e+12
      Equation: "PotentialEquation"	RelError: 5.52839e+00	AbsError: 9.62766e-04
    Region: "oxide"	RelError: 1.42539e-02	AbsError: 2.00000e-02
      Equation: "PotentialEquation"	RelError: 1.42539e-02	AbsError: 2.00000e-02
Iteration: 1
  Device: "part1_baseline"	RelError: 1.22210e-01	AbsError: 1.13654e+15
    Region: "bulk"	RelError: 1.22186e-01	AbsError: 1.13654e+15
      Equation: "ElectronContinuityEquation"	RelError: 1.70832e-04	AbsError: 1.13647e+15
      Equation: "HoleContinuityEquation"	RelError: 1.22550e-03	AbsError: 7.20198e+10
      Equation: "PotentialEquation"	RelError: 1.20790e-01	AbsError: 1.34095e-05
    Region: "oxide"	RelError: 2.41811e-05	AbsError: 1.34095e-05
      Equation: "PotentialEquation"	RelError: 2.41811e-05	AbsError: 1.34095e-05
Iteration: 2
  Device: "part1_baseline"	RelError: 7.12453e-06	AbsError: 1.57637e+10
    Region: "bulk"	RelError: 7.12447e-06	AbsError: 1.57637e+10
      Equation: "ElectronContinuityEquation"	RelError: 2.73022e-08	AbsError: 1.57614e+10
      Equation: "HoleContinuityEquation"	RelError: 2.19173e-07	AbsError: 2.32862e+06
      Equation: "PotentialEquation"	RelError: 6.87800e-06	AbsError: 2.17511e-10
    Region: "oxide"	RelError: 5.99234e-11	AbsError: 3.46445e-11
      Equation: "PotentialEquation"	RelError: 5.99234e-11	AbsError: 3.46445e-11
Iteration: 3
  Device: "part1_baseline"	RelError: 7.12657e-15	AbsError: 6.24754e+00
    Region: "bulk"	RelError: 7.12646e-15	AbsError: 6.24754e+00
      Equation: "ElectronContinuityEquation"	RelError: 6.70351e-17	AbsError: 6.24512e+00
      Equation: "HoleContinuityEquation"	RelError: 3.01339e-16	AbsError: 2.42605e-03
      Equation: "PotentialEquation"	RelError: 6.75808e-15	AbsError: 3.10083e-19
    Region: "oxide"	RelError: 1.13641e-19	AbsError: 6.34254e-20
      Equation: "PotentialEquation"	RelError: 1.13641e-19	AbsError: 6.34254e-20
number of equations 8953
Iteration: 0
  Device: "part1_baseline"	RelError: 9.42945e-01	AbsError: 2.59376e+17
    Region: "bulk"	RelError: 9.28892e-01	AbsError: 2.59376e+17
      Equation: "ElectronContinuityEquation"	RelError: 3.51062e-02	AbsError: 2.59373e+17
      Equation: "HoleContinuityEquation"	RelError: 3.75232e-02	AbsError: 3.28598e+12
      Equation: "PotentialEquation"	RelError: 8.56262e-01	AbsError: 9.36240e-04
    Region: "oxide"	RelError: 1.40536e-02	AbsError: 2.00000e-02
      Equation: "PotentialEquation"	RelError: 1.40536e-02	AbsError: 2.00000e-02
Iteration: 1
  Device: "part1_baseline"	RelError: 1.79032e-02	AbsError: 1.09623e+15
    Region: "bulk"	RelError: 1.78802e-02	AbsError: 1.09623e+15
      Equation: "ElectronContinuityEquation"	RelError: 1.61948e-04	AbsError: 1.09616e+15
      Equation: "HoleContinuityEquation"	RelError: 1.16131e-03	AbsError: 6.73861e+10
      Equation: "PotentialEquation"	RelError: 1.65570e-02	AbsError: 1.27565e-05
    Region: "oxide"	RelError: 2.29724e-05	AbsError: 1.27565e-05
      Equation: "PotentialEquation"	RelError: 2.29724e-05	AbsError: 1.27565e-05
Iteration: 2
  Device: "part1_baseline"	RelError: 1.15411e-06	AbsError: 1.43920e+10
    Region: "bulk"	RelError: 1.15405e-06	AbsError: 1.43920e+10
      Equation: "ElectronContinuityEquation"	RelError: 2.44481e-08	AbsError: 1.43899e+10
      Equation: "HoleContinuityEquation"	RelError: 1.97995e-07	AbsError: 2.16306e+06
      Equation: "PotentialEquation"	RelError: 9.31608e-07	AbsError: 2.00809e-10
    Region: "oxide"	RelError: 6.01093e-11	AbsError: 3.48038e-11
      Equation: "PotentialEquation"	RelError: 6.01093e-11	AbsError: 3.48038e-11
Iteration: 3
  Device: "part1_baseline"	RelError: 1.12148e-15	AbsError: 5.19546e+00
    Region: "bulk"	RelError: 1.12138e-15	AbsError: 5.19546e+00
      Equation: "ElectronContinuityEquation"	RelError: 5.64280e-17	AbsError: 5.19343e+00
      Equation: "HoleContinuityEquation"	RelError: 2.42763e-16	AbsError: 2.03055e-03
      Equation: "PotentialEquation"	RelError: 8.22192e-16	AbsError: 2.55517e-19
    Region: "oxide"	RelError: 9.36730e-20	AbsError: 5.23931e-20
      Equation: "PotentialEquation"	RelError: 9.36730e-20	AbsError: 5.23931e-20
number of equations 8953
Iteration: 0
  Device: "part1_baseline"	RelError: 5.40360e-01	AbsError: 2.61371e+17
    Region: "bulk"	RelError: 5.26501e-01	AbsError: 2.61371e+17
      Equation: "ElectronContinuityEquation"	RelError: 3.41922e-02	AbsError: 2.61368e+17
      Equation: "HoleContinuityEquation"	RelError: 3.64758e-02	AbsError: 3.15270e+12
      Equation: "PotentialEquation"	RelError: 4.55833e-01	AbsError: 9.11025e-04
    Region: "oxide"	RelError: 1.38589e-02	AbsError: 2.00000e-02
      Equation: "PotentialEquation"	RelError: 1.38589e-02	AbsError: 2.00000e-02
Iteration: 1
  Device: "part1_baseline"	RelError: 9.81310e-03	AbsError: 1.05774e+15
    Region: "bulk"	RelError: 9.79125e-03	AbsError: 1.05774e+15
      Equation: "ElectronContinuityEquation"	RelError: 1.53661e-04	AbsError: 1.05768e+15
      Equation: "HoleContinuityEquation"	RelError: 1.10177e-03	AbsError: 6.31428e+10
      Equation: "PotentialEquation"	RelError: 8.53582e-03	AbsError: 1.21476e-05
    Region: "oxide"	RelError: 2.18476e-05	AbsError: 1.21476e-05
      Equation: "PotentialEquation"	RelError: 2.18476e-05	AbsError: 1.21476e-05
Iteration: 2
  Device: "part1_baseline"	RelError: 6.75762e-07	AbsError: 1.31604e+10
    Region: "bulk"	RelError: 6.75702e-07	AbsError: 1.31604e+10
      Equation: "ElectronContinuityEquation"	RelError: 2.19483e-08	AbsError: 1.31584e+10
      Equation: "HoleContinuityEquation"	RelError: 1.79221e-07	AbsError: 2.01200e+06
      Equation: "PotentialEquation"	RelError: 4.74533e-07	AbsError: 1.85626e-10
    Region: "oxide"	RelError: 5.98561e-11	AbsError: 3.47076e-11
      Equation: "PotentialEquation"	RelError: 5.98561e-11	AbsError: 3.47076e-11
number of equations 8953
Iteration: 0
  Device: "part1_baseline"	RelError: 4.13032e-01	AbsError: 2.63298e+17
    Region: "bulk"	RelError: 3.99362e-01	AbsError: 2.63298e+17
      Equation: "ElectronContinuityEquation"	RelError: 3.33207e-02	AbsError: 2.63295e+17
      Equation: "HoleContinuityEquation"	RelError: 3.54800e-02	AbsError: 3.02778e+12
      Equation: "PotentialEquation"	RelError: 3.30562e-01	AbsError: 8.87006e-04
    Region: "oxide"	RelError: 1.36694e-02	AbsError: 2.00000e-02
      Equation: "PotentialEquation"	RelError: 1.36694e-02	AbsError: 2.00000e-02
Iteration: 1
  Device: "part1_baseline"	RelError: 7.73470e-03	AbsError: 1.02099e+15
    Region: "bulk"	RelError: 7.71390e-03	AbsError: 1.02099e+15
      Equation: "ElectronContinuityEquation"	RelError: 1.45923e-04	AbsError: 1.02093e+15
      Equation: "HoleContinuityEquation"	RelError: 1.04647e-03	AbsError: 5.92499e+10
      Equation: "PotentialEquation"	RelError: 6.52151e-03	AbsError: 1.15790e-05
    Region: "oxide"	RelError: 2.07988e-05	AbsError: 1.15790e-05
      Equation: "PotentialEquation"	RelError: 2.07988e-05	AbsError: 1.15790e-05
Iteration: 2
  Device: "part1_baseline"	RelError: 4.89683e-07	AbsError: 1.20531e+10
    Region: "bulk"	RelError: 4.89624e-07	AbsError: 1.20531e+10
      Equation: "ElectronContinuityEquation"	RelError: 1.97523e-08	AbsError: 1.20513e+10
      Equation: "HoleContinuityEquation"	RelError: 1.62544e-07	AbsError: 1.87385e+06
      Equation: "PotentialEquation"	RelError: 3.07328e-07	AbsError: 1.71804e-10
    Region: "oxide"	RelError: 5.92558e-11	AbsError: 3.44082e-11
      Equation: "PotentialEquation"	RelError: 5.92558e-11	AbsError: 3.44082e-11
number of equations 8953
Iteration: 0
  Device: "part1_baseline"	RelError: 5.41423e-01	AbsError: 2.65160e+17
    Region: "bulk"	RelError: 5.27938e-01	AbsError: 2.65160e+17
      Equation: "ElectronContinuityEquation"	RelError: 3.24885e-02	AbsError: 2.65158e+17
      Equation: "HoleContinuityEquation"	RelError: 3.45327e-02	AbsError: 2.91052e+12
      Equation: "PotentialEquation"	RelError: 4.60917e-01	AbsError: 8.64115e-04
    Region: "oxide"	RelError: 1.34851e-02	AbsError: 2.00000e-02
      Equation: "PotentialEquation"	RelError: 1.34851e-02	AbsError: 2.00000e-02
Iteration: 1
  Device: "part1_baseline"	RelError: 1.00257e-02	AbsError: 9.85882e+14
    Region: "bulk"	RelError: 1.00059e-02	AbsError: 9.85882e+14
      Equation: "ElectronContinuityEquation"	RelError: 1.38692e-04	AbsError: 9.85827e+14
      Equation: "HoleContinuityEquation"	RelError: 9.95016e-04	AbsError: 5.56721e+10
      Equation: "PotentialEquation"	RelError: 8.87216e-03	AbsError: 1.10474e-05
    Region: "oxide"	RelError: 1.98196e-05	AbsError: 1.10474e-05
      Equation: "PotentialEquation"	RelError: 1.98196e-05	AbsError: 1.10474e-05
Iteration: 2
  Device: "part1_baseline"	RelError: 4.74933e-07	AbsError: 1.10563e+10
    Region: "bulk"	RelError: 4.74874e-07	AbsError: 1.10563e+10
      Equation: "ElectronContinuityEquation"	RelError: 1.78176e-08	AbsError: 1.10546e+10
      Equation: "HoleContinuityEquation"	RelError: 1.47694e-07	AbsError: 1.75473e+06
      Equation: "PotentialEquation"	RelError: 3.09362e-07	AbsError: 1.59202e-10
    Region: "oxide"	RelError: 5.83837e-11	AbsError: 3.39486e-11
      Equation: "PotentialEquation"	RelError: 5.83837e-11	AbsError: 3.39486e-11
number of equations 8953
Iteration: 0
  Device: "part1_baseline"	RelError: 8.62000e-01	AbsError: 2.66961e+17
    Region: "bulk"	RelError: 8.48695e-01	AbsError: 2.66961e+17
      Equation: "ElectronContinuityEquation"	RelError: 3.16928e-02	AbsError: 2.66958e+17
      Equation: "HoleContinuityEquation"	RelError: 3.36312e-02	AbsError: 2.80031e+12
      Equation: "PotentialEquation"	RelError: 7.83371e-01	AbsError: 8.42290e-04
    Region: "oxide"	RelError: 1.33056e-02	AbsError: 2.00000e-02
      Equation: "PotentialEquation"	RelError: 1.33056e-02	AbsError: 2.00000e-02
Iteration: 1
  Device: "part1_baseline"	RelError: 1.57650e-02	AbsError: 9.52346e+14
    Region: "bulk"	RelError: 1.57461e-02	AbsError: 9.52346e+14
      Equation: "ElectronContinuityEquation"	RelError: 1.31927e-04	AbsError: 9.52294e+14
      Equation: "HoleContinuityEquation"	RelError: 9.47070e-04	AbsError: 5.23810e+10
      Equation: "PotentialEquation"	RelError: 1.46671e-02	AbsError: 1.05497e-05
    Region: "oxide"	RelError: 1.89048e-05	AbsError: 1.05497e-05
      Equation: "PotentialEquation"	RelError: 1.89048e-05	AbsError: 1.05497e-05
Iteration: 2
  Device: "part1_baseline"	RelError: 6.59460e-07	AbsError: 1.01577e+10
    Region: "bulk"	RelError: 6.59403e-07	AbsError: 1.01577e+10
      Equation: "ElectronContinuityEquation"	RelError: 1.61085e-08	AbsError: 1.01561e+10
      Equation: "HoleContinuityEquation"	RelError: 1.34442e-07	AbsError: 1.64885e+06
      Equation: "PotentialEquation"	RelError: 5.08852e-07	AbsError: 1.47696e-10
    Region: "oxide"	RelError: 5.73013e-11	AbsError: 3.33641e-11
      Equation: "PotentialEquation"	RelError: 5.73013e-11	AbsError: 3.33641e-11
number of equations 8953
Iteration: 0
  Device: "part1_baseline"	RelError: 2.96546e+00	AbsError: 2.68701e+17
    Region: "bulk"	RelError: 2.95233e+00	AbsError: 2.68701e+17
      Equation: "ElectronContinuityEquation"	RelError: 3.09315e-02	AbsError: 2.68699e+17
      Equation: "HoleContinuityEquation"	RelError: 3.27715e-02	AbsError: 2.69659e+12
      Equation: "PotentialEquation"	RelError: 2.88862e+00	AbsError: 8.21442e-04
    Region: "oxide"	RelError: 1.31309e-02	AbsError: 2.00000e-02
      Equation: "PotentialEquation"	RelError: 1.31309e-02	AbsError: 2.00000e-02
Iteration: 1
  Device: "part1_baseline"	RelError: 5.20314e-02	AbsError: 9.20300e+14
    Region: "bulk"	RelError: 5.20134e-02	AbsError: 9.20300e+14
      Equation: "ElectronContinuityEquation"	RelError: 1.25594e-04	AbsError: 9.20251e+14
      Equation: "HoleContinuityEquation"	RelError: 9.02327e-04	AbsError: 4.93475e+10
      Equation: "PotentialEquation"	RelError: 5.09855e-02	AbsError: 1.00832e-05
    Region: "oxide"	RelError: 1.80487e-05	AbsError: 1.00832e-05
      Equation: "PotentialEquation"	RelError: 1.80487e-05	AbsError: 1.00832e-05
Iteration: 2
  Device: "part1_baseline"	RelError: 1.89655e-06	AbsError: 9.34659e+09
    Region: "bulk"	RelError: 1.89649e-06	AbsError: 9.34659e+09
      Equation: "ElectronContinuityEquation"	RelError: 1.45948e-08	AbsError: 9.34504e+09
      Equation: "HoleContinuityEquation"	RelError: 1.22591e-07	AbsError: 1.55023e+06
      Equation: "PotentialEquation"	RelError: 1.75931e-06	AbsError: 1.37177e-10
    Region: "oxide"	RelError: 5.60591e-11	AbsError: 3.26836e-11
      Equation: "PotentialEquation"	RelError: 5.60591e-11	AbsError: 3.26836e-11
Iteration: 3
  Device: "part1_baseline"	RelError: 1.05157e-15	AbsError: 2.13825e+00
    Region: "bulk"	RelError: 1.05153e-15	AbsError: 2.13825e+00
      Equation: "ElectronContinuityEquation"	RelError: 2.50443e-17	AbsError: 2.13739e+00
      Equation: "HoleContinuityEquation"	RelError: 8.70900e-17	AbsError: 8.56785e-04
      Equation: "PotentialEquation"	RelError: 9.39394e-16	AbsError: 1.00681e-19
    Region: "oxide"	RelError: 3.80995e-20	AbsError: 2.14793e-20
      Equation: "PotentialEquation"	RelError: 3.80995e-20	AbsError: 2.14793e-20
number of equations 8953
Iteration: 0
  Device: "part1_baseline"	RelError: 1.68473e+00	AbsError: 2.70385e+17
    Region: "bulk"	RelError: 1.67177e+00	AbsError: 2.70385e+17
      Equation: "ElectronContinuityEquation"	RelError: 3.02025e-02	AbsError: 2.70383e+17
      Equation: "HoleContinuityEquation"	RelError: 3.19516e-02	AbsError: 2.59886e+12
      Equation: "PotentialEquation"	RelError: 1.60961e+00	AbsError: 8.01528e-04
    Region: "oxide"	RelError: 1.29607e-02	AbsError: 2.00000e-02
      Equation: "PotentialEquation"	RelError: 1.29607e-02	AbsError: 2.00000e-02
Iteration: 1
  Device: "part1_baseline"	RelError: 3.11955e-02	AbsError: 8.89670e+14
    Region: "bulk"	RelError: 3.11783e-02	AbsError: 8.89670e+14
      Equation: "ElectronContinuityEquation"	RelError: 1.19659e-04	AbsError: 8.89623e+14
      Equation: "HoleContinuityEquation"	RelError: 8.60516e-04	AbsError: 4.65455e+10
      Equation: "PotentialEquation"	RelError: 3.01981e-02	AbsError: 9.64534e-06
    Region: "oxide"	RelError: 1.72463e-05	AbsError: 9.64534e-06
      Equation: "PotentialEquation"	RelError: 1.72463e-05	AbsError: 9.64534e-06
Iteration: 2
  Device: "part1_baseline"	RelError: 1.16129e-06	AbsError: 8.61333e+09
    Region: "bulk"	RelError: 1.16123e-06	AbsError: 8.61333e+09
      Equation: "ElectronContinuityEquation"	RelError: 1.32507e-08	AbsError: 8.61187e+09
      Equation: "HoleContinuityEquation"	RelError: 1.11972e-07	AbsError: 1.45832e+06
      Equation: "PotentialEquation"	RelError: 1.03601e-06	AbsError: 1.27595e-10
    Region: "oxide"	RelError: 5.46979e-11	AbsError: 3.19309e-11
      Equation: "PotentialEquation"	RelError: 5.46979e-11	AbsError: 3.19309e-11
Iteration: 3
  Device: "part1_baseline"	RelError: 5.93560e-16	AbsError: 1.80258e+00
    Region: "bulk"	RelError: 5.93528e-16	AbsError: 1.80258e+00
      Equation: "ElectronContinuityEquation"	RelError: 2.14692e-17	AbsError: 1.80185e+00
      Equation: "HoleContinuityEquation"	RelError: 7.16888e-17	AbsError: 7.26182e-04
      Equation: "PotentialEquation"	RelError: 5.00370e-16	AbsError: 8.41643e-20
    Region: "oxide"	RelError: 3.21051e-20	AbsError: 1.81321e-20
      Equation: "PotentialEquation"	RelError: 3.21051e-20	AbsError: 1.81321e-20
number of equations 8953
Iteration: 0
  Device: "part1_baseline"	RelError: 6.88615e-01	AbsError: 2.72015e+17
    Region: "bulk"	RelError: 6.75820e-01	AbsError: 2.72015e+17
      Equation: "ElectronContinuityEquation"	RelError: 2.95040e-02	AbsError: 2.72013e+17
      Equation: "HoleContinuityEquation"	RelError: 3.11688e-02	AbsError: 2.50666e+12
      Equation: "PotentialEquation"	RelError: 6.15148e-01	AbsError: 7.82483e-04
    Region: "oxide"	RelError: 1.27949e-02	AbsError: 2.00000e-02
      Equation: "PotentialEquation"	RelError: 1.27949e-02	AbsError: 2.00000e-02
Iteration: 1
  Device: "part1_baseline"	RelError: 1.20469e-02	AbsError: 8.60384e+14
    Region: "bulk"	RelError: 1.20304e-02	AbsError: 8.60384e+14
      Equation: "ElectronContinuityEquation"	RelError: 1.14091e-04	AbsError: 8.60340e+14
      Equation: "HoleContinuityEquation"	RelError: 8.21403e-04	AbsError: 4.39534e+10
      Equation: "PotentialEquation"	RelError: 1.10949e-02	AbsError: 9.23400e-06
    Region: "oxide"	RelError: 1.64933e-05	AbsError: 9.23400e-06
      Equation: "PotentialEquation"	RelError: 1.64933e-05	AbsError: 9.23400e-06
Iteration: 2
  Device: "part1_baseline"	RelError: 4.92854e-07	AbsError: 7.94957e+09
    Region: "bulk"	RelError: 4.92801e-07	AbsError: 7.94957e+09
      Equation: "ElectronContinuityEquation"	RelError: 1.20543e-08	AbsError: 7.94819e+09
      Equation: "HoleContinuityEquation"	RelError: 1.02438e-07	AbsError: 1.37262e+06
      Equation: "PotentialEquation"	RelError: 3.78309e-07	AbsError: 1.18878e-10
    Region: "oxide"	RelError: 5.32514e-11	AbsError: 3.11254e-11
      Equation: "PotentialEquation"	RelError: 5.32514e-11	AbsError: 3.11254e-11
number of equations 8953
Iteration: 0
  Device: "part1_baseline"	RelError: 5.88713e-01	AbsError: 2.73593e+17
    Region: "bulk"	RelError: 5.76080e-01	AbsError: 2.73593e+17
      Equation: "ElectronContinuityEquation"	RelError: 2.88341e-02	AbsError: 2.73591e+17
      Equation: "HoleContinuityEquation"	RelError: 3.04203e-02	AbsError: 2.41957e+12
      Equation: "PotentialEquation"	RelError: 5.16826e-01	AbsError: 7.64248e-04
    Region: "oxide"	RelError: 1.26333e-02	AbsError: 2.00000e-02
      Equation: "PotentialEquation"	RelError: 1.26333e-02	AbsError: 2.00000e-02
Iteration: 1
  Device: "part1_baseline"	RelError: 9.35274e-03	AbsError: 8.32376e+14
    Region: "bulk"	RelError: 9.33695e-03	AbsError: 8.32376e+14
      Equation: "ElectronContinuityEquation"	RelError: 1.08865e-04	AbsError: 8.32335e+14
      Equation: "HoleContinuityEquation"	RelError: 7.84785e-04	AbsError: 4.15520e+10
      Equation: "PotentialEquation"	RelError: 8.44331e-03	AbsError: 8.84711e-06
    Region: "oxide"	RelError: 1.57863e-05	AbsError: 8.84711e-06
      Equation: "PotentialEquation"	RelError: 1.57863e-05	AbsError: 8.84711e-06
Iteration: 2
  Device: "part1_baseline"	RelError: 3.99714e-07	AbsError: 7.34785e+09
    Region: "bulk"	RelError: 3.99663e-07	AbsError: 7.34785e+09
      Equation: "ElectronContinuityEquation"	RelError: 1.09870e-08	AbsError: 7.34656e+09
      Equation: "HoleContinuityEquation"	RelError: 9.38617e-08	AbsError: 1.29268e+06
      Equation: "PotentialEquation"	RelError: 2.94814e-07	AbsError: 1.10868e-10
    Region: "oxide"	RelError: 5.17468e-11	AbsError: 3.02829e-11
      Equation: "PotentialEquation"	RelError: 5.17468e-11	AbsError: 3.02829e-11
number of equations 8953
Iteration: 0
  Device: "part1_baseline"	RelError: 1.05343e+00	AbsError: 2.75121e+17
    Region: "bulk"	RelError: 1.04095e+00	AbsError: 2.75121e+17
      Equation: "ElectronContinuityEquation"	RelError: 2.81912e-02	AbsError: 2.75119e+17
      Equation: "HoleContinuityEquation"	RelError: 2.97050e-02	AbsError: 2.33745e+12
      Equation: "PotentialEquation"	RelError: 9.83057e-01	AbsError: 7.46795e-04
    Region: "oxide"	RelError: 1.24757e-02	AbsError: 2.00000e-02
      Equation: "PotentialEquation"	RelError: 1.24757e-02	AbsError: 2.00000e-02
Iteration: 1
  Device: "part1_baseline"	RelError: 1.64832e-02	AbsError: 8.05581e+14
    Region: "bulk"	RelError: 1.64681e-02	AbsError: 8.05581e+14
      Equation: "ElectronContinuityEquation"	RelError: 1.03954e-04	AbsError: 8.05542e+14
      Equation: "HoleContinuityEquation"	RelError: 7.50438e-04	AbsError: 3.93240e+10
      Equation: "PotentialEquation"	RelError: 1.56137e-02	AbsError: 8.48282e-06
    Region: "oxide"	RelError: 1.51217e-05	AbsError: 8.48282e-06
      Equation: "PotentialEquation"	RelError: 1.51217e-05	AbsError: 8.48282e-06
Iteration: 2
  Device: "part1_baseline"	RelError: 6.36754e-07	AbsError: 6.80162e+09
    Region: "bulk"	RelError: 6.36704e-07	AbsError: 6.80162e+09
      Equation: "ElectronContinuityEquation"	RelError: 1.00326e-08	AbsError: 6.80040e+09
      Equation: "HoleContinuityEquation"	RelError: 8.61338e-08	AbsError: 1.21806e+06
      Equation: "PotentialEquation"	RelError: 5.40538e-07	AbsError: 1.03498e-10
    Region: "oxide"	RelError: 5.02062e-11	AbsError: 2.94164e-11
      Equation: "PotentialEquation"	RelError: 5.02062e-11	AbsError: 2.94164e-11
number of equations 8953
Iteration: 0
  Device: "part1_baseline"	RelError: 1.48811e+01	AbsError: 2.76602e+17
    Region: "bulk"	RelError: 1.48688e+01	AbsError: 2.76602e+17
      Equation: "ElectronContinuityEquation"	RelError: 2.75739e-02	AbsError: 2.76599e+17
      Equation: "HoleContinuityEquation"	RelError: 2.90198e-02	AbsError: 2.25981e+12
      Equation: "PotentialEquation"	RelError: 1.48122e+01	AbsError: 7.30056e-04
    Region: "oxide"	RelError: 1.23219e-02	AbsError: 2.00000e-02
      Equation: "PotentialEquation"	RelError: 1.23219e-02	AbsError: 2.00000e-02
Iteration: 1
  Device: "part1_baseline"	RelError: 1.90535e-01	AbsError: 7.79938e+14
    Region: "bulk"	RelError: 1.90520e-01	AbsError: 7.79938e+14
      Equation: "ElectronContinuityEquation"	RelError: 9.93357e-05	AbsError: 7.79901e+14
      Equation: "HoleContinuityEquation"	RelError: 7.18186e-04	AbsError: 3.72542e+10
      Equation: "PotentialEquation"	RelError: 1.89703e-01	AbsError: 8.13947e-06
    Region: "oxide"	RelError: 1.44960e-05	AbsError: 8.13947e-06
      Equation: "PotentialEquation"	RelError: 1.44960e-05	AbsError: 8.13947e-06
Iteration: 2
  Device: "part1_baseline"	RelError: 6.59839e-06	AbsError: 6.30505e+09
    Region: "bulk"	RelError: 6.59834e-06	AbsError: 6.30505e+09
      Equation: "ElectronContinuityEquation"	RelError: 9.17732e-09	AbsError: 6.30391e+09
      Equation: "HoleContinuityEquation"	RelError: 7.91579e-08	AbsError: 1.14838e+06
      Equation: "PotentialEquation"	RelError: 6.51001e-06	AbsError: 9.67092e-11
    Region: "oxide"	RelError: 4.86477e-11	AbsError: 2.85364e-11
      Equation: "PotentialEquation"	RelError: 4.86477e-11	AbsError: 2.85364e-11
Iteration: 3
  Device: "part1_baseline"	RelError: 2.09630e-15	AbsError: 9.30664e-01
    Region: "bulk"	RelError: 2.09628e-15	AbsError: 9.30664e-01
      Equation: "ElectronContinuityEquation"	RelError: 1.18780e-17	AbsError: 9.30282e-01
      Equation: "HoleContinuityEquation"	RelError: 3.39748e-17	AbsError: 3.82170e-04
      Equation: "PotentialEquation"	RelError: 2.05043e-15	AbsError: 4.20494e-20
    Region: "oxide"	RelError: 1.66079e-20	AbsError: 9.43803e-21
      Equation: "PotentialEquation"	RelError: 1.66079e-20	AbsError: 9.43803e-21
number of equations 8953
Iteration: 0
  Device: "part1_baseline"	RelError: 1.16162e+00	AbsError: 2.78036e+17
    Region: "bulk"	RelError: 1.14945e+00	AbsError: 2.78036e+17
      Equation: "ElectronContinuityEquation"	RelError: 2.69807e-02	AbsError: 2.78034e+17
      Equation: "HoleContinuityEquation"	RelError: 2.83636e-02	AbsError: 2.18624e+12
      Equation: "PotentialEquation"	RelError: 1.09410e+00	AbsError: 7.14003e-04
    Region: "oxide"	RelError: 1.21720e-02	AbsError: 2.00000e-02
      Equation: "PotentialEquation"	RelError: 1.21720e-02	AbsError: 2.00000e-02
Iteration: 1
  Device: "part1_baseline"	RelError: 1.80341e-02	AbsError: 7.55390e+14
    Region: "bulk"	RelError: 1.80202e-02	AbsError: 7.55390e+14
      Equation: "ElectronContinuityEquation"	RelError: 9.49888e-05	AbsError: 7.55354e+14
      Equation: "HoleContinuityEquation"	RelError: 6.87866e-04	AbsError: 3.53286e+10
      Equation: "PotentialEquation"	RelError: 1.72373e-02	AbsError: 7.81554e-06
    Region: "oxide"	RelError: 1.39063e-05	AbsError: 7.81554e-06
      Equation: "PotentialEquation"	RelError: 1.39063e-05	AbsError: 7.81554e-06
Iteration: 2
  Device: "part1_baseline"	RelError: 6.67539e-07	AbsError: 5.85300e+09
    Region: "bulk"	RelError: 6.67492e-07	AbsError: 5.85300e+09
      Equation: "ElectronContinuityEquation"	RelError: 8.40933e-09	AbsError: 5.85191e+09
      Equation: "HoleContinuityEquation"	RelError: 7.28501e-08	AbsError: 1.08329e+06
      Equation: "PotentialEquation"	RelError: 5.86232e-07	AbsError: 9.04498e-11
    Region: "oxide"	RelError: 4.70855e-11	AbsError: 2.76516e-11
      Equation: "PotentialEquation"	RelError: 4.70855e-11	AbsError: 2.76516e-11
number of equations 8953
Iteration: 0
  Device: "part1_baseline"	RelError: 5.85120e-01	AbsError: 2.79427e+17
    Region: "bulk"	RelError: 5.73094e-01	AbsError: 2.79427e+17
      Equation: "ElectronContinuityEquation"	RelError: 2.64102e-02	AbsError: 2.79425e+17
      Equation: "HoleContinuityEquation"	RelError: 2.77346e-02	AbsError: 2.11646e+12
      Equation: "PotentialEquation"	RelError: 5.18949e-01	AbsError: 6.98595e-04
    Region: "oxide"	RelError: 1.20256e-02	AbsError: 2.00000e-02
      Equation: "PotentialEquation"	RelError: 1.20256e-02	AbsError: 2.00000e-02
Iteration: 1
  Device: "part1_baseline"	RelError: 8.70426e-03	AbsError: 7.31880e+14
    Region: "bulk"	RelError: 8.69091e-03	AbsError: 7.31880e+14
      Equation: "ElectronContinuityEquation"	RelError: 9.08941e-05	AbsError: 7.31847e+14
      Equation: "HoleContinuityEquation"	RelError: 6.59356e-04	AbsError: 3.35351e+10
      Equation: "PotentialEquation"	RelError: 7.94066e-03	AbsError: 7.50962e-06
    Region: "oxide"	RelError: 1.33499e-05	AbsError: 7.50962e-06
      Equation: "PotentialEquation"	RelError: 1.33499e-05	AbsError: 7.50962e-06
Iteration: 2
  Device: "part1_baseline"	RelError: 3.42487e-07	AbsError: 5.44088e+09
    Region: "bulk"	RelError: 3.42442e-07	AbsError: 5.44088e+09
      Equation: "ElectronContinuityEquation"	RelError: 7.71830e-09	AbsError: 5.43986e+09
      Equation: "HoleContinuityEquation"	RelError: 6.71370e-08	AbsError: 1.02244e+06
      Equation: "PotentialEquation"	RelError: 2.67587e-07	AbsError: 8.46721e-11
    Region: "oxide"	RelError: 4.55313e-11	AbsError: 2.67687e-11
      Equation: "PotentialEquation"	RelError: 4.55313e-11	AbsError: 2.67687e-11
number of equations 8953
Iteration: 0
  Device: "part1_baseline"	RelError: 4.01446e-01	AbsError: 2.80776e+17
    Region: "bulk"	RelError: 3.89564e-01	AbsError: 2.80776e+17
      Equation: "ElectronContinuityEquation"	RelError: 2.58614e-02	AbsError: 2.80774e+17
      Equation: "HoleContinuityEquation"	RelError: 2.71307e-02	AbsError: 2.05021e+12
      Equation: "PotentialEquation"	RelError: 3.36572e-01	AbsError: 6.83786e-04
    Region: "oxide"	RelError: 1.18827e-02	AbsError: 2.00000e-02
      Equation: "PotentialEquation"	RelError: 1.18827e-02	AbsError: 2.00000e-02
Iteration: 1
  Device: "part1_baseline"	RelError: 5.76773e-03	AbsError: 7.09359e+14
    Region: "bulk"	RelError: 5.75491e-03	AbsError: 7.09359e+14
      Equation: "ElectronContinuityEquation"	RelError: 8.75467e-05	AbsError: 7.09327e+14
      Equation: "HoleContinuityEquation"	RelError: 6.32498e-04	AbsError: 3.18625e+10
      Equation: "PotentialEquation"	RelError: 5.03486e-03	AbsError: 7.22046e-06
    Region: "oxide"	RelError: 1.28251e-05	AbsError: 7.22046e-06
      Equation: "PotentialEquation"	RelError: 1.28251e-05	AbsError: 7.22046e-06
Iteration: 2
  Device: "part1_baseline"	RelError: 2.37177e-07	AbsError: 5.06466e+09
    Region: "bulk"	RelError: 2.37133e-07	AbsError: 5.06466e+09
      Equation: "ElectronContinuityEquation"	RelError: 7.09532e-09	AbsError: 5.06369e+09
      Equation: "HoleContinuityEquation"	RelError: 6.19555e-08	AbsError: 9.65536e+05
      Equation: "PotentialEquation"	RelError: 1.68083e-07	AbsError: 7.93335e-11
    Region: "oxide"	RelError: 4.39942e-11	AbsError: 2.58932e-11
      Equation: "PotentialEquation"	RelError: 4.39942e-11	AbsError: 2.58932e-11
number of equations 8953
Iteration: 0
  Device: "part1_baseline"	RelError: 3.10774e-01	AbsError: 2.82085e+17
    Region: "bulk"	RelError: 2.99031e-01	AbsError: 2.82085e+17
      Equation: "ElectronContinuityEquation"	RelError: 2.53330e-02	AbsError: 2.82083e+17
      Equation: "HoleContinuityEquation"	RelError: 2.65515e-02	AbsError: 1.98725e+12
      Equation: "PotentialEquation"	RelError: 2.47146e-01	AbsError: 6.69565e-04
    Region: "oxide"	RelError: 1.17431e-02	AbsError: 2.00000e-02
      Equation: "PotentialEquation"	RelError: 1.17431e-02	AbsError: 2.00000e-02
Iteration: 1
  Device: "part1_baseline"	RelError: 4.32472e-03	AbsError: 6.87775e+14
    Region: "bulk"	RelError: 4.31239e-03	AbsError: 6.87775e+14
      Equation: "ElectronContinuityEquation"	RelError: 8.44067e-05	AbsError: 6.87745e+14
      Equation: "HoleContinuityEquation"	RelError: 6.07171e-04	AbsError: 3.03007e+10
      Equation: "PotentialEquation"	RelError: 3.62081e-03	AbsError: 6.94688e-06
    Region: "oxide"	RelError: 1.23291e-05	AbsError: 6.94688e-06
      Equation: "PotentialEquation"	RelError: 1.23291e-05	AbsError: 6.94688e-06
Iteration: 2
  Device: "part1_baseline"	RelError: 1.83551e-07	AbsError: 4.72072e+09
    Region: "bulk"	RelError: 1.83509e-07	AbsError: 4.72072e+09
      Equation: "ElectronContinuityEquation"	RelError: 6.53264e-09	AbsError: 4.71981e+09
      Equation: "HoleContinuityEquation"	RelError: 5.72491e-08	AbsError: 9.12296e+05
      Equation: "PotentialEquation"	RelError: 1.19727e-07	AbsError: 7.43956e-11
    Region: "oxide"	RelError: 4.24814e-11	AbsError: 2.50296e-11
      Equation: "PotentialEquation"	RelError: 4.24814e-11	AbsError: 2.50296e-11
number of equations 8953
Iteration: 0
  Device: "part1_baseline"	RelError: 2.56532e-01	AbsError: 2.83356e+17
    Region: "bulk"	RelError: 2.44925e-01	AbsError: 2.83356e+17
      Equation: "ElectronContinuityEquation"	RelError: 2.48240e-02	AbsError: 2.83354e+17
      Equation: "HoleContinuityEquation"	RelError: 2.59946e-02	AbsError: 1.92736e+12
      Equation: "PotentialEquation"	RelError: 1.94106e-01	AbsError: 6.55878e-04
    Region: "oxide"	RelError: 1.16068e-02	AbsError: 2.00000e-02
      Equation: "PotentialEquation"	RelError: 1.16068e-02	AbsError: 2.00000e-02
Iteration: 1
  Device: "part1_baseline"	RelError: 3.46396e-03	AbsError: 6.67084e+14
    Region: "bulk"	RelError: 3.45210e-03	AbsError: 6.67084e+14
      Equation: "ElectronContinuityEquation"	RelError: 8.14135e-05	AbsError: 6.67055e+14
      Equation: "HoleContinuityEquation"	RelError: 5.83267e-04	AbsError: 2.88407e+10
      Equation: "PotentialEquation"	RelError: 2.78742e-03	AbsError: 6.68783e-06
    Region: "oxide"	RelError: 1.18598e-05	AbsError: 6.68783e-06
      Equation: "PotentialEquation"	RelError: 1.18598e-05	AbsError: 6.68783e-06
Iteration: 2
  Device: "part1_baseline"	RelError: 1.50310e-07	AbsError: 4.40586e+09
    Region: "bulk"	RelError: 1.50269e-07	AbsError: 4.40586e+09
      Equation: "ElectronContinuityEquation"	RelError: 6.02350e-09	AbsError: 4.40500e+09
      Equation: "HoleContinuityEquation"	RelError: 5.29665e-08	AbsError: 8.62457e+05
      Equation: "PotentialEquation"	RelError: 9.12785e-08	AbsError: 6.98239e-11
    Region: "oxide"	RelError: 4.09987e-11	AbsError: 2.41812e-11
      Equation: "PotentialEquation"	RelError: 4.09987e-11	AbsError: 2.41812e-11
number of equations 8953
Iteration: 0
  Device: "part1_baseline"	RelError: 2.20306e-01	AbsError: 2.84589e+17
    Region: "bulk"	RelError: 2.08832e-01	AbsError: 2.84589e+17
      Equation: "ElectronContinuityEquation"	RelError: 2.43334e-02	AbsError: 2.84587e+17
      Equation: "HoleContinuityEquation"	RelError: 2.54593e-02	AbsError: 1.87034e+12
      Equation: "PotentialEquation"	RelError: 1.59040e-01	AbsError: 6.42706e-04
    Region: "oxide"	RelError: 1.14737e-02	AbsError: 2.00000e-02
      Equation: "PotentialEquation"	RelError: 1.14737e-02	AbsError: 2.00000e-02
Iteration: 1
  Device: "part1_baseline"	RelError: 2.89051e-03	AbsError: 6.47240e+14
    Region: "bulk"	RelError: 2.87909e-03	AbsError: 6.47240e+14
      Equation: "ElectronContinuityEquation"	RelError: 7.85592e-05	AbsError: 6.47212e+14
      Equation: "HoleContinuityEquation"	RelError: 5.60699e-04	AbsError: 2.74744e+10
      Equation: "PotentialEquation"	RelError: 2.23984e-03	AbsError: 6.44233e-06
    Region: "oxide"	RelError: 1.14154e-05	AbsError: 6.44233e-06
      Equation: "PotentialEquation"	RelError: 1.14154e-05	AbsError: 6.44233e-06
Iteration: 2
  Device: "part1_baseline"	RelError: 1.27292e-07	AbsError: 4.11724e+09
    Region: "bulk"	RelError: 1.27253e-07	AbsError: 4.11724e+09
      Equation: "ElectronContinuityEquation"	RelError: 5.56199e-09	AbsError: 4.11643e+09
      Equation: "HoleContinuityEquation"	RelError: 4.90638e-08	AbsError: 8.15780e+05
      Equation: "PotentialEquation"	RelError: 7.26271e-08	AbsError: 6.55871e-11
    Region: "oxide"	RelError: 3.95502e-11	AbsError: 2.33508e-11
      Equation: "PotentialEquation"	RelError: 3.95502e-11	AbsError: 2.33508e-11
number of equations 8953
Iteration: 0
  Device: "part1_baseline"	RelError: 1.94311e-01	AbsError: 2.85787e+17
    Region: "bulk"	RelError: 1.82967e-01	AbsError: 2.85787e+17
      Equation: "ElectronContinuityEquation"	RelError: 2.38602e-02	AbsError: 2.85785e+17
      Equation: "HoleContinuityEquation"	RelError: 2.49444e-02	AbsError: 1.81602e+12
      Equation: "PotentialEquation"	RelError: 1.34163e-01	AbsError: 6.30026e-04
    Region: "oxide"	RelError: 1.13435e-02	AbsError: 2.00000e-02
      Equation: "PotentialEquation"	RelError: 1.13435e-02	AbsError: 2.00000e-02
Iteration: 1
  Device: "part1_baseline"	RelError: 2.48003e-03	AbsError: 6.28202e+14
    Region: "bulk"	RelError: 2.46903e-03	AbsError: 6.28202e+14
      Equation: "ElectronContinuityEquation"	RelError: 7.58362e-05	AbsError: 6.28176e+14
      Equation: "HoleContinuityEquation"	RelError: 5.39355e-04	AbsError: 2.61943e+10
      Equation: "PotentialEquation"	RelError: 1.85384e-03	AbsError: 6.20947e-06
    Region: "oxide"	RelError: 1.09942e-05	AbsError: 6.20947e-06
      Equation: "PotentialEquation"	RelError: 1.09942e-05	AbsError: 6.20947e-06
Iteration: 2
  Device: "part1_baseline"	RelError: 1.10196e-07	AbsError: 3.85231e+09
    Region: "bulk"	RelError: 1.10158e-07	AbsError: 3.85231e+09
      Equation: "ElectronContinuityEquation"	RelError: 5.14296e-09	AbsError: 3.85154e+09
      Equation: "HoleContinuityEquation"	RelError: 4.55024e-08	AbsError: 7.72042e+05
      Equation: "PotentialEquation"	RelError: 5.95126e-08	AbsError: 6.16570e-11
    Region: "oxide"	RelError: 3.81391e-11	AbsError: 2.25403e-11
      Equation: "PotentialEquation"	RelError: 3.81391e-11	AbsError: 2.25403e-11
number of equations 8953
Iteration: 0
  Device: "part1_baseline"	RelError: 1.74686e-01	AbsError: 2.86950e+17
    Region: "bulk"	RelError: 1.63470e-01	AbsError: 2.86950e+17
      Equation: "ElectronContinuityEquation"	RelError: 2.34037e-02	AbsError: 2.86949e+17
      Equation: "HoleContinuityEquation"	RelError: 2.44485e-02	AbsError: 1.76422e+12
      Equation: "PotentialEquation"	RelError: 1.15617e-01	AbsError: 6.17800e-04
    Region: "oxide"	RelError: 1.12163e-02	AbsError: 2.00000e-02
      Equation: "PotentialEquation"	RelError: 1.12163e-02	AbsError: 2.00000e-02
Iteration: 1
  Device: "part1_baseline"	RelError: 2.17098e-03	AbsError: 6.09930e+14
    Region: "bulk"	RelError: 2.16039e-03	AbsError: 6.09930e+14
      Equation: "ElectronContinuityEquation"	RelError: 7.32375e-05	AbsError: 6.09905e+14
      Equation: "HoleContinuityEquation"	RelError: 5.19151e-04	AbsError: 2.49938e+10
      Equation: "PotentialEquation"	RelError: 1.56800e-03	AbsError: 5.98842e-06
    Region: "oxide"	RelError: 1.05952e-05	AbsError: 5.98842e-06
      Equation: "PotentialEquation"	RelError: 1.05952e-05	AbsError: 5.98842e-06
Iteration: 2
  Device: "part1_baseline"	RelError: 9.68754e-08	AbsError: 3.60880e+09
    Region: "bulk"	RelError: 9.68386e-08	AbsError: 3.60880e+09
      Equation: "ElectronContinuityEquation"	RelError: 4.76187e-09	AbsError: 3.60807e+09
      Equation: "HoleContinuityEquation"	RelError: 4.22479e-08	AbsError: 7.31036e+05
      Equation: "PotentialEquation"	RelError: 4.98288e-08	AbsError: 5.80081e-11
    Region: "oxide"	RelError: 3.67677e-11	AbsError: 2.17512e-11
      Equation: "PotentialEquation"	RelError: 3.67677e-11	AbsError: 2.17512e-11
number of equations 8953
Iteration: 0
  Device: "part1_baseline"	RelError: 1.59300e-01	AbsError: 2.88081e+17
    Region: "bulk"	RelError: 1.48208e-01	AbsError: 2.88081e+17
      Equation: "ElectronContinuityEquation"	RelError: 2.29629e-02	AbsError: 2.88080e+17
      Equation: "HoleContinuityEquation"	RelError: 2.39712e-02	AbsError: 1.71478e+12
      Equation: "PotentialEquation"	RelError: 1.01274e-01	AbsError: 6.06020e-04
    Region: "oxide"	RelError: 1.10919e-02	AbsError: 2.00000e-02
      Equation: "PotentialEquation"	RelError: 1.10919e-02	AbsError: 2.00000e-02
Iteration: 1
  Device: "part1_baseline"	RelError: 1.92946e-03	AbsError: 5.92388e+14
    Region: "bulk"	RelError: 1.91924e-03	AbsError: 5.92388e+14
      Equation: "ElectronContinuityEquation"	RelError: 7.07564e-05	AbsError: 5.92364e+14
      Equation: "HoleContinuityEquation"	RelError: 5.00025e-04	AbsError: 2.38667e+10
      Equation: "PotentialEquation"	RelError: 1.34846e-03	AbsError: 5.77844e-06
    Region: "oxide"	RelError: 1.02165e-05	AbsError: 5.77844e-06
      Equation: "PotentialEquation"	RelError: 1.02165e-05	AbsError: 5.77844e-06
Iteration: 2
  Device: "part1_baseline"	RelError: 8.61351e-08	AbsError: 3.38470e+09
    Region: "bulk"	RelError: 8.60997e-08	AbsError: 3.38470e+09
      Equation: "ElectronContinuityEquation"	RelError: 4.41473e-09	AbsError: 3.38400e+09
      Equation: "HoleContinuityEquation"	RelError: 3.92699e-08	AbsError: 6.92574e+05
      Equation: "PotentialEquation"	RelError: 4.24150e-08	AbsError: 5.46171e-11
    Region: "oxide"	RelError: 3.54377e-11	AbsError: 2.09846e-11
      Equation: "PotentialEquation"	RelError: 3.54377e-11	AbsError: 2.09846e-11
number of equations 8953
Iteration: 0
  Device: "part1_baseline"	RelError: 1.46880e-01	AbsError: 2.89181e+17
    Region: "bulk"	RelError: 1.35910e-01	AbsError: 2.89181e+17
      Equation: "ElectronContinuityEquation"	RelError: 2.25372e-02	AbsError: 2.89179e+17
      Equation: "HoleContinuityEquation"	RelError: 2.35110e-02	AbsError: 1.66756e+12
      Equation: "PotentialEquation"	RelError: 8.98616e-02	AbsError: 5.94654e-04
    Region: "oxide"	RelError: 1.09702e-02	AbsError: 2.00000e-02
      Equation: "PotentialEquation"	RelError: 1.09702e-02	AbsError: 2.00000e-02
Iteration: 1
  Device: "part1_baseline"	RelError: 1.73518e-03	AbsError: 5.75539e+14
    Region: "bulk"	RelError: 1.72532e-03	AbsError: 5.75539e+14
      Equation: "ElectronContinuityEquation"	RelError: 6.83867e-05	AbsError: 5.75516e+14
      Equation: "HoleContinuityEquation"	RelError: 4.81894e-04	AbsError: 2.28076e+10
      Equation: "PotentialEquation"	RelError: 1.17504e-03	AbsError: 5.57881e-06
    Region: "oxide"	RelError: 9.85677e-06	AbsError: 5.57881e-06
      Equation: "PotentialEquation"	RelError: 9.85677e-06	AbsError: 5.57881e-06
Iteration: 2
  Device: "part1_baseline"	RelError: 7.72545e-08	AbsError: 3.17817e+09
    Region: "bulk"	RelError: 7.72203e-08	AbsError: 3.17817e+09
      Equation: "ElectronContinuityEquation"	RelError: 4.09804e-09	AbsError: 3.17752e+09
      Equation: "HoleContinuityEquation"	RelError: 3.65431e-08	AbsError: 6.56477e+05
      Equation: "PotentialEquation"	RelError: 3.65792e-08	AbsError: 5.14631e-11
    Region: "oxide"	RelError: 3.41499e-11	AbsError: 2.02412e-11
      Equation: "PotentialEquation"	RelError: 3.41499e-11	AbsError: 2.02412e-11
number of equations 8953
Iteration: 0
  Device: "part1_baseline"	RelError: 1.36617e-01	AbsError: 2.90250e+17
    Region: "bulk"	RelError: 1.25766e-01	AbsError: 2.90250e+17
      Equation: "ElectronContinuityEquation"	RelError: 2.21257e-02	AbsError: 2.90248e+17
      Equation: "HoleContinuityEquation"	RelError: 2.30670e-02	AbsError: 1.62243e+12
      Equation: "PotentialEquation"	RelError: 8.05734e-02	AbsError: 5.83676e-04
    Region: "oxide"	RelError: 1.08512e-02	AbsError: 2.00000e-02
      Equation: "PotentialEquation"	RelError: 1.08512e-02	AbsError: 2.00000e-02
Iteration: 1
  Device: "part1_baseline"	RelError: 1.57529e-03	AbsError: 5.59351e+14
    Region: "bulk"	RelError: 1.56577e-03	AbsError: 5.59351e+14
      Equation: "ElectronContinuityEquation"	RelError: 6.61224e-05	AbsError: 5.59329e+14
      Equation: "HoleContinuityEquation"	RelError: 4.64688e-04	AbsError: 2.18113e+10
      Equation: "PotentialEquation"	RelError: 1.03496e-03	AbsError: 5.38889e-06
    Region: "oxide"	RelError: 9.51472e-06	AbsError: 5.38889e-06
      Equation: "PotentialEquation"	RelError: 9.51472e-06	AbsError: 5.38889e-06
Iteration: 2
  Device: "part1_baseline"	RelError: 6.97663e-08	AbsError: 2.98761e+09
    Region: "bulk"	RelError: 6.97334e-08	AbsError: 2.98761e+09
      Equation: "ElectronContinuityEquation"	RelError: 3.80870e-09	AbsError: 2.98699e+09
      Equation: "HoleContinuityEquation"	RelError: 3.40415e-08	AbsError: 6.22585e+05
      Equation: "PotentialEquation"	RelError: 3.18832e-08	AbsError: 4.85269e-11
    Region: "oxide"	RelError: 3.29047e-11	AbsError: 1.95213e-11
      Equation: "PotentialEquation"	RelError: 3.29047e-11	AbsError: 1.95213e-11
number of equations 8953
Iteration: 0
  Device: "part1_baseline"	RelError: 1.27975e-01	AbsError: 2.91290e+17
    Region: "bulk"	RelError: 1.17241e-01	AbsError: 2.91290e+17
      Equation: "ElectronContinuityEquation"	RelError: 2.17279e-02	AbsError: 2.91288e+17
      Equation: "HoleContinuityEquation"	RelError: 2.26389e-02	AbsError: 1.57926e+12
      Equation: "PotentialEquation"	RelError: 7.28738e-02	AbsError: 5.73085e-04
    Region: "oxide"	RelError: 1.07347e-02	AbsError: 2.00000e-02
      Equation: "PotentialEquation"	RelError: 1.07347e-02	AbsError: 2.00000e-02
Iteration: 1
  Device: "part1_baseline"	RelError: 1.44124e-03	AbsError: 5.43792e+14
    Region: "bulk"	RelError: 1.43205e-03	AbsError: 5.43792e+14
      Equation: "ElectronContinuityEquation"	RelError: 6.39578e-05	AbsError: 5.43771e+14
      Equation: "HoleContinuityEquation"	RelError: 4.48354e-04	AbsError: 2.08732e+10
      Equation: "PotentialEquation"	RelError: 9.19743e-04	AbsError: 5.20807e-06
    Region: "oxide"	RelError: 9.18931e-06	AbsError: 5.20807e-06
      Equation: "PotentialEquation"	RelError: 9.18931e-06	AbsError: 5.20807e-06
Iteration: 2
  Device: "part1_baseline"	RelError: 6.33556e-08	AbsError: 2.81156e+09
    Region: "bulk"	RelError: 6.33239e-08	AbsError: 2.81156e+09
      Equation: "ElectronContinuityEquation"	RelError: 3.54395e-09	AbsError: 2.81097e+09
      Equation: "HoleContinuityEquation"	RelError: 3.17436e-08	AbsError: 5.90745e+05
      Equation: "PotentialEquation"	RelError: 2.80364e-08	AbsError: 4.57913e-11
    Region: "oxide"	RelError: 3.17024e-11	AbsError: 1.88251e-11
      Equation: "PotentialEquation"	RelError: 3.17024e-11	AbsError: 1.88251e-11
number of equations 8953
Iteration: 0
  Device: "part1_baseline"	RelError: 1.20582e-01	AbsError: 2.92301e+17
    Region: "bulk"	RelError: 1.09962e-01	AbsError: 2.92301e+17
      Equation: "ElectronContinuityEquation"	RelError: 2.13430e-02	AbsError: 2.92300e+17
      Equation: "HoleContinuityEquation"	RelError: 2.22256e-02	AbsError: 1.53795e+12
      Equation: "PotentialEquation"	RelError: 6.63929e-02	AbsError: 5.62848e-04
    Region: "oxide"	RelError: 1.06207e-02	AbsError: 2.00000e-02
      Equation: "PotentialEquation"	RelError: 1.06207e-02	AbsError: 2.00000e-02
Iteration: 1
  Device: "part1_baseline"	RelError: 1.36448e-03	AbsError: 5.28831e+14
    Region: "bulk"	RelError: 1.35560e-03	AbsError: 5.28831e+14
      Equation: "ElectronContinuityEquation"	RelError: 6.18879e-05	AbsError: 5.28811e+14
      Equation: "HoleContinuityEquation"	RelError: 4.32839e-04	AbsError: 1.99892e+10
      Equation: "PotentialEquation"	RelError: 8.60875e-04	AbsError: 5.03580e-06
    Region: "oxide"	RelError: 8.87953e-06	AbsError: 5.03580e-06
      Equation: "PotentialEquation"	RelError: 8.87953e-06	AbsError: 5.03580e-06
Iteration: 2
  Device: "part1_baseline"	RelError: 5.82533e-08	AbsError: 2.64871e+09
    Region: "bulk"	RelError: 5.82227e-08	AbsError: 2.64871e+09
      Equation: "ElectronContinuityEquation"	RelError: 3.30138e-09	AbsError: 2.64815e+09
      Equation: "HoleContinuityEquation"	RelError: 2.96304e-08	AbsError: 5.60818e+05
      Equation: "PotentialEquation"	RelError: 2.52910e-08	AbsError: 4.32403e-11
    Region: "oxide"	RelError: 3.05426e-11	AbsError: 1.81526e-11
      Equation: "PotentialEquation"	RelError: 3.05426e-11	AbsError: 1.81526e-11
number of equations 8953
Iteration: 0
  Device: "part1_baseline"	RelError: 1.20578e-01	AbsError: 2.93286e+17
    Region: "bulk"	RelError: 1.10069e-01	AbsError: 2.93286e+17
      Equation: "ElectronContinuityEquation"	RelError: 2.09706e-02	AbsError: 2.93285e+17
      Equation: "HoleContinuityEquation"	RelError: 2.18260e-02	AbsError: 1.49838e+12
      Equation: "PotentialEquation"	RelError: 6.72723e-02	AbsError: 5.52946e-04
    Region: "oxide"	RelError: 1.05091e-02	AbsError: 2.00000e-02
      Equation: "PotentialEquation"	RelError: 1.05091e-02	AbsError: 2.00000e-02
Iteration: 1
  Device: "part1_baseline"	RelError: 1.36621e-03	AbsError: 5.14441e+14
    Region: "bulk"	RelError: 1.35762e-03	AbsError: 5.14441e+14
      Equation: "ElectronContinuityEquation"	RelError: 5.99075e-05	AbsError: 5.14422e+14
      Equation: "HoleContinuityEquation"	RelError: 4.18082e-04	AbsError: 1.91553e+10
      Equation: "PotentialEquation"	RelError: 8.79635e-04	AbsError: 4.87157e-06
    Region: "oxide"	RelError: 8.58474e-06	AbsError: 4.87157e-06
      Equation: "PotentialEquation"	RelError: 8.58474e-06	AbsError: 4.87157e-06
Iteration: 2
  Device: "part1_baseline"	RelError: 5.63865e-08	AbsError: 2.49790e+09
    Region: "bulk"	RelError: 5.63570e-08	AbsError: 2.49790e+09
      Equation: "ElectronContinuityEquation"	RelError: 3.07882e-09	AbsError: 2.49736e+09
      Equation: "HoleContinuityEquation"	RelError: 2.76847e-08	AbsError: 5.32675e+05
      Equation: "PotentialEquation"	RelError: 2.55935e-08	AbsError: 4.08597e-11
    Region: "oxide"	RelError: 2.94247e-11	AbsError: 1.75036e-11
      Equation: "PotentialEquation"	RelError: 2.94247e-11	AbsError: 1.75036e-11
number of equations 8953
Iteration: 0
  Device: "part1_baseline"	RelError: 1.22502e-01	AbsError: 2.94245e+17
    Region: "bulk"	RelError: 1.12102e-01	AbsError: 2.94245e+17
      Equation: "ElectronContinuityEquation"	RelError: 2.06100e-02	AbsError: 2.94244e+17
      Equation: "HoleContinuityEquation"	RelError: 2.14402e-02	AbsError: 1.46045e+12
      Equation: "PotentialEquation"	RelError: 7.00522e-02	AbsError: 5.43376e-04
    Region: "oxide"	RelError: 1.03998e-02	AbsError: 2.00000e-02
      Equation: "PotentialEquation"	RelError: 1.03998e-02	AbsError: 2.00000e-02
Iteration: 1
  Device: "part1_baseline"	RelError: 1.37206e-03	AbsError: 5.00595e+14
    Region: "bulk"	RelError: 1.36376e-03	AbsError: 5.00595e+14
      Equation: "ElectronContinuityEquation"	RelError: 5.80120e-05	AbsError: 5.00577e+14
      Equation: "HoleContinuityEquation"	RelError: 4.04037e-04	AbsError: 1.83681e+10
      Equation: "PotentialEquation"	RelError: 9.01708e-04	AbsError: 4.71489e-06
    Region: "oxide"	RelError: 8.30369e-06	AbsError: 4.71489e-06
      Equation: "PotentialEquation"	RelError: 8.30369e-06	AbsError: 4.71489e-06
Iteration: 2
  Device: "part1_baseline"	RelError: 5.47760e-08	AbsError: 2.35806e+09
    Region: "bulk"	RelError: 5.47476e-08	AbsError: 2.35806e+09
      Equation: "ElectronContinuityEquation"	RelError: 2.87435e-09	AbsError: 2.35755e+09
      Equation: "HoleContinuityEquation"	RelError: 2.58925e-08	AbsError: 5.06197e+05
      Equation: "PotentialEquation"	RelError: 2.59807e-08	AbsError: 3.86362e-11
    Region: "oxide"	RelError: 2.83483e-11	AbsError: 1.68778e-11
      Equation: "PotentialEquation"	RelError: 2.83483e-11	AbsError: 1.68778e-11
number of equations 8953
Iteration: 0
  Device: "part1_baseline"	RelError: 1.24810e-01	AbsError: 2.95179e+17
    Region: "bulk"	RelError: 1.14517e-01	AbsError: 2.95179e+17
      Equation: "ElectronContinuityEquation"	RelError: 2.02607e-02	AbsError: 2.95178e+17
      Equation: "HoleContinuityEquation"	RelError: 2.10671e-02	AbsError: 1.42407e+12
      Equation: "PotentialEquation"	RelError: 7.31895e-02	AbsError: 5.34116e-04
    Region: "oxide"	RelError: 1.02927e-02	AbsError: 2.00000e-02
      Equation: "PotentialEquation"	RelError: 1.02927e-02	AbsError: 2.00000e-02
Iteration: 1
  Device: "part1_baseline"	RelError: 1.38251e-03	AbsError: 4.87268e+14
    Region: "bulk"	RelError: 1.37447e-03	AbsError: 4.87268e+14
      Equation: "ElectronContinuityEquation"	RelError: 5.61971e-05	AbsError: 4.87250e+14
      Equation: "HoleContinuityEquation"	RelError: 3.90671e-04	AbsError: 1.76244e+10
      Equation: "PotentialEquation"	RelError: 9.27603e-04	AbsError: 4.56533e-06
    Region: "oxide"	RelError: 8.03556e-06	AbsError: 4.56533e-06
      Equation: "PotentialEquation"	RelError: 8.03556e-06	AbsError: 4.56533e-06
Iteration: 2
  Device: "part1_baseline"	RelError: 5.34169e-08	AbsError: 2.22824e+09
    Region: "bulk"	RelError: 5.33896e-08	AbsError: 2.22824e+09
      Equation: "ElectronContinuityEquation"	RelError: 2.68627e-09	AbsError: 2.22776e+09
      Equation: "HoleContinuityEquation"	RelError: 2.42386e-08	AbsError: 4.81271e+05
      Equation: "PotentialEquation"	RelError: 2.64647e-08	AbsError: 3.65579e-11
    Region: "oxide"	RelError: 2.73122e-11	AbsError: 1.62747e-11
      Equation: "PotentialEquation"	RelError: 2.73122e-11	AbsError: 1.62747e-11
number of equations 8953
Iteration: 0
  Device: "part1_baseline"	RelError: 1.27566e-01	AbsError: 2.96089e+17
    Region: "bulk"	RelError: 1.17378e-01	AbsError: 2.96089e+17
      Equation: "ElectronContinuityEquation"	RelError: 1.99223e-02	AbsError: 2.96087e+17
      Equation: "HoleContinuityEquation"	RelError: 2.07060e-02	AbsError: 1.38917e+12
      Equation: "PotentialEquation"	RelError: 7.67497e-02	AbsError: 5.25146e-04
    Region: "oxide"	RelError: 1.01879e-02	AbsError: 2.00000e-02
      Equation: "PotentialEquation"	RelError: 1.01879e-02	AbsError: 2.00000e-02
Iteration: 1
  Device: "part1_baseline"	RelError: 1.39813e-03	AbsError: 4.74435e+14
    Region: "bulk"	RelError: 1.39035e-03	AbsError: 4.74435e+14
      Equation: "ElectronContinuityEquation"	RelError: 5.44586e-05	AbsError: 4.74418e+14
      Equation: "HoleContinuityEquation"	RelError: 3.77931e-04	AbsError: 1.69211e+10
      Equation: "PotentialEquation"	RelError: 9.57965e-04	AbsError: 4.42248e-06
    Region: "oxide"	RelError: 7.77959e-06	AbsError: 4.42248e-06
      Equation: "PotentialEquation"	RelError: 7.77959e-06	AbsError: 4.42248e-06
Iteration: 2
  Device: "part1_baseline"	RelError: 5.23106e-08	AbsError: 2.10760e+09
    Region: "bulk"	RelError: 5.22843e-08	AbsError: 2.10760e+09
      Equation: "ElectronContinuityEquation"	RelError: 2.51304e-09	AbsError: 2.10714e+09
      Equation: "HoleContinuityEquation"	RelError: 2.27108e-08	AbsError: 4.57795e+05
      Equation: "PotentialEquation"	RelError: 2.70605e-08	AbsError: 3.46138e-11
    Region: "oxide"	RelError: 2.63157e-11	AbsError: 1.56940e-11
      Equation: "PotentialEquation"	RelError: 2.63157e-11	AbsError: 1.56940e-11
number of equations 8953
Iteration: 0
  Device: "part1_baseline"	RelError: 1.30852e-01	AbsError: 2.96975e+17
    Region: "bulk"	RelError: 1.20767e-01	AbsError: 2.96975e+17
      Equation: "ElectronContinuityEquation"	RelError: 1.95943e-02	AbsError: 2.96974e+17
      Equation: "HoleContinuityEquation"	RelError: 2.03564e-02	AbsError: 1.35565e+12
      Equation: "PotentialEquation"	RelError: 8.08160e-02	AbsError: 5.16457e-04
    Region: "oxide"	RelError: 1.00851e-02	AbsError: 2.00000e-02
      Equation: "PotentialEquation"	RelError: 1.00851e-02	AbsError: 2.00000e-02
Iteration: 1
  Device: "part1_baseline"	RelError: 1.41972e-03	AbsError: 4.62074e+14
    Region: "bulk"	RelError: 1.41218e-03	AbsError: 4.62074e+14
      Equation: "ElectronContinuityEquation"	RelError: 5.27926e-05	AbsError: 4.62058e+14
      Equation: "HoleContinuityEquation"	RelError: 3.65778e-04	AbsError: 1.62555e+10
      Equation: "PotentialEquation"	RelError: 9.93611e-04	AbsError: 4.28594e-06
    Region: "oxide"	RelError: 7.53509e-06	AbsError: 4.28594e-06
      Equation: "PotentialEquation"	RelError: 7.53509e-06	AbsError: 4.28594e-06
Iteration: 2
  Device: "part1_baseline"	RelError: 5.14641e-08	AbsError: 1.99534e+09
    Region: "bulk"	RelError: 5.14387e-08	AbsError: 1.99534e+09
      Equation: "ElectronContinuityEquation"	RelError: 2.35330e-09	AbsError: 1.99491e+09
      Equation: "HoleContinuityEquation"	RelError: 2.12978e-08	AbsError: 4.35673e+05
      Equation: "PotentialEquation"	RelError: 2.77876e-08	AbsError: 3.27938e-11
    Region: "oxide"	RelError: 2.53576e-11	AbsError: 1.51349e-11
      Equation: "PotentialEquation"	RelError: 2.53576e-11	AbsError: 1.51349e-11
number of equations 8953
Iteration: 0
  Device: "part1_baseline"	RelError: 1.34774e-01	AbsError: 2.97839e+17
    Region: "bulk"	RelError: 1.24790e-01	AbsError: 2.97839e+17
      Equation: "ElectronContinuityEquation"	RelError: 1.92762e-02	AbsError: 2.97838e+17
      Equation: "HoleContinuityEquation"	RelError: 2.00183e-02	AbsError: 1.32344e+12
      Equation: "PotentialEquation"	RelError: 8.54954e-02	AbsError: 5.08046e-04
    Region: "oxide"	RelError: 9.98442e-03	AbsError: 2.00000e-02
      Equation: "PotentialEquation"	RelError: 9.98442e-03	AbsError: 2.00000e-02
Iteration: 1
  Device: "part1_baseline"	RelError: 1.44829e-03	AbsError: 4.50163e+14
    Region: "bulk"	RelError: 1.44099e-03	AbsError: 4.50163e+14
      Equation: "ElectronContinuityEquation"	RelError: 5.11955e-05	AbsError: 4.50148e+14
      Equation: "HoleContinuityEquation"	RelError: 3.54190e-04	AbsError: 1.56251e+10
      Equation: "PotentialEquation"	RelError: 1.03560e-03	AbsError: 4.15537e-06
    Region: "oxide"	RelError: 7.30141e-06	AbsError: 4.15537e-06
      Equation: "PotentialEquation"	RelError: 7.30141e-06	AbsError: 4.15537e-06
Iteration: 2
  Device: "part1_baseline"	RelError: 5.08920e-08	AbsError: 1.89079e+09
    Region: "bulk"	RelError: 5.08675e-08	AbsError: 1.89079e+09
      Equation: "ElectronContinuityEquation"	RelError: 2.20582e-09	AbsError: 1.89037e+09
      Equation: "HoleContinuityEquation"	RelError: 1.99905e-08	AbsError: 4.14818e+05
      Equation: "PotentialEquation"	RelError: 2.86712e-08	AbsError: 3.10889e-11
    Region: "oxide"	RelError: 2.44367e-11	AbsError: 1.45970e-11
      Equation: "PotentialEquation"	RelError: 2.44367e-11	AbsError: 1.45970e-11
number of equations 8953
Iteration: 0
  Device: "part1_baseline"	RelError: 1.39472e-01	AbsError: 2.98682e+17
    Region: "bulk"	RelError: 1.29586e-01	AbsError: 2.98682e+17
      Equation: "ElectronContinuityEquation"	RelError: 1.89675e-02	AbsError: 2.98681e+17
      Equation: "HoleContinuityEquation"	RelError: 1.96905e-02	AbsError: 1.29248e+12
      Equation: "PotentialEquation"	RelError: 9.09279e-02	AbsError: 4.99889e-04
    Region: "oxide"	RelError: 9.88572e-03	AbsError: 2.00000e-02
      Equation: "PotentialEquation"	RelError: 9.88572e-03	AbsError: 2.00000e-02
Iteration: 1
  Device: "part1_baseline"	RelError: 1.48519e-03	AbsError: 4.38682e+14
    Region: "bulk"	RelError: 1.47811e-03	AbsError: 4.38682e+14
      Equation: "ElectronContinuityEquation"	RelError: 4.96636e-05	AbsError: 4.38667e+14
      Equation: "HoleContinuityEquation"	RelError: 3.43124e-04	AbsError: 1.50277e+10
      Equation: "PotentialEquation"	RelError: 1.08532e-03	AbsError: 4.03043e-06
    Region: "oxide"	RelError: 7.07806e-06	AbsError: 4.03043e-06
      Equation: "PotentialEquation"	RelError: 7.07806e-06	AbsError: 4.03043e-06
Iteration: 2
  Device: "part1_baseline"	RelError: 5.06168e-08	AbsError: 1.79330e+09
    Region: "bulk"	RelError: 5.05933e-08	AbsError: 1.79330e+09
      Equation: "ElectronContinuityEquation"	RelError: 2.06951e-09	AbsError: 1.79290e+09
      Equation: "HoleContinuityEquation"	RelError: 1.87793e-08	AbsError: 3.95146e+05
      Equation: "PotentialEquation"	RelError: 2.97445e-08	AbsError: 2.94905e-11
    Region: "oxide"	RelError: 2.35520e-11	AbsError: 1.40797e-11
      Equation: "PotentialEquation"	RelError: 2.35520e-11	AbsError: 1.40797e-11
number of equations 8953
Iteration: 0
  Device: "part1_baseline"	RelError: 1.45130e-01	AbsError: 2.99503e+17
    Region: "bulk"	RelError: 1.35341e-01	AbsError: 2.99503e+17
      Equation: "ElectronContinuityEquation"	RelError: 1.86679e-02	AbsError: 2.99502e+17
      Equation: "HoleContinuityEquation"	RelError: 1.93727e-02	AbsError: 1.26270e+12
      Equation: "PotentialEquation"	RelError: 9.73004e-02	AbsError: 4.91973e-04
    Region: "oxide"	RelError: 9.78894e-03	AbsError: 2.00000e-02
      Equation: "PotentialEquation"	RelError: 9.78894e-03	AbsError: 2.00000e-02
Iteration: 1
  Device: "part1_baseline"	RelError: 1.53225e-03	AbsError: 4.27612e+14
    Region: "bulk"	RelError: 1.52538e-03	AbsError: 4.27612e+14
      Equation: "ElectronContinuityEquation"	RelError: 4.81939e-05	AbsError: 4.27598e+14
      Equation: "HoleContinuityEquation"	RelError: 3.32549e-04	AbsError: 1.44610e+10
      Equation: "PotentialEquation"	RelError: 1.14464e-03	AbsError: 3.91081e-06
    Region: "oxide"	RelError: 6.86449e-06	AbsError: 3.91081e-06
      Equation: "PotentialEquation"	RelError: 6.86449e-06	AbsError: 3.91081e-06
Iteration: 2
  Device: "part1_baseline"	RelError: 5.06735e-08	AbsError: 1.70229e+09
    Region: "bulk"	RelError: 5.06508e-08	AbsError: 1.70229e+09
      Equation: "ElectronContinuityEquation"	RelError: 1.94338e-09	AbsError: 1.70191e+09
      Equation: "HoleContinuityEquation"	RelError: 1.76558e-08	AbsError: 3.76581e+05
      Equation: "PotentialEquation"	RelError: 3.10516e-08	AbsError: 2.79910e-11
    Region: "oxide"	RelError: 2.27021e-11	AbsError: 1.35822e-11
      Equation: "PotentialEquation"	RelError: 2.27021e-11	AbsError: 1.35822e-11
number of equations 8953
Iteration: 0
  Device: "part1_baseline"	RelError: 1.52003e-01	AbsError: 3.00305e+17
    Region: "bulk"	RelError: 1.42309e-01	AbsError: 3.00305e+17
      Equation: "ElectronContinuityEquation"	RelError: 1.83770e-02	AbsError: 3.00304e+17
      Equation: "HoleContinuityEquation"	RelError: 1.90645e-02	AbsError: 1.23404e+12
      Equation: "PotentialEquation"	RelError: 1.04868e-01	AbsError: 4.84294e-04
    Region: "oxide"	RelError: 9.69405e-03	AbsError: 2.00000e-02
      Equation: "PotentialEquation"	RelError: 9.69405e-03	AbsError: 2.00000e-02
Iteration: 1
  Device: "part1_baseline"	RelError: 1.59197e-03	AbsError: 4.16934e+14
    Region: "bulk"	RelError: 1.58531e-03	AbsError: 4.16934e+14
      Equation: "ElectronContinuityEquation"	RelError: 4.67832e-05	AbsError: 4.16920e+14
      Equation: "HoleContinuityEquation"	RelError: 3.22441e-04	AbsError: 1.39231e+10
      Equation: "PotentialEquation"	RelError: 1.21608e-03	AbsError: 3.79622e-06
    Region: "oxide"	RelError: 6.66000e-06	AbsError: 3.79622e-06
      Equation: "PotentialEquation"	RelError: 6.66000e-06	AbsError: 3.79622e-06
Iteration: 2
  Device: "part1_baseline"	RelError: 5.11144e-08	AbsError: 1.61726e+09
    Region: "bulk"	RelError: 5.10925e-08	AbsError: 1.61726e+09
      Equation: "ElectronContinuityEquation"	RelError: 1.82655e-09	AbsError: 1.61690e+09
      Equation: "HoleContinuityEquation"	RelError: 1.66127e-08	AbsError: 3.59053e+05
      Equation: "PotentialEquation"	RelError: 3.26533e-08	AbsError: 2.65833e-11
    Region: "oxide"	RelError: 2.18860e-11	AbsError: 1.31039e-11
      Equation: "PotentialEquation"	RelError: 2.18860e-11	AbsError: 1.31039e-11
number of equations 8953
Iteration: 0
  Device: "part1_baseline"	RelError: 1.60448e-01	AbsError: 3.01087e+17
    Region: "bulk"	RelError: 1.50847e-01	AbsError: 3.01087e+17
      Equation: "ElectronContinuityEquation"	RelError: 1.80944e-02	AbsError: 3.01086e+17
      Equation: "HoleContinuityEquation"	RelError: 1.87659e-02	AbsError: 1.20644e+12
      Equation: "PotentialEquation"	RelError: 1.13987e-01	AbsError: 4.76849e-04
    Region: "oxide"	RelError: 9.60098e-03	AbsError: 2.00000e-02
      Equation: "PotentialEquation"	RelError: 9.60098e-03	AbsError: 2.00000e-02
Iteration: 1
  Device: "part1_baseline"	RelError: 1.66788e-03	AbsError: 4.06631e+14
    Region: "bulk"	RelError: 1.66142e-03	AbsError: 4.06631e+14
      Equation: "ElectronContinuityEquation"	RelError: 4.54285e-05	AbsError: 4.06618e+14
      Equation: "HoleContinuityEquation"	RelError: 3.12777e-04	AbsError: 1.34122e+10
      Equation: "PotentialEquation"	RelError: 1.30321e-03	AbsError: 3.68639e-06
    Region: "oxide"	RelError: 6.46411e-06	AbsError: 3.68639e-06
      Equation: "PotentialEquation"	RelError: 6.46411e-06	AbsError: 3.68639e-06
Iteration: 2
  Device: "part1_baseline"	RelError: 5.20178e-08	AbsError: 1.53772e+09
    Region: "bulk"	RelError: 5.19967e-08	AbsError: 1.53772e+09
      Equation: "ElectronContinuityEquation"	RelError: 1.71838e-09	AbsError: 1.53737e+09
      Equation: "HoleContinuityEquation"	RelError: 1.56438e-08	AbsError: 3.42494e+05
      Equation: "PotentialEquation"	RelError: 3.46345e-08	AbsError: 2.52609e-11
    Region: "oxide"	RelError: 2.11024e-11	AbsError: 1.26442e-11
      Equation: "PotentialEquation"	RelError: 2.11024e-11	AbsError: 1.26442e-11
number of equations 8953
Iteration: 0
  Device: "part1_baseline"	RelError: 1.70979e-01	AbsError: 3.01850e+17
    Region: "bulk"	RelError: 1.61469e-01	AbsError: 3.01850e+17
      Equation: "ElectronContinuityEquation"	RelError: 1.78198e-02	AbsError: 3.01849e+17
      Equation: "HoleContinuityEquation"	RelError: 1.84760e-02	AbsError: 1.17985e+12
      Equation: "PotentialEquation"	RelError: 1.25173e-01	AbsError: 4.69616e-04
    Region: "oxide"	RelError: 9.50968e-03	AbsError: 2.00000e-02
      Equation: "PotentialEquation"	RelError: 9.50968e-03	AbsError: 2.00000e-02
Iteration: 1
  Device: "part1_baseline"	RelError: 1.76510e-03	AbsError: 3.96687e+14
    Region: "bulk"	RelError: 1.75882e-03	AbsError: 3.96687e+14
      Equation: "ElectronContinuityEquation"	RelError: 4.41273e-05	AbsError: 3.96674e+14
      Equation: "HoleContinuityEquation"	RelError: 3.03524e-04	AbsError: 1.29267e+10
      Equation: "PotentialEquation"	RelError: 1.41117e-03	AbsError: 3.58108e-06
    Region: "oxide"	RelError: 6.27635e-06	AbsError: 3.58108e-06
      Equation: "PotentialEquation"	RelError: 6.27635e-06	AbsError: 3.58108e-06
Iteration: 2
  Device: "part1_baseline"	RelError: 5.34999e-08	AbsError: 1.46325e+09
    Region: "bulk"	RelError: 5.34795e-08	AbsError: 1.46325e+09
      Equation: "ElectronContinuityEquation"	RelError: 1.61850e-09	AbsError: 1.46292e+09
      Equation: "HoleContinuityEquation"	RelError: 1.47428e-08	AbsError: 3.26845e+05
      Equation: "PotentialEquation"	RelError: 3.71183e-08	AbsError: 2.40177e-11
    Region: "oxide"	RelError: 2.03500e-11	AbsError: 1.22024e-11
      Equation: "PotentialEquation"	RelError: 2.03500e-11	AbsError: 1.22024e-11
number of equations 8953
Iteration: 0
  Device: "part1_baseline"	RelError: 1.84368e-01	AbsError: 3.02595e+17
    Region: "bulk"	RelError: 1.74948e-01	AbsError: 3.02595e+17
      Equation: "ElectronContinuityEquation"	RelError: 1.75529e-02	AbsError: 3.02594e+17
      Equation: "HoleContinuityEquation"	RelError: 1.81945e-02	AbsError: 1.15422e+12
      Equation: "PotentialEquation"	RelError: 1.39200e-01	AbsError: 4.62587e-04
    Region: "oxide"	RelError: 9.42009e-03	AbsError: 2.00000e-02
      Equation: "PotentialEquation"	RelError: 9.42009e-03	AbsError: 2.00000e-02
Iteration: 1
  Device: "part1_baseline"	RelError: 1.89131e-03	AbsError: 3.87085e+14
    Region: "bulk"	RelError: 1.88521e-03	AbsError: 3.87085e+14
      Equation: "ElectronContinuityEquation"	RelError: 4.28768e-05	AbsError: 3.87073e+14
      Equation: "HoleContinuityEquation"	RelError: 2.94660e-04	AbsError: 1.24648e+10
      Equation: "PotentialEquation"	RelError: 1.54768e-03	AbsError: 3.48003e-06
    Region: "oxide"	RelError: 6.09629e-06	AbsError: 3.48003e-06
      Equation: "PotentialEquation"	RelError: 6.09629e-06	AbsError: 3.48003e-06
Iteration: 2
  Device: "part1_baseline"	RelError: 5.57383e-08	AbsError: 1.39345e+09
    Region: "bulk"	RelError: 5.57187e-08	AbsError: 1.39345e+09
      Equation: "ElectronContinuityEquation"	RelError: 1.52565e-09	AbsError: 1.39314e+09
      Equation: "HoleContinuityEquation"	RelError: 1.39038e-08	AbsError: 3.12048e+05
      Equation: "PotentialEquation"	RelError: 4.02892e-08	AbsError: 2.28482e-11
    Region: "oxide"	RelError: 1.96277e-11	AbsError: 1.17779e-11
      Equation: "PotentialEquation"	RelError: 1.96277e-11	AbsError: 1.17779e-11
number of equations 8953
Iteration: 0
  Device: "part1_baseline"	RelError: 2.01831e-01	AbsError: 3.03323e+17
    Region: "bulk"	RelError: 1.92499e-01	AbsError: 3.03323e+17
      Equation: "ElectronContinuityEquation"	RelError: 1.72933e-02	AbsError: 3.03322e+17
      Equation: "HoleContinuityEquation"	RelError: 1.79209e-02	AbsError: 1.12950e+12
      Equation: "PotentialEquation"	RelError: 1.57285e-01	AbsError: 4.55754e-04
    Region: "oxide"	RelError: 9.33218e-03	AbsError: 2.00000e-02
      Equation: "PotentialEquation"	RelError: 9.33218e-03	AbsError: 2.00000e-02
Iteration: 1
  Device: "part1_baseline"	RelError: 2.05863e-03	AbsError: 3.77811e+14
    Region: "bulk"	RelError: 2.05271e-03	AbsError: 3.77811e+14
      Equation: "ElectronContinuityEquation"	RelError: 4.16747e-05	AbsError: 3.77799e+14
      Equation: "HoleContinuityEquation"	RelError: 2.86174e-04	AbsError: 1.20253e+10
      Equation: "PotentialEquation"	RelError: 1.72486e-03	AbsError: 3.38304e-06
    Region: "oxide"	RelError: 5.92353e-06	AbsError: 3.38304e-06
      Equation: "PotentialEquation"	RelError: 5.92353e-06	AbsError: 3.38304e-06
Iteration: 2
  Device: "part1_baseline"	RelError: 5.90179e-08	AbsError: 1.32798e+09
    Region: "bulk"	RelError: 5.89990e-08	AbsError: 1.32798e+09
      Equation: "ElectronContinuityEquation"	RelError: 1.43927e-09	AbsError: 1.32768e+09
      Equation: "HoleContinuityEquation"	RelError: 1.31221e-08	AbsError: 2.98050e+05
      Equation: "PotentialEquation"	RelError: 4.44376e-08	AbsError: 2.17474e-11
    Region: "oxide"	RelError: 1.89343e-11	AbsError: 1.13700e-11
      Equation: "PotentialEquation"	RelError: 1.89343e-11	AbsError: 1.13700e-11
number of equations 8953
Iteration: 0
  Device: "part1_baseline"	RelError: 2.25394e-01	AbsError: 3.04034e+17
    Region: "bulk"	RelError: 2.16148e-01	AbsError: 3.04034e+17
      Equation: "ElectronContinuityEquation"	RelError: 1.70408e-02	AbsError: 3.04033e+17
      Equation: "HoleContinuityEquation"	RelError: 1.76554e-02	AbsError: 1.10566e+12
      Equation: "PotentialEquation"	RelError: 1.81452e-01	AbsError: 4.49120e-04
    Region: "oxide"	RelError: 9.24590e-03	AbsError: 2.00000e-02
      Equation: "PotentialEquation"	RelError: 9.24590e-03	AbsError: 2.00000e-02
Iteration: 1
  Device: "part1_baseline"	RelError: 2.28723e-03	AbsError: 3.68852e+14
    Region: "bulk"	RelError: 2.28148e-03	AbsError: 3.68852e+14
      Equation: "ElectronContinuityEquation"	RelError: 4.05186e-05	AbsError: 3.68840e+14
      Equation: "HoleContinuityEquation"	RelError: 2.78037e-04	AbsError: 1.16067e+10
      Equation: "PotentialEquation"	RelError: 1.96292e-03	AbsError: 3.28990e-06
    Region: "oxide"	RelError: 5.75769e-06	AbsError: 3.28990e-06
      Equation: "PotentialEquation"	RelError: 5.75769e-06	AbsError: 3.28990e-06
Iteration: 2
  Device: "part1_baseline"	RelError: 6.38178e-08	AbsError: 1.26650e+09
    Region: "bulk"	RelError: 6.37996e-08	AbsError: 1.26650e+09
      Equation: "ElectronContinuityEquation"	RelError: 1.35881e-09	AbsError: 1.26622e+09
      Equation: "HoleContinuityEquation"	RelError: 1.23936e-08	AbsError: 2.84801e+05
      Equation: "PotentialEquation"	RelError: 5.00472e-08	AbsError: 2.07107e-11
    Region: "oxide"	RelError: 1.82687e-11	AbsError: 1.09781e-11
      Equation: "PotentialEquation"	RelError: 1.82687e-11	AbsError: 1.09781e-11
Adding 820 nodes
Adding 1960 edges with 0 duplicates removed
Adding 1140 triangles  with 0 duplicate removed
Adding 2916 nodes
Adding 8515 edges with 0 duplicates removed
Adding 5600 triangles  with 0 duplicate removed
Adding 205 nodes
Adding 524 edges with 0 duplicates removed
Adding 320 triangles  with 0 duplicate removed
Adding 205 nodes
Adding 524 edges with 0 duplicates removed
Adding 320 triangles  with 0 duplicate removed
Contact body in region bulk with 81 nodes
Contact drain in region bulk with 21 nodes
Contact gate in region oxide with 41 nodes
Contact source in region bulk with 21 nodes
Adding interface bulk_oxide with 39, 39 nodes
Replacing Node Model DrainDoping in region bulk of material Silicon
Replacing Node Model NetDoping in region bulk of material Silicon
Replacing Node Model SourceDoping in region bulk of material Silicon
Replacing Node Model gatenodemodel in region oxide of material Oxide
number of equations 3121
Iteration: 0
  Device: "part1_baseline"	RelError: 2.00000e+00	AbsError: 2.02931e-01
    Region: "bulk"	RelError: 1.00000e+00	AbsError: 2.02931e-01
      Equation: "PotentialEquation"	RelError: 1.00000e+00	AbsError: 2.02931e-01
    Region: "oxide"	RelError: 1.00000e+00	AbsError: 1.43407e-01
      Equation: "PotentialEquation"	RelError: 1.00000e+00	AbsError: 1.43407e-01
Iteration: 1
  Device: "part1_baseline"	RelError: 9.98150e-01	AbsError: 2.02485e-01
    Region: "bulk"	RelError: 4.99591e-01	AbsError: 2.02485e-01
      Equation: "PotentialEquation"	RelError: 4.99591e-01	AbsError: 2.02485e-01
    Region: "oxide"	RelError: 4.98559e-01	AbsError: 1.42583e-01
      Equation: "PotentialEquation"	RelError: 4.98559e-01	AbsError: 1.42583e-01
Iteration: 2
  Device: "part1_baseline"	RelError: 3.64646e+00	AbsError: 1.49373e-01
    Region: "bulk"	RelError: 3.32895e+00	AbsError: 1.49373e-01
      Equation: "PotentialEquation"	RelError: 3.32895e+00	AbsError: 1.49373e-01
    Region: "oxide"	RelError: 3.17509e-01	AbsError: 9.96821e-02
      Equation: "PotentialEquation"	RelError: 3.17509e-01	AbsError: 9.96821e-02
Iteration: 3
  Device: "part1_baseline"	RelError: 2.05013e+01	AbsError: 8.63128e-02
    Region: "bulk"	RelError: 2.01082e+01	AbsError: 8.63128e-02
      Equation: "PotentialEquation"	RelError: 2.01082e+01	AbsError: 8.63128e-02
    Region: "oxide"	RelError: 3.93061e-01	AbsError: 3.95571e-02
      Equation: "PotentialEquation"	RelError: 3.93061e-01	AbsError: 3.95571e-02
Iteration: 4
  Device: "part1_baseline"	RelError: 2.10980e+02	AbsError: 8.42672e-02
    Region: "bulk"	RelError: 2.10581e+02	AbsError: 8.42672e-02
      Equation: "PotentialEquation"	RelError: 2.10581e+02	AbsError: 8.42672e-02
    Region: "oxide"	RelError: 3.98571e-01	AbsError: 3.76465e-02
      Equation: "PotentialEquation"	RelError: 3.98571e-01	AbsError: 3.76465e-02
Iteration: 5
  Device: "part1_baseline"	RelError: 1.91403e+03	AbsError: 8.15946e-02
    Region: "bulk"	RelError: 1.91351e+03	AbsError: 8.15946e-02
      Equation: "PotentialEquation"	RelError: 1.91351e+03	AbsError: 8.15946e-02
    Region: "oxide"	RelError: 5.22744e-01	AbsError: 3.50451e-02
      Equation: "PotentialEquation"	RelError: 5.22744e-01	AbsError: 3.50451e-02
Iteration: 6
  Device: "part1_baseline"	RelError: 2.82622e+02	AbsError: 7.85516e-02
    Region: "bulk"	RelError: 2.82268e+02	AbsError: 7.85516e-02
      Equation: "PotentialEquation"	RelError: 2.82268e+02	AbsError: 7.85516e-02
    Region: "oxide"	RelError: 3.53422e-01	AbsError: 3.09583e-02
      Equation: "PotentialEquation"	RelError: 3.53422e-01	AbsError: 3.09583e-02
Iteration: 7
  Device: "part1_baseline"	RelError: 3.86629e+02	AbsError: 7.48004e-02
    Region: "bulk"	RelError: 3.86393e+02	AbsError: 7.48004e-02
      Equation: "PotentialEquation"	RelError: 3.86393e+02	AbsError: 7.48004e-02
    Region: "oxide"	RelError: 2.36135e-01	AbsError: 2.45123e-02
      Equation: "PotentialEquation"	RelError: 2.36135e-01	AbsError: 2.45123e-02
Iteration: 8
  Device: "part1_baseline"	RelError: 1.77282e+03	AbsError: 6.84249e-02
    Region: "bulk"	RelError: 1.77267e+03	AbsError: 6.84249e-02
      Equation: "PotentialEquation"	RelError: 1.77267e+03	AbsError: 6.84249e-02
    Region: "oxide"	RelError: 1.50924e-01	AbsError: 1.96104e-02
      Equation: "PotentialEquation"	RelError: 1.50924e-01	AbsError: 1.96104e-02
Iteration: 9
  Device: "part1_baseline"	RelError: 2.86668e+02	AbsError: 5.98755e-02
    Region: "bulk"	RelError: 2.86405e+02	AbsError: 5.98755e-02
      Equation: "PotentialEquation"	RelError: 2.86405e+02	AbsError: 5.98755e-02
    Region: "oxide"	RelError: 2.63337e-01	AbsError: 1.53511e-02
      Equation: "PotentialEquation"	RelError: 2.63337e-01	AbsError: 1.53511e-02
Iteration: 10
  Device: "part1_baseline"	RelError: 7.36308e+01	AbsError: 5.21838e-02
    Region: "bulk"	RelError: 7.35597e+01	AbsError: 5.21838e-02
      Equation: "PotentialEquation"	RelError: 7.35597e+01	AbsError: 5.21838e-02
    Region: "oxide"	RelError: 7.11069e-02	AbsError: 4.79010e-03
      Equation: "PotentialEquation"	RelError: 7.11069e-02	AbsError: 4.79010e-03
Iteration: 11
  Device: "part1_baseline"	RelError: 1.86742e+01	AbsError: 3.98698e-02
    Region: "bulk"	RelError: 1.86577e+01	AbsError: 3.98698e-02
      Equation: "PotentialEquation"	RelError: 1.86577e+01	AbsError: 3.98698e-02
    Region: "oxide"	RelError: 1.65516e-02	AbsError: 1.40258e-03
      Equation: "PotentialEquation"	RelError: 1.65516e-02	AbsError: 1.40258e-03
Iteration: 12
  Device: "part1_baseline"	RelError: 6.85202e+00	AbsError: 2.57359e-02
    Region: "bulk"	RelError: 6.84920e+00	AbsError: 2.57359e-02
      Equation: "PotentialEquation"	RelError: 6.84920e+00	AbsError: 2.57359e-02
    Region: "oxide"	RelError: 2.82244e-03	AbsError: 2.69566e-04
      Equation: "PotentialEquation"	RelError: 2.82244e-03	AbsError: 2.69566e-04
Iteration: 13
  Device: "part1_baseline"	RelError: 3.00864e-01	AbsError: 8.96319e-03
    Region: "bulk"	RelError: 3.00619e-01	AbsError: 8.96319e-03
      Equation: "PotentialEquation"	RelError: 3.00619e-01	AbsError: 8.96319e-03
    Region: "oxide"	RelError: 2.45569e-04	AbsError: 2.48555e-05
      Equation: "PotentialEquation"	RelError: 2.45569e-04	AbsError: 2.48555e-05
Iteration: 14
  Device: "part1_baseline"	RelError: 7.83268e-03	AbsError: 3.53301e-04
    Region: "bulk"	RelError: 7.82730e-03	AbsError: 3.53301e-04
      Equation: "PotentialEquation"	RelError: 7.82730e-03	AbsError: 3.53301e-04
    Region: "oxide"	RelError: 5.37546e-06	AbsError: 5.72421e-07
      Equation: "PotentialEquation"	RelError: 5.37546e-06	AbsError: 5.72421e-07
Iteration: 15
  Device: "part1_baseline"	RelError: 1.51880e-05	AbsError: 9.55169e-07
    Region: "bulk"	RelError: 1.51808e-05	AbsError: 9.55169e-07
      Equation: "PotentialEquation"	RelError: 1.51808e-05	AbsError: 9.55169e-07
    Region: "oxide"	RelError: 7.21504e-09	AbsError: 7.83467e-10
      Equation: "PotentialEquation"	RelError: 7.21504e-09	AbsError: 7.83467e-10
Iteration: 16
  Device: "part1_baseline"	RelError: 1.06849e-10	AbsError: 7.28426e-12
    Region: "bulk"	RelError: 1.06817e-10	AbsError: 7.28426e-12
      Equation: "PotentialEquation"	RelError: 1.06817e-10	AbsError: 7.28426e-12
    Region: "oxide"	RelError: 3.25233e-14	AbsError: 3.55208e-15
      Equation: "PotentialEquation"	RelError: 3.25233e-14	AbsError: 3.55208e-15
Iteration: 17
  Device: "part1_baseline"	RelError: 5.93852e-21	AbsError: 4.46456e-22
    Region: "bulk"	RelError: 5.93721e-21	AbsError: 4.46456e-22
      Equation: "PotentialEquation"	RelError: 5.93721e-21	AbsError: 4.46456e-22
    Region: "oxide"	RelError: 1.31159e-24	AbsError: 1.43422e-25
      Equation: "PotentialEquation"	RelError: 1.31159e-24	AbsError: 1.43422e-25
Warning: Replacing equation with equation of the same name.
Region: bulk, Equation: PotentialEquation, Variable: Potential
number of equations 8953
Iteration: 0
  Device: "part1_baseline"	RelError: 1.90761e-31	AbsError: 7.46230e-14
    Region: "bulk"	RelError: 1.90445e-31	AbsError: 7.46230e-14
      Equation: "ElectronContinuityEquation"	RelError: 6.61828e-32	AbsError: 7.46070e-14
      Equation: "HoleContinuityEquation"	RelError: 4.66902e-32	AbsError: 1.59878e-17
      Equation: "PotentialEquation"	RelError: 7.75717e-32	AbsError: 1.98351e-34
    Region: "oxide"	RelError: 3.16087e-34	AbsError: 5.99924e-35
      Equation: "PotentialEquation"	RelError: 3.16087e-34	AbsError: 5.99924e-35
number of equations 8953
Iteration: 0
  Device: "part1_baseline"	RelError: 2.07342e+03	AbsError: 6.99862e+16
    Region: "bulk"	RelError: 2.07332e+03	AbsError: 6.99862e+16
      Equation: "ElectronContinuityEquation"	RelError: 9.99000e+02	AbsError: 6.85228e+16
      Equation: "HoleContinuityEquation"	RelError: 9.99000e+02	AbsError: 1.46336e+15
      Equation: "PotentialEquation"	RelError: 7.53173e+01	AbsError: 4.09542e-02
    Region: "oxide"	RelError: 1.01297e-01	AbsError: 2.58163e-02
      Equation: "PotentialEquation"	RelError: 1.01297e-01	AbsError: 2.58163e-02
Iteration: 1
  Device: "part1_baseline"	RelError: 1.04251e+03	AbsError: 2.93865e+15
    Region: "bulk"	RelError: 1.04246e+03	AbsError: 2.93865e+15
      Equation: "ElectronContinuityEquation"	RelError: 9.99000e+02	AbsError: 2.69601e+15
      Equation: "HoleContinuityEquation"	RelError: 9.98712e-01	AbsError: 2.42638e+14
      Equation: "PotentialEquation"	RelError: 4.24564e+01	AbsError: 3.07637e-02
    Region: "oxide"	RelError: 5.26778e-02	AbsError: 1.76397e-02
      Equation: "PotentialEquation"	RelError: 5.26778e-02	AbsError: 1.76397e-02
Iteration: 2
  Device: "part1_baseline"	RelError: 1.01434e+03	AbsError: 8.28976e+14
    Region: "bulk"	RelError: 1.01433e+03	AbsError: 8.28976e+14
      Equation: "ElectronContinuityEquation"	RelError: 1.09729e+01	AbsError: 7.94629e+14
      Equation: "HoleContinuityEquation"	RelError: 9.99000e+02	AbsError: 3.43472e+13
      Equation: "PotentialEquation"	RelError: 4.36174e+00	AbsError: 2.58659e-02
    Region: "oxide"	RelError: 5.14911e-04	AbsError: 1.72334e-04
      Equation: "PotentialEquation"	RelError: 5.14911e-04	AbsError: 1.72334e-04
Iteration: 3
  Device: "part1_baseline"	RelError: 1.74879e+00	AbsError: 7.09066e+14
    Region: "bulk"	RelError: 1.74859e+00	AbsError: 7.09066e+14
      Equation: "ElectronContinuityEquation"	RelError: 7.29615e-01	AbsError: 7.08368e+14
      Equation: "HoleContinuityEquation"	RelError: 9.98852e-01	AbsError: 6.97695e+11
      Equation: "PotentialEquation"	RelError: 2.01186e-02	AbsError: 9.16537e-03
    Region: "oxide"	RelError: 2.04924e-04	AbsError: 6.85714e-05
      Equation: "PotentialEquation"	RelError: 2.04924e-04	AbsError: 6.85714e-05
Iteration: 4
  Device: "part1_baseline"	RelError: 5.26801e-01	AbsError: 8.47537e+14
    Region: "bulk"	RelError: 5.26642e-01	AbsError: 8.47537e+14
      Equation: "ElectronContinuityEquation"	RelError: 5.20487e-02	AbsError: 8.46443e+14
      Equation: "HoleContinuityEquation"	RelError: 4.04680e-01	AbsError: 1.09464e+12
      Equation: "PotentialEquation"	RelError: 6.99139e-02	AbsError: 1.57568e-04
    Region: "oxide"	RelError: 1.58670e-04	AbsError: 4.39487e-05
      Equation: "PotentialEquation"	RelError: 1.58670e-04	AbsError: 4.39487e-05
Iteration: 5
  Device: "part1_baseline"	RelError: 6.99413e-04	AbsError: 5.76318e+11
    Region: "bulk"	RelError: 6.99340e-04	AbsError: 5.76318e+11
      Equation: "ElectronContinuityEquation"	RelError: 1.68634e-04	AbsError: 5.75845e+11
      Equation: "HoleContinuityEquation"	RelError: 4.96333e-04	AbsError: 4.72897e+08
      Equation: "PotentialEquation"	RelError: 3.43735e-05	AbsError: 9.81940e-08
    Region: "oxide"	RelError: 7.30410e-08	AbsError: 1.71349e-08
      Equation: "PotentialEquation"	RelError: 7.30410e-08	AbsError: 1.71349e-08
Iteration: 6
  Device: "part1_baseline"	RelError: 2.90082e-10	AbsError: 2.49881e+05
    Region: "bulk"	RelError: 2.90057e-10	AbsError: 2.49881e+05
      Equation: "ElectronContinuityEquation"	RelError: 1.21807e-10	AbsError: 2.49727e+05
      Equation: "HoleContinuityEquation"	RelError: 1.56223e-10	AbsError: 1.53835e+02
      Equation: "PotentialEquation"	RelError: 1.20272e-11	AbsError: 3.99674e-14
    Region: "oxide"	RelError: 2.50457e-14	AbsError: 5.67675e-15
      Equation: "PotentialEquation"	RelError: 2.50457e-14	AbsError: 5.67675e-15
number of equations 8953
Iteration: 0
  Device: "part1_baseline"	RelError: 2.04821e+03	AbsError: 7.27707e+16
    Region: "bulk"	RelError: 2.04813e+03	AbsError: 7.27707e+16
      Equation: "ElectronContinuityEquation"	RelError: 9.99000e+02	AbsError: 7.13441e+16
      Equation: "HoleContinuityEquation"	RelError: 9.99000e+02	AbsError: 1.42655e+15
      Equation: "PotentialEquation"	RelError: 5.01256e+01	AbsError: 4.09542e-02
    Region: "oxide"	RelError: 8.90786e-02	AbsError: 2.51092e-02
      Equation: "PotentialEquation"	RelError: 8.90786e-02	AbsError: 2.51092e-02
Iteration: 1
  Device: "part1_baseline"	RelError: 1.28334e+03	AbsError: 1.52065e+15
    Region: "bulk"	RelError: 1.28330e+03	AbsError: 1.52065e+15
      Equation: "ElectronContinuityEquation"	RelError: 9.99000e+02	AbsError: 1.31007e+15
      Equation: "HoleContinuityEquation"	RelError: 9.98601e-01	AbsError: 2.10579e+14
      Equation: "PotentialEquation"	RelError: 2.83297e+02	AbsError: 3.07634e-02
    Region: "oxide"	RelError: 4.51415e-02	AbsError: 1.70043e-02
      Equation: "PotentialEquation"	RelError: 4.51415e-02	AbsError: 1.70043e-02
Iteration: 2
  Device: "part1_baseline"	RelError: 2.29300e+03	AbsError: 4.00623e+14
    Region: "bulk"	RelError: 2.29300e+03	AbsError: 4.00623e+14
      Equation: "ElectronContinuityEquation"	RelError: 6.78298e+00	AbsError: 3.82156e+14
      Equation: "HoleContinuityEquation"	RelError: 2.28468e+03	AbsError: 1.84664e+13
      Equation: "PotentialEquation"	RelError: 1.53454e+00	AbsError: 2.58665e-02
    Region: "oxide"	RelError: 1.91119e-04	AbsError: 6.65101e-05
      Equation: "PotentialEquation"	RelError: 1.91119e-04	AbsError: 6.65101e-05
Iteration: 3
  Device: "part1_baseline"	RelError: 1.93212e+00	AbsError: 5.33793e+14
    Region: "bulk"	RelError: 1.93206e+00	AbsError: 5.33793e+14
      Equation: "ElectronContinuityEquation"	RelError: 6.96454e-01	AbsError: 5.33233e+14
      Equation: "HoleContinuityEquation"	RelError: 9.98865e-01	AbsError: 5.60143e+11
      Equation: "PotentialEquation"	RelError: 2.36741e-01	AbsError: 9.16537e-03
    Region: "oxide"	RelError: 5.97381e-05	AbsError: 2.24973e-05
      Equation: "PotentialEquation"	RelError: 5.97381e-05	AbsError: 2.24973e-05
Iteration: 4
  Device: "part1_baseline"	RelError: 3.04204e+02	AbsError: 6.54678e+14
    Region: "bulk"	RelError: 3.04204e+02	AbsError: 6.54678e+14
      Equation: "ElectronContinuityEquation"	RelError: 5.51290e-02	AbsError: 6.53918e+14
      Equation: "HoleContinuityEquation"	RelError: 3.29511e-01	AbsError: 7.59520e+11
      Equation: "PotentialEquation"	RelError: 3.03819e+02	AbsError: 8.85727e-05
    Region: "oxide"	RelError: 6.08987e-05	AbsError: 1.66593e-05
      Equation: "PotentialEquation"	RelError: 6.08987e-05	AbsError: 1.66593e-05
Iteration: 5
  Device: "part1_baseline"	RelError: 1.19274e-01	AbsError: 3.45956e+11
    Region: "bulk"	RelError: 1.19274e-01	AbsError: 3.45956e+11
      Equation: "ElectronContinuityEquation"	RelError: 6.07505e-05	AbsError: 3.45706e+11
      Equation: "HoleContinuityEquation"	RelError: 1.58400e-04	AbsError: 2.50452e+08
      Equation: "PotentialEquation"	RelError: 1.19054e-01	AbsError: 4.20393e-08
    Region: "oxide"	RelError: 1.70967e-08	AbsError: 4.05098e-09
      Equation: "PotentialEquation"	RelError: 1.70967e-08	AbsError: 4.05098e-09
Iteration: 6
  Device: "part1_baseline"	RelError: 2.33945e-08	AbsError: 9.02274e+04
    Region: "bulk"	RelError: 2.33945e-08	AbsError: 9.02274e+04
      Equation: "ElectronContinuityEquation"	RelError: 1.21443e-11	AbsError: 9.01762e+04
      Equation: "HoleContinuityEquation"	RelError: 5.02102e-11	AbsError: 5.11859e+01
      Equation: "PotentialEquation"	RelError: 2.33321e-08	AbsError: 1.06913e-14
    Region: "oxide"	RelError: 2.32702e-15	AbsError: 4.58865e-16
      Equation: "PotentialEquation"	RelError: 2.32702e-15	AbsError: 4.58865e-16
number of equations 8953
Iteration: 0
  Device: "part1_baseline"	RelError: 2.04654e+03	AbsError: 7.39425e+16
    Region: "bulk"	RelError: 2.04645e+03	AbsError: 7.39425e+16
      Equation: "ElectronContinuityEquation"	RelError: 9.99000e+02	AbsError: 7.27261e+16
      Equation: "HoleContinuityEquation"	RelError: 9.99000e+02	AbsError: 1.21639e+15
      Equation: "PotentialEquation"	RelError: 4.84547e+01	AbsError: 4.09542e-02
    Region: "oxide"	RelError: 8.07583e-02	AbsError: 2.48659e-02
      Equation: "PotentialEquation"	RelError: 8.07583e-02	AbsError: 2.48659e-02
Iteration: 1
  Device: "part1_baseline"	RelError: 2.01121e+03	AbsError: 9.06994e+14
    Region: "bulk"	RelError: 2.01117e+03	AbsError: 9.06994e+14
      Equation: "ElectronContinuityEquation"	RelError: 9.99000e+02	AbsError: 7.42079e+14
      Equation: "HoleContinuityEquation"	RelError: 9.99000e+02	AbsError: 1.64915e+14
      Equation: "PotentialEquation"	RelError: 1.31689e+01	AbsError: 3.07633e-02
    Region: "oxide"	RelError: 4.01688e-02	AbsError: 1.68006e-02
      Equation: "PotentialEquation"	RelError: 4.01688e-02	AbsError: 1.68006e-02
Iteration: 2
  Device: "part1_baseline"	RelError: 3.72226e+03	AbsError: 1.80654e+14
    Region: "bulk"	RelError: 3.72226e+03	AbsError: 1.80654e+14
      Equation: "ElectronContinuityEquation"	RelError: 5.35613e+00	AbsError: 1.69978e+14
      Equation: "HoleContinuityEquation"	RelError: 3.71675e+03	AbsError: 1.06753e+13
      Equation: "PotentialEquation"	RelError: 1.53849e-01	AbsError: 2.58640e-02
    Region: "oxide"	RelError: 6.84907e-05	AbsError: 2.36233e-05
      Equation: "PotentialEquation"	RelError: 6.84907e-05	AbsError: 2.36233e-05
Iteration: 3
  Device: "part1_baseline"	RelError: 1.66008e+00	AbsError: 3.95146e+14
    Region: "bulk"	RelError: 1.66006e+00	AbsError: 3.95146e+14
      Equation: "ElectronContinuityEquation"	RelError: 6.47901e-01	AbsError: 3.94723e+14
      Equation: "HoleContinuityEquation"	RelError: 1.00000e+00	AbsError: 4.23331e+11
      Equation: "PotentialEquation"	RelError: 1.21602e-02	AbsError: 9.16537e-03
    Region: "oxide"	RelError: 1.80532e-05	AbsError: 7.07119e-06
      Equation: "PotentialEquation"	RelError: 1.80532e-05	AbsError: 7.07119e-06
Iteration: 4
  Device: "part1_baseline"	RelError: 1.98126e-01	AbsError: 4.92514e+14
    Region: "bulk"	RelError: 1.98100e-01	AbsError: 4.92514e+14
      Equation: "ElectronContinuityEquation"	RelError: 5.76232e-02	AbsError: 4.91947e+14
      Equation: "HoleContinuityEquation"	RelError: 1.22303e-01	AbsError: 5.66807e+11
      Equation: "PotentialEquation"	RelError: 1.81734e-02	AbsError: 7.23714e-05
    Region: "oxide"	RelError: 2.59486e-05	AbsError: 6.82931e-06
      Equation: "PotentialEquation"	RelError: 2.59486e-05	AbsError: 6.82931e-06
Iteration: 5
  Device: "part1_baseline"	RelError: 5.35901e-05	AbsError: 1.94539e+11
    Region: "bulk"	RelError: 5.35849e-05	AbsError: 1.94539e+11
      Equation: "ElectronContinuityEquation"	RelError: 3.31434e-05	AbsError: 1.94389e+11
      Equation: "HoleContinuityEquation"	RelError: 1.58925e-05	AbsError: 1.50524e+08
      Equation: "PotentialEquation"	RelError: 4.54904e-06	AbsError: 2.62042e-08
    Region: "oxide"	RelError: 5.17272e-09	AbsError: 1.02617e-09
      Equation: "PotentialEquation"	RelError: 5.17272e-09	AbsError: 1.02617e-09
Iteration: 6
  Device: "part1_baseline"	RelError: 9.77478e-12	AbsError: 2.84532e+04
    Region: "bulk"	RelError: 9.77423e-12	AbsError: 2.84532e+04
      Equation: "ElectronContinuityEquation"	RelError: 5.60169e-12	AbsError: 2.84301e+04
      Equation: "HoleContinuityEquation"	RelError: 3.61217e-12	AbsError: 2.31506e+01
      Equation: "PotentialEquation"	RelError: 5.60368e-13	AbsError: 5.12242e-15
    Region: "oxide"	RelError: 5.55255e-16	AbsError: 8.92976e-17
      Equation: "PotentialEquation"	RelError: 5.55255e-16	AbsError: 8.92976e-17
number of equations 8953
Iteration: 0
  Device: "part1_baseline"	RelError: 2.01630e+03	AbsError: 7.41949e+16
    Region: "bulk"	RelError: 2.01623e+03	AbsError: 7.41949e+16
      Equation: "ElectronContinuityEquation"	RelError: 9.99000e+02	AbsError: 7.30964e+16
      Equation: "HoleContinuityEquation"	RelError: 9.99000e+02	AbsError: 1.09849e+15
      Equation: "PotentialEquation"	RelError: 1.82302e+01	AbsError: 4.09542e-02
    Region: "oxide"	RelError: 7.44577e-02	AbsError: 2.47900e-02
      Equation: "PotentialEquation"	RelError: 7.44577e-02	AbsError: 2.47900e-02
Iteration: 1
  Device: "part1_baseline"	RelError: 2.01928e+03	AbsError: 7.29159e+14
    Region: "bulk"	RelError: 2.01925e+03	AbsError: 7.29159e+14
      Equation: "ElectronContinuityEquation"	RelError: 9.99000e+02	AbsError: 5.62664e+14
      Equation: "HoleContinuityEquation"	RelError: 9.99000e+02	AbsError: 1.66495e+14
      Equation: "PotentialEquation"	RelError: 2.12466e+01	AbsError: 3.07633e-02
    Region: "oxide"	RelError: 3.64106e-02	AbsError: 1.67395e-02
      Equation: "PotentialEquation"	RelError: 3.64106e-02	AbsError: 1.67395e-02
Iteration: 2
  Device: "part1_baseline"	RelError: 1.00335e+03	AbsError: 1.34382e+14
    Region: "bulk"	RelError: 1.00335e+03	AbsError: 1.34382e+14
      Equation: "ElectronContinuityEquation"	RelError: 4.26896e+00	AbsError: 1.28857e+14
      Equation: "HoleContinuityEquation"	RelError: 9.99000e+02	AbsError: 5.52483e+12
      Equation: "PotentialEquation"	RelError: 7.70001e-02	AbsError: 2.58679e-02
    Region: "oxide"	RelError: 2.40354e-05	AbsError: 8.27549e-06
      Equation: "PotentialEquation"	RelError: 2.40354e-05	AbsError: 8.27549e-06
Iteration: 3
  Device: "part1_baseline"	RelError: 1.62964e+00	AbsError: 1.82599e+15
    Region: "bulk"	RelError: 1.62963e+00	AbsError: 1.82599e+15
      Equation: "ElectronContinuityEquation"	RelError: 6.04033e-01	AbsError: 1.82539e+15
      Equation: "HoleContinuityEquation"	RelError: 1.00000e+00	AbsError: 5.99962e+11
      Equation: "PotentialEquation"	RelError: 2.55935e-02	AbsError: 9.16573e-03
    Region: "oxide"	RelError: 1.36129e-05	AbsError: 1.76869e-06
      Equation: "PotentialEquation"	RelError: 1.36129e-05	AbsError: 1.76869e-06
Iteration: 4
  Device: "part1_baseline"	RelError: 1.28935e-01	AbsError: 1.93261e+15
    Region: "bulk"	RelError: 1.28911e-01	AbsError: 1.93261e+15
      Equation: "ElectronContinuityEquation"	RelError: 5.90914e-02	AbsError: 1.93190e+15
      Equation: "HoleContinuityEquation"	RelError: 4.09054e-02	AbsError: 7.11475e+11
      Equation: "PotentialEquation"	RelError: 2.89146e-02	AbsError: 2.28769e-04
    Region: "oxide"	RelError: 2.39493e-05	AbsError: 4.60702e-06
      Equation: "PotentialEquation"	RelError: 2.39493e-05	AbsError: 4.60702e-06
Iteration: 5
  Device: "part1_baseline"	RelError: 3.19104e-04	AbsError: 1.95912e+12
    Region: "bulk"	RelError: 3.19093e-04	AbsError: 1.95912e+12
      Equation: "ElectronContinuityEquation"	RelError: 9.92844e-05	AbsError: 1.95879e+12
      Equation: "HoleContinuityEquation"	RelError: 2.08459e-04	AbsError: 3.35369e+08
      Equation: "PotentialEquation"	RelError: 1.13490e-05	AbsError: 2.11623e-07
    Region: "oxide"	RelError: 1.13405e-08	AbsError: 1.81140e-09
      Equation: "PotentialEquation"	RelError: 1.13405e-08	AbsError: 1.81140e-09
Iteration: 6
  Device: "part1_baseline"	RelError: 4.29293e-10	AbsError: 1.91084e+06
    Region: "bulk"	RelError: 4.29284e-10	AbsError: 1.91084e+06
      Equation: "ElectronContinuityEquation"	RelError: 1.20700e-10	AbsError: 1.91057e+06
      Equation: "HoleContinuityEquation"	RelError: 3.01064e-10	AbsError: 2.69398e+02
      Equation: "PotentialEquation"	RelError: 7.51972e-12	AbsError: 2.04625e-13
    Region: "oxide"	RelError: 9.09641e-15	AbsError: 1.44119e-15
      Equation: "PotentialEquation"	RelError: 9.09641e-15	AbsError: 1.44119e-15
number of equations 8953
Iteration: 0
  Device: "part1_baseline"	RelError: 2.28514e+03	AbsError: 7.39028e+16
    Region: "bulk"	RelError: 2.28507e+03	AbsError: 7.39028e+16
      Equation: "ElectronContinuityEquation"	RelError: 9.99000e+02	AbsError: 7.28480e+16
      Equation: "HoleContinuityEquation"	RelError: 9.99000e+02	AbsError: 1.05484e+15
      Equation: "PotentialEquation"	RelError: 2.87074e+02	AbsError: 4.09542e-02
    Region: "oxide"	RelError: 6.92957e-02	AbsError: 2.47689e-02
      Equation: "PotentialEquation"	RelError: 6.92957e-02	AbsError: 2.47689e-02
Iteration: 1
  Device: "part1_baseline"	RelError: 2.02137e+03	AbsError: 6.64918e+14
    Region: "bulk"	RelError: 2.02134e+03	AbsError: 6.64918e+14
      Equation: "ElectronContinuityEquation"	RelError: 9.99000e+02	AbsError: 5.34892e+14
      Equation: "HoleContinuityEquation"	RelError: 9.99000e+02	AbsError: 1.30026e+14
      Equation: "PotentialEquation"	RelError: 2.33353e+01	AbsError: 3.07633e-02
    Region: "oxide"	RelError: 3.33668e-02	AbsError: 1.67242e-02
      Equation: "PotentialEquation"	RelError: 3.33668e-02	AbsError: 1.67242e-02
Iteration: 2
  Device: "part1_baseline"	RelError: 1.00268e+03	AbsError: 1.25992e+14
    Region: "bulk"	RelError: 1.00268e+03	AbsError: 1.25992e+14
      Equation: "ElectronContinuityEquation"	RelError: 3.62903e+00	AbsError: 1.19773e+14
      Equation: "HoleContinuityEquation"	RelError: 9.99000e+02	AbsError: 6.21938e+12
      Equation: "PotentialEquation"	RelError: 5.29693e-02	AbsError: 2.58444e-02
    Region: "oxide"	RelError: 9.35043e-06	AbsError: 3.03374e-06
      Equation: "PotentialEquation"	RelError: 9.35043e-06	AbsError: 3.03374e-06
Iteration: 3
  Device: "part1_baseline"	RelError: 1.60781e+00	AbsError: 1.63765e+15
    Region: "bulk"	RelError: 1.60780e+00	AbsError: 1.63765e+15
      Equation: "ElectronContinuityEquation"	RelError: 5.78355e-01	AbsError: 1.63717e+15
      Equation: "HoleContinuityEquation"	RelError: 1.00000e+00	AbsError: 4.83136e+11
      Equation: "PotentialEquation"	RelError: 2.94429e-02	AbsError: 9.16568e-03
    Region: "oxide"	RelError: 1.27296e-05	AbsError: 1.89744e-06
      Equation: "PotentialEquation"	RelError: 1.27296e-05	AbsError: 1.89744e-06
Iteration: 4
  Device: "part1_baseline"	RelError: 1.61705e-01	AbsError: 1.74154e+15
    Region: "bulk"	RelError: 1.61687e-01	AbsError: 1.74154e+15
      Equation: "ElectronContinuityEquation"	RelError: 6.07593e-02	AbsError: 1.74098e+15
      Equation: "HoleContinuityEquation"	RelError: 6.54143e-02	AbsError: 5.66666e+11
      Equation: "PotentialEquation"	RelError: 3.55137e-02	AbsError: 2.03989e-04
    Region: "oxide"	RelError: 1.76518e-05	AbsError: 3.20637e-06
      Equation: "PotentialEquation"	RelError: 1.76518e-05	AbsError: 3.20637e-06
Iteration: 5
  Device: "part1_baseline"	RelError: 1.99709e-03	AbsError: 1.68664e+12
    Region: "bulk"	RelError: 1.99709e-03	AbsError: 1.68664e+12
      Equation: "ElectronContinuityEquation"	RelError: 9.12944e-05	AbsError: 1.68638e+12
      Equation: "HoleContinuityEquation"	RelError: 1.89010e-03	AbsError: 2.65638e+08
      Equation: "PotentialEquation"	RelError: 1.56919e-05	AbsError: 1.82563e-07
    Region: "oxide"	RelError: 9.07161e-09	AbsError: 1.50882e-09
      Equation: "PotentialEquation"	RelError: 9.07161e-09	AbsError: 1.50882e-09
Iteration: 6
  Device: "part1_baseline"	RelError: 3.17738e-09	AbsError: 1.49641e+06
    Region: "bulk"	RelError: 3.17738e-09	AbsError: 1.49641e+06
      Equation: "ElectronContinuityEquation"	RelError: 1.01914e-10	AbsError: 1.49621e+06
      Equation: "HoleContinuityEquation"	RelError: 3.06385e-09	AbsError: 2.03637e+02
      Equation: "PotentialEquation"	RelError: 1.16131e-11	AbsError: 1.61012e-13
    Region: "oxide"	RelError: 7.13181e-15	AbsError: 1.19152e-15
      Equation: "PotentialEquation"	RelError: 7.13181e-15	AbsError: 1.19152e-15
number of equations 8953
Iteration: 0
  Device: "part1_baseline"	RelError: 2.02901e+03	AbsError: 7.31605e+16
    Region: "bulk"	RelError: 2.02895e+03	AbsError: 7.31605e+16
      Equation: "ElectronContinuityEquation"	RelError: 9.99000e+02	AbsError: 7.22225e+16
      Equation: "HoleContinuityEquation"	RelError: 9.99000e+02	AbsError: 9.38060e+14
      Equation: "PotentialEquation"	RelError: 3.09475e+01	AbsError: 4.09542e-02
    Region: "oxide"	RelError: 6.48784e-02	AbsError: 2.47651e-02
      Equation: "PotentialEquation"	RelError: 6.48784e-02	AbsError: 2.47651e-02
Iteration: 1
  Device: "part1_baseline"	RelError: 2.00364e+03	AbsError: 6.00915e+14
    Region: "bulk"	RelError: 2.00360e+03	AbsError: 6.00915e+14
      Equation: "ElectronContinuityEquation"	RelError: 9.99000e+02	AbsError: 4.94847e+14
      Equation: "HoleContinuityEquation"	RelError: 9.99000e+02	AbsError: 1.06068e+14
      Equation: "PotentialEquation"	RelError: 5.60472e+00	AbsError: 3.07632e-02
    Region: "oxide"	RelError: 3.08149e-02	AbsError: 1.67234e-02
      Equation: "PotentialEquation"	RelError: 3.08149e-02	AbsError: 1.67234e-02
Iteration: 2
  Device: "part1_baseline"	RelError: 1.00173e+03	AbsError: 1.14407e+14
    Region: "bulk"	RelError: 1.00173e+03	AbsError: 1.14407e+14
      Equation: "ElectronContinuityEquation"	RelError: 2.67295e+00	AbsError: 1.11235e+14
      Equation: "HoleContinuityEquation"	RelError: 9.99000e+02	AbsError: 3.17187e+12
      Equation: "PotentialEquation"	RelError: 5.27212e-02	AbsError: 2.58894e-02
    Region: "oxide"	RelError: 4.16638e-06	AbsError: 1.29373e-06
      Equation: "PotentialEquation"	RelError: 4.16638e-06	AbsError: 1.29373e-06
Iteration: 3
  Device: "part1_baseline"	RelError: 1.60078e+00	AbsError: 1.45085e+15
    Region: "bulk"	RelError: 1.60077e+00	AbsError: 1.45085e+15
      Equation: "ElectronContinuityEquation"	RelError: 5.92193e-01	AbsError: 1.45045e+15
      Equation: "HoleContinuityEquation"	RelError: 9.99999e-01	AbsError: 3.95661e+11
      Equation: "PotentialEquation"	RelError: 8.57381e-03	AbsError: 9.16563e-03
    Region: "oxide"	RelError: 1.10682e-05	AbsError: 1.82323e-06
      Equation: "PotentialEquation"	RelError: 1.10682e-05	AbsError: 1.82323e-06
Iteration: 4
  Device: "part1_baseline"	RelError: 1.19726e-01	AbsError: 1.54937e+15
    Region: "bulk"	RelError: 1.19712e-01	AbsError: 1.54937e+15
      Equation: "ElectronContinuityEquation"	RelError: 6.25158e-02	AbsError: 1.54891e+15
      Equation: "HoleContinuityEquation"	RelError: 5.12842e-02	AbsError: 4.61517e+11
      Equation: "PotentialEquation"	RelError: 5.91237e-03	AbsError: 1.80103e-04
    Region: "oxide"	RelError: 1.37572e-05	AbsError: 2.45863e-06
      Equation: "PotentialEquation"	RelError: 1.37572e-05	AbsError: 2.45863e-06
Iteration: 5
  Device: "part1_baseline"	RelError: 2.97298e-03	AbsError: 1.39856e+12
    Region: "bulk"	RelError: 2.97298e-03	AbsError: 1.39856e+12
      Equation: "ElectronContinuityEquation"	RelError: 8.35072e-05	AbsError: 1.39835e+12
      Equation: "HoleContinuityEquation"	RelError: 2.88749e-03	AbsError: 2.09941e+08
      Equation: "PotentialEquation"	RelError: 1.98142e-06	AbsError: 1.51776e-07
    Region: "oxide"	RelError: 7.26567e-09	AbsError: 1.25786e-09
      Equation: "PotentialEquation"	RelError: 7.26567e-09	AbsError: 1.25786e-09
Iteration: 6
  Device: "part1_baseline"	RelError: 3.24303e-09	AbsError: 1.07799e+06
    Region: "bulk"	RelError: 3.24302e-09	AbsError: 1.07799e+06
      Equation: "ElectronContinuityEquation"	RelError: 8.05724e-11	AbsError: 1.07785e+06
      Equation: "HoleContinuityEquation"	RelError: 3.16119e-09	AbsError: 1.41123e+02
      Equation: "PotentialEquation"	RelError: 1.25670e-12	AbsError: 1.16464e-13
    Region: "oxide"	RelError: 5.12902e-15	AbsError: 8.98385e-16
      Equation: "PotentialEquation"	RelError: 5.12902e-15	AbsError: 8.98385e-16
number of equations 8953
Iteration: 0
  Device: "part1_baseline"	RelError: 2.01131e+03	AbsError: 7.21992e+16
    Region: "bulk"	RelError: 2.01125e+03	AbsError: 7.21992e+16
      Equation: "ElectronContinuityEquation"	RelError: 9.99000e+02	AbsError: 7.13539e+16
      Equation: "HoleContinuityEquation"	RelError: 9.99000e+02	AbsError: 8.45258e+14
      Equation: "PotentialEquation"	RelError: 1.32513e+01	AbsError: 4.09542e-02
    Region: "oxide"	RelError: 6.10117e-02	AbsError: 2.47666e-02
      Equation: "PotentialEquation"	RelError: 6.10117e-02	AbsError: 2.47666e-02
Iteration: 1
  Device: "part1_baseline"	RelError: 2.00636e+03	AbsError: 6.46947e+14
    Region: "bulk"	RelError: 2.00633e+03	AbsError: 6.46947e+14
      Equation: "ElectronContinuityEquation"	RelError: 9.99000e+02	AbsError: 5.57640e+14
      Equation: "HoleContinuityEquation"	RelError: 9.99000e+02	AbsError: 8.93071e+13
      Equation: "PotentialEquation"	RelError: 8.32990e+00	AbsError: 3.07632e-02
    Region: "oxide"	RelError: 2.86323e-02	AbsError: 1.67269e-02
      Equation: "PotentialEquation"	RelError: 2.86323e-02	AbsError: 1.67269e-02
Iteration: 2
  Device: "part1_baseline"	RelError: 1.00052e+03	AbsError: 1.03928e+14
    Region: "bulk"	RelError: 1.00052e+03	AbsError: 1.03928e+14
      Equation: "ElectronContinuityEquation"	RelError: 1.49549e+00	AbsError: 1.02486e+14
      Equation: "HoleContinuityEquation"	RelError: 9.98988e+02	AbsError: 1.44154e+12
      Equation: "PotentialEquation"	RelError: 3.92995e-02	AbsError: 2.58679e-02
    Region: "oxide"	RelError: 2.35588e-06	AbsError: 6.22316e-07
      Equation: "PotentialEquation"	RelError: 2.35588e-06	AbsError: 6.22316e-07
Iteration: 3
  Device: "part1_baseline"	RelError: 1.61067e+00	AbsError: 1.27063e+15
    Region: "bulk"	RelError: 1.61066e+00	AbsError: 1.27063e+15
      Equation: "ElectronContinuityEquation"	RelError: 6.02804e-01	AbsError: 1.27032e+15
      Equation: "HoleContinuityEquation"	RelError: 9.99999e-01	AbsError: 3.10110e+11
      Equation: "PotentialEquation"	RelError: 7.85302e-03	AbsError: 9.16559e-03
    Region: "oxide"	RelError: 9.21025e-06	AbsError: 1.61222e-06
      Equation: "PotentialEquation"	RelError: 9.21025e-06	AbsError: 1.61222e-06
Iteration: 4
  Device: "part1_baseline"	RelError: 1.29775e-01	AbsError: 1.36206e+15
    Region: "bulk"	RelError: 1.29764e-01	AbsError: 1.36206e+15
      Equation: "ElectronContinuityEquation"	RelError: 6.39534e-02	AbsError: 1.36169e+15
      Equation: "HoleContinuityEquation"	RelError: 5.66042e-02	AbsError: 3.63847e+11
      Equation: "PotentialEquation"	RelError: 9.20620e-03	AbsError: 1.57380e-04
    Region: "oxide"	RelError: 1.10402e-05	AbsError: 2.00285e-06
      Equation: "PotentialEquation"	RelError: 1.10402e-05	AbsError: 2.00285e-06
Iteration: 5
  Device: "part1_baseline"	RelError: 3.46333e-03	AbsError: 1.12063e+12
    Region: "bulk"	RelError: 3.46332e-03	AbsError: 1.12063e+12
      Equation: "ElectronContinuityEquation"	RelError: 7.71611e-05	AbsError: 1.12047e+12
      Equation: "HoleContinuityEquation"	RelError: 3.38282e-03	AbsError: 1.59503e+08
      Equation: "PotentialEquation"	RelError: 3.33818e-06	AbsError: 1.21918e-07
    Region: "oxide"	RelError: 5.66020e-09	AbsError: 1.01999e-09
      Equation: "PotentialEquation"	RelError: 5.66020e-09	AbsError: 1.01999e-09
Iteration: 6
  Device: "part1_baseline"	RelError: 1.98921e-09	AbsError: 7.18917e+05
    Region: "bulk"	RelError: 1.98921e-09	AbsError: 7.18917e+05
      Equation: "ElectronContinuityEquation"	RelError: 6.05366e-11	AbsError: 7.18827e+05
      Equation: "HoleContinuityEquation"	RelError: 1.92687e-09	AbsError: 9.01222e+01
      Equation: "PotentialEquation"	RelError: 1.79919e-12	AbsError: 7.79340e-14
    Region: "oxide"	RelError: 3.40316e-15	AbsError: 6.21250e-16
      Equation: "PotentialEquation"	RelError: 3.40316e-15	AbsError: 6.21250e-16
number of equations 8953
Iteration: 0
  Device: "part1_baseline"	RelError: 2.01791e+03	AbsError: 7.10903e+16
    Region: "bulk"	RelError: 2.01785e+03	AbsError: 7.10903e+16
      Equation: "ElectronContinuityEquation"	RelError: 9.99000e+02	AbsError: 7.03160e+16
      Equation: "HoleContinuityEquation"	RelError: 9.99000e+02	AbsError: 7.74243e+14
      Equation: "PotentialEquation"	RelError: 1.98492e+01	AbsError: 4.09542e-02
    Region: "oxide"	RelError: 5.75830e-02	AbsError: 2.47695e-02
      Equation: "PotentialEquation"	RelError: 5.75830e-02	AbsError: 2.47695e-02
Iteration: 1
  Device: "part1_baseline"	RelError: 2.02605e+03	AbsError: 6.83535e+14
    Region: "bulk"	RelError: 2.02603e+03	AbsError: 6.83535e+14
      Equation: "ElectronContinuityEquation"	RelError: 9.99000e+02	AbsError: 6.04498e+14
      Equation: "HoleContinuityEquation"	RelError: 9.99000e+02	AbsError: 7.90369e+13
      Equation: "PotentialEquation"	RelError: 2.80252e+01	AbsError: 3.07632e-02
    Region: "oxide"	RelError: 2.67404e-02	AbsError: 1.67314e-02
      Equation: "PotentialEquation"	RelError: 2.67404e-02	AbsError: 1.67314e-02
Iteration: 2
  Device: "part1_baseline"	RelError: 8.97708e+00	AbsError: 9.43950e+13
    Region: "bulk"	RelError: 8.97708e+00	AbsError: 9.43950e+13
      Equation: "ElectronContinuityEquation"	RelError: 9.99992e-01	AbsError: 9.37284e+13
      Equation: "HoleContinuityEquation"	RelError: 7.94579e+00	AbsError: 6.66551e+11
      Equation: "PotentialEquation"	RelError: 3.12926e-02	AbsError: 2.58932e-02
    Region: "oxide"	RelError: 1.63756e-06	AbsError: 3.64694e-07
      Equation: "PotentialEquation"	RelError: 1.63756e-06	AbsError: 3.64694e-07
Iteration: 3
  Device: "part1_baseline"	RelError: 1.42882e+00	AbsError: 1.10069e+15
    Region: "bulk"	RelError: 1.42881e+00	AbsError: 1.10069e+15
      Equation: "ElectronContinuityEquation"	RelError: 6.09102e-01	AbsError: 1.10044e+15
      Equation: "HoleContinuityEquation"	RelError: 8.07517e-01	AbsError: 2.50289e+11
      Equation: "PotentialEquation"	RelError: 1.21900e-02	AbsError: 9.16554e-03
    Region: "oxide"	RelError: 7.59236e-06	AbsError: 1.38956e-06
      Equation: "PotentialEquation"	RelError: 7.59236e-06	AbsError: 1.38956e-06
Iteration: 4
  Device: "part1_baseline"	RelError: 1.39975e-01	AbsError: 1.18398e+15
    Region: "bulk"	RelError: 1.39966e-01	AbsError: 1.18398e+15
      Equation: "ElectronContinuityEquation"	RelError: 6.51300e-02	AbsError: 1.18369e+15
      Equation: "HoleContinuityEquation"	RelError: 5.94599e-02	AbsError: 2.95929e+11
      Equation: "PotentialEquation"	RelError: 1.53763e-02	AbsError: 1.36238e-04
    Region: "oxide"	RelError: 8.99522e-06	AbsError: 1.67344e-06
      Equation: "PotentialEquation"	RelError: 8.99522e-06	AbsError: 1.67344e-06
Iteration: 5
  Device: "part1_baseline"	RelError: 3.65328e-03	AbsError: 8.70195e+11
    Region: "bulk"	RelError: 3.65327e-03	AbsError: 8.70195e+11
      Equation: "ElectronContinuityEquation"	RelError: 6.98841e-05	AbsError: 8.70076e+11
      Equation: "HoleContinuityEquation"	RelError: 3.58009e-03	AbsError: 1.18918e+08
      Equation: "PotentialEquation"	RelError: 3.30008e-06	AbsError: 9.49121e-08
    Region: "oxide"	RelError: 4.30957e-09	AbsError: 8.07301e-10
      Equation: "PotentialEquation"	RelError: 4.30957e-09	AbsError: 8.07301e-10
Iteration: 6
  Device: "part1_baseline"	RelError: 1.81680e-09	AbsError: 4.46608e+05
    Region: "bulk"	RelError: 1.81680e-09	AbsError: 4.46608e+05
      Equation: "ElectronContinuityEquation"	RelError: 4.29538e-11	AbsError: 4.46554e+05
      Equation: "HoleContinuityEquation"	RelError: 1.77281e-09	AbsError: 5.40432e+01
      Equation: "PotentialEquation"	RelError: 1.03172e-12	AbsError: 4.85536e-14
    Region: "oxide"	RelError: 2.09425e-15	AbsError: 3.97749e-16
      Equation: "PotentialEquation"	RelError: 2.09425e-15	AbsError: 3.97749e-16
number of equations 8953
Iteration: 0
  Device: "part1_baseline"	RelError: 2.01137e+03	AbsError: 6.98760e+16
    Region: "bulk"	RelError: 2.01132e+03	AbsError: 6.98760e+16
      Equation: "ElectronContinuityEquation"	RelError: 9.99000e+02	AbsError: 6.91496e+16
      Equation: "HoleContinuityEquation"	RelError: 9.99000e+02	AbsError: 7.26431e+14
      Equation: "PotentialEquation"	RelError: 1.33166e+01	AbsError: 4.09542e-02
    Region: "oxide"	RelError: 5.45164e-02	AbsError: 2.47724e-02
      Equation: "PotentialEquation"	RelError: 5.45164e-02	AbsError: 2.47724e-02
Iteration: 1
  Device: "part1_baseline"	RelError: 2.01641e+03	AbsError: 7.09848e+14
    Region: "bulk"	RelError: 2.01638e+03	AbsError: 7.09848e+14
      Equation: "ElectronContinuityEquation"	RelError: 9.99000e+02	AbsError: 6.42944e+14
      Equation: "HoleContinuityEquation"	RelError: 9.99000e+02	AbsError: 6.69035e+13
      Equation: "PotentialEquation"	RelError: 1.83817e+01	AbsError: 3.07632e-02
    Region: "oxide"	RelError: 2.50833e-02	AbsError: 1.67357e-02
      Equation: "PotentialEquation"	RelError: 2.50833e-02	AbsError: 1.67357e-02
Iteration: 2
  Device: "part1_baseline"	RelError: 5.14952e+00	AbsError: 8.52759e+13
    Region: "bulk"	RelError: 5.14952e+00	AbsError: 8.52759e+13
      Equation: "ElectronContinuityEquation"	RelError: 9.99992e-01	AbsError: 8.49521e+13
      Equation: "HoleContinuityEquation"	RelError: 4.12352e+00	AbsError: 3.23841e+11
      Equation: "PotentialEquation"	RelError: 2.60032e-02	AbsError: 2.58663e-02
    Region: "oxide"	RelError: 1.29339e-06	AbsError: 2.66296e-07
      Equation: "PotentialEquation"	RelError: 1.29339e-06	AbsError: 2.66296e-07
Iteration: 3
  Device: "part1_baseline"	RelError: 1.14296e+00	AbsError: 9.43994e+14
    Region: "bulk"	RelError: 1.14295e+00	AbsError: 9.43994e+14
      Equation: "ElectronContinuityEquation"	RelError: 6.03051e-01	AbsError: 9.43798e+14
      Equation: "HoleContinuityEquation"	RelError: 5.28413e-01	AbsError: 1.95450e+11
      Equation: "PotentialEquation"	RelError: 1.14876e-02	AbsError: 9.16550e-03
    Region: "oxide"	RelError: 6.13789e-06	AbsError: 1.16845e-06
      Equation: "PotentialEquation"	RelError: 6.13789e-06	AbsError: 1.16845e-06
Iteration: 4
  Device: "part1_baseline"	RelError: 1.42508e-01	AbsError: 1.01864e+15
    Region: "bulk"	RelError: 1.42501e-01	AbsError: 1.01864e+15
      Equation: "ElectronContinuityEquation"	RelError: 6.60429e-02	AbsError: 1.01840e+15
      Equation: "HoleContinuityEquation"	RelError: 6.24868e-02	AbsError: 2.34591e+11
      Equation: "PotentialEquation"	RelError: 1.39713e-02	AbsError: 1.16833e-04
    Region: "oxide"	RelError: 7.29488e-06	AbsError: 1.39879e-06
      Equation: "PotentialEquation"	RelError: 7.29488e-06	AbsError: 1.39879e-06
Iteration: 5
  Device: "part1_baseline"	RelError: 4.06613e-03	AbsError: 6.56601e+11
    Region: "bulk"	RelError: 4.06612e-03	AbsError: 6.56601e+11
      Equation: "ElectronContinuityEquation"	RelError: 6.26459e-05	AbsError: 6.56517e+11
      Equation: "HoleContinuityEquation"	RelError: 4.00009e-03	AbsError: 8.45940e+07
      Equation: "PotentialEquation"	RelError: 3.38749e-06	AbsError: 7.17791e-08
    Region: "oxide"	RelError: 3.18128e-09	AbsError: 6.19356e-10
      Equation: "PotentialEquation"	RelError: 3.18128e-09	AbsError: 6.19356e-10
Iteration: 6
  Device: "part1_baseline"	RelError: 1.71618e-09	AbsError: 2.59911e+05
    Region: "bulk"	RelError: 1.71618e-09	AbsError: 2.59911e+05
      Equation: "ElectronContinuityEquation"	RelError: 2.91140e-11	AbsError: 2.59881e+05
      Equation: "HoleContinuityEquation"	RelError: 1.68603e-09	AbsError: 3.02135e+01
      Equation: "PotentialEquation"	RelError: 1.03723e-12	AbsError: 2.83255e-14
    Region: "oxide"	RelError: 1.20208e-15	AbsError: 2.37242e-16
      Equation: "PotentialEquation"	RelError: 1.20208e-15	AbsError: 2.37242e-16
number of equations 8953
Iteration: 0
  Device: "part1_baseline"	RelError: 1.02882e+05	AbsError: 6.85634e+16
    Region: "bulk"	RelError: 1.02882e+05	AbsError: 6.85634e+16
      Equation: "ElectronContinuityEquation"	RelError: 1.07198e+03	AbsError: 6.78774e+16
      Equation: "HoleContinuityEquation"	RelError: 1.01773e+05	AbsError: 6.86013e+14
      Equation: "PotentialEquation"	RelError: 3.73580e+01	AbsError: 4.09542e-02
    Region: "oxide"	RelError: 5.17558e-02	AbsError: 2.47751e-02
      Equation: "PotentialEquation"	RelError: 5.17558e-02	AbsError: 2.47751e-02
Iteration: 1
  Device: "part1_baseline"	RelError: 2.00278e+03	AbsError: 7.36065e+14
    Region: "bulk"	RelError: 2.00276e+03	AbsError: 7.36065e+14
      Equation: "ElectronContinuityEquation"	RelError: 9.99000e+02	AbsError: 6.77204e+14
      Equation: "HoleContinuityEquation"	RelError: 9.99000e+02	AbsError: 5.88611e+13
      Equation: "PotentialEquation"	RelError: 4.75987e+00	AbsError: 3.07632e-02
    Region: "oxide"	RelError: 2.36194e-02	AbsError: 1.67395e-02
      Equation: "PotentialEquation"	RelError: 2.36194e-02	AbsError: 1.67395e-02
Iteration: 2
  Device: "part1_baseline"	RelError: 3.96325e+00	AbsError: 7.65123e+13
    Region: "bulk"	RelError: 3.96325e+00	AbsError: 7.65123e+13
      Equation: "ElectronContinuityEquation"	RelError: 9.99993e-01	AbsError: 7.63422e+13
      Equation: "HoleContinuityEquation"	RelError: 2.94103e+00	AbsError: 1.70084e+11
      Equation: "PotentialEquation"	RelError: 2.22250e-02	AbsError: 2.58781e-02
    Region: "oxide"	RelError: 1.09345e-06	AbsError: 2.20218e-07
      Equation: "PotentialEquation"	RelError: 1.09345e-06	AbsError: 2.20218e-07
Iteration: 3
  Device: "part1_baseline"	RelError: 9.84008e-01	AbsError: 8.02177e+14
    Region: "bulk"	RelError: 9.84003e-01	AbsError: 8.02177e+14
      Equation: "ElectronContinuityEquation"	RelError: 5.48488e-01	AbsError: 8.02023e+14
      Equation: "HoleContinuityEquation"	RelError: 4.29353e-01	AbsError: 1.53980e+11
      Equation: "PotentialEquation"	RelError: 6.16264e-03	AbsError: 9.16547e-03
    Region: "oxide"	RelError: 4.95986e-06	AbsError: 9.77649e-07
      Equation: "PotentialEquation"	RelError: 4.95986e-06	AbsError: 9.77649e-07
Iteration: 4
  Device: "part1_baseline"	RelError: 1.35603e-01	AbsError: 8.68102e+14
    Region: "bulk"	RelError: 1.35597e-01	AbsError: 8.68102e+14
      Equation: "ElectronContinuityEquation"	RelError: 6.66119e-02	AbsError: 8.67914e+14
      Equation: "HoleContinuityEquation"	RelError: 6.48143e-02	AbsError: 1.87580e+11
      Equation: "PotentialEquation"	RelError: 4.17121e-03	AbsError: 9.93715e-05
    Region: "oxide"	RelError: 5.95388e-06	AbsError: 1.17713e-06
      Equation: "PotentialEquation"	RelError: 5.95388e-06	AbsError: 1.17713e-06
Iteration: 5
  Device: "part1_baseline"	RelError: 4.24955e-03	AbsError: 4.82825e+11
    Region: "bulk"	RelError: 4.24954e-03	AbsError: 4.82825e+11
      Equation: "ElectronContinuityEquation"	RelError: 5.52231e-05	AbsError: 4.82765e+11
      Equation: "HoleContinuityEquation"	RelError: 4.19303e-03	AbsError: 6.05296e+07
      Equation: "PotentialEquation"	RelError: 1.29103e-06	AbsError: 5.29009e-08
    Region: "oxide"	RelError: 2.29918e-09	AbsError: 4.64369e-10
      Equation: "PotentialEquation"	RelError: 2.29918e-09	AbsError: 4.64369e-10
Iteration: 6
  Device: "part1_baseline"	RelError: 1.49175e-09	AbsError: 1.42651e+05
    Region: "bulk"	RelError: 1.49175e-09	AbsError: 1.42651e+05
      Equation: "ElectronContinuityEquation"	RelError: 1.86113e-11	AbsError: 1.42635e+05
      Equation: "HoleContinuityEquation"	RelError: 1.47281e-09	AbsError: 1.60725e+01
      Equation: "PotentialEquation"	RelError: 3.27645e-13	AbsError: 1.55796e-14
    Region: "oxide"	RelError: 6.49442e-16	AbsError: 1.33012e-16
      Equation: "PotentialEquation"	RelError: 6.49442e-16	AbsError: 1.33012e-16
number of equations 8953
Iteration: 0
  Device: "part1_baseline"	RelError: 2.01671e+03	AbsError: 6.71573e+16
    Region: "bulk"	RelError: 2.01666e+03	AbsError: 6.71573e+16
      Equation: "ElectronContinuityEquation"	RelError: 9.99000e+02	AbsError: 6.65121e+16
      Equation: "HoleContinuityEquation"	RelError: 9.99000e+02	AbsError: 6.45147e+14
      Equation: "PotentialEquation"	RelError: 1.86606e+01	AbsError: 4.09542e-02
    Region: "oxide"	RelError: 4.92570e-02	AbsError: 2.47775e-02
      Equation: "PotentialEquation"	RelError: 4.92570e-02	AbsError: 2.47775e-02
Iteration: 1
  Device: "part1_baseline"	RelError: 2.00540e+03	AbsError: 7.61650e+14
    Region: "bulk"	RelError: 2.00538e+03	AbsError: 7.61650e+14
      Equation: "ElectronContinuityEquation"	RelError: 9.99000e+02	AbsError: 7.09617e+14
      Equation: "HoleContinuityEquation"	RelError: 9.99000e+02	AbsError: 5.20333e+13
      Equation: "PotentialEquation"	RelError: 7.37645e+00	AbsError: 3.07632e-02
    Region: "oxide"	RelError: 2.23166e-02	AbsError: 1.67428e-02
      Equation: "PotentialEquation"	RelError: 2.23166e-02	AbsError: 1.67428e-02
Iteration: 2
  Device: "part1_baseline"	RelError: 2.56514e+00	AbsError: 6.99603e+13
    Region: "bulk"	RelError: 2.56514e+00	AbsError: 6.99603e+13
      Equation: "ElectronContinuityEquation"	RelError: 9.99993e-01	AbsError: 6.98848e+13
      Equation: "HoleContinuityEquation"	RelError: 1.54576e+00	AbsError: 7.54786e+10
      Equation: "PotentialEquation"	RelError: 1.93886e-02	AbsError: 2.58809e-02
    Region: "oxide"	RelError: 9.52939e-07	AbsError: 1.94795e-07
      Equation: "PotentialEquation"	RelError: 9.52939e-07	AbsError: 1.94795e-07
Iteration: 3
  Device: "part1_baseline"	RelError: 6.97112e-01	AbsError: 6.76050e+14
    Region: "bulk"	RelError: 6.97108e-01	AbsError: 6.76050e+14
      Equation: "ElectronContinuityEquation"	RelError: 4.15481e-01	AbsError: 6.75928e+14
      Equation: "HoleContinuityEquation"	RelError: 2.75872e-01	AbsError: 1.21793e+11
      Equation: "PotentialEquation"	RelError: 5.75514e-03	AbsError: 9.16543e-03
    Region: "oxide"	RelError: 3.97589e-06	AbsError: 8.09974e-07
      Equation: "PotentialEquation"	RelError: 3.97589e-06	AbsError: 8.09974e-07
Iteration: 4
  Device: "part1_baseline"	RelError: 1.38977e-01	AbsError: 7.33524e+14
    Region: "bulk"	RelError: 1.38972e-01	AbsError: 7.33524e+14
      Equation: "ElectronContinuityEquation"	RelError: 6.71398e-02	AbsError: 7.33372e+14
      Equation: "HoleContinuityEquation"	RelError: 6.64182e-02	AbsError: 1.51435e+11
      Equation: "PotentialEquation"	RelError: 5.41432e-03	AbsError: 8.38652e-05
    Region: "oxide"	RelError: 4.84958e-06	AbsError: 9.89018e-07
      Equation: "PotentialEquation"	RelError: 4.84958e-06	AbsError: 9.89018e-07
Iteration: 5
  Device: "part1_baseline"	RelError: 4.37832e-03	AbsError: 3.46910e+11
    Region: "bulk"	RelError: 4.37832e-03	AbsError: 3.46910e+11
      Equation: "ElectronContinuityEquation"	RelError: 4.81126e-05	AbsError: 3.46869e+11
      Equation: "HoleContinuityEquation"	RelError: 4.32901e-03	AbsError: 4.15610e+07
      Equation: "PotentialEquation"	RelError: 1.19992e-06	AbsError: 3.80897e-08
    Region: "oxide"	RelError: 1.62399e-09	AbsError: 3.39908e-10
      Equation: "PotentialEquation"	RelError: 1.62399e-09	AbsError: 3.39908e-10
Iteration: 6
  Device: "part1_baseline"	RelError: 1.14918e-09	AbsError: 7.42752e+04
    Region: "bulk"	RelError: 1.14918e-09	AbsError: 7.42752e+04
      Equation: "ElectronContinuityEquation"	RelError: 1.17325e-11	AbsError: 7.42672e+04
      Equation: "HoleContinuityEquation"	RelError: 1.13721e-09	AbsError: 7.96246e+00
      Equation: "PotentialEquation"	RelError: 2.36004e-13	AbsError: 8.12730e-15
    Region: "oxide"	RelError: 3.32293e-16	AbsError: 7.05523e-17
      Equation: "PotentialEquation"	RelError: 3.32293e-16	AbsError: 7.05523e-17
number of equations 8953
Iteration: 0
  Device: "part1_baseline"	RelError: 2.30511e+03	AbsError: 6.56711e+16
    Region: "bulk"	RelError: 2.30506e+03	AbsError: 6.56711e+16
      Equation: "ElectronContinuityEquation"	RelError: 9.99000e+02	AbsError: 6.50606e+16
      Equation: "HoleContinuityEquation"	RelError: 9.99000e+02	AbsError: 6.10484e+14
      Equation: "PotentialEquation"	RelError: 3.07062e+02	AbsError: 4.09542e-02
    Region: "oxide"	RelError: 4.69847e-02	AbsError: 2.47795e-02
      Equation: "PotentialEquation"	RelError: 4.69847e-02	AbsError: 2.47795e-02
Iteration: 1
  Device: "part1_baseline"	RelError: 2.00838e+03	AbsError: 7.87423e+14
    Region: "bulk"	RelError: 2.00836e+03	AbsError: 7.87423e+14
      Equation: "ElectronContinuityEquation"	RelError: 9.99000e+02	AbsError: 7.41527e+14
      Equation: "HoleContinuityEquation"	RelError: 9.99000e+02	AbsError: 4.58966e+13
      Equation: "PotentialEquation"	RelError: 1.03625e+01	AbsError: 3.07632e-02
    Region: "oxide"	RelError: 2.11497e-02	AbsError: 1.67456e-02
      Equation: "PotentialEquation"	RelError: 2.11497e-02	AbsError: 1.67456e-02
Iteration: 2
  Device: "part1_baseline"	RelError: 2.06489e+00	AbsError: 6.59900e+13
    Region: "bulk"	RelError: 2.06489e+00	AbsError: 6.59900e+13
      Equation: "ElectronContinuityEquation"	RelError: 9.99993e-01	AbsError: 6.59335e+13
      Equation: "HoleContinuityEquation"	RelError: 1.04771e+00	AbsError: 5.65048e+10
      Equation: "PotentialEquation"	RelError: 1.71807e-02	AbsError: 2.58961e-02
    Region: "oxide"	RelError: 8.49053e-07	AbsError: 1.77075e-07
      Equation: "PotentialEquation"	RelError: 8.49053e-07	AbsError: 1.77075e-07
Iteration: 3
  Device: "part1_baseline"	RelError: 3.56159e-01	AbsError: 5.65544e+14
    Region: "bulk"	RelError: 3.56155e-01	AbsError: 5.65544e+14
      Equation: "ElectronContinuityEquation"	RelError: 2.72933e-01	AbsError: 5.65448e+14
      Equation: "HoleContinuityEquation"	RelError: 7.78250e-02	AbsError: 9.64819e+10
      Equation: "PotentialEquation"	RelError: 5.39740e-03	AbsError: 9.16541e-03
    Region: "oxide"	RelError: 3.18704e-06	AbsError: 6.68314e-07
      Equation: "PotentialEquation"	RelError: 3.18704e-06	AbsError: 6.68314e-07
Iteration: 4
  Device: "part1_baseline"	RelError: 1.39652e-01	AbsError: 6.15077e+14
    Region: "bulk"	RelError: 1.39648e-01	AbsError: 6.15077e+14
      Equation: "ElectronContinuityEquation"	RelError: 6.75405e-02	AbsError: 6.14954e+14
      Equation: "HoleContinuityEquation"	RelError: 6.59235e-02	AbsError: 1.23276e+11
      Equation: "PotentialEquation"	RelError: 6.18435e-03	AbsError: 7.02958e-05
    Region: "oxide"	RelError: 3.96881e-06	AbsError: 8.32265e-07
      Equation: "PotentialEquation"	RelError: 3.96881e-06	AbsError: 8.32265e-07
Iteration: 5
  Device: "part1_baseline"	RelError: 4.26615e-03	AbsError: 2.44213e+11
    Region: "bulk"	RelError: 4.26615e-03	AbsError: 2.44213e+11
      Equation: "ElectronContinuityEquation"	RelError: 4.14117e-05	AbsError: 2.44184e+11
      Equation: "HoleContinuityEquation"	RelError: 4.22325e-03	AbsError: 2.87657e+07
      Equation: "PotentialEquation"	RelError: 1.49359e-06	AbsError: 2.68694e-08
    Region: "oxide"	RelError: 1.12713e-09	AbsError: 2.44088e-10
      Equation: "PotentialEquation"	RelError: 1.12713e-09	AbsError: 2.44088e-10
Iteration: 6
  Device: "part1_baseline"	RelError: 7.68699e-10	AbsError: 3.69201e+04
    Region: "bulk"	RelError: 7.68699e-10	AbsError: 3.69201e+04
      Equation: "ElectronContinuityEquation"	RelError: 7.14020e-12	AbsError: 3.69162e+04
      Equation: "HoleContinuityEquation"	RelError: 7.61346e-10	AbsError: 3.86662e+00
      Equation: "PotentialEquation"	RelError: 2.12454e-13	AbsError: 4.04680e-15
    Region: "oxide"	RelError: 1.62225e-16	AbsError: 3.56635e-17
      Equation: "PotentialEquation"	RelError: 1.62225e-16	AbsError: 3.56635e-17
number of equations 8953
Iteration: 0
  Device: "part1_baseline"	RelError: 2.40944e+03	AbsError: 6.41071e+16
    Region: "bulk"	RelError: 2.40940e+03	AbsError: 6.41071e+16
      Equation: "ElectronContinuityEquation"	RelError: 1.06466e+03	AbsError: 6.35259e+16
      Equation: "HoleContinuityEquation"	RelError: 9.99000e+02	AbsError: 5.81150e+14
      Equation: "PotentialEquation"	RelError: 3.45731e+02	AbsError: 4.09542e-02
    Region: "oxide"	RelError: 4.49094e-02	AbsError: 2.47812e-02
      Equation: "PotentialEquation"	RelError: 4.49094e-02	AbsError: 2.47812e-02
Iteration: 1
  Device: "part1_baseline"	RelError: 1.00575e+03	AbsError: 8.15582e+14
    Region: "bulk"	RelError: 1.00573e+03	AbsError: 8.15582e+14
      Equation: "ElectronContinuityEquation"	RelError: 9.97896e-01	AbsError: 7.73651e+14
      Equation: "HoleContinuityEquation"	RelError: 9.99000e+02	AbsError: 4.19306e+13
      Equation: "PotentialEquation"	RelError: 5.72764e+00	AbsError: 3.07632e-02
    Region: "oxide"	RelError: 2.00984e-02	AbsError: 1.67479e-02
      Equation: "PotentialEquation"	RelError: 2.00984e-02	AbsError: 1.67479e-02
Iteration: 2
  Device: "part1_baseline"	RelError: 1.83683e+00	AbsError: 6.17279e+13
    Region: "bulk"	RelError: 1.83683e+00	AbsError: 6.17279e+13
      Equation: "ElectronContinuityEquation"	RelError: 8.21641e-01	AbsError: 6.16823e+13
      Equation: "HoleContinuityEquation"	RelError: 9.99209e-01	AbsError: 4.56601e+10
      Equation: "PotentialEquation"	RelError: 1.59796e-02	AbsError: 2.58928e-02
    Region: "oxide"	RelError: 7.66891e-07	AbsError: 1.63605e-07
      Equation: "PotentialEquation"	RelError: 7.66891e-07	AbsError: 1.63605e-07
Iteration: 3
  Device: "part1_baseline"	RelError: 2.82062e-01	AbsError: 4.70007e+14
    Region: "bulk"	RelError: 2.82060e-01	AbsError: 4.70007e+14
      Equation: "ElectronContinuityEquation"	RelError: 2.01186e-01	AbsError: 4.69931e+14
      Equation: "HoleContinuityEquation"	RelError: 3.25774e-02	AbsError: 7.59255e+10
      Equation: "PotentialEquation"	RelError: 4.82960e-02	AbsError: 9.16539e-03
    Region: "oxide"	RelError: 2.54022e-06	AbsError: 5.45909e-07
      Equation: "PotentialEquation"	RelError: 2.54022e-06	AbsError: 5.45909e-07
Iteration: 4
  Device: "part1_baseline"	RelError: 1.95465e-01	AbsError: 5.12263e+14
    Region: "bulk"	RelError: 1.95462e-01	AbsError: 5.12263e+14
      Equation: "ElectronContinuityEquation"	RelError: 6.79292e-02	AbsError: 5.12164e+14
      Equation: "HoleContinuityEquation"	RelError: 6.16234e-02	AbsError: 9.94970e+10
      Equation: "PotentialEquation"	RelError: 6.59097e-02	AbsError: 5.85513e-05
    Region: "oxide"	RelError: 3.24685e-06	AbsError: 6.97901e-07
      Equation: "PotentialEquation"	RelError: 3.24685e-06	AbsError: 6.97901e-07
Iteration: 5
  Device: "part1_baseline"	RelError: 3.69751e-03	AbsError: 1.68837e+11
    Region: "bulk"	RelError: 3.69751e-03	AbsError: 1.68837e+11
      Equation: "ElectronContinuityEquation"	RelError: 3.54726e-05	AbsError: 1.68817e+11
      Equation: "HoleContinuityEquation"	RelError: 3.64673e-03	AbsError: 1.91240e+07
      Equation: "PotentialEquation"	RelError: 1.53063e-05	AbsError: 1.86128e-08
    Region: "oxide"	RelError: 7.68151e-10	AbsError: 1.71948e-10
      Equation: "PotentialEquation"	RelError: 7.68151e-10	AbsError: 1.71948e-10
Iteration: 6
  Device: "part1_baseline"	RelError: 4.36991e-10	AbsError: 1.76151e+04
    Region: "bulk"	RelError: 4.36991e-10	AbsError: 1.76151e+04
      Equation: "ElectronContinuityEquation"	RelError: 4.21428e-12	AbsError: 1.76133e+04
      Equation: "HoleContinuityEquation"	RelError: 4.31283e-10	AbsError: 1.76020e+00
      Equation: "PotentialEquation"	RelError: 1.49364e-12	AbsError: 1.93380e-15
    Region: "oxide"	RelError: 7.59935e-17	AbsError: 1.72856e-17
      Equation: "PotentialEquation"	RelError: 7.59935e-17	AbsError: 1.72856e-17
number of equations 8953
Iteration: 0
  Device: "part1_baseline"	RelError: 2.01433e+03	AbsError: 6.24600e+16
    Region: "bulk"	RelError: 2.01429e+03	AbsError: 6.24600e+16
      Equation: "ElectronContinuityEquation"	RelError: 9.99000e+02	AbsError: 6.19094e+16
      Equation: "HoleContinuityEquation"	RelError: 9.99000e+02	AbsError: 5.50652e+14
      Equation: "PotentialEquation"	RelError: 1.62897e+01	AbsError: 4.09542e-02
    Region: "oxide"	RelError: 4.30069e-02	AbsError: 2.47826e-02
      Equation: "PotentialEquation"	RelError: 4.30069e-02	AbsError: 2.47826e-02
Iteration: 1
  Device: "part1_baseline"	RelError: 1.85828e+01	AbsError: 8.43937e+14
    Region: "bulk"	RelError: 1.85637e+01	AbsError: 8.43937e+14
      Equation: "ElectronContinuityEquation"	RelError: 9.97993e-01	AbsError: 8.06300e+14
      Equation: "HoleContinuityEquation"	RelError: 9.98418e-01	AbsError: 3.76366e+13
      Equation: "PotentialEquation"	RelError: 1.65673e+01	AbsError: 3.07632e-02
    Region: "oxide"	RelError: 1.91465e-02	AbsError: 1.67498e-02
      Equation: "PotentialEquation"	RelError: 1.91465e-02	AbsError: 1.67498e-02
Iteration: 2
  Device: "part1_baseline"	RelError: 1.47239e+00	AbsError: 5.72716e+13
    Region: "bulk"	RelError: 1.47239e+00	AbsError: 5.72716e+13
      Equation: "ElectronContinuityEquation"	RelError: 6.39625e-01	AbsError: 5.72365e+13
      Equation: "HoleContinuityEquation"	RelError: 8.17690e-01	AbsError: 3.51016e+10
      Equation: "PotentialEquation"	RelError: 1.50775e-02	AbsError: 2.58774e-02
    Region: "oxide"	RelError: 6.97438e-07	AbsError: 1.52707e-07
      Equation: "PotentialEquation"	RelError: 6.97438e-07	AbsError: 1.52707e-07
Iteration: 3
  Device: "part1_baseline"	RelError: 1.90295e-01	AbsError: 3.88350e+14
    Region: "bulk"	RelError: 1.90293e-01	AbsError: 3.88350e+14
      Equation: "ElectronContinuityEquation"	RelError: 1.55928e-01	AbsError: 3.88290e+14
      Equation: "HoleContinuityEquation"	RelError: 2.78669e-02	AbsError: 6.00602e+10
      Equation: "PotentialEquation"	RelError: 6.49833e-03	AbsError: 9.16538e-03
    Region: "oxide"	RelError: 2.01174e-06	AbsError: 4.42489e-07
      Equation: "PotentialEquation"	RelError: 2.01174e-06	AbsError: 4.42489e-07
Iteration: 4
  Device: "part1_baseline"	RelError: 1.29083e-01	AbsError: 4.24079e+14
    Region: "bulk"	RelError: 1.29080e-01	AbsError: 4.24079e+14
      Equation: "ElectronContinuityEquation"	RelError: 6.83864e-02	AbsError: 4.23998e+14
      Equation: "HoleContinuityEquation"	RelError: 5.17716e-02	AbsError: 8.11556e+10
      Equation: "PotentialEquation"	RelError: 8.92209e-03	AbsError: 4.85022e-05
    Region: "oxide"	RelError: 2.65452e-06	AbsError: 5.84630e-07
      Equation: "PotentialEquation"	RelError: 2.65452e-06	AbsError: 5.84630e-07
Iteration: 5
  Device: "part1_baseline"	RelError: 2.61880e-03	AbsError: 1.14906e+11
    Region: "bulk"	RelError: 2.61880e-03	AbsError: 1.14906e+11
      Equation: "ElectronContinuityEquation"	RelError: 3.01052e-05	AbsError: 1.14893e+11
      Equation: "HoleContinuityEquation"	RelError: 2.58740e-03	AbsError: 1.29210e+07
      Equation: "PotentialEquation"	RelError: 1.29759e-06	AbsError: 1.26920e-08
    Region: "oxide"	RelError: 5.18543e-10	AbsError: 1.19334e-10
      Equation: "PotentialEquation"	RelError: 5.18543e-10	AbsError: 1.19334e-10
Iteration: 6
  Device: "part1_baseline"	RelError: 2.00484e-10	AbsError: 8.11150e+03
    Region: "bulk"	RelError: 2.00484e-10	AbsError: 8.11150e+03
      Equation: "ElectronContinuityEquation"	RelError: 2.39896e-12	AbsError: 8.11070e+03
      Equation: "HoleContinuityEquation"	RelError: 1.98013e-10	AbsError: 7.94996e-01
      Equation: "PotentialEquation"	RelError: 7.25916e-14	AbsError: 8.91815e-16
    Region: "oxide"	RelError: 3.43740e-17	AbsError: 8.07856e-18
      Equation: "PotentialEquation"	RelError: 3.43740e-17	AbsError: 8.07856e-18
number of equations 8953
Iteration: 0
  Device: "part1_baseline"	RelError: 2.06037e+03	AbsError: 6.07379e+16
    Region: "bulk"	RelError: 2.06033e+03	AbsError: 6.07379e+16
      Equation: "ElectronContinuityEquation"	RelError: 9.99000e+02	AbsError: 6.02110e+16
      Equation: "HoleContinuityEquation"	RelError: 9.99000e+02	AbsError: 5.26857e+14
      Equation: "PotentialEquation"	RelError: 6.23334e+01	AbsError: 4.09542e-02
    Region: "oxide"	RelError: 4.12566e-02	AbsError: 2.47838e-02
      Equation: "PotentialEquation"	RelError: 4.12566e-02	AbsError: 2.47838e-02
Iteration: 1
  Device: "part1_baseline"	RelError: 1.37225e+01	AbsError: 8.73814e+14
    Region: "bulk"	RelError: 1.37042e+01	AbsError: 8.73814e+14
      Equation: "ElectronContinuityEquation"	RelError: 9.97837e-01	AbsError: 8.39510e+14
      Equation: "HoleContinuityEquation"	RelError: 9.98369e-01	AbsError: 3.43043e+13
      Equation: "PotentialEquation"	RelError: 1.17080e+01	AbsError: 3.07632e-02
    Region: "oxide"	RelError: 1.82803e-02	AbsError: 1.67514e-02
      Equation: "PotentialEquation"	RelError: 1.82803e-02	AbsError: 1.67514e-02
Iteration: 2
  Device: "part1_baseline"	RelError: 1.27020e+00	AbsError: 5.27281e+13
    Region: "bulk"	RelError: 1.27020e+00	AbsError: 5.27281e+13
      Equation: "ElectronContinuityEquation"	RelError: 5.01961e-01	AbsError: 5.27002e+13
      Equation: "HoleContinuityEquation"	RelError: 7.53968e-01	AbsError: 2.78949e+10
      Equation: "PotentialEquation"	RelError: 1.42670e-02	AbsError: 2.58493e-02
    Region: "oxide"	RelError: 6.37133e-07	AbsError: 1.43510e-07
      Equation: "PotentialEquation"	RelError: 6.37133e-07	AbsError: 1.43510e-07
Iteration: 3
  Device: "part1_baseline"	RelError: 1.64903e-01	AbsError: 3.19251e+14
    Region: "bulk"	RelError: 1.64902e-01	AbsError: 3.19251e+14
      Equation: "ElectronContinuityEquation"	RelError: 1.32564e-01	AbsError: 3.19206e+14
      Equation: "HoleContinuityEquation"	RelError: 2.60968e-02	AbsError: 4.51205e+10
      Equation: "PotentialEquation"	RelError: 6.24082e-03	AbsError: 9.16538e-03
    Region: "oxide"	RelError: 1.55980e-06	AbsError: 3.51621e-07
      Equation: "PotentialEquation"	RelError: 1.55980e-06	AbsError: 3.51621e-07
Iteration: 4
  Device: "part1_baseline"	RelError: 1.21048e-01	AbsError: 3.49225e+14
    Region: "bulk"	RelError: 1.21046e-01	AbsError: 3.49225e+14
      Equation: "ElectronContinuityEquation"	RelError: 6.87206e-02	AbsError: 3.49161e+14
      Equation: "HoleContinuityEquation"	RelError: 4.37836e-02	AbsError: 6.38417e+10
      Equation: "PotentialEquation"	RelError: 8.54137e-03	AbsError: 3.99708e-05
    Region: "oxide"	RelError: 2.14770e-06	AbsError: 4.85502e-07
      Equation: "PotentialEquation"	RelError: 2.14770e-06	AbsError: 4.85502e-07
Iteration: 5
  Device: "part1_baseline"	RelError: 1.86849e-03	AbsError: 7.71241e+10
    Region: "bulk"	RelError: 1.86848e-03	AbsError: 7.71241e+10
      Equation: "ElectronContinuityEquation"	RelError: 2.54212e-05	AbsError: 7.71158e+10
      Equation: "HoleContinuityEquation"	RelError: 1.84173e-03	AbsError: 8.32060e+06
      Equation: "PotentialEquation"	RelError: 1.33195e-06	AbsError: 8.53357e-09
    Region: "oxide"	RelError: 3.43328e-10	AbsError: 8.12762e-11
      Equation: "PotentialEquation"	RelError: 3.43328e-10	AbsError: 8.12762e-11
Iteration: 6
  Device: "part1_baseline"	RelError: 7.31803e-11	AbsError: 3.62014e+03
    Region: "bulk"	RelError: 7.31802e-11	AbsError: 3.62014e+03
      Equation: "ElectronContinuityEquation"	RelError: 1.29906e-12	AbsError: 3.61980e+03
      Equation: "HoleContinuityEquation"	RelError: 7.18235e-11	AbsError: 3.40773e-01
      Equation: "PotentialEquation"	RelError: 5.77186e-14	AbsError: 3.98550e-16
    Region: "oxide"	RelError: 1.50906e-17	AbsError: 3.65080e-18
      Equation: "PotentialEquation"	RelError: 1.50906e-17	AbsError: 3.65080e-18
number of equations 8953
Iteration: 0
  Device: "part1_baseline"	RelError: 2.05610e+03	AbsError: 5.89342e+16
    Region: "bulk"	RelError: 2.05606e+03	AbsError: 5.89342e+16
      Equation: "ElectronContinuityEquation"	RelError: 9.99000e+02	AbsError: 5.84306e+16
      Equation: "HoleContinuityEquation"	RelError: 9.99000e+02	AbsError: 5.03522e+14
      Equation: "PotentialEquation"	RelError: 5.80648e+01	AbsError: 4.09542e-02
    Region: "oxide"	RelError: 3.96411e-02	AbsError: 2.47847e-02
      Equation: "PotentialEquation"	RelError: 3.96411e-02	AbsError: 2.47847e-02
Iteration: 1
  Device: "part1_baseline"	RelError: 2.40880e+00	AbsError: 9.04318e+14
    Region: "bulk"	RelError: 2.39131e+00	AbsError: 9.04318e+14
      Equation: "ElectronContinuityEquation"	RelError: 9.97784e-01	AbsError: 8.73125e+14
      Equation: "HoleContinuityEquation"	RelError: 9.98280e-01	AbsError: 3.11928e+13
      Equation: "PotentialEquation"	RelError: 3.95242e-01	AbsError: 3.07632e-02
    Region: "oxide"	RelError: 1.74890e-02	AbsError: 1.67526e-02
      Equation: "PotentialEquation"	RelError: 1.74890e-02	AbsError: 1.67526e-02
Iteration: 2
  Device: "part1_baseline"	RelError: 1.11580e+00	AbsError: 4.88314e+13
    Region: "bulk"	RelError: 1.11580e+00	AbsError: 4.88314e+13
      Equation: "ElectronContinuityEquation"	RelError: 3.97885e-01	AbsError: 4.88079e+13
      Equation: "HoleContinuityEquation"	RelError: 7.04377e-01	AbsError: 2.34483e+10
      Equation: "PotentialEquation"	RelError: 1.35383e-02	AbsError: 2.58218e-02
    Region: "oxide"	RelError: 5.84676e-07	AbsError: 1.35690e-07
      Equation: "PotentialEquation"	RelError: 5.84676e-07	AbsError: 1.35690e-07
Iteration: 3
  Device: "part1_baseline"	RelError: 1.43539e-01	AbsError: 2.61273e+14
    Region: "bulk"	RelError: 1.43538e-01	AbsError: 2.61273e+14
      Equation: "ElectronContinuityEquation"	RelError: 1.12835e-01	AbsError: 2.61239e+14
      Equation: "HoleContinuityEquation"	RelError: 2.53450e-02	AbsError: 3.37387e+10
      Equation: "PotentialEquation"	RelError: 5.35788e-03	AbsError: 9.16537e-03
    Region: "oxide"	RelError: 1.19564e-06	AbsError: 2.75850e-07
      Equation: "PotentialEquation"	RelError: 1.19564e-06	AbsError: 2.75850e-07
Iteration: 4
  Device: "part1_baseline"	RelError: 1.13386e-01	AbsError: 2.86249e+14
    Region: "bulk"	RelError: 1.13384e-01	AbsError: 2.86249e+14
      Equation: "ElectronContinuityEquation"	RelError: 6.88794e-02	AbsError: 2.86198e+14
      Equation: "HoleContinuityEquation"	RelError: 3.66856e-02	AbsError: 5.05545e+10
      Equation: "PotentialEquation"	RelError: 7.81889e-03	AbsError: 3.28006e-05
    Region: "oxide"	RelError: 1.73609e-06	AbsError: 4.02765e-07
      Equation: "PotentialEquation"	RelError: 1.73609e-06	AbsError: 4.02765e-07
Iteration: 5
  Device: "part1_baseline"	RelError: 1.32131e-03	AbsError: 5.11588e+10
    Region: "bulk"	RelError: 1.32131e-03	AbsError: 5.11588e+10
      Equation: "ElectronContinuityEquation"	RelError: 2.13074e-05	AbsError: 5.11534e+10
      Equation: "HoleContinuityEquation"	RelError: 1.29908e-03	AbsError: 5.37643e+06
      Equation: "PotentialEquation"	RelError: 9.24022e-07	AbsError: 5.67019e-09
    Region: "oxide"	RelError: 2.24756e-10	AbsError: 5.46920e-11
      Equation: "PotentialEquation"	RelError: 2.24756e-10	AbsError: 5.46920e-11
Iteration: 6
  Device: "part1_baseline"	RelError: 2.53455e-11	AbsError: 1.57357e+03
    Region: "bulk"	RelError: 2.53455e-11	AbsError: 1.57357e+03
      Equation: "ElectronContinuityEquation"	RelError: 6.28818e-13	AbsError: 1.57343e+03
      Equation: "HoleContinuityEquation"	RelError: 2.46913e-11	AbsError: 1.43457e-01
      Equation: "PotentialEquation"	RelError: 2.53685e-14	AbsError: 1.73466e-16
    Region: "oxide"	RelError: 6.45871e-18	AbsError: 1.60755e-18
      Equation: "PotentialEquation"	RelError: 6.45871e-18	AbsError: 1.60755e-18
number of equations 8953
Iteration: 0
  Device: "part1_baseline"	RelError: 2.00459e+03	AbsError: 5.78595e+16
    Region: "bulk"	RelError: 2.00455e+03	AbsError: 5.78595e+16
      Equation: "ElectronContinuityEquation"	RelError: 9.99000e+02	AbsError: 5.73804e+16
      Equation: "HoleContinuityEquation"	RelError: 9.99000e+02	AbsError: 4.79077e+14
      Equation: "PotentialEquation"	RelError: 6.55070e+00	AbsError: 4.09542e-02
    Region: "oxide"	RelError: 3.81456e-02	AbsError: 2.47855e-02
      Equation: "PotentialEquation"	RelError: 3.81456e-02	AbsError: 2.47855e-02
Iteration: 1
  Device: "part1_baseline"	RelError: 2.16485e+00	AbsError: 9.35576e+14
    Region: "bulk"	RelError: 2.14809e+00	AbsError: 9.35576e+14
      Equation: "ElectronContinuityEquation"	RelError: 9.95912e-01	AbsError: 9.06839e+14
      Equation: "HoleContinuityEquation"	RelError: 9.98181e-01	AbsError: 2.87372e+13
      Equation: "PotentialEquation"	RelError: 1.53995e-01	AbsError: 3.07632e-02
    Region: "oxide"	RelError: 1.67631e-02	AbsError: 1.67536e-02
      Equation: "PotentialEquation"	RelError: 1.67631e-02	AbsError: 1.67536e-02
Iteration: 2
  Device: "part1_baseline"	RelError: 9.81908e-01	AbsError: 4.60776e+13
    Region: "bulk"	RelError: 9.81907e-01	AbsError: 4.60776e+13
      Equation: "ElectronContinuityEquation"	RelError: 3.18531e-01	AbsError: 4.60567e+13
      Equation: "HoleContinuityEquation"	RelError: 6.50497e-01	AbsError: 2.08507e+10
      Equation: "PotentialEquation"	RelError: 1.28797e-02	AbsError: 2.57947e-02
    Region: "oxide"	RelError: 5.38850e-07	AbsError: 1.29017e-07
      Equation: "PotentialEquation"	RelError: 5.38850e-07	AbsError: 1.29017e-07
Iteration: 3
  Device: "part1_baseline"	RelError: 1.24620e-01	AbsError: 2.12984e+14
    Region: "bulk"	RelError: 1.24619e-01	AbsError: 2.12984e+14
      Equation: "ElectronContinuityEquation"	RelError: 9.46019e-02	AbsError: 2.12959e+14
      Equation: "HoleContinuityEquation"	RelError: 2.58859e-02	AbsError: 2.49508e+10
      Equation: "PotentialEquation"	RelError: 4.13137e-03	AbsError: 9.16536e-03
    Region: "oxide"	RelError: 9.03713e-07	AbsError: 2.12963e-07
      Equation: "PotentialEquation"	RelError: 9.03713e-07	AbsError: 2.12963e-07
Iteration: 4
  Device: "part1_baseline"	RelError: 1.02950e-01	AbsError: 2.33673e+14
    Region: "bulk"	RelError: 1.02949e-01	AbsError: 2.33673e+14
      Equation: "ElectronContinuityEquation"	RelError: 6.86595e-02	AbsError: 2.33633e+14
      Equation: "HoleContinuityEquation"	RelError: 3.36107e-02	AbsError: 3.98289e+10
      Equation: "PotentialEquation"	RelError: 6.78634e-04	AbsError: 2.68177e-05
    Region: "oxide"	RelError: 1.40302e-06	AbsError: 3.34017e-07
      Equation: "PotentialEquation"	RelError: 1.40302e-06	AbsError: 3.34017e-07
Iteration: 5
  Device: "part1_baseline"	RelError: 1.61287e-03	AbsError: 3.35935e+10
    Region: "bulk"	RelError: 1.61287e-03	AbsError: 3.35935e+10
      Equation: "ElectronContinuityEquation"	RelError: 1.77327e-05	AbsError: 3.35901e+10
      Equation: "HoleContinuityEquation"	RelError: 1.59509e-03	AbsError: 3.44146e+06
      Equation: "PotentialEquation"	RelError: 4.68049e-08	AbsError: 3.72958e-09
    Region: "oxide"	RelError: 1.45736e-10	AbsError: 3.64264e-11
      Equation: "PotentialEquation"	RelError: 1.45736e-10	AbsError: 3.64264e-11
Iteration: 6
  Device: "part1_baseline"	RelError: 2.38867e-11	AbsError: 6.68750e+02
    Region: "bulk"	RelError: 2.38867e-11	AbsError: 6.68750e+02
      Equation: "ElectronContinuityEquation"	RelError: 3.29406e-13	AbsError: 6.68691e+02
      Equation: "HoleContinuityEquation"	RelError: 2.35566e-11	AbsError: 5.93630e-02
      Equation: "PotentialEquation"	RelError: 6.99966e-16	AbsError: 7.38118e-17
    Region: "oxide"	RelError: 2.70138e-18	AbsError: 6.91206e-19
      Equation: "PotentialEquation"	RelError: 2.70138e-18	AbsError: 6.91206e-19
number of equations 8953
Iteration: 0
  Device: "part1_baseline"	RelError: 2.87958e+03	AbsError: 5.91568e+16
    Region: "bulk"	RelError: 2.87954e+03	AbsError: 5.91568e+16
      Equation: "ElectronContinuityEquation"	RelError: 9.99000e+02	AbsError: 5.86931e+16
      Equation: "HoleContinuityEquation"	RelError: 9.99000e+02	AbsError: 4.63699e+14
      Equation: "PotentialEquation"	RelError: 8.81543e+02	AbsError: 4.09542e-02
    Region: "oxide"	RelError: 3.67573e-02	AbsError: 2.47861e-02
      Equation: "PotentialEquation"	RelError: 3.67573e-02	AbsError: 2.47861e-02
Iteration: 1
  Device: "part1_baseline"	RelError: 2.21411e+00	AbsError: 9.66182e+14
    Region: "bulk"	RelError: 2.19801e+00	AbsError: 9.66182e+14
      Equation: "ElectronContinuityEquation"	RelError: 9.96012e-01	AbsError: 9.40220e+14
      Equation: "HoleContinuityEquation"	RelError: 9.98234e-01	AbsError: 2.59625e+13
      Equation: "PotentialEquation"	RelError: 2.03767e-01	AbsError: 3.07632e-02
    Region: "oxide"	RelError: 1.60949e-02	AbsError: 1.67544e-02
      Equation: "PotentialEquation"	RelError: 1.60949e-02	AbsError: 1.67544e-02
Iteration: 2
  Device: "part1_baseline"	RelError: 8.98239e-01	AbsError: 4.31826e+13
    Region: "bulk"	RelError: 8.98239e-01	AbsError: 4.31826e+13
      Equation: "ElectronContinuityEquation"	RelError: 2.65671e-01	AbsError: 4.31647e+13
      Equation: "HoleContinuityEquation"	RelError: 5.92514e-01	AbsError: 1.79763e+10
      Equation: "PotentialEquation"	RelError: 4.00532e-02	AbsError: 2.57683e-02
    Region: "oxide"	RelError: 4.98726e-07	AbsError: 1.23338e-07
      Equation: "PotentialEquation"	RelError: 4.98726e-07	AbsError: 1.23338e-07
Iteration: 3
  Device: "part1_baseline"	RelError: 2.03560e-01	AbsError: 1.73020e+14
    Region: "bulk"	RelError: 2.03560e-01	AbsError: 1.73020e+14
      Equation: "ElectronContinuityEquation"	RelError: 7.75963e-02	AbsError: 1.73001e+14
      Equation: "HoleContinuityEquation"	RelError: 2.81991e-02	AbsError: 1.81515e+10
      Equation: "PotentialEquation"	RelError: 9.77642e-02	AbsError: 9.16536e-03
    Region: "oxide"	RelError: 6.70796e-07	AbsError: 1.60970e-07
      Equation: "PotentialEquation"	RelError: 6.70796e-07	AbsError: 1.60970e-07
Iteration: 4
  Device: "part1_baseline"	RelError: 2.27343e-01	AbsError: 1.90069e+14
    Region: "bulk"	RelError: 2.27342e-01	AbsError: 1.90069e+14
      Equation: "ElectronContinuityEquation"	RelError: 6.75701e-02	AbsError: 1.90037e+14
      Equation: "HoleContinuityEquation"	RelError: 3.71358e-02	AbsError: 3.16906e+10
      Equation: "PotentialEquation"	RelError: 1.22636e-01	AbsError: 2.18566e-05
    Region: "oxide"	RelError: 1.13438e-06	AbsError: 2.77134e-07
      Equation: "PotentialEquation"	RelError: 1.13438e-06	AbsError: 2.77134e-07
Iteration: 5
  Device: "part1_baseline"	RelError: 1.96797e-03	AbsError: 2.18691e+10
    Region: "bulk"	RelError: 1.96797e-03	AbsError: 2.18691e+10
      Equation: "ElectronContinuityEquation"	RelError: 1.46465e-05	AbsError: 2.18670e+10
      Equation: "HoleContinuityEquation"	RelError: 1.94788e-03	AbsError: 2.15219e+06
      Equation: "PotentialEquation"	RelError: 5.43403e-06	AbsError: 2.43198e-09
    Region: "oxide"	RelError: 9.37495e-11	AbsError: 2.40507e-11
      Equation: "PotentialEquation"	RelError: 9.37495e-11	AbsError: 2.40507e-11
Iteration: 6
  Device: "part1_baseline"	RelError: 2.11506e-11	AbsError: 2.78823e+02
    Region: "bulk"	RelError: 2.11506e-11	AbsError: 2.78823e+02
      Equation: "ElectronContinuityEquation"	RelError: 1.77666e-13	AbsError: 2.78799e+02
      Equation: "HoleContinuityEquation"	RelError: 2.09492e-11	AbsError: 2.37460e-02
      Equation: "PotentialEquation"	RelError: 2.38231e-14	AbsError: 3.08105e-17
    Region: "oxide"	RelError: 1.10863e-18	AbsError: 2.91433e-19
      Equation: "PotentialEquation"	RelError: 1.10863e-18	AbsError: 2.91433e-19
number of equations 8953
Iteration: 0
  Device: "part1_baseline"	RelError: 1.02710e+03	AbsError: 6.04930e+16
    Region: "bulk"	RelError: 1.02706e+03	AbsError: 6.04930e+16
      Equation: "ElectronContinuityEquation"	RelError: 1.10726e+01	AbsError: 6.00510e+16
      Equation: "HoleContinuityEquation"	RelError: 9.99000e+02	AbsError: 4.42026e+14
      Equation: "PotentialEquation"	RelError: 1.69893e+01	AbsError: 4.09542e-02
    Region: "oxide"	RelError: 3.54652e-02	AbsError: 2.47865e-02
      Equation: "PotentialEquation"	RelError: 3.54652e-02	AbsError: 2.47865e-02
Iteration: 1
  Device: "part1_baseline"	RelError: 1.88462e+00	AbsError: 9.97175e+14
    Region: "bulk"	RelError: 1.86914e+00	AbsError: 9.97175e+14
      Equation: "ElectronContinuityEquation"	RelError: 7.93079e-01	AbsError: 9.72723e+14
      Equation: "HoleContinuityEquation"	RelError: 9.98266e-01	AbsError: 2.44517e+13
      Equation: "PotentialEquation"	RelError: 7.77958e-02	AbsError: 3.07632e-02
    Region: "oxide"	RelError: 1.54777e-02	AbsError: 1.67549e-02
      Equation: "PotentialEquation"	RelError: 1.54777e-02	AbsError: 1.67549e-02
Iteration: 2
  Device: "part1_baseline"	RelError: 7.74669e-01	AbsError: 4.02063e+13
    Region: "bulk"	RelError: 7.74668e-01	AbsError: 4.02063e+13
      Equation: "ElectronContinuityEquation"	RelError: 2.23689e-01	AbsError: 4.01903e+13
      Equation: "HoleContinuityEquation"	RelError: 5.39243e-01	AbsError: 1.59944e+10
      Equation: "PotentialEquation"	RelError: 1.17360e-02	AbsError: 2.57425e-02
    Region: "oxide"	RelError: 4.63566e-07	AbsError: 1.18537e-07
      Equation: "PotentialEquation"	RelError: 4.63566e-07	AbsError: 1.18537e-07
Iteration: 3
  Device: "part1_baseline"	RelError: 9.76988e-02	AbsError: 1.40125e+14
    Region: "bulk"	RelError: 9.76983e-02	AbsError: 1.40125e+14
      Equation: "ElectronContinuityEquation"	RelError: 6.17940e-02	AbsError: 1.40112e+14
      Equation: "HoleContinuityEquation"	RelError: 3.21146e-02	AbsError: 1.28563e+10
      Equation: "PotentialEquation"	RelError: 3.78972e-03	AbsError: 9.16535e-03
    Region: "oxide"	RelError: 4.85765e-07	AbsError: 1.18116e-07
      Equation: "PotentialEquation"	RelError: 4.85765e-07	AbsError: 1.18116e-07
Iteration: 4
  Device: "part1_baseline"	RelError: 1.08842e-01	AbsError: 1.54112e+14
    Region: "bulk"	RelError: 1.08841e-01	AbsError: 1.54112e+14
      Equation: "ElectronContinuityEquation"	RelError: 6.46298e-02	AbsError: 1.54087e+14
      Equation: "HoleContinuityEquation"	RelError: 4.26000e-02	AbsError: 2.49324e+10
      Equation: "PotentialEquation"	RelError: 1.61147e-03	AbsError: 1.77649e-05
    Region: "oxide"	RelError: 9.18315e-07	AbsError: 2.30249e-07
      Equation: "PotentialEquation"	RelError: 9.18315e-07	AbsError: 2.30249e-07
Iteration: 5
  Device: "part1_baseline"	RelError: 2.29111e-03	AbsError: 1.41319e+10
    Region: "bulk"	RelError: 2.29111e-03	AbsError: 1.41319e+10
      Equation: "ElectronContinuityEquation"	RelError: 1.19797e-05	AbsError: 1.41306e+10
      Equation: "HoleContinuityEquation"	RelError: 2.27908e-03	AbsError: 1.37594e+06
      Equation: "PotentialEquation"	RelError: 5.72265e-08	AbsError: 1.57419e-09
    Region: "oxide"	RelError: 5.99166e-11	AbsError: 1.57645e-11
      Equation: "PotentialEquation"	RelError: 5.99166e-11	AbsError: 1.57645e-11
Iteration: 6
  Device: "part1_baseline"	RelError: 1.72296e-11	AbsError: 1.14383e+02
    Region: "bulk"	RelError: 1.72296e-11	AbsError: 1.14383e+02
      Equation: "ElectronContinuityEquation"	RelError: 9.41421e-14	AbsError: 1.14373e+02
      Equation: "HoleContinuityEquation"	RelError: 1.71353e-11	AbsError: 9.54155e-03
      Equation: "PotentialEquation"	RelError: 1.91413e-16	AbsError: 1.26550e-17
    Region: "oxide"	RelError: 4.47875e-19	AbsError: 1.20908e-19
      Equation: "PotentialEquation"	RelError: 4.47875e-19	AbsError: 1.20908e-19
number of equations 8953
Iteration: 0
  Device: "part1_baseline"	RelError: 4.23433e+03	AbsError: 6.18759e+16
    Region: "bulk"	RelError: 4.23430e+03	AbsError: 6.18759e+16
      Equation: "ElectronContinuityEquation"	RelError: 7.33564e+00	AbsError: 6.14500e+16
      Equation: "HoleContinuityEquation"	RelError: 4.15555e+03	AbsError: 4.25878e+14
      Equation: "PotentialEquation"	RelError: 7.14152e+01	AbsError: 4.09542e-02
    Region: "oxide"	RelError: 3.42596e-02	AbsError: 2.47868e-02
      Equation: "PotentialEquation"	RelError: 3.42596e-02	AbsError: 2.47868e-02
Iteration: 1
  Device: "part1_baseline"	RelError: 2.09556e+00	AbsError: 1.02599e+15
    Region: "bulk"	RelError: 2.08065e+00	AbsError: 1.02599e+15
      Equation: "ElectronContinuityEquation"	RelError: 7.31478e-01	AbsError: 1.00371e+15
      Equation: "HoleContinuityEquation"	RelError: 9.99342e-01	AbsError: 2.22849e+13
      Equation: "PotentialEquation"	RelError: 3.49834e-01	AbsError: 3.07632e-02
    Region: "oxide"	RelError: 1.49060e-02	AbsError: 1.67553e-02
      Equation: "PotentialEquation"	RelError: 1.49060e-02	AbsError: 1.67553e-02
Iteration: 2
  Device: "part1_baseline"	RelError: 6.88494e-01	AbsError: 3.77457e+13
    Region: "bulk"	RelError: 6.88494e-01	AbsError: 3.77457e+13
      Equation: "ElectronContinuityEquation"	RelError: 1.82987e-01	AbsError: 3.77313e+13
      Equation: "HoleContinuityEquation"	RelError: 4.94270e-01	AbsError: 1.44760e+10
      Equation: "PotentialEquation"	RelError: 1.12365e-02	AbsError: 2.57174e-02
    Region: "oxide"	RelError: 4.32746e-07	AbsError: 1.14522e-07
      Equation: "PotentialEquation"	RelError: 4.32746e-07	AbsError: 1.14522e-07
Iteration: 3
  Device: "part1_baseline"	RelError: 9.12120e-02	AbsError: 1.13176e+14
    Region: "bulk"	RelError: 9.12116e-02	AbsError: 1.13176e+14
      Equation: "ElectronContinuityEquation"	RelError: 5.22925e-02	AbsError: 1.13167e+14
      Equation: "HoleContinuityEquation"	RelError: 3.52799e-02	AbsError: 9.01152e+09
      Equation: "PotentialEquation"	RelError: 3.63924e-03	AbsError: 9.16535e-03
    Region: "oxide"	RelError: 3.40384e-07	AbsError: 8.28762e-08
      Equation: "PotentialEquation"	RelError: 3.40384e-07	AbsError: 8.28762e-08
Iteration: 4
  Device: "part1_baseline"	RelError: 1.07147e-01	AbsError: 1.24608e+14
    Region: "bulk"	RelError: 1.07146e-01	AbsError: 1.24608e+14
      Equation: "ElectronContinuityEquation"	RelError: 5.83276e-02	AbsError: 1.24587e+14
      Equation: "HoleContinuityEquation"	RelError: 4.71176e-02	AbsError: 2.00271e+10
      Equation: "PotentialEquation"	RelError: 1.70069e-03	AbsError: 1.44060e-05
    Region: "oxide"	RelError: 7.44942e-07	AbsError: 1.91746e-07
      Equation: "PotentialEquation"	RelError: 7.44942e-07	AbsError: 1.91746e-07
Iteration: 5
  Device: "part1_baseline"	RelError: 2.55861e-03	AbsError: 9.07504e+09
    Region: "bulk"	RelError: 2.55861e-03	AbsError: 9.07504e+09
      Equation: "ElectronContinuityEquation"	RelError: 9.63904e-06	AbsError: 9.07417e+09
      Equation: "HoleContinuityEquation"	RelError: 2.54888e-03	AbsError: 8.66761e+05
      Equation: "PotentialEquation"	RelError: 8.39454e-08	AbsError: 1.01261e-09
    Region: "oxide"	RelError: 3.80966e-11	AbsError: 1.02717e-11
      Equation: "PotentialEquation"	RelError: 3.80966e-11	AbsError: 1.02717e-11
Iteration: 6
  Device: "part1_baseline"	RelError: 1.31181e-11	AbsError: 4.62889e+01
    Region: "bulk"	RelError: 1.31181e-11	AbsError: 4.62889e+01
      Equation: "ElectronContinuityEquation"	RelError: 4.87244e-14	AbsError: 4.62851e+01
      Equation: "HoleContinuityEquation"	RelError: 1.30690e-11	AbsError: 3.79233e-03
      Equation: "PotentialEquation"	RelError: 3.84859e-16	AbsError: 5.12801e-18
    Region: "oxide"	RelError: 1.79204e-19	AbsError: 4.96267e-20
      Equation: "PotentialEquation"	RelError: 1.79204e-19	AbsError: 4.96267e-20
number of equations 8953
Iteration: 0
  Device: "part1_baseline"	RelError: 4.29291e-20	AbsError: 4.04599e-12
    Region: "bulk"	RelError: 4.29291e-20	AbsError: 4.04599e-12
      Equation: "ElectronContinuityEquation"	RelError: 4.29290e-20	AbsError: 4.04512e-12
      Equation: "HoleContinuityEquation"	RelError: 2.65119e-26	AbsError: 8.74255e-16
      Equation: "PotentialEquation"	RelError: 1.24660e-28	AbsError: 2.94414e-30
    Region: "oxide"	RelError: 6.45416e-32	AbsError: 1.78144e-32
      Equation: "PotentialEquation"	RelError: 6.45416e-32	AbsError: 1.78144e-32
number of equations 8953
Iteration: 0
  Device: "part1_baseline"	RelError: 6.42671e+01	AbsError: 9.13908e+15
    Region: "bulk"	RelError: 6.40517e+01	AbsError: 9.13908e+15
      Equation: "ElectronContinuityEquation"	RelError: 4.55620e-01	AbsError: 8.73109e+15
      Equation: "HoleContinuityEquation"	RelError: 2.32662e+00	AbsError: 4.07990e+14
      Equation: "PotentialEquation"	RelError: 6.12695e+01	AbsError: 1.81054e-02
    Region: "oxide"	RelError: 2.15399e-01	AbsError: 2.00000e-02
      Equation: "PotentialEquation"	RelError: 2.15399e-01	AbsError: 2.00000e-02
Iteration: 1
  Device: "part1_baseline"	RelError: 7.35904e-01	AbsError: 2.13475e+14
    Region: "bulk"	RelError: 7.35666e-01	AbsError: 2.13475e+14
      Equation: "ElectronContinuityEquation"	RelError: 2.06049e-01	AbsError: 1.95152e+14
      Equation: "HoleContinuityEquation"	RelError: 3.94452e-01	AbsError: 1.83223e+13
      Equation: "PotentialEquation"	RelError: 1.35165e-01	AbsError: 1.31591e-04
    Region: "oxide"	RelError: 2.38538e-04	AbsError: 5.39881e-05
      Equation: "PotentialEquation"	RelError: 2.38538e-04	AbsError: 5.39881e-05
Iteration: 2
  Device: "part1_baseline"	RelError: 1.32092e-03	AbsError: 9.24539e+10
    Region: "bulk"	RelError: 1.32089e-03	AbsError: 9.24539e+10
      Equation: "ElectronContinuityEquation"	RelError: 6.11245e-04	AbsError: 8.26638e+10
      Equation: "HoleContinuityEquation"	RelError: 7.06526e-04	AbsError: 9.79013e+09
      Equation: "PotentialEquation"	RelError: 3.11507e-06	AbsError: 2.18103e-08
    Region: "oxide"	RelError: 3.09371e-08	AbsError: 9.35063e-09
      Equation: "PotentialEquation"	RelError: 3.09371e-08	AbsError: 9.35063e-09
Iteration: 3
  Device: "part1_baseline"	RelError: 7.66455e-10	AbsError: 1.14326e+04
    Region: "bulk"	RelError: 7.66452e-10	AbsError: 1.14326e+04
      Equation: "ElectronContinuityEquation"	RelError: 4.63681e-10	AbsError: 1.01964e+04
      Equation: "HoleContinuityEquation"	RelError: 3.02335e-10	AbsError: 1.23619e+03
      Equation: "PotentialEquation"	RelError: 4.36632e-13	AbsError: 1.93858e-15
    Region: "oxide"	RelError: 2.34819e-15	AbsError: 6.55782e-16
      Equation: "PotentialEquation"	RelError: 2.34819e-15	AbsError: 6.55782e-16
number of equations 8953
Iteration: 0
  Device: "part1_baseline"	RelError: 3.10706e+01	AbsError: 9.13527e+15
    Region: "bulk"	RelError: 3.08931e+01	AbsError: 9.13527e+15
      Equation: "ElectronContinuityEquation"	RelError: 4.56719e-01	AbsError: 8.73393e+15
      Equation: "HoleContinuityEquation"	RelError: 2.33543e+00	AbsError: 4.01346e+14
      Equation: "PotentialEquation"	RelError: 2.81009e+01	AbsError: 1.81259e-02
    Region: "oxide"	RelError: 1.77509e-01	AbsError: 2.00000e-02
      Equation: "PotentialEquation"	RelError: 1.77509e-01	AbsError: 2.00000e-02
Iteration: 1
  Device: "part1_baseline"	RelError: 6.74388e-01	AbsError: 2.47126e+14
    Region: "bulk"	RelError: 6.74178e-01	AbsError: 2.47126e+14
      Equation: "ElectronContinuityEquation"	RelError: 2.06432e-01	AbsError: 2.29424e+14
      Equation: "HoleContinuityEquation"	RelError: 3.95600e-01	AbsError: 1.77026e+13
      Equation: "PotentialEquation"	RelError: 7.21461e-02	AbsError: 1.26168e-04
    Region: "oxide"	RelError: 2.09851e-04	AbsError: 6.56741e-05
      Equation: "PotentialEquation"	RelError: 2.09851e-04	AbsError: 6.56741e-05
Iteration: 2
  Device: "part1_baseline"	RelError: 1.30574e-03	AbsError: 1.15837e+11
    Region: "bulk"	RelError: 1.30570e-03	AbsError: 1.15837e+11
      Equation: "ElectronContinuityEquation"	RelError: 6.20442e-04	AbsError: 1.07027e+11
      Equation: "HoleContinuityEquation"	RelError: 6.79180e-04	AbsError: 8.81022e+09
      Equation: "PotentialEquation"	RelError: 6.07912e-06	AbsError: 2.61077e-08
    Region: "oxide"	RelError: 3.93490e-08	AbsError: 1.23145e-08
      Equation: "PotentialEquation"	RelError: 3.93490e-08	AbsError: 1.23145e-08
Iteration: 3
  Device: "part1_baseline"	RelError: 8.51996e-10	AbsError: 1.75430e+04
    Region: "bulk"	RelError: 8.51992e-10	AbsError: 1.75430e+04
      Equation: "ElectronContinuityEquation"	RelError: 4.45571e-10	AbsError: 1.65762e+04
      Equation: "HoleContinuityEquation"	RelError: 4.05957e-10	AbsError: 9.66864e+02
      Equation: "PotentialEquation"	RelError: 4.63733e-13	AbsError: 2.91835e-15
    Region: "oxide"	RelError: 3.74147e-15	AbsError: 1.11481e-15
      Equation: "PotentialEquation"	RelError: 3.74147e-15	AbsError: 1.11481e-15
number of equations 8953
Iteration: 0
  Device: "part1_baseline"	RelError: 3.66290e+01	AbsError: 9.12699e+15
    Region: "bulk"	RelError: 3.64780e+01	AbsError: 9.12699e+15
      Equation: "ElectronContinuityEquation"	RelError: 4.57196e-01	AbsError: 8.73670e+15
      Equation: "HoleContinuityEquation"	RelError: 2.34374e+00	AbsError: 3.90283e+14
      Equation: "PotentialEquation"	RelError: 3.36771e+01	AbsError: 1.81452e-02
    Region: "oxide"	RelError: 1.50986e-01	AbsError: 2.00000e-02
      Equation: "PotentialEquation"	RelError: 1.50986e-01	AbsError: 2.00000e-02
Iteration: 1
  Device: "part1_baseline"	RelError: 6.94127e-01	AbsError: 2.88913e+14
    Region: "bulk"	RelError: 6.93881e-01	AbsError: 2.88913e+14
      Equation: "ElectronContinuityEquation"	RelError: 2.06567e-01	AbsError: 2.72133e+14
      Equation: "HoleContinuityEquation"	RelError: 3.96680e-01	AbsError: 1.67802e+13
      Equation: "PotentialEquation"	RelError: 9.06341e-02	AbsError: 1.22094e-04
    Region: "oxide"	RelError: 2.45117e-04	AbsError: 7.92994e-05
      Equation: "PotentialEquation"	RelError: 2.45117e-04	AbsError: 7.92994e-05
Iteration: 2
  Device: "part1_baseline"	RelError: 1.29213e-03	AbsError: 1.48323e+11
    Region: "bulk"	RelError: 1.29208e-03	AbsError: 1.48323e+11
      Equation: "ElectronContinuityEquation"	RelError: 6.34521e-04	AbsError: 1.40306e+11
      Equation: "HoleContinuityEquation"	RelError: 6.52936e-04	AbsError: 8.01671e+09
      Equation: "PotentialEquation"	RelError: 4.62419e-06	AbsError: 3.08832e-08
    Region: "oxide"	RelError: 4.93844e-08	AbsError: 1.59767e-08
      Equation: "PotentialEquation"	RelError: 4.93844e-08	AbsError: 1.59767e-08
Iteration: 3
  Device: "part1_baseline"	RelError: 9.63865e-10	AbsError: 2.65076e+04
    Region: "bulk"	RelError: 9.63859e-10	AbsError: 2.65076e+04
      Equation: "ElectronContinuityEquation"	RelError: 4.18899e-10	AbsError: 2.55597e+04
      Equation: "HoleContinuityEquation"	RelError: 5.44424e-10	AbsError: 9.47925e+02
      Equation: "PotentialEquation"	RelError: 5.35950e-13	AbsError: 4.25596e-15
    Region: "oxide"	RelError: 6.07167e-15	AbsError: 1.89162e-15
      Equation: "PotentialEquation"	RelError: 6.07167e-15	AbsError: 1.89162e-15
number of equations 8953
Iteration: 0
  Device: "part1_baseline"	RelError: 9.04909e+01	AbsError: 9.11592e+15
    Region: "bulk"	RelError: 9.03595e+01	AbsError: 9.11592e+15
      Equation: "ElectronContinuityEquation"	RelError: 4.57392e-01	AbsError: 8.73942e+15
      Equation: "HoleContinuityEquation"	RelError: 2.35217e+00	AbsError: 3.76493e+14
      Equation: "PotentialEquation"	RelError: 8.75500e+01	AbsError: 1.81647e-02
    Region: "oxide"	RelError: 1.31377e-01	AbsError: 2.00000e-02
      Equation: "PotentialEquation"	RelError: 1.31377e-01	AbsError: 2.00000e-02
Iteration: 1
  Device: "part1_baseline"	RelError: 7.63969e-01	AbsError: 3.43491e+14
    Region: "bulk"	RelError: 7.63685e-01	AbsError: 3.43491e+14
      Equation: "ElectronContinuityEquation"	RelError: 2.06581e-01	AbsError: 3.27651e+14
      Equation: "HoleContinuityEquation"	RelError: 3.97728e-01	AbsError: 1.58396e+13
      Equation: "PotentialEquation"	RelError: 1.59375e-01	AbsError: 1.23716e-04
    Region: "oxide"	RelError: 2.84186e-04	AbsError: 9.48890e-05
      Equation: "PotentialEquation"	RelError: 2.84186e-04	AbsError: 9.48890e-05
Iteration: 2
  Device: "part1_baseline"	RelError: 1.34540e-03	AbsError: 1.91562e+11
    Region: "bulk"	RelError: 1.34534e-03	AbsError: 1.91562e+11
      Equation: "ElectronContinuityEquation"	RelError: 6.53329e-04	AbsError: 1.83732e+11
      Equation: "HoleContinuityEquation"	RelError: 6.90858e-04	AbsError: 7.82969e+09
      Equation: "PotentialEquation"	RelError: 1.15183e-06	AbsError: 3.55013e-08
    Region: "oxide"	RelError: 6.06812e-08	AbsError: 2.02613e-08
      Equation: "PotentialEquation"	RelError: 6.06812e-08	AbsError: 2.02613e-08
Iteration: 3
  Device: "part1_baseline"	RelError: 1.11757e-09	AbsError: 3.79725e+04
    Region: "bulk"	RelError: 1.11756e-09	AbsError: 3.79725e+04
      Equation: "ElectronContinuityEquation"	RelError: 3.91927e-10	AbsError: 3.70928e+04
      Equation: "HoleContinuityEquation"	RelError: 7.25276e-10	AbsError: 8.79761e+02
      Equation: "PotentialEquation"	RelError: 3.55915e-13	AbsError: 6.08270e-15
    Region: "oxide"	RelError: 1.00055e-14	AbsError: 3.17929e-15
      Equation: "PotentialEquation"	RelError: 1.00055e-14	AbsError: 3.17929e-15
number of equations 8953
Iteration: 0
  Device: "part1_baseline"	RelError: 8.47902e+02	AbsError: 9.11508e+15
    Region: "bulk"	RelError: 8.47785e+02	AbsError: 9.11508e+15
      Equation: "ElectronContinuityEquation"	RelError: 4.57455e-01	AbsError: 8.74209e+15
      Equation: "HoleContinuityEquation"	RelError: 2.36055e+00	AbsError: 3.72989e+14
      Equation: "PotentialEquation"	RelError: 8.44967e+02	AbsError: 1.81839e-02
    Region: "oxide"	RelError: 1.16289e-01	AbsError: 2.00000e-02
      Equation: "PotentialEquation"	RelError: 1.16289e-01	AbsError: 2.00000e-02
Iteration: 1
  Device: "part1_baseline"	RelError: 8.53153e-01	AbsError: 4.14894e+14
    Region: "bulk"	RelError: 8.52827e-01	AbsError: 4.14894e+14
      Equation: "ElectronContinuityEquation"	RelError: 2.06526e-01	AbsError: 3.99319e+14
      Equation: "HoleContinuityEquation"	RelError: 3.98808e-01	AbsError: 1.55747e+13
      Equation: "PotentialEquation"	RelError: 2.47492e-01	AbsError: 1.39833e-04
    Region: "oxide"	RelError: 3.26405e-04	AbsError: 1.12305e-04
      Equation: "PotentialEquation"	RelError: 3.26405e-04	AbsError: 1.12305e-04
Iteration: 2
  Device: "part1_baseline"	RelError: 1.61804e-03	AbsError: 2.39750e+11
    Region: "bulk"	RelError: 1.61797e-03	AbsError: 2.39750e+11
      Equation: "ElectronContinuityEquation"	RelError: 6.77195e-04	AbsError: 2.32423e+11
      Equation: "HoleContinuityEquation"	RelError: 7.29666e-04	AbsError: 7.32744e+09
      Equation: "PotentialEquation"	RelError: 2.11108e-04	AbsError: 3.96096e-08
    Region: "oxide"	RelError: 7.22473e-08	AbsError: 2.48578e-08
      Equation: "PotentialEquation"	RelError: 7.22473e-08	AbsError: 2.48578e-08
Iteration: 3
  Device: "part1_baseline"	RelError: 2.71429e-09	AbsError: 5.76683e+04
    Region: "bulk"	RelError: 2.71427e-09	AbsError: 5.76683e+04
      Equation: "ElectronContinuityEquation"	RelError: 3.40847e-10	AbsError: 5.68961e+04
      Equation: "HoleContinuityEquation"	RelError: 2.25247e-09	AbsError: 7.72205e+02
      Equation: "PotentialEquation"	RelError: 1.20954e-10	AbsError: 8.62964e-15
    Region: "oxide"	RelError: 1.65246e-14	AbsError: 5.21229e-15
      Equation: "PotentialEquation"	RelError: 1.65246e-14	AbsError: 5.21229e-15
number of equations 8953
Iteration: 0
  Device: "part1_baseline"	RelError: 2.99695e+01	AbsError: 9.11397e+15
    Region: "bulk"	RelError: 2.98652e+01	AbsError: 9.11397e+15
      Equation: "ElectronContinuityEquation"	RelError: 4.57449e-01	AbsError: 8.74470e+15
      Equation: "HoleContinuityEquation"	RelError: 2.36846e+00	AbsError: 3.69266e+14
      Equation: "PotentialEquation"	RelError: 2.70393e+01	AbsError: 1.82020e-02
    Region: "oxide"	RelError: 1.04316e-01	AbsError: 2.00000e-02
      Equation: "PotentialEquation"	RelError: 1.04316e-01	AbsError: 2.00000e-02
Iteration: 1
  Device: "part1_baseline"	RelError: 6.69494e-01	AbsError: 5.10971e+14
    Region: "bulk"	RelError: 6.69123e-01	AbsError: 5.10971e+14
      Equation: "ElectronContinuityEquation"	RelError: 2.06423e-01	AbsError: 4.95900e+14
      Equation: "HoleContinuityEquation"	RelError: 3.99826e-01	AbsError: 1.50711e+13
      Equation: "PotentialEquation"	RelError: 6.28738e-02	AbsError: 1.57649e-04
    Region: "oxide"	RelError: 3.70606e-04	AbsError: 1.31189e-04
      Equation: "PotentialEquation"	RelError: 3.70606e-04	AbsError: 1.31189e-04
Iteration: 2
  Device: "part1_baseline"	RelError: 1.76825e-03	AbsError: 3.10260e+11
    Region: "bulk"	RelError: 1.76817e-03	AbsError: 3.10260e+11
      Equation: "ElectronContinuityEquation"	RelError: 7.07591e-04	AbsError: 3.03635e+11
      Equation: "HoleContinuityEquation"	RelError: 1.05595e-03	AbsError: 6.62418e+09
      Equation: "PotentialEquation"	RelError: 4.63510e-06	AbsError: 4.29364e-08
    Region: "oxide"	RelError: 8.22154e-08	AbsError: 2.91030e-08
      Equation: "PotentialEquation"	RelError: 8.22154e-08	AbsError: 2.91030e-08
Iteration: 3
  Device: "part1_baseline"	RelError: 8.45340e-09	AbsError: 8.04201e+04
    Region: "bulk"	RelError: 8.45338e-09	AbsError: 8.04201e+04
      Equation: "ElectronContinuityEquation"	RelError: 2.34691e-10	AbsError: 7.98102e+04
      Equation: "HoleContinuityEquation"	RelError: 8.21758e-09	AbsError: 6.09836e+02
      Equation: "PotentialEquation"	RelError: 1.10107e-12	AbsError: 1.17185e-14
    Region: "oxide"	RelError: 2.66170e-14	AbsError: 8.13574e-15
      Equation: "PotentialEquation"	RelError: 2.66170e-14	AbsError: 8.13574e-15
number of equations 8953
Iteration: 0
  Device: "part1_baseline"	RelError: 7.66563e+01	AbsError: 9.10993e+15
    Region: "bulk"	RelError: 7.65617e+01	AbsError: 9.10993e+15
      Equation: "ElectronContinuityEquation"	RelError: 4.57401e-01	AbsError: 8.74727e+15
      Equation: "HoleContinuityEquation"	RelError: 2.37595e+00	AbsError: 3.62660e+14
      Equation: "PotentialEquation"	RelError: 7.37283e+01	AbsError: 1.82191e-02
    Region: "oxide"	RelError: 9.45839e-02	AbsError: 2.00000e-02
      Equation: "PotentialEquation"	RelError: 9.45839e-02	AbsError: 2.00000e-02
Iteration: 1
  Device: "part1_baseline"	RelError: 7.58024e-01	AbsError: 6.46801e+14
    Region: "bulk"	RelError: 7.57609e-01	AbsError: 6.46801e+14
      Equation: "ElectronContinuityEquation"	RelError: 2.06275e-01	AbsError: 6.32507e+14
      Equation: "HoleContinuityEquation"	RelError: 4.00785e-01	AbsError: 1.42931e+13
      Equation: "PotentialEquation"	RelError: 1.50548e-01	AbsError: 1.75332e-04
    Region: "oxide"	RelError: 4.15080e-04	AbsError: 1.50929e-04
      Equation: "PotentialEquation"	RelError: 4.15080e-04	AbsError: 1.50929e-04
Iteration: 2
  Device: "part1_baseline"	RelError: 3.56852e-03	AbsError: 3.83696e+11
    Region: "bulk"	RelError: 3.56842e-03	AbsError: 3.83696e+11
      Equation: "ElectronContinuityEquation"	RelError: 7.47222e-04	AbsError: 3.77840e+11
      Equation: "HoleContinuityEquation"	RelError: 2.78210e-03	AbsError: 5.85551e+09
      Equation: "PotentialEquation"	RelError: 3.90941e-05	AbsError: 4.37288e-08
    Region: "oxide"	RelError: 1.05705e-07	AbsError: 3.19286e-08
      Equation: "PotentialEquation"	RelError: 1.05705e-07	AbsError: 3.19286e-08
Iteration: 3
  Device: "part1_baseline"	RelError: 2.58987e-08	AbsError: 1.02195e+05
    Region: "bulk"	RelError: 2.58987e-08	AbsError: 1.02195e+05
      Equation: "ElectronContinuityEquation"	RelError: 3.60223e-10	AbsError: 1.01660e+05
      Equation: "HoleContinuityEquation"	RelError: 2.55339e-08	AbsError: 5.34787e+02
      Equation: "PotentialEquation"	RelError: 4.57675e-12	AbsError: 1.49945e-14
    Region: "oxide"	RelError: 3.98871e-14	AbsError: 1.22926e-14
      Equation: "PotentialEquation"	RelError: 3.98871e-14	AbsError: 1.22926e-14
number of equations 8953
Iteration: 0
  Device: "part1_baseline"	RelError: 2.49876e+01	AbsError: 9.10316e+15
    Region: "bulk"	RelError: 2.49011e+01	AbsError: 9.10316e+15
      Equation: "ElectronContinuityEquation"	RelError: 4.57319e-01	AbsError: 8.74978e+15
      Equation: "HoleContinuityEquation"	RelError: 2.38300e+00	AbsError: 3.53372e+14
      Equation: "PotentialEquation"	RelError: 2.20607e+01	AbsError: 1.82351e-02
    Region: "oxide"	RelError: 8.65142e-02	AbsError: 2.00000e-02
      Equation: "PotentialEquation"	RelError: 8.65142e-02	AbsError: 2.00000e-02
Iteration: 1
  Device: "part1_baseline"	RelError: 6.57796e-01	AbsError: 8.50095e+14
    Region: "bulk"	RelError: 6.57339e-01	AbsError: 8.50095e+14
      Equation: "ElectronContinuityEquation"	RelError: 2.06073e-01	AbsError: 8.36663e+14
      Equation: "HoleContinuityEquation"	RelError: 4.01687e-01	AbsError: 1.34322e+13
      Equation: "PotentialEquation"	RelError: 4.95782e-02	AbsError: 1.93352e-04
    Region: "oxide"	RelError: 4.57633e-04	AbsError: 1.70659e-04
      Equation: "PotentialEquation"	RelError: 4.57633e-04	AbsError: 1.70659e-04
Iteration: 2
  Device: "part1_baseline"	RelError: 6.72559e-03	AbsError: 4.68773e+11
    Region: "bulk"	RelError: 6.72542e-03	AbsError: 4.68773e+11
      Equation: "ElectronContinuityEquation"	RelError: 7.96802e-04	AbsError: 4.62962e+11
      Equation: "HoleContinuityEquation"	RelError: 5.91154e-03	AbsError: 5.81071e+09
      Equation: "PotentialEquation"	RelError: 1.70786e-05	AbsError: 5.80556e-08
    Region: "oxide"	RelError: 1.69418e-07	AbsError: 4.89948e-08
      Equation: "PotentialEquation"	RelError: 1.69418e-07	AbsError: 4.89948e-08
Iteration: 3
  Device: "part1_baseline"	RelError: 6.64583e-08	AbsError: 1.38380e+05
    Region: "bulk"	RelError: 6.64583e-08	AbsError: 1.38380e+05
      Equation: "ElectronContinuityEquation"	RelError: 6.67574e-10	AbsError: 1.37885e+05
      Equation: "HoleContinuityEquation"	RelError: 6.57842e-08	AbsError: 4.94855e+02
      Equation: "PotentialEquation"	RelError: 6.48364e-12	AbsError: 2.00464e-14
    Region: "oxide"	RelError: 5.13692e-14	AbsError: 1.64972e-14
      Equation: "PotentialEquation"	RelError: 5.13692e-14	AbsError: 1.64972e-14
number of equations 8953
Iteration: 0
  Device: "part1_baseline"	RelError: 3.35388e+01	AbsError: 9.09395e+15
    Region: "bulk"	RelError: 3.34591e+01	AbsError: 9.09395e+15
      Equation: "ElectronContinuityEquation"	RelError: 4.57197e-01	AbsError: 8.75225e+15
      Equation: "HoleContinuityEquation"	RelError: 2.39013e+00	AbsError: 3.41702e+14
      Equation: "PotentialEquation"	RelError: 3.06118e+01	AbsError: 1.82511e-02
    Region: "oxide"	RelError: 7.97123e-02	AbsError: 2.00000e-02
      Equation: "PotentialEquation"	RelError: 7.97123e-02	AbsError: 2.00000e-02
Iteration: 1
  Device: "part1_baseline"	RelError: 6.52606e-01	AbsError: 1.09100e+15
    Region: "bulk"	RelError: 6.52110e-01	AbsError: 1.09100e+15
      Equation: "ElectronContinuityEquation"	RelError: 2.05794e-01	AbsError: 1.07769e+15
      Equation: "HoleContinuityEquation"	RelError: 4.02569e-01	AbsError: 1.33141e+13
      Equation: "PotentialEquation"	RelError: 4.37468e-02	AbsError: 2.09199e-04
    Region: "oxide"	RelError: 4.95769e-04	AbsError: 1.89311e-04
      Equation: "PotentialEquation"	RelError: 4.95769e-04	AbsError: 1.89311e-04
Iteration: 2
  Device: "part1_baseline"	RelError: 1.10809e-02	AbsError: 5.40687e+11
    Region: "bulk"	RelError: 1.10806e-02	AbsError: 5.40687e+11
      Equation: "ElectronContinuityEquation"	RelError: 8.59420e-04	AbsError: 5.35177e+11
      Equation: "HoleContinuityEquation"	RelError: 1.01380e-02	AbsError: 5.51038e+09
      Equation: "PotentialEquation"	RelError: 8.31750e-05	AbsError: 8.86146e-08
    Region: "oxide"	RelError: 2.50142e-07	AbsError: 7.60397e-08
      Equation: "PotentialEquation"	RelError: 2.50142e-07	AbsError: 7.60397e-08
Iteration: 3
  Device: "part1_baseline"	RelError: 1.42612e-07	AbsError: 1.59131e+05
    Region: "bulk"	RelError: 1.42611e-07	AbsError: 1.59131e+05
      Equation: "ElectronContinuityEquation"	RelError: 1.14701e-09	AbsError: 1.58672e+05
      Equation: "HoleContinuityEquation"	RelError: 1.41433e-07	AbsError: 4.58502e+02
      Equation: "PotentialEquation"	RelError: 3.13146e-11	AbsError: 2.78359e-14
    Region: "oxide"	RelError: 8.79118e-14	AbsError: 2.29093e-14
      Equation: "PotentialEquation"	RelError: 8.79118e-14	AbsError: 2.29093e-14
number of equations 8953
Iteration: 0
  Device: "part1_baseline"	RelError: 7.12547e+01	AbsError: 9.09143e+15
    Region: "bulk"	RelError: 7.11808e+01	AbsError: 9.09143e+15
      Equation: "ElectronContinuityEquation"	RelError: 4.57021e-01	AbsError: 8.75466e+15
      Equation: "HoleContinuityEquation"	RelError: 2.39680e+00	AbsError: 3.36764e+14
      Equation: "PotentialEquation"	RelError: 6.83269e+01	AbsError: 1.82661e-02
    Region: "oxide"	RelError: 7.38976e-02	AbsError: 2.00000e-02
      Equation: "PotentialEquation"	RelError: 7.38976e-02	AbsError: 2.00000e-02
Iteration: 1
  Device: "part1_baseline"	RelError: 8.12562e-01	AbsError: 1.36060e+15
    Region: "bulk"	RelError: 8.12035e-01	AbsError: 1.36060e+15
      Equation: "ElectronContinuityEquation"	RelError: 2.05396e-01	AbsError: 1.34757e+15
      Equation: "HoleContinuityEquation"	RelError: 4.03428e-01	AbsError: 1.30285e+13
      Equation: "PotentialEquation"	RelError: 2.03211e-01	AbsError: 2.23912e-04
    Region: "oxide"	RelError: 5.26950e-04	AbsError: 2.05715e-04
      Equation: "PotentialEquation"	RelError: 5.26950e-04	AbsError: 2.05715e-04
Iteration: 2
  Device: "part1_baseline"	RelError: 1.66155e-02	AbsError: 6.01098e+11
    Region: "bulk"	RelError: 1.66152e-02	AbsError: 6.01098e+11
      Equation: "ElectronContinuityEquation"	RelError: 9.38617e-04	AbsError: 5.96059e+11
      Equation: "HoleContinuityEquation"	RelError: 1.56218e-02	AbsError: 5.03900e+09
      Equation: "PotentialEquation"	RelError: 5.47269e-05	AbsError: 1.23787e-07
    Region: "oxide"	RelError: 3.56424e-07	AbsError: 1.07079e-07
      Equation: "PotentialEquation"	RelError: 3.56424e-07	AbsError: 1.07079e-07
Iteration: 3
  Device: "part1_baseline"	RelError: 2.71334e-07	AbsError: 2.52771e+05
    Region: "bulk"	RelError: 2.71334e-07	AbsError: 2.52771e+05
      Equation: "ElectronContinuityEquation"	RelError: 1.86125e-09	AbsError: 2.51923e+05
      Equation: "HoleContinuityEquation"	RelError: 2.69418e-07	AbsError: 8.47781e+02
      Equation: "PotentialEquation"	RelError: 5.46482e-11	AbsError: 6.41128e-14
    Region: "oxide"	RelError: 2.02852e-13	AbsError: 5.45301e-14
      Equation: "PotentialEquation"	RelError: 2.02852e-13	AbsError: 5.45301e-14
number of equations 8953
Iteration: 0
  Device: "part1_baseline"	RelError: 9.44320e+00	AbsError: 1.17256e+16
    Region: "bulk"	RelError: 9.37433e+00	AbsError: 1.17256e+16
      Equation: "ElectronContinuityEquation"	RelError: 4.56759e-01	AbsError: 1.13914e+16
      Equation: "HoleContinuityEquation"	RelError: 2.40267e+00	AbsError: 3.34244e+14
      Equation: "PotentialEquation"	RelError: 6.51491e+00	AbsError: 1.82793e-02
    Region: "oxide"	RelError: 6.88635e-02	AbsError: 2.00000e-02
      Equation: "PotentialEquation"	RelError: 6.88635e-02	AbsError: 2.00000e-02
Iteration: 1
  Device: "part1_baseline"	RelError: 6.27046e-01	AbsError: 1.64599e+15
    Region: "bulk"	RelError: 6.26470e-01	AbsError: 1.64599e+15
      Equation: "ElectronContinuityEquation"	RelError: 2.04803e-01	AbsError: 1.63341e+15
      Equation: "HoleContinuityEquation"	RelError: 4.04194e-01	AbsError: 1.25819e+13
      Equation: "PotentialEquation"	RelError: 1.74728e-02	AbsError: 2.34583e-04
    Region: "oxide"	RelError: 5.75891e-04	AbsError: 2.18714e-04
      Equation: "PotentialEquation"	RelError: 5.75891e-04	AbsError: 2.18714e-04
Iteration: 2
  Device: "part1_baseline"	RelError: 2.18316e-02	AbsError: 7.16983e+11
    Region: "bulk"	RelError: 2.18311e-02	AbsError: 7.16983e+11
      Equation: "ElectronContinuityEquation"	RelError: 1.03703e-03	AbsError: 7.12708e+11
      Equation: "HoleContinuityEquation"	RelError: 2.07670e-02	AbsError: 4.27501e+09
      Equation: "PotentialEquation"	RelError: 2.70571e-05	AbsError: 1.83930e-07
    Region: "oxide"	RelError: 5.13516e-07	AbsError: 1.61603e-07
      Equation: "PotentialEquation"	RelError: 5.13516e-07	AbsError: 1.61603e-07
Iteration: 3
  Device: "part1_baseline"	RelError: 4.67876e-07	AbsError: 5.48921e+05
    Region: "bulk"	RelError: 4.67876e-07	AbsError: 5.48921e+05
      Equation: "ElectronContinuityEquation"	RelError: 2.94792e-09	AbsError: 5.47133e+05
      Equation: "HoleContinuityEquation"	RelError: 4.64905e-07	AbsError: 1.78839e+03
      Equation: "PotentialEquation"	RelError: 2.34195e-11	AbsError: 1.70544e-13
    Region: "oxide"	RelError: 4.69703e-13	AbsError: 1.47815e-13
      Equation: "PotentialEquation"	RelError: 4.69703e-13	AbsError: 1.47815e-13
number of equations 8953
Iteration: 0
  Device: "part1_baseline"	RelError: 1.28088e+02	AbsError: 1.50851e+16
    Region: "bulk"	RelError: 1.28024e+02	AbsError: 1.50851e+16
      Equation: "ElectronContinuityEquation"	RelError: 4.56351e-01	AbsError: 1.47546e+16
      Equation: "HoleContinuityEquation"	RelError: 2.40731e+00	AbsError: 3.30527e+14
      Equation: "PotentialEquation"	RelError: 1.25160e+02	AbsError: 1.82897e-02
    Region: "oxide"	RelError: 6.44521e-02	AbsError: 2.00000e-02
      Equation: "PotentialEquation"	RelError: 6.44521e-02	AbsError: 2.00000e-02
Iteration: 1
  Device: "part1_baseline"	RelError: 7.03751e-01	AbsError: 1.93048e+15
    Region: "bulk"	RelError: 7.03070e-01	AbsError: 1.93048e+15
      Equation: "ElectronContinuityEquation"	RelError: 2.03882e-01	AbsError: 1.91848e+15
      Equation: "HoleContinuityEquation"	RelError: 4.04827e-01	AbsError: 1.19937e+13
      Equation: "PotentialEquation"	RelError: 9.43615e-02	AbsError: 2.81967e-04
    Region: "oxide"	RelError: 6.80199e-04	AbsError: 2.51545e-04
      Equation: "PotentialEquation"	RelError: 6.80199e-04	AbsError: 2.51545e-04
Iteration: 2
  Device: "part1_baseline"	RelError: 2.71123e-02	AbsError: 1.11048e+12
    Region: "bulk"	RelError: 2.71116e-02	AbsError: 1.11048e+12
      Equation: "ElectronContinuityEquation"	RelError: 1.15282e-03	AbsError: 1.10703e+12
      Equation: "HoleContinuityEquation"	RelError: 2.51368e-02	AbsError: 3.45164e+09
      Equation: "PotentialEquation"	RelError: 8.21982e-04	AbsError: 2.71813e-07
    Region: "oxide"	RelError: 7.58101e-07	AbsError: 2.40735e-07
      Equation: "PotentialEquation"	RelError: 7.58101e-07	AbsError: 2.40735e-07
Iteration: 3
  Device: "part1_baseline"	RelError: 7.35497e-07	AbsError: 1.59228e+06
    Region: "bulk"	RelError: 7.35496e-07	AbsError: 1.59228e+06
      Equation: "ElectronContinuityEquation"	RelError: 4.89497e-09	AbsError: 1.58894e+06
      Equation: "HoleContinuityEquation"	RelError: 7.29400e-07	AbsError: 3.33742e+03
      Equation: "PotentialEquation"	RelError: 1.20031e-09	AbsError: 5.06460e-13
    Region: "oxide"	RelError: 1.34360e-12	AbsError: 4.43558e-13
      Equation: "PotentialEquation"	RelError: 1.34360e-12	AbsError: 4.43558e-13
number of equations 8953
Iteration: 0
  Device: "part1_baseline"	RelError: 9.38420e+00	AbsError: 1.90080e+16
    Region: "bulk"	RelError: 9.32366e+00	AbsError: 1.90080e+16
      Equation: "ElectronContinuityEquation"	RelError: 4.55687e-01	AbsError: 1.86840e+16
      Equation: "HoleContinuityEquation"	RelError: 2.40990e+00	AbsError: 3.24029e+14
      Equation: "PotentialEquation"	RelError: 6.45808e+00	AbsError: 1.82954e-02
    Region: "oxide"	RelError: 6.05360e-02	AbsError: 2.00000e-02
      Equation: "PotentialEquation"	RelError: 6.05360e-02	AbsError: 2.00000e-02
Iteration: 1
  Device: "part1_baseline"	RelError: 6.35799e-01	AbsError: 2.19712e+15
    Region: "bulk"	RelError: 6.35014e-01	AbsError: 2.19712e+15
      Equation: "ElectronContinuityEquation"	RelError: 2.02402e-01	AbsError: 2.18577e+15
      Equation: "HoleContinuityEquation"	RelError: 4.05243e-01	AbsError: 1.13474e+13
      Equation: "PotentialEquation"	RelError: 2.73685e-02	AbsError: 3.30548e-04
    Region: "oxide"	RelError: 7.85559e-04	AbsError: 2.99129e-04
      Equation: "PotentialEquation"	RelError: 7.85559e-04	AbsError: 2.99129e-04
Iteration: 2
  Device: "part1_baseline"	RelError: 2.94494e-02	AbsError: 1.72493e+12
    Region: "bulk"	RelError: 2.94483e-02	AbsError: 1.72493e+12
      Equation: "ElectronContinuityEquation"	RelError: 1.27330e-03	AbsError: 1.72020e+12
      Equation: "HoleContinuityEquation"	RelError: 2.80775e-02	AbsError: 4.73342e+09
      Equation: "PotentialEquation"	RelError: 9.74743e-05	AbsError: 4.09865e-07
    Region: "oxide"	RelError: 1.12563e-06	AbsError: 3.65549e-07
      Equation: "PotentialEquation"	RelError: 1.12563e-06	AbsError: 3.65549e-07
Iteration: 3
  Device: "part1_baseline"	RelError: 1.04587e-06	AbsError: 4.52536e+06
    Region: "bulk"	RelError: 1.04586e-06	AbsError: 4.52536e+06
      Equation: "ElectronContinuityEquation"	RelError: 7.92461e-09	AbsError: 4.52038e+06
      Equation: "HoleContinuityEquation"	RelError: 1.03776e-06	AbsError: 4.97942e+03
      Equation: "PotentialEquation"	RelError: 1.78283e-10	AbsError: 1.41134e-12
    Region: "oxide"	RelError: 3.83014e-12	AbsError: 1.24385e-12
      Equation: "PotentialEquation"	RelError: 3.83014e-12	AbsError: 1.24385e-12
Iteration: 4
  Device: "part1_baseline"	RelError: 2.55545e-17	AbsError: 5.53505e-05
    Region: "bulk"	RelError: 2.55545e-17	AbsError: 5.53505e-05
      Equation: "ElectronContinuityEquation"	RelError: 6.57516e-20	AbsError: 5.52651e-05
      Equation: "HoleContinuityEquation"	RelError: 2.54871e-17	AbsError: 8.54171e-08
      Equation: "PotentialEquation"	RelError: 1.66790e-21	AbsError: 1.34642e-23
    Region: "oxide"	RelError: 3.64646e-23	AbsError: 1.21644e-23
      Equation: "PotentialEquation"	RelError: 3.64646e-23	AbsError: 1.21644e-23
number of equations 8953
Iteration: 0
  Device: "part1_baseline"	RelError: 4.27345e+01	AbsError: 2.34546e+16
    Region: "bulk"	RelError: 4.26775e+01	AbsError: 2.34546e+16
      Equation: "ElectronContinuityEquation"	RelError: 4.54570e-01	AbsError: 2.31393e+16
      Equation: "HoleContinuityEquation"	RelError: 2.40882e+00	AbsError: 3.15334e+14
      Equation: "PotentialEquation"	RelError: 3.98141e+01	AbsError: 1.82930e-02
    Region: "oxide"	RelError: 5.70039e-02	AbsError: 2.00000e-02
      Equation: "PotentialEquation"	RelError: 5.70039e-02	AbsError: 2.00000e-02
Iteration: 1
  Device: "part1_baseline"	RelError: 6.69227e-01	AbsError: 2.43419e+15
    Region: "bulk"	RelError: 6.68317e-01	AbsError: 2.43419e+15
      Equation: "ElectronContinuityEquation"	RelError: 1.99976e-01	AbsError: 2.42271e+15
      Equation: "HoleContinuityEquation"	RelError: 4.05277e-01	AbsError: 1.14798e+13
      Equation: "PotentialEquation"	RelError: 6.30640e-02	AbsError: 3.80277e-04
    Region: "oxide"	RelError: 9.09717e-04	AbsError: 3.42336e-04
      Equation: "PotentialEquation"	RelError: 9.09717e-04	AbsError: 3.42336e-04
Iteration: 2
  Device: "part1_baseline"	RelError: 3.14184e-02	AbsError: 2.63573e+12
    Region: "bulk"	RelError: 3.14168e-02	AbsError: 2.63573e+12
      Equation: "ElectronContinuityEquation"	RelError: 1.36981e-03	AbsError: 2.62894e+12
      Equation: "HoleContinuityEquation"	RelError: 2.94227e-02	AbsError: 6.79938e+09
      Equation: "PotentialEquation"	RelError: 6.24236e-04	AbsError: 6.11714e-07
    Region: "oxide"	RelError: 1.65242e-06	AbsError: 5.45414e-07
      Equation: "PotentialEquation"	RelError: 1.65242e-06	AbsError: 5.45414e-07
Iteration: 3
  Device: "part1_baseline"	RelError: 1.33785e-06	AbsError: 1.21899e+07
    Region: "bulk"	RelError: 1.33784e-06	AbsError: 1.21899e+07
      Equation: "ElectronContinuityEquation"	RelError: 1.20985e-08	AbsError: 1.21670e+07
      Equation: "HoleContinuityEquation"	RelError: 1.32460e-06	AbsError: 2.29426e+04
      Equation: "PotentialEquation"	RelError: 1.13665e-09	AbsError: 3.76510e-12
    Region: "oxide"	RelError: 9.97021e-12	AbsError: 3.33862e-12
      Equation: "PotentialEquation"	RelError: 9.97021e-12	AbsError: 3.33862e-12
Iteration: 4
  Device: "part1_baseline"	RelError: 3.12529e-17	AbsError: 4.60300e-04
    Region: "bulk"	RelError: 3.12526e-17	AbsError: 4.60300e-04
      Equation: "ElectronContinuityEquation"	RelError: 2.17314e-19	AbsError: 4.59880e-04
      Equation: "HoleContinuityEquation"	RelError: 3.09609e-17	AbsError: 4.19904e-07
      Equation: "PotentialEquation"	RelError: 7.43411e-20	AbsError: 1.15700e-22
    Region: "oxide"	RelError: 3.12403e-22	AbsError: 1.04611e-22
      Equation: "PotentialEquation"	RelError: 3.12403e-22	AbsError: 1.04611e-22
number of equations 8953
Iteration: 0
  Device: "part1_baseline"	RelError: 1.80084e+01	AbsError: 2.83615e+16
    Region: "bulk"	RelError: 1.79546e+01	AbsError: 2.83615e+16
      Equation: "ElectronContinuityEquation"	RelError: 4.52663e-01	AbsError: 2.80574e+16
      Equation: "HoleContinuityEquation"	RelError: 2.40112e+00	AbsError: 3.04078e+14
      Equation: "PotentialEquation"	RelError: 1.51008e+01	AbsError: 1.82758e-02
    Region: "oxide"	RelError: 5.37625e-02	AbsError: 2.00000e-02
      Equation: "PotentialEquation"	RelError: 5.37625e-02	AbsError: 2.00000e-02
Iteration: 1
  Device: "part1_baseline"	RelError: 6.49339e-01	AbsError: 2.63667e+15
    Region: "bulk"	RelError: 6.48261e-01	AbsError: 2.63667e+15
      Equation: "ElectronContinuityEquation"	RelError: 1.95987e-01	AbsError: 2.62506e+15
      Equation: "HoleContinuityEquation"	RelError: 4.04617e-01	AbsError: 1.16092e+13
      Equation: "PotentialEquation"	RelError: 4.76566e-02	AbsError: 4.60453e-04
    Region: "oxide"	RelError: 1.07890e-03	AbsError: 4.15736e-04
      Equation: "PotentialEquation"	RelError: 1.07890e-03	AbsError: 4.15736e-04
Iteration: 2
  Device: "part1_baseline"	RelError: 3.07042e-02	AbsError: 3.84313e+12
    Region: "bulk"	RelError: 3.07019e-02	AbsError: 3.84313e+12
      Equation: "ElectronContinuityEquation"	RelError: 1.39203e-03	AbsError: 3.83379e+12
      Equation: "HoleContinuityEquation"	RelError: 2.91435e-02	AbsError: 9.34051e+09
      Equation: "PotentialEquation"	RelError: 1.66365e-04	AbsError: 8.65500e-07
    Region: "oxide"	RelError: 2.27111e-06	AbsError: 7.74392e-07
      Equation: "PotentialEquation"	RelError: 2.27111e-06	AbsError: 7.74392e-07
Iteration: 3
  Device: "part1_baseline"	RelError: 1.46176e-06	AbsError: 2.74857e+07
    Region: "bulk"	RelError: 1.46174e-06	AbsError: 2.74857e+07
      Equation: "ElectronContinuityEquation"	RelError: 1.66350e-08	AbsError: 2.74169e+07
      Equation: "HoleContinuityEquation"	RelError: 1.44407e-06	AbsError: 6.87671e+04
      Equation: "PotentialEquation"	RelError: 1.04227e-09	AbsError: 8.26032e-12
    Region: "oxide"	RelError: 2.13459e-11	AbsError: 7.33305e-12
      Equation: "PotentialEquation"	RelError: 2.13459e-11	AbsError: 7.33305e-12
Iteration: 4
  Device: "part1_baseline"	RelError: 1.90758e-17	AbsError: 2.83248e-03
    Region: "bulk"	RelError: 1.90738e-17	AbsError: 2.83248e-03
      Equation: "ElectronContinuityEquation"	RelError: 9.90785e-19	AbsError: 2.82847e-03
      Equation: "HoleContinuityEquation"	RelError: 1.80082e-17	AbsError: 4.01548e-06
      Equation: "PotentialEquation"	RelError: 7.48094e-20	AbsError: 7.46684e-22
    Region: "oxide"	RelError: 1.95074e-21	AbsError: 6.70149e-22
      Equation: "PotentialEquation"	RelError: 1.95074e-21	AbsError: 6.70149e-22
number of equations 8953
Iteration: 0
  Device: "part1_baseline"	RelError: 6.30070e+02	AbsError: 3.36632e+16
    Region: "bulk"	RelError: 6.30019e+02	AbsError: 3.36632e+16
      Equation: "ElectronContinuityEquation"	RelError: 4.49420e-01	AbsError: 3.33699e+16
      Equation: "HoleContinuityEquation"	RelError: 2.38480e+00	AbsError: 2.93281e+14
      Equation: "PotentialEquation"	RelError: 6.27185e+02	AbsError: 1.82392e-02
    Region: "oxide"	RelError: 5.07050e-02	AbsError: 2.00000e-02
      Equation: "PotentialEquation"	RelError: 5.07050e-02	AbsError: 2.00000e-02
Iteration: 1
  Device: "part1_baseline"	RelError: 1.49886e+00	AbsError: 2.80902e+15
    Region: "bulk"	RelError: 1.49760e+00	AbsError: 2.80902e+15
      Equation: "ElectronContinuityEquation"	RelError: 1.89563e-01	AbsError: 2.79729e+15
      Equation: "HoleContinuityEquation"	RelError: 4.02972e-01	AbsError: 1.17273e+13
      Equation: "PotentialEquation"	RelError: 9.05066e-01	AbsError: 5.39056e-04
    Region: "oxide"	RelError: 1.25534e-03	AbsError: 4.85192e-04
      Equation: "PotentialEquation"	RelError: 1.25534e-03	AbsError: 4.85192e-04
Iteration: 2
  Device: "part1_baseline"	RelError: 3.14566e-02	AbsError: 4.93273e+12
    Region: "bulk"	RelError: 3.14539e-02	AbsError: 4.93273e+12
      Equation: "ElectronContinuityEquation"	RelError: 1.28247e-03	AbsError: 4.92178e+12
      Equation: "HoleContinuityEquation"	RelError: 2.72363e-02	AbsError: 1.09548e+10
      Equation: "PotentialEquation"	RelError: 2.93518e-03	AbsError: 1.11285e-06
    Region: "oxide"	RelError: 2.70753e-06	AbsError: 9.88780e-07
      Equation: "PotentialEquation"	RelError: 2.70753e-06	AbsError: 9.88780e-07
Iteration: 3
  Device: "part1_baseline"	RelError: 1.32210e-06	AbsError: 4.15376e+07
    Region: "bulk"	RelError: 1.32207e-06	AbsError: 4.15376e+07
      Equation: "ElectronContinuityEquation"	RelError: 1.93529e-08	AbsError: 4.14231e+07
      Equation: "HoleContinuityEquation"	RelError: 1.27169e-06	AbsError: 1.14523e+05
      Equation: "PotentialEquation"	RelError: 3.10260e-08	AbsError: 1.23393e-11
    Region: "oxide"	RelError: 3.08542e-11	AbsError: 1.09403e-11
      Equation: "PotentialEquation"	RelError: 3.08542e-11	AbsError: 1.09403e-11
Iteration: 4
  Device: "part1_baseline"	RelError: 1.19272e-17	AbsError: 7.30424e-03
    Region: "bulk"	RelError: 1.19223e-17	AbsError: 7.30424e-03
      Equation: "ElectronContinuityEquation"	RelError: 2.33428e-18	AbsError: 7.28936e-03
      Equation: "HoleContinuityEquation"	RelError: 5.13471e-18	AbsError: 1.48710e-05
      Equation: "PotentialEquation"	RelError: 4.45332e-18	AbsError: 1.93025e-21
    Region: "oxide"	RelError: 4.87087e-21	AbsError: 1.72494e-21
      Equation: "PotentialEquation"	RelError: 4.87087e-21	AbsError: 1.72494e-21
number of equations 8953
Iteration: 0
  Device: "part1_baseline"	RelError: 1.51622e+02	AbsError: 3.93073e+16
    Region: "bulk"	RelError: 1.51574e+02	AbsError: 3.93073e+16
      Equation: "ElectronContinuityEquation"	RelError: 4.44060e-01	AbsError: 3.90192e+16
      Equation: "HoleContinuityEquation"	RelError: 2.35506e+00	AbsError: 2.88076e+14
      Equation: "PotentialEquation"	RelError: 1.48775e+02	AbsError: 1.81719e-02
    Region: "oxide"	RelError: 4.77544e-02	AbsError: 2.00000e-02
      Equation: "PotentialEquation"	RelError: 4.77544e-02	AbsError: 2.00000e-02
Iteration: 1
  Device: "part1_baseline"	RelError: 2.35125e+00	AbsError: 3.01596e+15
    Region: "bulk"	RelError: 2.34983e+00	AbsError: 3.01596e+15
      Equation: "ElectronContinuityEquation"	RelError: 1.79743e-01	AbsError: 3.00425e+15
      Equation: "HoleContinuityEquation"	RelError: 3.99751e-01	AbsError: 1.17056e+13
      Equation: "PotentialEquation"	RelError: 1.77033e+00	AbsError: 6.18721e-04
    Region: "oxide"	RelError: 1.42329e-03	AbsError: 5.57418e-04
      Equation: "PotentialEquation"	RelError: 1.42329e-03	AbsError: 5.57418e-04
Iteration: 2
  Device: "part1_baseline"	RelError: 2.97945e-02	AbsError: 5.84731e+12
    Region: "bulk"	RelError: 2.97905e-02	AbsError: 5.84731e+12
      Equation: "ElectronContinuityEquation"	RelError: 1.01773e-03	AbsError: 5.83856e+12
      Equation: "HoleContinuityEquation"	RelError: 2.33710e-02	AbsError: 8.74231e+09
      Equation: "PotentialEquation"	RelError: 5.40171e-03	AbsError: 1.82085e-06
    Region: "oxide"	RelError: 4.04209e-06	AbsError: 1.61026e-06
      Equation: "PotentialEquation"	RelError: 4.04209e-06	AbsError: 1.61026e-06
Iteration: 3
  Device: "part1_baseline"	RelError: 8.63052e-07	AbsError: 8.75417e+07
    Region: "bulk"	RelError: 8.63009e-07	AbsError: 8.75417e+07
      Equation: "ElectronContinuityEquation"	RelError: 1.82015e-08	AbsError: 8.75039e+07
      Equation: "HoleContinuityEquation"	RelError: 8.29046e-07	AbsError: 3.78068e+04
      Equation: "PotentialEquation"	RelError: 1.57609e-08	AbsError: 1.90526e-11
    Region: "oxide"	RelError: 4.35092e-11	AbsError: 1.73329e-11
      Equation: "PotentialEquation"	RelError: 4.35092e-11	AbsError: 1.73329e-11
number of equations 8953
Iteration: 0
  Device: "part1_baseline"	RelError: 1.65998e+01	AbsError: 4.52445e+16
    Region: "bulk"	RelError: 1.65549e+01	AbsError: 4.52445e+16
      Equation: "ElectronContinuityEquation"	RelError: 4.35683e-01	AbsError: 4.49658e+16
      Equation: "HoleContinuityEquation"	RelError: 2.30893e+00	AbsError: 2.78669e+14
      Equation: "PotentialEquation"	RelError: 1.38103e+01	AbsError: 1.80693e-02
    Region: "oxide"	RelError: 4.48574e-02	AbsError: 2.00000e-02
      Equation: "PotentialEquation"	RelError: 4.48574e-02	AbsError: 2.00000e-02
Iteration: 1
  Device: "part1_baseline"	RelError: 1.05393e+00	AbsError: 3.38595e+15
    Region: "bulk"	RelError: 1.05237e+00	AbsError: 3.38595e+15
      Equation: "ElectronContinuityEquation"	RelError: 1.65990e-01	AbsError: 3.37427e+15
      Equation: "HoleContinuityEquation"	RelError: 3.94482e-01	AbsError: 1.16805e+13
      Equation: "PotentialEquation"	RelError: 4.91902e-01	AbsError: 6.85423e-04
    Region: "oxide"	RelError: 1.55157e-03	AbsError: 6.19389e-04
      Equation: "PotentialEquation"	RelError: 1.55157e-03	AbsError: 6.19389e-04
Iteration: 2
  Device: "part1_baseline"	RelError: 1.96372e-02	AbsError: 7.45412e+12
    Region: "bulk"	RelError: 1.96315e-02	AbsError: 7.45412e+12
      Equation: "ElectronContinuityEquation"	RelError: 7.19254e-04	AbsError: 7.44205e+12
      Equation: "HoleContinuityEquation"	RelError: 1.79756e-02	AbsError: 1.20781e+10
      Equation: "PotentialEquation"	RelError: 9.36700e-04	AbsError: 2.57463e-06
    Region: "oxide"	RelError: 5.66918e-06	AbsError: 2.26317e-06
      Equation: "PotentialEquation"	RelError: 5.66918e-06	AbsError: 2.26317e-06
Iteration: 3
  Device: "part1_baseline"	RelError: 3.83409e-07	AbsError: 1.64273e+08
    Region: "bulk"	RelError: 3.83315e-07	AbsError: 1.64273e+08
      Equation: "ElectronContinuityEquation"	RelError: 1.33418e-08	AbsError: 1.64091e+08
      Equation: "HoleContinuityEquation"	RelError: 3.48592e-07	AbsError: 1.81749e+05
      Equation: "PotentialEquation"	RelError: 2.13816e-08	AbsError: 4.18998e-11
    Region: "oxide"	RelError: 9.37688e-11	AbsError: 3.78465e-11
      Equation: "PotentialEquation"	RelError: 9.37688e-11	AbsError: 3.78465e-11
number of equations 8953
Iteration: 0
  Device: "part1_baseline"	RelError: 8.96618e+00	AbsError: 5.14480e+16
    Region: "bulk"	RelError: 8.92416e+00	AbsError: 5.14480e+16
      Equation: "ElectronContinuityEquation"	RelError: 4.23628e-01	AbsError: 5.11830e+16
      Equation: "HoleContinuityEquation"	RelError: 2.24302e+00	AbsError: 2.64975e+14
      Equation: "PotentialEquation"	RelError: 6.25751e+00	AbsError: 1.79327e-02
    Region: "oxide"	RelError: 4.20220e-02	AbsError: 2.00000e-02
      Equation: "PotentialEquation"	RelError: 4.20220e-02	AbsError: 2.00000e-02
Iteration: 1
  Device: "part1_baseline"	RelError: 7.57096e-01	AbsError: 3.68180e+15
    Region: "bulk"	RelError: 7.55504e-01	AbsError: 3.68180e+15
      Equation: "ElectronContinuityEquation"	RelError: 1.48886e-01	AbsError: 3.66943e+15
      Equation: "HoleContinuityEquation"	RelError: 3.86834e-01	AbsError: 1.23767e+13
      Equation: "PotentialEquation"	RelError: 2.19784e-01	AbsError: 7.15830e-04
    Region: "oxide"	RelError: 1.59206e-03	AbsError: 6.49878e-04
      Equation: "PotentialEquation"	RelError: 1.59206e-03	AbsError: 6.49878e-04
Iteration: 2
  Device: "part1_baseline"	RelError: 1.30165e-02	AbsError: 8.71090e+12
    Region: "bulk"	RelError: 1.30097e-02	AbsError: 8.71090e+12
      Equation: "ElectronContinuityEquation"	RelError: 4.32665e-04	AbsError: 8.68544e+12
      Equation: "HoleContinuityEquation"	RelError: 1.17280e-02	AbsError: 2.54563e+10
      Equation: "PotentialEquation"	RelError: 8.49020e-04	AbsError: 3.15038e-06
    Region: "oxide"	RelError: 6.79577e-06	AbsError: 2.77405e-06
      Equation: "PotentialEquation"	RelError: 6.79577e-06	AbsError: 2.77405e-06
Iteration: 3
  Device: "part1_baseline"	RelError: 1.10273e-07	AbsError: 2.53754e+08
    Region: "bulk"	RelError: 1.10117e-07	AbsError: 2.53754e+08
      Equation: "ElectronContinuityEquation"	RelError: 7.68578e-09	AbsError: 2.53481e+08
      Equation: "HoleContinuityEquation"	RelError: 8.97246e-08	AbsError: 2.73355e+05
      Equation: "PotentialEquation"	RelError: 1.27062e-08	AbsError: 7.14914e-11
    Region: "oxide"	RelError: 1.56464e-10	AbsError: 6.38688e-11
      Equation: "PotentialEquation"	RelError: 1.56464e-10	AbsError: 6.38688e-11
number of equations 8953
Iteration: 0
  Device: "part1_baseline"	RelError: 3.38983e+01	AbsError: 5.78929e+16
    Region: "bulk"	RelError: 3.38591e+01	AbsError: 5.78929e+16
      Equation: "ElectronContinuityEquation"	RelError: 4.07975e-01	AbsError: 5.76451e+16
      Equation: "HoleContinuityEquation"	RelError: 2.15196e+00	AbsError: 2.47836e+14
      Equation: "PotentialEquation"	RelError: 3.12991e+01	AbsError: 1.77718e-02
    Region: "oxide"	RelError: 3.92855e-02	AbsError: 2.00000e-02
      Equation: "PotentialEquation"	RelError: 3.92855e-02	AbsError: 2.00000e-02
Iteration: 1
  Device: "part1_baseline"	RelError: 8.23535e+00	AbsError: 3.84439e+15
    Region: "bulk"	RelError: 8.23382e+00	AbsError: 3.84439e+15
      Equation: "ElectronContinuityEquation"	RelError: 1.30284e-01	AbsError: 3.83221e+15
      Equation: "HoleContinuityEquation"	RelError: 3.75574e-01	AbsError: 1.21814e+13
      Equation: "PotentialEquation"	RelError: 7.72796e+00	AbsError: 7.00617e-04
    Region: "oxide"	RelError: 1.52937e-03	AbsError: 6.37831e-04
      Equation: "PotentialEquation"	RelError: 1.52937e-03	AbsError: 6.37831e-04
Iteration: 2
  Device: "part1_baseline"	RelError: 3.00813e-02	AbsError: 9.10213e+12
    Region: "bulk"	RelError: 3.00746e-02	AbsError: 9.10213e+12
      Equation: "ElectronContinuityEquation"	RelError: 2.58824e-04	AbsError: 9.06938e+12
      Equation: "HoleContinuityEquation"	RelError: 6.88603e-03	AbsError: 3.27462e+10
      Equation: "PotentialEquation"	RelError: 2.29298e-02	AbsError: 3.15374e-06
    Region: "oxide"	RelError: 6.65338e-06	AbsError: 2.77484e-06
      Equation: "PotentialEquation"	RelError: 6.65338e-06	AbsError: 2.77484e-06
Iteration: 3
  Device: "part1_baseline"	RelError: 4.85583e-07	AbsError: 2.65798e+08
    Region: "bulk"	RelError: 4.85419e-07	AbsError: 2.65798e+08
      Equation: "ElectronContinuityEquation"	RelError: 6.52789e-09	AbsError: 2.65279e+08
      Equation: "HoleContinuityEquation"	RelError: 5.78034e-08	AbsError: 5.18790e+05
      Equation: "PotentialEquation"	RelError: 4.21088e-07	AbsError: 7.70141e-11
    Region: "oxide"	RelError: 1.64156e-10	AbsError: 6.84622e-11
      Equation: "PotentialEquation"	RelError: 1.64156e-10	AbsError: 6.84622e-11
number of equations 8953
Iteration: 0
  Device: "part1_baseline"	RelError: 1.92097e+01	AbsError: 6.45476e+16
    Region: "bulk"	RelError: 1.91729e+01	AbsError: 6.45476e+16
      Equation: "ElectronContinuityEquation"	RelError: 3.89722e-01	AbsError: 6.43187e+16
      Equation: "HoleContinuityEquation"	RelError: 2.04335e+00	AbsError: 2.28870e+14
      Equation: "PotentialEquation"	RelError: 1.67399e+01	AbsError: 1.76009e-02
    Region: "oxide"	RelError: 3.67517e-02	AbsError: 2.00000e-02
      Equation: "PotentialEquation"	RelError: 3.67517e-02	AbsError: 2.00000e-02
Iteration: 1
  Device: "part1_baseline"	RelError: 9.29002e-01	AbsError: 3.86110e+15
    Region: "bulk"	RelError: 9.27627e-01	AbsError: 3.86110e+15
      Equation: "ElectronContinuityEquation"	RelError: 1.12432e-01	AbsError: 3.84991e+15
      Equation: "HoleContinuityEquation"	RelError: 3.61226e-01	AbsError: 1.11954e+13
      Equation: "PotentialEquation"	RelError: 4.53969e-01	AbsError: 6.41687e-04
    Region: "oxide"	RelError: 1.37488e-03	AbsError: 5.88704e-04
      Equation: "PotentialEquation"	RelError: 1.37488e-03	AbsError: 5.88704e-04
Iteration: 2
  Device: "part1_baseline"	RelError: 5.77291e-03	AbsError: 7.77804e+12
    Region: "bulk"	RelError: 5.76755e-03	AbsError: 7.77804e+12
      Equation: "ElectronContinuityEquation"	RelError: 2.00215e-04	AbsError: 7.74768e+12
      Equation: "HoleContinuityEquation"	RelError: 3.74035e-03	AbsError: 3.03626e+10
      Equation: "PotentialEquation"	RelError: 1.82698e-03	AbsError: 2.61180e-06
    Region: "oxide"	RelError: 5.36588e-06	AbsError: 2.29876e-06
      Equation: "PotentialEquation"	RelError: 5.36588e-06	AbsError: 2.29876e-06
Iteration: 3
  Device: "part1_baseline"	RelError: 7.68268e-08	AbsError: 1.82153e+08
    Region: "bulk"	RelError: 7.67168e-08	AbsError: 1.82153e+08
      Equation: "ElectronContinuityEquation"	RelError: 4.33798e-09	AbsError: 1.81704e+08
      Equation: "HoleContinuityEquation"	RelError: 3.92906e-08	AbsError: 4.48342e+05
      Equation: "PotentialEquation"	RelError: 3.30883e-08	AbsError: 5.32078e-11
    Region: "oxide"	RelError: 1.10038e-10	AbsError: 4.71922e-11
      Equation: "PotentialEquation"	RelError: 1.10038e-10	AbsError: 4.71922e-11
number of equations 8953
Iteration: 0
  Device: "part1_baseline"	RelError: 8.31648e+01	AbsError: 7.13717e+16
    Region: "bulk"	RelError: 8.31304e+01	AbsError: 7.13717e+16
      Equation: "ElectronContinuityEquation"	RelError: 3.70395e-01	AbsError: 7.11618e+16
      Equation: "HoleContinuityEquation"	RelError: 1.92361e+00	AbsError: 2.09819e+14
      Equation: "PotentialEquation"	RelError: 8.08364e+01	AbsError: 1.74288e-02
    Region: "oxide"	RelError: 3.44490e-02	AbsError: 2.00000e-02
      Equation: "PotentialEquation"	RelError: 3.44490e-02	AbsError: 2.00000e-02
Iteration: 1
  Device: "part1_baseline"	RelError: 2.19031e+00	AbsError: 3.79316e+15
    Region: "bulk"	RelError: 2.18913e+00	AbsError: 3.79316e+15
      Equation: "ElectronContinuityEquation"	RelError: 9.68593e-02	AbsError: 3.78338e+15
      Equation: "HoleContinuityEquation"	RelError: 3.44633e-01	AbsError: 9.78427e+12
      Equation: "PotentialEquation"	RelError: 1.74764e+00	AbsError: 5.59795e-04
    Region: "oxide"	RelError: 1.17619e-03	AbsError: 5.16896e-04
      Equation: "PotentialEquation"	RelError: 1.17619e-03	AbsError: 5.16896e-04
Iteration: 2
  Device: "part1_baseline"	RelError: 6.46471e-03	AbsError: 5.60628e+12
    Region: "bulk"	RelError: 6.46099e-03	AbsError: 5.60628e+12
      Equation: "ElectronContinuityEquation"	RelError: 1.89258e-04	AbsError: 5.58340e+12
      Equation: "HoleContinuityEquation"	RelError: 2.05760e-03	AbsError: 2.28790e+10
      Equation: "PotentialEquation"	RelError: 4.21413e-03	AbsError: 1.86506e-06
    Region: "oxide"	RelError: 3.71911e-06	AbsError: 1.64185e-06
      Equation: "PotentialEquation"	RelError: 3.71911e-06	AbsError: 1.64185e-06
Iteration: 3
  Device: "part1_baseline"	RelError: 6.34661e-08	AbsError: 8.73462e+07
    Region: "bulk"	RelError: 6.34147e-08	AbsError: 8.73462e+07
      Equation: "ElectronContinuityEquation"	RelError: 3.32163e-09	AbsError: 8.71138e+07
      Equation: "HoleContinuityEquation"	RelError: 2.21146e-08	AbsError: 2.32391e+05
      Equation: "PotentialEquation"	RelError: 3.79784e-08	AbsError: 2.57562e-11
    Region: "oxide"	RelError: 5.14728e-11	AbsError: 2.27902e-11
      Equation: "PotentialEquation"	RelError: 5.14728e-11	AbsError: 2.27902e-11
number of equations 8953
Iteration: 0
  Device: "part1_baseline"	RelError: 2.42625e+01	AbsError: 7.83231e+16
    Region: "bulk"	RelError: 2.42301e+01	AbsError: 7.83231e+16
      Equation: "ElectronContinuityEquation"	RelError: 3.51408e-01	AbsError: 7.81276e+16
      Equation: "HoleContinuityEquation"	RelError: 1.79633e+00	AbsError: 1.95538e+14
      Equation: "PotentialEquation"	RelError: 2.20823e+01	AbsError: 1.72546e-02
    Region: "oxide"	RelError: 3.23898e-02	AbsError: 2.00000e-02
      Equation: "PotentialEquation"	RelError: 3.23898e-02	AbsError: 2.00000e-02
Iteration: 1
  Device: "part1_baseline"	RelError: 1.93140e+00	AbsError: 3.70244e+15
    Region: "bulk"	RelError: 1.93042e+00	AbsError: 3.70244e+15
      Equation: "ElectronContinuityEquation"	RelError: 8.40562e-02	AbsError: 3.69414e+15
      Equation: "HoleContinuityEquation"	RelError: 3.25934e-01	AbsError: 8.30861e+12
      Equation: "PotentialEquation"	RelError: 1.52043e+00	AbsError: 4.73482e-04
    Region: "oxide"	RelError: 9.77984e-04	AbsError: 4.41340e-04
      Equation: "PotentialEquation"	RelError: 9.77984e-04	AbsError: 4.41340e-04
Iteration: 2
  Device: "part1_baseline"	RelError: 4.57601e-03	AbsError: 3.61855e+12
    Region: "bulk"	RelError: 4.57367e-03	AbsError: 3.61855e+12
      Equation: "ElectronContinuityEquation"	RelError: 1.53766e-04	AbsError: 3.60313e+12
      Equation: "HoleContinuityEquation"	RelError: 1.14591e-03	AbsError: 1.54188e+10
      Equation: "PotentialEquation"	RelError: 3.27399e-03	AbsError: 1.21513e-06
    Region: "oxide"	RelError: 2.34467e-06	AbsError: 1.06924e-06
      Equation: "PotentialEquation"	RelError: 2.34467e-06	AbsError: 1.06924e-06
Iteration: 3
  Device: "part1_baseline"	RelError: 3.07233e-08	AbsError: 3.30672e+07
    Region: "bulk"	RelError: 3.07040e-08	AbsError: 3.30672e+07
      Equation: "ElectronContinuityEquation"	RelError: 1.93019e-09	AbsError: 3.29701e+07
      Equation: "HoleContinuityEquation"	RelError: 1.12983e-08	AbsError: 9.70598e+04
      Equation: "PotentialEquation"	RelError: 1.74755e-08	AbsError: 1.00235e-11
    Region: "oxide"	RelError: 1.92993e-11	AbsError: 8.84139e-12
      Equation: "PotentialEquation"	RelError: 1.92993e-11	AbsError: 8.84139e-12
number of equations 8953
Iteration: 0
  Device: "part1_baseline"	RelError: 3.39610e+01	AbsError: 8.53532e+16
    Region: "bulk"	RelError: 3.39299e+01	AbsError: 8.53532e+16
      Equation: "ElectronContinuityEquation"	RelError: 3.33698e-01	AbsError: 8.51683e+16
      Equation: "HoleContinuityEquation"	RelError: 1.67855e+00	AbsError: 1.84906e+14
      Equation: "PotentialEquation"	RelError: 3.19177e+01	AbsError: 1.71049e-02
    Region: "oxide"	RelError: 3.10983e-02	AbsError: 2.00000e-02
      Equation: "PotentialEquation"	RelError: 3.10983e-02	AbsError: 2.00000e-02
Iteration: 1
  Device: "part1_baseline"	RelError: 8.63210e-01	AbsError: 3.62367e+15
    Region: "bulk"	RelError: 8.62406e-01	AbsError: 3.62367e+15
      Equation: "ElectronContinuityEquation"	RelError: 7.38224e-02	AbsError: 3.61631e+15
      Equation: "HoleContinuityEquation"	RelError: 3.06733e-01	AbsError: 7.36223e+12
      Equation: "PotentialEquation"	RelError: 4.81851e-01	AbsError: 3.95482e-04
    Region: "oxide"	RelError: 8.03835e-04	AbsError: 3.72404e-04
      Equation: "PotentialEquation"	RelError: 8.03835e-04	AbsError: 3.72404e-04
Iteration: 2
  Device: "part1_baseline"	RelError: 1.94042e-03	AbsError: 2.19909e+12
    Region: "bulk"	RelError: 1.93900e-03	AbsError: 2.19909e+12
      Equation: "ElectronContinuityEquation"	RelError: 1.15382e-04	AbsError: 2.18870e+12
      Equation: "HoleContinuityEquation"	RelError: 8.42748e-04	AbsError: 1.03909e+10
      Equation: "PotentialEquation"	RelError: 9.80874e-04	AbsError: 7.59580e-07
    Region: "oxide"	RelError: 1.41502e-06	AbsError: 6.67647e-07
      Equation: "PotentialEquation"	RelError: 1.41502e-06	AbsError: 6.67647e-07
Iteration: 3
  Device: "part1_baseline"	RelError: 1.08328e-08	AbsError: 1.11120e+07
    Region: "bulk"	RelError: 1.08263e-08	AbsError: 1.11120e+07
      Equation: "ElectronContinuityEquation"	RelError: 9.54018e-10	AbsError: 1.10771e+07
      Equation: "HoleContinuityEquation"	RelError: 5.69166e-09	AbsError: 3.49704e+04
      Equation: "PotentialEquation"	RelError: 4.18062e-09	AbsError: 3.54118e-12
    Region: "oxide"	RelError: 6.52060e-12	AbsError: 3.10990e-12
      Equation: "PotentialEquation"	RelError: 6.52060e-12	AbsError: 3.10990e-12
number of equations 8953
Iteration: 0
  Device: "part1_baseline"	RelError: 1.75198e+01	AbsError: 9.24138e+16
    Region: "bulk"	RelError: 1.74896e+01	AbsError: 9.24138e+16
      Equation: "ElectronContinuityEquation"	RelError: 3.17703e-01	AbsError: 9.22387e+16
      Equation: "HoleContinuityEquation"	RelError: 1.56921e+00	AbsError: 1.75067e+14
      Equation: "PotentialEquation"	RelError: 1.56027e+01	AbsError: 1.69532e-02
    Region: "oxide"	RelError: 3.01604e-02	AbsError: 2.00000e-02
      Equation: "PotentialEquation"	RelError: 3.01604e-02	AbsError: 2.00000e-02
Iteration: 1
  Device: "part1_baseline"	RelError: 1.12865e+00	AbsError: 3.56738e+15
    Region: "bulk"	RelError: 1.12799e+00	AbsError: 3.56738e+15
      Equation: "ElectronContinuityEquation"	RelError: 6.56993e-02	AbsError: 3.56091e+15
      Equation: "HoleContinuityEquation"	RelError: 2.88559e-01	AbsError: 6.46561e+12
      Equation: "PotentialEquation"	RelError: 7.73731e-01	AbsError: 3.31214e-04
    Region: "oxide"	RelError: 6.60501e-04	AbsError: 3.14129e-04
      Equation: "PotentialEquation"	RelError: 6.60501e-04	AbsError: 3.14129e-04
Iteration: 2
  Device: "part1_baseline"	RelError: 1.94776e-03	AbsError: 1.31023e+12
    Region: "bulk"	RelError: 1.94691e-03	AbsError: 1.31023e+12
      Equation: "ElectronContinuityEquation"	RelError: 8.28090e-05	AbsError: 1.30342e+12
      Equation: "HoleContinuityEquation"	RelError: 6.97861e-04	AbsError: 6.81124e+09
      Equation: "PotentialEquation"	RelError: 1.16624e-03	AbsError: 4.72508e-07
    Region: "oxide"	RelError: 8.47160e-07	AbsError: 4.14557e-07
      Equation: "PotentialEquation"	RelError: 8.47160e-07	AbsError: 4.14557e-07
Iteration: 3
  Device: "part1_baseline"	RelError: 5.91253e-09	AbsError: 3.60867e+06
    Region: "bulk"	RelError: 5.91037e-09	AbsError: 3.60867e+06
      Equation: "ElectronContinuityEquation"	RelError: 4.37162e-10	AbsError: 3.59704e+06
      Equation: "HoleContinuityEquation"	RelError: 2.91827e-09	AbsError: 1.16230e+04
      Equation: "PotentialEquation"	RelError: 2.55494e-09	AbsError: 1.23146e-12
    Region: "oxide"	RelError: 2.15921e-12	AbsError: 1.07659e-12
      Equation: "PotentialEquation"	RelError: 2.15921e-12	AbsError: 1.07659e-12
number of equations 8953
Iteration: 0
  Device: "part1_baseline"	RelError: 9.44058e+00	AbsError: 9.94634e+16
    Region: "bulk"	RelError: 9.41130e+00	AbsError: 9.94634e+16
      Equation: "ElectronContinuityEquation"	RelError: 3.03515e-01	AbsError: 9.92973e+16
      Equation: "HoleContinuityEquation"	RelError: 1.46921e+00	AbsError: 1.66108e+14
      Equation: "PotentialEquation"	RelError: 7.63858e+00	AbsError: 1.68054e-02
    Region: "oxide"	RelError: 2.92774e-02	AbsError: 2.00000e-02
      Equation: "PotentialEquation"	RelError: 2.92774e-02	AbsError: 2.00000e-02
Iteration: 1
  Device: "part1_baseline"	RelError: 4.58923e-01	AbsError: 3.52138e+15
    Region: "bulk"	RelError: 4.58376e-01	AbsError: 3.52138e+15
      Equation: "ElectronContinuityEquation"	RelError: 5.92172e-02	AbsError: 3.51570e+15
      Equation: "HoleContinuityEquation"	RelError: 2.71226e-01	AbsError: 5.67391e+12
      Equation: "PotentialEquation"	RelError: 1.27932e-01	AbsError: 2.79586e-04
    Region: "oxide"	RelError: 5.46577e-04	AbsError: 2.66754e-04
      Equation: "PotentialEquation"	RelError: 5.46577e-04	AbsError: 2.66754e-04
Iteration: 2
  Device: "part1_baseline"	RelError: 7.85096e-04	AbsError: 8.41100e+11
    Region: "bulk"	RelError: 7.84581e-04	AbsError: 8.41100e+11
      Equation: "ElectronContinuityEquation"	RelError: 5.77526e-05	AbsError: 8.36636e+11
      Equation: "HoleContinuityEquation"	RelError: 5.87524e-04	AbsError: 4.46449e+09
      Equation: "PotentialEquation"	RelError: 1.39304e-04	AbsError: 2.99270e-07
    Region: "oxide"	RelError: 5.14152e-07	AbsError: 2.61834e-07
      Equation: "PotentialEquation"	RelError: 5.14152e-07	AbsError: 2.61834e-07
Iteration: 3
  Device: "part1_baseline"	RelError: 1.94683e-09	AbsError: 1.17664e+06
    Region: "bulk"	RelError: 1.94609e-09	AbsError: 1.17664e+06
      Equation: "ElectronContinuityEquation"	RelError: 1.95757e-10	AbsError: 1.17299e+06
      Equation: "HoleContinuityEquation"	RelError: 1.56833e-09	AbsError: 3.64951e+03
      Equation: "PotentialEquation"	RelError: 1.82008e-10	AbsError: 4.41584e-13
    Region: "oxide"	RelError: 7.35550e-13	AbsError: 3.83800e-13
      Equation: "PotentialEquation"	RelError: 7.35550e-13	AbsError: 3.83800e-13
number of equations 8953
Iteration: 0
  Device: "part1_baseline"	RelError: 6.13910e+01	AbsError: 1.06465e+17
    Region: "bulk"	RelError: 6.13626e+01	AbsError: 1.06465e+17
      Equation: "ElectronContinuityEquation"	RelError: 2.91031e-01	AbsError: 1.06307e+17
      Equation: "HoleContinuityEquation"	RelError: 1.37797e+00	AbsError: 1.57995e+14
      Equation: "PotentialEquation"	RelError: 5.96936e+01	AbsError: 1.66859e-02
    Region: "oxide"	RelError: 2.84446e-02	AbsError: 2.00000e-02
      Equation: "PotentialEquation"	RelError: 2.84446e-02	AbsError: 2.00000e-02
Iteration: 1
  Device: "part1_baseline"	RelError: 7.49388e-01	AbsError: 3.47756e+15
    Region: "bulk"	RelError: 7.48931e-01	AbsError: 3.47756e+15
      Equation: "ElectronContinuityEquation"	RelError: 5.39847e-02	AbsError: 3.47256e+15
      Equation: "HoleContinuityEquation"	RelError: 2.54856e-01	AbsError: 4.99784e+12
      Equation: "PotentialEquation"	RelError: 4.40091e-01	AbsError: 2.38912e-04
    Region: "oxide"	RelError: 4.56721e-04	AbsError: 2.29158e-04
      Equation: "PotentialEquation"	RelError: 4.56721e-04	AbsError: 2.29158e-04
Iteration: 2
  Device: "part1_baseline"	RelError: 9.42028e-04	AbsError: 5.55749e+11
    Region: "bulk"	RelError: 9.41708e-04	AbsError: 5.55749e+11
      Equation: "ElectronContinuityEquation"	RelError: 4.05280e-05	AbsError: 5.52805e+11
      Equation: "HoleContinuityEquation"	RelError: 5.01933e-04	AbsError: 2.94363e+09
      Equation: "PotentialEquation"	RelError: 3.99246e-04	AbsError: 1.95165e-07
    Region: "oxide"	RelError: 3.20373e-07	AbsError: 1.70019e-07
      Equation: "PotentialEquation"	RelError: 3.20373e-07	AbsError: 1.70019e-07
Iteration: 3
  Device: "part1_baseline"	RelError: 1.25813e-09	AbsError: 3.90411e+05
    Region: "bulk"	RelError: 1.25786e-09	AbsError: 3.90411e+05
      Equation: "ElectronContinuityEquation"	RelError: 8.89809e-11	AbsError: 3.89112e+05
      Equation: "HoleContinuityEquation"	RelError: 8.76025e-10	AbsError: 1.29960e+03
      Equation: "PotentialEquation"	RelError: 2.92858e-10	AbsError: 1.66969e-13
    Region: "oxide"	RelError: 2.63424e-13	AbsError: 1.43886e-13
      Equation: "PotentialEquation"	RelError: 2.63424e-13	AbsError: 1.43886e-13
number of equations 8953
Iteration: 0
  Device: "part1_baseline"	RelError: 1.24921e+02	AbsError: 1.13386e+17
    Region: "bulk"	RelError: 1.24893e+02	AbsError: 1.13386e+17
      Equation: "ElectronContinuityEquation"	RelError: 2.80069e-01	AbsError: 1.13235e+17
      Equation: "HoleContinuityEquation"	RelError: 1.29414e+00	AbsError: 1.50643e+14
      Equation: "PotentialEquation"	RelError: 1.23319e+02	AbsError: 1.65643e-02
    Region: "oxide"	RelError: 2.76579e-02	AbsError: 2.00000e-02
      Equation: "PotentialEquation"	RelError: 2.76579e-02	AbsError: 2.00000e-02
Iteration: 1
  Device: "part1_baseline"	RelError: 1.76775e+00	AbsError: 3.42469e+15
    Region: "bulk"	RelError: 1.76736e+00	AbsError: 3.42469e+15
      Equation: "ElectronContinuityEquation"	RelError: 4.97013e-02	AbsError: 3.42026e+15
      Equation: "HoleContinuityEquation"	RelError: 2.39395e-01	AbsError: 4.42859e+12
      Equation: "PotentialEquation"	RelError: 1.47827e+00	AbsError: 2.07093e-04
    Region: "oxide"	RelError: 3.85737e-04	AbsError: 1.99264e-04
      Equation: "PotentialEquation"	RelError: 3.85737e-04	AbsError: 1.99264e-04
Iteration: 2
  Device: "part1_baseline"	RelError: 1.18508e-03	AbsError: 3.79494e+11
    Region: "bulk"	RelError: 1.18488e-03	AbsError: 3.79494e+11
      Equation: "ElectronContinuityEquation"	RelError: 2.90091e-05	AbsError: 3.77526e+11
      Equation: "HoleContinuityEquation"	RelError: 4.35925e-04	AbsError: 1.96776e+09
      Equation: "PotentialEquation"	RelError: 7.19941e-04	AbsError: 1.31110e-07
    Region: "oxide"	RelError: 2.05447e-07	AbsError: 1.13835e-07
      Equation: "PotentialEquation"	RelError: 2.05447e-07	AbsError: 1.13835e-07
Iteration: 3
  Device: "part1_baseline"	RelError: 6.18417e-10	AbsError: 1.44019e+05
    Region: "bulk"	RelError: 6.18317e-10	AbsError: 1.44019e+05
      Equation: "ElectronContinuityEquation"	RelError: 4.33961e-11	AbsError: 1.43561e+05
      Equation: "HoleContinuityEquation"	RelError: 5.12152e-10	AbsError: 4.57987e+02
      Equation: "PotentialEquation"	RelError: 6.27685e-11	AbsError: 6.71847e-14
    Region: "oxide"	RelError: 1.00538e-13	AbsError: 5.74186e-14
      Equation: "PotentialEquation"	RelError: 1.00538e-13	AbsError: 5.74186e-14
number of equations 8953
Iteration: 0
  Device: "part1_baseline"	RelError: 1.31432e+01	AbsError: 1.20199e+17
    Region: "bulk"	RelError: 1.31163e+01	AbsError: 1.20199e+17
      Equation: "ElectronContinuityEquation"	RelError: 2.70425e-01	AbsError: 1.20055e+17
      Equation: "HoleContinuityEquation"	RelError: 1.21600e+00	AbsError: 1.43953e+14
      Equation: "PotentialEquation"	RelError: 1.16299e+01	AbsError: 1.64410e-02
    Region: "oxide"	RelError: 2.69135e-02	AbsError: 2.00000e-02
      Equation: "PotentialEquation"	RelError: 2.69135e-02	AbsError: 2.00000e-02
Iteration: 1
  Device: "part1_baseline"	RelError: 3.98623e-01	AbsError: 3.35999e+15
    Region: "bulk"	RelError: 3.98294e-01	AbsError: 3.35999e+15
      Equation: "ElectronContinuityEquation"	RelError: 4.61431e-02	AbsError: 3.35604e+15
      Equation: "HoleContinuityEquation"	RelError: 2.24681e-01	AbsError: 3.95094e+12
      Equation: "PotentialEquation"	RelError: 1.27469e-01	AbsError: 1.81738e-04
    Region: "oxide"	RelError: 3.29513e-04	AbsError: 1.75567e-04
      Equation: "PotentialEquation"	RelError: 3.29513e-04	AbsError: 1.75567e-04
Iteration: 2
  Device: "part1_baseline"	RelError: 4.80728e-04	AbsError: 3.09306e+11
    Region: "bulk"	RelError: 4.80592e-04	AbsError: 3.09306e+11
      Equation: "ElectronContinuityEquation"	RelError: 2.50120e-05	AbsError: 3.07966e+11
      Equation: "HoleContinuityEquation"	RelError: 3.84364e-04	AbsError: 1.33928e+09
      Equation: "PotentialEquation"	RelError: 7.12159e-05	AbsError: 9.11764e-08
    Region: "oxide"	RelError: 1.36374e-07	AbsError: 7.85405e-08
      Equation: "PotentialEquation"	RelError: 1.36374e-07	AbsError: 7.85405e-08
Iteration: 3
  Device: "part1_baseline"	RelError: 3.50635e-10	AbsError: 5.72938e+04
    Region: "bulk"	RelError: 3.50594e-10	AbsError: 5.72938e+04
      Equation: "ElectronContinuityEquation"	RelError: 2.20358e-11	AbsError: 5.71363e+04
      Equation: "HoleContinuityEquation"	RelError: 3.13477e-10	AbsError: 1.57574e+02
      Equation: "PotentialEquation"	RelError: 1.50818e-11	AbsError: 2.85685e-14
    Region: "oxide"	RelError: 4.05597e-14	AbsError: 2.41393e-14
      Equation: "PotentialEquation"	RelError: 4.05597e-14	AbsError: 2.41393e-14
number of equations 8953
Iteration: 0
  Device: "part1_baseline"	RelError: 5.11308e+00	AbsError: 1.26881e+17
    Region: "bulk"	RelError: 5.08687e+00	AbsError: 1.26881e+17
      Equation: "ElectronContinuityEquation"	RelError: 2.61905e-01	AbsError: 1.26743e+17
      Equation: "HoleContinuityEquation"	RelError: 1.14172e+00	AbsError: 1.38351e+14
      Equation: "PotentialEquation"	RelError: 3.68324e+00	AbsError: 1.63166e-02
    Region: "oxide"	RelError: 2.62082e-02	AbsError: 2.00000e-02
      Equation: "PotentialEquation"	RelError: 2.62082e-02	AbsError: 2.00000e-02
Iteration: 1
  Device: "part1_baseline"	RelError: 3.38858e-01	AbsError: 3.28561e+15
    Region: "bulk"	RelError: 3.38574e-01	AbsError: 3.28561e+15
      Equation: "ElectronContinuityEquation"	RelError: 4.31453e-02	AbsError: 3.28206e+15
      Equation: "HoleContinuityEquation"	RelError: 2.10485e-01	AbsError: 3.54917e+12
      Equation: "PotentialEquation"	RelError: 8.49434e-02	AbsError: 1.61550e-04
    Region: "oxide"	RelError: 2.84484e-04	AbsError: 1.56447e-04
      Equation: "PotentialEquation"	RelError: 2.84484e-04	AbsError: 1.56447e-04
Iteration: 2
  Device: "part1_baseline"	RelError: 3.84596e-04	AbsError: 2.93765e+11
    Region: "bulk"	RelError: 3.84503e-04	AbsError: 2.93765e+11
      Equation: "ElectronContinuityEquation"	RelError: 2.17489e-05	AbsError: 2.92835e+11
      Equation: "HoleContinuityEquation"	RelError: 3.43203e-04	AbsError: 9.30034e+08
      Equation: "PotentialEquation"	RelError: 1.95504e-05	AbsError: 6.52134e-08
    Region: "oxide"	RelError: 9.31029e-08	AbsError: 5.58572e-08
      Equation: "PotentialEquation"	RelError: 9.31029e-08	AbsError: 5.58572e-08
Iteration: 3
  Device: "part1_baseline"	RelError: 2.11942e-10	AbsError: 3.03007e+04
    Region: "bulk"	RelError: 2.11925e-10	AbsError: 3.03007e+04
      Equation: "ElectronContinuityEquation"	RelError: 1.16118e-11	AbsError: 3.02427e+04
      Equation: "HoleContinuityEquation"	RelError: 1.99328e-10	AbsError: 5.80326e+01
      Equation: "PotentialEquation"	RelError: 9.85195e-13	AbsError: 1.29053e-14
    Region: "oxide"	RelError: 1.72642e-14	AbsError: 1.07270e-14
      Equation: "PotentialEquation"	RelError: 1.72642e-14	AbsError: 1.07270e-14
number of equations 8953
Iteration: 0
  Device: "part1_baseline"	RelError: 9.31212e+00	AbsError: 1.33413e+17
    Region: "bulk"	RelError: 9.28658e+00	AbsError: 1.33413e+17
      Equation: "ElectronContinuityEquation"	RelError: 2.54337e-01	AbsError: 1.33280e+17
      Equation: "HoleContinuityEquation"	RelError: 1.06956e+00	AbsError: 1.33307e+14
      Equation: "PotentialEquation"	RelError: 7.96268e+00	AbsError: 1.62076e-02
    Region: "oxide"	RelError: 2.55388e-02	AbsError: 2.00000e-02
      Equation: "PotentialEquation"	RelError: 2.55388e-02	AbsError: 2.00000e-02
Iteration: 1
  Device: "part1_baseline"	RelError: 3.09178e-01	AbsError: 3.20352e+15
    Region: "bulk"	RelError: 3.08930e-01	AbsError: 3.20352e+15
      Equation: "ElectronContinuityEquation"	RelError: 4.05857e-02	AbsError: 3.20031e+15
      Equation: "HoleContinuityEquation"	RelError: 1.96552e-01	AbsError: 3.20932e+12
      Equation: "PotentialEquation"	RelError: 7.17919e-02	AbsError: 1.45231e-04
    Region: "oxide"	RelError: 2.48064e-04	AbsError: 1.40878e-04
      Equation: "PotentialEquation"	RelError: 2.48064e-04	AbsError: 1.40878e-04
Iteration: 2
  Device: "part1_baseline"	RelError: 3.53540e-04	AbsError: 2.75131e+11
    Region: "bulk"	RelError: 3.53475e-04	AbsError: 2.75131e+11
      Equation: "ElectronContinuityEquation"	RelError: 1.90638e-05	AbsError: 2.74472e+11
      Equation: "HoleContinuityEquation"	RelError: 3.06070e-04	AbsError: 6.59550e+08
      Equation: "PotentialEquation"	RelError: 2.83414e-05	AbsError: 4.79156e-08
    Region: "oxide"	RelError: 6.53017e-08	AbsError: 4.07248e-08
      Equation: "PotentialEquation"	RelError: 6.53017e-08	AbsError: 4.07248e-08
Iteration: 3
  Device: "part1_baseline"	RelError: 1.35192e-10	AbsError: 2.03770e+04
    Region: "bulk"	RelError: 1.35184e-10	AbsError: 2.03770e+04
      Equation: "ElectronContinuityEquation"	RelError: 6.32792e-12	AbsError: 2.03377e+04
      Equation: "HoleContinuityEquation"	RelError: 1.26665e-10	AbsError: 3.92829e+01
      Equation: "PotentialEquation"	RelError: 2.19042e-12	AbsError: 6.17676e-15
    Region: "oxide"	RelError: 7.73384e-15	AbsError: 5.02805e-15
      Equation: "PotentialEquation"	RelError: 7.73384e-15	AbsError: 5.02805e-15
number of equations 8953
Iteration: 0
  Device: "part1_baseline"	RelError: 1.25039e+01	AbsError: 1.39780e+17
    Region: "bulk"	RelError: 1.24790e+01	AbsError: 1.39780e+17
      Equation: "ElectronContinuityEquation"	RelError: 2.47573e-01	AbsError: 1.39651e+17
      Equation: "HoleContinuityEquation"	RelError: 1.01875e+00	AbsError: 1.28649e+14
      Equation: "PotentialEquation"	RelError: 1.12127e+01	AbsError: 1.61152e-02
    Region: "oxide"	RelError: 2.49028e-02	AbsError: 2.00000e-02
      Equation: "PotentialEquation"	RelError: 2.49028e-02	AbsError: 2.00000e-02
Iteration: 1
  Device: "part1_baseline"	RelError: 3.85957e-01	AbsError: 3.11551e+15
    Region: "bulk"	RelError: 3.85739e-01	AbsError: 3.11551e+15
      Equation: "ElectronContinuityEquation"	RelError: 3.83734e-02	AbsError: 3.11259e+15
      Equation: "HoleContinuityEquation"	RelError: 1.83695e-01	AbsError: 2.91973e+12
      Equation: "PotentialEquation"	RelError: 1.63671e-01	AbsError: 1.31881e-04
    Region: "oxide"	RelError: 2.18322e-04	AbsError: 1.28069e-04
      Equation: "PotentialEquation"	RelError: 2.18322e-04	AbsError: 1.28069e-04
Iteration: 2
  Device: "part1_baseline"	RelError: 3.22537e-04	AbsError: 2.54887e+11
    Region: "bulk"	RelError: 3.22490e-04	AbsError: 2.54887e+11
      Equation: "ElectronContinuityEquation"	RelError: 1.68353e-05	AbsError: 2.54403e+11
      Equation: "HoleContinuityEquation"	RelError: 2.73016e-04	AbsError: 4.83862e+08
      Equation: "PotentialEquation"	RelError: 3.26384e-05	AbsError: 3.60688e-08
    Region: "oxide"	RelError: 4.69332e-08	AbsError: 3.04426e-08
      Equation: "PotentialEquation"	RelError: 4.69332e-08	AbsError: 3.04426e-08
Iteration: 3
  Device: "part1_baseline"	RelError: 8.65717e-11	AbsError: 1.34143e+04
    Region: "bulk"	RelError: 8.65681e-11	AbsError: 1.34143e+04
      Equation: "ElectronContinuityEquation"	RelError: 3.56209e-12	AbsError: 1.33896e+04
      Equation: "HoleContinuityEquation"	RelError: 8.16220e-11	AbsError: 2.46636e+01
      Equation: "PotentialEquation"	RelError: 1.38402e-12	AbsError: 3.13090e-15
    Region: "oxide"	RelError: 3.61384e-15	AbsError: 2.46505e-15
      Equation: "PotentialEquation"	RelError: 3.61384e-15	AbsError: 2.46505e-15
number of equations 8953
Iteration: 0
  Device: "part1_baseline"	RelError: 9.73922e+00	AbsError: 1.45970e+17
    Region: "bulk"	RelError: 9.71492e+00	AbsError: 1.45970e+17
      Equation: "ElectronContinuityEquation"	RelError: 2.41489e-01	AbsError: 1.45846e+17
      Equation: "HoleContinuityEquation"	RelError: 9.76181e-01	AbsError: 1.24317e+14
      Equation: "PotentialEquation"	RelError: 8.49725e+00	AbsError: 1.60215e-02
    Region: "oxide"	RelError: 2.42978e-02	AbsError: 2.00000e-02
      Equation: "PotentialEquation"	RelError: 2.42978e-02	AbsError: 2.00000e-02
Iteration: 1
  Device: "part1_baseline"	RelError: 2.95541e-01	AbsError: 3.02318e+15
    Region: "bulk"	RelError: 2.95347e-01	AbsError: 3.02318e+15
      Equation: "ElectronContinuityEquation"	RelError: 3.64399e-02	AbsError: 3.02051e+15
      Equation: "HoleContinuityEquation"	RelError: 1.74824e-01	AbsError: 2.67093e+12
      Equation: "PotentialEquation"	RelError: 8.40832e-02	AbsError: 1.20769e-04
    Region: "oxide"	RelError: 1.93791e-04	AbsError: 1.17412e-04
      Equation: "PotentialEquation"	RelError: 1.93791e-04	AbsError: 1.17412e-04
Iteration: 2
  Device: "part1_baseline"	RelError: 2.78239e-04	AbsError: 2.34098e+11
    Region: "bulk"	RelError: 2.78205e-04	AbsError: 2.34098e+11
      Equation: "ElectronContinuityEquation"	RelError: 1.49696e-05	AbsError: 2.33729e+11
      Equation: "HoleContinuityEquation"	RelError: 2.44598e-04	AbsError: 3.69085e+08
      Equation: "PotentialEquation"	RelError: 1.86379e-05	AbsError: 2.77427e-08
    Region: "oxide"	RelError: 3.44266e-08	AbsError: 2.33395e-08
      Equation: "PotentialEquation"	RelError: 3.44266e-08	AbsError: 2.33395e-08
Iteration: 3
  Device: "part1_baseline"	RelError: 5.47492e-11	AbsError: 8.80143e+03
    Region: "bulk"	RelError: 5.47474e-11	AbsError: 8.80143e+03
      Equation: "ElectronContinuityEquation"	RelError: 2.12253e-12	AbsError: 8.78634e+03
      Equation: "HoleContinuityEquation"	RelError: 5.24478e-11	AbsError: 1.50869e+01
      Equation: "PotentialEquation"	RelError: 1.77083e-13	AbsError: 1.66954e-15
    Region: "oxide"	RelError: 1.72985e-15	AbsError: 1.24212e-15
      Equation: "PotentialEquation"	RelError: 1.72985e-15	AbsError: 1.24212e-15
number of equations 8953
Iteration: 0
  Device: "part1_baseline"	RelError: 1.13496e+01	AbsError: 1.51975e+17
    Region: "bulk"	RelError: 1.13259e+01	AbsError: 1.51975e+17
      Equation: "ElectronContinuityEquation"	RelError: 2.35982e-01	AbsError: 1.51855e+17
      Equation: "HoleContinuityEquation"	RelError: 9.36663e-01	AbsError: 1.20263e+14
      Equation: "PotentialEquation"	RelError: 1.01532e+01	AbsError: 1.59267e-02
    Region: "oxide"	RelError: 2.37214e-02	AbsError: 2.00000e-02
      Equation: "PotentialEquation"	RelError: 2.37214e-02	AbsError: 2.00000e-02
Iteration: 1
  Device: "part1_baseline"	RelError: 2.87397e-01	AbsError: 2.92793e+15
    Region: "bulk"	RelError: 2.87223e-01	AbsError: 2.92793e+15
      Equation: "ElectronContinuityEquation"	RelError: 3.47330e-02	AbsError: 2.92547e+15
      Equation: "HoleContinuityEquation"	RelError: 1.66564e-01	AbsError: 2.45540e+12
      Equation: "PotentialEquation"	RelError: 8.59261e-02	AbsError: 1.11394e-04
    Region: "oxide"	RelError: 1.73356e-04	AbsError: 1.08436e-04
      Equation: "PotentialEquation"	RelError: 1.73356e-04	AbsError: 1.08436e-04
Iteration: 2
  Device: "part1_baseline"	RelError: 2.47509e-04	AbsError: 2.13511e+11
    Region: "bulk"	RelError: 2.47483e-04	AbsError: 2.13511e+11
      Equation: "ElectronContinuityEquation"	RelError: 1.33939e-05	AbsError: 2.13225e+11
      Equation: "HoleContinuityEquation"	RelError: 2.21456e-04	AbsError: 2.86357e+08
      Equation: "PotentialEquation"	RelError: 1.26333e-05	AbsError: 2.19188e-08
    Region: "oxide"	RelError: 2.59328e-08	AbsError: 1.82133e-08
      Equation: "PotentialEquation"	RelError: 2.59328e-08	AbsError: 1.82133e-08
Iteration: 3
  Device: "part1_baseline"	RelError: 3.47594e-11	AbsError: 5.85032e+03
    Region: "bulk"	RelError: 3.47583e-11	AbsError: 5.85032e+03
      Equation: "ElectronContinuityEquation"	RelError: 1.29847e-12	AbsError: 5.84068e+03
      Equation: "HoleContinuityEquation"	RelError: 3.30302e-11	AbsError: 9.64679e+00
      Equation: "PotentialEquation"	RelError: 4.29640e-13	AbsError: 9.21426e-16
    Region: "oxide"	RelError: 1.05349e-15	AbsError: 6.43824e-16
      Equation: "PotentialEquation"	RelError: 1.05349e-15	AbsError: 6.43824e-16
number of equations 8953
Iteration: 0
  Device: "part1_baseline"	RelError: 1.71724e+01	AbsError: 1.57790e+17
    Region: "bulk"	RelError: 1.71492e+01	AbsError: 1.57790e+17
      Equation: "ElectronContinuityEquation"	RelError: 2.30967e-01	AbsError: 1.57673e+17
      Equation: "HoleContinuityEquation"	RelError: 8.99330e-01	AbsError: 1.16446e+14
      Equation: "PotentialEquation"	RelError: 1.60189e+01	AbsError: 1.58309e-02
    Region: "oxide"	RelError: 2.31717e-02	AbsError: 2.00000e-02
      Equation: "PotentialEquation"	RelError: 2.31717e-02	AbsError: 2.00000e-02
Iteration: 1
  Device: "part1_baseline"	RelError: 3.28111e-01	AbsError: 2.83096e+15
    Region: "bulk"	RelError: 3.27954e-01	AbsError: 2.83096e+15
      Equation: "ElectronContinuityEquation"	RelError: 3.32122e-02	AbsError: 2.82869e+15
      Equation: "HoleContinuityEquation"	RelError: 1.58767e-01	AbsError: 2.26712e+12
      Equation: "PotentialEquation"	RelError: 1.35975e-01	AbsError: 1.03353e-04
    Region: "oxide"	RelError: 1.56165e-04	AbsError: 1.00770e-04
      Equation: "PotentialEquation"	RelError: 1.56165e-04	AbsError: 1.00770e-04
Iteration: 2
  Device: "part1_baseline"	RelError: 2.23403e-04	AbsError: 1.93645e+11
    Region: "bulk"	RelError: 2.23384e-04	AbsError: 1.93645e+11
      Equation: "ElectronContinuityEquation"	RelError: 1.20522e-05	AbsError: 1.93419e+11
      Equation: "HoleContinuityEquation"	RelError: 2.00588e-04	AbsError: 2.25824e+08
      Equation: "PotentialEquation"	RelError: 1.07437e-05	AbsError: 1.76663e-08
    Region: "oxide"	RelError: 1.99016e-08	AbsError: 1.44164e-08
      Equation: "PotentialEquation"	RelError: 1.99016e-08	AbsError: 1.44164e-08
Iteration: 3
  Device: "part1_baseline"	RelError: 2.20889e-11	AbsError: 3.94391e+03
    Region: "bulk"	RelError: 2.20882e-11	AbsError: 3.94391e+03
      Equation: "ElectronContinuityEquation"	RelError: 8.12611e-13	AbsError: 3.93749e+03
      Equation: "HoleContinuityEquation"	RelError: 2.07087e-11	AbsError: 6.42137e+00
      Equation: "PotentialEquation"	RelError: 5.66850e-13	AbsError: 5.36386e-16
    Region: "oxide"	RelError: 7.00421e-16	AbsError: 4.38307e-16
      Equation: "PotentialEquation"	RelError: 7.00421e-16	AbsError: 4.38307e-16
number of equations 8953
Iteration: 0
  Device: "part1_baseline"	RelError: 3.68531e+00	AbsError: 1.63411e+17
    Region: "bulk"	RelError: 3.66266e+00	AbsError: 1.63411e+17
      Equation: "ElectronContinuityEquation"	RelError: 2.26371e-01	AbsError: 1.63298e+17
      Equation: "HoleContinuityEquation"	RelError: 8.63385e-01	AbsError: 1.12831e+14
      Equation: "PotentialEquation"	RelError: 2.57291e+00	AbsError: 1.57340e-02
    Region: "oxide"	RelError: 2.26469e-02	AbsError: 2.00000e-02
      Equation: "PotentialEquation"	RelError: 2.26469e-02	AbsError: 2.00000e-02
Iteration: 1
  Device: "part1_baseline"	RelError: 1.99873e-01	AbsError: 2.73332e+15
    Region: "bulk"	RelError: 1.99732e-01	AbsError: 2.73332e+15
      Equation: "ElectronContinuityEquation"	RelError: 3.18462e-02	AbsError: 2.73121e+15
      Equation: "HoleContinuityEquation"	RelError: 1.51290e-01	AbsError: 2.11228e+12
      Equation: "PotentialEquation"	RelError: 1.65958e-02	AbsError: 9.66050e-05
    Region: "oxide"	RelError: 1.41562e-04	AbsError: 9.41180e-05
      Equation: "PotentialEquation"	RelError: 1.41562e-04	AbsError: 9.41180e-05
Iteration: 2
  Device: "part1_baseline"	RelError: 1.95150e-04	AbsError: 1.74837e+11
    Region: "bulk"	RelError: 1.95135e-04	AbsError: 1.74837e+11
      Equation: "ElectronContinuityEquation"	RelError: 1.09005e-05	AbsError: 1.74656e+11
      Equation: "HoleContinuityEquation"	RelError: 1.81687e-04	AbsError: 1.80880e+08
      Equation: "PotentialEquation"	RelError: 2.54748e-06	AbsError: 1.43774e-08
    Region: "oxide"	RelError: 1.54277e-08	AbsError: 1.17442e-08
      Equation: "PotentialEquation"	RelError: 1.54277e-08	AbsError: 1.17442e-08
Iteration: 3
  Device: "part1_baseline"	RelError: 1.35849e-11	AbsError: 2.69963e+03
    Region: "bulk"	RelError: 1.35845e-11	AbsError: 2.69963e+03
      Equation: "ElectronContinuityEquation"	RelError: 5.34098e-13	AbsError: 2.69538e+03
      Equation: "HoleContinuityEquation"	RelError: 1.30043e-11	AbsError: 4.24724e+00
      Equation: "PotentialEquation"	RelError: 4.60703e-14	AbsError: 3.31573e-16
    Region: "oxide"	RelError: 4.69763e-16	AbsError: 3.05176e-16
      Equation: "PotentialEquation"	RelError: 4.69763e-16	AbsError: 3.05176e-16
number of equations 8953
Iteration: 0
  Device: "part1_baseline"	RelError: 4.51372e+00	AbsError: 1.68838e+17
    Region: "bulk"	RelError: 4.49157e+00	AbsError: 1.68838e+17
      Equation: "ElectronContinuityEquation"	RelError: 2.26983e-01	AbsError: 1.68727e+17
      Equation: "HoleContinuityEquation"	RelError: 8.28083e-01	AbsError: 1.10551e+14
      Equation: "PotentialEquation"	RelError: 3.43651e+00	AbsError: 1.56361e-02
    Region: "oxide"	RelError: 2.21454e-02	AbsError: 2.00000e-02
      Equation: "PotentialEquation"	RelError: 2.21454e-02	AbsError: 2.00000e-02
Iteration: 1
  Device: "part1_baseline"	RelError: 2.05696e-01	AbsError: 2.63589e+15
    Region: "bulk"	RelError: 2.05567e-01	AbsError: 2.63589e+15
      Equation: "ElectronContinuityEquation"	RelError: 3.06100e-02	AbsError: 2.63389e+15
      Equation: "HoleContinuityEquation"	RelError: 1.43997e-01	AbsError: 1.99278e+12
      Equation: "PotentialEquation"	RelError: 3.09601e-02	AbsError: 9.07143e-05
    Region: "oxide"	RelError: 1.29037e-04	AbsError: 8.85084e-05
      Equation: "PotentialEquation"	RelError: 1.29037e-04	AbsError: 8.85084e-05
Iteration: 2
  Device: "part1_baseline"	RelError: 1.76786e-04	AbsError: 1.57290e+11
    Region: "bulk"	RelError: 1.76774e-04	AbsError: 1.57290e+11
      Equation: "ElectronContinuityEquation"	RelError: 9.90472e-06	AbsError: 1.57139e+11
      Equation: "HoleContinuityEquation"	RelError: 1.64456e-04	AbsError: 1.51193e+08
      Equation: "PotentialEquation"	RelError: 2.41320e-06	AbsError: 1.20719e-08
    Region: "oxide"	RelError: 1.23387e-08	AbsError: 9.61156e-09
      Equation: "PotentialEquation"	RelError: 1.23387e-08	AbsError: 9.61156e-09
Iteration: 3
  Device: "part1_baseline"	RelError: 8.64240e-12	AbsError: 1.88086e+03
    Region: "bulk"	RelError: 8.64208e-12	AbsError: 1.88086e+03
      Equation: "ElectronContinuityEquation"	RelError: 3.60347e-13	AbsError: 1.87805e+03
      Equation: "HoleContinuityEquation"	RelError: 8.22115e-12	AbsError: 2.81021e+00
      Equation: "PotentialEquation"	RelError: 6.05861e-14	AbsError: 2.27421e-16
    Region: "oxide"	RelError: 3.19229e-16	AbsError: 2.14853e-16
      Equation: "PotentialEquation"	RelError: 3.19229e-16	AbsError: 2.14853e-16
number of equations 8953
Iteration: 0
  Device: "part1_baseline"	RelError: 1.94821e+02	AbsError: 1.74071e+17
    Region: "bulk"	RelError: 1.94799e+02	AbsError: 1.74071e+17
      Equation: "ElectronContinuityEquation"	RelError: 2.31694e-01	AbsError: 1.73963e+17
      Equation: "HoleContinuityEquation"	RelError: 7.92728e-01	AbsError: 1.08770e+14
      Equation: "PotentialEquation"	RelError: 1.93775e+02	AbsError: 1.55373e-02
    Region: "oxide"	RelError: 2.16656e-02	AbsError: 2.00000e-02
      Equation: "PotentialEquation"	RelError: 2.16656e-02	AbsError: 2.00000e-02
Iteration: 1
  Device: "part1_baseline"	RelError: 2.80422e+00	AbsError: 2.53935e+15
    Region: "bulk"	RelError: 2.80410e+00	AbsError: 2.53935e+15
      Equation: "ElectronContinuityEquation"	RelError: 2.94839e-02	AbsError: 2.53746e+15
      Equation: "HoleContinuityEquation"	RelError: 1.36759e-01	AbsError: 1.89507e+12
      Equation: "PotentialEquation"	RelError: 2.63786e+00	AbsError: 8.55564e-05
    Region: "oxide"	RelError: 1.18260e-04	AbsError: 8.35199e-05
      Equation: "PotentialEquation"	RelError: 1.18260e-04	AbsError: 8.35199e-05
Iteration: 2
  Device: "part1_baseline"	RelError: 2.36471e-04	AbsError: 1.41100e+11
    Region: "bulk"	RelError: 2.36461e-04	AbsError: 1.41100e+11
      Equation: "ElectronContinuityEquation"	RelError: 9.03771e-06	AbsError: 1.40971e+11
      Equation: "HoleContinuityEquation"	RelError: 1.48622e-04	AbsError: 1.29325e+08
      Equation: "PotentialEquation"	RelError: 7.88014e-05	AbsError: 1.01463e-08
    Region: "oxide"	RelError: 9.91648e-09	AbsError: 8.10684e-09
      Equation: "PotentialEquation"	RelError: 9.91648e-09	AbsError: 8.10684e-09
Iteration: 3
  Device: "part1_baseline"	RelError: 8.83048e-12	AbsError: 1.33913e+03
    Region: "bulk"	RelError: 8.83026e-12	AbsError: 1.33913e+03
      Equation: "ElectronContinuityEquation"	RelError: 2.52231e-13	AbsError: 1.33727e+03
      Equation: "HoleContinuityEquation"	RelError: 5.23010e-12	AbsError: 1.86596e+00
      Equation: "PotentialEquation"	RelError: 3.34793e-12	AbsError: 1.62626e-16
    Region: "oxide"	RelError: 2.20223e-16	AbsError: 1.53179e-16
      Equation: "PotentialEquation"	RelError: 2.20223e-16	AbsError: 1.53179e-16
number of equations 8953
Iteration: 0
  Device: "part1_baseline"	RelError: 4.86268e+00	AbsError: 1.79113e+17
    Region: "bulk"	RelError: 4.84148e+00	AbsError: 1.79113e+17
      Equation: "ElectronContinuityEquation"	RelError: 2.35464e-01	AbsError: 1.79005e+17
      Equation: "HoleContinuityEquation"	RelError: 7.58861e-01	AbsError: 1.07040e+14
      Equation: "PotentialEquation"	RelError: 3.84715e+00	AbsError: 1.54376e-02
    Region: "oxide"	RelError: 2.12062e-02	AbsError: 2.00000e-02
      Equation: "PotentialEquation"	RelError: 2.12062e-02	AbsError: 2.00000e-02
Iteration: 1
  Device: "part1_baseline"	RelError: 1.85594e-01	AbsError: 2.44430e+15
    Region: "bulk"	RelError: 1.85485e-01	AbsError: 2.44430e+15
      Equation: "ElectronContinuityEquation"	RelError: 2.84518e-02	AbsError: 2.44249e+15
      Equation: "HoleContinuityEquation"	RelError: 1.29455e-01	AbsError: 1.80774e+12
      Equation: "PotentialEquation"	RelError: 2.75779e-02	AbsError: 8.11295e-05
    Region: "oxide"	RelError: 1.08893e-04	AbsError: 7.92041e-05
      Equation: "PotentialEquation"	RelError: 1.08893e-04	AbsError: 7.92041e-05
Iteration: 2
  Device: "part1_baseline"	RelError: 1.42990e-04	AbsError: 1.26293e+11
    Region: "bulk"	RelError: 1.42982e-04	AbsError: 1.26293e+11
      Equation: "ElectronContinuityEquation"	RelError: 8.27797e-06	AbsError: 1.26182e+11
      Equation: "HoleContinuityEquation"	RelError: 1.33946e-04	AbsError: 1.11119e+08
      Equation: "PotentialEquation"	RelError: 7.57824e-07	AbsError: 8.80326e-09
    Region: "oxide"	RelError: 8.18393e-09	AbsError: 6.81385e-09
      Equation: "PotentialEquation"	RelError: 8.18393e-09	AbsError: 6.81385e-09
Iteration: 3
  Device: "part1_baseline"	RelError: 3.56123e-12	AbsError: 9.69952e+02
    Region: "bulk"	RelError: 3.56107e-12	AbsError: 9.69952e+02
      Equation: "ElectronContinuityEquation"	RelError: 1.81496e-13	AbsError: 9.68707e+02
      Equation: "HoleContinuityEquation"	RelError: 3.35550e-12	AbsError: 1.24483e+00
      Equation: "PotentialEquation"	RelError: 2.40792e-14	AbsError: 1.18285e-16
    Region: "oxide"	RelError: 1.54265e-16	AbsError: 1.11118e-16
      Equation: "PotentialEquation"	RelError: 1.54265e-16	AbsError: 1.11118e-16
number of equations 8953
Iteration: 0
  Device: "part1_baseline"	RelError: 1.48727e+01	AbsError: 1.83964e+17
    Region: "bulk"	RelError: 1.48519e+01	AbsError: 1.83964e+17
      Equation: "ElectronContinuityEquation"	RelError: 2.38351e-01	AbsError: 1.83859e+17
      Equation: "HoleContinuityEquation"	RelError: 7.38662e-01	AbsError: 1.05350e+14
      Equation: "PotentialEquation"	RelError: 1.38749e+01	AbsError: 1.53521e-02
    Region: "oxide"	RelError: 2.07658e-02	AbsError: 2.00000e-02
      Equation: "PotentialEquation"	RelError: 2.07658e-02	AbsError: 2.00000e-02
Iteration: 1
  Device: "part1_baseline"	RelError: 2.68427e-01	AbsError: 2.35119e+15
    Region: "bulk"	RelError: 2.68327e-01	AbsError: 2.35119e+15
      Equation: "ElectronContinuityEquation"	RelError: 2.75007e-02	AbsError: 2.34946e+15
      Equation: "HoleContinuityEquation"	RelError: 1.23126e-01	AbsError: 1.72780e+12
      Equation: "PotentialEquation"	RelError: 1.17700e-01	AbsError: 7.71381e-05
    Region: "oxide"	RelError: 1.00652e-04	AbsError: 7.53594e-05
      Equation: "PotentialEquation"	RelError: 1.00652e-04	AbsError: 7.53594e-05
Iteration: 2
  Device: "part1_baseline"	RelError: 1.32099e-04	AbsError: 1.12847e+11
    Region: "bulk"	RelError: 1.32092e-04	AbsError: 1.12847e+11
      Equation: "ElectronContinuityEquation"	RelError: 7.60826e-06	AbsError: 1.12752e+11
      Equation: "HoleContinuityEquation"	RelError: 1.21765e-04	AbsError: 9.59084e+07
      Equation: "PotentialEquation"	RelError: 2.71859e-06	AbsError: 7.62855e-09
    Region: "oxide"	RelError: 6.76748e-09	AbsError: 5.96082e-09
      Equation: "PotentialEquation"	RelError: 6.76748e-09	AbsError: 5.96082e-09
Iteration: 3
  Device: "part1_baseline"	RelError: 2.78579e-12	AbsError: 7.12856e+02
    Region: "bulk"	RelError: 2.78568e-12	AbsError: 7.12856e+02
      Equation: "ElectronContinuityEquation"	RelError: 1.33906e-13	AbsError: 7.12022e+02
      Equation: "HoleContinuityEquation"	RelError: 2.62908e-12	AbsError: 8.34413e-01
      Equation: "PotentialEquation"	RelError: 2.26959e-14	AbsError: 8.73555e-17
    Region: "oxide"	RelError: 1.09592e-16	AbsError: 8.21397e-17
      Equation: "PotentialEquation"	RelError: 1.09592e-16	AbsError: 8.21397e-17
number of equations 8953
Iteration: 0
  Device: "part1_baseline"	RelError: 1.87583e+01	AbsError: 1.88631e+17
    Region: "bulk"	RelError: 1.87380e+01	AbsError: 1.88631e+17
      Equation: "ElectronContinuityEquation"	RelError: 2.40388e-01	AbsError: 1.88527e+17
      Equation: "HoleContinuityEquation"	RelError: 7.19319e-01	AbsError: 1.03692e+14
      Equation: "PotentialEquation"	RelError: 1.77783e+01	AbsError: 1.52788e-02
    Region: "oxide"	RelError: 2.03434e-02	AbsError: 2.00000e-02
      Equation: "PotentialEquation"	RelError: 2.03434e-02	AbsError: 2.00000e-02
Iteration: 1
  Device: "part1_baseline"	RelError: 2.82055e-01	AbsError: 2.26037e+15
    Region: "bulk"	RelError: 2.81962e-01	AbsError: 2.26037e+15
      Equation: "ElectronContinuityEquation"	RelError: 2.66201e-02	AbsError: 2.25872e+15
      Equation: "HoleContinuityEquation"	RelError: 1.18961e-01	AbsError: 1.65412e+12
      Equation: "PotentialEquation"	RelError: 1.36381e-01	AbsError: 7.37078e-05
    Region: "oxide"	RelError: 9.34701e-05	AbsError: 7.19995e-05
      Equation: "PotentialEquation"	RelError: 9.34701e-05	AbsError: 7.19995e-05
Iteration: 2
  Device: "part1_baseline"	RelError: 1.22613e-04	AbsError: 1.00707e+11
    Region: "bulk"	RelError: 1.22607e-04	AbsError: 1.00707e+11
      Equation: "ElectronContinuityEquation"	RelError: 7.01467e-06	AbsError: 1.00624e+11
      Equation: "HoleContinuityEquation"	RelError: 1.13424e-04	AbsError: 8.31509e+07
      Equation: "PotentialEquation"	RelError: 2.16795e-06	AbsError: 6.69319e-09
    Region: "oxide"	RelError: 5.79259e-09	AbsError: 5.18575e-09
      Equation: "PotentialEquation"	RelError: 5.79259e-09	AbsError: 5.18575e-09
Iteration: 3
  Device: "part1_baseline"	RelError: 2.56483e-12	AbsError: 5.29055e+02
    Region: "bulk"	RelError: 2.56475e-12	AbsError: 5.29055e+02
      Equation: "ElectronContinuityEquation"	RelError: 1.00733e-13	AbsError: 5.28494e+02
      Equation: "HoleContinuityEquation"	RelError: 2.43869e-12	AbsError: 5.61494e-01
      Equation: "PotentialEquation"	RelError: 2.53312e-14	AbsError: 6.52838e-17
    Region: "oxide"	RelError: 7.86986e-17	AbsError: 6.15044e-17
      Equation: "PotentialEquation"	RelError: 7.86986e-17	AbsError: 6.15044e-17
number of equations 8953
Iteration: 0
  Device: "part1_baseline"	RelError: 1.58474e+01	AbsError: 1.93117e+17
    Region: "bulk"	RelError: 1.58275e+01	AbsError: 1.93117e+17
      Equation: "ElectronContinuityEquation"	RelError: 2.41590e-01	AbsError: 1.93015e+17
      Equation: "HoleContinuityEquation"	RelError: 7.00532e-01	AbsError: 1.02062e+14
      Equation: "PotentialEquation"	RelError: 1.48854e+01	AbsError: 1.52044e-02
    Region: "oxide"	RelError: 1.99378e-02	AbsError: 2.00000e-02
      Equation: "PotentialEquation"	RelError: 1.99378e-02	AbsError: 2.00000e-02
Iteration: 1
  Device: "part1_baseline"	RelError: 2.22082e-01	AbsError: 2.17213e+15
    Region: "bulk"	RelError: 2.21995e-01	AbsError: 2.17213e+15
      Equation: "ElectronContinuityEquation"	RelError: 2.58010e-02	AbsError: 2.17055e+15
      Equation: "HoleContinuityEquation"	RelError: 1.14955e-01	AbsError: 1.58581e+12
      Equation: "PotentialEquation"	RelError: 8.12390e-02	AbsError: 7.06063e-05
    Region: "oxide"	RelError: 8.70600e-05	AbsError: 6.89310e-05
      Equation: "PotentialEquation"	RelError: 8.70600e-05	AbsError: 6.89310e-05
Iteration: 2
  Device: "part1_baseline"	RelError: 1.13150e-04	AbsError: 8.97957e+10
    Region: "bulk"	RelError: 1.13145e-04	AbsError: 8.97957e+10
      Equation: "ElectronContinuityEquation"	RelError: 6.48585e-06	AbsError: 8.97233e+10
      Equation: "HoleContinuityEquation"	RelError: 1.05743e-04	AbsError: 7.24037e+07
      Equation: "PotentialEquation"	RelError: 9.15458e-07	AbsError: 6.00112e-09
    Region: "oxide"	RelError: 4.93000e-09	AbsError: 4.55283e-09
      Equation: "PotentialEquation"	RelError: 4.93000e-09	AbsError: 4.55283e-09
Iteration: 3
  Device: "part1_baseline"	RelError: 2.39406e-12	AbsError: 4.04888e+02
    Region: "bulk"	RelError: 2.39401e-12	AbsError: 4.04888e+02
      Equation: "ElectronContinuityEquation"	RelError: 7.66186e-14	AbsError: 4.04509e+02
      Equation: "HoleContinuityEquation"	RelError: 2.28766e-12	AbsError: 3.78767e-01
      Equation: "PotentialEquation"	RelError: 2.97251e-14	AbsError: 4.90159e-17
    Region: "oxide"	RelError: 5.78198e-17	AbsError: 4.63503e-17
      Equation: "PotentialEquation"	RelError: 5.78198e-17	AbsError: 4.63503e-17
number of equations 8953
Iteration: 0
  Device: "part1_baseline"	RelError: 2.47369e+00	AbsError: 1.97427e+17
    Region: "bulk"	RelError: 2.45414e+00	AbsError: 1.97427e+17
      Equation: "ElectronContinuityEquation"	RelError: 2.41945e-01	AbsError: 1.97327e+17
      Equation: "HoleContinuityEquation"	RelError: 6.82000e-01	AbsError: 1.00453e+14
      Equation: "PotentialEquation"	RelError: 1.53019e+00	AbsError: 1.51287e-02
    Region: "oxide"	RelError: 1.95480e-02	AbsError: 2.00000e-02
      Equation: "PotentialEquation"	RelError: 1.95480e-02	AbsError: 2.00000e-02
Iteration: 1
  Device: "part1_baseline"	RelError: 1.42736e-01	AbsError: 2.08667e+15
    Region: "bulk"	RelError: 1.42654e-01	AbsError: 2.08667e+15
      Equation: "ElectronContinuityEquation"	RelError: 2.50360e-02	AbsError: 2.08514e+15
      Equation: "HoleContinuityEquation"	RelError: 1.11053e-01	AbsError: 1.52210e+12
      Equation: "PotentialEquation"	RelError: 6.56492e-03	AbsError: 6.78243e-05
    Region: "oxide"	RelError: 8.14072e-05	AbsError: 6.63104e-05
      Equation: "PotentialEquation"	RelError: 8.14072e-05	AbsError: 6.63104e-05
Iteration: 2
  Device: "part1_baseline"	RelError: 1.04923e-04	AbsError: 8.00246e+10
    Region: "bulk"	RelError: 1.04918e-04	AbsError: 8.00246e+10
      Equation: "ElectronContinuityEquation"	RelError: 6.01250e-06	AbsError: 7.99612e+10
      Equation: "HoleContinuityEquation"	RelError: 9.86151e-05	AbsError: 6.33088e+07
      Equation: "PotentialEquation"	RelError: 2.90667e-07	AbsError: 5.37833e-09
    Region: "oxide"	RelError: 4.28136e-09	AbsError: 4.14351e-09
      Equation: "PotentialEquation"	RelError: 4.28136e-09	AbsError: 4.14351e-09
Iteration: 3
  Device: "part1_baseline"	RelError: 2.16722e-12	AbsError: 3.12996e+02
    Region: "bulk"	RelError: 2.16718e-12	AbsError: 3.12996e+02
      Equation: "ElectronContinuityEquation"	RelError: 6.04397e-14	AbsError: 3.12740e+02
      Equation: "HoleContinuityEquation"	RelError: 2.10430e-12	AbsError: 2.55590e-01
      Equation: "PotentialEquation"	RelError: 2.43488e-15	AbsError: 3.80081e-17
    Region: "oxide"	RelError: 4.30229e-17	AbsError: 3.56878e-17
      Equation: "PotentialEquation"	RelError: 4.30229e-17	AbsError: 3.56878e-17
number of equations 8953
Iteration: 0
  Device: "part1_baseline"	RelError: 1.03009e+02	AbsError: 2.01568e+17
    Region: "bulk"	RelError: 1.02990e+02	AbsError: 2.01568e+17
      Equation: "ElectronContinuityEquation"	RelError: 2.41425e-01	AbsError: 2.01469e+17
      Equation: "HoleContinuityEquation"	RelError: 6.63417e-01	AbsError: 9.88608e+13
      Equation: "PotentialEquation"	RelError: 1.02085e+02	AbsError: 1.50519e-02
    Region: "oxide"	RelError: 1.91732e-02	AbsError: 2.00000e-02
      Equation: "PotentialEquation"	RelError: 1.91732e-02	AbsError: 2.00000e-02
Iteration: 1
  Device: "part1_baseline"	RelError: 4.29707e-01	AbsError: 2.00411e+15
    Region: "bulk"	RelError: 4.29630e-01	AbsError: 2.00411e+15
      Equation: "ElectronContinuityEquation"	RelError: 2.43190e-02	AbsError: 2.00264e+15
      Equation: "HoleContinuityEquation"	RelError: 1.07197e-01	AbsError: 1.46238e+12
      Equation: "PotentialEquation"	RelError: 2.98114e-01	AbsError: 6.54367e-05
    Region: "oxide"	RelError: 7.63097e-05	AbsError: 6.38342e-05
      Equation: "PotentialEquation"	RelError: 7.63097e-05	AbsError: 6.38342e-05
Iteration: 2
  Device: "part1_baseline"	RelError: 1.01095e-04	AbsError: 7.13009e+10
    Region: "bulk"	RelError: 1.01092e-04	AbsError: 7.13009e+10
      Equation: "ElectronContinuityEquation"	RelError: 5.58697e-06	AbsError: 7.12442e+10
      Equation: "HoleContinuityEquation"	RelError: 9.19437e-05	AbsError: 5.67423e+07
      Equation: "PotentialEquation"	RelError: 3.56089e-06	AbsError: 4.83285e-09
    Region: "oxide"	RelError: 3.81431e-09	AbsError: 3.74686e-09
      Equation: "PotentialEquation"	RelError: 3.81431e-09	AbsError: 3.74686e-09
Iteration: 3
  Device: "part1_baseline"	RelError: 2.05497e-12	AbsError: 2.44314e+02
    Region: "bulk"	RelError: 2.05494e-12	AbsError: 2.44314e+02
      Equation: "ElectronContinuityEquation"	RelError: 4.76477e-14	AbsError: 2.44142e+02
      Equation: "HoleContinuityEquation"	RelError: 1.94589e-12	AbsError: 1.72020e-01
      Equation: "PotentialEquation"	RelError: 6.14074e-14	AbsError: 2.93865e-17
    Region: "oxide"	RelError: 3.19029e-17	AbsError: 2.77341e-17
      Equation: "PotentialEquation"	RelError: 3.19029e-17	AbsError: 2.77341e-17
number of equations 8953
Iteration: 0
  Device: "part1_baseline"	RelError: 2.03865e+01	AbsError: 2.05545e+17
    Region: "bulk"	RelError: 2.03677e+01	AbsError: 2.05545e+17
      Equation: "ElectronContinuityEquation"	RelError: 2.39980e-01	AbsError: 2.05447e+17
      Equation: "HoleContinuityEquation"	RelError: 6.44460e-01	AbsError: 9.72825e+13
      Equation: "PotentialEquation"	RelError: 1.94833e+01	AbsError: 1.49738e-02
    Region: "oxide"	RelError: 1.88125e-02	AbsError: 2.00000e-02
      Equation: "PotentialEquation"	RelError: 1.88125e-02	AbsError: 2.00000e-02
Iteration: 1
  Device: "part1_baseline"	RelError: 1.86694e-01	AbsError: 1.92454e+15
    Region: "bulk"	RelError: 1.86622e-01	AbsError: 1.92454e+15
      Equation: "ElectronContinuityEquation"	RelError: 2.36448e-02	AbsError: 1.92313e+15
      Equation: "HoleContinuityEquation"	RelError: 1.03329e-01	AbsError: 1.40613e+12
      Equation: "PotentialEquation"	RelError: 5.96483e-02	AbsError: 6.31467e-05
    Region: "oxide"	RelError: 7.17946e-05	AbsError: 6.17147e-05
      Equation: "PotentialEquation"	RelError: 7.17946e-05	AbsError: 6.17147e-05
Iteration: 2
  Device: "part1_baseline"	RelError: 9.65518e-05	AbsError: 6.35289e+10
    Region: "bulk"	RelError: 9.65484e-05	AbsError: 6.35289e+10
      Equation: "ElectronContinuityEquation"	RelError: 5.20285e-06	AbsError: 6.34779e+10
      Equation: "HoleContinuityEquation"	RelError: 8.56441e-05	AbsError: 5.10003e+07
      Equation: "PotentialEquation"	RelError: 5.70146e-06	AbsError: 4.36784e-09
    Region: "oxide"	RelError: 3.37595e-09	AbsError: 3.36485e-09
      Equation: "PotentialEquation"	RelError: 3.37595e-09	AbsError: 3.36485e-09
Iteration: 3
  Device: "part1_baseline"	RelError: 1.81622e-12	AbsError: 1.98243e+02
    Region: "bulk"	RelError: 1.81619e-12	AbsError: 1.98243e+02
      Equation: "ElectronContinuityEquation"	RelError: 3.81207e-14	AbsError: 1.98128e+02
      Equation: "HoleContinuityEquation"	RelError: 1.77377e-12	AbsError: 1.15016e-01
      Equation: "PotentialEquation"	RelError: 4.30023e-15	AbsError: 2.30438e-17
    Region: "oxide"	RelError: 2.44620e-17	AbsError: 2.15810e-17
      Equation: "PotentialEquation"	RelError: 2.44620e-17	AbsError: 2.15810e-17
number of equations 8953
Iteration: 0
  Device: "part1_baseline"	RelError: 2.77937e+00	AbsError: 2.09364e+17
    Region: "bulk"	RelError: 2.76090e+00	AbsError: 2.09364e+17
      Equation: "ElectronContinuityEquation"	RelError: 2.37544e-01	AbsError: 2.09268e+17
      Equation: "HoleContinuityEquation"	RelError: 6.24800e-01	AbsError: 9.60576e+13
      Equation: "PotentialEquation"	RelError: 1.89856e+00	AbsError: 1.48946e-02
    Region: "oxide"	RelError: 1.84652e-02	AbsError: 2.00000e-02
      Equation: "PotentialEquation"	RelError: 1.84652e-02	AbsError: 2.00000e-02
Iteration: 1
  Device: "part1_baseline"	RelError: 1.28638e-01	AbsError: 1.84800e+15
    Region: "bulk"	RelError: 1.28571e-01	AbsError: 1.84800e+15
      Equation: "ElectronContinuityEquation"	RelError: 2.30087e-02	AbsError: 1.84664e+15
      Equation: "HoleContinuityEquation"	RelError: 9.93884e-02	AbsError: 1.35291e+12
      Equation: "PotentialEquation"	RelError: 6.17355e-03	AbsError: 6.12029e-05
    Region: "oxide"	RelError: 6.76728e-05	AbsError: 5.97798e-05
      Equation: "PotentialEquation"	RelError: 6.76728e-05	AbsError: 5.97798e-05
Iteration: 2
  Device: "part1_baseline"	RelError: 8.50497e-05	AbsError: 5.66166e+10
    Region: "bulk"	RelError: 8.50468e-05	AbsError: 5.66166e+10
      Equation: "ElectronContinuityEquation"	RelError: 5.07984e-06	AbsError: 5.65707e+10
      Equation: "HoleContinuityEquation"	RelError: 7.96401e-05	AbsError: 4.59467e+07
      Equation: "PotentialEquation"	RelError: 3.26799e-07	AbsError: 4.04515e-09
    Region: "oxide"	RelError: 2.96695e-09	AbsError: 3.03503e-09
      Equation: "PotentialEquation"	RelError: 2.96695e-09	AbsError: 3.03503e-09
Iteration: 3
  Device: "part1_baseline"	RelError: 1.63474e-12	AbsError: 1.60507e+02
    Region: "bulk"	RelError: 1.63473e-12	AbsError: 1.60507e+02
      Equation: "ElectronContinuityEquation"	RelError: 3.62560e-14	AbsError: 1.60432e+02
      Equation: "HoleContinuityEquation"	RelError: 1.59782e-12	AbsError: 7.59752e-02
      Equation: "PotentialEquation"	RelError: 6.47559e-16	AbsError: 1.80368e-17
    Region: "oxide"	RelError: 1.83818e-17	AbsError: 1.70491e-17
      Equation: "PotentialEquation"	RelError: 1.83818e-17	AbsError: 1.70491e-17
number of equations 8953
Iteration: 0
  Device: "part1_baseline"	RelError: 4.64811e+00	AbsError: 2.13031e+17
    Region: "bulk"	RelError: 4.62998e+00	AbsError: 2.13031e+17
      Equation: "ElectronContinuityEquation"	RelError: 2.36675e-01	AbsError: 2.12936e+17
      Equation: "HoleContinuityEquation"	RelError: 6.04098e-01	AbsError: 9.49009e+13
      Equation: "PotentialEquation"	RelError: 3.78921e+00	AbsError: 1.48143e-02
    Region: "oxide"	RelError: 1.81304e-02	AbsError: 2.00000e-02
      Equation: "PotentialEquation"	RelError: 1.81304e-02	AbsError: 2.00000e-02
Iteration: 1
  Device: "part1_baseline"	RelError: 1.31417e-01	AbsError: 1.77449e+15
    Region: "bulk"	RelError: 1.31353e-01	AbsError: 1.77449e+15
      Equation: "ElectronContinuityEquation"	RelError: 2.24071e-02	AbsError: 1.77319e+15
      Equation: "HoleContinuityEquation"	RelError: 9.53158e-02	AbsError: 1.30237e+12
      Equation: "PotentialEquation"	RelError: 1.36304e-02	AbsError: 5.94727e-05
    Region: "oxide"	RelError: 6.40045e-05	AbsError: 5.79288e-05
      Equation: "PotentialEquation"	RelError: 6.40045e-05	AbsError: 5.79288e-05
Iteration: 2
  Device: "part1_baseline"	RelError: 7.89931e-05	AbsError: 5.04767e+10
    Region: "bulk"	RelError: 7.89904e-05	AbsError: 5.04767e+10
      Equation: "ElectronContinuityEquation"	RelError: 4.99350e-06	AbsError: 5.04353e+10
      Equation: "HoleContinuityEquation"	RelError: 7.38644e-05	AbsError: 4.14872e+07
      Equation: "PotentialEquation"	RelError: 1.32508e-07	AbsError: 3.75191e-09
    Region: "oxide"	RelError: 2.66977e-09	AbsError: 2.88779e-09
      Equation: "PotentialEquation"	RelError: 2.66977e-09	AbsError: 2.88779e-09
Iteration: 3
  Device: "part1_baseline"	RelError: 1.46328e-12	AbsError: 1.31866e+02
    Region: "bulk"	RelError: 1.46326e-12	AbsError: 1.31866e+02
      Equation: "ElectronContinuityEquation"	RelError: 3.72371e-14	AbsError: 1.31817e+02
      Equation: "HoleContinuityEquation"	RelError: 1.42553e-12	AbsError: 4.96798e-02
      Equation: "PotentialEquation"	RelError: 4.94771e-16	AbsError: 1.54609e-17
    Region: "oxide"	RelError: 1.43007e-17	AbsError: 1.34523e-17
      Equation: "PotentialEquation"	RelError: 1.43007e-17	AbsError: 1.34523e-17
number of equations 8953
Iteration: 0
  Device: "part1_baseline"	RelError: 4.31009e+00	AbsError: 2.16552e+17
    Region: "bulk"	RelError: 4.29228e+00	AbsError: 2.16552e+17
      Equation: "ElectronContinuityEquation"	RelError: 2.38276e-01	AbsError: 2.16459e+17
      Equation: "HoleContinuityEquation"	RelError: 5.86308e-01	AbsError: 9.37410e+13
      Equation: "PotentialEquation"	RelError: 3.46770e+00	AbsError: 1.47329e-02
    Region: "oxide"	RelError: 1.78075e-02	AbsError: 2.00000e-02
      Equation: "PotentialEquation"	RelError: 1.78075e-02	AbsError: 2.00000e-02
Iteration: 1
  Device: "part1_baseline"	RelError: 1.24402e-01	AbsError: 1.70400e+15
    Region: "bulk"	RelError: 1.24341e-01	AbsError: 1.70400e+15
      Equation: "ElectronContinuityEquation"	RelError: 2.18365e-02	AbsError: 1.70274e+15
      Equation: "HoleContinuityEquation"	RelError: 9.10526e-02	AbsError: 1.25504e+12
      Equation: "PotentialEquation"	RelError: 1.14521e-02	AbsError: 5.77859e-05
    Region: "oxide"	RelError: 6.06495e-05	AbsError: 5.64010e-05
      Equation: "PotentialEquation"	RelError: 6.06495e-05	AbsError: 5.64010e-05
Iteration: 2
  Device: "part1_baseline"	RelError: 7.34149e-05	AbsError: 4.50283e+10
    Region: "bulk"	RelError: 7.34124e-05	AbsError: 4.50283e+10
      Equation: "ElectronContinuityEquation"	RelError: 4.87223e-06	AbsError: 4.49903e+10
      Equation: "HoleContinuityEquation"	RelError: 6.82591e-05	AbsError: 3.80090e+07
      Equation: "PotentialEquation"	RelError: 2.81043e-07	AbsError: 3.48576e-09
    Region: "oxide"	RelError: 2.49057e-09	AbsError: 2.73000e-09
      Equation: "PotentialEquation"	RelError: 2.49057e-09	AbsError: 2.73000e-09
Iteration: 3
  Device: "part1_baseline"	RelError: 1.29906e-12	AbsError: 1.15618e+02
    Region: "bulk"	RelError: 1.29905e-12	AbsError: 1.15618e+02
      Equation: "ElectronContinuityEquation"	RelError: 3.77700e-14	AbsError: 1.15579e+02
      Equation: "HoleContinuityEquation"	RelError: 1.26102e-12	AbsError: 3.83228e-02
      Equation: "PotentialEquation"	RelError: 2.59596e-16	AbsError: 1.37398e-17
    Region: "oxide"	RelError: 1.08064e-17	AbsError: 1.04519e-17
      Equation: "PotentialEquation"	RelError: 1.08064e-17	AbsError: 1.04519e-17
number of equations 8953
Iteration: 0
  Device: "part1_baseline"	RelError: 7.06919e+00	AbsError: 2.19934e+17
    Region: "bulk"	RelError: 7.05170e+00	AbsError: 2.19934e+17
      Equation: "ElectronContinuityEquation"	RelError: 2.39584e-01	AbsError: 2.19841e+17
      Equation: "HoleContinuityEquation"	RelError: 5.74385e-01	AbsError: 9.25761e+13
      Equation: "PotentialEquation"	RelError: 6.23773e+00	AbsError: 1.46506e-02
    Region: "oxide"	RelError: 1.74960e-02	AbsError: 2.00000e-02
      Equation: "PotentialEquation"	RelError: 1.74960e-02	AbsError: 2.00000e-02
Iteration: 1
  Device: "part1_baseline"	RelError: 1.27670e-01	AbsError: 1.63647e+15
    Region: "bulk"	RelError: 1.27613e-01	AbsError: 1.63647e+15
      Equation: "ElectronContinuityEquation"	RelError: 2.12942e-02	AbsError: 1.63526e+15
      Equation: "HoleContinuityEquation"	RelError: 8.73831e-02	AbsError: 1.21787e+12
      Equation: "PotentialEquation"	RelError: 1.89355e-02	AbsError: 5.62065e-05
    Region: "oxide"	RelError: 5.75894e-05	AbsError: 5.49838e-05
      Equation: "PotentialEquation"	RelError: 5.75894e-05	AbsError: 5.49838e-05
Iteration: 2
  Device: "part1_baseline"	RelError: 6.77295e-05	AbsError: 4.01958e+10
    Region: "bulk"	RelError: 6.77272e-05	AbsError: 4.01958e+10
      Equation: "ElectronContinuityEquation"	RelError: 4.71988e-06	AbsError: 4.01609e+10
      Equation: "HoleContinuityEquation"	RelError: 6.27809e-05	AbsError: 3.48927e+07
      Equation: "PotentialEquation"	RelError: 2.26407e-07	AbsError: 3.23965e-09
    Region: "oxide"	RelError: 2.30801e-09	AbsError: 2.56305e-09
      Equation: "PotentialEquation"	RelError: 2.30801e-09	AbsError: 2.56305e-09
Iteration: 3
  Device: "part1_baseline"	RelError: 1.14390e-12	AbsError: 9.88904e+01
    Region: "bulk"	RelError: 1.14389e-12	AbsError: 9.88904e+01
      Equation: "ElectronContinuityEquation"	RelError: 3.72687e-14	AbsError: 9.88602e+01
      Equation: "HoleContinuityEquation"	RelError: 1.10639e-12	AbsError: 3.01872e-02
      Equation: "PotentialEquation"	RelError: 2.38912e-16	AbsError: 1.22584e-17
    Region: "oxide"	RelError: 8.38784e-18	AbsError: 8.44004e-18
      Equation: "PotentialEquation"	RelError: 8.38784e-18	AbsError: 8.44004e-18
number of equations 8953
Iteration: 0
  Device: "part1_baseline"	RelError: 5.71464e+01	AbsError: 2.23181e+17
    Region: "bulk"	RelError: 5.71292e+01	AbsError: 2.23181e+17
      Equation: "ElectronContinuityEquation"	RelError: 2.40606e-01	AbsError: 2.23090e+17
      Equation: "HoleContinuityEquation"	RelError: 5.62138e-01	AbsError: 9.14049e+13
      Equation: "PotentialEquation"	RelError: 5.63265e+01	AbsError: 1.45672e-02
    Region: "oxide"	RelError: 1.71951e-02	AbsError: 2.00000e-02
      Equation: "PotentialEquation"	RelError: 1.71951e-02	AbsError: 2.00000e-02
Iteration: 1
  Device: "part1_baseline"	RelError: 3.13528e-01	AbsError: 1.57185e+15
    Region: "bulk"	RelError: 3.13473e-01	AbsError: 1.57185e+15
      Equation: "ElectronContinuityEquation"	RelError: 2.11710e-02	AbsError: 1.57067e+15
      Equation: "HoleContinuityEquation"	RelError: 8.49354e-02	AbsError: 1.18209e+12
      Equation: "PotentialEquation"	RelError: 2.07366e-01	AbsError: 5.50285e-05
    Region: "oxide"	RelError: 5.48395e-05	AbsError: 5.36083e-05
      Equation: "PotentialEquation"	RelError: 5.48395e-05	AbsError: 5.36083e-05
Iteration: 2
  Device: "part1_baseline"	RelError: 6.66256e-05	AbsError: 3.59108e+10
    Region: "bulk"	RelError: 6.66235e-05	AbsError: 3.59108e+10
      Equation: "ElectronContinuityEquation"	RelError: 4.53957e-06	AbsError: 3.58787e+10
      Equation: "HoleContinuityEquation"	RelError: 5.90793e-05	AbsError: 3.20910e+07
      Equation: "PotentialEquation"	RelError: 3.00456e-06	AbsError: 3.01152e-09
    Region: "oxide"	RelError: 2.12384e-09	AbsError: 2.38883e-09
      Equation: "PotentialEquation"	RelError: 2.12384e-09	AbsError: 2.38883e-09
Iteration: 3
  Device: "part1_baseline"	RelError: 1.02587e-12	AbsError: 8.56693e+01
    Region: "bulk"	RelError: 1.02586e-12	AbsError: 8.56693e+01
      Equation: "ElectronContinuityEquation"	RelError: 3.59560e-14	AbsError: 8.56440e+01
      Equation: "HoleContinuityEquation"	RelError: 9.74268e-13	AbsError: 2.52493e-02
      Equation: "PotentialEquation"	RelError: 1.56342e-14	AbsError: 1.09821e-17
    Region: "oxide"	RelError: 6.42607e-18	AbsError: 6.55188e-18
      Equation: "PotentialEquation"	RelError: 6.42607e-18	AbsError: 6.55188e-18
number of equations 8953
Iteration: 0
  Device: "part1_baseline"	RelError: 3.02587e+00	AbsError: 2.26300e+17
    Region: "bulk"	RelError: 3.00897e+00	AbsError: 2.26300e+17
      Equation: "ElectronContinuityEquation"	RelError: 2.41346e-01	AbsError: 2.26210e+17
      Equation: "HoleContinuityEquation"	RelError: 5.49323e-01	AbsError: 9.02265e+13
      Equation: "PotentialEquation"	RelError: 2.21830e+00	AbsError: 1.44830e-02
    Region: "oxide"	RelError: 1.69044e-02	AbsError: 2.00000e-02
      Equation: "PotentialEquation"	RelError: 1.69044e-02	AbsError: 2.00000e-02
Iteration: 1
  Device: "part1_baseline"	RelError: 1.09938e-01	AbsError: 1.51005e+15
    Region: "bulk"	RelError: 1.09885e-01	AbsError: 1.51005e+15
      Equation: "ElectronContinuityEquation"	RelError: 2.13753e-02	AbsError: 1.50891e+15
      Equation: "HoleContinuityEquation"	RelError: 8.24358e-02	AbsError: 1.14754e+12
      Equation: "PotentialEquation"	RelError: 6.07425e-03	AbsError: 5.38501e-05
    Region: "oxide"	RelError: 5.22880e-05	AbsError: 5.23313e-05
      Equation: "PotentialEquation"	RelError: 5.22880e-05	AbsError: 5.23313e-05
Iteration: 2
  Device: "part1_baseline"	RelError: 5.99684e-05	AbsError: 3.21113e+10
    Region: "bulk"	RelError: 5.99665e-05	AbsError: 3.21113e+10
      Equation: "ElectronContinuityEquation"	RelError: 4.33401e-06	AbsError: 3.20817e+10
      Equation: "HoleContinuityEquation"	RelError: 5.55421e-05	AbsError: 2.95652e+07
      Equation: "PotentialEquation"	RelError: 9.03527e-08	AbsError: 2.79955e-09
    Region: "oxide"	RelError: 1.93999e-09	AbsError: 2.20952e-09
      Equation: "PotentialEquation"	RelError: 1.93999e-09	AbsError: 2.20952e-09
Iteration: 3
  Device: "part1_baseline"	RelError: 8.99145e-13	AbsError: 8.02090e+01
    Region: "bulk"	RelError: 8.99141e-13	AbsError: 8.02090e+01
      Equation: "ElectronContinuityEquation"	RelError: 3.40561e-14	AbsError: 8.01878e+01
      Equation: "HoleContinuityEquation"	RelError: 8.64618e-13	AbsError: 2.11874e-02
      Equation: "PotentialEquation"	RelError: 4.66291e-16	AbsError: 9.88227e-18
    Region: "oxide"	RelError: 4.70075e-18	AbsError: 4.95117e-18
      Equation: "PotentialEquation"	RelError: 4.70075e-18	AbsError: 4.95117e-18
number of equations 8953
Iteration: 0
  Device: "part1_baseline"	RelError: 6.70451e+00	AbsError: 2.29297e+17
    Region: "bulk"	RelError: 6.68789e+00	AbsError: 2.29297e+17
      Equation: "ElectronContinuityEquation"	RelError: 2.41798e-01	AbsError: 2.29208e+17
      Equation: "HoleContinuityEquation"	RelError: 5.35666e-01	AbsError: 8.90400e+13
      Equation: "PotentialEquation"	RelError: 5.91042e+00	AbsError: 1.43980e-02
    Region: "oxide"	RelError: 1.66234e-02	AbsError: 2.00000e-02
      Equation: "PotentialEquation"	RelError: 1.66234e-02	AbsError: 2.00000e-02
Iteration: 1
  Device: "part1_baseline"	RelError: 1.19063e-01	AbsError: 1.45099e+15
    Region: "bulk"	RelError: 1.19013e-01	AbsError: 1.45099e+15
      Equation: "ElectronContinuityEquation"	RelError: 2.15385e-02	AbsError: 1.44988e+15
      Equation: "HoleContinuityEquation"	RelError: 7.98402e-02	AbsError: 1.11408e+12
      Equation: "PotentialEquation"	RelError: 1.76348e-02	AbsError: 5.26779e-05
    Region: "oxide"	RelError: 4.99605e-05	AbsError: 5.13563e-05
      Equation: "PotentialEquation"	RelError: 4.99605e-05	AbsError: 5.13563e-05
Iteration: 2
  Device: "part1_baseline"	RelError: 5.64659e-05	AbsError: 2.87419e+10
    Region: "bulk"	RelError: 5.64642e-05	AbsError: 2.87419e+10
      Equation: "ElectronContinuityEquation"	RelError: 4.10584e-06	AbsError: 2.87146e+10
      Equation: "HoleContinuityEquation"	RelError: 5.21301e-05	AbsError: 2.72819e+07
      Equation: "PotentialEquation"	RelError: 2.28283e-07	AbsError: 2.67336e-09
    Region: "oxide"	RelError: 1.75840e-09	AbsError: 2.02744e-09
      Equation: "PotentialEquation"	RelError: 1.75840e-09	AbsError: 2.02744e-09
Iteration: 3
  Device: "part1_baseline"	RelError: 8.00430e-13	AbsError: 7.18002e+01
    Region: "bulk"	RelError: 8.00427e-13	AbsError: 7.18002e+01
      Equation: "ElectronContinuityEquation"	RelError: 3.17748e-14	AbsError: 7.17779e+01
      Equation: "HoleContinuityEquation"	RelError: 7.65973e-13	AbsError: 2.22618e-02
      Equation: "PotentialEquation"	RelError: 2.67889e-15	AbsError: 8.93089e-18
    Region: "oxide"	RelError: 3.68230e-18	AbsError: 4.02984e-18
      Equation: "PotentialEquation"	RelError: 3.68230e-18	AbsError: 4.02984e-18
number of equations 8953
Iteration: 0
  Device: "part1_baseline"	RelError: 4.38157e+00	AbsError: 2.32176e+17
    Region: "bulk"	RelError: 4.36521e+00	AbsError: 2.32176e+17
      Equation: "ElectronContinuityEquation"	RelError: 2.41952e-01	AbsError: 2.32088e+17
      Equation: "HoleContinuityEquation"	RelError: 5.20860e-01	AbsError: 8.78451e+13
      Equation: "PotentialEquation"	RelError: 3.60240e+00	AbsError: 1.43124e-02
    Region: "oxide"	RelError: 1.63516e-02	AbsError: 2.00000e-02
      Equation: "PotentialEquation"	RelError: 1.63516e-02	AbsError: 2.00000e-02
Iteration: 1
  Device: "part1_baseline"	RelError: 1.07896e-01	AbsError: 1.39457e+15
    Region: "bulk"	RelError: 1.07848e-01	AbsError: 1.39457e+15
      Equation: "ElectronContinuityEquation"	RelError: 2.16732e-02	AbsError: 1.39349e+15
      Equation: "HoleContinuityEquation"	RelError: 7.71005e-02	AbsError: 1.08159e+12
      Equation: "PotentialEquation"	RelError: 9.07471e-03	AbsError: 5.15177e-05
    Region: "oxide"	RelError: 4.78488e-05	AbsError: 5.03883e-05
      Equation: "PotentialEquation"	RelError: 4.78488e-05	AbsError: 5.03883e-05
Iteration: 2
  Device: "part1_baseline"	RelError: 5.32529e-05	AbsError: 2.57528e+10
    Region: "bulk"	RelError: 5.32513e-05	AbsError: 2.57528e+10
      Equation: "ElectronContinuityEquation"	RelError: 3.96432e-06	AbsError: 2.57276e+10
      Equation: "HoleContinuityEquation"	RelError: 4.88060e-05	AbsError: 2.52124e+07
      Equation: "PotentialEquation"	RelError: 4.80997e-07	AbsError: 2.56644e-09
    Region: "oxide"	RelError: 1.58781e-09	AbsError: 1.97014e-09
      Equation: "PotentialEquation"	RelError: 1.58781e-09	AbsError: 1.97014e-09
Iteration: 3
  Device: "part1_baseline"	RelError: 7.08352e-13	AbsError: 6.11994e+01
    Region: "bulk"	RelError: 7.08349e-13	AbsError: 6.11994e+01
      Equation: "ElectronContinuityEquation"	RelError: 3.02301e-14	AbsError: 6.11768e+01
      Equation: "HoleContinuityEquation"	RelError: 6.77059e-13	AbsError: 2.26882e-02
      Equation: "PotentialEquation"	RelError: 1.05989e-15	AbsError: 8.10352e-18
    Region: "oxide"	RelError: 2.76581e-18	AbsError: 3.06428e-18
      Equation: "PotentialEquation"	RelError: 2.76581e-18	AbsError: 3.06428e-18
number of equations 8953
Iteration: 0
  Device: "part1_baseline"	RelError: 2.15381e+00	AbsError: 2.34944e+17
    Region: "bulk"	RelError: 2.13772e+00	AbsError: 2.34944e+17
      Equation: "ElectronContinuityEquation"	RelError: 2.41791e-01	AbsError: 2.34857e+17
      Equation: "HoleContinuityEquation"	RelError: 5.04578e-01	AbsError: 8.66414e+13
      Equation: "PotentialEquation"	RelError: 1.39135e+00	AbsError: 1.42261e-02
    Region: "oxide"	RelError: 1.60885e-02	AbsError: 2.00000e-02
      Equation: "PotentialEquation"	RelError: 1.60885e-02	AbsError: 2.00000e-02
Iteration: 1
  Device: "part1_baseline"	RelError: 9.91853e-02	AbsError: 1.34070e+15
    Region: "bulk"	RelError: 9.91394e-02	AbsError: 1.34070e+15
      Equation: "ElectronContinuityEquation"	RelError: 2.17657e-02	AbsError: 1.33965e+15
      Equation: "HoleContinuityEquation"	RelError: 7.41657e-02	AbsError: 1.04998e+12
      Equation: "PotentialEquation"	RelError: 3.20798e-03	AbsError: 5.05367e-05
    Region: "oxide"	RelError: 4.58751e-05	AbsError: 4.94319e-05
      Equation: "PotentialEquation"	RelError: 4.58751e-05	AbsError: 4.94319e-05
Iteration: 2
  Device: "part1_baseline"	RelError: 4.96399e-05	AbsError: 2.30998e+10
    Region: "bulk"	RelError: 4.96384e-05	AbsError: 2.30998e+10
      Equation: "ElectronContinuityEquation"	RelError: 3.93136e-06	AbsError: 2.30765e+10
      Equation: "HoleContinuityEquation"	RelError: 4.55349e-05	AbsError: 2.33318e+07
      Equation: "PotentialEquation"	RelError: 1.72094e-07	AbsError: 2.46984e-09
    Region: "oxide"	RelError: 1.55060e-09	AbsError: 1.94597e-09
      Equation: "PotentialEquation"	RelError: 1.55060e-09	AbsError: 1.94597e-09
Iteration: 3
  Device: "part1_baseline"	RelError: 6.26238e-13	AbsError: 5.57021e+01
    Region: "bulk"	RelError: 6.26236e-13	AbsError: 5.57021e+01
      Equation: "ElectronContinuityEquation"	RelError: 2.91247e-14	AbsError: 5.56795e+01
      Equation: "HoleContinuityEquation"	RelError: 5.96683e-13	AbsError: 2.25961e-02
      Equation: "PotentialEquation"	RelError: 4.28385e-16	AbsError: 7.37583e-18
    Region: "oxide"	RelError: 2.33906e-18	AbsError: 2.93547e-18
      Equation: "PotentialEquation"	RelError: 2.33906e-18	AbsError: 2.93547e-18
number of equations 8953
Iteration: 0
  Device: "part1_baseline"	RelError: 2.86494e+01	AbsError: 2.37605e+17
    Region: "bulk"	RelError: 2.86336e+01	AbsError: 2.37605e+17
      Equation: "ElectronContinuityEquation"	RelError: 2.41290e-01	AbsError: 2.37519e+17
      Equation: "HoleContinuityEquation"	RelError: 4.87052e-01	AbsError: 8.57224e+13
      Equation: "PotentialEquation"	RelError: 2.79052e+01	AbsError: 1.41392e-02
    Region: "oxide"	RelError: 1.58338e-02	AbsError: 2.00000e-02
      Equation: "PotentialEquation"	RelError: 1.58338e-02	AbsError: 2.00000e-02
Iteration: 1
  Device: "part1_baseline"	RelError: 1.49795e-01	AbsError: 1.28927e+15
    Region: "bulk"	RelError: 1.49751e-01	AbsError: 1.28927e+15
      Equation: "ElectronContinuityEquation"	RelError: 2.18080e-02	AbsError: 1.28825e+15
      Equation: "HoleContinuityEquation"	RelError: 7.09840e-02	AbsError: 1.01917e+12
      Equation: "PotentialEquation"	RelError: 5.69589e-02	AbsError: 4.98565e-05
    Region: "oxide"	RelError: 4.40541e-05	AbsError: 4.84908e-05
      Equation: "PotentialEquation"	RelError: 4.40541e-05	AbsError: 4.84908e-05
Iteration: 2
  Device: "part1_baseline"	RelError: 4.81131e-05	AbsError: 2.07437e+10
    Region: "bulk"	RelError: 4.81115e-05	AbsError: 2.07437e+10
      Equation: "ElectronContinuityEquation"	RelError: 3.89345e-06	AbsError: 2.07220e+10
      Equation: "HoleContinuityEquation"	RelError: 4.22856e-05	AbsError: 2.16186e+07
      Equation: "PotentialEquation"	RelError: 1.93252e-06	AbsError: 2.36958e-09
    Region: "oxide"	RelError: 1.50578e-09	AbsError: 1.91094e-09
      Equation: "PotentialEquation"	RelError: 1.50578e-09	AbsError: 1.91094e-09
Iteration: 3
  Device: "part1_baseline"	RelError: 5.58533e-13	AbsError: 4.98677e+01
    Region: "bulk"	RelError: 5.58530e-13	AbsError: 4.98677e+01
      Equation: "ElectronContinuityEquation"	RelError: 2.78057e-14	AbsError: 4.98455e+01
      Equation: "HoleContinuityEquation"	RelError: 5.23774e-13	AbsError: 2.21757e-02
      Equation: "PotentialEquation"	RelError: 6.95067e-15	AbsError: 6.72850e-18
    Region: "oxide"	RelError: 2.36503e-18	AbsError: 3.00139e-18
      Equation: "PotentialEquation"	RelError: 2.36503e-18	AbsError: 3.00139e-18
number of equations 8953
Iteration: 0
  Device: "part1_baseline"	RelError: 3.82268e+00	AbsError: 2.40164e+17
    Region: "bulk"	RelError: 3.80709e+00	AbsError: 2.40164e+17
      Equation: "ElectronContinuityEquation"	RelError: 2.40414e-01	AbsError: 2.40079e+17
      Equation: "HoleContinuityEquation"	RelError: 4.76214e-01	AbsError: 8.48205e+13
      Equation: "PotentialEquation"	RelError: 3.09046e+00	AbsError: 1.40520e-02
    Region: "oxide"	RelError: 1.55870e-02	AbsError: 2.00000e-02
      Equation: "PotentialEquation"	RelError: 1.55870e-02	AbsError: 2.00000e-02
Iteration: 1
  Device: "part1_baseline"	RelError: 9.59953e-02	AbsError: 1.24018e+15
    Region: "bulk"	RelError: 9.59529e-02	AbsError: 1.24018e+15
      Equation: "ElectronContinuityEquation"	RelError: 2.17966e-02	AbsError: 1.23919e+15
      Equation: "HoleContinuityEquation"	RelError: 6.75075e-02	AbsError: 9.89098e+11
      Equation: "PotentialEquation"	RelError: 6.64884e-03	AbsError: 4.91498e-05
    Region: "oxide"	RelError: 4.24128e-05	AbsError: 4.76578e-05
      Equation: "PotentialEquation"	RelError: 4.24128e-05	AbsError: 4.76578e-05
Iteration: 2
  Device: "part1_baseline"	RelError: 4.29794e-05	AbsError: 1.86496e+10
    Region: "bulk"	RelError: 4.29780e-05	AbsError: 1.86496e+10
      Equation: "ElectronContinuityEquation"	RelError: 3.86271e-06	AbsError: 1.86295e+10
      Equation: "HoleContinuityEquation"	RelError: 3.90325e-05	AbsError: 2.00543e+07
      Equation: "PotentialEquation"	RelError: 8.26995e-08	AbsError: 2.25824e-09
    Region: "oxide"	RelError: 1.45340e-09	AbsError: 1.86483e-09
      Equation: "PotentialEquation"	RelError: 1.45340e-09	AbsError: 1.86483e-09
Iteration: 3
  Device: "part1_baseline"	RelError: 4.84476e-13	AbsError: 4.31369e+01
    Region: "bulk"	RelError: 4.84474e-13	AbsError: 4.31369e+01
      Equation: "ElectronContinuityEquation"	RelError: 2.63288e-14	AbsError: 4.31154e+01
      Equation: "HoleContinuityEquation"	RelError: 4.57418e-13	AbsError: 2.15233e-02
      Equation: "PotentialEquation"	RelError: 7.26895e-16	AbsError: 6.35014e-18
    Region: "oxide"	RelError: 2.28524e-18	AbsError: 2.93215e-18
      Equation: "PotentialEquation"	RelError: 2.28524e-18	AbsError: 2.93215e-18
number of equations 8953
Iteration: 0
  Device: "part1_baseline"	RelError: 1.01298e+01	AbsError: 2.42625e+17
    Region: "bulk"	RelError: 1.01144e+01	AbsError: 2.42625e+17
      Equation: "ElectronContinuityEquation"	RelError: 2.39123e-01	AbsError: 2.42541e+17
      Equation: "HoleContinuityEquation"	RelError: 4.64330e-01	AbsError: 8.39035e+13
      Equation: "PotentialEquation"	RelError: 9.41096e+00	AbsError: 1.39706e-02
    Region: "oxide"	RelError: 1.53478e-02	AbsError: 2.00000e-02
      Equation: "PotentialEquation"	RelError: 1.53478e-02	AbsError: 2.00000e-02
Iteration: 1
  Device: "part1_baseline"	RelError: 1.05960e-01	AbsError: 1.19334e+15
    Region: "bulk"	RelError: 1.05919e-01	AbsError: 1.19334e+15
      Equation: "ElectronContinuityEquation"	RelError: 2.17290e-02	AbsError: 1.19238e+15
      Equation: "HoleContinuityEquation"	RelError: 6.50941e-02	AbsError: 9.59715e+11
      Equation: "PotentialEquation"	RelError: 1.90961e-02	AbsError: 4.84228e-05
    Region: "oxide"	RelError: 4.08688e-05	AbsError: 4.71016e-05
      Equation: "PotentialEquation"	RelError: 4.08688e-05	AbsError: 4.71016e-05
Iteration: 2
  Device: "part1_baseline"	RelError: 4.00729e-05	AbsError: 1.67869e+10
    Region: "bulk"	RelError: 4.00715e-05	AbsError: 1.67869e+10
      Equation: "ElectronContinuityEquation"	RelError: 3.82324e-06	AbsError: 1.67683e+10
      Equation: "HoleContinuityEquation"	RelError: 3.58240e-05	AbsError: 1.86229e+07
      Equation: "PotentialEquation"	RelError: 4.24204e-07	AbsError: 2.14824e-09
    Region: "oxide"	RelError: 1.39386e-09	AbsError: 1.80783e-09
      Equation: "PotentialEquation"	RelError: 1.39386e-09	AbsError: 1.80783e-09
Iteration: 3
  Device: "part1_baseline"	RelError: 4.23362e-13	AbsError: 3.57135e+01
    Region: "bulk"	RelError: 4.23360e-13	AbsError: 3.57135e+01
      Equation: "ElectronContinuityEquation"	RelError: 2.47434e-14	AbsError: 3.56927e+01
      Equation: "HoleContinuityEquation"	RelError: 3.96876e-13	AbsError: 2.07208e-02
      Equation: "PotentialEquation"	RelError: 1.74026e-15	AbsError: 6.08063e-18
    Region: "oxide"	RelError: 2.11197e-18	AbsError: 2.73923e-18
      Equation: "PotentialEquation"	RelError: 2.11197e-18	AbsError: 2.73923e-18
number of equations 8953
Iteration: 0
  Device: "part1_baseline"	RelError: 1.41143e+02	AbsError: 2.44994e+17
    Region: "bulk"	RelError: 1.41128e+02	AbsError: 2.44994e+17
      Equation: "ElectronContinuityEquation"	RelError: 2.37365e-01	AbsError: 2.44911e+17
      Equation: "HoleContinuityEquation"	RelError: 4.51120e-01	AbsError: 8.29714e+13
      Equation: "PotentialEquation"	RelError: 1.40440e+02	AbsError: 1.39030e-02
    Region: "oxide"	RelError: 1.51158e-02	AbsError: 2.00000e-02
      Equation: "PotentialEquation"	RelError: 1.51158e-02	AbsError: 2.00000e-02
Iteration: 1
  Device: "part1_baseline"	RelError: 3.03952e-01	AbsError: 1.14864e+15
    Region: "bulk"	RelError: 3.03912e-01	AbsError: 1.14864e+15
      Equation: "ElectronContinuityEquation"	RelError: 2.16286e-02	AbsError: 1.14770e+15
      Equation: "HoleContinuityEquation"	RelError: 6.28377e-02	AbsError: 9.33883e+11
      Equation: "PotentialEquation"	RelError: 2.19446e-01	AbsError: 4.76815e-05
    Region: "oxide"	RelError: 3.94159e-05	AbsError: 4.65297e-05
      Equation: "PotentialEquation"	RelError: 3.94159e-05	AbsError: 4.65297e-05
Iteration: 2
  Device: "part1_baseline"	RelError: 4.23865e-05	AbsError: 1.51285e+10
    Region: "bulk"	RelError: 4.23852e-05	AbsError: 1.51285e+10
      Equation: "ElectronContinuityEquation"	RelError: 3.77516e-06	AbsError: 1.51112e+10
      Equation: "HoleContinuityEquation"	RelError: 3.35891e-05	AbsError: 1.73103e+07
      Equation: "PotentialEquation"	RelError: 5.02092e-06	AbsError: 2.04216e-09
    Region: "oxide"	RelError: 1.32778e-09	AbsError: 1.74049e-09
      Equation: "PotentialEquation"	RelError: 1.32778e-09	AbsError: 1.74049e-09
Iteration: 3
  Device: "part1_baseline"	RelError: 3.80285e-13	AbsError: 3.19878e+01
    Region: "bulk"	RelError: 3.80284e-13	AbsError: 3.19878e+01
      Equation: "ElectronContinuityEquation"	RelError: 2.30937e-14	AbsError: 3.19679e+01
      Equation: "HoleContinuityEquation"	RelError: 3.41598e-13	AbsError: 1.98293e-02
      Equation: "PotentialEquation"	RelError: 1.55920e-14	AbsError: 5.83335e-18
    Region: "oxide"	RelError: 1.86879e-18	AbsError: 2.44967e-18
      Equation: "PotentialEquation"	RelError: 1.86879e-18	AbsError: 2.44967e-18
number of equations 8953
Iteration: 0
  Device: "part1_baseline"	RelError: 5.85889e+00	AbsError: 2.47274e+17
    Region: "bulk"	RelError: 5.84400e+00	AbsError: 2.47274e+17
      Equation: "ElectronContinuityEquation"	RelError: 2.35080e-01	AbsError: 2.47192e+17
      Equation: "HoleContinuityEquation"	RelError: 4.36295e-01	AbsError: 8.20244e+13
      Equation: "PotentialEquation"	RelError: 5.17262e+00	AbsError: 1.38342e-02
    Region: "oxide"	RelError: 1.48907e-02	AbsError: 2.00000e-02
      Equation: "PotentialEquation"	RelError: 1.48907e-02	AbsError: 2.00000e-02
Iteration: 1
  Device: "part1_baseline"	RelError: 9.14484e-02	AbsError: 1.10598e+15
    Region: "bulk"	RelError: 9.14103e-02	AbsError: 1.10598e+15
      Equation: "ElectronContinuityEquation"	RelError: 2.14736e-02	AbsError: 1.10507e+15
      Equation: "HoleContinuityEquation"	RelError: 6.03728e-02	AbsError: 9.11962e+11
      Equation: "PotentialEquation"	RelError: 9.56383e-03	AbsError: 4.69315e-05
    Region: "oxide"	RelError: 3.81261e-05	AbsError: 4.59468e-05
      Equation: "PotentialEquation"	RelError: 3.81261e-05	AbsError: 4.59468e-05
Iteration: 2
  Device: "part1_baseline"	RelError: 3.53659e-05	AbsError: 1.43149e+10
    Region: "bulk"	RelError: 3.53646e-05	AbsError: 1.43149e+10
      Equation: "ElectronContinuityEquation"	RelError: 3.71836e-06	AbsError: 1.42987e+10
      Equation: "HoleContinuityEquation"	RelError: 3.13586e-05	AbsError: 1.62703e+07
      Equation: "PotentialEquation"	RelError: 2.87665e-07	AbsError: 1.93938e-09
    Region: "oxide"	RelError: 1.25603e-09	AbsError: 1.66371e-09
      Equation: "PotentialEquation"	RelError: 1.25603e-09	AbsError: 1.66371e-09
Iteration: 3
  Device: "part1_baseline"	RelError: 3.17932e-13	AbsError: 3.35116e+01
    Region: "bulk"	RelError: 3.17931e-13	AbsError: 3.35116e+01
      Equation: "ElectronContinuityEquation"	RelError: 2.14186e-14	AbsError: 3.34928e+01
      Equation: "HoleContinuityEquation"	RelError: 2.95762e-13	AbsError: 1.88856e-02
      Equation: "PotentialEquation"	RelError: 7.50202e-16	AbsError: 5.61073e-18
    Region: "oxide"	RelError: 1.58635e-18	AbsError: 2.10124e-18
      Equation: "PotentialEquation"	RelError: 1.58635e-18	AbsError: 2.10124e-18
number of equations 8953
Iteration: 0
  Device: "part1_baseline"	RelError: 3.49263e+00	AbsError: 2.49469e+17
    Region: "bulk"	RelError: 3.47795e+00	AbsError: 2.49469e+17
      Equation: "ElectronContinuityEquation"	RelError: 2.32198e-01	AbsError: 2.49388e+17
      Equation: "HoleContinuityEquation"	RelError: 4.23191e-01	AbsError: 8.10626e+13
      Equation: "PotentialEquation"	RelError: 2.82257e+00	AbsError: 1.37642e-02
    Region: "oxide"	RelError: 1.46722e-02	AbsError: 2.00000e-02
      Equation: "PotentialEquation"	RelError: 1.46722e-02	AbsError: 2.00000e-02
Iteration: 1
  Device: "part1_baseline"	RelError: 8.40637e-02	AbsError: 1.06528e+15
    Region: "bulk"	RelError: 8.40267e-02	AbsError: 1.06528e+15
      Equation: "ElectronContinuityEquation"	RelError: 2.12585e-02	AbsError: 1.06439e+15
      Equation: "HoleContinuityEquation"	RelError: 5.76597e-02	AbsError: 8.90282e+11
      Equation: "PotentialEquation"	RelError: 5.10852e-03	AbsError: 4.61782e-05
    Region: "oxide"	RelError: 3.69120e-05	AbsError: 4.53576e-05
      Equation: "PotentialEquation"	RelError: 3.69120e-05	AbsError: 4.53576e-05
Iteration: 2
  Device: "part1_baseline"	RelError: 3.32668e-05	AbsError: 1.49202e+10
    Region: "bulk"	RelError: 3.32656e-05	AbsError: 1.49202e+10
      Equation: "ElectronContinuityEquation"	RelError: 3.65249e-06	AbsError: 1.49049e+10
      Equation: "HoleContinuityEquation"	RelError: 2.94925e-05	AbsError: 1.53383e+07
      Equation: "PotentialEquation"	RelError: 1.20595e-07	AbsError: 1.85469e-09
    Region: "oxide"	RelError: 1.17966e-09	AbsError: 1.57866e-09
      Equation: "PotentialEquation"	RelError: 1.17966e-09	AbsError: 1.57866e-09
Iteration: 3
  Device: "part1_baseline"	RelError: 2.80419e-13	AbsError: 3.34710e+01
    Region: "bulk"	RelError: 2.80418e-13	AbsError: 3.34710e+01
      Equation: "ElectronContinuityEquation"	RelError: 1.97525e-14	AbsError: 3.34531e+01
      Equation: "HoleContinuityEquation"	RelError: 2.60302e-13	AbsError: 1.79386e-02
      Equation: "PotentialEquation"	RelError: 3.63026e-16	AbsError: 5.41659e-18
    Region: "oxide"	RelError: 1.59386e-18	AbsError: 1.82858e-18
      Equation: "PotentialEquation"	RelError: 1.59386e-18	AbsError: 1.82858e-18
number of equations 8953
Iteration: 0
  Device: "part1_baseline"	RelError: 2.61583e+00	AbsError: 2.51584e+17
    Region: "bulk"	RelError: 2.60137e+00	AbsError: 2.51584e+17
      Equation: "ElectronContinuityEquation"	RelError: 2.31089e-01	AbsError: 2.51504e+17
      Equation: "HoleContinuityEquation"	RelError: 4.12998e-01	AbsError: 8.00865e+13
      Equation: "PotentialEquation"	RelError: 1.95728e+00	AbsError: 1.36930e-02
    Region: "oxide"	RelError: 1.44600e-02	AbsError: 2.00000e-02
      Equation: "PotentialEquation"	RelError: 1.44600e-02	AbsError: 2.00000e-02
Iteration: 1
  Device: "part1_baseline"	RelError: 7.92234e-02	AbsError: 1.02642e+15
    Region: "bulk"	RelError: 7.91876e-02	AbsError: 1.02642e+15
      Equation: "ElectronContinuityEquation"	RelError: 2.09771e-02	AbsError: 1.02555e+15
      Equation: "HoleContinuityEquation"	RelError: 5.46647e-02	AbsError: 8.68826e+11
      Equation: "PotentialEquation"	RelError: 3.54581e-03	AbsError: 4.56131e-05
    Region: "oxide"	RelError: 3.57629e-05	AbsError: 4.47662e-05
      Equation: "PotentialEquation"	RelError: 3.57629e-05	AbsError: 4.47662e-05
Iteration: 2
  Device: "part1_baseline"	RelError: 3.39176e-05	AbsError: 1.52604e+10
    Region: "bulk"	RelError: 3.39165e-05	AbsError: 1.52604e+10
      Equation: "ElectronContinuityEquation"	RelError: 3.57701e-06	AbsError: 1.52458e+10
      Equation: "HoleContinuityEquation"	RelError: 3.02590e-05	AbsError: 1.45270e+07
      Equation: "PotentialEquation"	RelError: 8.04661e-08	AbsError: 1.81195e-09
    Region: "oxide"	RelError: 1.09982e-09	AbsError: 1.48674e-09
      Equation: "PotentialEquation"	RelError: 1.09982e-09	AbsError: 1.48674e-09
Iteration: 3
  Device: "part1_baseline"	RelError: 2.46318e-13	AbsError: 3.16878e+01
    Region: "bulk"	RelError: 2.46316e-13	AbsError: 3.16878e+01
      Equation: "ElectronContinuityEquation"	RelError: 1.81245e-14	AbsError: 3.16708e+01
      Equation: "HoleContinuityEquation"	RelError: 2.27844e-13	AbsError: 1.70148e-02
      Equation: "PotentialEquation"	RelError: 3.47107e-16	AbsError: 5.25400e-18
    Region: "oxide"	RelError: 1.69378e-18	AbsError: 2.08583e-18
      Equation: "PotentialEquation"	RelError: 1.69378e-18	AbsError: 2.08583e-18
number of equations 8953
Iteration: 0
  Device: "part1_baseline"	RelError: 1.47557e+01	AbsError: 2.53622e+17
    Region: "bulk"	RelError: 1.47415e+01	AbsError: 2.53622e+17
      Equation: "ElectronContinuityEquation"	RelError: 2.31470e-01	AbsError: 2.53542e+17
      Equation: "HoleContinuityEquation"	RelError: 4.01622e-01	AbsError: 7.90965e+13
      Equation: "PotentialEquation"	RelError: 1.41084e+01	AbsError: 1.36206e-02
    Region: "oxide"	RelError: 1.42539e-02	AbsError: 2.00000e-02
      Equation: "PotentialEquation"	RelError: 1.42539e-02	AbsError: 2.00000e-02
Iteration: 1
  Device: "part1_baseline"	RelError: 9.69320e-02	AbsError: 9.98401e+14
    Region: "bulk"	RelError: 9.68973e-02	AbsError: 9.98401e+14
      Equation: "ElectronContinuityEquation"	RelError: 2.06226e-02	AbsError: 9.97554e+14
      Equation: "HoleContinuityEquation"	RelError: 5.28260e-02	AbsError: 8.47583e+11
      Equation: "PotentialEquation"	RelError: 2.34487e-02	AbsError: 4.53668e-05
    Region: "oxide"	RelError: 3.47211e-05	AbsError: 4.41763e-05
      Equation: "PotentialEquation"	RelError: 3.47211e-05	AbsError: 4.41763e-05
Iteration: 2
  Device: "part1_baseline"	RelError: 3.51149e-05	AbsError: 1.53367e+10
    Region: "bulk"	RelError: 3.51139e-05	AbsError: 1.53367e+10
      Equation: "ElectronContinuityEquation"	RelError: 3.49123e-06	AbsError: 1.53229e+10
      Equation: "HoleContinuityEquation"	RelError: 3.08893e-05	AbsError: 1.38385e+07
      Equation: "PotentialEquation"	RelError: 7.33299e-07	AbsError: 1.81512e-09
    Region: "oxide"	RelError: 1.01773e-09	AbsError: 1.40875e-09
      Equation: "PotentialEquation"	RelError: 1.01773e-09	AbsError: 1.40875e-09
Iteration: 3
  Device: "part1_baseline"	RelError: 2.17403e-13	AbsError: 2.82613e+01
    Region: "bulk"	RelError: 2.17402e-13	AbsError: 2.82613e+01
      Equation: "ElectronContinuityEquation"	RelError: 1.73534e-14	AbsError: 2.82452e+01
      Equation: "HoleContinuityEquation"	RelError: 1.98054e-13	AbsError: 1.61497e-02
      Equation: "PotentialEquation"	RelError: 1.99447e-15	AbsError: 5.12489e-18
    Region: "oxide"	RelError: 1.75200e-18	AbsError: 2.38699e-18
      Equation: "PotentialEquation"	RelError: 1.75200e-18	AbsError: 2.38699e-18
number of equations 8953
Iteration: 0
  Device: "part1_baseline"	RelError: 5.00529e+00	AbsError: 2.55585e+17
    Region: "bulk"	RelError: 4.99124e+00	AbsError: 2.55585e+17
      Equation: "ElectronContinuityEquation"	RelError: 2.31729e-01	AbsError: 2.55507e+17
      Equation: "HoleContinuityEquation"	RelError: 3.88842e-01	AbsError: 7.80930e+13
      Equation: "PotentialEquation"	RelError: 4.37067e+00	AbsError: 1.35470e-02
    Region: "oxide"	RelError: 1.40536e-02	AbsError: 2.00000e-02
      Equation: "PotentialEquation"	RelError: 1.40536e-02	AbsError: 2.00000e-02
Iteration: 1
  Device: "part1_baseline"	RelError: 7.78777e-02	AbsError: 9.79140e+14
    Region: "bulk"	RelError: 7.78439e-02	AbsError: 9.79140e+14
      Equation: "ElectronContinuityEquation"	RelError: 2.01881e-02	AbsError: 9.78313e+14
      Equation: "HoleContinuityEquation"	RelError: 5.08170e-02	AbsError: 8.26548e+11
      Equation: "PotentialEquation"	RelError: 6.83877e-03	AbsError: 4.50810e-05
    Region: "oxide"	RelError: 3.37707e-05	AbsError: 4.36398e-05
      Equation: "PotentialEquation"	RelError: 3.37707e-05	AbsError: 4.36398e-05
Iteration: 2
  Device: "part1_baseline"	RelError: 3.50163e-05	AbsError: 1.51583e+10
    Region: "bulk"	RelError: 3.50154e-05	AbsError: 1.51583e+10
      Equation: "ElectronContinuityEquation"	RelError: 3.39439e-06	AbsError: 1.51451e+10
      Equation: "HoleContinuityEquation"	RelError: 3.13907e-05	AbsError: 1.31807e+07
      Equation: "PotentialEquation"	RelError: 2.30301e-07	AbsError: 1.81043e-09
    Region: "oxide"	RelError: 9.76006e-10	AbsError: 1.44134e-09
      Equation: "PotentialEquation"	RelError: 9.76006e-10	AbsError: 1.44134e-09
Iteration: 3
  Device: "part1_baseline"	RelError: 1.87678e-13	AbsError: 2.76637e+01
    Region: "bulk"	RelError: 1.87677e-13	AbsError: 2.76637e+01
      Equation: "ElectronContinuityEquation"	RelError: 1.65157e-14	AbsError: 2.76484e+01
      Equation: "HoleContinuityEquation"	RelError: 1.70705e-13	AbsError: 1.53588e-02
      Equation: "PotentialEquation"	RelError: 4.55520e-16	AbsError: 5.02741e-18
    Region: "oxide"	RelError: 1.85677e-18	AbsError: 2.70228e-18
      Equation: "PotentialEquation"	RelError: 1.85677e-18	AbsError: 2.70228e-18
number of equations 8953
Iteration: 0
  Device: "part1_baseline"	RelError: 2.14400e+00	AbsError: 2.57479e+17
    Region: "bulk"	RelError: 2.13014e+00	AbsError: 2.57479e+17
      Equation: "ElectronContinuityEquation"	RelError: 2.31863e-01	AbsError: 2.57402e+17
      Equation: "HoleContinuityEquation"	RelError: 3.78625e-01	AbsError: 7.73126e+13
      Equation: "PotentialEquation"	RelError: 1.51965e+00	AbsError: 1.34724e-02
    Region: "oxide"	RelError: 1.38589e-02	AbsError: 2.00000e-02
      Equation: "PotentialEquation"	RelError: 1.38589e-02	AbsError: 2.00000e-02
Iteration: 1
  Device: "part1_baseline"	RelError: 7.13266e-02	AbsError: 9.62665e+14
    Region: "bulk"	RelError: 7.12938e-02	AbsError: 9.62665e+14
      Equation: "ElectronContinuityEquation"	RelError: 2.00907e-02	AbsError: 9.61860e+14
      Equation: "HoleContinuityEquation"	RelError: 4.86067e-02	AbsError: 8.05717e+11
      Equation: "PotentialEquation"	RelError: 2.59639e-03	AbsError: 4.47604e-05
    Region: "oxide"	RelError: 3.28655e-05	AbsError: 4.34677e-05
      Equation: "PotentialEquation"	RelError: 3.28655e-05	AbsError: 4.34677e-05
Iteration: 2
  Device: "part1_baseline"	RelError: 3.51323e-05	AbsError: 1.47414e+10
    Region: "bulk"	RelError: 3.51313e-05	AbsError: 1.47414e+10
      Equation: "ElectronContinuityEquation"	RelError: 3.28570e-06	AbsError: 1.47288e+10
      Equation: "HoleContinuityEquation"	RelError: 3.17710e-05	AbsError: 1.25484e+07
      Equation: "PotentialEquation"	RelError: 7.46700e-08	AbsError: 1.79740e-09
    Region: "oxide"	RelError: 9.85996e-10	AbsError: 1.46934e-09
      Equation: "PotentialEquation"	RelError: 9.85996e-10	AbsError: 1.46934e-09
Iteration: 3
  Device: "part1_baseline"	RelError: 1.67081e-13	AbsError: 2.63606e+01
    Region: "bulk"	RelError: 1.67079e-13	AbsError: 2.63606e+01
      Equation: "ElectronContinuityEquation"	RelError: 1.56306e-14	AbsError: 2.63460e+01
      Equation: "HoleContinuityEquation"	RelError: 1.51163e-13	AbsError: 1.46467e-02
      Equation: "PotentialEquation"	RelError: 2.85466e-16	AbsError: 4.95651e-18
    Region: "oxide"	RelError: 2.02047e-18	AbsError: 3.01093e-18
      Equation: "PotentialEquation"	RelError: 2.02047e-18	AbsError: 3.01093e-18
number of equations 8953
Iteration: 0
  Device: "part1_baseline"	RelError: 2.22596e+01	AbsError: 2.59306e+17
    Region: "bulk"	RelError: 2.22459e+01	AbsError: 2.59306e+17
      Equation: "ElectronContinuityEquation"	RelError: 2.31865e-01	AbsError: 2.59230e+17
      Equation: "HoleContinuityEquation"	RelError: 3.69918e-01	AbsError: 7.65437e+13
      Equation: "PotentialEquation"	RelError: 2.16441e+01	AbsError: 1.33968e-02
    Region: "oxide"	RelError: 1.36694e-02	AbsError: 2.00000e-02
      Equation: "PotentialEquation"	RelError: 1.36694e-02	AbsError: 2.00000e-02
Iteration: 1
  Device: "part1_baseline"	RelError: 1.06626e-01	AbsError: 9.48343e+14
    Region: "bulk"	RelError: 1.06594e-01	AbsError: 9.48343e+14
      Equation: "ElectronContinuityEquation"	RelError: 2.01360e-02	AbsError: 9.47558e+14
      Equation: "HoleContinuityEquation"	RelError: 4.61722e-02	AbsError: 7.85091e+11
      Equation: "PotentialEquation"	RelError: 4.02856e-02	AbsError: 4.44097e-05
    Region: "oxide"	RelError: 3.20040e-05	AbsError: 4.32673e-05
      Equation: "PotentialEquation"	RelError: 3.20040e-05	AbsError: 4.32673e-05
Iteration: 2
  Device: "part1_baseline"	RelError: 3.58791e-05	AbsError: 1.41076e+10
    Region: "bulk"	RelError: 3.58781e-05	AbsError: 1.41076e+10
      Equation: "ElectronContinuityEquation"	RelError: 3.16451e-06	AbsError: 1.40956e+10
      Equation: "HoleContinuityEquation"	RelError: 3.20372e-05	AbsError: 1.19372e+07
      Equation: "PotentialEquation"	RelError: 6.76325e-07	AbsError: 1.78728e-09
    Region: "oxide"	RelError: 9.92134e-10	AbsError: 1.49174e-09
      Equation: "PotentialEquation"	RelError: 9.92134e-10	AbsError: 1.49174e-09
Iteration: 3
  Device: "part1_baseline"	RelError: 1.81215e-13	AbsError: 3.07246e+01
    Region: "bulk"	RelError: 1.81213e-13	AbsError: 3.07246e+01
      Equation: "ElectronContinuityEquation"	RelError: 1.47254e-14	AbsError: 3.07106e+01
      Equation: "HoleContinuityEquation"	RelError: 1.60420e-13	AbsError: 1.40274e-02
      Equation: "PotentialEquation"	RelError: 6.06778e-15	AbsError: 4.90566e-18
    Region: "oxide"	RelError: 2.18805e-18	AbsError: 3.28989e-18
      Equation: "PotentialEquation"	RelError: 2.18805e-18	AbsError: 3.28989e-18
number of equations 8953
Iteration: 0
  Device: "part1_baseline"	RelError: 2.09331e+00	AbsError: 2.61069e+17
    Region: "bulk"	RelError: 2.07982e+00	AbsError: 2.61069e+17
      Equation: "ElectronContinuityEquation"	RelError: 2.31725e-01	AbsError: 2.60993e+17
      Equation: "HoleContinuityEquation"	RelError: 3.60212e-01	AbsError: 7.57585e+13
      Equation: "PotentialEquation"	RelError: 1.48788e+00	AbsError: 1.33201e-02
    Region: "oxide"	RelError: 1.34851e-02	AbsError: 2.00000e-02
      Equation: "PotentialEquation"	RelError: 1.34851e-02	AbsError: 2.00000e-02
Iteration: 1
  Device: "part1_baseline"	RelError: 6.72634e-02	AbsError: 9.35893e+14
    Region: "bulk"	RelError: 6.72321e-02	AbsError: 9.35893e+14
      Equation: "ElectronContinuityEquation"	RelError: 2.01639e-02	AbsError: 9.35128e+14
      Equation: "HoleContinuityEquation"	RelError: 4.46708e-02	AbsError: 7.64674e+11
      Equation: "PotentialEquation"	RelError: 2.39743e-03	AbsError: 4.40338e-05
    Region: "oxide"	RelError: 3.12636e-05	AbsError: 4.30425e-05
      Equation: "PotentialEquation"	RelError: 3.12636e-05	AbsError: 4.30425e-05
Iteration: 2
  Device: "part1_baseline"	RelError: 3.52739e-05	AbsError: 1.32828e+10
    Region: "bulk"	RelError: 3.52729e-05	AbsError: 1.32828e+10
      Equation: "ElectronContinuityEquation"	RelError: 3.03039e-06	AbsError: 1.32714e+10
      Equation: "HoleContinuityEquation"	RelError: 3.21941e-05	AbsError: 1.13434e+07
      Equation: "PotentialEquation"	RelError: 4.84148e-08	AbsError: 1.78132e-09
    Region: "oxide"	RelError: 9.93911e-10	AbsError: 1.50762e-09
      Equation: "PotentialEquation"	RelError: 9.93911e-10	AbsError: 1.50762e-09
Iteration: 3
  Device: "part1_baseline"	RelError: 1.82387e-13	AbsError: 3.48996e+01
    Region: "bulk"	RelError: 1.82384e-13	AbsError: 3.48996e+01
      Equation: "ElectronContinuityEquation"	RelError: 1.42481e-14	AbsError: 3.48862e+01
      Equation: "HoleContinuityEquation"	RelError: 1.67853e-13	AbsError: 1.34816e-02
      Equation: "PotentialEquation"	RelError: 2.82844e-16	AbsError: 4.86447e-18
    Region: "oxide"	RelError: 2.31705e-18	AbsError: 3.51462e-18
      Equation: "PotentialEquation"	RelError: 2.31705e-18	AbsError: 3.51462e-18
number of equations 8953
Iteration: 0
  Device: "part1_baseline"	RelError: 7.73849e+00	AbsError: 2.62771e+17
    Region: "bulk"	RelError: 7.72518e+00	AbsError: 2.62771e+17
      Equation: "ElectronContinuityEquation"	RelError: 2.31432e-01	AbsError: 2.62696e+17
      Equation: "HoleContinuityEquation"	RelError: 3.49339e-01	AbsError: 7.49574e+13
      Equation: "PotentialEquation"	RelError: 7.14441e+00	AbsError: 1.32426e-02
    Region: "oxide"	RelError: 1.33056e-02	AbsError: 2.00000e-02
      Equation: "PotentialEquation"	RelError: 1.33056e-02	AbsError: 2.00000e-02
Iteration: 1
  Device: "part1_baseline"	RelError: 7.34891e-02	AbsError: 9.24940e+14
    Region: "bulk"	RelError: 7.34585e-02	AbsError: 9.24940e+14
      Equation: "ElectronContinuityEquation"	RelError: 2.01737e-02	AbsError: 9.24191e+14
      Equation: "HoleContinuityEquation"	RelError: 4.30513e-02	AbsError: 7.48604e+11
      Equation: "PotentialEquation"	RelError: 1.02335e-02	AbsError: 4.36377e-05
    Region: "oxide"	RelError: 3.05726e-05	AbsError: 4.27975e-05
      Equation: "PotentialEquation"	RelError: 3.05726e-05	AbsError: 4.27975e-05
Iteration: 2
  Device: "part1_baseline"	RelError: 3.56459e-05	AbsError: 1.24486e+10
    Region: "bulk"	RelError: 3.56449e-05	AbsError: 1.24486e+10
      Equation: "ElectronContinuityEquation"	RelError: 3.01302e-06	AbsError: 1.24378e+10
      Equation: "HoleContinuityEquation"	RelError: 3.22425e-05	AbsError: 1.08477e+07
      Equation: "PotentialEquation"	RelError: 3.89383e-07	AbsError: 1.76534e-09
    Region: "oxide"	RelError: 9.90918e-10	AbsError: 1.51616e-09
      Equation: "PotentialEquation"	RelError: 9.90918e-10	AbsError: 1.51616e-09
Iteration: 3
  Device: "part1_baseline"	RelError: 1.88012e-13	AbsError: 3.65501e+01
    Region: "bulk"	RelError: 1.88010e-13	AbsError: 3.65501e+01
      Equation: "ElectronContinuityEquation"	RelError: 1.36935e-14	AbsError: 3.65371e+01
      Equation: "HoleContinuityEquation"	RelError: 1.73491e-13	AbsError: 1.29953e-02
      Equation: "PotentialEquation"	RelError: 8.25079e-16	AbsError: 4.82880e-18
    Region: "oxide"	RelError: 2.39455e-18	AbsError: 3.66379e-18
      Equation: "PotentialEquation"	RelError: 2.39455e-18	AbsError: 3.66379e-18
number of equations 8953
Iteration: 0
  Device: "part1_baseline"	RelError: 5.20924e+00	AbsError: 2.64414e+17
    Region: "bulk"	RelError: 5.19611e+00	AbsError: 2.64414e+17
      Equation: "ElectronContinuityEquation"	RelError: 2.30971e-01	AbsError: 2.64339e+17
      Equation: "HoleContinuityEquation"	RelError: 3.41305e-01	AbsError: 7.41410e+13
      Equation: "PotentialEquation"	RelError: 4.62383e+00	AbsError: 1.31641e-02
    Region: "oxide"	RelError: 1.31309e-02	AbsError: 2.00000e-02
      Equation: "PotentialEquation"	RelError: 1.31309e-02	AbsError: 2.00000e-02
Iteration: 1
  Device: "part1_baseline"	RelError: 6.84619e-02	AbsError: 9.15807e+14
    Region: "bulk"	RelError: 6.84320e-02	AbsError: 9.15807e+14
      Equation: "ElectronContinuityEquation"	RelError: 2.01644e-02	AbsError: 9.15070e+14
      Equation: "HoleContinuityEquation"	RelError: 4.12756e-02	AbsError: 7.36557e+11
      Equation: "PotentialEquation"	RelError: 6.99202e-03	AbsError: 4.32262e-05
    Region: "oxide"	RelError: 2.99086e-05	AbsError: 4.25361e-05
      Equation: "PotentialEquation"	RelError: 2.99086e-05	AbsError: 4.25361e-05
Iteration: 2
  Device: "part1_baseline"	RelError: 3.54220e-05	AbsError: 1.38671e+10
    Region: "bulk"	RelError: 3.54210e-05	AbsError: 1.38671e+10
      Equation: "ElectronContinuityEquation"	RelError: 3.01139e-06	AbsError: 1.38566e+10
      Equation: "HoleContinuityEquation"	RelError: 3.21796e-05	AbsError: 1.04883e+07
      Equation: "PotentialEquation"	RelError: 2.30090e-07	AbsError: 1.73912e-09
    Region: "oxide"	RelError: 9.82871e-10	AbsError: 1.51675e-09
      Equation: "PotentialEquation"	RelError: 9.82871e-10	AbsError: 1.51675e-09
Iteration: 3
  Device: "part1_baseline"	RelError: 1.91108e-13	AbsError: 3.55551e+01
    Region: "bulk"	RelError: 1.91105e-13	AbsError: 3.55551e+01
      Equation: "ElectronContinuityEquation"	RelError: 1.30718e-14	AbsError: 3.55425e+01
      Equation: "HoleContinuityEquation"	RelError: 1.77382e-13	AbsError: 1.26075e-02
      Equation: "PotentialEquation"	RelError: 6.51855e-16	AbsError: 4.77962e-18
    Region: "oxide"	RelError: 2.41187e-18	AbsError: 3.72195e-18
      Equation: "PotentialEquation"	RelError: 2.41187e-18	AbsError: 3.72195e-18
number of equations 8953
Iteration: 0
  Device: "part1_baseline"	RelError: 2.28467e+00	AbsError: 2.66001e+17
    Region: "bulk"	RelError: 2.27171e+00	AbsError: 2.66001e+17
      Equation: "ElectronContinuityEquation"	RelError: 2.30321e-01	AbsError: 2.65927e+17
      Equation: "HoleContinuityEquation"	RelError: 3.34034e-01	AbsError: 7.33098e+13
      Equation: "PotentialEquation"	RelError: 1.70735e+00	AbsError: 1.30849e-02
    Region: "oxide"	RelError: 1.29607e-02	AbsError: 2.00000e-02
      Equation: "PotentialEquation"	RelError: 1.29607e-02	AbsError: 2.00000e-02
Iteration: 1
  Device: "part1_baseline"	RelError: 6.23130e-02	AbsError: 9.08059e+14
    Region: "bulk"	RelError: 6.22838e-02	AbsError: 9.08059e+14
      Equation: "ElectronContinuityEquation"	RelError: 2.01345e-02	AbsError: 9.07335e+14
      Equation: "HoleContinuityEquation"	RelError: 3.93283e-02	AbsError: 7.24329e+11
      Equation: "PotentialEquation"	RelError: 2.82096e-03	AbsError: 4.28038e-05
    Region: "oxide"	RelError: 2.92720e-05	AbsError: 4.22623e-05
      Equation: "PotentialEquation"	RelError: 2.92720e-05	AbsError: 4.22623e-05
Iteration: 2
  Device: "part1_baseline"	RelError: 3.50487e-05	AbsError: 1.51327e+10
    Region: "bulk"	RelError: 3.50477e-05	AbsError: 1.51327e+10
      Equation: "ElectronContinuityEquation"	RelError: 3.00778e-06	AbsError: 1.51225e+10
      Equation: "HoleContinuityEquation"	RelError: 3.19990e-05	AbsError: 1.01315e+07
      Equation: "PotentialEquation"	RelError: 4.09456e-08	AbsError: 1.70274e-09
    Region: "oxide"	RelError: 9.69633e-10	AbsError: 1.50897e-09
      Equation: "PotentialEquation"	RelError: 9.69633e-10	AbsError: 1.50897e-09
Iteration: 3
  Device: "part1_baseline"	RelError: 1.92373e-13	AbsError: 3.20426e+01
    Region: "bulk"	RelError: 1.92371e-13	AbsError: 3.20426e+01
      Equation: "ElectronContinuityEquation"	RelError: 1.24027e-14	AbsError: 3.20303e+01
      Equation: "HoleContinuityEquation"	RelError: 1.79599e-13	AbsError: 1.23390e-02
      Equation: "PotentialEquation"	RelError: 3.69122e-16	AbsError: 4.70828e-18
    Region: "oxide"	RelError: 2.36551e-18	AbsError: 3.68127e-18
      Equation: "PotentialEquation"	RelError: 2.36551e-18	AbsError: 3.68127e-18
number of equations 8953
Iteration: 0
  Device: "part1_baseline"	RelError: 1.19874e+00	AbsError: 2.67534e+17
    Region: "bulk"	RelError: 1.18594e+00	AbsError: 2.67534e+17
      Equation: "ElectronContinuityEquation"	RelError: 2.29462e-01	AbsError: 2.67462e+17
      Equation: "HoleContinuityEquation"	RelError: 3.25959e-01	AbsError: 7.24643e+13
      Equation: "PotentialEquation"	RelError: 6.30524e-01	AbsError: 1.30050e-02
    Region: "oxide"	RelError: 1.27949e-02	AbsError: 2.00000e-02
      Equation: "PotentialEquation"	RelError: 1.27949e-02	AbsError: 2.00000e-02
Iteration: 1
  Device: "part1_baseline"	RelError: 5.92193e-02	AbsError: 9.01115e+14
    Region: "bulk"	RelError: 5.91906e-02	AbsError: 9.01115e+14
      Equation: "ElectronContinuityEquation"	RelError: 2.00826e-02	AbsError: 9.00403e+14
      Equation: "HoleContinuityEquation"	RelError: 3.80739e-02	AbsError: 7.11935e+11
      Equation: "PotentialEquation"	RelError: 1.03414e-03	AbsError: 4.23751e-05
    Region: "oxide"	RelError: 2.86627e-05	AbsError: 4.19799e-05
      Equation: "PotentialEquation"	RelError: 2.86627e-05	AbsError: 4.19799e-05
Iteration: 2
  Device: "part1_baseline"	RelError: 3.47251e-05	AbsError: 1.62100e+10
    Region: "bulk"	RelError: 3.47241e-05	AbsError: 1.62100e+10
      Equation: "ElectronContinuityEquation"	RelError: 3.00200e-06	AbsError: 1.62002e+10
      Equation: "HoleContinuityEquation"	RelError: 3.16921e-05	AbsError: 9.77529e+06
      Equation: "PotentialEquation"	RelError: 2.99735e-08	AbsError: 1.65657e-09
    Region: "oxide"	RelError: 9.51227e-10	AbsError: 1.49266e-09
      Equation: "PotentialEquation"	RelError: 9.51227e-10	AbsError: 1.49266e-09
Iteration: 3
  Device: "part1_baseline"	RelError: 1.96321e-13	AbsError: 3.05366e+01
    Region: "bulk"	RelError: 1.96318e-13	AbsError: 3.05366e+01
      Equation: "ElectronContinuityEquation"	RelError: 1.17062e-14	AbsError: 3.05245e+01
      Equation: "HoleContinuityEquation"	RelError: 1.84478e-13	AbsError: 1.20577e-02
      Equation: "PotentialEquation"	RelError: 1.34588e-16	AbsError: 4.61139e-18
    Region: "oxide"	RelError: 2.25871e-18	AbsError: 3.54434e-18
      Equation: "PotentialEquation"	RelError: 2.25871e-18	AbsError: 3.54434e-18
number of equations 8953
Iteration: 0
  Device: "part1_baseline"	RelError: 1.84382e+00	AbsError: 2.69017e+17
    Region: "bulk"	RelError: 1.83119e+00	AbsError: 2.69017e+17
      Equation: "ElectronContinuityEquation"	RelError: 2.28363e-01	AbsError: 2.68945e+17
      Equation: "HoleContinuityEquation"	RelError: 3.16959e-01	AbsError: 7.16052e+13
      Equation: "PotentialEquation"	RelError: 1.28586e+00	AbsError: 1.29244e-02
    Region: "oxide"	RelError: 1.26333e-02	AbsError: 2.00000e-02
      Equation: "PotentialEquation"	RelError: 1.26333e-02	AbsError: 2.00000e-02
Iteration: 1
  Device: "part1_baseline"	RelError: 5.83931e-02	AbsError: 8.96015e+14
    Region: "bulk"	RelError: 5.83649e-02	AbsError: 8.96015e+14
      Equation: "ElectronContinuityEquation"	RelError: 2.00064e-02	AbsError: 8.95316e+14
      Equation: "HoleContinuityEquation"	RelError: 3.67999e-02	AbsError: 6.99388e+11
      Equation: "PotentialEquation"	RelError: 1.55873e-03	AbsError: 4.21074e-05
    Region: "oxide"	RelError: 2.81186e-05	AbsError: 4.16924e-05
      Equation: "PotentialEquation"	RelError: 2.81186e-05	AbsError: 4.16924e-05
Iteration: 2
  Device: "part1_baseline"	RelError: 3.47560e-05	AbsError: 1.70688e+10
    Region: "bulk"	RelError: 3.47550e-05	AbsError: 1.70688e+10
      Equation: "ElectronContinuityEquation"	RelError: 2.99381e-06	AbsError: 1.70594e+10
      Equation: "HoleContinuityEquation"	RelError: 3.16931e-05	AbsError: 9.41816e+06
      Equation: "PotentialEquation"	RelError: 6.81205e-08	AbsError: 1.61762e-09
    Region: "oxide"	RelError: 9.27838e-10	AbsError: 1.46791e-09
      Equation: "PotentialEquation"	RelError: 9.27838e-10	AbsError: 1.46791e-09
Iteration: 3
  Device: "part1_baseline"	RelError: 2.04431e-13	AbsError: 3.31641e+01
    Region: "bulk"	RelError: 2.04429e-13	AbsError: 3.31641e+01
      Equation: "ElectronContinuityEquation"	RelError: 1.10012e-14	AbsError: 3.31523e+01
      Equation: "HoleContinuityEquation"	RelError: 1.93270e-13	AbsError: 1.17402e-02
      Equation: "PotentialEquation"	RelError: 1.57845e-16	AbsError: 4.48908e-18
    Region: "oxide"	RelError: 2.25308e-18	AbsError: 3.32297e-18
      Equation: "PotentialEquation"	RelError: 2.25308e-18	AbsError: 3.32297e-18
number of equations 8953
Iteration: 0
  Device: "part1_baseline"	RelError: 5.11106e+00	AbsError: 2.70450e+17
    Region: "bulk"	RelError: 5.09858e+00	AbsError: 2.70450e+17
      Equation: "ElectronContinuityEquation"	RelError: 2.26994e-01	AbsError: 2.70379e+17
      Equation: "HoleContinuityEquation"	RelError: 3.09732e-01	AbsError: 7.07331e+13
      Equation: "PotentialEquation"	RelError: 4.56186e+00	AbsError: 1.28432e-02
    Region: "oxide"	RelError: 1.24757e-02	AbsError: 2.00000e-02
      Equation: "PotentialEquation"	RelError: 1.24757e-02	AbsError: 2.00000e-02
Iteration: 1
  Device: "part1_baseline"	RelError: 6.08054e-02	AbsError: 8.91494e+14
    Region: "bulk"	RelError: 6.07777e-02	AbsError: 8.91494e+14
      Equation: "ElectronContinuityEquation"	RelError: 1.99033e-02	AbsError: 8.90804e+14
      Equation: "HoleContinuityEquation"	RelError: 3.54094e-02	AbsError: 6.89513e+11
      Equation: "PotentialEquation"	RelError: 5.46500e-03	AbsError: 4.22496e-05
    Region: "oxide"	RelError: 2.76877e-05	AbsError: 4.14031e-05
      Equation: "PotentialEquation"	RelError: 2.76877e-05	AbsError: 4.14031e-05
Iteration: 2
  Device: "part1_baseline"	RelError: 3.50467e-05	AbsError: 1.76856e+10
    Region: "bulk"	RelError: 3.50458e-05	AbsError: 1.76856e+10
      Equation: "ElectronContinuityEquation"	RelError: 2.98287e-06	AbsError: 1.76765e+10
      Equation: "HoleContinuityEquation"	RelError: 3.18201e-05	AbsError: 9.05885e+06
      Equation: "PotentialEquation"	RelError: 2.42893e-07	AbsError: 1.57383e-09
    Region: "oxide"	RelError: 8.99812e-10	AbsError: 1.43509e-09
      Equation: "PotentialEquation"	RelError: 8.99812e-10	AbsError: 1.43509e-09
Iteration: 3
  Device: "part1_baseline"	RelError: 2.11211e-13	AbsError: 3.45581e+01
    Region: "bulk"	RelError: 2.11209e-13	AbsError: 3.45581e+01
      Equation: "ElectronContinuityEquation"	RelError: 1.03046e-14	AbsError: 3.45467e+01
      Equation: "HoleContinuityEquation"	RelError: 2.00425e-13	AbsError: 1.13914e-02
      Equation: "PotentialEquation"	RelError: 4.78864e-16	AbsError: 4.34703e-18
    Region: "oxide"	RelError: 2.24439e-18	AbsError: 3.17599e-18
      Equation: "PotentialEquation"	RelError: 2.24439e-18	AbsError: 3.17599e-18
number of equations 8953
Iteration: 0
  Device: "part1_baseline"	RelError: 2.77537e+00	AbsError: 2.71837e+17
    Region: "bulk"	RelError: 2.76305e+00	AbsError: 2.71837e+17
      Equation: "ElectronContinuityEquation"	RelError: 2.25314e-01	AbsError: 2.71767e+17
      Equation: "HoleContinuityEquation"	RelError: 3.03829e-01	AbsError: 7.00130e+13
      Equation: "PotentialEquation"	RelError: 2.23390e+00	AbsError: 1.27615e-02
    Region: "oxide"	RelError: 1.23219e-02	AbsError: 2.00000e-02
      Equation: "PotentialEquation"	RelError: 1.23219e-02	AbsError: 2.00000e-02
Iteration: 1
  Device: "part1_baseline"	RelError: 5.69619e-02	AbsError: 8.87879e+14
    Region: "bulk"	RelError: 5.69346e-02	AbsError: 8.87879e+14
      Equation: "ElectronContinuityEquation"	RelError: 1.97705e-02	AbsError: 8.87197e+14
      Equation: "HoleContinuityEquation"	RelError: 3.38913e-02	AbsError: 6.81826e+11
      Equation: "PotentialEquation"	RelError: 3.27285e-03	AbsError: 4.23530e-05
    Region: "oxide"	RelError: 2.72665e-05	AbsError: 4.11154e-05
      Equation: "PotentialEquation"	RelError: 2.72665e-05	AbsError: 4.11154e-05
Iteration: 2
  Device: "part1_baseline"	RelError: 3.48809e-05	AbsError: 1.80440e+10
    Region: "bulk"	RelError: 3.48800e-05	AbsError: 1.80440e+10
      Equation: "ElectronContinuityEquation"	RelError: 2.96875e-06	AbsError: 1.80353e+10
      Equation: "HoleContinuityEquation"	RelError: 3.18123e-05	AbsError: 8.69650e+06
      Equation: "PotentialEquation"	RelError: 9.89479e-08	AbsError: 1.52153e-09
    Region: "oxide"	RelError: 8.67637e-10	AbsError: 1.39481e-09
      Equation: "PotentialEquation"	RelError: 8.67637e-10	AbsError: 1.39481e-09
Iteration: 3
  Device: "part1_baseline"	RelError: 2.15911e-13	AbsError: 3.39153e+01
    Region: "bulk"	RelError: 2.15909e-13	AbsError: 3.39153e+01
      Equation: "ElectronContinuityEquation"	RelError: 9.63006e-15	AbsError: 3.39043e+01
      Equation: "HoleContinuityEquation"	RelError: 2.05851e-13	AbsError: 1.10240e-02
      Equation: "PotentialEquation"	RelError: 4.27726e-16	AbsError: 4.19551e-18
    Region: "oxide"	RelError: 2.21290e-18	AbsError: 3.15849e-18
      Equation: "PotentialEquation"	RelError: 2.21290e-18	AbsError: 3.15849e-18
number of equations 8953
Iteration: 0
  Device: "part1_baseline"	RelError: 1.00493e+01	AbsError: 2.73178e+17
    Region: "bulk"	RelError: 1.00371e+01	AbsError: 2.73178e+17
      Equation: "ElectronContinuityEquation"	RelError: 2.23281e-01	AbsError: 2.73109e+17
      Equation: "HoleContinuityEquation"	RelError: 2.97315e-01	AbsError: 6.93312e+13
      Equation: "PotentialEquation"	RelError: 9.51651e+00	AbsError: 1.26794e-02
    Region: "oxide"	RelError: 1.21720e-02	AbsError: 2.00000e-02
      Equation: "PotentialEquation"	RelError: 1.21720e-02	AbsError: 2.00000e-02
Iteration: 1
  Device: "part1_baseline"	RelError: 6.48446e-02	AbsError: 8.86221e+14
    Region: "bulk"	RelError: 6.48178e-02	AbsError: 8.86221e+14
      Equation: "ElectronContinuityEquation"	RelError: 1.96042e-02	AbsError: 8.85547e+14
      Equation: "HoleContinuityEquation"	RelError: 3.26782e-02	AbsError: 6.73815e+11
      Equation: "PotentialEquation"	RelError: 1.25353e-02	AbsError: 4.24202e-05
    Region: "oxide"	RelError: 2.68567e-05	AbsError: 4.12410e-05
      Equation: "PotentialEquation"	RelError: 2.68567e-05	AbsError: 4.12410e-05
Iteration: 2
  Device: "part1_baseline"	RelError: 3.58305e-05	AbsError: 1.81362e+10
    Region: "bulk"	RelError: 3.58297e-05	AbsError: 1.81362e+10
      Equation: "ElectronContinuityEquation"	RelError: 2.95093e-06	AbsError: 1.81278e+10
      Equation: "HoleContinuityEquation"	RelError: 3.23947e-05	AbsError: 8.33053e+06
      Equation: "PotentialEquation"	RelError: 4.84035e-07	AbsError: 1.50548e-09
    Region: "oxide"	RelError: 8.31923e-10	AbsError: 1.34791e-09
      Equation: "PotentialEquation"	RelError: 8.31923e-10	AbsError: 1.34791e-09
Iteration: 3
  Device: "part1_baseline"	RelError: 2.19733e-13	AbsError: 3.14481e+01
    Region: "bulk"	RelError: 2.19731e-13	AbsError: 3.14481e+01
      Equation: "ElectronContinuityEquation"	RelError: 9.13134e-15	AbsError: 3.14374e+01
      Equation: "HoleContinuityEquation"	RelError: 2.09488e-13	AbsError: 1.06492e-02
      Equation: "PotentialEquation"	RelError: 1.11187e-15	AbsError: 4.05137e-18
    Region: "oxide"	RelError: 2.16509e-18	AbsError: 3.11654e-18
      Equation: "PotentialEquation"	RelError: 2.16509e-18	AbsError: 3.11654e-18
number of equations 8953
Iteration: 0
  Device: "part1_baseline"	RelError: 3.14021e+00	AbsError: 2.74477e+17
    Region: "bulk"	RelError: 3.12818e+00	AbsError: 2.74477e+17
      Equation: "ElectronContinuityEquation"	RelError: 2.20843e-01	AbsError: 2.74409e+17
      Equation: "HoleContinuityEquation"	RelError: 2.90097e-01	AbsError: 6.86348e+13
      Equation: "PotentialEquation"	RelError: 2.61724e+00	AbsError: 1.25968e-02
    Region: "oxide"	RelError: 1.20256e-02	AbsError: 2.00000e-02
      Equation: "PotentialEquation"	RelError: 1.20256e-02	AbsError: 2.00000e-02
Iteration: 1
  Device: "part1_baseline"	RelError: 5.28685e-02	AbsError: 8.84229e+14
    Region: "bulk"	RelError: 5.28420e-02	AbsError: 8.84229e+14
      Equation: "ElectronContinuityEquation"	RelError: 1.94006e-02	AbsError: 8.83563e+14
      Equation: "HoleContinuityEquation"	RelError: 3.17034e-02	AbsError: 6.65496e+11
      Equation: "PotentialEquation"	RelError: 1.73799e-03	AbsError: 4.24541e-05
    Region: "oxide"	RelError: 2.64597e-05	AbsError: 4.14129e-05
      Equation: "PotentialEquation"	RelError: 2.64597e-05	AbsError: 4.14129e-05
Iteration: 2
  Device: "part1_baseline"	RelError: 3.58895e-05	AbsError: 1.79621e+10
    Region: "bulk"	RelError: 3.58887e-05	AbsError: 1.79621e+10
      Equation: "ElectronContinuityEquation"	RelError: 2.92881e-06	AbsError: 1.79542e+10
      Equation: "HoleContinuityEquation"	RelError: 3.28944e-05	AbsError: 7.96062e+06
      Equation: "PotentialEquation"	RelError: 6.55173e-08	AbsError: 1.54778e-09
    Region: "oxide"	RelError: 7.93368e-10	AbsError: 1.29540e-09
      Equation: "PotentialEquation"	RelError: 7.93368e-10	AbsError: 1.29540e-09
Iteration: 3
  Device: "part1_baseline"	RelError: 2.20243e-13	AbsError: 2.93250e+01
    Region: "bulk"	RelError: 2.20241e-13	AbsError: 2.93250e+01
      Equation: "ElectronContinuityEquation"	RelError: 8.76383e-15	AbsError: 2.93147e+01
      Equation: "HoleContinuityEquation"	RelError: 2.11326e-13	AbsError: 1.02947e-02
      Equation: "PotentialEquation"	RelError: 1.51495e-16	AbsError: 4.11642e-18
    Region: "oxide"	RelError: 2.10870e-18	AbsError: 3.06083e-18
      Equation: "PotentialEquation"	RelError: 2.10870e-18	AbsError: 3.06083e-18
number of equations 8953
Iteration: 0
  Device: "part1_baseline"	RelError: 4.39703e+00	AbsError: 2.75735e+17
    Region: "bulk"	RelError: 4.38514e+00	AbsError: 2.75735e+17
      Equation: "ElectronContinuityEquation"	RelError: 2.17944e-01	AbsError: 2.75667e+17
      Equation: "HoleContinuityEquation"	RelError: 2.82549e-01	AbsError: 6.81562e+13
      Equation: "PotentialEquation"	RelError: 3.88465e+00	AbsError: 1.25140e-02
    Region: "oxide"	RelError: 1.18827e-02	AbsError: 2.00000e-02
      Equation: "PotentialEquation"	RelError: 1.18827e-02	AbsError: 2.00000e-02
Iteration: 1
  Device: "part1_baseline"	RelError: 5.40156e-02	AbsError: 8.83208e+14
    Region: "bulk"	RelError: 5.39895e-02	AbsError: 8.83208e+14
      Equation: "ElectronContinuityEquation"	RelError: 1.91551e-02	AbsError: 8.82551e+14
      Equation: "HoleContinuityEquation"	RelError: 3.06455e-02	AbsError: 6.56886e+11
      Equation: "PotentialEquation"	RelError: 4.18890e-03	AbsError: 4.24583e-05
    Region: "oxide"	RelError: 2.60768e-05	AbsError: 4.15583e-05
      Equation: "PotentialEquation"	RelError: 2.60768e-05	AbsError: 4.15583e-05
Iteration: 2
  Device: "part1_baseline"	RelError: 3.63966e-05	AbsError: 1.75299e+10
    Region: "bulk"	RelError: 3.63958e-05	AbsError: 1.75299e+10
      Equation: "ElectronContinuityEquation"	RelError: 2.90165e-06	AbsError: 1.75223e+10
      Equation: "HoleContinuityEquation"	RelError: 3.32960e-05	AbsError: 7.58664e+06
      Equation: "PotentialEquation"	RelError: 1.98130e-07	AbsError: 1.60494e-09
    Region: "oxide"	RelError: 7.57365e-10	AbsError: 1.34488e-09
      Equation: "PotentialEquation"	RelError: 7.57365e-10	AbsError: 1.34488e-09
Iteration: 3
  Device: "part1_baseline"	RelError: 2.20249e-13	AbsError: 2.83889e+01
    Region: "bulk"	RelError: 2.20247e-13	AbsError: 2.83889e+01
      Equation: "ElectronContinuityEquation"	RelError: 8.55438e-15	AbsError: 2.83789e+01
      Equation: "HoleContinuityEquation"	RelError: 2.11416e-13	AbsError: 9.98431e-03
      Equation: "PotentialEquation"	RelError: 2.76920e-16	AbsError: 4.21304e-18
    Region: "oxide"	RelError: 2.05143e-18	AbsError: 3.04904e-18
      Equation: "PotentialEquation"	RelError: 2.05143e-18	AbsError: 3.04904e-18
number of equations 8953
Iteration: 0
  Device: "part1_baseline"	RelError: 3.88984e+00	AbsError: 2.76953e+17
    Region: "bulk"	RelError: 3.87810e+00	AbsError: 2.76953e+17
      Equation: "ElectronContinuityEquation"	RelError: 2.17410e-01	AbsError: 2.76886e+17
      Equation: "HoleContinuityEquation"	RelError: 2.77897e-01	AbsError: 6.77100e+13
      Equation: "PotentialEquation"	RelError: 3.38279e+00	AbsError: 1.24308e-02
    Region: "oxide"	RelError: 1.17431e-02	AbsError: 2.00000e-02
      Equation: "PotentialEquation"	RelError: 1.17431e-02	AbsError: 2.00000e-02
Iteration: 1
  Device: "part1_baseline"	RelError: 5.34712e-02	AbsError: 8.84778e+14
    Region: "bulk"	RelError: 5.34455e-02	AbsError: 8.84778e+14
      Equation: "ElectronContinuityEquation"	RelError: 1.88628e-02	AbsError: 8.84130e+14
      Equation: "HoleContinuityEquation"	RelError: 2.94960e-02	AbsError: 6.48004e+11
      Equation: "PotentialEquation"	RelError: 5.08670e-03	AbsError: 4.24365e-05
    Region: "oxide"	RelError: 2.57091e-05	AbsError: 4.16804e-05
      Equation: "PotentialEquation"	RelError: 2.57091e-05	AbsError: 4.16804e-05
Iteration: 2
  Device: "part1_baseline"	RelError: 3.65940e-05	AbsError: 1.68547e+10
    Region: "bulk"	RelError: 3.65932e-05	AbsError: 1.68547e+10
      Equation: "ElectronContinuityEquation"	RelError: 2.86867e-06	AbsError: 1.68474e+10
      Equation: "HoleContinuityEquation"	RelError: 3.35956e-05	AbsError: 7.34272e+06
      Equation: "PotentialEquation"	RelError: 1.28904e-07	AbsError: 1.66545e-09
    Region: "oxide"	RelError: 7.90705e-10	AbsError: 1.41366e-09
      Equation: "PotentialEquation"	RelError: 7.90705e-10	AbsError: 1.41366e-09
Iteration: 3
  Device: "part1_baseline"	RelError: 2.20804e-13	AbsError: 3.25149e+01
    Region: "bulk"	RelError: 2.20802e-13	AbsError: 3.25149e+01
      Equation: "ElectronContinuityEquation"	RelError: 8.34343e-15	AbsError: 3.25052e+01
      Equation: "HoleContinuityEquation"	RelError: 2.11926e-13	AbsError: 9.73944e-03
      Equation: "PotentialEquation"	RelError: 5.32228e-16	AbsError: 4.34694e-18
    Region: "oxide"	RelError: 2.00920e-18	AbsError: 3.44233e-18
      Equation: "PotentialEquation"	RelError: 2.00920e-18	AbsError: 3.44233e-18
number of equations 8953
Iteration: 0
  Device: "part1_baseline"	RelError: 5.48719e+00	AbsError: 2.78134e+17
    Region: "bulk"	RelError: 5.47558e+00	AbsError: 2.78134e+17
      Equation: "ElectronContinuityEquation"	RelError: 2.17310e-01	AbsError: 2.78066e+17
      Equation: "HoleContinuityEquation"	RelError: 2.72804e-01	AbsError: 6.72473e+13
      Equation: "PotentialEquation"	RelError: 4.98546e+00	AbsError: 1.23474e-02
    Region: "oxide"	RelError: 1.16068e-02	AbsError: 2.00000e-02
      Equation: "PotentialEquation"	RelError: 1.16068e-02	AbsError: 2.00000e-02
Iteration: 1
  Device: "part1_baseline"	RelError: 5.25960e-02	AbsError: 8.85933e+14
    Region: "bulk"	RelError: 5.25707e-02	AbsError: 8.85933e+14
      Equation: "ElectronContinuityEquation"	RelError: 1.85185e-02	AbsError: 8.85294e+14
      Equation: "HoleContinuityEquation"	RelError: 2.82485e-02	AbsError: 6.38868e+11
      Equation: "PotentialEquation"	RelError: 5.80369e-03	AbsError: 4.23930e-05
    Region: "oxide"	RelError: 2.53576e-05	AbsError: 4.17823e-05
      Equation: "PotentialEquation"	RelError: 2.53576e-05	AbsError: 4.17823e-05
Iteration: 2
  Device: "part1_baseline"	RelError: 3.68915e-05	AbsError: 1.59578e+10
    Region: "bulk"	RelError: 3.68906e-05	AbsError: 1.59578e+10
      Equation: "ElectronContinuityEquation"	RelError: 2.82899e-06	AbsError: 1.59507e+10
      Equation: "HoleContinuityEquation"	RelError: 3.37934e-05	AbsError: 7.14229e+06
      Equation: "PotentialEquation"	RelError: 2.68277e-07	AbsError: 1.72376e-09
    Region: "oxide"	RelError: 8.24103e-10	AbsError: 1.48329e-09
      Equation: "PotentialEquation"	RelError: 8.24103e-10	AbsError: 1.48329e-09
Iteration: 3
  Device: "part1_baseline"	RelError: 2.31228e-13	AbsError: 3.90674e+01
    Region: "bulk"	RelError: 2.31226e-13	AbsError: 3.90674e+01
      Equation: "ElectronContinuityEquation"	RelError: 8.13169e-15	AbsError: 3.90578e+01
      Equation: "HoleContinuityEquation"	RelError: 2.22651e-13	AbsError: 9.59046e-03
      Equation: "PotentialEquation"	RelError: 4.43587e-16	AbsError: 4.72858e-18
    Region: "oxide"	RelError: 2.17025e-18	AbsError: 3.90621e-18
      Equation: "PotentialEquation"	RelError: 2.17025e-18	AbsError: 3.90621e-18
number of equations 8953
Iteration: 0
  Device: "part1_baseline"	RelError: 1.32922e+00	AbsError: 2.79278e+17
    Region: "bulk"	RelError: 1.31775e+00	AbsError: 2.79278e+17
      Equation: "ElectronContinuityEquation"	RelError: 2.17130e-01	AbsError: 2.79211e+17
      Equation: "HoleContinuityEquation"	RelError: 2.67205e-01	AbsError: 6.67682e+13
      Equation: "PotentialEquation"	RelError: 8.33411e-01	AbsError: 1.22638e-02
    Region: "oxide"	RelError: 1.14737e-02	AbsError: 2.00000e-02
      Equation: "PotentialEquation"	RelError: 1.14737e-02	AbsError: 2.00000e-02
Iteration: 1
  Device: "part1_baseline"	RelError: 4.65851e-02	AbsError: 8.86714e+14
    Region: "bulk"	RelError: 4.65601e-02	AbsError: 8.86714e+14
      Equation: "ElectronContinuityEquation"	RelError: 1.81169e-02	AbsError: 8.86084e+14
      Equation: "HoleContinuityEquation"	RelError: 2.74566e-02	AbsError: 6.29497e+11
      Equation: "PotentialEquation"	RelError: 9.86628e-04	AbsError: 4.23323e-05
    Region: "oxide"	RelError: 2.50233e-05	AbsError: 4.18676e-05
      Equation: "PotentialEquation"	RelError: 2.50233e-05	AbsError: 4.18676e-05
Iteration: 2
  Device: "part1_baseline"	RelError: 3.67207e-05	AbsError: 1.48652e+10
    Region: "bulk"	RelError: 3.67198e-05	AbsError: 1.48652e+10
      Equation: "ElectronContinuityEquation"	RelError: 2.78167e-06	AbsError: 1.48583e+10
      Equation: "HoleContinuityEquation"	RelError: 3.38936e-05	AbsError: 6.94307e+06
      Equation: "PotentialEquation"	RelError: 4.45160e-08	AbsError: 1.77893e-09
    Region: "oxide"	RelError: 8.57088e-10	AbsError: 1.55292e-09
      Equation: "PotentialEquation"	RelError: 8.57088e-10	AbsError: 1.55292e-09
Iteration: 3
  Device: "part1_baseline"	RelError: 2.40690e-13	AbsError: 4.44258e+01
    Region: "bulk"	RelError: 2.40687e-13	AbsError: 4.44258e+01
      Equation: "ElectronContinuityEquation"	RelError: 7.91937e-15	AbsError: 4.44163e+01
      Equation: "HoleContinuityEquation"	RelError: 2.32674e-13	AbsError: 9.54233e-03
      Equation: "PotentialEquation"	RelError: 9.40842e-17	AbsError: 5.23443e-18
    Region: "oxide"	RelError: 2.43237e-18	AbsError: 4.40712e-18
      Equation: "PotentialEquation"	RelError: 2.43237e-18	AbsError: 4.40712e-18
number of equations 8953
Iteration: 0
  Device: "part1_baseline"	RelError: 3.08007e+00	AbsError: 2.80387e+17
    Region: "bulk"	RelError: 3.06872e+00	AbsError: 2.80387e+17
      Equation: "ElectronContinuityEquation"	RelError: 2.16862e-01	AbsError: 2.80321e+17
      Equation: "HoleContinuityEquation"	RelError: 2.61035e-01	AbsError: 6.62732e+13
      Equation: "PotentialEquation"	RelError: 2.59083e+00	AbsError: 1.21801e-02
    Region: "oxide"	RelError: 1.13435e-02	AbsError: 2.00000e-02
      Equation: "PotentialEquation"	RelError: 1.13435e-02	AbsError: 2.00000e-02
Iteration: 1
  Device: "part1_baseline"	RelError: 4.82501e-02	AbsError: 8.88824e+14
    Region: "bulk"	RelError: 4.82253e-02	AbsError: 8.88824e+14
      Equation: "ElectronContinuityEquation"	RelError: 1.80110e-02	AbsError: 8.88204e+14
      Equation: "HoleContinuityEquation"	RelError: 2.66751e-02	AbsError: 6.19910e+11
      Equation: "PotentialEquation"	RelError: 3.53923e-03	AbsError: 4.22588e-05
    Region: "oxide"	RelError: 2.47533e-05	AbsError: 4.19399e-05
      Equation: "PotentialEquation"	RelError: 2.47533e-05	AbsError: 4.19399e-05
Iteration: 2
  Device: "part1_baseline"	RelError: 3.67533e-05	AbsError: 1.51696e+10
    Region: "bulk"	RelError: 3.67525e-05	AbsError: 1.51696e+10
      Equation: "ElectronContinuityEquation"	RelError: 2.72579e-06	AbsError: 1.51628e+10
      Equation: "HoleContinuityEquation"	RelError: 3.39043e-05	AbsError: 6.74566e+06
      Equation: "PotentialEquation"	RelError: 1.22347e-07	AbsError: 1.83000e-09
    Region: "oxide"	RelError: 8.89142e-10	AbsError: 1.62158e-09
      Equation: "PotentialEquation"	RelError: 8.89142e-10	AbsError: 1.62158e-09
Iteration: 3
  Device: "part1_baseline"	RelError: 2.50137e-13	AbsError: 4.80714e+01
    Region: "bulk"	RelError: 2.50134e-13	AbsError: 4.80714e+01
      Equation: "ElectronContinuityEquation"	RelError: 7.77325e-15	AbsError: 4.80618e+01
      Equation: "HoleContinuityEquation"	RelError: 2.42018e-13	AbsError: 9.64745e-03
      Equation: "PotentialEquation"	RelError: 3.42262e-16	AbsError: 5.73737e-18
    Region: "oxide"	RelError: 2.70082e-18	AbsError: 4.92563e-18
      Equation: "PotentialEquation"	RelError: 2.70082e-18	AbsError: 4.92563e-18
number of equations 8953
Iteration: 0
  Device: "part1_baseline"	RelError: 6.19276e+00	AbsError: 2.81463e+17
    Region: "bulk"	RelError: 6.18154e+00	AbsError: 2.81463e+17
      Equation: "ElectronContinuityEquation"	RelError: 2.16501e-01	AbsError: 2.81397e+17
      Equation: "HoleContinuityEquation"	RelError: 2.55034e-01	AbsError: 6.57627e+13
      Equation: "PotentialEquation"	RelError: 5.71001e+00	AbsError: 1.20962e-02
    Region: "oxide"	RelError: 1.12163e-02	AbsError: 2.00000e-02
      Equation: "PotentialEquation"	RelError: 1.12163e-02	AbsError: 2.00000e-02
Iteration: 1
  Device: "part1_baseline"	RelError: 5.13604e-02	AbsError: 8.94381e+14
    Region: "bulk"	RelError: 5.13358e-02	AbsError: 8.94381e+14
      Equation: "ElectronContinuityEquation"	RelError: 1.79925e-02	AbsError: 8.93771e+14
      Equation: "HoleContinuityEquation"	RelError: 2.58309e-02	AbsError: 6.10126e+11
      Equation: "PotentialEquation"	RelError: 7.51237e-03	AbsError: 4.21773e-05
    Region: "oxide"	RelError: 2.46154e-05	AbsError: 4.20030e-05
      Equation: "PotentialEquation"	RelError: 2.46154e-05	AbsError: 4.20030e-05
Iteration: 2
  Device: "part1_baseline"	RelError: 3.67831e-05	AbsError: 1.71057e+10
    Region: "bulk"	RelError: 3.67822e-05	AbsError: 1.71057e+10
      Equation: "ElectronContinuityEquation"	RelError: 2.66046e-06	AbsError: 1.70991e+10
      Equation: "HoleContinuityEquation"	RelError: 3.38358e-05	AbsError: 6.55055e+06
      Equation: "PotentialEquation"	RelError: 2.85951e-07	AbsError: 1.87602e-09
    Region: "oxide"	RelError: 9.19716e-10	AbsError: 1.68821e-09
      Equation: "PotentialEquation"	RelError: 9.19716e-10	AbsError: 1.68821e-09
Iteration: 3
  Device: "part1_baseline"	RelError: 2.59245e-13	AbsError: 4.95610e+01
    Region: "bulk"	RelError: 2.59242e-13	AbsError: 4.95610e+01
      Equation: "ElectronContinuityEquation"	RelError: 7.64492e-15	AbsError: 4.95511e+01
      Equation: "HoleContinuityEquation"	RelError: 2.50707e-13	AbsError: 9.85124e-03
      Equation: "PotentialEquation"	RelError: 8.89289e-16	AbsError: 6.21297e-18
    Region: "oxide"	RelError: 2.96251e-18	AbsError: 5.43791e-18
      Equation: "PotentialEquation"	RelError: 2.96251e-18	AbsError: 5.43791e-18
number of equations 8953
Iteration: 0
  Device: "part1_baseline"	RelError: 1.74508e+00	AbsError: 2.82506e+17
    Region: "bulk"	RelError: 1.73399e+00	AbsError: 2.82506e+17
      Equation: "ElectronContinuityEquation"	RelError: 2.16037e-01	AbsError: 2.82441e+17
      Equation: "HoleContinuityEquation"	RelError: 2.51167e-01	AbsError: 6.52370e+13
      Equation: "PotentialEquation"	RelError: 1.26678e+00	AbsError: 1.20121e-02
    Region: "oxide"	RelError: 1.10919e-02	AbsError: 2.00000e-02
      Equation: "PotentialEquation"	RelError: 1.10919e-02	AbsError: 2.00000e-02
Iteration: 1
  Device: "part1_baseline"	RelError: 4.49275e-02	AbsError: 8.99446e+14
    Region: "bulk"	RelError: 4.49030e-02	AbsError: 8.99446e+14
      Equation: "ElectronContinuityEquation"	RelError: 1.79627e-02	AbsError: 8.98846e+14
      Equation: "HoleContinuityEquation"	RelError: 2.49185e-02	AbsError: 6.00165e+11
      Equation: "PotentialEquation"	RelError: 2.02187e-03	AbsError: 4.20925e-05
    Region: "oxide"	RelError: 2.44777e-05	AbsError: 4.20610e-05
      Equation: "PotentialEquation"	RelError: 2.44777e-05	AbsError: 4.20610e-05
Iteration: 2
  Device: "part1_baseline"	RelError: 3.63922e-05	AbsError: 1.89845e+10
    Region: "bulk"	RelError: 3.63913e-05	AbsError: 1.89845e+10
      Equation: "ElectronContinuityEquation"	RelError: 2.64965e-06	AbsError: 1.89781e+10
      Equation: "HoleContinuityEquation"	RelError: 3.36992e-05	AbsError: 6.42921e+06
      Equation: "PotentialEquation"	RelError: 4.24592e-08	AbsError: 1.92425e-09
    Region: "oxide"	RelError: 9.48257e-10	AbsError: 1.75174e-09
      Equation: "PotentialEquation"	RelError: 9.48257e-10	AbsError: 1.75174e-09
Iteration: 3
  Device: "part1_baseline"	RelError: 2.66529e-13	AbsError: 5.54747e+01
    Region: "bulk"	RelError: 2.66526e-13	AbsError: 5.54747e+01
      Equation: "ElectronContinuityEquation"	RelError: 7.52509e-15	AbsError: 5.54646e+01
      Equation: "HoleContinuityEquation"	RelError: 2.58755e-13	AbsError: 1.01332e-02
      Equation: "PotentialEquation"	RelError: 2.45691e-16	AbsError: 6.63492e-18
    Region: "oxide"	RelError: 3.20282e-18	AbsError: 5.91664e-18
      Equation: "PotentialEquation"	RelError: 3.20282e-18	AbsError: 5.91664e-18
number of equations 8953
Iteration: 0
  Device: "part1_baseline"	RelError: 2.52348e+00	AbsError: 2.83519e+17
    Region: "bulk"	RelError: 2.51251e+00	AbsError: 2.83519e+17
      Equation: "ElectronContinuityEquation"	RelError: 2.15462e-01	AbsError: 2.83454e+17
      Equation: "HoleContinuityEquation"	RelError: 2.46958e-01	AbsError: 6.48438e+13
      Equation: "PotentialEquation"	RelError: 2.05009e+00	AbsError: 1.19280e-02
    Region: "oxide"	RelError: 1.09702e-02	AbsError: 2.00000e-02
      Equation: "PotentialEquation"	RelError: 1.09702e-02	AbsError: 2.00000e-02
Iteration: 1
  Device: "part1_baseline"	RelError: 4.41378e-02	AbsError: 9.04065e+14
    Region: "bulk"	RelError: 4.41135e-02	AbsError: 9.04065e+14
      Equation: "ElectronContinuityEquation"	RelError: 1.79209e-02	AbsError: 9.03473e+14
      Equation: "HoleContinuityEquation"	RelError: 2.39337e-02	AbsError: 5.92586e+11
      Equation: "PotentialEquation"	RelError: 2.25895e-03	AbsError: 4.21175e-05
    Region: "oxide"	RelError: 2.43422e-05	AbsError: 4.21175e-05
      Equation: "PotentialEquation"	RelError: 2.43422e-05	AbsError: 4.21175e-05
Iteration: 2
  Device: "part1_baseline"	RelError: 3.64292e-05	AbsError: 2.07582e+10
    Region: "bulk"	RelError: 3.64282e-05	AbsError: 2.07582e+10
      Equation: "ElectronContinuityEquation"	RelError: 2.67510e-06	AbsError: 2.07518e+10
      Equation: "HoleContinuityEquation"	RelError: 3.36457e-05	AbsError: 6.34905e+06
      Equation: "PotentialEquation"	RelError: 1.07399e-07	AbsError: 1.98033e-09
    Region: "oxide"	RelError: 9.74232e-10	AbsError: 1.81109e-09
      Equation: "PotentialEquation"	RelError: 9.74232e-10	AbsError: 1.81109e-09
Iteration: 3
  Device: "part1_baseline"	RelError: 2.73793e-13	AbsError: 6.75416e+01
    Region: "bulk"	RelError: 2.73790e-13	AbsError: 6.75416e+01
      Equation: "ElectronContinuityEquation"	RelError: 7.41286e-15	AbsError: 6.75311e+01
      Equation: "HoleContinuityEquation"	RelError: 2.66160e-13	AbsError: 1.04652e-02
      Equation: "PotentialEquation"	RelError: 2.17360e-16	AbsError: 6.97742e-18
    Region: "oxide"	RelError: 3.40686e-18	AbsError: 6.33333e-18
      Equation: "PotentialEquation"	RelError: 3.40686e-18	AbsError: 6.33333e-18
number of equations 8953
Iteration: 0
  Device: "part1_baseline"	RelError: 3.41747e+00	AbsError: 2.84502e+17
    Region: "bulk"	RelError: 3.40662e+00	AbsError: 2.84502e+17
      Equation: "ElectronContinuityEquation"	RelError: 2.14763e-01	AbsError: 2.84438e+17
      Equation: "HoleContinuityEquation"	RelError: 2.42359e-01	AbsError: 6.44734e+13
      Equation: "PotentialEquation"	RelError: 2.94950e+00	AbsError: 1.18437e-02
    Region: "oxide"	RelError: 1.08512e-02	AbsError: 2.00000e-02
      Equation: "PotentialEquation"	RelError: 1.08512e-02	AbsError: 2.00000e-02
Iteration: 1
  Device: "part1_baseline"	RelError: 4.68716e-02	AbsError: 9.08282e+14
    Region: "bulk"	RelError: 4.68474e-02	AbsError: 9.08282e+14
      Equation: "ElectronContinuityEquation"	RelError: 1.78662e-02	AbsError: 9.07696e+14
      Equation: "HoleContinuityEquation"	RelError: 2.32625e-02	AbsError: 5.86307e+11
      Equation: "PotentialEquation"	RelError: 5.71872e-03	AbsError: 4.21766e-05
    Region: "oxide"	RelError: 2.42112e-05	AbsError: 4.21766e-05
      Equation: "PotentialEquation"	RelError: 2.42112e-05	AbsError: 4.21766e-05
Iteration: 2
  Device: "part1_baseline"	RelError: 3.64956e-05	AbsError: 2.23781e+10
    Region: "bulk"	RelError: 3.64946e-05	AbsError: 2.23781e+10
      Equation: "ElectronContinuityEquation"	RelError: 2.70037e-06	AbsError: 2.23718e+10
      Equation: "HoleContinuityEquation"	RelError: 3.36911e-05	AbsError: 6.26310e+06
      Equation: "PotentialEquation"	RelError: 1.03068e-07	AbsError: 2.02952e-09
    Region: "oxide"	RelError: 9.97167e-10	AbsError: 1.86528e-09
      Equation: "PotentialEquation"	RelError: 9.97167e-10	AbsError: 1.86528e-09
Iteration: 3
  Device: "part1_baseline"	RelError: 2.81267e-13	AbsError: 7.83743e+01
    Region: "bulk"	RelError: 2.81264e-13	AbsError: 7.83743e+01
      Equation: "ElectronContinuityEquation"	RelError: 7.47593e-15	AbsError: 7.83635e+01
      Equation: "HoleContinuityEquation"	RelError: 2.72902e-13	AbsError: 1.08126e-02
      Equation: "PotentialEquation"	RelError: 8.85496e-16	AbsError: 7.31760e-18
    Region: "oxide"	RelError: 3.56120e-18	AbsError: 6.66152e-18
      Equation: "PotentialEquation"	RelError: 3.56120e-18	AbsError: 6.66152e-18
number of equations 8953
Iteration: 0
  Device: "part1_baseline"	RelError: 4.01778e+00	AbsError: 2.85457e+17
    Region: "bulk"	RelError: 4.00704e+00	AbsError: 2.85457e+17
      Equation: "ElectronContinuityEquation"	RelError: 2.13926e-01	AbsError: 2.85393e+17
      Equation: "HoleContinuityEquation"	RelError: 2.37324e-01	AbsError: 6.40866e+13
      Equation: "PotentialEquation"	RelError: 3.55579e+00	AbsError: 1.17594e-02
    Region: "oxide"	RelError: 1.07347e-02	AbsError: 2.00000e-02
      Equation: "PotentialEquation"	RelError: 1.07347e-02	AbsError: 2.00000e-02
Iteration: 1
  Device: "part1_baseline"	RelError: 4.34979e-02	AbsError: 9.12141e+14
    Region: "bulk"	RelError: 4.34738e-02	AbsError: 9.12141e+14
      Equation: "ElectronContinuityEquation"	RelError: 1.77975e-02	AbsError: 9.11561e+14
      Equation: "HoleContinuityEquation"	RelError: 2.26603e-02	AbsError: 5.79746e+11
      Equation: "PotentialEquation"	RelError: 3.01597e-03	AbsError: 4.22421e-05
    Region: "oxide"	RelError: 2.40868e-05	AbsError: 4.22421e-05
      Equation: "PotentialEquation"	RelError: 2.40868e-05	AbsError: 4.22421e-05
Iteration: 2
  Device: "part1_baseline"	RelError: 3.65397e-05	AbsError: 2.37970e+10
    Region: "bulk"	RelError: 3.65386e-05	AbsError: 2.37970e+10
      Equation: "ElectronContinuityEquation"	RelError: 2.72534e-06	AbsError: 2.37909e+10
      Equation: "HoleContinuityEquation"	RelError: 3.36859e-05	AbsError: 6.17232e+06
      Equation: "PotentialEquation"	RelError: 1.27393e-07	AbsError: 2.07096e-09
    Region: "oxide"	RelError: 1.01667e-09	AbsError: 1.91347e-09
      Equation: "PotentialEquation"	RelError: 1.01667e-09	AbsError: 1.91347e-09
Iteration: 3
  Device: "part1_baseline"	RelError: 2.86989e-13	AbsError: 8.71941e+01
    Region: "bulk"	RelError: 2.86986e-13	AbsError: 8.71941e+01
      Equation: "ElectronContinuityEquation"	RelError: 7.56353e-15	AbsError: 8.71830e+01
      Equation: "HoleContinuityEquation"	RelError: 2.78944e-13	AbsError: 1.11451e-02
      Equation: "PotentialEquation"	RelError: 4.78209e-16	AbsError: 7.54039e-18
    Region: "oxide"	RelError: 3.65498e-18	AbsError: 6.87899e-18
      Equation: "PotentialEquation"	RelError: 3.65498e-18	AbsError: 6.87899e-18
number of equations 8953
Iteration: 0
  Device: "part1_baseline"	RelError: 2.53145e+00	AbsError: 2.86384e+17
    Region: "bulk"	RelError: 2.52083e+00	AbsError: 2.86384e+17
      Equation: "ElectronContinuityEquation"	RelError: 2.12934e-01	AbsError: 2.86321e+17
      Equation: "HoleContinuityEquation"	RelError: 2.31807e-01	AbsError: 6.36836e+13
      Equation: "PotentialEquation"	RelError: 2.07609e+00	AbsError: 1.16749e-02
    Region: "oxide"	RelError: 1.06207e-02	AbsError: 2.00000e-02
      Equation: "PotentialEquation"	RelError: 1.06207e-02	AbsError: 2.00000e-02
Iteration: 1
  Device: "part1_baseline"	RelError: 4.28798e-02	AbsError: 9.22770e+14
    Region: "bulk"	RelError: 4.28558e-02	AbsError: 9.22770e+14
      Equation: "ElectronContinuityEquation"	RelError: 1.77137e-02	AbsError: 9.22197e+14
      Equation: "HoleContinuityEquation"	RelError: 2.20136e-02	AbsError: 5.72920e+11
      Equation: "PotentialEquation"	RelError: 3.12856e-03	AbsError: 4.26571e-05
    Region: "oxide"	RelError: 2.39711e-05	AbsError: 4.23180e-05
      Equation: "PotentialEquation"	RelError: 2.39711e-05	AbsError: 4.23180e-05
Iteration: 2
  Device: "part1_baseline"	RelError: 3.64661e-05	AbsError: 2.49712e+10
    Region: "bulk"	RelError: 3.64651e-05	AbsError: 2.49712e+10
      Equation: "ElectronContinuityEquation"	RelError: 2.74985e-06	AbsError: 2.49652e+10
      Equation: "HoleContinuityEquation"	RelError: 3.36268e-05	AbsError: 6.07765e+06
      Equation: "PotentialEquation"	RelError: 8.84245e-08	AbsError: 2.10405e-09
    Region: "oxide"	RelError: 1.03248e-09	AbsError: 1.95502e-09
      Equation: "PotentialEquation"	RelError: 1.03248e-09	AbsError: 1.95502e-09
Iteration: 3
  Device: "part1_baseline"	RelError: 3.02007e-13	AbsError: 9.32953e+01
    Region: "bulk"	RelError: 3.02003e-13	AbsError: 9.32953e+01
      Equation: "ElectronContinuityEquation"	RelError: 7.66460e-15	AbsError: 9.32838e+01
      Equation: "HoleContinuityEquation"	RelError: 2.93944e-13	AbsError: 1.14350e-02
      Equation: "PotentialEquation"	RelError: 3.94325e-16	AbsError: 7.62474e-18
    Region: "oxide"	RelError: 3.68168e-18	AbsError: 6.97131e-18
      Equation: "PotentialEquation"	RelError: 3.68168e-18	AbsError: 6.97131e-18
number of equations 8953
Iteration: 0
  Device: "part1_baseline"	RelError: 5.05249e+00	AbsError: 2.87285e+17
    Region: "bulk"	RelError: 5.04198e+00	AbsError: 2.87285e+17
      Equation: "ElectronContinuityEquation"	RelError: 2.11769e-01	AbsError: 2.87222e+17
      Equation: "HoleContinuityEquation"	RelError: 2.28333e-01	AbsError: 6.32646e+13
      Equation: "PotentialEquation"	RelError: 4.60188e+00	AbsError: 1.15902e-02
    Region: "oxide"	RelError: 1.05091e-02	AbsError: 2.00000e-02
      Equation: "PotentialEquation"	RelError: 1.05091e-02	AbsError: 2.00000e-02
Iteration: 1
  Device: "part1_baseline"	RelError: 4.75501e-02	AbsError: 9.33498e+14
    Region: "bulk"	RelError: 4.75263e-02	AbsError: 9.33498e+14
      Equation: "ElectronContinuityEquation"	RelError: 1.76132e-02	AbsError: 9.32932e+14
      Equation: "HoleContinuityEquation"	RelError: 2.13185e-02	AbsError: 5.65849e+11
      Equation: "PotentialEquation"	RelError: 8.59460e-03	AbsError: 4.32565e-05
    Region: "oxide"	RelError: 2.38660e-05	AbsError: 4.24082e-05
      Equation: "PotentialEquation"	RelError: 2.38660e-05	AbsError: 4.24082e-05
Iteration: 2
  Device: "part1_baseline"	RelError: 3.65182e-05	AbsError: 2.58626e+10
    Region: "bulk"	RelError: 3.65172e-05	AbsError: 2.58626e+10
      Equation: "ElectronContinuityEquation"	RelError: 2.77369e-06	AbsError: 2.58566e+10
      Equation: "HoleContinuityEquation"	RelError: 3.35071e-05	AbsError: 5.97993e+06
      Equation: "PotentialEquation"	RelError: 2.36389e-07	AbsError: 2.12853e-09
    Region: "oxide"	RelError: 1.04447e-09	AbsError: 1.98957e-09
      Equation: "PotentialEquation"	RelError: 1.04447e-09	AbsError: 1.98957e-09
Iteration: 3
  Device: "part1_baseline"	RelError: 3.18950e-13	AbsError: 9.61171e+01
    Region: "bulk"	RelError: 3.18946e-13	AbsError: 9.61171e+01
      Equation: "ElectronContinuityEquation"	RelError: 7.78016e-15	AbsError: 9.61054e+01
      Equation: "HoleContinuityEquation"	RelError: 3.09820e-13	AbsError: 1.16612e-02
      Equation: "PotentialEquation"	RelError: 1.34581e-15	AbsError: 7.56707e-18
    Region: "oxide"	RelError: 3.64027e-18	AbsError: 6.93417e-18
      Equation: "PotentialEquation"	RelError: 3.64027e-18	AbsError: 6.93417e-18
number of equations 8953
Iteration: 0
  Device: "part1_baseline"	RelError: 4.01400e+00	AbsError: 2.88161e+17
    Region: "bulk"	RelError: 4.00360e+00	AbsError: 2.88161e+17
      Equation: "ElectronContinuityEquation"	RelError: 2.10409e-01	AbsError: 2.88098e+17
      Equation: "HoleContinuityEquation"	RelError: 2.24998e-01	AbsError: 6.28299e+13
      Equation: "PotentialEquation"	RelError: 3.56819e+00	AbsError: 1.15054e-02
    Region: "oxide"	RelError: 1.03998e-02	AbsError: 2.00000e-02
      Equation: "PotentialEquation"	RelError: 1.03998e-02	AbsError: 2.00000e-02
Iteration: 1
  Device: "part1_baseline"	RelError: 4.30542e-02	AbsError: 9.43703e+14
    Region: "bulk"	RelError: 4.30304e-02	AbsError: 9.43703e+14
      Equation: "ElectronContinuityEquation"	RelError: 1.74944e-02	AbsError: 9.43144e+14
      Equation: "HoleContinuityEquation"	RelError: 2.05718e-02	AbsError: 5.58550e+11
      Equation: "PotentialEquation"	RelError: 4.96417e-03	AbsError: 4.38395e-05
    Region: "oxide"	RelError: 2.37737e-05	AbsError: 4.29508e-05
      Equation: "PotentialEquation"	RelError: 2.37737e-05	AbsError: 4.29508e-05
Iteration: 2
  Device: "part1_baseline"	RelError: 3.62884e-05	AbsError: 2.64403e+10
    Region: "bulk"	RelError: 3.62874e-05	AbsError: 2.64403e+10
      Equation: "ElectronContinuityEquation"	RelError: 2.79662e-06	AbsError: 2.64344e+10
      Equation: "HoleContinuityEquation"	RelError: 3.33168e-05	AbsError: 5.87996e+06
      Equation: "PotentialEquation"	RelError: 1.73910e-07	AbsError: 2.14453e-09
    Region: "oxide"	RelError: 1.05270e-09	AbsError: 2.01709e-09
      Equation: "PotentialEquation"	RelError: 1.05270e-09	AbsError: 2.01709e-09
Iteration: 3
  Device: "part1_baseline"	RelError: 3.34188e-13	AbsError: 9.53067e+01
    Region: "bulk"	RelError: 3.34185e-13	AbsError: 9.53067e+01
      Equation: "ElectronContinuityEquation"	RelError: 7.91205e-15	AbsError: 9.52949e+01
      Equation: "HoleContinuityEquation"	RelError: 3.25668e-13	AbsError: 1.18109e-02
      Equation: "PotentialEquation"	RelError: 6.04949e-16	AbsError: 7.37775e-18
    Region: "oxide"	RelError: 3.53638e-18	AbsError: 6.77608e-18
      Equation: "PotentialEquation"	RelError: 3.53638e-18	AbsError: 6.77608e-18
number of equations 8953
Iteration: 0
  Device: "part1_baseline"	RelError: 1.21093e+01	AbsError: 2.89012e+17
    Region: "bulk"	RelError: 1.20990e+01	AbsError: 2.89012e+17
      Equation: "ElectronContinuityEquation"	RelError: 2.08828e-01	AbsError: 2.88950e+17
      Equation: "HoleContinuityEquation"	RelError: 2.21383e-01	AbsError: 6.23799e+13
      Equation: "PotentialEquation"	RelError: 1.16688e+01	AbsError: 1.14203e-02
    Region: "oxide"	RelError: 1.02927e-02	AbsError: 2.00000e-02
      Equation: "PotentialEquation"	RelError: 1.02927e-02	AbsError: 2.00000e-02
Iteration: 1
  Device: "part1_baseline"	RelError: 5.88806e-02	AbsError: 9.53437e+14
    Region: "bulk"	RelError: 5.88569e-02	AbsError: 9.53437e+14
      Equation: "ElectronContinuityEquation"	RelError: 1.73555e-02	AbsError: 9.52886e+14
      Equation: "HoleContinuityEquation"	RelError: 1.98250e-02	AbsError: 5.51042e+11
      Equation: "PotentialEquation"	RelError: 2.16764e-02	AbsError: 4.44095e-05
    Region: "oxide"	RelError: 2.36962e-05	AbsError: 4.36633e-05
      Equation: "PotentialEquation"	RelError: 2.36962e-05	AbsError: 4.36633e-05
Iteration: 2
  Device: "part1_baseline"	RelError: 3.61705e-05	AbsError: 2.66828e+10
    Region: "bulk"	RelError: 3.61694e-05	AbsError: 2.66828e+10
      Equation: "ElectronContinuityEquation"	RelError: 2.81836e-06	AbsError: 2.66770e+10
      Equation: "HoleContinuityEquation"	RelError: 3.30440e-05	AbsError: 5.77848e+06
      Equation: "PotentialEquation"	RelError: 3.07034e-07	AbsError: 2.15260e-09
    Region: "oxide"	RelError: 1.05742e-09	AbsError: 2.03795e-09
      Equation: "PotentialEquation"	RelError: 1.05742e-09	AbsError: 2.03795e-09
Iteration: 3
  Device: "part1_baseline"	RelError: 3.53573e-13	AbsError: 9.07661e+01
    Region: "bulk"	RelError: 3.53569e-13	AbsError: 9.07661e+01
      Equation: "ElectronContinuityEquation"	RelError: 8.06324e-15	AbsError: 9.07541e+01
      Equation: "HoleContinuityEquation"	RelError: 3.42291e-13	AbsError: 1.19520e-02
      Equation: "PotentialEquation"	RelError: 3.21517e-15	AbsError: 7.08360e-18
    Region: "oxide"	RelError: 3.38338e-18	AbsError: 6.52070e-18
      Equation: "PotentialEquation"	RelError: 3.38338e-18	AbsError: 6.52070e-18
number of equations 8953
Iteration: 0
  Device: "part1_baseline"	RelError: 4.53878e+00	AbsError: 2.89840e+17
    Region: "bulk"	RelError: 4.52859e+00	AbsError: 2.89840e+17
      Equation: "ElectronContinuityEquation"	RelError: 2.06997e-01	AbsError: 2.89778e+17
      Equation: "HoleContinuityEquation"	RelError: 2.17456e-01	AbsError: 6.19148e+13
      Equation: "PotentialEquation"	RelError: 4.10414e+00	AbsError: 1.13349e-02
    Region: "oxide"	RelError: 1.01879e-02	AbsError: 2.00000e-02
      Equation: "PotentialEquation"	RelError: 1.01879e-02	AbsError: 2.00000e-02
Iteration: 1
  Device: "part1_baseline"	RelError: 4.36191e-02	AbsError: 9.62756e+14
    Region: "bulk"	RelError: 4.35955e-02	AbsError: 9.62756e+14
      Equation: "ElectronContinuityEquation"	RelError: 1.71941e-02	AbsError: 9.62213e+14
      Equation: "HoleContinuityEquation"	RelError: 1.93781e-02	AbsError: 5.43344e+11
      Equation: "PotentialEquation"	RelError: 7.02320e-03	AbsError: 4.49708e-05
    Region: "oxide"	RelError: 2.36354e-05	AbsError: 4.43719e-05
      Equation: "PotentialEquation"	RelError: 2.36354e-05	AbsError: 4.43719e-05
Iteration: 2
  Device: "part1_baseline"	RelError: 3.57170e-05	AbsError: 2.65786e+10
    Region: "bulk"	RelError: 3.57159e-05	AbsError: 2.65786e+10
      Equation: "ElectronContinuityEquation"	RelError: 2.83856e-06	AbsError: 2.65730e+10
      Equation: "HoleContinuityEquation"	RelError: 3.26758e-05	AbsError: 5.67615e+06
      Equation: "PotentialEquation"	RelError: 2.01545e-07	AbsError: 2.15378e-09
    Region: "oxide"	RelError: 1.05910e-09	AbsError: 2.05292e-09
      Equation: "PotentialEquation"	RelError: 1.05910e-09	AbsError: 2.05292e-09
Iteration: 3
  Device: "part1_baseline"	RelError: 3.71236e-13	AbsError: 8.26741e+01
    Region: "bulk"	RelError: 3.71233e-13	AbsError: 8.26741e+01
      Equation: "ElectronContinuityEquation"	RelError: 8.23843e-15	AbsError: 8.26621e+01
      Equation: "HoleContinuityEquation"	RelError: 3.61811e-13	AbsError: 1.20694e-02
      Equation: "PotentialEquation"	RelError: 1.18337e-15	AbsError: 7.72563e-18
    Region: "oxide"	RelError: 3.20295e-18	AbsError: 6.20846e-18
      Equation: "PotentialEquation"	RelError: 3.20295e-18	AbsError: 6.20846e-18
number of equations 8953
Iteration: 0
  Device: "part1_baseline"	RelError: 1.93601e+00	AbsError: 2.90645e+17
    Region: "bulk"	RelError: 1.92592e+00	AbsError: 2.90645e+17
      Equation: "ElectronContinuityEquation"	RelError: 2.04886e-01	AbsError: 2.90583e+17
      Equation: "HoleContinuityEquation"	RelError: 2.13184e-01	AbsError: 6.14349e+13
      Equation: "PotentialEquation"	RelError: 1.50785e+00	AbsError: 1.12493e-02
    Region: "oxide"	RelError: 1.00851e-02	AbsError: 2.00000e-02
      Equation: "PotentialEquation"	RelError: 1.00851e-02	AbsError: 2.00000e-02
Iteration: 1
  Device: "part1_baseline"	RelError: 3.95678e-02	AbsError: 9.71722e+14
    Region: "bulk"	RelError: 3.95442e-02	AbsError: 9.71722e+14
      Equation: "ElectronContinuityEquation"	RelError: 1.70079e-02	AbsError: 9.71186e+14
      Equation: "HoleContinuityEquation"	RelError: 1.89016e-02	AbsError: 5.35475e+11
      Equation: "PotentialEquation"	RelError: 3.63465e-03	AbsError: 4.55287e-05
    Region: "oxide"	RelError: 2.35936e-05	AbsError: 4.50811e-05
      Equation: "PotentialEquation"	RelError: 2.35936e-05	AbsError: 4.50811e-05
Iteration: 2
  Device: "part1_baseline"	RelError: 3.50974e-05	AbsError: 2.61274e+10
    Region: "bulk"	RelError: 3.50963e-05	AbsError: 2.61274e+10
      Equation: "ElectronContinuityEquation"	RelError: 2.85680e-06	AbsError: 2.61217e+10
      Equation: "HoleContinuityEquation"	RelError: 3.21999e-05	AbsError: 5.63122e+06
      Equation: "PotentialEquation"	RelError: 3.96827e-08	AbsError: 2.14961e-09
    Region: "oxide"	RelError: 1.05843e-09	AbsError: 2.06324e-09
      Equation: "PotentialEquation"	RelError: 1.05843e-09	AbsError: 2.06324e-09
Iteration: 3
  Device: "part1_baseline"	RelError: 3.90074e-13	AbsError: 7.14847e+01
    Region: "bulk"	RelError: 3.90070e-13	AbsError: 7.14847e+01
      Equation: "ElectronContinuityEquation"	RelError: 8.44455e-15	AbsError: 7.14725e+01
      Equation: "HoleContinuityEquation"	RelError: 3.81015e-13	AbsError: 1.21964e-02
      Equation: "PotentialEquation"	RelError: 6.10046e-16	AbsError: 9.07486e-18
    Region: "oxide"	RelError: 3.45000e-18	AbsError: 7.31905e-18
      Equation: "PotentialEquation"	RelError: 3.45000e-18	AbsError: 7.31905e-18
number of equations 8953
Iteration: 0
  Device: "part1_baseline"	RelError: 1.06553e+00	AbsError: 2.91428e+17
    Region: "bulk"	RelError: 1.05555e+00	AbsError: 2.91428e+17
      Equation: "ElectronContinuityEquation"	RelError: 2.02457e-01	AbsError: 2.91367e+17
      Equation: "HoleContinuityEquation"	RelError: 2.08536e-01	AbsError: 6.09406e+13
      Equation: "PotentialEquation"	RelError: 6.44556e-01	AbsError: 1.11632e-02
    Region: "oxide"	RelError: 9.98442e-03	AbsError: 2.00000e-02
      Equation: "PotentialEquation"	RelError: 9.98442e-03	AbsError: 2.00000e-02
Iteration: 1
  Device: "part1_baseline"	RelError: 3.66870e-02	AbsError: 9.80401e+14
    Region: "bulk"	RelError: 3.66634e-02	AbsError: 9.80401e+14
      Equation: "ElectronContinuityEquation"	RelError: 1.67943e-02	AbsError: 9.79873e+14
      Equation: "HoleContinuityEquation"	RelError: 1.83927e-02	AbsError: 5.27453e+11
      Equation: "PotentialEquation"	RelError: 1.47649e-03	AbsError: 4.60898e-05
    Region: "oxide"	RelError: 2.35731e-05	AbsError: 4.57960e-05
      Equation: "PotentialEquation"	RelError: 2.35731e-05	AbsError: 4.57960e-05
Iteration: 2
  Device: "part1_baseline"	RelError: 3.45096e-05	AbsError: 2.53395e+10
    Region: "bulk"	RelError: 3.45086e-05	AbsError: 2.53395e+10
      Equation: "ElectronContinuityEquation"	RelError: 2.87261e-06	AbsError: 2.53338e+10
      Equation: "HoleContinuityEquation"	RelError: 3.16060e-05	AbsError: 5.61816e+06
      Equation: "PotentialEquation"	RelError: 2.99712e-08	AbsError: 2.27460e-09
    Region: "oxide"	RelError: 1.05631e-09	AbsError: 2.07064e-09
      Equation: "PotentialEquation"	RelError: 1.05631e-09	AbsError: 2.07064e-09
Iteration: 3
  Device: "part1_baseline"	RelError: 4.08621e-13	AbsError: 8.26325e+01
    Region: "bulk"	RelError: 4.08617e-13	AbsError: 8.26325e+01
      Equation: "ElectronContinuityEquation"	RelError: 8.69127e-15	AbsError: 8.26201e+01
      Equation: "HoleContinuityEquation"	RelError: 3.99677e-13	AbsError: 1.24211e-02
      Equation: "PotentialEquation"	RelError: 2.49130e-16	AbsError: 1.08275e-17
    Region: "oxide"	RelError: 4.21165e-18	AbsError: 8.97547e-18
      Equation: "PotentialEquation"	RelError: 4.21165e-18	AbsError: 8.97547e-18
number of equations 8953
Iteration: 0
  Device: "part1_baseline"	RelError: 2.20506e+00	AbsError: 2.92190e+17
    Region: "bulk"	RelError: 2.19518e+00	AbsError: 2.92190e+17
      Equation: "ElectronContinuityEquation"	RelError: 1.99674e-01	AbsError: 2.92130e+17
      Equation: "HoleContinuityEquation"	RelError: 2.05713e-01	AbsError: 6.04320e+13
      Equation: "PotentialEquation"	RelError: 1.78979e+00	AbsError: 1.10767e-02
    Region: "oxide"	RelError: 9.88572e-03	AbsError: 2.00000e-02
      Equation: "PotentialEquation"	RelError: 9.88572e-03	AbsError: 2.00000e-02
Iteration: 1
  Device: "part1_baseline"	RelError: 3.76394e-02	AbsError: 9.97644e+14
    Region: "bulk"	RelError: 3.76158e-02	AbsError: 9.97644e+14
      Equation: "ElectronContinuityEquation"	RelError: 1.65503e-02	AbsError: 9.97124e+14
      Equation: "HoleContinuityEquation"	RelError: 1.78489e-02	AbsError: 5.19297e+11
      Equation: "PotentialEquation"	RelError: 3.21664e-03	AbsError: 4.66618e-05
    Region: "oxide"	RelError: 2.36031e-05	AbsError: 4.65230e-05
      Equation: "PotentialEquation"	RelError: 2.36031e-05	AbsError: 4.65230e-05
Iteration: 2
  Device: "part1_baseline"	RelError: 3.38521e-05	AbsError: 2.75777e+10
    Region: "bulk"	RelError: 3.38510e-05	AbsError: 2.75777e+10
      Equation: "ElectronContinuityEquation"	RelError: 2.88544e-06	AbsError: 2.75721e+10
      Equation: "HoleContinuityEquation"	RelError: 3.08872e-05	AbsError: 5.60019e+06
      Equation: "PotentialEquation"	RelError: 7.84005e-08	AbsError: 2.49576e-09
    Region: "oxide"	RelError: 1.05390e-09	AbsError: 2.20791e-09
      Equation: "PotentialEquation"	RelError: 1.05390e-09	AbsError: 2.20791e-09
Iteration: 3
  Device: "part1_baseline"	RelError: 4.27013e-13	AbsError: 1.07869e+02
    Region: "bulk"	RelError: 4.27007e-13	AbsError: 1.07869e+02
      Equation: "ElectronContinuityEquation"	RelError: 8.99169e-15	AbsError: 1.07856e+02
      Equation: "HoleContinuityEquation"	RelError: 4.17558e-13	AbsError: 1.28456e-02
      Equation: "PotentialEquation"	RelError: 4.57488e-16	AbsError: 1.33136e-17
    Region: "oxide"	RelError: 5.22943e-18	AbsError: 1.11945e-17
      Equation: "PotentialEquation"	RelError: 5.22943e-18	AbsError: 1.11945e-17
number of equations 8953
Iteration: 0
  Device: "part1_baseline"	RelError: 6.08975e+00	AbsError: 2.92932e+17
    Region: "bulk"	RelError: 6.07997e+00	AbsError: 2.92932e+17
      Equation: "ElectronContinuityEquation"	RelError: 1.98179e-01	AbsError: 2.92872e+17
      Equation: "HoleContinuityEquation"	RelError: 2.02974e-01	AbsError: 5.99211e+13
      Equation: "PotentialEquation"	RelError: 5.67881e+00	AbsError: 1.09896e-02
    Region: "oxide"	RelError: 9.78894e-03	AbsError: 2.00000e-02
      Equation: "PotentialEquation"	RelError: 9.78894e-03	AbsError: 2.00000e-02
Iteration: 1
  Device: "part1_baseline"	RelError: 4.11183e-02	AbsError: 1.01775e+15
    Region: "bulk"	RelError: 4.10945e-02	AbsError: 1.01775e+15
      Equation: "ElectronContinuityEquation"	RelError: 1.62729e-02	AbsError: 1.01723e+15
      Equation: "HoleContinuityEquation"	RelError: 1.72684e-02	AbsError: 5.14244e+11
      Equation: "PotentialEquation"	RelError: 7.55318e-03	AbsError: 4.72694e-05
    Region: "oxide"	RelError: 2.38521e-05	AbsError: 4.72694e-05
      Equation: "PotentialEquation"	RelError: 2.38521e-05	AbsError: 4.72694e-05
Iteration: 2
  Device: "part1_baseline"	RelError: 3.36231e-05	AbsError: 3.01446e+10
    Region: "bulk"	RelError: 3.36220e-05	AbsError: 3.01446e+10
      Equation: "ElectronContinuityEquation"	RelError: 2.89466e-06	AbsError: 3.01390e+10
      Equation: "HoleContinuityEquation"	RelError: 3.04280e-05	AbsError: 5.57807e+06
      Equation: "PotentialEquation"	RelError: 2.99350e-07	AbsError: 2.74684e-09
    Region: "oxide"	RelError: 1.14326e-09	AbsError: 2.45823e-09
      Equation: "PotentialEquation"	RelError: 1.14326e-09	AbsError: 2.45823e-09
Iteration: 3
  Device: "part1_baseline"	RelError: 4.44780e-13	AbsError: 1.38353e+02
    Region: "bulk"	RelError: 4.44774e-13	AbsError: 1.38353e+02
      Equation: "ElectronContinuityEquation"	RelError: 9.36289e-15	AbsError: 1.38339e+02
      Equation: "HoleContinuityEquation"	RelError: 4.34431e-13	AbsError: 1.36155e-02
      Equation: "PotentialEquation"	RelError: 9.79611e-16	AbsError: 1.66294e-17
    Region: "oxide"	RelError: 6.58826e-18	AbsError: 1.41660e-17
      Equation: "PotentialEquation"	RelError: 6.58826e-18	AbsError: 1.41660e-17
number of equations 8953
Iteration: 0
  Device: "part1_baseline"	RelError: 2.76018e+00	AbsError: 2.93655e+17
    Region: "bulk"	RelError: 2.75049e+00	AbsError: 2.93655e+17
      Equation: "ElectronContinuityEquation"	RelError: 1.97516e-01	AbsError: 2.93596e+17
      Equation: "HoleContinuityEquation"	RelError: 2.00028e-01	AbsError: 5.95409e+13
      Equation: "PotentialEquation"	RelError: 2.35295e+00	AbsError: 1.09019e-02
    Region: "oxide"	RelError: 9.69405e-03	AbsError: 2.00000e-02
      Equation: "PotentialEquation"	RelError: 9.69405e-03	AbsError: 2.00000e-02
Iteration: 1
  Device: "part1_baseline"	RelError: 3.46397e-02	AbsError: 1.03737e+15
    Region: "bulk"	RelError: 3.46156e-02	AbsError: 1.03737e+15
      Equation: "ElectronContinuityEquation"	RelError: 1.59589e-02	AbsError: 1.03687e+15
      Equation: "HoleContinuityEquation"	RelError: 1.66500e-02	AbsError: 5.09029e+11
      Equation: "PotentialEquation"	RelError: 2.00670e-03	AbsError: 4.80437e-05
    Region: "oxide"	RelError: 2.41136e-05	AbsError: 4.80437e-05
      Equation: "PotentialEquation"	RelError: 2.41136e-05	AbsError: 4.80437e-05
Iteration: 2
  Device: "part1_baseline"	RelError: 3.31619e-05	AbsError: 3.25833e+10
    Region: "bulk"	RelError: 3.31607e-05	AbsError: 3.25833e+10
      Equation: "ElectronContinuityEquation"	RelError: 2.89953e-06	AbsError: 3.25778e+10
      Equation: "HoleContinuityEquation"	RelError: 3.01508e-05	AbsError: 5.55247e+06
      Equation: "PotentialEquation"	RelError: 1.10315e-07	AbsError: 3.03236e-09
    Region: "oxide"	RelError: 1.27150e-09	AbsError: 2.74596e-09
      Equation: "PotentialEquation"	RelError: 1.27150e-09	AbsError: 2.74596e-09
Iteration: 3
  Device: "part1_baseline"	RelError: 4.60235e-13	AbsError: 1.74934e+02
    Region: "bulk"	RelError: 4.60226e-13	AbsError: 1.74934e+02
      Equation: "ElectronContinuityEquation"	RelError: 9.82650e-15	AbsError: 1.74920e+02
      Equation: "HoleContinuityEquation"	RelError: 4.50093e-13	AbsError: 1.49070e-02
      Equation: "PotentialEquation"	RelError: 3.06411e-16	AbsError: 2.10020e-17
    Region: "oxide"	RelError: 8.39778e-18	AbsError: 1.81360e-17
      Equation: "PotentialEquation"	RelError: 8.39778e-18	AbsError: 1.81360e-17
number of equations 8953
Iteration: 0
  Device: "part1_baseline"	RelError: 6.21340e+00	AbsError: 2.94359e+17
    Region: "bulk"	RelError: 6.20380e+00	AbsError: 2.94359e+17
      Equation: "ElectronContinuityEquation"	RelError: 1.96782e-01	AbsError: 2.94300e+17
      Equation: "HoleContinuityEquation"	RelError: 1.96851e-01	AbsError: 5.91452e+13
      Equation: "PotentialEquation"	RelError: 5.81016e+00	AbsError: 1.08135e-02
    Region: "oxide"	RelError: 9.60098e-03	AbsError: 2.00000e-02
      Equation: "PotentialEquation"	RelError: 9.60098e-03	AbsError: 2.00000e-02
Iteration: 1
  Device: "part1_baseline"	RelError: 4.00405e-02	AbsError: 1.05662e+15
    Region: "bulk"	RelError: 4.00161e-02	AbsError: 1.05662e+15
      Equation: "ElectronContinuityEquation"	RelError: 1.56054e-02	AbsError: 1.05611e+15
      Equation: "HoleContinuityEquation"	RelError: 1.62671e-02	AbsError: 5.03623e+11
      Equation: "PotentialEquation"	RelError: 8.14357e-03	AbsError: 4.88550e-05
    Region: "oxide"	RelError: 2.43920e-05	AbsError: 4.88550e-05
      Equation: "PotentialEquation"	RelError: 2.43920e-05	AbsError: 4.88550e-05
Iteration: 2
  Device: "part1_baseline"	RelError: 3.29568e-05	AbsError: 3.48807e+10
    Region: "bulk"	RelError: 3.29554e-05	AbsError: 3.48807e+10
      Equation: "ElectronContinuityEquation"	RelError: 2.89927e-06	AbsError: 3.48752e+10
      Equation: "HoleContinuityEquation"	RelError: 2.97418e-05	AbsError: 5.52402e+06
      Equation: "PotentialEquation"	RelError: 3.14351e-07	AbsError: 3.35739e-09
    Region: "oxide"	RelError: 1.41850e-09	AbsError: 3.07669e-09
      Equation: "PotentialEquation"	RelError: 1.41850e-09	AbsError: 3.07669e-09
Iteration: 3
  Device: "part1_baseline"	RelError: 4.76190e-13	AbsError: 2.18659e+02
    Region: "bulk"	RelError: 4.76179e-13	AbsError: 2.18659e+02
      Equation: "ElectronContinuityEquation"	RelError: 1.04093e-14	AbsError: 2.18642e+02
      Equation: "HoleContinuityEquation"	RelError: 4.64382e-13	AbsError: 1.69550e-02
      Equation: "PotentialEquation"	RelError: 1.38796e-15	AbsError: 2.67614e-17
    Region: "oxide"	RelError: 1.07998e-17	AbsError: 2.34244e-17
      Equation: "PotentialEquation"	RelError: 1.07998e-17	AbsError: 2.34244e-17
number of equations 8953
Iteration: 0
  Device: "part1_baseline"	RelError: 3.72404e+00	AbsError: 2.95045e+17
    Region: "bulk"	RelError: 3.71453e+00	AbsError: 2.95045e+17
      Equation: "ElectronContinuityEquation"	RelError: 1.95975e-01	AbsError: 2.94986e+17
      Equation: "HoleContinuityEquation"	RelError: 1.93422e-01	AbsError: 5.87340e+13
      Equation: "PotentialEquation"	RelError: 3.32513e+00	AbsError: 1.07241e-02
    Region: "oxide"	RelError: 9.50968e-03	AbsError: 2.00000e-02
      Equation: "PotentialEquation"	RelError: 9.50968e-03	AbsError: 2.00000e-02
Iteration: 1
  Device: "part1_baseline"	RelError: 3.43657e-02	AbsError: 1.07557e+15
    Region: "bulk"	RelError: 3.43410e-02	AbsError: 1.07557e+15
      Equation: "ElectronContinuityEquation"	RelError: 1.52841e-02	AbsError: 1.07507e+15
      Equation: "HoleContinuityEquation"	RelError: 1.59070e-02	AbsError: 4.98044e+11
      Equation: "PotentialEquation"	RelError: 3.14995e-03	AbsError: 4.97133e-05
    Region: "oxide"	RelError: 2.46921e-05	AbsError: 4.97133e-05
      Equation: "PotentialEquation"	RelError: 2.46921e-05	AbsError: 4.97133e-05
Iteration: 2
  Device: "part1_baseline"	RelError: 3.22510e-05	AbsError: 3.70333e+10
    Region: "bulk"	RelError: 3.22494e-05	AbsError: 3.70333e+10
      Equation: "ElectronContinuityEquation"	RelError: 2.89301e-06	AbsError: 3.70278e+10
      Equation: "HoleContinuityEquation"	RelError: 2.91936e-05	AbsError: 5.49330e+06
      Equation: "PotentialEquation"	RelError: 1.62744e-07	AbsError: 3.75622e-09
    Region: "oxide"	RelError: 1.58687e-09	AbsError: 3.45659e-09
      Equation: "PotentialEquation"	RelError: 1.58687e-09	AbsError: 3.45659e-09
Iteration: 3
  Device: "part1_baseline"	RelError: 4.88960e-13	AbsError: 2.78043e+02
    Region: "bulk"	RelError: 4.88946e-13	AbsError: 2.78043e+02
      Equation: "ElectronContinuityEquation"	RelError: 1.11435e-14	AbsError: 2.78023e+02
      Equation: "HoleContinuityEquation"	RelError: 4.77187e-13	AbsError: 2.00336e-02
      Equation: "PotentialEquation"	RelError: 6.15242e-16	AbsError: 3.43332e-17
    Region: "oxide"	RelError: 1.39769e-17	AbsError: 3.04452e-17
      Equation: "PotentialEquation"	RelError: 1.39769e-17	AbsError: 3.04452e-17
number of equations 8953
Iteration: 0
  Device: "part1_baseline"	RelError: 1.82744e+00	AbsError: 2.95713e+17
    Region: "bulk"	RelError: 1.81802e+00	AbsError: 2.95713e+17
      Equation: "ElectronContinuityEquation"	RelError: 1.95088e-01	AbsError: 2.95655e+17
      Equation: "HoleContinuityEquation"	RelError: 1.89717e-01	AbsError: 5.83074e+13
      Equation: "PotentialEquation"	RelError: 1.43321e+00	AbsError: 1.06338e-02
    Region: "oxide"	RelError: 9.42009e-03	AbsError: 2.00000e-02
      Equation: "PotentialEquation"	RelError: 9.42009e-03	AbsError: 2.00000e-02
Iteration: 1
  Device: "part1_baseline"	RelError: 3.21509e-02	AbsError: 1.09435e+15
    Region: "bulk"	RelError: 3.21259e-02	AbsError: 1.09435e+15
      Equation: "ElectronContinuityEquation"	RelError: 1.51937e-02	AbsError: 1.09385e+15
      Equation: "HoleContinuityEquation"	RelError: 1.55249e-02	AbsError: 4.92311e+11
      Equation: "PotentialEquation"	RelError: 1.40731e-03	AbsError: 5.06294e-05
    Region: "oxide"	RelError: 2.50189e-05	AbsError: 5.06294e-05
      Equation: "PotentialEquation"	RelError: 2.50189e-05	AbsError: 5.06294e-05
Iteration: 2
  Device: "part1_baseline"	RelError: 3.14565e-05	AbsError: 4.19000e+10
    Region: "bulk"	RelError: 3.14547e-05	AbsError: 4.19000e+10
      Equation: "ElectronContinuityEquation"	RelError: 2.87982e-06	AbsError: 4.18945e+10
      Equation: "HoleContinuityEquation"	RelError: 2.85037e-05	AbsError: 5.46082e+06
      Equation: "PotentialEquation"	RelError: 7.11627e-08	AbsError: 4.21309e-09
    Region: "oxide"	RelError: 1.77947e-09	AbsError: 3.89247e-09
      Equation: "PotentialEquation"	RelError: 1.77947e-09	AbsError: 3.89247e-09
Iteration: 3
  Device: "part1_baseline"	RelError: 5.19790e-13	AbsError: 3.90101e+02
    Region: "bulk"	RelError: 5.19772e-13	AbsError: 3.90101e+02
      Equation: "ElectronContinuityEquation"	RelError: 1.20672e-14	AbsError: 3.90076e+02
      Equation: "HoleContinuityEquation"	RelError: 5.07372e-13	AbsError: 2.46034e-02
      Equation: "PotentialEquation"	RelError: 3.32685e-16	AbsError: 4.42664e-17
    Region: "oxide"	RelError: 1.81647e-17	AbsError: 3.97339e-17
      Equation: "PotentialEquation"	RelError: 1.81647e-17	AbsError: 3.97339e-17
number of equations 8953
Iteration: 0
  Device: "part1_baseline"	RelError: 9.78403e-01	AbsError: 2.96365e+17
    Region: "bulk"	RelError: 9.69071e-01	AbsError: 2.96365e+17
      Equation: "ElectronContinuityEquation"	RelError: 1.94118e-01	AbsError: 2.96307e+17
      Equation: "HoleContinuityEquation"	RelError: 1.86069e-01	AbsError: 5.78655e+13
      Equation: "PotentialEquation"	RelError: 5.88884e-01	AbsError: 1.05424e-02
    Region: "oxide"	RelError: 9.33218e-03	AbsError: 2.00000e-02
      Equation: "PotentialEquation"	RelError: 9.33218e-03	AbsError: 2.00000e-02
Iteration: 1
  Device: "part1_baseline"	RelError: 3.09274e-02	AbsError: 1.11307e+15
    Region: "bulk"	RelError: 3.09021e-02	AbsError: 1.11307e+15
      Equation: "ElectronContinuityEquation"	RelError: 1.50946e-02	AbsError: 1.11258e+15
      Equation: "HoleContinuityEquation"	RelError: 1.51193e-02	AbsError: 4.86444e+11
      Equation: "PotentialEquation"	RelError: 6.88203e-04	AbsError: 5.16144e-05
    Region: "oxide"	RelError: 2.53775e-05	AbsError: 5.16144e-05
      Equation: "PotentialEquation"	RelError: 2.53775e-05	AbsError: 5.16144e-05
Iteration: 2
  Device: "part1_baseline"	RelError: 3.06351e-05	AbsError: 4.84240e+10
    Region: "bulk"	RelError: 3.06331e-05	AbsError: 4.84240e+10
      Equation: "ElectronContinuityEquation"	RelError: 2.92957e-06	AbsError: 4.84185e+10
      Equation: "HoleContinuityEquation"	RelError: 2.76741e-05	AbsError: 5.48368e+06
      Equation: "PotentialEquation"	RelError: 2.94407e-08	AbsError: 4.73372e-09
    Region: "oxide"	RelError: 1.99942e-09	AbsError: 4.39178e-09
      Equation: "PotentialEquation"	RelError: 1.99942e-09	AbsError: 4.39178e-09
Iteration: 3
  Device: "part1_baseline"	RelError: 5.55665e-13	AbsError: 5.37478e+02
    Region: "bulk"	RelError: 5.55642e-13	AbsError: 5.37478e+02
      Equation: "ElectronContinuityEquation"	RelError: 1.32889e-14	AbsError: 5.37447e+02
      Equation: "HoleContinuityEquation"	RelError: 5.42151e-13	AbsError: 3.10440e-02
      Equation: "PotentialEquation"	RelError: 2.01612e-16	AbsError: 5.72654e-17
    Region: "oxide"	RelError: 2.36649e-17	AbsError: 5.19805e-17
      Equation: "PotentialEquation"	RelError: 2.36649e-17	AbsError: 5.19805e-17
number of equations 8953
Iteration: 0
  Device: "part1_baseline"	RelError: 1.04380e+00	AbsError: 2.97000e+17
    Region: "bulk"	RelError: 1.03456e+00	AbsError: 2.97000e+17
      Equation: "ElectronContinuityEquation"	RelError: 1.93058e-01	AbsError: 2.96943e+17
      Equation: "HoleContinuityEquation"	RelError: 1.83907e-01	AbsError: 5.74084e+13
      Equation: "PotentialEquation"	RelError: 6.57592e-01	AbsError: 1.04496e-02
    Region: "oxide"	RelError: 9.24590e-03	AbsError: 2.00000e-02
      Equation: "PotentialEquation"	RelError: 9.24590e-03	AbsError: 2.00000e-02
Iteration: 1
  Device: "part1_baseline"	RelError: 3.06988e-02	AbsError: 1.13187e+15
    Region: "bulk"	RelError: 3.06731e-02	AbsError: 1.13187e+15
      Equation: "ElectronContinuityEquation"	RelError: 1.49864e-02	AbsError: 1.13139e+15
      Equation: "HoleContinuityEquation"	RelError: 1.46888e-02	AbsError: 4.80460e+11
      Equation: "PotentialEquation"	RelError: 9.97929e-04	AbsError: 5.26799e-05
    Region: "oxide"	RelError: 2.57732e-05	AbsError: 5.26799e-05
      Equation: "PotentialEquation"	RelError: 2.57732e-05	AbsError: 5.26799e-05
Iteration: 2
  Device: "part1_baseline"	RelError: 2.97562e-05	AbsError: 5.55812e+10
    Region: "bulk"	RelError: 2.97539e-05	AbsError: 5.55812e+10
      Equation: "ElectronContinuityEquation"	RelError: 3.00723e-06	AbsError: 5.55756e+10
      Equation: "HoleContinuityEquation"	RelError: 2.67117e-05	AbsError: 5.55321e+06
      Equation: "PotentialEquation"	RelError: 3.49464e-08	AbsError: 5.32584e-09
    Region: "oxide"	RelError: 2.25003e-09	AbsError: 4.96251e-09
      Equation: "PotentialEquation"	RelError: 2.25003e-09	AbsError: 4.96251e-09
Iteration: 3
  Device: "part1_baseline"	RelError: 5.92148e-13	AbsError: 7.29426e+02
    Region: "bulk"	RelError: 5.92117e-13	AbsError: 7.29426e+02
      Equation: "ElectronContinuityEquation"	RelError: 1.49188e-14	AbsError: 7.29386e+02
      Equation: "HoleContinuityEquation"	RelError: 5.76850e-13	AbsError: 3.99032e-02
      Equation: "PotentialEquation"	RelError: 3.47480e-16	AbsError: 7.43872e-17
    Region: "oxide"	RelError: 3.08634e-17	AbsError: 6.80701e-17
      Equation: "PotentialEquation"	RelError: 3.08634e-17	AbsError: 6.80701e-17
Adding 820 nodes
Adding 1960 edges with 0 duplicates removed
Adding 1140 triangles  with 0 duplicate removed
Adding 2916 nodes
Adding 8515 edges with 0 duplicates removed
Adding 5600 triangles  with 0 duplicate removed
Adding 205 nodes
Adding 524 edges with 0 duplicates removed
Adding 320 triangles  with 0 duplicate removed
Adding 205 nodes
Adding 524 edges with 0 duplicates removed
Adding 320 triangles  with 0 duplicate removed
Contact body in region bulk with 81 nodes
Contact drain in region bulk with 21 nodes
Contact gate in region oxide with 41 nodes
Contact source in region bulk with 21 nodes
Adding interface bulk_oxide with 39, 39 nodes
Replacing Node Model DrainDoping in region bulk of material Silicon
Replacing Node Model NetDoping in region bulk of material Silicon
Replacing Node Model SourceDoping in region bulk of material Silicon
Replacing Node Model gatenodemodel in region oxide of material Oxide
number of equations 3121
Iteration: 0
  Device: "part1_baseline"	RelError: 2.00000e+00	AbsError: 2.02931e-01
    Region: "bulk"	RelError: 1.00000e+00	AbsError: 2.02931e-01
      Equation: "PotentialEquation"	RelError: 1.00000e+00	AbsError: 2.02931e-01
    Region: "oxide"	RelError: 1.00000e+00	AbsError: 1.43407e-01
      Equation: "PotentialEquation"	RelError: 1.00000e+00	AbsError: 1.43407e-01
Iteration: 1
  Device: "part1_baseline"	RelError: 9.98150e-01	AbsError: 2.02485e-01
    Region: "bulk"	RelError: 4.99591e-01	AbsError: 2.02485e-01
      Equation: "PotentialEquation"	RelError: 4.99591e-01	AbsError: 2.02485e-01
    Region: "oxide"	RelError: 4.98559e-01	AbsError: 1.42583e-01
      Equation: "PotentialEquation"	RelError: 4.98559e-01	AbsError: 1.42583e-01
Iteration: 2
  Device: "part1_baseline"	RelError: 3.64646e+00	AbsError: 1.49373e-01
    Region: "bulk"	RelError: 3.32895e+00	AbsError: 1.49373e-01
      Equation: "PotentialEquation"	RelError: 3.32895e+00	AbsError: 1.49373e-01
    Region: "oxide"	RelError: 3.17509e-01	AbsError: 9.96821e-02
      Equation: "PotentialEquation"	RelError: 3.17509e-01	AbsError: 9.96821e-02
Iteration: 3
  Device: "part1_baseline"	RelError: 2.05013e+01	AbsError: 8.63128e-02
    Region: "bulk"	RelError: 2.01082e+01	AbsError: 8.63128e-02
      Equation: "PotentialEquation"	RelError: 2.01082e+01	AbsError: 8.63128e-02
    Region: "oxide"	RelError: 3.93061e-01	AbsError: 3.95571e-02
      Equation: "PotentialEquation"	RelError: 3.93061e-01	AbsError: 3.95571e-02
Iteration: 4
  Device: "part1_baseline"	RelError: 2.10980e+02	AbsError: 8.42672e-02
    Region: "bulk"	RelError: 2.10581e+02	AbsError: 8.42672e-02
      Equation: "PotentialEquation"	RelError: 2.10581e+02	AbsError: 8.42672e-02
    Region: "oxide"	RelError: 3.98571e-01	AbsError: 3.76465e-02
      Equation: "PotentialEquation"	RelError: 3.98571e-01	AbsError: 3.76465e-02
Iteration: 5
  Device: "part1_baseline"	RelError: 1.91403e+03	AbsError: 8.15946e-02
    Region: "bulk"	RelError: 1.91351e+03	AbsError: 8.15946e-02
      Equation: "PotentialEquation"	RelError: 1.91351e+03	AbsError: 8.15946e-02
    Region: "oxide"	RelError: 5.22744e-01	AbsError: 3.50451e-02
      Equation: "PotentialEquation"	RelError: 5.22744e-01	AbsError: 3.50451e-02
Iteration: 6
  Device: "part1_baseline"	RelError: 2.82622e+02	AbsError: 7.85516e-02
    Region: "bulk"	RelError: 2.82268e+02	AbsError: 7.85516e-02
      Equation: "PotentialEquation"	RelError: 2.82268e+02	AbsError: 7.85516e-02
    Region: "oxide"	RelError: 3.53422e-01	AbsError: 3.09583e-02
      Equation: "PotentialEquation"	RelError: 3.53422e-01	AbsError: 3.09583e-02
Iteration: 7
  Device: "part1_baseline"	RelError: 3.86629e+02	AbsError: 7.48004e-02
    Region: "bulk"	RelError: 3.86393e+02	AbsError: 7.48004e-02
      Equation: "PotentialEquation"	RelError: 3.86393e+02	AbsError: 7.48004e-02
    Region: "oxide"	RelError: 2.36135e-01	AbsError: 2.45123e-02
      Equation: "PotentialEquation"	RelError: 2.36135e-01	AbsError: 2.45123e-02
Iteration: 8
  Device: "part1_baseline"	RelError: 1.77282e+03	AbsError: 6.84249e-02
    Region: "bulk"	RelError: 1.77267e+03	AbsError: 6.84249e-02
      Equation: "PotentialEquation"	RelError: 1.77267e+03	AbsError: 6.84249e-02
    Region: "oxide"	RelError: 1.50924e-01	AbsError: 1.96104e-02
      Equation: "PotentialEquation"	RelError: 1.50924e-01	AbsError: 1.96104e-02
Iteration: 9
  Device: "part1_baseline"	RelError: 2.86668e+02	AbsError: 5.98755e-02
    Region: "bulk"	RelError: 2.86405e+02	AbsError: 5.98755e-02
      Equation: "PotentialEquation"	RelError: 2.86405e+02	AbsError: 5.98755e-02
    Region: "oxide"	RelError: 2.63337e-01	AbsError: 1.53511e-02
      Equation: "PotentialEquation"	RelError: 2.63337e-01	AbsError: 1.53511e-02
Iteration: 10
  Device: "part1_baseline"	RelError: 7.36308e+01	AbsError: 5.21838e-02
    Region: "bulk"	RelError: 7.35597e+01	AbsError: 5.21838e-02
      Equation: "PotentialEquation"	RelError: 7.35597e+01	AbsError: 5.21838e-02
    Region: "oxide"	RelError: 7.11069e-02	AbsError: 4.79010e-03
      Equation: "PotentialEquation"	RelError: 7.11069e-02	AbsError: 4.79010e-03
Iteration: 11
  Device: "part1_baseline"	RelError: 1.86742e+01	AbsError: 3.98698e-02
    Region: "bulk"	RelError: 1.86577e+01	AbsError: 3.98698e-02
      Equation: "PotentialEquation"	RelError: 1.86577e+01	AbsError: 3.98698e-02
    Region: "oxide"	RelError: 1.65516e-02	AbsError: 1.40258e-03
      Equation: "PotentialEquation"	RelError: 1.65516e-02	AbsError: 1.40258e-03
Iteration: 12
  Device: "part1_baseline"	RelError: 6.85202e+00	AbsError: 2.57359e-02
    Region: "bulk"	RelError: 6.84920e+00	AbsError: 2.57359e-02
      Equation: "PotentialEquation"	RelError: 6.84920e+00	AbsError: 2.57359e-02
    Region: "oxide"	RelError: 2.82244e-03	AbsError: 2.69566e-04
      Equation: "PotentialEquation"	RelError: 2.82244e-03	AbsError: 2.69566e-04
Iteration: 13
  Device: "part1_baseline"	RelError: 3.00864e-01	AbsError: 8.96319e-03
    Region: "bulk"	RelError: 3.00619e-01	AbsError: 8.96319e-03
      Equation: "PotentialEquation"	RelError: 3.00619e-01	AbsError: 8.96319e-03
    Region: "oxide"	RelError: 2.45569e-04	AbsError: 2.48555e-05
      Equation: "PotentialEquation"	RelError: 2.45569e-04	AbsError: 2.48555e-05
Iteration: 14
  Device: "part1_baseline"	RelError: 7.83268e-03	AbsError: 3.53301e-04
    Region: "bulk"	RelError: 7.82730e-03	AbsError: 3.53301e-04
      Equation: "PotentialEquation"	RelError: 7.82730e-03	AbsError: 3.53301e-04
    Region: "oxide"	RelError: 5.37546e-06	AbsError: 5.72421e-07
      Equation: "PotentialEquation"	RelError: 5.37546e-06	AbsError: 5.72421e-07
Iteration: 15
  Device: "part1_baseline"	RelError: 1.51880e-05	AbsError: 9.55169e-07
    Region: "bulk"	RelError: 1.51808e-05	AbsError: 9.55169e-07
      Equation: "PotentialEquation"	RelError: 1.51808e-05	AbsError: 9.55169e-07
    Region: "oxide"	RelError: 7.21504e-09	AbsError: 7.83467e-10
      Equation: "PotentialEquation"	RelError: 7.21504e-09	AbsError: 7.83467e-10
Iteration: 16
  Device: "part1_baseline"	RelError: 1.06849e-10	AbsError: 7.28426e-12
    Region: "bulk"	RelError: 1.06817e-10	AbsError: 7.28426e-12
      Equation: "PotentialEquation"	RelError: 1.06817e-10	AbsError: 7.28426e-12
    Region: "oxide"	RelError: 3.25233e-14	AbsError: 3.55208e-15
      Equation: "PotentialEquation"	RelError: 3.25233e-14	AbsError: 3.55208e-15
Iteration: 17
  Device: "part1_baseline"	RelError: 5.93852e-21	AbsError: 4.46455e-22
    Region: "bulk"	RelError: 5.93721e-21	AbsError: 4.46455e-22
      Equation: "PotentialEquation"	RelError: 5.93721e-21	AbsError: 4.46455e-22
    Region: "oxide"	RelError: 1.31159e-24	AbsError: 1.43422e-25
      Equation: "PotentialEquation"	RelError: 1.31159e-24	AbsError: 1.43422e-25
Warning: Replacing equation with equation of the same name.
Region: bulk, Equation: PotentialEquation, Variable: Potential
number of equations 8953
Iteration: 0
  Device: "part1_baseline"	RelError: 4.32786e-31	AbsError: 7.46227e-14
    Region: "bulk"	RelError: 4.32598e-31	AbsError: 7.46227e-14
      Equation: "ElectronContinuityEquation"	RelError: 6.73249e-32	AbsError: 7.46070e-14
      Equation: "HoleContinuityEquation"	RelError: 4.54935e-32	AbsError: 1.56634e-17
      Equation: "PotentialEquation"	RelError: 3.19780e-31	AbsError: 1.98276e-34
    Region: "oxide"	RelError: 1.88098e-34	AbsError: 4.55430e-35
      Equation: "PotentialEquation"	RelError: 1.88098e-34	AbsError: 4.55430e-35
number of equations 8953
Iteration: 0
  Device: "part1_baseline"	RelError: 2.02009e+03	AbsError: 4.53677e+16
    Region: "bulk"	RelError: 2.01988e+03	AbsError: 4.53677e+16
      Equation: "ElectronContinuityEquation"	RelError: 9.99000e+02	AbsError: 4.32656e+16
      Equation: "HoleContinuityEquation"	RelError: 9.99000e+02	AbsError: 2.10213e+15
      Equation: "PotentialEquation"	RelError: 2.18769e+01	AbsError: 4.09542e-02
    Region: "oxide"	RelError: 2.10048e-01	AbsError: 1.08660e-02
      Equation: "PotentialEquation"	RelError: 2.10048e-01	AbsError: 1.08660e-02
Iteration: 1
  Device: "part1_baseline"	RelError: 1.98338e+01	AbsError: 1.42327e+15
    Region: "bulk"	RelError: 1.98220e+01	AbsError: 1.42327e+15
      Equation: "ElectronContinuityEquation"	RelError: 9.98717e-01	AbsError: 9.15637e+14
      Equation: "HoleContinuityEquation"	RelError: 9.98677e-01	AbsError: 5.07633e+14
      Equation: "PotentialEquation"	RelError: 1.78246e+01	AbsError: 3.07632e-02
    Region: "oxide"	RelError: 1.18952e-02	AbsError: 6.22756e-04
      Equation: "PotentialEquation"	RelError: 1.18952e-02	AbsError: 6.22756e-04
Iteration: 2
  Device: "part1_baseline"	RelError: 2.48042e+03	AbsError: 2.13837e+14
    Region: "bulk"	RelError: 2.48042e+03	AbsError: 2.13837e+14
      Equation: "ElectronContinuityEquation"	RelError: 2.46957e+03	AbsError: 1.36474e+14
      Equation: "HoleContinuityEquation"	RelError: 8.59762e+00	AbsError: 7.73629e+13
      Equation: "PotentialEquation"	RelError: 2.24884e+00	AbsError: 2.58504e-02
    Region: "oxide"	RelError: 1.18174e-03	AbsError: 6.17953e-05
      Equation: "PotentialEquation"	RelError: 1.18174e-03	AbsError: 6.17953e-05
Iteration: 3
  Device: "part1_baseline"	RelError: 1.62851e+00	AbsError: 2.13021e+13
    Region: "bulk"	RelError: 1.62844e+00	AbsError: 2.13021e+13
      Equation: "ElectronContinuityEquation"	RelError: 9.98673e-01	AbsError: 4.68286e+12
      Equation: "HoleContinuityEquation"	RelError: 4.99320e-01	AbsError: 1.66192e+13
      Equation: "PotentialEquation"	RelError: 1.30450e-01	AbsError: 9.16533e-03
    Region: "oxide"	RelError: 6.76764e-05	AbsError: 3.57622e-06
      Equation: "PotentialEquation"	RelError: 6.76764e-05	AbsError: 3.57622e-06
Iteration: 4
  Device: "part1_baseline"	RelError: 4.10456e-01	AbsError: 3.72532e+13
    Region: "bulk"	RelError: 4.10369e-01	AbsError: 3.72532e+13
      Equation: "ElectronContinuityEquation"	RelError: 1.27026e-01	AbsError: 2.36995e+13
      Equation: "HoleContinuityEquation"	RelError: 5.51635e-03	AbsError: 1.35537e+13
      Equation: "PotentialEquation"	RelError: 2.77827e-01	AbsError: 6.59504e-05
    Region: "oxide"	RelError: 8.70878e-05	AbsError: 4.55467e-06
      Equation: "PotentialEquation"	RelError: 8.70878e-05	AbsError: 4.55467e-06
Iteration: 5
  Device: "part1_baseline"	RelError: 3.17472e-05	AbsError: 4.86232e+09
    Region: "bulk"	RelError: 3.17449e-05	AbsError: 4.86232e+09
      Equation: "ElectronContinuityEquation"	RelError: 1.92878e-05	AbsError: 1.49568e+09
      Equation: "HoleContinuityEquation"	RelError: 9.66910e-06	AbsError: 3.36664e+09
      Equation: "PotentialEquation"	RelError: 2.78802e-06	AbsError: 1.25959e-08
    Region: "oxide"	RelError: 2.29086e-09	AbsError: 1.19812e-10
      Equation: "PotentialEquation"	RelError: 2.29086e-09	AbsError: 1.19812e-10
Iteration: 6
  Device: "part1_baseline"	RelError: 2.36048e-12	AbsError: 1.97586e+02
    Region: "bulk"	RelError: 2.36047e-12	AbsError: 1.97586e+02
      Equation: "ElectronContinuityEquation"	RelError: 5.57616e-13	AbsError: 6.65469e+01
      Equation: "HoleContinuityEquation"	RelError: 1.75628e-12	AbsError: 1.31039e+02
      Equation: "PotentialEquation"	RelError: 4.65713e-14	AbsError: 5.90391e-16
    Region: "oxide"	RelError: 1.24876e-17	AbsError: 6.54409e-19
      Equation: "PotentialEquation"	RelError: 1.24876e-17	AbsError: 6.54409e-19
number of equations 8953
Iteration: 0
  Device: "part1_baseline"	RelError: 2.74859e+03	AbsError: 4.36126e+16
    Region: "bulk"	RelError: 2.74836e+03	AbsError: 4.36126e+16
      Equation: "ElectronContinuityEquation"	RelError: 1.57922e+03	AbsError: 4.16871e+16
      Equation: "HoleContinuityEquation"	RelError: 9.99000e+02	AbsError: 1.92555e+15
      Equation: "PotentialEquation"	RelError: 1.70136e+02	AbsError: 4.09542e-02
    Region: "oxide"	RelError: 2.29942e-01	AbsError: 9.77761e-03
      Equation: "PotentialEquation"	RelError: 2.29942e-01	AbsError: 9.77761e-03
Iteration: 1
  Device: "part1_baseline"	RelError: 1.00274e+03	AbsError: 1.25458e+15
    Region: "bulk"	RelError: 1.00272e+03	AbsError: 1.25458e+15
      Equation: "ElectronContinuityEquation"	RelError: 9.99000e+02	AbsError: 8.37053e+14
      Equation: "HoleContinuityEquation"	RelError: 9.98640e-01	AbsError: 4.17524e+14
      Equation: "PotentialEquation"	RelError: 2.72605e+00	AbsError: 3.07632e-02
    Region: "oxide"	RelError: 1.11023e-02	AbsError: 4.77395e-04
      Equation: "PotentialEquation"	RelError: 1.11023e-02	AbsError: 4.77395e-04
Iteration: 2
  Device: "part1_baseline"	RelError: 1.23776e+01	AbsError: 1.70610e+14
    Region: "bulk"	RelError: 1.23766e+01	AbsError: 1.70610e+14
      Equation: "ElectronContinuityEquation"	RelError: 3.15394e+00	AbsError: 1.08958e+14
      Equation: "HoleContinuityEquation"	RelError: 9.02009e+00	AbsError: 6.16517e+13
      Equation: "PotentialEquation"	RelError: 2.02535e-01	AbsError: 2.58764e-02
    Region: "oxide"	RelError: 1.05341e-03	AbsError: 4.52483e-05
      Equation: "PotentialEquation"	RelError: 1.05341e-03	AbsError: 4.52483e-05
Iteration: 3
  Device: "part1_baseline"	RelError: 1.04855e+00	AbsError: 2.30294e+13
    Region: "bulk"	RelError: 1.04853e+00	AbsError: 2.30294e+13
      Equation: "ElectronContinuityEquation"	RelError: 5.15380e-01	AbsError: 8.96424e+12
      Equation: "HoleContinuityEquation"	RelError: 5.16711e-01	AbsError: 1.40652e+13
      Equation: "PotentialEquation"	RelError: 1.64358e-02	AbsError: 9.16533e-03
    Region: "oxide"	RelError: 2.17724e-05	AbsError: 9.57383e-07
      Equation: "PotentialEquation"	RelError: 2.17724e-05	AbsError: 9.57383e-07
Iteration: 4
  Device: "part1_baseline"	RelError: 3.37108e-02	AbsError: 3.93403e+13
    Region: "bulk"	RelError: 3.35976e-02	AbsError: 3.93403e+13
      Equation: "ElectronContinuityEquation"	RelError: 3.66635e-03	AbsError: 2.50447e+13
      Equation: "HoleContinuityEquation"	RelError: 7.40930e-03	AbsError: 1.42956e+13
      Equation: "PotentialEquation"	RelError: 2.25219e-02	AbsError: 6.63063e-05
    Region: "oxide"	RelError: 1.13220e-04	AbsError: 4.86395e-06
      Equation: "PotentialEquation"	RelError: 1.13220e-04	AbsError: 4.86395e-06
Iteration: 5
  Device: "part1_baseline"	RelError: 1.45499e-05	AbsError: 6.74912e+09
    Region: "bulk"	RelError: 1.45484e-05	AbsError: 6.74912e+09
      Equation: "ElectronContinuityEquation"	RelError: 1.11046e-06	AbsError: 2.10659e+09
      Equation: "HoleContinuityEquation"	RelError: 1.27033e-05	AbsError: 4.64253e+09
      Equation: "PotentialEquation"	RelError: 7.34597e-07	AbsError: 1.65586e-08
    Region: "oxide"	RelError: 1.53678e-09	AbsError: 8.17827e-11
      Equation: "PotentialEquation"	RelError: 1.53678e-09	AbsError: 8.17827e-11
Iteration: 6
  Device: "part1_baseline"	RelError: 2.96749e-12	AbsError: 5.48024e+02
    Region: "bulk"	RelError: 2.96747e-12	AbsError: 5.48024e+02
      Equation: "ElectronContinuityEquation"	RelError: 1.53710e-13	AbsError: 1.57299e+02
      Equation: "HoleContinuityEquation"	RelError: 2.76289e-12	AbsError: 3.90725e+02
      Equation: "PotentialEquation"	RelError: 5.08770e-14	AbsError: 1.43532e-15
    Region: "oxide"	RelError: 2.01368e-17	AbsError: 2.20992e-18
      Equation: "PotentialEquation"	RelError: 2.01368e-17	AbsError: 2.20992e-18
number of equations 8953
Iteration: 0
  Device: "part1_baseline"	RelError: 4.23904e+03	AbsError: 4.19967e+16
    Region: "bulk"	RelError: 4.23878e+03	AbsError: 4.19967e+16
      Equation: "ElectronContinuityEquation"	RelError: 3.15353e+03	AbsError: 4.02172e+16
      Equation: "HoleContinuityEquation"	RelError: 9.99000e+02	AbsError: 1.77952e+15
      Equation: "PotentialEquation"	RelError: 8.62470e+01	AbsError: 4.09542e-02
    Region: "oxide"	RelError: 2.62605e-01	AbsError: 8.93513e-03
      Equation: "PotentialEquation"	RelError: 2.62605e-01	AbsError: 8.93513e-03
Iteration: 1
  Device: "part1_baseline"	RelError: 1.00237e+03	AbsError: 1.11776e+15
    Region: "bulk"	RelError: 1.00236e+03	AbsError: 1.11776e+15
      Equation: "ElectronContinuityEquation"	RelError: 9.99000e+02	AbsError: 7.61643e+14
      Equation: "HoleContinuityEquation"	RelError: 9.98476e-01	AbsError: 3.56114e+14
      Equation: "PotentialEquation"	RelError: 2.36349e+00	AbsError: 3.07632e-02
    Region: "oxide"	RelError: 1.09932e-02	AbsError: 3.78202e-04
      Equation: "PotentialEquation"	RelError: 1.09932e-02	AbsError: 3.78202e-04
Iteration: 2
  Device: "part1_baseline"	RelError: 1.06263e+01	AbsError: 1.37672e+14
    Region: "bulk"	RelError: 1.06253e+01	AbsError: 1.37672e+14
      Equation: "ElectronContinuityEquation"	RelError: 9.99999e-01	AbsError: 8.83041e+13
      Equation: "HoleContinuityEquation"	RelError: 9.48178e+00	AbsError: 4.93681e+13
      Equation: "PotentialEquation"	RelError: 1.43571e-01	AbsError: 2.58986e-02
    Region: "oxide"	RelError: 9.96696e-04	AbsError: 3.42553e-05
      Equation: "PotentialEquation"	RelError: 9.96696e-04	AbsError: 3.42553e-05
Iteration: 3
  Device: "part1_baseline"	RelError: 8.17574e-01	AbsError: 3.47006e+13
    Region: "bulk"	RelError: 8.17560e-01	AbsError: 3.47006e+13
      Equation: "ElectronContinuityEquation"	RelError: 2.66222e-01	AbsError: 1.19645e+13
      Equation: "HoleContinuityEquation"	RelError: 5.37401e-01	AbsError: 2.27360e+13
      Equation: "PotentialEquation"	RelError: 1.39366e-02	AbsError: 9.16533e-03
    Region: "oxide"	RelError: 1.44692e-05	AbsError: 9.30831e-07
      Equation: "PotentialEquation"	RelError: 1.44692e-05	AbsError: 9.30831e-07
Iteration: 4
  Device: "part1_baseline"	RelError: 3.21838e-02	AbsError: 4.87594e+13
    Region: "bulk"	RelError: 3.20424e-02	AbsError: 4.87594e+13
      Equation: "ElectronContinuityEquation"	RelError: 4.63588e-03	AbsError: 2.63762e+13
      Equation: "HoleContinuityEquation"	RelError: 7.10500e-03	AbsError: 2.23832e+13
      Equation: "PotentialEquation"	RelError: 2.03015e-02	AbsError: 8.47240e-05
    Region: "oxide"	RelError: 1.41401e-04	AbsError: 4.86043e-06
      Equation: "PotentialEquation"	RelError: 1.41401e-04	AbsError: 4.86043e-06
Iteration: 5
  Device: "part1_baseline"	RelError: 1.46645e-05	AbsError: 2.20546e+10
    Region: "bulk"	RelError: 1.46619e-05	AbsError: 2.20546e+10
      Equation: "ElectronContinuityEquation"	RelError: 1.85562e-06	AbsError: 6.06400e+09
      Equation: "HoleContinuityEquation"	RelError: 1.12995e-05	AbsError: 1.59906e+10
      Equation: "PotentialEquation"	RelError: 1.50679e-06	AbsError: 6.33430e-08
    Region: "oxide"	RelError: 2.58008e-09	AbsError: 1.98941e-10
      Equation: "PotentialEquation"	RelError: 2.58008e-09	AbsError: 1.98941e-10
Iteration: 6
  Device: "part1_baseline"	RelError: 7.35697e-12	AbsError: 1.13100e+04
    Region: "bulk"	RelError: 7.35667e-12	AbsError: 1.13100e+04
      Equation: "ElectronContinuityEquation"	RelError: 1.50896e-12	AbsError: 2.82403e+03
      Equation: "HoleContinuityEquation"	RelError: 5.50476e-12	AbsError: 8.48593e+03
      Equation: "PotentialEquation"	RelError: 3.42952e-13	AbsError: 3.31810e-14
    Region: "oxide"	RelError: 3.01586e-16	AbsError: 2.50083e-17
      Equation: "PotentialEquation"	RelError: 3.01586e-16	AbsError: 2.50083e-17
number of equations 8953
Iteration: 0
  Device: "part1_baseline"	RelError: 2.01902e+03	AbsError: 4.05251e+16
    Region: "bulk"	RelError: 2.01871e+03	AbsError: 4.05251e+16
      Equation: "ElectronContinuityEquation"	RelError: 9.99000e+02	AbsError: 3.88612e+16
      Equation: "HoleContinuityEquation"	RelError: 9.99000e+02	AbsError: 1.66387e+15
      Equation: "PotentialEquation"	RelError: 2.07081e+01	AbsError: 4.09542e-02
    Region: "oxide"	RelError: 3.16417e-01	AbsError: 8.26206e-03
      Equation: "PotentialEquation"	RelError: 3.16417e-01	AbsError: 8.26206e-03
Iteration: 1
  Device: "part1_baseline"	RelError: 1.00261e+03	AbsError: 9.97798e+14
    Region: "bulk"	RelError: 1.00259e+03	AbsError: 9.97798e+14
      Equation: "ElectronContinuityEquation"	RelError: 9.99000e+02	AbsError: 6.86764e+14
      Equation: "HoleContinuityEquation"	RelError: 9.98575e-01	AbsError: 3.11035e+14
      Equation: "PotentialEquation"	RelError: 2.59482e+00	AbsError: 3.07632e-02
    Region: "oxide"	RelError: 1.16217e-02	AbsError: 3.07026e-04
      Equation: "PotentialEquation"	RelError: 1.16217e-02	AbsError: 3.07026e-04
Iteration: 2
  Device: "part1_baseline"	RelError: 1.03202e+01	AbsError: 1.12981e+14
    Region: "bulk"	RelError: 1.03192e+01	AbsError: 1.12981e+14
      Equation: "ElectronContinuityEquation"	RelError: 9.99998e-01	AbsError: 7.21680e+13
      Equation: "HoleContinuityEquation"	RelError: 9.13664e+00	AbsError: 4.08133e+13
      Equation: "PotentialEquation"	RelError: 1.82592e-01	AbsError: 2.58455e-02
    Region: "oxide"	RelError: 1.01117e-03	AbsError: 2.66864e-05
      Equation: "PotentialEquation"	RelError: 1.01117e-03	AbsError: 2.66864e-05
Iteration: 3
  Device: "part1_baseline"	RelError: 7.82515e-01	AbsError: 4.06202e+13
    Region: "bulk"	RelError: 7.82469e-01	AbsError: 4.06202e+13
      Equation: "ElectronContinuityEquation"	RelError: 2.18764e-01	AbsError: 1.48458e+13
      Equation: "HoleContinuityEquation"	RelError: 5.51608e-01	AbsError: 2.57744e+13
      Equation: "PotentialEquation"	RelError: 1.20971e-02	AbsError: 9.16533e-03
    Region: "oxide"	RelError: 4.62347e-05	AbsError: 1.47276e-06
      Equation: "PotentialEquation"	RelError: 4.62347e-05	AbsError: 1.47276e-06
Iteration: 4
  Device: "part1_baseline"	RelError: 5.77580e-02	AbsError: 5.53544e+13
    Region: "bulk"	RelError: 5.75734e-02	AbsError: 5.53544e+13
      Equation: "ElectronContinuityEquation"	RelError: 1.15394e-02	AbsError: 2.81416e+13
      Equation: "HoleContinuityEquation"	RelError: 8.22864e-03	AbsError: 2.72127e+13
      Equation: "PotentialEquation"	RelError: 3.78054e-02	AbsError: 9.28083e-05
    Region: "oxide"	RelError: 1.84619e-04	AbsError: 4.87306e-06
      Equation: "PotentialEquation"	RelError: 1.84619e-04	AbsError: 4.87306e-06
Iteration: 5
  Device: "part1_baseline"	RelError: 2.11960e-05	AbsError: 3.26629e+10
    Region: "bulk"	RelError: 2.11895e-05	AbsError: 3.26629e+10
      Equation: "ElectronContinuityEquation"	RelError: 1.79296e-06	AbsError: 8.72630e+09
      Equation: "HoleContinuityEquation"	RelError: 1.12286e-05	AbsError: 2.39365e+10
      Equation: "PotentialEquation"	RelError: 8.16798e-06	AbsError: 8.16626e-08
    Region: "oxide"	RelError: 6.51279e-09	AbsError: 3.95084e-10
      Equation: "PotentialEquation"	RelError: 6.51279e-09	AbsError: 3.95084e-10
Iteration: 6
  Device: "part1_baseline"	RelError: 1.62067e-11	AbsError: 2.49138e+04
    Region: "bulk"	RelError: 1.62051e-11	AbsError: 2.49138e+04
      Equation: "ElectronContinuityEquation"	RelError: 1.85458e-12	AbsError: 6.21959e+03
      Equation: "HoleContinuityEquation"	RelError: 1.01409e-11	AbsError: 1.86942e+04
      Equation: "PotentialEquation"	RelError: 4.20962e-12	AbsError: 6.18725e-14
    Region: "oxide"	RelError: 1.66839e-15	AbsError: 1.14588e-16
      Equation: "PotentialEquation"	RelError: 1.66839e-15	AbsError: 1.14588e-16
number of equations 8953
Iteration: 0
  Device: "part1_baseline"	RelError: 3.43978e+03	AbsError: 3.92169e+16
    Region: "bulk"	RelError: 3.43936e+03	AbsError: 3.92169e+16
      Equation: "ElectronContinuityEquation"	RelError: 2.21412e+03	AbsError: 3.76262e+16
      Equation: "HoleContinuityEquation"	RelError: 9.99000e+02	AbsError: 1.59076e+15
      Equation: "PotentialEquation"	RelError: 2.26246e+02	AbsError: 4.09542e-02
    Region: "oxide"	RelError: 4.12747e-01	AbsError: 7.71162e-03
      Equation: "PotentialEquation"	RelError: 4.12747e-01	AbsError: 7.71162e-03
Iteration: 1
  Device: "part1_baseline"	RelError: 1.00074e+03	AbsError: 8.83918e+14
    Region: "bulk"	RelError: 1.00072e+03	AbsError: 8.83918e+14
      Equation: "ElectronContinuityEquation"	RelError: 9.99000e+02	AbsError: 6.11132e+14
      Equation: "HoleContinuityEquation"	RelError: 9.98659e-01	AbsError: 2.72786e+14
      Equation: "PotentialEquation"	RelError: 7.25382e-01	AbsError: 3.07632e-02
    Region: "oxide"	RelError: 1.33854e-02	AbsError: 2.53481e-04
      Equation: "PotentialEquation"	RelError: 1.33854e-02	AbsError: 2.53481e-04
Iteration: 2
  Device: "part1_baseline"	RelError: 1.00887e+01	AbsError: 9.28760e+13
    Region: "bulk"	RelError: 1.00876e+01	AbsError: 9.28760e+13
      Equation: "ElectronContinuityEquation"	RelError: 9.99998e-01	AbsError: 5.85493e+13
      Equation: "HoleContinuityEquation"	RelError: 9.02419e+00	AbsError: 3.43267e+13
      Equation: "PotentialEquation"	RelError: 6.34250e-02	AbsError: 2.58636e-02
    Region: "oxide"	RelError: 1.10356e-03	AbsError: 2.08752e-05
      Equation: "PotentialEquation"	RelError: 1.10356e-03	AbsError: 2.08752e-05
Iteration: 3
  Device: "part1_baseline"	RelError: 8.11485e-01	AbsError: 4.41014e+13
    Region: "bulk"	RelError: 8.11386e-01	AbsError: 4.41014e+13
      Equation: "ElectronContinuityEquation"	RelError: 2.04862e-01	AbsError: 1.74912e+13
      Equation: "HoleContinuityEquation"	RelError: 5.60460e-01	AbsError: 2.66103e+13
      Equation: "PotentialEquation"	RelError: 4.60641e-02	AbsError: 9.16533e-03
    Region: "oxide"	RelError: 9.89076e-05	AbsError: 1.99065e-06
      Equation: "PotentialEquation"	RelError: 9.89076e-05	AbsError: 1.99065e-06
Iteration: 4
  Device: "part1_baseline"	RelError: 9.80638e-02	AbsError: 6.00882e+13
    Region: "bulk"	RelError: 9.77993e-02	AbsError: 6.00882e+13
      Equation: "ElectronContinuityEquation"	RelError: 2.04812e-02	AbsError: 2.98687e+13
      Equation: "HoleContinuityEquation"	RelError: 1.11359e-02	AbsError: 3.02196e+13
      Equation: "PotentialEquation"	RelError: 6.61822e-02	AbsError: 9.53198e-05
    Region: "oxide"	RelError: 2.64476e-04	AbsError: 5.00372e-06
      Equation: "PotentialEquation"	RelError: 2.64476e-04	AbsError: 5.00372e-06
Iteration: 5
  Device: "part1_baseline"	RelError: 6.73982e-05	AbsError: 4.07254e+10
    Region: "bulk"	RelError: 6.73834e-05	AbsError: 4.07254e+10
      Equation: "ElectronContinuityEquation"	RelError: 1.61009e-06	AbsError: 1.10215e+10
      Equation: "HoleContinuityEquation"	RelError: 1.33753e-05	AbsError: 2.97039e+10
      Equation: "PotentialEquation"	RelError: 5.23980e-05	AbsError: 9.21318e-08
    Region: "oxide"	RelError: 1.47973e-08	AbsError: 6.57927e-10
      Equation: "PotentialEquation"	RelError: 1.47973e-08	AbsError: 6.57927e-10
Iteration: 6
  Device: "part1_baseline"	RelError: 5.53426e-11	AbsError: 3.75550e+04
    Region: "bulk"	RelError: 5.53376e-11	AbsError: 3.75550e+04
      Equation: "ElectronContinuityEquation"	RelError: 1.80217e-12	AbsError: 9.06023e+03
      Equation: "HoleContinuityEquation"	RelError: 1.23262e-11	AbsError: 2.84948e+04
      Equation: "PotentialEquation"	RelError: 4.12092e-11	AbsError: 8.67238e-14
    Region: "oxide"	RelError: 4.99408e-15	AbsError: 2.76171e-16
      Equation: "PotentialEquation"	RelError: 4.99408e-15	AbsError: 2.76171e-16
number of equations 8953
Iteration: 0
  Device: "part1_baseline"	RelError: 2.57136e+03	AbsError: 3.50890e+16
    Region: "bulk"	RelError: 2.57129e+03	AbsError: 3.50890e+16
      Equation: "ElectronContinuityEquation"	RelError: 1.50709e+03	AbsError: 3.46231e+16
      Equation: "HoleContinuityEquation"	RelError: 9.99000e+02	AbsError: 4.65821e+14
      Equation: "PotentialEquation"	RelError: 6.51967e+01	AbsError: 2.78470e-02
    Region: "oxide"	RelError: 7.07302e-02	AbsError: 2.17409e-02
      Equation: "PotentialEquation"	RelError: 7.07302e-02	AbsError: 2.17409e-02
Iteration: 1
  Device: "part1_baseline"	RelError: 1.02028e+03	AbsError: 7.20849e+14
    Region: "bulk"	RelError: 1.02028e+03	AbsError: 7.20849e+14
      Equation: "ElectronContinuityEquation"	RelError: 9.98719e-01	AbsError: 6.94700e+14
      Equation: "HoleContinuityEquation"	RelError: 9.99000e+02	AbsError: 2.61489e+13
      Equation: "PotentialEquation"	RelError: 2.02815e+01	AbsError: 2.21532e-02
    Region: "oxide"	RelError: 6.40886e-04	AbsError: 1.96868e-04
      Equation: "PotentialEquation"	RelError: 6.40886e-04	AbsError: 1.96868e-04
Iteration: 2
  Device: "part1_baseline"	RelError: 1.45963e+00	AbsError: 2.04564e+14
    Region: "bulk"	RelError: 1.45949e+00	AbsError: 2.04564e+14
      Equation: "ElectronContinuityEquation"	RelError: 4.08458e-01	AbsError: 2.04418e+14
      Equation: "HoleContinuityEquation"	RelError: 9.99465e-01	AbsError: 1.46139e+11
      Equation: "PotentialEquation"	RelError: 5.15643e-02	AbsError: 9.63873e-05
    Region: "oxide"	RelError: 1.45905e-04	AbsError: 4.48129e-05
      Equation: "PotentialEquation"	RelError: 1.45905e-04	AbsError: 4.48129e-05
Iteration: 3
  Device: "part1_baseline"	RelError: 1.11122e-02	AbsError: 1.18137e+11
    Region: "bulk"	RelError: 1.11122e-02	AbsError: 1.18137e+11
      Equation: "ElectronContinuityEquation"	RelError: 1.08151e-04	AbsError: 1.18099e+11
      Equation: "HoleContinuityEquation"	RelError: 1.09889e-02	AbsError: 3.77118e+07
      Equation: "PotentialEquation"	RelError: 1.51862e-05	AbsError: 4.04683e-08
    Region: "oxide"	RelError: 4.48664e-08	AbsError: 1.19646e-08
      Equation: "PotentialEquation"	RelError: 4.48664e-08	AbsError: 1.19646e-08
Iteration: 4
  Device: "part1_baseline"	RelError: 2.38313e-09	AbsError: 2.94566e+04
    Region: "bulk"	RelError: 2.38313e-09	AbsError: 2.94566e+04
      Equation: "ElectronContinuityEquation"	RelError: 1.72969e-11	AbsError: 2.94510e+04
      Equation: "HoleContinuityEquation"	RelError: 2.36356e-09	AbsError: 5.67005e+00
      Equation: "PotentialEquation"	RelError: 2.26893e-12	AbsError: 7.34504e-15
    Region: "oxide"	RelError: 6.78338e-15	AbsError: 1.69577e-15
      Equation: "PotentialEquation"	RelError: 6.78338e-15	AbsError: 1.69577e-15
number of equations 8953
Iteration: 0
  Device: "part1_baseline"	RelError: 1.41835e-22	AbsError: 2.10678e-08
    Region: "bulk"	RelError: 1.41099e-22	AbsError: 2.10678e-08
      Equation: "ElectronContinuityEquation"	RelError: 8.83940e-24	AbsError: 2.08853e-08
      Equation: "HoleContinuityEquation"	RelError: 4.74245e-23	AbsError: 1.82538e-10
      Equation: "PotentialEquation"	RelError: 8.48351e-23	AbsError: 1.47186e-25
    Region: "oxide"	RelError: 7.35738e-25	AbsError: 8.98629e-26
      Equation: "PotentialEquation"	RelError: 7.35738e-25	AbsError: 8.98629e-26
number of equations 8953
Iteration: 0
  Device: "part1_baseline"	RelError: 5.84924e+01	AbsError: 8.99982e+15
    Region: "bulk"	RelError: 5.80017e+01	AbsError: 8.99982e+15
      Equation: "ElectronContinuityEquation"	RelError: 4.16028e-01	AbsError: 8.74161e+15
      Equation: "HoleContinuityEquation"	RelError: 1.67602e+00	AbsError: 2.58213e+14
      Equation: "PotentialEquation"	RelError: 5.59097e+01	AbsError: 1.84055e-02
    Region: "oxide"	RelError: 4.90692e-01	AbsError: 2.00000e-02
      Equation: "PotentialEquation"	RelError: 4.90692e-01	AbsError: 2.00000e-02
Iteration: 1
  Device: "part1_baseline"	RelError: 4.77273e-01	AbsError: 1.66344e+14
    Region: "bulk"	RelError: 4.77123e-01	AbsError: 1.66344e+14
      Equation: "ElectronContinuityEquation"	RelError: 1.60175e-01	AbsError: 1.58410e+14
      Equation: "HoleContinuityEquation"	RelError: 3.04095e-01	AbsError: 7.93354e+12
      Equation: "PotentialEquation"	RelError: 1.28536e-02	AbsError: 6.82317e-05
    Region: "oxide"	RelError: 1.49238e-04	AbsError: 4.42771e-05
      Equation: "PotentialEquation"	RelError: 1.49238e-04	AbsError: 4.42771e-05
Iteration: 2
  Device: "part1_baseline"	RelError: 1.11679e-02	AbsError: 6.24269e+10
    Region: "bulk"	RelError: 1.11679e-02	AbsError: 6.24269e+10
      Equation: "ElectronContinuityEquation"	RelError: 4.21900e-04	AbsError: 6.04868e+10
      Equation: "HoleContinuityEquation"	RelError: 1.07451e-02	AbsError: 1.94010e+09
      Equation: "PotentialEquation"	RelError: 8.54587e-07	AbsError: 1.76327e-08
    Region: "oxide"	RelError: 2.61969e-08	AbsError: 7.77230e-09
      Equation: "PotentialEquation"	RelError: 2.61969e-08	AbsError: 7.77230e-09
Iteration: 3
  Device: "part1_baseline"	RelError: 1.03345e-08	AbsError: 6.35531e+03
    Region: "bulk"	RelError: 1.03345e-08	AbsError: 6.35531e+03
      Equation: "ElectronContinuityEquation"	RelError: 7.64841e-11	AbsError: 6.28760e+03
      Equation: "HoleContinuityEquation"	RelError: 1.02580e-08	AbsError: 6.77156e+01
      Equation: "PotentialEquation"	RelError: 5.18924e-14	AbsError: 1.34511e-15
    Region: "oxide"	RelError: 1.59457e-15	AbsError: 4.53930e-16
      Equation: "PotentialEquation"	RelError: 1.59457e-15	AbsError: 4.53930e-16
number of equations 8953
Iteration: 0
  Device: "part1_baseline"	RelError: 1.14881e+02	AbsError: 8.94840e+15
    Region: "bulk"	RelError: 1.14552e+02	AbsError: 8.94840e+15
      Equation: "ElectronContinuityEquation"	RelError: 4.16176e-01	AbsError: 8.68847e+15
      Equation: "HoleContinuityEquation"	RelError: 1.62558e+00	AbsError: 2.59929e+14
      Equation: "PotentialEquation"	RelError: 1.12510e+02	AbsError: 1.84163e-02
    Region: "oxide"	RelError: 3.29268e-01	AbsError: 2.00000e-02
      Equation: "PotentialEquation"	RelError: 3.29268e-01	AbsError: 2.00000e-02
Iteration: 1
  Device: "part1_baseline"	RelError: 4.97487e-01	AbsError: 1.98756e+14
    Region: "bulk"	RelError: 4.97307e-01	AbsError: 1.98756e+14
      Equation: "ElectronContinuityEquation"	RelError: 1.60291e-01	AbsError: 1.91243e+14
      Equation: "HoleContinuityEquation"	RelError: 2.95013e-01	AbsError: 7.51267e+12
      Equation: "PotentialEquation"	RelError: 4.20029e-02	AbsError: 8.07719e-05
    Region: "oxide"	RelError: 1.80003e-04	AbsError: 5.53750e-05
      Equation: "PotentialEquation"	RelError: 1.80003e-04	AbsError: 5.53750e-05
Iteration: 2
  Device: "part1_baseline"	RelError: 1.24596e-02	AbsError: 8.43871e+10
    Region: "bulk"	RelError: 1.24595e-02	AbsError: 8.43871e+10
      Equation: "ElectronContinuityEquation"	RelError: 3.91883e-04	AbsError: 8.26846e+10
      Equation: "HoleContinuityEquation"	RelError: 1.20654e-02	AbsError: 1.70244e+09
      Equation: "PotentialEquation"	RelError: 2.27897e-06	AbsError: 2.33105e-08
    Region: "oxide"	RelError: 3.61256e-08	AbsError: 1.11134e-08
      Equation: "PotentialEquation"	RelError: 3.61256e-08	AbsError: 1.11134e-08
Iteration: 3
  Device: "part1_baseline"	RelError: 1.65444e-08	AbsError: 1.16299e+04
    Region: "bulk"	RelError: 1.65444e-08	AbsError: 1.16299e+04
      Equation: "ElectronContinuityEquation"	RelError: 6.48641e-11	AbsError: 1.15769e+04
      Equation: "HoleContinuityEquation"	RelError: 1.64793e-08	AbsError: 5.29657e+01
      Equation: "PotentialEquation"	RelError: 2.35515e-13	AbsError: 2.29194e-15
    Region: "oxide"	RelError: 2.78581e-15	AbsError: 8.57008e-16
      Equation: "PotentialEquation"	RelError: 2.78581e-15	AbsError: 8.57008e-16
number of equations 8953
Iteration: 0
  Device: "part1_baseline"	RelError: 9.21663e+01	AbsError: 8.88123e+15
    Region: "bulk"	RelError: 9.19185e+01	AbsError: 8.88123e+15
      Equation: "ElectronContinuityEquation"	RelError: 4.16314e-01	AbsError: 8.62077e+15
      Equation: "HoleContinuityEquation"	RelError: 1.57430e+00	AbsError: 2.60465e+14
      Equation: "PotentialEquation"	RelError: 8.99279e+01	AbsError: 1.84266e-02
    Region: "oxide"	RelError: 2.47793e-01	AbsError: 2.00000e-02
      Equation: "PotentialEquation"	RelError: 2.47793e-01	AbsError: 2.00000e-02
Iteration: 1
  Device: "part1_baseline"	RelError: 5.09000e-01	AbsError: 2.41088e+14
    Region: "bulk"	RelError: 5.08784e-01	AbsError: 2.41088e+14
      Equation: "ElectronContinuityEquation"	RelError: 1.60397e-01	AbsError: 2.34054e+14
      Equation: "HoleContinuityEquation"	RelError: 2.87591e-01	AbsError: 7.03423e+12
      Equation: "PotentialEquation"	RelError: 6.07963e-02	AbsError: 9.53377e-05
    Region: "oxide"	RelError: 2.15774e-04	AbsError: 6.87134e-05
      Equation: "PotentialEquation"	RelError: 2.15774e-04	AbsError: 6.87134e-05
Iteration: 2
  Device: "part1_baseline"	RelError: 1.37119e-02	AbsError: 1.17061e+11
    Region: "bulk"	RelError: 1.37118e-02	AbsError: 1.17061e+11
      Equation: "ElectronContinuityEquation"	RelError: 3.61793e-04	AbsError: 1.15606e+11
      Equation: "HoleContinuityEquation"	RelError: 1.33332e-02	AbsError: 1.45520e+09
      Equation: "PotentialEquation"	RelError: 1.68142e-05	AbsError: 2.97700e-08
    Region: "oxide"	RelError: 4.88120e-08	AbsError: 1.55442e-08
      Equation: "PotentialEquation"	RelError: 4.88120e-08	AbsError: 1.55442e-08
Iteration: 3
  Device: "part1_baseline"	RelError: 2.60728e-08	AbsError: 1.93113e+04
    Region: "bulk"	RelError: 2.60728e-08	AbsError: 1.93113e+04
      Equation: "ElectronContinuityEquation"	RelError: 5.26890e-11	AbsError: 1.92685e+04
      Equation: "HoleContinuityEquation"	RelError: 2.60192e-08	AbsError: 4.27736e+01
      Equation: "PotentialEquation"	RelError: 9.95208e-13	AbsError: 3.75416e-15
    Region: "oxide"	RelError: 4.95524e-15	AbsError: 1.57800e-15
      Equation: "PotentialEquation"	RelError: 4.95524e-15	AbsError: 1.57800e-15
number of equations 8953
Iteration: 0
  Device: "part1_baseline"	RelError: 2.75893e+02	AbsError: 8.79490e+15
    Region: "bulk"	RelError: 2.75694e+02	AbsError: 8.79490e+15
      Equation: "ElectronContinuityEquation"	RelError: 4.16446e-01	AbsError: 8.53510e+15
      Equation: "HoleContinuityEquation"	RelError: 1.53764e+00	AbsError: 2.59796e+14
      Equation: "PotentialEquation"	RelError: 2.73740e+02	AbsError: 1.84365e-02
    Region: "oxide"	RelError: 1.98659e-01	AbsError: 2.00000e-02
      Equation: "PotentialEquation"	RelError: 1.98659e-01	AbsError: 2.00000e-02
Iteration: 1
  Device: "part1_baseline"	RelError: 5.60384e-01	AbsError: 2.94860e+14
    Region: "bulk"	RelError: 5.60127e-01	AbsError: 2.94860e+14
      Equation: "ElectronContinuityEquation"	RelError: 1.60493e-01	AbsError: 2.88079e+14
      Equation: "HoleContinuityEquation"	RelError: 2.80628e-01	AbsError: 6.78106e+12
      Equation: "PotentialEquation"	RelError: 1.19006e-01	AbsError: 1.11398e-04
    Region: "oxide"	RelError: 2.56510e-04	AbsError: 8.44204e-05
      Equation: "PotentialEquation"	RelError: 2.56510e-04	AbsError: 8.44204e-05
Iteration: 2
  Device: "part1_baseline"	RelError: 1.49322e-02	AbsError: 1.57769e+11
    Region: "bulk"	RelError: 1.49321e-02	AbsError: 1.57769e+11
      Equation: "ElectronContinuityEquation"	RelError: 3.59095e-04	AbsError: 1.56191e+11
      Equation: "HoleContinuityEquation"	RelError: 1.45572e-02	AbsError: 1.57758e+09
      Equation: "PotentialEquation"	RelError: 1.58821e-05	AbsError: 3.72046e-08
    Region: "oxide"	RelError: 6.41990e-08	AbsError: 2.11286e-08
      Equation: "PotentialEquation"	RelError: 6.41990e-08	AbsError: 2.11286e-08
Iteration: 3
  Device: "part1_baseline"	RelError: 3.94586e-08	AbsError: 3.36512e+04
    Region: "bulk"	RelError: 3.94585e-08	AbsError: 3.36512e+04
      Equation: "ElectronContinuityEquation"	RelError: 5.18934e-11	AbsError: 3.36007e+04
      Equation: "HoleContinuityEquation"	RelError: 3.94000e-08	AbsError: 5.05475e+01
      Equation: "PotentialEquation"	RelError: 6.61762e-12	AbsError: 5.93942e-15
    Region: "oxide"	RelError: 8.60215e-15	AbsError: 2.83106e-15
      Equation: "PotentialEquation"	RelError: 8.60215e-15	AbsError: 2.83106e-15
number of equations 8953
Iteration: 0
  Device: "part1_baseline"	RelError: 5.69344e+01	AbsError: 8.68545e+15
    Region: "bulk"	RelError: 5.67686e+01	AbsError: 8.68545e+15
      Equation: "ElectronContinuityEquation"	RelError: 4.16571e-01	AbsError: 8.42754e+15
      Equation: "HoleContinuityEquation"	RelError: 1.49608e+00	AbsError: 2.57913e+14
      Equation: "PotentialEquation"	RelError: 5.48559e+01	AbsError: 1.84458e-02
    Region: "oxide"	RelError: 1.65798e-01	AbsError: 2.00000e-02
      Equation: "PotentialEquation"	RelError: 1.65798e-01	AbsError: 2.00000e-02
Iteration: 1
  Device: "part1_baseline"	RelError: 4.61560e-01	AbsError: 3.65138e+14
    Region: "bulk"	RelError: 4.61259e-01	AbsError: 3.65138e+14
      Equation: "ElectronContinuityEquation"	RelError: 1.60581e-01	AbsError: 3.58208e+14
      Equation: "HoleContinuityEquation"	RelError: 2.72380e-01	AbsError: 6.92978e+12
      Equation: "PotentialEquation"	RelError: 2.82976e-02	AbsError: 1.29699e-04
    Region: "oxide"	RelError: 3.01696e-04	AbsError: 1.02449e-04
      Equation: "PotentialEquation"	RelError: 3.01696e-04	AbsError: 1.02449e-04
Iteration: 2
  Device: "part1_baseline"	RelError: 1.61728e-02	AbsError: 2.12609e+11
    Region: "bulk"	RelError: 1.61727e-02	AbsError: 2.12609e+11
      Equation: "ElectronContinuityEquation"	RelError: 3.99076e-04	AbsError: 2.10966e+11
      Equation: "HoleContinuityEquation"	RelError: 1.57726e-02	AbsError: 1.64320e+09
      Equation: "PotentialEquation"	RelError: 1.03769e-06	AbsError: 4.48632e-08
    Region: "oxide"	RelError: 8.15034e-08	AbsError: 2.76768e-08
      Equation: "PotentialEquation"	RelError: 8.15034e-08	AbsError: 2.76768e-08
Iteration: 3
  Device: "part1_baseline"	RelError: 5.79103e-08	AbsError: 5.32255e+04
    Region: "bulk"	RelError: 5.79103e-08	AbsError: 5.32255e+04
      Equation: "ElectronContinuityEquation"	RelError: 4.56195e-11	AbsError: 5.31708e+04
      Equation: "HoleContinuityEquation"	RelError: 5.78628e-08	AbsError: 5.46403e+01
      Equation: "PotentialEquation"	RelError: 1.86010e-12	AbsError: 8.91745e-15
    Region: "oxide"	RelError: 1.45156e-14	AbsError: 4.92916e-15
      Equation: "PotentialEquation"	RelError: 1.45156e-14	AbsError: 4.92916e-15
number of equations 8953
Iteration: 0
  Device: "part1_baseline"	RelError: 2.02852e+02	AbsError: 8.54855e+15
    Region: "bulk"	RelError: 2.02710e+02	AbsError: 8.54855e+15
      Equation: "ElectronContinuityEquation"	RelError: 4.16691e-01	AbsError: 8.29372e+15
      Equation: "HoleContinuityEquation"	RelError: 1.45771e+00	AbsError: 2.54828e+14
      Equation: "PotentialEquation"	RelError: 2.00835e+02	AbsError: 1.84548e-02
    Region: "oxide"	RelError: 1.42273e-01	AbsError: 2.00000e-02
      Equation: "PotentialEquation"	RelError: 1.42273e-01	AbsError: 2.00000e-02
Iteration: 1
  Device: "part1_baseline"	RelError: 5.01546e-01	AbsError: 4.59954e+14
    Region: "bulk"	RelError: 5.01196e-01	AbsError: 4.59954e+14
      Equation: "ElectronContinuityEquation"	RelError: 1.60659e-01	AbsError: 4.52970e+14
      Equation: "HoleContinuityEquation"	RelError: 2.66993e-01	AbsError: 6.98406e+12
      Equation: "PotentialEquation"	RelError: 7.35437e-02	AbsError: 1.49176e-04
    Region: "oxide"	RelError: 3.50189e-04	AbsError: 1.22501e-04
      Equation: "PotentialEquation"	RelError: 3.50189e-04	AbsError: 1.22501e-04
Iteration: 2
  Device: "part1_baseline"	RelError: 1.74907e-02	AbsError: 2.83611e+11
    Region: "bulk"	RelError: 1.74906e-02	AbsError: 2.83611e+11
      Equation: "ElectronContinuityEquation"	RelError: 4.44421e-04	AbsError: 2.81958e+11
      Equation: "HoleContinuityEquation"	RelError: 1.70341e-02	AbsError: 1.65229e+09
      Equation: "PotentialEquation"	RelError: 1.21053e-05	AbsError: 5.15094e-08
    Region: "oxide"	RelError: 9.88091e-08	AbsError: 3.45648e-08
      Equation: "PotentialEquation"	RelError: 9.88091e-08	AbsError: 3.45648e-08
Iteration: 3
  Device: "part1_baseline"	RelError: 8.26077e-08	AbsError: 7.89088e+04
    Region: "bulk"	RelError: 8.26077e-08	AbsError: 7.89088e+04
      Equation: "ElectronContinuityEquation"	RelError: 4.26447e-11	AbsError: 7.88535e+04
      Equation: "HoleContinuityEquation"	RelError: 8.25623e-08	AbsError: 5.53361e+01
      Equation: "PotentialEquation"	RelError: 2.71260e-12	AbsError: 1.28749e-14
    Region: "oxide"	RelError: 2.45334e-14	AbsError: 8.24662e-15
      Equation: "PotentialEquation"	RelError: 2.45334e-14	AbsError: 8.24662e-15
number of equations 8953
Iteration: 0
  Device: "part1_baseline"	RelError: 1.25007e+01	AbsError: 8.37968e+15
    Region: "bulk"	RelError: 1.23761e+01	AbsError: 8.37968e+15
      Equation: "ElectronContinuityEquation"	RelError: 4.16806e-01	AbsError: 8.12911e+15
      Equation: "HoleContinuityEquation"	RelError: 1.50939e+00	AbsError: 2.50570e+14
      Equation: "PotentialEquation"	RelError: 1.04499e+01	AbsError: 1.84632e-02
    Region: "oxide"	RelError: 1.24599e-01	AbsError: 2.00000e-02
      Equation: "PotentialEquation"	RelError: 1.24599e-01	AbsError: 2.00000e-02
Iteration: 1
  Device: "part1_baseline"	RelError: 4.30065e-01	AbsError: 5.93964e+14
    Region: "bulk"	RelError: 4.29665e-01	AbsError: 5.93964e+14
      Equation: "ElectronContinuityEquation"	RelError: 1.60727e-01	AbsError: 5.87017e+14
      Equation: "HoleContinuityEquation"	RelError: 2.59507e-01	AbsError: 6.94683e+12
      Equation: "PotentialEquation"	RelError: 9.42987e-03	AbsError: 1.69405e-04
    Region: "oxide"	RelError: 4.00144e-04	AbsError: 1.43962e-04
      Equation: "PotentialEquation"	RelError: 4.00144e-04	AbsError: 1.43962e-04
Iteration: 2
  Device: "part1_baseline"	RelError: 1.91434e-02	AbsError: 3.59591e+11
    Region: "bulk"	RelError: 1.91433e-02	AbsError: 3.59591e+11
      Equation: "ElectronContinuityEquation"	RelError: 4.94538e-04	AbsError: 3.57980e+11
      Equation: "HoleContinuityEquation"	RelError: 1.86457e-02	AbsError: 1.61037e+09
      Equation: "PotentialEquation"	RelError: 3.04866e-06	AbsError: 5.63007e-08
    Region: "oxide"	RelError: 1.12797e-07	AbsError: 4.05817e-08
      Equation: "PotentialEquation"	RelError: 1.12797e-07	AbsError: 4.05817e-08
Iteration: 3
  Device: "part1_baseline"	RelError: 1.15078e-07	AbsError: 1.17559e+05
    Region: "bulk"	RelError: 1.15078e-07	AbsError: 1.17559e+05
      Equation: "ElectronContinuityEquation"	RelError: 1.16080e-10	AbsError: 1.17506e+05
      Equation: "HoleContinuityEquation"	RelError: 1.14961e-07	AbsError: 5.30061e+01
      Equation: "PotentialEquation"	RelError: 1.08224e-12	AbsError: 1.79532e-14
    Region: "oxide"	RelError: 4.20111e-14	AbsError: 1.30157e-14
      Equation: "PotentialEquation"	RelError: 4.20111e-14	AbsError: 1.30157e-14
number of equations 8953
Iteration: 0
  Device: "part1_baseline"	RelError: 3.37814e+01	AbsError: 8.17449e+15
    Region: "bulk"	RelError: 3.36706e+01	AbsError: 8.17449e+15
      Equation: "ElectronContinuityEquation"	RelError: 4.16915e-01	AbsError: 7.92930e+15
      Equation: "HoleContinuityEquation"	RelError: 1.56657e+00	AbsError: 2.45189e+14
      Equation: "PotentialEquation"	RelError: 3.16871e+01	AbsError: 1.84712e-02
    Region: "oxide"	RelError: 1.10834e-01	AbsError: 2.00000e-02
      Equation: "PotentialEquation"	RelError: 1.10834e-01	AbsError: 2.00000e-02
Iteration: 1
  Device: "part1_baseline"	RelError: 4.79315e-01	AbsError: 7.93773e+14
    Region: "bulk"	RelError: 4.78866e-01	AbsError: 7.93773e+14
      Equation: "ElectronContinuityEquation"	RelError: 1.60785e-01	AbsError: 7.86946e+14
      Equation: "HoleContinuityEquation"	RelError: 2.68661e-01	AbsError: 6.82692e+12
      Equation: "PotentialEquation"	RelError: 4.94195e-02	AbsError: 1.90015e-04
    Region: "oxide"	RelError: 4.49069e-04	AbsError: 1.65896e-04
      Equation: "PotentialEquation"	RelError: 4.49069e-04	AbsError: 1.65896e-04
Iteration: 2
  Device: "part1_baseline"	RelError: 2.06214e-02	AbsError: 4.67631e+11
    Region: "bulk"	RelError: 2.06213e-02	AbsError: 4.67631e+11
      Equation: "ElectronContinuityEquation"	RelError: 5.49953e-04	AbsError: 4.66106e+11
      Equation: "HoleContinuityEquation"	RelError: 2.00416e-02	AbsError: 1.52431e+09
      Equation: "PotentialEquation"	RelError: 2.97423e-05	AbsError: 5.74998e-08
    Region: "oxide"	RelError: 1.18951e-07	AbsError: 4.39430e-08
      Equation: "PotentialEquation"	RelError: 1.18951e-07	AbsError: 4.39430e-08
Iteration: 3
  Device: "part1_baseline"	RelError: 1.57217e-07	AbsError: 1.55416e+05
    Region: "bulk"	RelError: 1.57217e-07	AbsError: 1.55416e+05
      Equation: "ElectronContinuityEquation"	RelError: 3.30309e-10	AbsError: 1.55369e+05
      Equation: "HoleContinuityEquation"	RelError: 1.56879e-07	AbsError: 4.71335e+01
      Equation: "PotentialEquation"	RelError: 7.56474e-12	AbsError: 2.46713e-14
    Region: "oxide"	RelError: 6.81201e-14	AbsError: 2.12031e-14
      Equation: "PotentialEquation"	RelError: 6.81201e-14	AbsError: 2.12031e-14
number of equations 8953
Iteration: 0
  Device: "part1_baseline"	RelError: 3.03033e+01	AbsError: 7.92932e+15
    Region: "bulk"	RelError: 3.02035e+01	AbsError: 7.92932e+15
      Equation: "ElectronContinuityEquation"	RelError: 4.17017e-01	AbsError: 7.69057e+15
      Equation: "HoleContinuityEquation"	RelError: 1.62736e+00	AbsError: 2.38752e+14
      Equation: "PotentialEquation"	RelError: 2.81592e+01	AbsError: 1.84787e-02
    Region: "oxide"	RelError: 9.98095e-02	AbsError: 2.00000e-02
      Equation: "PotentialEquation"	RelError: 9.98095e-02	AbsError: 2.00000e-02
Iteration: 1
  Device: "part1_baseline"	RelError: 4.51471e-01	AbsError: 1.03925e+15
    Region: "bulk"	RelError: 4.50977e-01	AbsError: 1.03925e+15
      Equation: "ElectronContinuityEquation"	RelError: 1.60827e-01	AbsError: 1.03262e+15
      Equation: "HoleContinuityEquation"	RelError: 2.78164e-01	AbsError: 6.63483e+12
      Equation: "PotentialEquation"	RelError: 1.19863e-02	AbsError: 2.08937e-04
    Region: "oxide"	RelError: 4.94048e-04	AbsError: 1.87099e-04
      Equation: "PotentialEquation"	RelError: 4.94048e-04	AbsError: 1.87099e-04
Iteration: 2
  Device: "part1_baseline"	RelError: 2.16453e-02	AbsError: 5.49909e+11
    Region: "bulk"	RelError: 2.16451e-02	AbsError: 5.49909e+11
      Equation: "ElectronContinuityEquation"	RelError: 6.12338e-04	AbsError: 5.48508e+11
      Equation: "HoleContinuityEquation"	RelError: 2.10197e-02	AbsError: 1.40111e+09
      Equation: "PotentialEquation"	RelError: 1.30400e-05	AbsError: 5.60466e-08
    Region: "oxide"	RelError: 1.69754e-07	AbsError: 4.89986e-08
      Equation: "PotentialEquation"	RelError: 1.69754e-07	AbsError: 4.89986e-08
Iteration: 3
  Device: "part1_baseline"	RelError: 2.11645e-07	AbsError: 1.88263e+05
    Region: "bulk"	RelError: 2.11645e-07	AbsError: 1.88263e+05
      Equation: "ElectronContinuityEquation"	RelError: 6.96523e-10	AbsError: 1.88228e+05
      Equation: "HoleContinuityEquation"	RelError: 2.10944e-07	AbsError: 3.42313e+01
      Equation: "PotentialEquation"	RelError: 4.55183e-12	AbsError: 3.67566e-14
    Region: "oxide"	RelError: 9.76031e-14	AbsError: 3.16594e-14
      Equation: "PotentialEquation"	RelError: 9.76031e-14	AbsError: 3.16594e-14
number of equations 8953
Iteration: 0
  Device: "part1_baseline"	RelError: 9.06088e+01	AbsError: 8.23885e+15
    Region: "bulk"	RelError: 9.05180e+01	AbsError: 8.23885e+15
      Equation: "ElectronContinuityEquation"	RelError: 4.17111e-01	AbsError: 8.00751e+15
      Equation: "HoleContinuityEquation"	RelError: 1.67795e+00	AbsError: 2.31339e+14
      Equation: "PotentialEquation"	RelError: 8.84229e+01	AbsError: 1.84854e-02
    Region: "oxide"	RelError: 9.07802e-02	AbsError: 2.00000e-02
      Equation: "PotentialEquation"	RelError: 9.07802e-02	AbsError: 2.00000e-02
Iteration: 1
  Device: "part1_baseline"	RelError: 4.62245e-01	AbsError: 1.32136e+15
    Region: "bulk"	RelError: 4.61713e-01	AbsError: 1.32136e+15
      Equation: "ElectronContinuityEquation"	RelError: 1.60847e-01	AbsError: 1.31497e+15
      Equation: "HoleContinuityEquation"	RelError: 2.87352e-01	AbsError: 6.38225e+12
      Equation: "PotentialEquation"	RelError: 1.35144e-02	AbsError: 2.26002e-04
    Region: "oxide"	RelError: 5.32127e-04	AbsError: 2.06248e-04
      Equation: "PotentialEquation"	RelError: 5.32127e-04	AbsError: 2.06248e-04
Iteration: 2
  Device: "part1_baseline"	RelError: 2.24106e-02	AbsError: 6.65675e+11
    Region: "bulk"	RelError: 2.24103e-02	AbsError: 6.65675e+11
      Equation: "ElectronContinuityEquation"	RelError: 6.84813e-04	AbsError: 6.64429e+11
      Equation: "HoleContinuityEquation"	RelError: 2.16753e-02	AbsError: 1.24633e+09
      Equation: "PotentialEquation"	RelError: 5.01757e-05	AbsError: 9.02147e-08
    Region: "oxide"	RelError: 2.62755e-07	AbsError: 7.97810e-08
      Equation: "PotentialEquation"	RelError: 2.62755e-07	AbsError: 7.97810e-08
Iteration: 3
  Device: "part1_baseline"	RelError: 2.83626e-07	AbsError: 2.25104e+05
    Region: "bulk"	RelError: 2.83626e-07	AbsError: 2.25104e+05
      Equation: "ElectronContinuityEquation"	RelError: 1.25719e-09	AbsError: 2.25013e+05
      Equation: "HoleContinuityEquation"	RelError: 2.82320e-07	AbsError: 9.06704e+01
      Equation: "PotentialEquation"	RelError: 4.83613e-11	AbsError: 4.29533e-14
    Region: "oxide"	RelError: 1.09443e-13	AbsError: 3.69064e-14
      Equation: "PotentialEquation"	RelError: 1.09443e-13	AbsError: 3.69064e-14
number of equations 8953
Iteration: 0
  Device: "part1_baseline"	RelError: 3.29742e+01	AbsError: 1.08765e+16
    Region: "bulk"	RelError: 3.28909e+01	AbsError: 1.08765e+16
      Equation: "ElectronContinuityEquation"	RelError: 4.17190e-01	AbsError: 1.06535e+16
      Equation: "HoleContinuityEquation"	RelError: 1.72375e+00	AbsError: 2.23042e+14
      Equation: "PotentialEquation"	RelError: 3.07500e+01	AbsError: 1.84911e-02
    Region: "oxide"	RelError: 8.32475e-02	AbsError: 2.00000e-02
      Equation: "PotentialEquation"	RelError: 8.32475e-02	AbsError: 2.00000e-02
Iteration: 1
  Device: "part1_baseline"	RelError: 4.70216e-01	AbsError: 1.62812e+15
    Region: "bulk"	RelError: 4.69655e-01	AbsError: 1.62812e+15
      Equation: "ElectronContinuityEquation"	RelError: 1.60829e-01	AbsError: 1.62204e+15
      Equation: "HoleContinuityEquation"	RelError: 2.94863e-01	AbsError: 6.08158e+12
      Equation: "PotentialEquation"	RelError: 1.39637e-02	AbsError: 2.39566e-04
    Region: "oxide"	RelError: 5.60727e-04	AbsError: 2.22072e-04
      Equation: "PotentialEquation"	RelError: 5.60727e-04	AbsError: 2.22072e-04
Iteration: 2
  Device: "part1_baseline"	RelError: 2.28711e-02	AbsError: 7.05382e+11
    Region: "bulk"	RelError: 2.28707e-02	AbsError: 7.05382e+11
      Equation: "ElectronContinuityEquation"	RelError: 7.72251e-04	AbsError: 7.04320e+11
      Equation: "HoleContinuityEquation"	RelError: 2.20779e-02	AbsError: 1.06162e+09
      Equation: "PotentialEquation"	RelError: 2.05407e-05	AbsError: 1.31803e-07
    Region: "oxide"	RelError: 3.70245e-07	AbsError: 1.17900e-07
      Equation: "PotentialEquation"	RelError: 3.70245e-07	AbsError: 1.17900e-07
Iteration: 3
  Device: "part1_baseline"	RelError: 3.82317e-07	AbsError: 3.06699e+05
    Region: "bulk"	RelError: 3.82316e-07	AbsError: 3.06699e+05
      Equation: "ElectronContinuityEquation"	RelError: 2.05175e-09	AbsError: 3.06410e+05
      Equation: "HoleContinuityEquation"	RelError: 3.80228e-07	AbsError: 2.89334e+02
      Equation: "PotentialEquation"	RelError: 3.61311e-11	AbsError: 5.77729e-14
    Region: "oxide"	RelError: 1.85905e-13	AbsError: 5.12485e-14
      Equation: "PotentialEquation"	RelError: 1.85905e-13	AbsError: 5.12485e-14
number of equations 8953
Iteration: 0
  Device: "part1_baseline"	RelError: 4.07962e+01	AbsError: 1.42256e+16
    Region: "bulk"	RelError: 4.07194e+01	AbsError: 1.42256e+16
      Equation: "ElectronContinuityEquation"	RelError: 4.17244e-01	AbsError: 1.40027e+16
      Equation: "HoleContinuityEquation"	RelError: 1.76478e+00	AbsError: 2.22891e+14
      Equation: "PotentialEquation"	RelError: 3.85374e+01	AbsError: 1.84952e-02
    Region: "oxide"	RelError: 7.68649e-02	AbsError: 2.00000e-02
      Equation: "PotentialEquation"	RelError: 7.68649e-02	AbsError: 2.00000e-02
Iteration: 1
  Device: "part1_baseline"	RelError: 4.76198e-01	AbsError: 1.94178e+15
    Region: "bulk"	RelError: 4.75620e-01	AbsError: 1.94178e+15
      Equation: "ElectronContinuityEquation"	RelError: 1.60747e-01	AbsError: 1.93603e+15
      Equation: "HoleContinuityEquation"	RelError: 3.01608e-01	AbsError: 5.74556e+12
      Equation: "PotentialEquation"	RelError: 1.32648e-02	AbsError: 2.47761e-04
    Region: "oxide"	RelError: 5.77967e-04	AbsError: 2.33518e-04
      Equation: "PotentialEquation"	RelError: 5.77967e-04	AbsError: 2.33518e-04
Iteration: 2
  Device: "part1_baseline"	RelError: 2.31774e-02	AbsError: 9.31412e+11
    Region: "bulk"	RelError: 2.31769e-02	AbsError: 9.31412e+11
      Equation: "ElectronContinuityEquation"	RelError: 8.80124e-04	AbsError: 9.30422e+11
      Equation: "HoleContinuityEquation"	RelError: 2.22699e-02	AbsError: 9.89518e+08
      Equation: "PotentialEquation"	RelError: 2.68629e-05	AbsError: 1.72413e-07
    Region: "oxide"	RelError: 4.97315e-07	AbsError: 1.55343e-07
      Equation: "PotentialEquation"	RelError: 4.97315e-07	AbsError: 1.55343e-07
Iteration: 3
  Device: "part1_baseline"	RelError: 5.21418e-07	AbsError: 7.65415e+05
    Region: "bulk"	RelError: 5.21418e-07	AbsError: 7.65415e+05
      Equation: "ElectronContinuityEquation"	RelError: 3.14728e-09	AbsError: 7.64688e+05
      Equation: "HoleContinuityEquation"	RelError: 5.18215e-07	AbsError: 7.27505e+02
      Equation: "PotentialEquation"	RelError: 5.59802e-11	AbsError: 1.48804e-13
    Region: "oxide"	RelError: 4.03306e-13	AbsError: 1.34300e-13
      Equation: "PotentialEquation"	RelError: 4.03306e-13	AbsError: 1.34300e-13
number of equations 8953
Iteration: 0
  Device: "part1_baseline"	RelError: 2.12460e+02	AbsError: 1.82019e+16
    Region: "bulk"	RelError: 2.12388e+02	AbsError: 1.82019e+16
      Equation: "ElectronContinuityEquation"	RelError: 4.17254e-01	AbsError: 1.79777e+16
      Equation: "HoleContinuityEquation"	RelError: 1.80251e+00	AbsError: 2.24237e+14
      Equation: "PotentialEquation"	RelError: 2.10168e+02	AbsError: 1.84964e-02
    Region: "oxide"	RelError: 7.13823e-02	AbsError: 2.00000e-02
      Equation: "PotentialEquation"	RelError: 7.13823e-02	AbsError: 2.00000e-02
Iteration: 1
  Device: "part1_baseline"	RelError: 5.29519e-01	AbsError: 2.24142e+15
    Region: "bulk"	RelError: 5.28836e-01	AbsError: 2.24142e+15
      Equation: "ElectronContinuityEquation"	RelError: 1.60564e-01	AbsError: 2.23603e+15
      Equation: "HoleContinuityEquation"	RelError: 3.07486e-01	AbsError: 5.38700e+12
      Equation: "PotentialEquation"	RelError: 6.07858e-02	AbsError: 2.81027e-04
    Region: "oxide"	RelError: 6.83241e-04	AbsError: 2.55235e-04
      Equation: "PotentialEquation"	RelError: 6.83241e-04	AbsError: 2.55235e-04
Iteration: 2
  Device: "part1_baseline"	RelError: 2.36176e-02	AbsError: 1.29173e+12
    Region: "bulk"	RelError: 2.36169e-02	AbsError: 1.29173e+12
      Equation: "ElectronContinuityEquation"	RelError: 1.01282e-03	AbsError: 1.29049e+12
      Equation: "HoleContinuityEquation"	RelError: 2.22702e-02	AbsError: 1.24433e+09
      Equation: "PotentialEquation"	RelError: 3.33886e-04	AbsError: 2.49906e-07
    Region: "oxide"	RelError: 6.98010e-07	AbsError: 2.28248e-07
      Equation: "PotentialEquation"	RelError: 6.98010e-07	AbsError: 2.28248e-07
Iteration: 3
  Device: "part1_baseline"	RelError: 7.18780e-07	AbsError: 1.69216e+06
    Region: "bulk"	RelError: 7.18779e-07	AbsError: 1.69216e+06
      Equation: "ElectronContinuityEquation"	RelError: 4.67448e-09	AbsError: 1.69048e+06
      Equation: "HoleContinuityEquation"	RelError: 7.12824e-07	AbsError: 1.67545e+03
      Equation: "PotentialEquation"	RelError: 1.28080e-09	AbsError: 3.81272e-13
    Region: "oxide"	RelError: 1.06127e-12	AbsError: 3.47034e-13
      Equation: "PotentialEquation"	RelError: 1.06127e-12	AbsError: 3.47034e-13
number of equations 8953
Iteration: 0
  Device: "part1_baseline"	RelError: 2.77923e+01	AbsError: 2.27683e+16
    Region: "bulk"	RelError: 2.77257e+01	AbsError: 2.27683e+16
      Equation: "ElectronContinuityEquation"	RelError: 4.17180e-01	AbsError: 2.25437e+16
      Equation: "HoleContinuityEquation"	RelError: 1.83642e+00	AbsError: 2.24678e+14
      Equation: "PotentialEquation"	RelError: 2.54721e+01	AbsError: 1.84922e-02
    Region: "oxide"	RelError: 6.66125e-02	AbsError: 2.00000e-02
      Equation: "PotentialEquation"	RelError: 6.66125e-02	AbsError: 2.00000e-02
Iteration: 1
  Device: "part1_baseline"	RelError: 6.13896e-01	AbsError: 2.50799e+15
    Region: "bulk"	RelError: 6.13101e-01	AbsError: 2.50799e+15
      Equation: "ElectronContinuityEquation"	RelError: 1.60216e-01	AbsError: 2.50258e+15
      Equation: "HoleContinuityEquation"	RelError: 3.12505e-01	AbsError: 5.40624e+12
      Equation: "PotentialEquation"	RelError: 1.40380e-01	AbsError: 3.33059e-04
    Region: "oxide"	RelError: 7.95092e-04	AbsError: 3.05835e-04
      Equation: "PotentialEquation"	RelError: 7.95092e-04	AbsError: 3.05835e-04
Iteration: 2
  Device: "part1_baseline"	RelError: 2.34679e-02	AbsError: 2.02257e+12
    Region: "bulk"	RelError: 2.34669e-02	AbsError: 2.02257e+12
      Equation: "ElectronContinuityEquation"	RelError: 1.16693e-03	AbsError: 2.02073e+12
      Equation: "HoleContinuityEquation"	RelError: 2.20747e-02	AbsError: 1.83661e+09
      Equation: "PotentialEquation"	RelError: 2.25328e-04	AbsError: 3.61264e-07
    Region: "oxide"	RelError: 1.01043e-06	AbsError: 3.31225e-07
      Equation: "PotentialEquation"	RelError: 1.01043e-06	AbsError: 3.31225e-07
Iteration: 3
  Device: "part1_baseline"	RelError: 9.82421e-07	AbsError: 4.79506e+06
    Region: "bulk"	RelError: 9.82419e-07	AbsError: 4.79506e+06
      Equation: "ElectronContinuityEquation"	RelError: 6.77316e-09	AbsError: 4.79123e+06
      Equation: "HoleContinuityEquation"	RelError: 9.75311e-07	AbsError: 3.82512e+03
      Equation: "PotentialEquation"	RelError: 3.34590e-10	AbsError: 9.95615e-13
    Region: "oxide"	RelError: 2.65813e-12	AbsError: 9.10154e-13
      Equation: "PotentialEquation"	RelError: 2.65813e-12	AbsError: 9.10154e-13
number of equations 8953
Iteration: 0
  Device: "part1_baseline"	RelError: 7.05218e+01	AbsError: 2.78528e+16
    Region: "bulk"	RelError: 7.04594e+01	AbsError: 2.78528e+16
      Equation: "ElectronContinuityEquation"	RelError: 4.16966e-01	AbsError: 2.76287e+16
      Equation: "HoleContinuityEquation"	RelError: 1.86385e+00	AbsError: 2.24093e+14
      Equation: "PotentialEquation"	RelError: 6.81786e+01	AbsError: 1.84789e-02
    Region: "oxide"	RelError: 6.24076e-02	AbsError: 2.00000e-02
      Equation: "PotentialEquation"	RelError: 6.24076e-02	AbsError: 2.00000e-02
Iteration: 1
  Device: "part1_baseline"	RelError: 5.51874e-01	AbsError: 2.72872e+15
    Region: "bulk"	RelError: 5.50979e-01	AbsError: 2.72872e+15
      Equation: "ElectronContinuityEquation"	RelError: 1.59551e-01	AbsError: 2.72306e+15
      Equation: "HoleContinuityEquation"	RelError: 3.16814e-01	AbsError: 5.65474e+12
      Equation: "PotentialEquation"	RelError: 7.46143e-02	AbsError: 3.81841e-04
    Region: "oxide"	RelError: 8.94818e-04	AbsError: 3.53513e-04
      Equation: "PotentialEquation"	RelError: 8.94818e-04	AbsError: 3.53513e-04
Iteration: 2
  Device: "part1_baseline"	RelError: 2.37188e-02	AbsError: 3.05466e+12
    Region: "bulk"	RelError: 2.37173e-02	AbsError: 3.05466e+12
      Equation: "ElectronContinuityEquation"	RelError: 1.33010e-03	AbsError: 3.05162e+12
      Equation: "HoleContinuityEquation"	RelError: 2.16532e-02	AbsError: 3.04383e+09
      Equation: "PotentialEquation"	RelError: 7.34046e-04	AbsError: 5.37089e-07
    Region: "oxide"	RelError: 1.48191e-06	AbsError: 4.93816e-07
      Equation: "PotentialEquation"	RelError: 1.48191e-06	AbsError: 4.93816e-07
Iteration: 3
  Device: "part1_baseline"	RelError: 1.30913e-06	AbsError: 1.24244e+07
    Region: "bulk"	RelError: 1.30912e-06	AbsError: 1.24244e+07
      Equation: "ElectronContinuityEquation"	RelError: 9.54234e-09	AbsError: 1.24165e+07
      Equation: "HoleContinuityEquation"	RelError: 1.29648e-06	AbsError: 7.88866e+03
      Equation: "PotentialEquation"	RelError: 3.10327e-09	AbsError: 2.40463e-12
    Region: "oxide"	RelError: 6.43568e-12	AbsError: 2.21307e-12
      Equation: "PotentialEquation"	RelError: 6.43568e-12	AbsError: 2.21307e-12
Iteration: 4
  Device: "part1_baseline"	RelError: 5.78858e-17	AbsError: 2.72532e-04
    Region: "bulk"	RelError: 5.78857e-17	AbsError: 2.72532e-04
      Equation: "ElectronContinuityEquation"	RelError: 1.34516e-19	AbsError: 2.72520e-04
      Equation: "HoleContinuityEquation"	RelError: 5.77420e-17	AbsError: 1.23844e-08
      Equation: "PotentialEquation"	RelError: 9.17827e-21	AbsError: 4.04249e-23
    Region: "oxide"	RelError: 1.10061e-22	AbsError: 3.78472e-23
      Equation: "PotentialEquation"	RelError: 1.10061e-22	AbsError: 3.78472e-23
number of equations 8953
Iteration: 0
  Device: "part1_baseline"	RelError: 2.20157e+01	AbsError: 3.33613e+16
    Region: "bulk"	RelError: 2.19571e+01	AbsError: 3.33613e+16
      Equation: "ElectronContinuityEquation"	RelError: 4.16478e-01	AbsError: 3.31390e+16
      Equation: "HoleContinuityEquation"	RelError: 1.89217e+00	AbsError: 2.22294e+14
      Equation: "PotentialEquation"	RelError: 1.96484e+01	AbsError: 1.84471e-02
    Region: "oxide"	RelError: 5.86415e-02	AbsError: 2.00000e-02
      Equation: "PotentialEquation"	RelError: 5.86415e-02	AbsError: 2.00000e-02
Iteration: 1
  Device: "part1_baseline"	RelError: 7.70602e-01	AbsError: 2.90155e+15
    Region: "bulk"	RelError: 7.69550e-01	AbsError: 2.90155e+15
      Equation: "ElectronContinuityEquation"	RelError: 1.58356e-01	AbsError: 2.89564e+15
      Equation: "HoleContinuityEquation"	RelError: 3.20042e-01	AbsError: 5.91074e+12
      Equation: "PotentialEquation"	RelError: 2.91152e-01	AbsError: 4.42370e-04
    Region: "oxide"	RelError: 1.05175e-03	AbsError: 4.06641e-04
      Equation: "PotentialEquation"	RelError: 1.05175e-03	AbsError: 4.06641e-04
Iteration: 2
  Device: "part1_baseline"	RelError: 2.30185e-02	AbsError: 4.52200e+12
    Region: "bulk"	RelError: 2.30163e-02	AbsError: 4.52200e+12
      Equation: "ElectronContinuityEquation"	RelError: 1.47392e-03	AbsError: 4.51677e+12
      Equation: "HoleContinuityEquation"	RelError: 2.09397e-02	AbsError: 5.23070e+09
      Equation: "PotentialEquation"	RelError: 6.02752e-04	AbsError: 7.96256e-07
    Region: "oxide"	RelError: 2.14878e-06	AbsError: 7.34532e-07
      Equation: "PotentialEquation"	RelError: 2.14878e-06	AbsError: 7.34532e-07
Iteration: 3
  Device: "part1_baseline"	RelError: 1.63194e-06	AbsError: 2.82950e+07
    Region: "bulk"	RelError: 1.63192e-06	AbsError: 2.82950e+07
      Equation: "ElectronContinuityEquation"	RelError: 1.17823e-08	AbsError: 2.82835e+07
      Equation: "HoleContinuityEquation"	RelError: 1.61687e-06	AbsError: 1.14964e+04
      Equation: "PotentialEquation"	RelError: 3.26935e-09	AbsError: 5.71349e-12
    Region: "oxide"	RelError: 1.53555e-11	AbsError: 5.24906e-12
      Equation: "PotentialEquation"	RelError: 1.53555e-11	AbsError: 5.24906e-12
Iteration: 4
  Device: "part1_baseline"	RelError: 7.16313e-17	AbsError: 1.60798e-03
    Region: "bulk"	RelError: 7.16307e-17	AbsError: 1.60798e-03
      Equation: "ElectronContinuityEquation"	RelError: 5.14041e-19	AbsError: 1.60741e-03
      Equation: "HoleContinuityEquation"	RelError: 7.10606e-17	AbsError: 5.65870e-07
      Equation: "PotentialEquation"	RelError: 5.59916e-20	AbsError: 2.53030e-22
    Region: "oxide"	RelError: 6.76470e-22	AbsError: 2.36519e-22
      Equation: "PotentialEquation"	RelError: 6.76470e-22	AbsError: 2.36519e-22
number of equations 8953
Iteration: 0
  Device: "part1_baseline"	RelError: 3.39321e+01	AbsError: 3.91998e+16
    Region: "bulk"	RelError: 3.38769e+01	AbsError: 3.91998e+16
      Equation: "ElectronContinuityEquation"	RelError: 4.15459e-01	AbsError: 3.89808e+16
      Equation: "HoleContinuityEquation"	RelError: 1.91290e+00	AbsError: 2.18986e+14
      Equation: "PotentialEquation"	RelError: 3.15486e+01	AbsError: 1.83823e-02
    Region: "oxide"	RelError: 5.51925e-02	AbsError: 2.00000e-02
      Equation: "PotentialEquation"	RelError: 5.51925e-02	AbsError: 2.00000e-02
Iteration: 1
  Device: "part1_baseline"	RelError: 6.53395e-01	AbsError: 3.09270e+15
    Region: "bulk"	RelError: 6.52187e-01	AbsError: 3.09270e+15
      Equation: "ElectronContinuityEquation"	RelError: 1.56243e-01	AbsError: 3.08649e+15
      Equation: "HoleContinuityEquation"	RelError: 3.24697e-01	AbsError: 6.20777e+12
      Equation: "PotentialEquation"	RelError: 1.71247e-01	AbsError: 5.19868e-04
    Region: "oxide"	RelError: 1.20775e-03	AbsError: 4.80869e-04
      Equation: "PotentialEquation"	RelError: 1.20775e-03	AbsError: 4.80869e-04
Iteration: 2
  Device: "part1_baseline"	RelError: 2.27439e-02	AbsError: 6.47821e+12
    Region: "bulk"	RelError: 2.27408e-02	AbsError: 6.47821e+12
      Equation: "ElectronContinuityEquation"	RelError: 1.55540e-03	AbsError: 6.46954e+12
      Equation: "HoleContinuityEquation"	RelError: 1.98462e-02	AbsError: 8.67188e+09
      Equation: "PotentialEquation"	RelError: 1.33927e-03	AbsError: 1.14772e-06
    Region: "oxide"	RelError: 3.03470e-06	AbsError: 1.05610e-06
      Equation: "PotentialEquation"	RelError: 3.03470e-06	AbsError: 1.05610e-06
Iteration: 3
  Device: "part1_baseline"	RelError: 1.82943e-06	AbsError: 6.20836e+07
    Region: "bulk"	RelError: 1.82940e-06	AbsError: 6.20836e+07
      Equation: "ElectronContinuityEquation"	RelError: 1.29816e-08	AbsError: 6.20353e+07
      Equation: "HoleContinuityEquation"	RelError: 1.80966e-06	AbsError: 4.82764e+04
      Equation: "PotentialEquation"	RelError: 6.75699e-09	AbsError: 1.28675e-11
    Region: "oxide"	RelError: 3.38705e-11	AbsError: 1.17892e-11
      Equation: "PotentialEquation"	RelError: 3.38705e-11	AbsError: 1.17892e-11
Iteration: 4
  Device: "part1_baseline"	RelError: 5.91220e-17	AbsError: 9.27130e-03
    Region: "bulk"	RelError: 5.91177e-17	AbsError: 9.27130e-03
      Equation: "ElectronContinuityEquation"	RelError: 1.70942e-18	AbsError: 9.26834e-03
      Equation: "HoleContinuityEquation"	RelError: 5.70144e-17	AbsError: 2.95436e-06
      Equation: "PotentialEquation"	RelError: 3.93924e-19	AbsError: 1.60962e-21
    Region: "oxide"	RelError: 4.24149e-21	AbsError: 1.49563e-21
      Equation: "PotentialEquation"	RelError: 4.24149e-21	AbsError: 1.49563e-21
number of equations 8953
Iteration: 0
  Device: "part1_baseline"	RelError: 2.58178e+01	AbsError: 4.52935e+16
    Region: "bulk"	RelError: 2.57658e+01	AbsError: 4.52935e+16
      Equation: "ElectronContinuityEquation"	RelError: 4.13572e-01	AbsError: 4.50798e+16
      Equation: "HoleContinuityEquation"	RelError: 1.90978e+00	AbsError: 2.13714e+14
      Equation: "PotentialEquation"	RelError: 2.34425e+01	AbsError: 1.82583e-02
    Region: "oxide"	RelError: 5.19490e-02	AbsError: 2.00000e-02
      Equation: "PotentialEquation"	RelError: 5.19490e-02	AbsError: 2.00000e-02
Iteration: 1
  Device: "part1_baseline"	RelError: 9.43900e-01	AbsError: 3.52455e+15
    Region: "bulk"	RelError: 9.42506e-01	AbsError: 3.52455e+15
      Equation: "ElectronContinuityEquation"	RelError: 1.52615e-01	AbsError: 3.51797e+15
      Equation: "HoleContinuityEquation"	RelError: 3.26900e-01	AbsError: 6.57874e+12
      Equation: "PotentialEquation"	RelError: 4.62991e-01	AbsError: 6.00518e-04
    Region: "oxide"	RelError: 1.39386e-03	AbsError: 5.54284e-04
      Equation: "PotentialEquation"	RelError: 1.39386e-03	AbsError: 5.54284e-04
Iteration: 2
  Device: "part1_baseline"	RelError: 2.00476e-02	AbsError: 8.62598e+12
    Region: "bulk"	RelError: 2.00436e-02	AbsError: 8.62598e+12
      Equation: "ElectronContinuityEquation"	RelError: 1.52662e-03	AbsError: 8.61303e+12
      Equation: "HoleContinuityEquation"	RelError: 1.81871e-02	AbsError: 1.29474e+10
      Equation: "PotentialEquation"	RelError: 3.29888e-04	AbsError: 1.53176e-06
    Region: "oxide"	RelError: 3.94635e-06	AbsError: 1.40664e-06
      Equation: "PotentialEquation"	RelError: 3.94635e-06	AbsError: 1.40664e-06
Iteration: 3
  Device: "part1_baseline"	RelError: 1.75349e-06	AbsError: 1.09531e+08
    Region: "bulk"	RelError: 1.75343e-06	AbsError: 1.09531e+08
      Equation: "ElectronContinuityEquation"	RelError: 1.90697e-08	AbsError: 1.09387e+08
      Equation: "HoleContinuityEquation"	RelError: 1.72730e-06	AbsError: 1.44219e+05
      Equation: "PotentialEquation"	RelError: 7.06122e-09	AbsError: 2.39617e-11
    Region: "oxide"	RelError: 6.12005e-11	AbsError: 2.18306e-11
      Equation: "PotentialEquation"	RelError: 6.12005e-11	AbsError: 2.18306e-11
Iteration: 4
  Device: "part1_baseline"	RelError: 1.92955e-16	AbsError: 3.47860e-02
    Region: "bulk"	RelError: 1.92937e-16	AbsError: 3.47860e-02
      Equation: "ElectronContinuityEquation"	RelError: 5.39819e-18	AbsError: 3.47595e-02
      Equation: "HoleContinuityEquation"	RelError: 1.85702e-16	AbsError: 2.65558e-05
      Equation: "PotentialEquation"	RelError: 1.83752e-18	AbsError: 6.73008e-21
    Region: "oxide"	RelError: 1.73865e-20	AbsError: 6.20189e-21
      Equation: "PotentialEquation"	RelError: 1.73865e-20	AbsError: 6.20189e-21
number of equations 8953
Iteration: 0
  Device: "part1_baseline"	RelError: 1.02425e+02	AbsError: 5.15961e+16
    Region: "bulk"	RelError: 1.02377e+02	AbsError: 5.15961e+16
      Equation: "ElectronContinuityEquation"	RelError: 4.10128e-01	AbsError: 5.13903e+16
      Equation: "HoleContinuityEquation"	RelError: 1.87050e+00	AbsError: 2.05830e+14
      Equation: "PotentialEquation"	RelError: 1.00096e+02	AbsError: 1.80326e-02
    Region: "oxide"	RelError: 4.87512e-02	AbsError: 2.00000e-02
      Equation: "PotentialEquation"	RelError: 4.87512e-02	AbsError: 2.00000e-02
Iteration: 1
  Device: "part1_baseline"	RelError: 2.63391e+00	AbsError: 3.95942e+15
    Region: "bulk"	RelError: 2.63234e+00	AbsError: 3.95942e+15
      Equation: "ElectronContinuityEquation"	RelError: 1.46402e-01	AbsError: 3.95240e+15
      Equation: "HoleContinuityEquation"	RelError: 3.24680e-01	AbsError: 7.02620e+12
      Equation: "PotentialEquation"	RelError: 2.16126e+00	AbsError: 6.81301e-04
    Region: "oxide"	RelError: 1.56529e-03	AbsError: 6.27713e-04
      Equation: "PotentialEquation"	RelError: 1.56529e-03	AbsError: 6.27713e-04
Iteration: 2
  Device: "part1_baseline"	RelError: 2.52585e-02	AbsError: 1.02156e+13
    Region: "bulk"	RelError: 2.52539e-02	AbsError: 1.02156e+13
      Equation: "ElectronContinuityEquation"	RelError: 1.36003e-03	AbsError: 1.01997e+13
      Equation: "HoleContinuityEquation"	RelError: 1.58568e-02	AbsError: 1.59245e+10
      Equation: "PotentialEquation"	RelError: 8.03712e-03	AbsError: 2.04905e-06
    Region: "oxide"	RelError: 4.57689e-06	AbsError: 1.87163e-06
      Equation: "PotentialEquation"	RelError: 4.57689e-06	AbsError: 1.87163e-06
Iteration: 3
  Device: "part1_baseline"	RelError: 1.42406e-06	AbsError: 1.61547e+08
    Region: "bulk"	RelError: 1.42399e-06	AbsError: 1.61547e+08
      Equation: "ElectronContinuityEquation"	RelError: 1.93730e-08	AbsError: 1.61324e+08
      Equation: "HoleContinuityEquation"	RelError: 1.30242e-06	AbsError: 2.23005e+05
      Equation: "PotentialEquation"	RelError: 1.02193e-07	AbsError: 2.88037e-11
    Region: "oxide"	RelError: 7.07279e-11	AbsError: 2.60915e-11
      Equation: "PotentialEquation"	RelError: 7.07279e-11	AbsError: 2.60915e-11
Iteration: 4
  Device: "part1_baseline"	RelError: 2.75107e-16	AbsError: 4.55831e-02
    Region: "bulk"	RelError: 2.75083e-16	AbsError: 4.55831e-02
      Equation: "ElectronContinuityEquation"	RelError: 6.31563e-18	AbsError: 4.55250e-02
      Equation: "HoleContinuityEquation"	RelError: 2.51420e-16	AbsError: 5.81131e-05
      Equation: "PotentialEquation"	RelError: 1.73474e-17	AbsError: 9.39937e-21
    Region: "oxide"	RelError: 2.32961e-20	AbsError: 8.58779e-21
      Equation: "PotentialEquation"	RelError: 2.32961e-20	AbsError: 8.58779e-21
number of equations 8953
Iteration: 0
  Device: "part1_baseline"	RelError: 2.99397e+01	AbsError: 5.80835e+16
    Region: "bulk"	RelError: 2.98943e+01	AbsError: 5.80835e+16
      Equation: "ElectronContinuityEquation"	RelError: 4.04075e-01	AbsError: 5.78889e+16
      Equation: "HoleContinuityEquation"	RelError: 1.77537e+00	AbsError: 1.94584e+14
      Equation: "PotentialEquation"	RelError: 2.77148e+01	AbsError: 1.76384e-02
    Region: "oxide"	RelError: 4.54470e-02	AbsError: 2.00000e-02
      Equation: "PotentialEquation"	RelError: 4.54470e-02	AbsError: 2.00000e-02
Iteration: 1
  Device: "part1_baseline"	RelError: 2.28765e+00	AbsError: 4.39116e+15
    Region: "bulk"	RelError: 2.28594e+00	AbsError: 4.39116e+15
      Equation: "ElectronContinuityEquation"	RelError: 1.36515e-01	AbsError: 4.38363e+15
      Equation: "HoleContinuityEquation"	RelError: 3.15340e-01	AbsError: 7.53004e+12
      Equation: "PotentialEquation"	RelError: 1.83409e+00	AbsError: 7.54116e-04
    Region: "oxide"	RelError: 1.70818e-03	AbsError: 6.95062e-04
      Equation: "PotentialEquation"	RelError: 1.70818e-03	AbsError: 6.95062e-04
Iteration: 2
  Device: "part1_baseline"	RelError: 2.13434e-02	AbsError: 1.10164e+13
    Region: "bulk"	RelError: 2.13371e-02	AbsError: 1.10164e+13
      Equation: "ElectronContinuityEquation"	RelError: 1.07904e-03	AbsError: 1.10027e+13
      Equation: "HoleContinuityEquation"	RelError: 1.28106e-02	AbsError: 1.37267e+10
      Equation: "PotentialEquation"	RelError: 7.44752e-03	AbsError: 2.80732e-06
    Region: "oxide"	RelError: 6.27646e-06	AbsError: 2.55392e-06
      Equation: "PotentialEquation"	RelError: 6.27646e-06	AbsError: 2.55392e-06
Iteration: 3
  Device: "part1_baseline"	RelError: 8.09755e-07	AbsError: 2.79915e+08
    Region: "bulk"	RelError: 8.09653e-07	AbsError: 2.79915e+08
      Equation: "ElectronContinuityEquation"	RelError: 1.70737e-08	AbsError: 2.79780e+08
      Equation: "HoleContinuityEquation"	RelError: 6.81207e-07	AbsError: 1.34937e+05
      Equation: "PotentialEquation"	RelError: 1.11373e-07	AbsError: 4.50339e-11
    Region: "oxide"	RelError: 1.01474e-10	AbsError: 4.18521e-11
      Equation: "PotentialEquation"	RelError: 1.01474e-10	AbsError: 4.18521e-11
number of equations 8953
Iteration: 0
  Device: "part1_baseline"	RelError: 3.02933e+01	AbsError: 6.47401e+16
    Region: "bulk"	RelError: 3.02515e+01	AbsError: 6.47401e+16
      Equation: "ElectronContinuityEquation"	RelError: 3.94163e-01	AbsError: 6.45604e+16
      Equation: "HoleContinuityEquation"	RelError: 1.61204e+00	AbsError: 1.79624e+14
      Equation: "PotentialEquation"	RelError: 2.82453e+01	AbsError: 1.69840e-02
    Region: "oxide"	RelError: 4.18699e-02	AbsError: 2.00000e-02
      Equation: "PotentialEquation"	RelError: 4.18699e-02	AbsError: 2.00000e-02
Iteration: 1
  Device: "part1_baseline"	RelError: 3.00223e+00	AbsError: 4.75683e+15
    Region: "bulk"	RelError: 3.00041e+00	AbsError: 4.75683e+15
      Equation: "ElectronContinuityEquation"	RelError: 1.21658e-01	AbsError: 4.74761e+15
      Equation: "HoleContinuityEquation"	RelError: 2.95866e-01	AbsError: 9.21624e+12
      Equation: "PotentialEquation"	RelError: 2.58289e+00	AbsError: 8.10765e-04
    Region: "oxide"	RelError: 1.81401e-03	AbsError: 7.46027e-04
      Equation: "PotentialEquation"	RelError: 1.81401e-03	AbsError: 7.46027e-04
Iteration: 2
  Device: "part1_baseline"	RelError: 1.85429e-02	AbsError: 1.33266e+13
    Region: "bulk"	RelError: 1.85353e-02	AbsError: 1.33266e+13
      Equation: "ElectronContinuityEquation"	RelError: 7.09997e-04	AbsError: 1.33114e+13
      Equation: "HoleContinuityEquation"	RelError: 9.29260e-03	AbsError: 1.52290e+10
      Equation: "PotentialEquation"	RelError: 8.53272e-03	AbsError: 3.46816e-06
    Region: "oxide"	RelError: 7.59588e-06	AbsError: 3.13911e-06
      Equation: "PotentialEquation"	RelError: 7.59588e-06	AbsError: 3.13911e-06
Iteration: 3
  Device: "part1_baseline"	RelError: 2.91625e-07	AbsError: 3.96784e+08
    Region: "bulk"	RelError: 2.91449e-07	AbsError: 3.96784e+08
      Equation: "ElectronContinuityEquation"	RelError: 1.48342e-08	AbsError: 3.96580e+08
      Equation: "HoleContinuityEquation"	RelError: 1.92919e-07	AbsError: 2.04027e+05
      Equation: "PotentialEquation"	RelError: 8.36962e-08	AbsError: 7.90639e-11
    Region: "oxide"	RelError: 1.75881e-10	AbsError: 7.28698e-11
      Equation: "PotentialEquation"	RelError: 1.75881e-10	AbsError: 7.28698e-11
number of equations 8953
Iteration: 0
  Device: "part1_baseline"	RelError: 1.52911e+01	AbsError: 7.15456e+16
    Region: "bulk"	RelError: 1.52533e+01	AbsError: 7.15456e+16
      Equation: "ElectronContinuityEquation"	RelError: 3.78786e-01	AbsError: 7.13847e+16
      Equation: "HoleContinuityEquation"	RelError: 1.38830e+00	AbsError: 1.60933e+14
      Equation: "PotentialEquation"	RelError: 1.34862e+01	AbsError: 1.59872e-02
    Region: "oxide"	RelError: 3.78861e-02	AbsError: 2.00000e-02
      Equation: "PotentialEquation"	RelError: 3.78861e-02	AbsError: 2.00000e-02
Iteration: 1
  Device: "part1_baseline"	RelError: 1.56673e+00	AbsError: 5.05498e+15
    Region: "bulk"	RelError: 1.56486e+00	AbsError: 5.05498e+15
      Equation: "ElectronContinuityEquation"	RelError: 1.01942e-01	AbsError: 5.04443e+15
      Equation: "HoleContinuityEquation"	RelError: 2.64658e-01	AbsError: 1.05434e+13
      Equation: "PotentialEquation"	RelError: 1.19826e+00	AbsError: 8.46009e-04
    Region: "oxide"	RelError: 1.86240e-03	AbsError: 7.78016e-04
      Equation: "PotentialEquation"	RelError: 1.86240e-03	AbsError: 7.78016e-04
Iteration: 2
  Device: "part1_baseline"	RelError: 1.11347e-02	AbsError: 1.38196e+13
    Region: "bulk"	RelError: 1.11267e-02	AbsError: 1.38196e+13
      Equation: "ElectronContinuityEquation"	RelError: 3.48496e-04	AbsError: 1.37917e+13
      Equation: "HoleContinuityEquation"	RelError: 5.94376e-03	AbsError: 2.78359e+10
      Equation: "PotentialEquation"	RelError: 4.83441e-03	AbsError: 3.73694e-06
    Region: "oxide"	RelError: 8.01838e-06	AbsError: 3.36065e-06
      Equation: "PotentialEquation"	RelError: 8.01838e-06	AbsError: 3.36065e-06
Iteration: 3
  Device: "part1_baseline"	RelError: 1.82976e-07	AbsError: 4.50319e+08
    Region: "bulk"	RelError: 1.82762e-07	AbsError: 4.50319e+08
      Equation: "ElectronContinuityEquation"	RelError: 8.10994e-09	AbsError: 4.49951e+08
      Equation: "HoleContinuityEquation"	RelError: 7.03696e-08	AbsError: 3.67577e+05
      Equation: "PotentialEquation"	RelError: 1.04282e-07	AbsError: 9.83285e-11
    Region: "oxide"	RelError: 2.14312e-10	AbsError: 8.98220e-11
      Equation: "PotentialEquation"	RelError: 2.14312e-10	AbsError: 8.98220e-11
number of equations 8953
Iteration: 0
  Device: "part1_baseline"	RelError: 2.35233e+02	AbsError: 7.84708e+16
    Region: "bulk"	RelError: 2.35199e+02	AbsError: 7.84708e+16
      Equation: "ElectronContinuityEquation"	RelError: 3.57157e-01	AbsError: 7.83311e+16
      Equation: "HoleContinuityEquation"	RelError: 1.13701e+00	AbsError: 1.39671e+14
      Equation: "PotentialEquation"	RelError: 2.33705e+02	AbsError: 1.46230e-02
    Region: "oxide"	RelError: 3.35247e-02	AbsError: 2.00000e-02
      Equation: "PotentialEquation"	RelError: 3.35247e-02	AbsError: 2.00000e-02
Iteration: 1
  Device: "part1_baseline"	RelError: 1.37355e+00	AbsError: 5.28850e+15
    Region: "bulk"	RelError: 1.37167e+00	AbsError: 5.28850e+15
      Equation: "ElectronContinuityEquation"	RelError: 7.95024e-02	AbsError: 5.27750e+15
      Equation: "HoleContinuityEquation"	RelError: 2.23748e-01	AbsError: 1.10002e+13
      Equation: "PotentialEquation"	RelError: 1.06842e+00	AbsError: 8.87929e-04
    Region: "oxide"	RelError: 1.87581e-03	AbsError: 8.12667e-04
      Equation: "PotentialEquation"	RelError: 1.87581e-03	AbsError: 8.12667e-04
Iteration: 2
  Device: "part1_baseline"	RelError: 8.01557e-03	AbsError: 1.45456e+13
    Region: "bulk"	RelError: 8.00744e-03	AbsError: 1.45456e+13
      Equation: "ElectronContinuityEquation"	RelError: 3.82849e-04	AbsError: 1.45059e+13
      Equation: "HoleContinuityEquation"	RelError: 3.29746e-03	AbsError: 3.96486e+10
      Equation: "PotentialEquation"	RelError: 4.32713e-03	AbsError: 4.12039e-06
    Region: "oxide"	RelError: 8.13518e-06	AbsError: 3.69840e-06
      Equation: "PotentialEquation"	RelError: 8.13518e-06	AbsError: 3.69840e-06
Iteration: 3
  Device: "part1_baseline"	RelError: 1.62869e-07	AbsError: 4.73137e+08
    Region: "bulk"	RelError: 1.62653e-07	AbsError: 4.73137e+08
      Equation: "ElectronContinuityEquation"	RelError: 1.04289e-08	AbsError: 4.72506e+08
      Equation: "HoleContinuityEquation"	RelError: 8.85457e-08	AbsError: 6.31187e+05
      Equation: "PotentialEquation"	RelError: 6.36778e-08	AbsError: 1.07873e-10
    Region: "oxide"	RelError: 2.16532e-10	AbsError: 9.84395e-11
      Equation: "PotentialEquation"	RelError: 2.16532e-10	AbsError: 9.84395e-11
number of equations 8953
Iteration: 0
  Device: "part1_baseline"	RelError: 1.99001e+01	AbsError: 8.54789e+16
    Region: "bulk"	RelError: 1.98690e+01	AbsError: 8.54789e+16
      Equation: "ElectronContinuityEquation"	RelError: 3.30008e-01	AbsError: 8.53611e+16
      Equation: "HoleContinuityEquation"	RelError: 8.99609e-01	AbsError: 1.17822e+14
      Equation: "PotentialEquation"	RelError: 1.86394e+01	AbsError: 1.29966e-02
    Region: "oxide"	RelError: 3.10983e-02	AbsError: 2.00000e-02
      Equation: "PotentialEquation"	RelError: 3.10983e-02	AbsError: 2.00000e-02
Iteration: 1
  Device: "part1_baseline"	RelError: 7.24560e+01	AbsError: 5.59982e+15
    Region: "bulk"	RelError: 7.24541e+01	AbsError: 5.59982e+15
      Equation: "ElectronContinuityEquation"	RelError: 5.80165e-02	AbsError: 5.58940e+15
      Equation: "HoleContinuityEquation"	RelError: 1.79053e-01	AbsError: 1.04270e+13
      Equation: "PotentialEquation"	RelError: 7.22170e+01	AbsError: 9.31932e-04
    Region: "oxide"	RelError: 1.90578e-03	AbsError: 8.58027e-04
      Equation: "PotentialEquation"	RelError: 1.90578e-03	AbsError: 8.58027e-04
Iteration: 2
  Device: "part1_baseline"	RelError: 2.53103e-01	AbsError: 1.82712e+13
    Region: "bulk"	RelError: 2.53094e-01	AbsError: 1.82712e+13
      Equation: "ElectronContinuityEquation"	RelError: 3.14552e-04	AbsError: 1.82282e+13
      Equation: "HoleContinuityEquation"	RelError: 1.62367e-03	AbsError: 4.30390e+10
      Equation: "PotentialEquation"	RelError: 2.51155e-01	AbsError: 4.86666e-06
    Region: "oxide"	RelError: 9.61101e-06	AbsError: 4.37080e-06
      Equation: "PotentialEquation"	RelError: 9.61101e-06	AbsError: 4.37080e-06
Iteration: 3
  Device: "part1_baseline"	RelError: 6.66739e-06	AbsError: 6.94939e+08
    Region: "bulk"	RelError: 6.66707e-06	AbsError: 6.94939e+08
      Equation: "ElectronContinuityEquation"	RelError: 1.12780e-08	AbsError: 6.93935e+08
      Equation: "HoleContinuityEquation"	RelError: 5.81391e-08	AbsError: 1.00426e+06
      Equation: "PotentialEquation"	RelError: 6.59766e-06	AbsError: 1.62087e-10
    Region: "oxide"	RelError: 3.21835e-10	AbsError: 1.46708e-10
      Equation: "PotentialEquation"	RelError: 3.21835e-10	AbsError: 1.46708e-10
Iteration: 4
  Device: "part1_baseline"	RelError: 6.10341e-15	AbsError: 9.76026e-01
    Region: "bulk"	RelError: 6.10303e-15	AbsError: 9.76026e-01
      Equation: "ElectronContinuityEquation"	RelError: 1.43582e-17	AbsError: 9.75293e-01
      Equation: "HoleContinuityEquation"	RelError: 6.26772e-17	AbsError: 7.33807e-04
      Equation: "PotentialEquation"	RelError: 6.02599e-15	AbsError: 1.91254e-19
    Region: "oxide"	RelError: 3.86012e-19	AbsError: 1.76116e-19
      Equation: "PotentialEquation"	RelError: 3.86012e-19	AbsError: 1.76116e-19
number of equations 8953
Iteration: 0
  Device: "part1_baseline"	RelError: 4.35199e+01	AbsError: 9.25306e+16
    Region: "bulk"	RelError: 4.34897e+01	AbsError: 9.25306e+16
      Equation: "ElectronContinuityEquation"	RelError: 2.99696e-01	AbsError: 9.24332e+16
      Equation: "HoleContinuityEquation"	RelError: 7.03304e-01	AbsError: 9.74194e+13
      Equation: "PotentialEquation"	RelError: 4.24867e+01	AbsError: 1.13024e-02
    Region: "oxide"	RelError: 3.01604e-02	AbsError: 2.00000e-02
      Equation: "PotentialEquation"	RelError: 3.01604e-02	AbsError: 2.00000e-02
Iteration: 1
  Device: "part1_baseline"	RelError: 1.59203e+00	AbsError: 5.84806e+15
    Region: "bulk"	RelError: 1.59027e+00	AbsError: 5.84806e+15
      Equation: "ElectronContinuityEquation"	RelError: 4.06918e-02	AbsError: 5.83896e+15
      Equation: "HoleContinuityEquation"	RelError: 1.37482e-01	AbsError: 9.10273e+12
      Equation: "PotentialEquation"	RelError: 1.41209e+00	AbsError: 8.72045e-04
    Region: "oxide"	RelError: 1.76177e-03	AbsError: 8.10252e-04
      Equation: "PotentialEquation"	RelError: 1.76177e-03	AbsError: 8.10252e-04
Iteration: 2
  Device: "part1_baseline"	RelError: 3.86412e-03	AbsError: 1.72881e+13
    Region: "bulk"	RelError: 3.85585e-03	AbsError: 1.72881e+13
      Equation: "ElectronContinuityEquation"	RelError: 1.87111e-04	AbsError: 1.72529e+13
      Equation: "HoleContinuityEquation"	RelError: 7.56154e-04	AbsError: 3.51569e+10
      Equation: "PotentialEquation"	RelError: 2.91258e-03	AbsError: 4.22969e-06
    Region: "oxide"	RelError: 8.26628e-06	AbsError: 3.81855e-06
      Equation: "PotentialEquation"	RelError: 8.26628e-06	AbsError: 3.81855e-06
Iteration: 3
  Device: "part1_baseline"	RelError: 5.61390e-08	AbsError: 5.31142e+08
    Region: "bulk"	RelError: 5.59090e-08	AbsError: 5.31142e+08
      Equation: "ElectronContinuityEquation"	RelError: 5.73900e-09	AbsError: 5.30446e+08
      Equation: "HoleContinuityEquation"	RelError: 2.13335e-08	AbsError: 6.95600e+05
      Equation: "PotentialEquation"	RelError: 2.88365e-08	AbsError: 1.17220e-10
    Region: "oxide"	RelError: 2.29967e-10	AbsError: 1.06669e-10
      Equation: "PotentialEquation"	RelError: 2.29967e-10	AbsError: 1.06669e-10
number of equations 8953
Iteration: 0
  Device: "part1_baseline"	RelError: 6.81089e+00	AbsError: 9.95870e+16
    Region: "bulk"	RelError: 6.78162e+00	AbsError: 9.95870e+16
      Equation: "ElectronContinuityEquation"	RelError: 2.69249e-01	AbsError: 9.95072e+16
      Equation: "HoleContinuityEquation"	RelError: 5.54096e-01	AbsError: 7.97918e+13
      Equation: "PotentialEquation"	RelError: 5.95827e+00	AbsError: 9.72422e-03
    Region: "oxide"	RelError: 2.92774e-02	AbsError: 2.00000e-02
      Equation: "PotentialEquation"	RelError: 2.92774e-02	AbsError: 2.00000e-02
Iteration: 1
  Device: "part1_baseline"	RelError: 4.92522e-01	AbsError: 5.71510e+15
    Region: "bulk"	RelError: 4.91019e-01	AbsError: 5.71510e+15
      Equation: "ElectronContinuityEquation"	RelError: 2.82179e-02	AbsError: 5.70760e+15
      Equation: "HoleContinuityEquation"	RelError: 1.03392e-01	AbsError: 7.50217e+12
      Equation: "PotentialEquation"	RelError: 3.59409e-01	AbsError: 7.48839e-04
    Region: "oxide"	RelError: 1.50350e-03	AbsError: 7.03844e-04
      Equation: "PotentialEquation"	RelError: 1.50350e-03	AbsError: 7.03844e-04
Iteration: 2
  Device: "part1_baseline"	RelError: 1.75647e-03	AbsError: 1.26847e+13
    Region: "bulk"	RelError: 1.75086e-03	AbsError: 1.26847e+13
      Equation: "ElectronContinuityEquation"	RelError: 9.24581e-05	AbsError: 1.26610e+13
      Equation: "HoleContinuityEquation"	RelError: 3.61046e-04	AbsError: 2.37407e+10
      Equation: "PotentialEquation"	RelError: 1.29735e-03	AbsError: 2.90460e-06
    Region: "oxide"	RelError: 5.61403e-06	AbsError: 2.63432e-06
      Equation: "PotentialEquation"	RelError: 5.61403e-06	AbsError: 2.63432e-06
Iteration: 3
  Device: "part1_baseline"	RelError: 2.81347e-08	AbsError: 2.36269e+08
    Region: "bulk"	RelError: 2.80368e-08	AbsError: 2.36269e+08
      Equation: "ElectronContinuityEquation"	RelError: 1.82155e-09	AbsError: 2.35972e+08
      Equation: "HoleContinuityEquation"	RelError: 6.02057e-09	AbsError: 2.96918e+05
      Equation: "PotentialEquation"	RelError: 2.01946e-08	AbsError: 5.05594e-11
    Region: "oxide"	RelError: 9.79519e-11	AbsError: 4.61239e-11
      Equation: "PotentialEquation"	RelError: 9.79519e-11	AbsError: 4.61239e-11
number of equations 8953
Iteration: 0
  Device: "part1_baseline"	RelError: 5.91845e+00	AbsError: 1.06611e+17
    Region: "bulk"	RelError: 5.89000e+00	AbsError: 1.06611e+17
      Equation: "ElectronContinuityEquation"	RelError: 2.41001e-01	AbsError: 1.06546e+17
      Equation: "HoleContinuityEquation"	RelError: 4.45098e-01	AbsError: 6.53647e+13
      Equation: "PotentialEquation"	RelError: 5.20390e+00	AbsError: 8.36523e-03
    Region: "oxide"	RelError: 2.84446e-02	AbsError: 2.00000e-02
      Equation: "PotentialEquation"	RelError: 2.84446e-02	AbsError: 2.00000e-02
Iteration: 1
  Device: "part1_baseline"	RelError: 7.89650e-01	AbsError: 5.40397e+15
    Region: "bulk"	RelError: 7.88424e-01	AbsError: 5.40397e+15
      Equation: "ElectronContinuityEquation"	RelError: 1.98414e-02	AbsError: 5.39798e+15
      Equation: "HoleContinuityEquation"	RelError: 7.76256e-02	AbsError: 5.98473e+12
      Equation: "PotentialEquation"	RelError: 6.90957e-01	AbsError: 6.13384e-04
    Region: "oxide"	RelError: 1.22667e-03	AbsError: 5.83288e-04
      Equation: "PotentialEquation"	RelError: 1.22667e-03	AbsError: 5.83288e-04
Iteration: 2
  Device: "part1_baseline"	RelError: 1.26755e-03	AbsError: 8.13639e+12
    Region: "bulk"	RelError: 1.26419e-03	AbsError: 8.13639e+12
      Equation: "ElectronContinuityEquation"	RelError: 6.38255e-05	AbsError: 8.12195e+12
      Equation: "HoleContinuityEquation"	RelError: 1.89263e-04	AbsError: 1.44448e+10
      Equation: "PotentialEquation"	RelError: 1.01110e-03	AbsError: 1.75725e-06
    Region: "oxide"	RelError: 3.35731e-06	AbsError: 1.60142e-06
      Equation: "PotentialEquation"	RelError: 3.35731e-06	AbsError: 1.60142e-06
Iteration: 3
  Device: "part1_baseline"	RelError: 6.35924e-09	AbsError: 7.80077e+07
    Region: "bulk"	RelError: 6.32771e-09	AbsError: 7.80077e+07
      Equation: "ElectronContinuityEquation"	RelError: 7.02253e-10	AbsError: 7.79097e+07
      Equation: "HoleContinuityEquation"	RelError: 2.21918e-09	AbsError: 9.79519e+04
      Equation: "PotentialEquation"	RelError: 3.40627e-09	AbsError: 1.64746e-11
    Region: "oxide"	RelError: 3.15363e-11	AbsError: 1.50426e-11
      Equation: "PotentialEquation"	RelError: 3.15363e-11	AbsError: 1.50426e-11
number of equations 8953
Iteration: 0
  Device: "part1_baseline"	RelError: 1.25092e+01	AbsError: 1.13570e+17
    Region: "bulk"	RelError: 1.24815e+01	AbsError: 1.13570e+17
      Equation: "ElectronContinuityEquation"	RelError: 2.15947e-01	AbsError: 1.13517e+17
      Equation: "HoleContinuityEquation"	RelError: 3.65867e-01	AbsError: 5.39258e+13
      Equation: "PotentialEquation"	RelError: 1.18997e+01	AbsError: 7.24354e-03
    Region: "oxide"	RelError: 2.76579e-02	AbsError: 2.00000e-02
      Equation: "PotentialEquation"	RelError: 2.76579e-02	AbsError: 2.00000e-02
Iteration: 1
  Device: "part1_baseline"	RelError: 5.80570e-01	AbsError: 5.05478e+15
    Region: "bulk"	RelError: 5.79587e-01	AbsError: 5.05478e+15
      Equation: "ElectronContinuityEquation"	RelError: 1.43392e-02	AbsError: 5.05007e+15
      Equation: "HoleContinuityEquation"	RelError: 5.89738e-02	AbsError: 4.71100e+12
      Equation: "PotentialEquation"	RelError: 5.06274e-01	AbsError: 4.91943e-04
    Region: "oxide"	RelError: 9.83429e-04	AbsError: 4.73826e-04
      Equation: "PotentialEquation"	RelError: 9.83429e-04	AbsError: 4.73826e-04
Iteration: 2
  Device: "part1_baseline"	RelError: 1.14858e-03	AbsError: 4.97866e+12
    Region: "bulk"	RelError: 1.14668e-03	AbsError: 4.97866e+12
      Equation: "ElectronContinuityEquation"	RelError: 4.39704e-05	AbsError: 4.97026e+12
      Equation: "HoleContinuityEquation"	RelError: 1.09559e-04	AbsError: 8.39390e+09
      Equation: "PotentialEquation"	RelError: 9.93147e-04	AbsError: 1.00128e-06
    Region: "oxide"	RelError: 1.90000e-06	AbsError: 9.16948e-07
      Equation: "PotentialEquation"	RelError: 1.90000e-06	AbsError: 9.16948e-07
Iteration: 3
  Device: "part1_baseline"	RelError: 5.32582e-09	AbsError: 2.29848e+07
    Region: "bulk"	RelError: 5.31681e-09	AbsError: 2.29848e+07
      Equation: "ElectronContinuityEquation"	RelError: 3.06149e-10	AbsError: 2.29559e+07
      Equation: "HoleContinuityEquation"	RelError: 7.58442e-10	AbsError: 2.88685e+04
      Equation: "PotentialEquation"	RelError: 4.25222e-09	AbsError: 4.76786e-12
    Region: "oxide"	RelError: 9.01522e-12	AbsError: 4.36097e-12
      Equation: "PotentialEquation"	RelError: 9.01522e-12	AbsError: 4.36097e-12
number of equations 8953
Iteration: 0
  Device: "part1_baseline"	RelError: 2.44092e+00	AbsError: 1.20435e+17
    Region: "bulk"	RelError: 2.41401e+00	AbsError: 1.20435e+17
      Equation: "ElectronContinuityEquation"	RelError: 1.94319e-01	AbsError: 1.20390e+17
      Equation: "HoleContinuityEquation"	RelError: 3.07398e-01	AbsError: 4.49110e+13
      Equation: "PotentialEquation"	RelError: 1.91229e+00	AbsError: 6.33144e-03
    Region: "oxide"	RelError: 2.69135e-02	AbsError: 2.00000e-02
      Equation: "PotentialEquation"	RelError: 2.69135e-02	AbsError: 2.00000e-02
Iteration: 1
  Device: "part1_baseline"	RelError: 2.38185e-01	AbsError: 4.72550e+15
    Region: "bulk"	RelError: 2.37398e-01	AbsError: 4.72550e+15
      Equation: "ElectronContinuityEquation"	RelError: 1.06892e-02	AbsError: 4.72179e+15
      Equation: "HoleContinuityEquation"	RelError: 4.55710e-02	AbsError: 3.70484e+12
      Equation: "PotentialEquation"	RelError: 1.81138e-01	AbsError: 3.93116e-04
    Region: "oxide"	RelError: 7.87170e-04	AbsError: 3.83452e-04
      Equation: "PotentialEquation"	RelError: 7.87170e-04	AbsError: 3.83452e-04
Iteration: 2
  Device: "part1_baseline"	RelError: 3.21084e-04	AbsError: 3.05558e+12
    Region: "bulk"	RelError: 3.20021e-04	AbsError: 3.05558e+12
      Equation: "ElectronContinuityEquation"	RelError: 2.96709e-05	AbsError: 3.05075e+12
      Equation: "HoleContinuityEquation"	RelError: 7.18902e-05	AbsError: 4.82371e+09
      Equation: "PotentialEquation"	RelError: 2.18460e-04	AbsError: 5.63658e-07
    Region: "oxide"	RelError: 1.06246e-06	AbsError: 5.18708e-07
      Equation: "PotentialEquation"	RelError: 1.06246e-06	AbsError: 5.18708e-07
Iteration: 3
  Device: "part1_baseline"	RelError: 7.66113e-10	AbsError: 6.55972e+06
    Region: "bulk"	RelError: 7.63605e-10	AbsError: 6.55972e+06
      Equation: "ElectronContinuityEquation"	RelError: 1.23845e-10	AbsError: 6.55143e+06
      Equation: "HoleContinuityEquation"	RelError: 2.56828e-10	AbsError: 8.28337e+03
      Equation: "PotentialEquation"	RelError: 3.82932e-10	AbsError: 1.33849e-12
    Region: "oxide"	RelError: 2.50833e-12	AbsError: 1.22460e-12
      Equation: "PotentialEquation"	RelError: 2.50833e-12	AbsError: 1.22460e-12
number of equations 8953
Iteration: 0
  Device: "part1_baseline"	RelError: 4.71452e+02	AbsError: 1.27180e+17
    Region: "bulk"	RelError: 4.71426e+02	AbsError: 1.27180e+17
      Equation: "ElectronContinuityEquation"	RelError: 1.75857e-01	AbsError: 1.27142e+17
      Equation: "HoleContinuityEquation"	RelError: 2.63365e-01	AbsError: 3.78049e+13
      Equation: "PotentialEquation"	RelError: 4.70987e+02	AbsError: 5.59157e-03
    Region: "oxide"	RelError: 2.62082e-02	AbsError: 2.00000e-02
      Equation: "PotentialEquation"	RelError: 2.62082e-02	AbsError: 2.00000e-02
Iteration: 1
  Device: "part1_baseline"	RelError: 1.01751e+00	AbsError: 4.43354e+15
    Region: "bulk"	RelError: 1.01688e+00	AbsError: 4.43354e+15
      Equation: "ElectronContinuityEquation"	RelError: 8.20377e-03	AbsError: 4.43060e+15
      Equation: "HoleContinuityEquation"	RelError: 3.58886e-02	AbsError: 2.93111e+12
      Equation: "PotentialEquation"	RelError: 9.72786e-01	AbsError: 3.17079e-04
    Region: "oxide"	RelError: 6.34361e-04	AbsError: 3.12177e-04
      Equation: "PotentialEquation"	RelError: 6.34361e-04	AbsError: 3.12177e-04
Iteration: 2
  Device: "part1_baseline"	RelError: 9.45333e-04	AbsError: 1.94205e+12
    Region: "bulk"	RelError: 9.44734e-04	AbsError: 1.94205e+12
      Equation: "ElectronContinuityEquation"	RelError: 2.00549e-05	AbsError: 1.93925e+12
      Equation: "HoleContinuityEquation"	RelError: 5.00095e-05	AbsError: 2.79950e+09
      Equation: "PotentialEquation"	RelError: 8.74670e-04	AbsError: 3.19106e-07
    Region: "oxide"	RelError: 5.98799e-07	AbsError: 2.95498e-07
      Equation: "PotentialEquation"	RelError: 5.98799e-07	AbsError: 2.95498e-07
Iteration: 3
  Device: "part1_baseline"	RelError: 9.48437e-10	AbsError: 1.92218e+06
    Region: "bulk"	RelError: 9.47722e-10	AbsError: 1.92218e+06
      Equation: "ElectronContinuityEquation"	RelError: 4.98116e-11	AbsError: 1.91977e+06
      Equation: "HoleContinuityEquation"	RelError: 8.96411e-11	AbsError: 2.40790e+03
      Equation: "PotentialEquation"	RelError: 8.08269e-10	AbsError: 3.85078e-13
    Region: "oxide"	RelError: 7.15455e-13	AbsError: 3.53066e-13
      Equation: "PotentialEquation"	RelError: 7.15455e-13	AbsError: 3.53066e-13
number of equations 8953
Iteration: 0
  Device: "part1_baseline"	RelError: 1.88470e+00	AbsError: 1.33784e+17
    Region: "bulk"	RelError: 1.85916e+00	AbsError: 1.33784e+17
      Equation: "ElectronContinuityEquation"	RelError: 1.60125e-01	AbsError: 1.33752e+17
      Equation: "HoleContinuityEquation"	RelError: 2.29435e-01	AbsError: 3.23036e+13
      Equation: "PotentialEquation"	RelError: 1.46960e+00	AbsError: 4.98790e-03
    Region: "oxide"	RelError: 2.55388e-02	AbsError: 2.00000e-02
      Equation: "PotentialEquation"	RelError: 2.55388e-02	AbsError: 2.00000e-02
Iteration: 1
  Device: "part1_baseline"	RelError: 1.45693e-01	AbsError: 4.17791e+15
    Region: "bulk"	RelError: 1.45175e-01	AbsError: 4.17791e+15
      Equation: "ElectronContinuityEquation"	RelError: 6.45697e-03	AbsError: 4.17557e+15
      Equation: "HoleContinuityEquation"	RelError: 2.87971e-02	AbsError: 2.34092e+12
      Equation: "PotentialEquation"	RelError: 1.09921e-01	AbsError: 2.58135e-04
    Region: "oxide"	RelError: 5.17238e-04	AbsError: 2.56802e-04
      Equation: "PotentialEquation"	RelError: 5.17238e-04	AbsError: 2.56802e-04
Iteration: 2
  Device: "part1_baseline"	RelError: 1.30271e-04	AbsError: 1.28973e+12
    Region: "bulk"	RelError: 1.29927e-04	AbsError: 1.28973e+12
      Equation: "ElectronContinuityEquation"	RelError: 1.37211e-05	AbsError: 1.28808e+12
      Equation: "HoleContinuityEquation"	RelError: 3.62929e-05	AbsError: 1.65583e+09
      Equation: "PotentialEquation"	RelError: 7.99131e-05	AbsError: 1.83684e-07
    Region: "oxide"	RelError: 3.44343e-07	AbsError: 1.71269e-07
      Equation: "PotentialEquation"	RelError: 3.44343e-07	AbsError: 1.71269e-07
Iteration: 3
  Device: "part1_baseline"	RelError: 9.86374e-11	AbsError: 5.98481e+05
    Region: "bulk"	RelError: 9.84251e-11	AbsError: 5.98481e+05
      Equation: "ElectronContinuityEquation"	RelError: 2.04013e-11	AbsError: 5.97757e+05
      Equation: "HoleContinuityEquation"	RelError: 3.26814e-11	AbsError: 7.24807e+02
      Equation: "PotentialEquation"	RelError: 4.53423e-11	AbsError: 1.15038e-13
    Region: "oxide"	RelError: 2.12304e-13	AbsError: 1.05771e-13
      Equation: "PotentialEquation"	RelError: 2.12304e-13	AbsError: 1.05771e-13
number of equations 8953
Iteration: 0
  Device: "part1_baseline"	RelError: 9.20471e+00	AbsError: 1.40233e+17
    Region: "bulk"	RelError: 9.17981e+00	AbsError: 1.40233e+17
      Equation: "ElectronContinuityEquation"	RelError: 1.46673e-01	AbsError: 1.40205e+17
      Equation: "HoleContinuityEquation"	RelError: 2.02698e-01	AbsError: 2.79762e+13
      Equation: "PotentialEquation"	RelError: 8.83044e+00	AbsError: 4.49107e-03
    Region: "oxide"	RelError: 2.49028e-02	AbsError: 2.00000e-02
      Equation: "PotentialEquation"	RelError: 2.49028e-02	AbsError: 2.00000e-02
Iteration: 1
  Device: "part1_baseline"	RelError: 1.39880e+00	AbsError: 3.95324e+15
    Region: "bulk"	RelError: 1.39837e+00	AbsError: 3.95324e+15
      Equation: "ElectronContinuityEquation"	RelError: 5.19146e-03	AbsError: 3.95135e+15
      Equation: "HoleContinuityEquation"	RelError: 2.35109e-02	AbsError: 1.89122e+12
      Equation: "PotentialEquation"	RelError: 1.36967e+00	AbsError: 2.13697e-04
    Region: "oxide"	RelError: 4.27053e-04	AbsError: 2.13697e-04
      Equation: "PotentialEquation"	RelError: 4.27053e-04	AbsError: 2.13697e-04
Iteration: 2
  Device: "part1_baseline"	RelError: 6.23211e-04	AbsError: 8.97800e+11
    Region: "bulk"	RelError: 6.23008e-04	AbsError: 8.97800e+11
      Equation: "ElectronContinuityEquation"	RelError: 9.54532e-06	AbsError: 8.96799e+11
      Equation: "HoleContinuityEquation"	RelError: 2.83579e-05	AbsError: 1.00089e+09
      Equation: "PotentialEquation"	RelError: 5.85105e-04	AbsError: 1.08167e-07
    Region: "oxide"	RelError: 2.02652e-07	AbsError: 1.01553e-07
      Equation: "PotentialEquation"	RelError: 2.02652e-07	AbsError: 1.01553e-07
Iteration: 3
  Device: "part1_baseline"	RelError: 1.45230e-10	AbsError: 1.99206e+05
    Region: "bulk"	RelError: 1.45164e-10	AbsError: 1.99206e+05
      Equation: "ElectronContinuityEquation"	RelError: 8.62103e-12	AbsError: 1.98980e+05
      Equation: "HoleContinuityEquation"	RelError: 1.25713e-11	AbsError: 2.26095e+02
      Equation: "PotentialEquation"	RelError: 1.23972e-10	AbsError: 3.59280e-14
    Region: "oxide"	RelError: 6.60066e-14	AbsError: 3.31613e-14
      Equation: "PotentialEquation"	RelError: 6.60066e-14	AbsError: 3.31613e-14
number of equations 8953
Iteration: 0
  Device: "part1_baseline"	RelError: 5.86952e+00	AbsError: 1.46511e+17
    Region: "bulk"	RelError: 5.84522e+00	AbsError: 1.46511e+17
      Equation: "ElectronContinuityEquation"	RelError: 1.35097e-01	AbsError: 1.46487e+17
      Equation: "HoleContinuityEquation"	RelError: 1.81201e-01	AbsError: 2.44354e+13
      Equation: "PotentialEquation"	RelError: 5.52892e+00	AbsError: 4.07648e-03
    Region: "oxide"	RelError: 2.42978e-02	AbsError: 2.00000e-02
      Equation: "PotentialEquation"	RelError: 2.42978e-02	AbsError: 2.00000e-02
Iteration: 1
  Device: "part1_baseline"	RelError: 2.59554e-01	AbsError: 3.75218e+15
    Region: "bulk"	RelError: 2.59197e-01	AbsError: 3.75218e+15
      Equation: "ElectronContinuityEquation"	RelError: 4.24955e-03	AbsError: 3.75063e+15
      Equation: "HoleContinuityEquation"	RelError: 1.94963e-02	AbsError: 1.54499e+12
      Equation: "PotentialEquation"	RelError: 2.35451e-01	AbsError: 1.79931e-04
    Region: "oxide"	RelError: 3.56993e-04	AbsError: 1.79931e-04
      Equation: "PotentialEquation"	RelError: 3.56993e-04	AbsError: 1.79931e-04
Iteration: 2
  Device: "part1_baseline"	RelError: 9.43154e-05	AbsError: 6.53131e+11
    Region: "bulk"	RelError: 9.41935e-05	AbsError: 6.53131e+11
      Equation: "ElectronContinuityEquation"	RelError: 6.77009e-06	AbsError: 6.52512e+11
      Equation: "HoleContinuityEquation"	RelError: 2.23256e-05	AbsError: 6.18984e+08
      Equation: "PotentialEquation"	RelError: 6.50978e-05	AbsError: 6.50893e-08
    Region: "oxide"	RelError: 1.21925e-07	AbsError: 6.15742e-08
      Equation: "PotentialEquation"	RelError: 1.21925e-07	AbsError: 6.15742e-08
Iteration: 3
  Device: "part1_baseline"	RelError: 2.09525e-11	AbsError: 7.12811e+04
    Region: "bulk"	RelError: 2.09309e-11	AbsError: 7.12811e+04
      Equation: "ElectronContinuityEquation"	RelError: 3.77672e-12	AbsError: 7.12085e+04
      Equation: "HoleContinuityEquation"	RelError: 6.53718e-12	AbsError: 7.26099e+01
      Equation: "PotentialEquation"	RelError: 1.06170e-11	AbsError: 1.17504e-14
    Region: "oxide"	RelError: 2.15698e-14	AbsError: 1.08931e-14
      Equation: "PotentialEquation"	RelError: 2.15698e-14	AbsError: 1.08931e-14
number of equations 8953
Iteration: 0
  Device: "part1_baseline"	RelError: 6.65539e+00	AbsError: 1.52611e+17
    Region: "bulk"	RelError: 6.63167e+00	AbsError: 1.52611e+17
      Equation: "ElectronContinuityEquation"	RelError: 1.25065e-01	AbsError: 1.52589e+17
      Equation: "HoleContinuityEquation"	RelError: 1.63605e-01	AbsError: 2.15108e+13
      Equation: "PotentialEquation"	RelError: 6.34300e+00	AbsError: 3.72652e-03
    Region: "oxide"	RelError: 2.37214e-02	AbsError: 2.00000e-02
      Equation: "PotentialEquation"	RelError: 2.37214e-02	AbsError: 2.00000e-02
Iteration: 1
  Device: "part1_baseline"	RelError: 2.81270e-01	AbsError: 3.56967e+15
    Region: "bulk"	RelError: 2.80968e-01	AbsError: 3.56967e+15
      Equation: "ElectronContinuityEquation"	RelError: 3.52834e-03	AbsError: 3.56839e+15
      Equation: "HoleContinuityEquation"	RelError: 1.63917e-02	AbsError: 1.27556e+12
      Equation: "PotentialEquation"	RelError: 2.61048e-01	AbsError: 1.53218e-04
    Region: "oxide"	RelError: 3.02060e-04	AbsError: 1.53218e-04
      Equation: "PotentialEquation"	RelError: 3.02060e-04	AbsError: 1.53218e-04
Iteration: 2
  Device: "part1_baseline"	RelError: 8.18037e-05	AbsError: 4.93553e+11
    Region: "bulk"	RelError: 8.17287e-05	AbsError: 4.93553e+11
      Equation: "ElectronContinuityEquation"	RelError: 4.88987e-06	AbsError: 4.93161e+11
      Equation: "HoleContinuityEquation"	RelError: 1.77098e-05	AbsError: 3.91920e+08
      Equation: "PotentialEquation"	RelError: 5.91291e-05	AbsError: 4.00930e-08
    Region: "oxide"	RelError: 7.49221e-08	AbsError: 3.80847e-08
      Equation: "PotentialEquation"	RelError: 7.49221e-08	AbsError: 3.80847e-08
Iteration: 3
  Device: "part1_baseline"	RelError: 8.37027e-12	AbsError: 2.74355e+04
    Region: "bulk"	RelError: 8.36297e-12	AbsError: 2.74355e+04
      Equation: "ElectronContinuityEquation"	RelError: 1.71581e-12	AbsError: 2.74118e+04
      Equation: "HoleContinuityEquation"	RelError: 3.70741e-12	AbsError: 2.37345e+01
      Equation: "PotentialEquation"	RelError: 2.93974e-12	AbsError: 3.97742e-15
    Region: "oxide"	RelError: 7.30507e-15	AbsError: 3.71527e-15
      Equation: "PotentialEquation"	RelError: 7.30507e-15	AbsError: 3.71527e-15
number of equations 8953
Iteration: 0
  Device: "part1_baseline"	RelError: 3.16578e+01	AbsError: 1.58525e+17
    Region: "bulk"	RelError: 3.16346e+01	AbsError: 1.58525e+17
      Equation: "ElectronContinuityEquation"	RelError: 1.16305e-01	AbsError: 1.58506e+17
      Equation: "HoleContinuityEquation"	RelError: 1.48945e-01	AbsError: 1.90726e+13
      Equation: "PotentialEquation"	RelError: 3.13694e+01	AbsError: 3.42786e-03
    Region: "oxide"	RelError: 2.31717e-02	AbsError: 2.00000e-02
      Equation: "PotentialEquation"	RelError: 2.31717e-02	AbsError: 2.00000e-02
Iteration: 1
  Device: "part1_baseline"	RelError: 6.58098e-01	AbsError: 3.40192e+15
    Region: "bulk"	RelError: 6.57840e-01	AbsError: 3.40192e+15
      Equation: "ElectronContinuityEquation"	RelError: 2.96444e-03	AbsError: 3.40086e+15
      Equation: "HoleContinuityEquation"	RelError: 1.39501e-02	AbsError: 1.06367e+12
      Equation: "PotentialEquation"	RelError: 6.40925e-01	AbsError: 1.31849e-04
    Region: "oxide"	RelError: 2.58432e-04	AbsError: 1.31849e-04
      Equation: "PotentialEquation"	RelError: 2.58432e-04	AbsError: 1.31849e-04
Iteration: 2
  Device: "part1_baseline"	RelError: 1.64078e-04	AbsError: 3.84735e+11
    Region: "bulk"	RelError: 1.64031e-04	AbsError: 3.84735e+11
      Equation: "ElectronContinuityEquation"	RelError: 3.59295e-06	AbsError: 3.84481e+11
      Equation: "HoleContinuityEquation"	RelError: 1.41564e-05	AbsError: 2.53828e+08
      Equation: "PotentialEquation"	RelError: 1.46282e-04	AbsError: 2.52021e-08
    Region: "oxide"	RelError: 4.69614e-08	AbsError: 2.39769e-08
      Equation: "PotentialEquation"	RelError: 4.69614e-08	AbsError: 2.39769e-08
Iteration: 3
  Device: "part1_baseline"	RelError: 1.00619e-11	AbsError: 1.12500e+04
    Region: "bulk"	RelError: 1.00594e-11	AbsError: 1.12500e+04
      Equation: "ElectronContinuityEquation"	RelError: 8.06925e-13	AbsError: 1.12423e+04
      Equation: "HoleContinuityEquation"	RelError: 2.16811e-12	AbsError: 7.68325e+00
      Equation: "PotentialEquation"	RelError: 7.08433e-12	AbsError: 1.37109e-15
    Region: "oxide"	RelError: 2.52901e-15	AbsError: 1.29455e-15
      Equation: "PotentialEquation"	RelError: 2.52901e-15	AbsError: 1.29455e-15
number of equations 8953
Iteration: 0
  Device: "part1_baseline"	RelError: 1.37867e+00	AbsError: 1.64250e+17
    Region: "bulk"	RelError: 1.35602e+00	AbsError: 1.64250e+17
      Equation: "ElectronContinuityEquation"	RelError: 1.08599e-01	AbsError: 1.64233e+17
      Equation: "HoleContinuityEquation"	RelError: 1.36555e-01	AbsError: 1.70217e+13
      Equation: "PotentialEquation"	RelError: 1.11087e+00	AbsError: 3.17036e-03
    Region: "oxide"	RelError: 2.26469e-02	AbsError: 2.00000e-02
      Equation: "PotentialEquation"	RelError: 2.26469e-02	AbsError: 2.00000e-02
Iteration: 1
  Device: "part1_baseline"	RelError: 7.84513e-02	AbsError: 3.24625e+15
    Region: "bulk"	RelError: 7.82280e-02	AbsError: 3.24625e+15
      Equation: "ElectronContinuityEquation"	RelError: 2.51653e-03	AbsError: 3.24535e+15
      Equation: "HoleContinuityEquation"	RelError: 1.20023e-02	AbsError: 8.95239e+11
      Equation: "PotentialEquation"	RelError: 6.37091e-02	AbsError: 1.14562e-04
    Region: "oxide"	RelError: 2.23290e-04	AbsError: 1.14562e-04
      Equation: "PotentialEquation"	RelError: 2.23290e-04	AbsError: 1.14562e-04
Iteration: 2
  Device: "part1_baseline"	RelError: 2.53204e-05	AbsError: 3.07356e+11
    Region: "bulk"	RelError: 2.52905e-05	AbsError: 3.07356e+11
      Equation: "ElectronContinuityEquation"	RelError: 2.68201e-06	AbsError: 3.07188e+11
      Equation: "HoleContinuityEquation"	RelError: 1.14031e-05	AbsError: 1.67868e+08
      Equation: "PotentialEquation"	RelError: 1.12054e-05	AbsError: 1.62242e-08
    Region: "oxide"	RelError: 2.98959e-08	AbsError: 1.53551e-08
      Equation: "PotentialEquation"	RelError: 2.98959e-08	AbsError: 1.53551e-08
Iteration: 3
  Device: "part1_baseline"	RelError: 1.98207e-12	AbsError: 4.81602e+03
    Region: "bulk"	RelError: 1.98119e-12	AbsError: 4.81602e+03
      Equation: "ElectronContinuityEquation"	RelError: 3.91751e-13	AbsError: 4.81348e+03
      Equation: "HoleContinuityEquation"	RelError: 1.30275e-12	AbsError: 2.53925e+00
      Equation: "PotentialEquation"	RelError: 2.86697e-13	AbsError: 4.71136e-16
    Region: "oxide"	RelError: 8.79093e-16	AbsError: 4.51520e-16
      Equation: "PotentialEquation"	RelError: 8.79093e-16	AbsError: 4.51520e-16
number of equations 8953
Iteration: 0
  Device: "part1_baseline"	RelError: 1.66666e+00	AbsError: 1.69783e+17
    Region: "bulk"	RelError: 1.64451e+00	AbsError: 1.69783e+17
      Equation: "ElectronContinuityEquation"	RelError: 1.01775e-01	AbsError: 1.69768e+17
      Equation: "HoleContinuityEquation"	RelError: 1.25955e-01	AbsError: 1.52820e+13
      Equation: "PotentialEquation"	RelError: 1.41678e+00	AbsError: 2.94629e-03
    Region: "oxide"	RelError: 2.21454e-02	AbsError: 2.00000e-02
      Equation: "PotentialEquation"	RelError: 2.21454e-02	AbsError: 2.00000e-02
Iteration: 1
  Device: "part1_baseline"	RelError: 8.02857e-02	AbsError: 3.10027e+15
    Region: "bulk"	RelError: 8.00911e-02	AbsError: 3.10027e+15
      Equation: "ElectronContinuityEquation"	RelError: 2.15534e-03	AbsError: 3.09951e+15
      Equation: "HoleContinuityEquation"	RelError: 1.04237e-02	AbsError: 7.62680e+11
      Equation: "PotentialEquation"	RelError: 6.75120e-02	AbsError: 1.00393e-04
    Region: "oxide"	RelError: 1.94647e-04	AbsError: 1.00393e-04
      Equation: "PotentialEquation"	RelError: 1.94647e-04	AbsError: 1.00393e-04
Iteration: 2
  Device: "part1_baseline"	RelError: 2.05595e-05	AbsError: 2.50247e+11
    Region: "bulk"	RelError: 2.05402e-05	AbsError: 2.50247e+11
      Equation: "ElectronContinuityEquation"	RelError: 2.03157e-06	AbsError: 2.50134e+11
      Equation: "HoleContinuityEquation"	RelError: 9.25471e-06	AbsError: 1.13287e+08
      Equation: "PotentialEquation"	RelError: 9.25393e-06	AbsError: 1.06439e-08
    Region: "oxide"	RelError: 1.92796e-08	AbsError: 9.95576e-09
      Equation: "PotentialEquation"	RelError: 1.92796e-08	AbsError: 9.95576e-09
Iteration: 3
  Device: "part1_baseline"	RelError: 1.11762e-12	AbsError: 2.09469e+03
    Region: "bulk"	RelError: 1.11733e-12	AbsError: 2.09469e+03
      Equation: "ElectronContinuityEquation"	RelError: 1.95738e-13	AbsError: 2.09375e+03
      Equation: "HoleContinuityEquation"	RelError: 8.03393e-13	AbsError: 9.39411e-01
      Equation: "PotentialEquation"	RelError: 1.18196e-13	AbsError: 1.54083e-16
    Region: "oxide"	RelError: 2.92869e-16	AbsError: 1.51257e-16
      Equation: "PotentialEquation"	RelError: 2.92869e-16	AbsError: 1.51257e-16
number of equations 8953
Iteration: 0
  Device: "part1_baseline"	RelError: 6.50904e+00	AbsError: 1.75125e+17
    Region: "bulk"	RelError: 6.48737e+00	AbsError: 1.75125e+17
      Equation: "ElectronContinuityEquation"	RelError: 9.57011e-02	AbsError: 1.75111e+17
      Equation: "HoleContinuityEquation"	RelError: 1.16785e-01	AbsError: 1.37956e+13
      Equation: "PotentialEquation"	RelError: 6.27488e+00	AbsError: 2.74968e-03
    Region: "oxide"	RelError: 2.16656e-02	AbsError: 2.00000e-02
      Equation: "PotentialEquation"	RelError: 2.16656e-02	AbsError: 2.00000e-02
Iteration: 1
  Device: "part1_baseline"	RelError: 4.50289e-01	AbsError: 2.96283e+15
    Region: "bulk"	RelError: 4.50118e-01	AbsError: 2.96283e+15
      Equation: "ElectronContinuityEquation"	RelError: 1.85950e-03	AbsError: 2.96218e+15
      Equation: "HoleContinuityEquation"	RelError: 9.12806e-03	AbsError: 6.55955e+11
      Equation: "PotentialEquation"	RelError: 4.39131e-01	AbsError: 8.86533e-05
    Region: "oxide"	RelError: 1.71078e-04	AbsError: 8.86533e-05
      Equation: "PotentialEquation"	RelError: 1.71078e-04	AbsError: 8.86533e-05
Iteration: 2
  Device: "part1_baseline"	RelError: 5.66250e-05	AbsError: 2.06780e+11
    Region: "bulk"	RelError: 5.66124e-05	AbsError: 2.06780e+11
      Equation: "ElectronContinuityEquation"	RelError: 1.55980e-06	AbsError: 2.06702e+11
      Equation: "HoleContinuityEquation"	RelError: 7.56589e-06	AbsError: 7.79794e+07
      Equation: "PotentialEquation"	RelError: 4.74867e-05	AbsError: 7.12163e-09
    Region: "oxide"	RelError: 1.25815e-08	AbsError: 6.51713e-09
      Equation: "PotentialEquation"	RelError: 1.25815e-08	AbsError: 6.51713e-09
Iteration: 3
  Device: "part1_baseline"	RelError: 8.64561e-13	AbsError: 8.84764e+02
    Region: "bulk"	RelError: 8.64477e-13	AbsError: 8.84764e+02
      Equation: "ElectronContinuityEquation"	RelError: 1.00348e-13	AbsError: 8.84399e+02
      Equation: "HoleContinuityEquation"	RelError: 5.10005e-13	AbsError: 3.64966e-01
      Equation: "PotentialEquation"	RelError: 2.54123e-13	AbsError: 4.36657e-17
    Region: "oxide"	RelError: 8.41274e-17	AbsError: 4.35639e-17
      Equation: "PotentialEquation"	RelError: 8.41274e-17	AbsError: 4.35639e-17
number of equations 8953
Iteration: 0
  Device: "part1_baseline"	RelError: 2.36910e+00	AbsError: 1.80276e+17
    Region: "bulk"	RelError: 2.34789e+00	AbsError: 1.80276e+17
      Equation: "ElectronContinuityEquation"	RelError: 9.02546e-02	AbsError: 1.80264e+17
      Equation: "HoleContinuityEquation"	RelError: 1.08779e-01	AbsError: 1.25185e+13
      Equation: "PotentialEquation"	RelError: 2.14886e+00	AbsError: 2.57585e-03
    Region: "oxide"	RelError: 2.12062e-02	AbsError: 2.00000e-02
      Equation: "PotentialEquation"	RelError: 2.12062e-02	AbsError: 2.00000e-02
Iteration: 1
  Device: "part1_baseline"	RelError: 1.14410e-01	AbsError: 2.83308e+15
    Region: "bulk"	RelError: 1.14258e-01	AbsError: 2.83308e+15
      Equation: "ElectronContinuityEquation"	RelError: 1.61460e-03	AbsError: 2.83251e+15
      Equation: "HoleContinuityEquation"	RelError: 8.05239e-03	AbsError: 5.67985e+11
      Equation: "PotentialEquation"	RelError: 1.04591e-01	AbsError: 7.88268e-05
    Region: "oxide"	RelError: 1.51450e-04	AbsError: 7.88268e-05
      Equation: "PotentialEquation"	RelError: 1.51450e-04	AbsError: 7.88268e-05
Iteration: 2
  Device: "part1_baseline"	RelError: 1.53164e-05	AbsError: 1.72921e+11
    Region: "bulk"	RelError: 1.53082e-05	AbsError: 1.72921e+11
      Equation: "ElectronContinuityEquation"	RelError: 1.21257e-06	AbsError: 1.72867e+11
      Equation: "HoleContinuityEquation"	RelError: 6.22846e-06	AbsError: 5.47370e+07
      Equation: "PotentialEquation"	RelError: 7.86714e-06	AbsError: 4.85971e-09
    Region: "oxide"	RelError: 8.26937e-09	AbsError: 4.30280e-09
      Equation: "PotentialEquation"	RelError: 8.26937e-09	AbsError: 4.30280e-09
Iteration: 3
  Device: "part1_baseline"	RelError: 4.18549e-13	AbsError: 5.43414e+02
    Region: "bulk"	RelError: 4.18516e-13	AbsError: 5.43414e+02
      Equation: "ElectronContinuityEquation"	RelError: 5.26361e-14	AbsError: 5.43135e+02
      Equation: "HoleContinuityEquation"	RelError: 3.61585e-13	AbsError: 2.78839e-01
      Equation: "PotentialEquation"	RelError: 4.29462e-15	AbsError: 3.11107e-17
    Region: "oxide"	RelError: 3.32337e-17	AbsError: 1.78081e-17
      Equation: "PotentialEquation"	RelError: 3.32337e-17	AbsError: 1.78081e-17
number of equations 8953
Iteration: 0
  Device: "part1_baseline"	RelError: 1.58759e+00	AbsError: 1.85240e+17
    Region: "bulk"	RelError: 1.56683e+00	AbsError: 1.85240e+17
      Equation: "ElectronContinuityEquation"	RelError: 8.53443e-02	AbsError: 1.85229e+17
      Equation: "HoleContinuityEquation"	RelError: 1.01729e-01	AbsError: 1.14111e+13
      Equation: "PotentialEquation"	RelError: 1.37976e+00	AbsError: 2.42118e-03
    Region: "oxide"	RelError: 2.07658e-02	AbsError: 2.00000e-02
      Equation: "PotentialEquation"	RelError: 2.07658e-02	AbsError: 2.00000e-02
Iteration: 1
  Device: "part1_baseline"	RelError: 6.61641e-02	AbsError: 2.70993e+15
    Region: "bulk"	RelError: 6.60292e-02	AbsError: 2.70993e+15
      Equation: "ElectronContinuityEquation"	RelError: 1.41059e-03	AbsError: 2.70943e+15
      Equation: "HoleContinuityEquation"	RelError: 7.15022e-03	AbsError: 4.94887e+11
      Equation: "PotentialEquation"	RelError: 5.74684e-02	AbsError: 7.05242e-05
    Region: "oxide"	RelError: 1.34935e-04	AbsError: 7.05242e-05
      Equation: "PotentialEquation"	RelError: 1.34935e-04	AbsError: 7.05242e-05
Iteration: 2
  Device: "part1_baseline"	RelError: 1.01234e-05	AbsError: 1.53457e+11
    Region: "bulk"	RelError: 1.01179e-05	AbsError: 1.53457e+11
      Equation: "ElectronContinuityEquation"	RelError: 9.53471e-07	AbsError: 1.53417e+11
      Equation: "HoleContinuityEquation"	RelError: 5.16151e-06	AbsError: 3.91832e+07
      Equation: "PotentialEquation"	RelError: 4.00295e-06	AbsError: 3.37739e-09
    Region: "oxide"	RelError: 5.46189e-09	AbsError: 2.85274e-09
      Equation: "PotentialEquation"	RelError: 5.46189e-09	AbsError: 2.85274e-09
Iteration: 3
  Device: "part1_baseline"	RelError: 2.90431e-13	AbsError: 4.54443e+02
    Region: "bulk"	RelError: 2.90404e-13	AbsError: 4.54443e+02
      Equation: "ElectronContinuityEquation"	RelError: 2.81763e-14	AbsError: 4.54250e+02
      Equation: "HoleContinuityEquation"	RelError: 2.57767e-13	AbsError: 1.93270e-01
      Equation: "PotentialEquation"	RelError: 4.46056e-15	AbsError: 2.54732e-17
    Region: "oxide"	RelError: 2.68777e-17	AbsError: 1.44201e-17
      Equation: "PotentialEquation"	RelError: 2.68777e-17	AbsError: 1.44201e-17
number of equations 8953
Iteration: 0
  Device: "part1_baseline"	RelError: 8.52140e+00	AbsError: 1.90020e+17
    Region: "bulk"	RelError: 8.50106e+00	AbsError: 1.90020e+17
      Equation: "ElectronContinuityEquation"	RelError: 8.08963e-02	AbsError: 1.90010e+17
      Equation: "HoleContinuityEquation"	RelError: 9.54756e-02	AbsError: 1.04449e+13
      Equation: "PotentialEquation"	RelError: 8.32469e+00	AbsError: 2.28271e-03
    Region: "oxide"	RelError: 2.03434e-02	AbsError: 2.00000e-02
      Equation: "PotentialEquation"	RelError: 2.03434e-02	AbsError: 2.00000e-02
Iteration: 1
  Device: "part1_baseline"	RelError: 3.72154e-01	AbsError: 2.59283e+15
    Region: "bulk"	RelError: 3.72033e-01	AbsError: 2.59283e+15
      Equation: "ElectronContinuityEquation"	RelError: 1.23877e-03	AbsError: 2.59239e+15
      Equation: "HoleContinuityEquation"	RelError: 6.38657e-03	AbsError: 4.33687e+11
      Equation: "PotentialEquation"	RelError: 3.64408e-01	AbsError: 6.34484e-05
    Region: "oxide"	RelError: 1.20916e-04	AbsError: 6.34484e-05
      Equation: "PotentialEquation"	RelError: 1.20916e-04	AbsError: 6.34484e-05
Iteration: 2
  Device: "part1_baseline"	RelError: 2.58746e-05	AbsError: 1.38517e+11
    Region: "bulk"	RelError: 2.58709e-05	AbsError: 1.38517e+11
      Equation: "ElectronContinuityEquation"	RelError: 7.57662e-07	AbsError: 1.38488e+11
      Equation: "HoleContinuityEquation"	RelError: 4.30423e-06	AbsError: 2.86306e+07
      Equation: "PotentialEquation"	RelError: 2.08091e-05	AbsError: 2.39610e-09
    Region: "oxide"	RelError: 3.61672e-09	AbsError: 1.89377e-09
      Equation: "PotentialEquation"	RelError: 3.61672e-09	AbsError: 1.89377e-09
Iteration: 3
  Device: "part1_baseline"	RelError: 2.47375e-13	AbsError: 3.77504e+02
    Region: "bulk"	RelError: 2.47353e-13	AbsError: 3.77504e+02
      Equation: "ElectronContinuityEquation"	RelError: 1.53582e-14	AbsError: 3.77376e+02
      Equation: "HoleContinuityEquation"	RelError: 1.84905e-13	AbsError: 1.27997e-01
      Equation: "PotentialEquation"	RelError: 4.70899e-14	AbsError: 2.06498e-17
    Region: "oxide"	RelError: 2.15900e-17	AbsError: 1.15972e-17
      Equation: "PotentialEquation"	RelError: 2.15900e-17	AbsError: 1.15972e-17
number of equations 8953
Iteration: 0
  Device: "part1_baseline"	RelError: 1.39483e+00	AbsError: 1.94621e+17
    Region: "bulk"	RelError: 1.37489e+00	AbsError: 1.94621e+17
      Equation: "ElectronContinuityEquation"	RelError: 7.68492e-02	AbsError: 1.94611e+17
      Equation: "HoleContinuityEquation"	RelError: 8.99013e-02	AbsError: 9.59719e+12
      Equation: "PotentialEquation"	RelError: 1.20814e+00	AbsError: 2.15801e-03
    Region: "oxide"	RelError: 1.99378e-02	AbsError: 2.00000e-02
      Equation: "PotentialEquation"	RelError: 1.99378e-02	AbsError: 2.00000e-02
Iteration: 1
  Device: "part1_baseline"	RelError: 5.43563e-02	AbsError: 2.48189e+15
    Region: "bulk"	RelError: 5.42473e-02	AbsError: 2.48189e+15
      Equation: "ElectronContinuityEquation"	RelError: 1.09287e-03	AbsError: 2.48151e+15
      Equation: "HoleContinuityEquation"	RelError: 5.73478e-03	AbsError: 3.82085e+11
      Equation: "PotentialEquation"	RelError: 4.74197e-02	AbsError: 5.73702e-05
    Region: "oxide"	RelError: 1.08930e-04	AbsError: 5.73702e-05
      Equation: "PotentialEquation"	RelError: 1.08930e-04	AbsError: 5.73702e-05
Iteration: 2
  Device: "part1_baseline"	RelError: 6.46041e-06	AbsError: 1.24729e+11
    Region: "bulk"	RelError: 6.45802e-06	AbsError: 1.24729e+11
      Equation: "ElectronContinuityEquation"	RelError: 6.07929e-07	AbsError: 1.24707e+11
      Equation: "HoleContinuityEquation"	RelError: 3.61066e-06	AbsError: 2.13462e+07
      Equation: "PotentialEquation"	RelError: 2.23943e-06	AbsError: 1.73644e-09
    Region: "oxide"	RelError: 2.38869e-09	AbsError: 1.25577e-09
      Equation: "PotentialEquation"	RelError: 2.38869e-09	AbsError: 1.25577e-09
Iteration: 3
  Device: "part1_baseline"	RelError: 1.46829e-13	AbsError: 3.11724e+02
    Region: "bulk"	RelError: 1.46812e-13	AbsError: 3.11724e+02
      Equation: "ElectronContinuityEquation"	RelError: 8.50828e-15	AbsError: 3.11641e+02
      Equation: "HoleContinuityEquation"	RelError: 1.33519e-13	AbsError: 8.25607e-02
      Equation: "PotentialEquation"	RelError: 4.78494e-15	AbsError: 1.66197e-17
    Region: "oxide"	RelError: 1.70590e-17	AbsError: 9.17230e-18
      Equation: "PotentialEquation"	RelError: 1.70590e-17	AbsError: 9.17230e-18
number of equations 8953
Iteration: 0
  Device: "part1_baseline"	RelError: 6.41195e+01	AbsError: 1.99046e+17
    Region: "bulk"	RelError: 6.40999e+01	AbsError: 1.99046e+17
      Equation: "ElectronContinuityEquation"	RelError: 7.31523e-02	AbsError: 1.99037e+17
      Equation: "HoleContinuityEquation"	RelError: 8.48981e-02	AbsError: 8.84950e+12
      Equation: "PotentialEquation"	RelError: 6.39419e+01	AbsError: 2.04515e-03
    Region: "oxide"	RelError: 1.95480e-02	AbsError: 2.00000e-02
      Equation: "PotentialEquation"	RelError: 1.95480e-02	AbsError: 2.00000e-02
Iteration: 1
  Device: "part1_baseline"	RelError: 1.72175e+00	AbsError: 2.37628e+15
    Region: "bulk"	RelError: 1.72166e+00	AbsError: 2.37628e+15
      Equation: "ElectronContinuityEquation"	RelError: 9.68206e-04	AbsError: 2.37594e+15
      Equation: "HoleContinuityEquation"	RelError: 5.17429e-03	AbsError: 3.38291e+11
      Equation: "PotentialEquation"	RelError: 1.71551e+00	AbsError: 5.21109e-05
    Region: "oxide"	RelError: 9.86063e-05	AbsError: 5.21109e-05
      Equation: "PotentialEquation"	RelError: 9.86063e-05	AbsError: 5.21109e-05
Iteration: 2
  Device: "part1_baseline"	RelError: 6.96968e-05	AbsError: 1.12112e+11
    Region: "bulk"	RelError: 6.96952e-05	AbsError: 1.12112e+11
      Equation: "ElectronContinuityEquation"	RelError: 4.92173e-07	AbsError: 1.12096e+11
      Equation: "HoleContinuityEquation"	RelError: 3.04584e-06	AbsError: 1.62401e+07
      Equation: "PotentialEquation"	RelError: 6.61572e-05	AbsError: 1.28461e-09
    Region: "oxide"	RelError: 1.57067e-09	AbsError: 8.26852e-10
      Equation: "PotentialEquation"	RelError: 1.57067e-09	AbsError: 8.26852e-10
Iteration: 3
  Device: "part1_baseline"	RelError: 2.36436e-13	AbsError: 2.56135e+02
    Region: "bulk"	RelError: 2.36423e-13	AbsError: 2.56135e+02
      Equation: "ElectronContinuityEquation"	RelError: 4.78395e-15	AbsError: 2.56083e+02
      Equation: "HoleContinuityEquation"	RelError: 9.70691e-14	AbsError: 5.22726e-02
      Equation: "PotentialEquation"	RelError: 1.34570e-13	AbsError: 1.33093e-17
    Region: "oxide"	RelError: 1.33157e-17	AbsError: 7.14979e-18
      Equation: "PotentialEquation"	RelError: 1.33157e-17	AbsError: 7.14979e-18
number of equations 8953
Iteration: 0
  Device: "part1_baseline"	RelError: 4.41654e+01	AbsError: 2.03302e+17
    Region: "bulk"	RelError: 4.41462e+01	AbsError: 2.03302e+17
      Equation: "ElectronContinuityEquation"	RelError: 6.97629e-02	AbsError: 2.03294e+17
      Equation: "HoleContinuityEquation"	RelError: 8.03795e-02	AbsError: 8.18682e+12
      Equation: "PotentialEquation"	RelError: 4.39961e+01	AbsError: 1.94257e-03
    Region: "oxide"	RelError: 1.91732e-02	AbsError: 2.00000e-02
      Equation: "PotentialEquation"	RelError: 1.91732e-02	AbsError: 2.00000e-02
Iteration: 1
  Device: "part1_baseline"	RelError: 2.56660e+00	AbsError: 2.27708e+15
    Region: "bulk"	RelError: 2.56651e+00	AbsError: 2.27708e+15
      Equation: "ElectronContinuityEquation"	RelError: 8.61394e-04	AbsError: 2.27678e+15
      Equation: "HoleContinuityEquation"	RelError: 4.68901e-03	AbsError: 3.00893e+11
      Equation: "PotentialEquation"	RelError: 2.56096e+00	AbsError: 4.75300e-05
    Region: "oxide"	RelError: 8.96438e-05	AbsError: 4.75300e-05
      Equation: "PotentialEquation"	RelError: 8.96438e-05	AbsError: 4.75300e-05
Iteration: 2
  Device: "part1_baseline"	RelError: 9.10792e-05	AbsError: 1.00645e+11
    Region: "bulk"	RelError: 9.10782e-05	AbsError: 1.00645e+11
      Equation: "ElectronContinuityEquation"	RelError: 4.01772e-07	AbsError: 1.00632e+11
      Equation: "HoleContinuityEquation"	RelError: 2.58297e-06	AbsError: 1.26088e+07
      Equation: "PotentialEquation"	RelError: 8.80935e-05	AbsError: 1.07679e-09
    Region: "oxide"	RelError: 1.02001e-09	AbsError: 5.38900e-10
      Equation: "PotentialEquation"	RelError: 1.02001e-09	AbsError: 5.38900e-10
Iteration: 3
  Device: "part1_baseline"	RelError: 2.92934e-13	AbsError: 2.09640e+02
    Region: "bulk"	RelError: 2.92924e-13	AbsError: 2.09640e+02
      Equation: "ElectronContinuityEquation"	RelError: 2.72764e-15	AbsError: 2.09607e+02
      Equation: "HoleContinuityEquation"	RelError: 7.10520e-14	AbsError: 3.24706e-02
      Equation: "PotentialEquation"	RelError: 2.19144e-13	AbsError: 1.06787e-17
    Region: "oxide"	RelError: 1.02247e-17	AbsError: 5.49544e-18
      Equation: "PotentialEquation"	RelError: 1.02247e-17	AbsError: 5.49544e-18
number of equations 8953
Iteration: 0
  Device: "part1_baseline"	RelError: 2.41352e+00	AbsError: 2.07395e+17
    Region: "bulk"	RelError: 2.39471e+00	AbsError: 2.07395e+17
      Equation: "ElectronContinuityEquation"	RelError: 6.66449e-02	AbsError: 2.07387e+17
      Equation: "HoleContinuityEquation"	RelError: 7.62797e-02	AbsError: 7.59684e+12
      Equation: "PotentialEquation"	RelError: 2.25179e+00	AbsError: 1.84894e-03
    Region: "oxide"	RelError: 1.88125e-02	AbsError: 2.00000e-02
      Equation: "PotentialEquation"	RelError: 1.88125e-02	AbsError: 2.00000e-02
Iteration: 1
  Device: "part1_baseline"	RelError: 9.37517e-02	AbsError: 2.18986e+15
    Region: "bulk"	RelError: 9.36699e-02	AbsError: 2.18986e+15
      Equation: "ElectronContinuityEquation"	RelError: 7.69160e-04	AbsError: 2.18960e+15
      Equation: "HoleContinuityEquation"	RelError: 4.26633e-03	AbsError: 2.68776e+11
      Equation: "PotentialEquation"	RelError: 8.86344e-02	AbsError: 4.35156e-05
    Region: "oxide"	RelError: 8.18149e-05	AbsError: 4.35156e-05
      Equation: "PotentialEquation"	RelError: 8.18149e-05	AbsError: 4.35156e-05
Iteration: 2
  Device: "part1_baseline"	RelError: 5.67915e-06	AbsError: 9.02785e+10
    Region: "bulk"	RelError: 5.67850e-06	AbsError: 9.02785e+10
      Equation: "ElectronContinuityEquation"	RelError: 3.30506e-07	AbsError: 9.02685e+10
      Equation: "HoleContinuityEquation"	RelError: 2.20138e-06	AbsError: 9.98857e+06
      Equation: "PotentialEquation"	RelError: 3.14661e-06	AbsError: 9.50310e-10
    Region: "oxide"	RelError: 6.50878e-10	AbsError: 3.44227e-10
      Equation: "PotentialEquation"	RelError: 6.50878e-10	AbsError: 3.44227e-10
Iteration: 3
  Device: "part1_baseline"	RelError: 5.63712e-14	AbsError: 1.71084e+02
    Region: "bulk"	RelError: 5.63635e-14	AbsError: 1.71084e+02
      Equation: "ElectronContinuityEquation"	RelError: 1.61128e-15	AbsError: 1.71064e+02
      Equation: "HoleContinuityEquation"	RelError: 5.23604e-14	AbsError: 1.97117e-02
      Equation: "PotentialEquation"	RelError: 2.39180e-15	AbsError: 8.58621e-18
    Region: "oxide"	RelError: 7.77909e-18	AbsError: 4.18596e-18
      Equation: "PotentialEquation"	RelError: 7.77909e-18	AbsError: 4.18596e-18
number of equations 8953
Iteration: 0
  Device: "part1_baseline"	RelError: 1.14448e+00	AbsError: 2.11329e+17
    Region: "bulk"	RelError: 1.12601e+00	AbsError: 2.11329e+17
      Equation: "ElectronContinuityEquation"	RelError: 6.37680e-02	AbsError: 2.11321e+17
      Equation: "HoleContinuityEquation"	RelError: 7.25439e-02	AbsError: 7.06937e+12
      Equation: "PotentialEquation"	RelError: 9.89698e-01	AbsError: 1.76316e-03
    Region: "oxide"	RelError: 1.84652e-02	AbsError: 2.00000e-02
      Equation: "PotentialEquation"	RelError: 1.84652e-02	AbsError: 2.00000e-02
Iteration: 1
  Device: "part1_baseline"	RelError: 3.76659e-02	AbsError: 2.10541e+15
    Region: "bulk"	RelError: 3.75910e-02	AbsError: 2.10541e+15
      Equation: "ElectronContinuityEquation"	RelError: 6.89070e-04	AbsError: 2.10517e+15
      Equation: "HoleContinuityEquation"	RelError: 3.89668e-03	AbsError: 2.41045e+11
      Equation: "PotentialEquation"	RelError: 3.30053e-02	AbsError: 3.99780e-05
    Region: "oxide"	RelError: 7.49376e-05	AbsError: 3.99780e-05
      Equation: "PotentialEquation"	RelError: 7.49376e-05	AbsError: 3.99780e-05
Iteration: 2
  Device: "part1_baseline"	RelError: 3.04091e-06	AbsError: 8.09457e+10
    Region: "bulk"	RelError: 3.04051e-06	AbsError: 8.09457e+10
      Equation: "ElectronContinuityEquation"	RelError: 2.73830e-07	AbsError: 8.09377e+10
      Equation: "HoleContinuityEquation"	RelError: 1.88501e-06	AbsError: 8.06995e+06
      Equation: "PotentialEquation"	RelError: 8.81667e-07	AbsError: 8.44071e-10
    Region: "oxide"	RelError: 4.02226e-10	AbsError: 2.13416e-10
      Equation: "PotentialEquation"	RelError: 4.02226e-10	AbsError: 2.13416e-10
Iteration: 3
  Device: "part1_baseline"	RelError: 4.14627e-14	AbsError: 1.39331e+02
    Region: "bulk"	RelError: 4.14568e-14	AbsError: 1.39331e+02
      Equation: "ElectronContinuityEquation"	RelError: 1.12939e-15	AbsError: 1.39320e+02
      Equation: "HoleContinuityEquation"	RelError: 3.88429e-14	AbsError: 1.15766e-02
      Equation: "PotentialEquation"	RelError: 1.48454e-15	AbsError: 6.89143e-18
    Region: "oxide"	RelError: 5.89694e-18	AbsError: 3.18222e-18
      Equation: "PotentialEquation"	RelError: 5.89694e-18	AbsError: 3.18222e-18
number of equations 8953
Iteration: 0
  Device: "part1_baseline"	RelError: 8.42363e+00	AbsError: 2.15110e+17
    Region: "bulk"	RelError: 8.40550e+00	AbsError: 2.15110e+17
      Equation: "ElectronContinuityEquation"	RelError: 6.11059e-02	AbsError: 2.15104e+17
      Equation: "HoleContinuityEquation"	RelError: 6.91268e-02	AbsError: 6.59592e+12
      Equation: "PotentialEquation"	RelError: 8.27526e+00	AbsError: 1.68431e-03
    Region: "oxide"	RelError: 1.81304e-02	AbsError: 2.00000e-02
      Equation: "PotentialEquation"	RelError: 1.81304e-02	AbsError: 2.00000e-02
Iteration: 1
  Device: "part1_baseline"	RelError: 2.20115e-01	AbsError: 2.02386e+15
    Region: "bulk"	RelError: 2.20046e-01	AbsError: 2.02386e+15
      Equation: "ElectronContinuityEquation"	RelError: 6.19234e-04	AbsError: 2.02364e+15
      Equation: "HoleContinuityEquation"	RelError: 3.57101e-03	AbsError: 2.16982e+11
      Equation: "PotentialEquation"	RelError: 2.15856e-01	AbsError: 3.68447e-05
    Region: "oxide"	RelError: 6.88712e-05	AbsError: 3.68447e-05
      Equation: "PotentialEquation"	RelError: 6.88712e-05	AbsError: 3.68447e-05
Iteration: 2
  Device: "part1_baseline"	RelError: 7.07977e-06	AbsError: 7.25709e+10
    Region: "bulk"	RelError: 7.07944e-06	AbsError: 7.25709e+10
      Equation: "ElectronContinuityEquation"	RelError: 2.28388e-07	AbsError: 7.25643e+10
      Equation: "HoleContinuityEquation"	RelError: 1.62132e-06	AbsError: 6.64379e+06
      Equation: "PotentialEquation"	RelError: 5.22974e-06	AbsError: 7.53765e-10
    Region: "oxide"	RelError: 3.26331e-10	AbsError: 1.81287e-10
      Equation: "PotentialEquation"	RelError: 3.26331e-10	AbsError: 1.81287e-10
Iteration: 3
  Device: "part1_baseline"	RelError: 3.63472e-14	AbsError: 1.13322e+02
    Region: "bulk"	RelError: 3.63427e-14	AbsError: 1.13322e+02
      Equation: "ElectronContinuityEquation"	RelError: 8.68275e-16	AbsError: 1.13316e+02
      Equation: "HoleContinuityEquation"	RelError: 2.90026e-14	AbsError: 6.47449e-03
      Equation: "PotentialEquation"	RelError: 6.47181e-15	AbsError: 5.52688e-18
    Region: "oxide"	RelError: 4.47829e-18	AbsError: 2.42025e-18
      Equation: "PotentialEquation"	RelError: 4.47829e-18	AbsError: 2.42025e-18
number of equations 8953
Iteration: 0
  Device: "part1_baseline"	RelError: 1.54992e+00	AbsError: 2.18746e+17
    Region: "bulk"	RelError: 1.53211e+00	AbsError: 2.18746e+17
      Equation: "ElectronContinuityEquation"	RelError: 5.86362e-02	AbsError: 2.18740e+17
      Equation: "HoleContinuityEquation"	RelError: 6.59913e-02	AbsError: 6.16941e+12
      Equation: "PotentialEquation"	RelError: 1.40748e+00	AbsError: 1.61161e-03
    Region: "oxide"	RelError: 1.78075e-02	AbsError: 2.00000e-02
      Equation: "PotentialEquation"	RelError: 1.78075e-02	AbsError: 2.00000e-02
Iteration: 1
  Device: "part1_baseline"	RelError: 5.00982e-02	AbsError: 1.94527e+15
    Region: "bulk"	RelError: 5.00347e-02	AbsError: 1.94527e+15
      Equation: "ElectronContinuityEquation"	RelError: 5.58190e-04	AbsError: 1.94507e+15
      Equation: "HoleContinuityEquation"	RelError: 3.28273e-03	AbsError: 1.96004e+11
      Equation: "PotentialEquation"	RelError: 4.61938e-02	AbsError: 3.40564e-05
    Region: "oxide"	RelError: 6.34903e-05	AbsError: 3.40564e-05
      Equation: "PotentialEquation"	RelError: 6.34903e-05	AbsError: 3.40564e-05
Iteration: 2
  Device: "part1_baseline"	RelError: 2.66145e-06	AbsError: 6.50745e+10
    Region: "bulk"	RelError: 2.66116e-06	AbsError: 6.50745e+10
      Equation: "ElectronContinuityEquation"	RelError: 1.91676e-07	AbsError: 6.50689e+10
      Equation: "HoleContinuityEquation"	RelError: 1.40040e-06	AbsError: 5.56723e+06
      Equation: "PotentialEquation"	RelError: 1.06909e-06	AbsError: 6.76215e-10
    Region: "oxide"	RelError: 2.86315e-10	AbsError: 1.59479e-10
      Equation: "PotentialEquation"	RelError: 2.86315e-10	AbsError: 1.59479e-10
Iteration: 3
  Device: "part1_baseline"	RelError: 2.39534e-14	AbsError: 9.21073e+01
    Region: "bulk"	RelError: 2.39500e-14	AbsError: 9.21073e+01
      Equation: "ElectronContinuityEquation"	RelError: 6.70065e-16	AbsError: 9.21018e+01
      Equation: "HoleContinuityEquation"	RelError: 2.17925e-14	AbsError: 5.52685e-03
      Equation: "PotentialEquation"	RelError: 1.48737e-15	AbsError: 4.43249e-18
    Region: "oxide"	RelError: 3.40658e-18	AbsError: 1.84481e-18
      Equation: "PotentialEquation"	RelError: 3.40658e-18	AbsError: 1.84481e-18
number of equations 8953
Iteration: 0
  Device: "part1_baseline"	RelError: 1.82888e+00	AbsError: 2.22241e+17
    Region: "bulk"	RelError: 1.81138e+00	AbsError: 2.22241e+17
      Equation: "ElectronContinuityEquation"	RelError: 5.63427e-02	AbsError: 2.22235e+17
      Equation: "HoleContinuityEquation"	RelError: 6.31995e-02	AbsError: 5.78386e+12
      Equation: "PotentialEquation"	RelError: 1.69184e+00	AbsError: 1.54437e-03
    Region: "oxide"	RelError: 1.74960e-02	AbsError: 2.00000e-02
      Equation: "PotentialEquation"	RelError: 1.74960e-02	AbsError: 2.00000e-02
Iteration: 1
  Device: "part1_baseline"	RelError: 5.40520e-02	AbsError: 1.86968e+15
    Region: "bulk"	RelError: 5.39933e-02	AbsError: 1.86968e+15
      Equation: "ElectronContinuityEquation"	RelError: 5.04647e-04	AbsError: 1.86950e+15
      Equation: "HoleContinuityEquation"	RelError: 3.02642e-03	AbsError: 1.77636e+11
      Equation: "PotentialEquation"	RelError: 5.04622e-02	AbsError: 3.15643e-05
    Region: "oxide"	RelError: 5.86940e-05	AbsError: 3.15643e-05
      Equation: "PotentialEquation"	RelError: 5.86940e-05	AbsError: 3.15643e-05
Iteration: 2
  Device: "part1_baseline"	RelError: 2.90379e-06	AbsError: 5.83770e+10
    Region: "bulk"	RelError: 2.90354e-06	AbsError: 5.83770e+10
      Equation: "ElectronContinuityEquation"	RelError: 1.61804e-07	AbsError: 5.83723e+10
      Equation: "HoleContinuityEquation"	RelError: 1.21443e-06	AbsError: 4.74162e+06
      Equation: "PotentialEquation"	RelError: 1.52731e-06	AbsError: 6.09036e-10
    Region: "oxide"	RelError: 2.48551e-10	AbsError: 1.38798e-10
      Equation: "PotentialEquation"	RelError: 2.48551e-10	AbsError: 1.38798e-10
Iteration: 3
  Device: "part1_baseline"	RelError: 2.03982e-14	AbsError: 7.48528e+01
    Region: "bulk"	RelError: 2.03956e-14	AbsError: 7.48528e+01
      Equation: "ElectronContinuityEquation"	RelError: 5.19093e-16	AbsError: 7.48478e+01
      Equation: "HoleContinuityEquation"	RelError: 1.64757e-14	AbsError: 4.96449e-03
      Equation: "PotentialEquation"	RelError: 3.40080e-15	AbsError: 3.55661e-18
    Region: "oxide"	RelError: 2.60426e-18	AbsError: 1.41425e-18
      Equation: "PotentialEquation"	RelError: 2.60426e-18	AbsError: 1.41425e-18
number of equations 8953
Iteration: 0
  Device: "part1_baseline"	RelError: 1.48010e+01	AbsError: 2.25601e+17
    Region: "bulk"	RelError: 1.47838e+01	AbsError: 2.25601e+17
      Equation: "ElectronContinuityEquation"	RelError: 5.42047e-02	AbsError: 2.25596e+17
      Equation: "HoleContinuityEquation"	RelError: 6.06148e-02	AbsError: 5.43420e+12
      Equation: "PotentialEquation"	RelError: 1.46690e+01	AbsError: 1.48206e-03
    Region: "oxide"	RelError: 1.71951e-02	AbsError: 2.00000e-02
      Equation: "PotentialEquation"	RelError: 1.71951e-02	AbsError: 2.00000e-02
Iteration: 1
  Device: "part1_baseline"	RelError: 3.08568e-01	AbsError: 1.79709e+15
    Region: "bulk"	RelError: 3.08513e-01	AbsError: 1.79709e+15
      Equation: "ElectronContinuityEquation"	RelError: 4.57415e-04	AbsError: 1.79693e+15
      Equation: "HoleContinuityEquation"	RelError: 2.79763e-03	AbsError: 1.61511e+11
      Equation: "PotentialEquation"	RelError: 3.05258e-01	AbsError: 2.93281e-05
    Region: "oxide"	RelError: 5.44013e-05	AbsError: 2.93281e-05
      Equation: "PotentialEquation"	RelError: 5.44013e-05	AbsError: 2.93281e-05
Iteration: 2
  Device: "part1_baseline"	RelError: 7.25984e-06	AbsError: 5.24015e+10
    Region: "bulk"	RelError: 7.25963e-06	AbsError: 5.24015e+10
      Equation: "ElectronContinuityEquation"	RelError: 1.37335e-07	AbsError: 5.23974e+10
      Equation: "HoleContinuityEquation"	RelError: 1.05715e-06	AbsError: 4.09820e+06
      Equation: "PotentialEquation"	RelError: 6.06514e-06	AbsError: 5.50408e-10
    Region: "oxide"	RelError: 2.13743e-10	AbsError: 1.19653e-10
      Equation: "PotentialEquation"	RelError: 2.13743e-10	AbsError: 1.19653e-10
Iteration: 3
  Device: "part1_baseline"	RelError: 1.93965e-14	AbsError: 6.08488e+01
    Region: "bulk"	RelError: 1.93945e-14	AbsError: 6.08488e+01
      Equation: "ElectronContinuityEquation"	RelError: 4.03691e-16	AbsError: 6.08443e+01
      Equation: "HoleContinuityEquation"	RelError: 1.25305e-14	AbsError: 4.55771e-03
      Equation: "PotentialEquation"	RelError: 6.46023e-15	AbsError: 2.85651e-18
    Region: "oxide"	RelError: 2.00393e-18	AbsError: 1.09104e-18
      Equation: "PotentialEquation"	RelError: 2.00393e-18	AbsError: 1.09104e-18
number of equations 8953
Iteration: 0
  Device: "part1_baseline"	RelError: 7.19528e+00	AbsError: 2.28833e+17
    Region: "bulk"	RelError: 7.17837e+00	AbsError: 2.28833e+17
      Equation: "ElectronContinuityEquation"	RelError: 5.22073e-02	AbsError: 2.28828e+17
      Equation: "HoleContinuityEquation"	RelError: 5.82107e-02	AbsError: 5.11612e+12
      Equation: "PotentialEquation"	RelError: 7.06795e+00	AbsError: 1.42416e-03
    Region: "oxide"	RelError: 1.69044e-02	AbsError: 2.00000e-02
      Equation: "PotentialEquation"	RelError: 1.69044e-02	AbsError: 2.00000e-02
Iteration: 1
  Device: "part1_baseline"	RelError: 2.55735e-01	AbsError: 1.72747e+15
    Region: "bulk"	RelError: 2.55685e-01	AbsError: 1.72747e+15
      Equation: "ElectronContinuityEquation"	RelError: 4.15618e-04	AbsError: 1.72733e+15
      Equation: "HoleContinuityEquation"	RelError: 2.59261e-03	AbsError: 1.47274e+11
      Equation: "PotentialEquation"	RelError: 2.52677e-01	AbsError: 2.73140e-05
    Region: "oxide"	RelError: 5.05448e-05	AbsError: 2.73140e-05
      Equation: "PotentialEquation"	RelError: 5.05448e-05	AbsError: 2.73140e-05
Iteration: 2
  Device: "part1_baseline"	RelError: 6.05777e-06	AbsError: 4.70752e+10
    Region: "bulk"	RelError: 6.05758e-06	AbsError: 4.70752e+10
      Equation: "ElectronContinuityEquation"	RelError: 1.17166e-07	AbsError: 4.70716e+10
      Equation: "HoleContinuityEquation"	RelError: 9.23572e-07	AbsError: 3.58854e+06
      Equation: "PotentialEquation"	RelError: 5.01684e-06	AbsError: 4.98916e-10
    Region: "oxide"	RelError: 1.83432e-10	AbsError: 1.02651e-10
      Equation: "PotentialEquation"	RelError: 1.83432e-10	AbsError: 1.02651e-10
Iteration: 3
  Device: "part1_baseline"	RelError: 1.13052e-14	AbsError: 4.94981e+01
    Region: "bulk"	RelError: 1.13037e-14	AbsError: 4.94981e+01
      Equation: "ElectronContinuityEquation"	RelError: 3.15161e-16	AbsError: 4.94941e+01
      Equation: "HoleContinuityEquation"	RelError: 9.58519e-15	AbsError: 4.07428e-03
      Equation: "PotentialEquation"	RelError: 1.40333e-15	AbsError: 2.29746e-18
    Region: "oxide"	RelError: 1.55024e-18	AbsError: 8.45888e-19
      Equation: "PotentialEquation"	RelError: 1.55024e-18	AbsError: 8.45888e-19
number of equations 8953
Iteration: 0
  Device: "part1_baseline"	RelError: 2.28072e+00	AbsError: 2.31941e+17
    Region: "bulk"	RelError: 2.26410e+00	AbsError: 2.31941e+17
      Equation: "ElectronContinuityEquation"	RelError: 5.03376e-02	AbsError: 2.31936e+17
      Equation: "HoleContinuityEquation"	RelError: 5.59697e-02	AbsError: 4.82595e+12
      Equation: "PotentialEquation"	RelError: 2.15779e+00	AbsError: 1.37021e-03
    Region: "oxide"	RelError: 1.66234e-02	AbsError: 2.00000e-02
      Equation: "PotentialEquation"	RelError: 1.66234e-02	AbsError: 2.00000e-02
Iteration: 1
  Device: "part1_baseline"	RelError: 5.98619e-02	AbsError: 1.66078e+15
    Region: "bulk"	RelError: 5.98149e-02	AbsError: 1.66078e+15
      Equation: "ElectronContinuityEquation"	RelError: 3.78521e-04	AbsError: 1.66065e+15
      Equation: "HoleContinuityEquation"	RelError: 2.40827e-03	AbsError: 1.34660e+11
      Equation: "PotentialEquation"	RelError: 5.70281e-02	AbsError: 2.54937e-05
    Region: "oxide"	RelError: 4.70722e-05	AbsError: 2.54937e-05
      Equation: "PotentialEquation"	RelError: 4.70722e-05	AbsError: 2.54937e-05
Iteration: 2
  Device: "part1_baseline"	RelError: 1.97135e-06	AbsError: 4.23303e+10
    Region: "bulk"	RelError: 1.97119e-06	AbsError: 4.23303e+10
      Equation: "ElectronContinuityEquation"	RelError: 1.00444e-07	AbsError: 4.23271e+10
      Equation: "HoleContinuityEquation"	RelError: 8.09643e-07	AbsError: 3.17824e+06
      Equation: "PotentialEquation"	RelError: 1.06110e-06	AbsError: 4.53444e-10
    Region: "oxide"	RelError: 1.58812e-10	AbsError: 8.90778e-11
      Equation: "PotentialEquation"	RelError: 1.58812e-10	AbsError: 8.90778e-11
Iteration: 3
  Device: "part1_baseline"	RelError: 8.32564e-15	AbsError: 4.03048e+01
    Region: "bulk"	RelError: 8.32444e-15	AbsError: 4.03048e+01
      Equation: "ElectronContinuityEquation"	RelError: 2.46992e-16	AbsError: 4.03011e+01
      Equation: "HoleContinuityEquation"	RelError: 7.37324e-15	AbsError: 3.60846e-03
      Equation: "PotentialEquation"	RelError: 7.04202e-16	AbsError: 1.85075e-18
    Region: "oxide"	RelError: 1.20689e-18	AbsError: 6.59972e-19
      Equation: "PotentialEquation"	RelError: 1.20689e-18	AbsError: 6.59972e-19
number of equations 8953
Iteration: 0
  Device: "part1_baseline"	RelError: 3.47233e+00	AbsError: 2.34931e+17
    Region: "bulk"	RelError: 3.45598e+00	AbsError: 2.34931e+17
      Equation: "ElectronContinuityEquation"	RelError: 4.85844e-02	AbsError: 2.34927e+17
      Equation: "HoleContinuityEquation"	RelError: 5.38765e-02	AbsError: 4.56052e+12
      Equation: "PotentialEquation"	RelError: 3.35352e+00	AbsError: 1.31984e-03
    Region: "oxide"	RelError: 1.63516e-02	AbsError: 2.00000e-02
      Equation: "PotentialEquation"	RelError: 1.63516e-02	AbsError: 2.00000e-02
Iteration: 1
  Device: "part1_baseline"	RelError: 8.54463e-02	AbsError: 1.59695e+15
    Region: "bulk"	RelError: 8.54024e-02	AbsError: 1.59695e+15
      Equation: "ElectronContinuityEquation"	RelError: 3.45586e-04	AbsError: 1.59682e+15
      Equation: "HoleContinuityEquation"	RelError: 2.24236e-03	AbsError: 1.23444e+11
      Equation: "PotentialEquation"	RelError: 8.28144e-02	AbsError: 2.38434e-05
    Region: "oxide"	RelError: 4.39317e-05	AbsError: 2.38434e-05
      Equation: "PotentialEquation"	RelError: 4.39317e-05	AbsError: 2.38434e-05
Iteration: 2
  Device: "part1_baseline"	RelError: 2.34696e-06	AbsError: 3.81044e+10
    Region: "bulk"	RelError: 2.34683e-06	AbsError: 3.81044e+10
      Equation: "ElectronContinuityEquation"	RelError: 8.65362e-08	AbsError: 3.81015e+10
      Equation: "HoleContinuityEquation"	RelError: 7.12092e-07	AbsError: 2.84265e+06
      Equation: "PotentialEquation"	RelError: 1.54820e-06	AbsError: 4.13100e-10
    Region: "oxide"	RelError: 1.36033e-10	AbsError: 7.64702e-11
      Equation: "PotentialEquation"	RelError: 1.36033e-10	AbsError: 7.64702e-11
Iteration: 3
  Device: "part1_baseline"	RelError: 6.59497e-15	AbsError: 3.28601e+01
    Region: "bulk"	RelError: 6.59403e-15	AbsError: 3.28601e+01
      Equation: "ElectronContinuityEquation"	RelError: 1.94309e-16	AbsError: 3.28569e+01
      Equation: "HoleContinuityEquation"	RelError: 5.70250e-15	AbsError: 3.14593e-03
      Equation: "PotentialEquation"	RelError: 6.97219e-16	AbsError: 1.49360e-18
    Region: "oxide"	RelError: 9.45517e-19	AbsError: 5.18155e-19
      Equation: "PotentialEquation"	RelError: 9.45517e-19	AbsError: 5.18155e-19
number of equations 8953
Iteration: 0
  Device: "part1_baseline"	RelError: 2.11859e+01	AbsError: 2.37809e+17
    Region: "bulk"	RelError: 2.11698e+01	AbsError: 2.37809e+17
      Equation: "ElectronContinuityEquation"	RelError: 4.69373e-02	AbsError: 2.37805e+17
      Equation: "HoleContinuityEquation"	RelError: 5.19226e-02	AbsError: 4.31710e+12
      Equation: "PotentialEquation"	RelError: 2.10709e+01	AbsError: 1.27271e-03
    Region: "oxide"	RelError: 1.60885e-02	AbsError: 2.00000e-02
      Equation: "PotentialEquation"	RelError: 1.60885e-02	AbsError: 2.00000e-02
Iteration: 1
  Device: "part1_baseline"	RelError: 3.59049e-01	AbsError: 1.53589e+15
    Region: "bulk"	RelError: 3.59008e-01	AbsError: 1.53589e+15
      Equation: "ElectronContinuityEquation"	RelError: 3.16205e-04	AbsError: 1.53578e+15
      Equation: "HoleContinuityEquation"	RelError: 2.09628e-03	AbsError: 1.13440e+11
      Equation: "PotentialEquation"	RelError: 3.56595e-01	AbsError: 2.23426e-05
    Region: "oxide"	RelError: 4.10821e-05	AbsError: 2.23426e-05
      Equation: "PotentialEquation"	RelError: 4.10821e-05	AbsError: 2.23426e-05
Iteration: 2
  Device: "part1_baseline"	RelError: 7.15578e-06	AbsError: 3.43407e+10
    Region: "bulk"	RelError: 7.15567e-06	AbsError: 3.43407e+10
      Equation: "ElectronContinuityEquation"	RelError: 7.48804e-08	AbsError: 3.43382e+10
      Equation: "HoleContinuityEquation"	RelError: 6.28323e-07	AbsError: 2.56391e+06
      Equation: "PotentialEquation"	RelError: 6.45246e-06	AbsError: 3.77158e-10
    Region: "oxide"	RelError: 1.15298e-10	AbsError: 6.49526e-11
      Equation: "PotentialEquation"	RelError: 1.15298e-10	AbsError: 6.49526e-11
Iteration: 3
  Device: "part1_baseline"	RelError: 7.55437e-15	AbsError: 2.68300e+01
    Region: "bulk"	RelError: 7.55363e-15	AbsError: 2.68300e+01
      Equation: "ElectronContinuityEquation"	RelError: 1.53440e-16	AbsError: 2.68273e+01
      Equation: "HoleContinuityEquation"	RelError: 4.43347e-15	AbsError: 2.72058e-03
      Equation: "PotentialEquation"	RelError: 2.96672e-15	AbsError: 1.20783e-18
    Region: "oxide"	RelError: 7.44800e-19	AbsError: 4.09051e-19
      Equation: "PotentialEquation"	RelError: 7.44800e-19	AbsError: 4.09051e-19
number of equations 8953
Iteration: 0
  Device: "part1_baseline"	RelError: 1.81991e+00	AbsError: 2.40579e+17
    Region: "bulk"	RelError: 1.80408e+00	AbsError: 2.40579e+17
      Equation: "ElectronContinuityEquation"	RelError: 4.53876e-02	AbsError: 2.40575e+17
      Equation: "HoleContinuityEquation"	RelError: 5.01196e-02	AbsError: 4.09332e+12
      Equation: "PotentialEquation"	RelError: 1.70857e+00	AbsError: 1.22853e-03
    Region: "oxide"	RelError: 1.58338e-02	AbsError: 2.00000e-02
      Equation: "PotentialEquation"	RelError: 1.58338e-02	AbsError: 2.00000e-02
Iteration: 1
  Device: "part1_baseline"	RelError: 4.77824e-02	AbsError: 1.47753e+15
    Region: "bulk"	RelError: 4.77439e-02	AbsError: 1.47753e+15
      Equation: "ElectronContinuityEquation"	RelError: 2.89903e-04	AbsError: 1.47743e+15
      Equation: "HoleContinuityEquation"	RelError: 1.96315e-03	AbsError: 1.04488e+11
      Equation: "PotentialEquation"	RelError: 4.54908e-02	AbsError: 2.09741e-05
    Region: "oxide"	RelError: 3.84891e-05	AbsError: 2.09741e-05
      Equation: "PotentialEquation"	RelError: 3.84891e-05	AbsError: 2.09741e-05
Iteration: 2
  Device: "part1_baseline"	RelError: 1.44504e-06	AbsError: 3.09880e+10
    Region: "bulk"	RelError: 1.44494e-06	AbsError: 3.09880e+10
      Equation: "ElectronContinuityEquation"	RelError: 6.50574e-08	AbsError: 3.09857e+10
      Equation: "HoleContinuityEquation"	RelError: 5.56228e-07	AbsError: 2.32902e+06
      Equation: "PotentialEquation"	RelError: 8.23655e-07	AbsError: 3.45023e-10
    Region: "oxide"	RelError: 9.82035e-11	AbsError: 5.52968e-11
      Equation: "PotentialEquation"	RelError: 9.82035e-11	AbsError: 5.52968e-11
Iteration: 3
  Device: "part1_baseline"	RelError: 4.01728e-15	AbsError: 2.19427e+01
    Region: "bulk"	RelError: 4.01669e-15	AbsError: 2.19427e+01
      Equation: "ElectronContinuityEquation"	RelError: 1.21619e-16	AbsError: 2.19403e+01
      Equation: "HoleContinuityEquation"	RelError: 3.46434e-15	AbsError: 2.34289e-03
      Equation: "PotentialEquation"	RelError: 4.30732e-16	AbsError: 9.78791e-19
    Region: "oxide"	RelError: 5.90074e-19	AbsError: 3.24762e-19
      Equation: "PotentialEquation"	RelError: 5.90074e-19	AbsError: 3.24762e-19
number of equations 8953
Iteration: 0
  Device: "part1_baseline"	RelError: 7.37089e-01	AbsError: 2.43246e+17
    Region: "bulk"	RelError: 7.21502e-01	AbsError: 2.43246e+17
      Equation: "ElectronContinuityEquation"	RelError: 4.39272e-02	AbsError: 2.43242e+17
      Equation: "HoleContinuityEquation"	RelError: 4.84230e-02	AbsError: 3.88712e+12
      Equation: "PotentialEquation"	RelError: 6.29152e-01	AbsError: 1.18706e-03
    Region: "oxide"	RelError: 1.55870e-02	AbsError: 2.00000e-02
      Equation: "PotentialEquation"	RelError: 1.55870e-02	AbsError: 2.00000e-02
Iteration: 1
  Device: "part1_baseline"	RelError: 1.79623e-02	AbsError: 1.42178e+15
    Region: "bulk"	RelError: 1.79261e-02	AbsError: 1.42178e+15
      Equation: "ElectronContinuityEquation"	RelError: 2.66301e-04	AbsError: 1.42168e+15
      Equation: "HoleContinuityEquation"	RelError: 1.84153e-03	AbsError: 9.64553e+10
      Equation: "PotentialEquation"	RelError: 1.58183e-02	AbsError: 1.97228e-05
    Region: "oxide"	RelError: 3.61233e-05	AbsError: 1.97228e-05
      Equation: "PotentialEquation"	RelError: 3.61233e-05	AbsError: 1.97228e-05
Iteration: 2
  Device: "part1_baseline"	RelError: 8.36018e-07	AbsError: 2.80001e+10
    Region: "bulk"	RelError: 8.35935e-07	AbsError: 2.80001e+10
      Equation: "ElectronContinuityEquation"	RelError: 5.67406e-08	AbsError: 2.79980e+10
      Equation: "HoleContinuityEquation"	RelError: 4.93792e-07	AbsError: 2.12839e+06
      Equation: "PotentialEquation"	RelError: 2.85403e-07	AbsError: 3.16342e-10
    Region: "oxide"	RelError: 8.27014e-11	AbsError: 4.66616e-11
      Equation: "PotentialEquation"	RelError: 8.27014e-11	AbsError: 4.66616e-11
number of equations 8953
Iteration: 0
  Device: "part1_baseline"	RelError: 4.82783e-01	AbsError: 2.45814e+17
    Region: "bulk"	RelError: 4.67435e-01	AbsError: 2.45814e+17
      Equation: "ElectronContinuityEquation"	RelError: 4.25489e-02	AbsError: 2.45810e+17
      Equation: "HoleContinuityEquation"	RelError: 4.68243e-02	AbsError: 3.69671e+12
      Equation: "PotentialEquation"	RelError: 3.78062e-01	AbsError: 1.14807e-03
    Region: "oxide"	RelError: 1.53478e-02	AbsError: 2.00000e-02
      Equation: "PotentialEquation"	RelError: 1.53478e-02	AbsError: 2.00000e-02
Iteration: 1
  Device: "part1_baseline"	RelError: 1.11967e-02	AbsError: 1.36852e+15
    Region: "bulk"	RelError: 1.11628e-02	AbsError: 1.36852e+15
      Equation: "ElectronContinuityEquation"	RelError: 2.48989e-04	AbsError: 1.36844e+15
      Equation: "HoleContinuityEquation"	RelError: 1.73018e-03	AbsError: 8.92263e+10
      Equation: "PotentialEquation"	RelError: 9.18360e-03	AbsError: 1.85760e-05
    Region: "oxide"	RelError: 3.39620e-05	AbsError: 1.85760e-05
      Equation: "PotentialEquation"	RelError: 3.39620e-05	AbsError: 1.85760e-05
Iteration: 2
  Device: "part1_baseline"	RelError: 6.54884e-07	AbsError: 2.53358e+10
    Region: "bulk"	RelError: 6.54815e-07	AbsError: 2.53358e+10
      Equation: "ElectronContinuityEquation"	RelError: 4.96676e-08	AbsError: 2.53338e+10
      Equation: "HoleContinuityEquation"	RelError: 4.39544e-07	AbsError: 1.95505e+06
      Equation: "PotentialEquation"	RelError: 1.65603e-07	AbsError: 2.90701e-10
    Region: "oxide"	RelError: 6.93550e-11	AbsError: 3.91113e-11
      Equation: "PotentialEquation"	RelError: 6.93550e-11	AbsError: 3.91113e-11
number of equations 8953
Iteration: 0
  Device: "part1_baseline"	RelError: 3.68217e-01	AbsError: 2.48289e+17
    Region: "bulk"	RelError: 3.53101e-01	AbsError: 2.48289e+17
      Equation: "ElectronContinuityEquation"	RelError: 4.12463e-02	AbsError: 2.48285e+17
      Equation: "HoleContinuityEquation"	RelError: 4.53159e-02	AbsError: 3.52051e+12
      Equation: "PotentialEquation"	RelError: 2.66539e-01	AbsError: 1.11135e-03
    Region: "oxide"	RelError: 1.51158e-02	AbsError: 2.00000e-02
      Equation: "PotentialEquation"	RelError: 1.51158e-02	AbsError: 2.00000e-02
Iteration: 1
  Device: "part1_baseline"	RelError: 8.17581e-03	AbsError: 1.31768e+15
    Region: "bulk"	RelError: 8.14383e-03	AbsError: 1.31768e+15
      Equation: "ElectronContinuityEquation"	RelError: 2.33587e-04	AbsError: 1.31759e+15
      Equation: "HoleContinuityEquation"	RelError: 1.62802e-03	AbsError: 8.27036e+10
      Equation: "PotentialEquation"	RelError: 6.28223e-03	AbsError: 1.75224e-05
    Region: "oxide"	RelError: 3.19805e-05	AbsError: 1.75224e-05
      Equation: "PotentialEquation"	RelError: 3.19805e-05	AbsError: 1.75224e-05
Iteration: 2
  Device: "part1_baseline"	RelError: 5.49412e-07	AbsError: 2.29582e+10
    Region: "bulk"	RelError: 5.49355e-07	AbsError: 2.29582e+10
      Equation: "ElectronContinuityEquation"	RelError: 4.36273e-08	AbsError: 2.29564e+10
      Equation: "HoleContinuityEquation"	RelError: 3.92266e-07	AbsError: 1.80383e+06
      Equation: "PotentialEquation"	RelError: 1.13461e-07	AbsError: 2.67483e-10
    Region: "oxide"	RelError: 5.75052e-11	AbsError: 3.24904e-11
      Equation: "PotentialEquation"	RelError: 5.75052e-11	AbsError: 3.24904e-11
number of equations 8953
Iteration: 0
  Device: "part1_baseline"	RelError: 3.02492e-01	AbsError: 2.50674e+17
    Region: "bulk"	RelError: 2.87601e-01	AbsError: 2.50674e+17
      Equation: "ElectronContinuityEquation"	RelError: 4.00136e-02	AbsError: 2.50671e+17
      Equation: "HoleContinuityEquation"	RelError: 4.38907e-02	AbsError: 3.35721e+12
      Equation: "PotentialEquation"	RelError: 2.03697e-01	AbsError: 1.07669e-03
    Region: "oxide"	RelError: 1.48907e-02	AbsError: 2.00000e-02
      Equation: "PotentialEquation"	RelError: 1.48907e-02	AbsError: 2.00000e-02
Iteration: 1
  Device: "part1_baseline"	RelError: 6.45163e-03	AbsError: 1.26913e+15
    Region: "bulk"	RelError: 6.42147e-03	AbsError: 1.26913e+15
      Equation: "ElectronContinuityEquation"	RelError: 2.20293e-04	AbsError: 1.26906e+15
      Equation: "HoleContinuityEquation"	RelError: 1.53410e-03	AbsError: 7.68036e+10
      Equation: "PotentialEquation"	RelError: 4.66708e-03	AbsError: 1.65525e-05
    Region: "oxide"	RelError: 3.01596e-05	AbsError: 1.65525e-05
      Equation: "PotentialEquation"	RelError: 3.01596e-05	AbsError: 1.65525e-05
Iteration: 2
  Device: "part1_baseline"	RelError: 4.73992e-07	AbsError: 2.08347e+10
    Region: "bulk"	RelError: 4.73935e-07	AbsError: 2.08347e+10
      Equation: "ElectronContinuityEquation"	RelError: 3.84482e-08	AbsError: 2.08330e+10
      Equation: "HoleContinuityEquation"	RelError: 3.50940e-07	AbsError: 1.67022e+06
      Equation: "PotentialEquation"	RelError: 8.45465e-08	AbsError: 2.46632e-10
    Region: "oxide"	RelError: 5.68094e-11	AbsError: 3.26890e-11
      Equation: "PotentialEquation"	RelError: 5.68094e-11	AbsError: 3.26890e-11
number of equations 8953
Iteration: 0
  Device: "part1_baseline"	RelError: 2.59538e-01	AbsError: 2.52974e+17
    Region: "bulk"	RelError: 2.44866e-01	AbsError: 2.52974e+17
      Equation: "ElectronContinuityEquation"	RelError: 3.88457e-02	AbsError: 2.52971e+17
      Equation: "HoleContinuityEquation"	RelError: 4.25425e-02	AbsError: 3.20580e+12
      Equation: "PotentialEquation"	RelError: 1.63478e-01	AbsError: 1.04395e-03
    Region: "oxide"	RelError: 1.46722e-02	AbsError: 2.00000e-02
      Equation: "PotentialEquation"	RelError: 1.46722e-02	AbsError: 2.00000e-02
Iteration: 1
  Device: "part1_baseline"	RelError: 5.32941e-03	AbsError: 1.22279e+15
    Region: "bulk"	RelError: 5.30092e-03	AbsError: 1.22279e+15
      Equation: "ElectronContinuityEquation"	RelError: 2.07965e-04	AbsError: 1.22272e+15
      Equation: "HoleContinuityEquation"	RelError: 1.44775e-03	AbsError: 7.14537e+10
      Equation: "PotentialEquation"	RelError: 3.64521e-03	AbsError: 1.56576e-05
    Region: "oxide"	RelError: 2.84826e-05	AbsError: 1.56576e-05
      Equation: "PotentialEquation"	RelError: 2.84826e-05	AbsError: 1.56576e-05
Iteration: 2
  Device: "part1_baseline"	RelError: 4.15062e-07	AbsError: 1.89363e+10
    Region: "bulk"	RelError: 4.15003e-07	AbsError: 1.89363e+10
      Equation: "ElectronContinuityEquation"	RelError: 3.39906e-08	AbsError: 1.89348e+10
      Equation: "HoleContinuityEquation"	RelError: 3.14714e-07	AbsError: 1.55114e+06
      Equation: "PotentialEquation"	RelError: 6.62982e-08	AbsError: 2.27712e-10
    Region: "oxide"	RelError: 5.91765e-11	AbsError: 3.41065e-11
      Equation: "PotentialEquation"	RelError: 5.91765e-11	AbsError: 3.41065e-11
number of equations 8953
Iteration: 0
  Device: "part1_baseline"	RelError: 2.29061e-01	AbsError: 2.55192e+17
    Region: "bulk"	RelError: 2.14601e-01	AbsError: 2.55192e+17
      Equation: "ElectronContinuityEquation"	RelError: 3.77377e-02	AbsError: 2.55189e+17
      Equation: "HoleContinuityEquation"	RelError: 4.12656e-02	AbsError: 3.06489e+12
      Equation: "PotentialEquation"	RelError: 1.35598e-01	AbsError: 1.01298e-03
    Region: "oxide"	RelError: 1.44600e-02	AbsError: 2.00000e-02
      Equation: "PotentialEquation"	RelError: 1.44600e-02	AbsError: 2.00000e-02
Iteration: 1
  Device: "part1_baseline"	RelError: 4.53760e-03	AbsError: 1.17856e+15
    Region: "bulk"	RelError: 4.51067e-03	AbsError: 1.17856e+15
      Equation: "ElectronContinuityEquation"	RelError: 1.96522e-04	AbsError: 1.17849e+15
      Equation: "HoleContinuityEquation"	RelError: 1.36912e-03	AbsError: 6.65917e+10
      Equation: "PotentialEquation"	RelError: 2.94502e-03	AbsError: 1.48305e-05
    Region: "oxide"	RelError: 2.69351e-05	AbsError: 1.48305e-05
      Equation: "PotentialEquation"	RelError: 2.69351e-05	AbsError: 1.48305e-05
Iteration: 2
  Device: "part1_baseline"	RelError: 3.66879e-07	AbsError: 1.72375e+10
    Region: "bulk"	RelError: 3.66818e-07	AbsError: 1.72375e+10
      Equation: "ElectronContinuityEquation"	RelError: 3.01400e-08	AbsError: 1.72360e+10
      Equation: "HoleContinuityEquation"	RelError: 2.82872e-07	AbsError: 1.44421e+06
      Equation: "PotentialEquation"	RelError: 5.38061e-08	AbsError: 2.10514e-10
    Region: "oxide"	RelError: 6.06466e-11	AbsError: 3.50089e-11
      Equation: "PotentialEquation"	RelError: 6.06466e-11	AbsError: 3.50089e-11
number of equations 8953
Iteration: 0
  Device: "part1_baseline"	RelError: 2.06175e-01	AbsError: 2.57332e+17
    Region: "bulk"	RelError: 1.91921e-01	AbsError: 2.57332e+17
      Equation: "ElectronContinuityEquation"	RelError: 3.66856e-02	AbsError: 2.57329e+17
      Equation: "HoleContinuityEquation"	RelError: 4.00548e-02	AbsError: 2.93352e+12
      Equation: "PotentialEquation"	RelError: 1.15181e-01	AbsError: 9.83656e-04
    Region: "oxide"	RelError: 1.42539e-02	AbsError: 2.00000e-02
      Equation: "PotentialEquation"	RelError: 1.42539e-02	AbsError: 2.00000e-02
Iteration: 1
  Device: "part1_baseline"	RelError: 3.94605e-03	AbsError: 1.13634e+15
    Region: "bulk"	RelError: 3.92054e-03	AbsError: 1.13634e+15
      Equation: "ElectronContinuityEquation"	RelError: 1.85889e-04	AbsError: 1.13627e+15
      Equation: "HoleContinuityEquation"	RelError: 1.29631e-03	AbsError: 6.21633e+10
      Equation: "PotentialEquation"	RelError: 2.43834e-03	AbsError: 1.40645e-05
    Region: "oxide"	RelError: 2.55061e-05	AbsError: 1.40645e-05
      Equation: "PotentialEquation"	RelError: 2.55061e-05	AbsError: 1.40645e-05
Iteration: 2
  Device: "part1_baseline"	RelError: 3.26435e-07	AbsError: 1.57154e+10
    Region: "bulk"	RelError: 3.26373e-07	AbsError: 1.57154e+10
      Equation: "ElectronContinuityEquation"	RelError: 2.68022e-08	AbsError: 1.57141e+10
      Equation: "HoleContinuityEquation"	RelError: 2.54810e-07	AbsError: 1.34755e+06
      Equation: "PotentialEquation"	RelError: 4.47611e-08	AbsError: 1.94854e-10
    Region: "oxide"	RelError: 6.13980e-11	AbsError: 3.54971e-11
      Equation: "PotentialEquation"	RelError: 6.13980e-11	AbsError: 3.54971e-11
number of equations 8953
Iteration: 0
  Device: "part1_baseline"	RelError: 1.88263e-01	AbsError: 2.59398e+17
    Region: "bulk"	RelError: 1.74210e-01	AbsError: 2.59398e+17
      Equation: "ElectronContinuityEquation"	RelError: 3.56862e-02	AbsError: 2.59395e+17
      Equation: "HoleContinuityEquation"	RelError: 3.89055e-02	AbsError: 2.81084e+12
      Equation: "PotentialEquation"	RelError: 9.96179e-02	AbsError: 9.55842e-04
    Region: "oxide"	RelError: 1.40536e-02	AbsError: 2.00000e-02
      Equation: "PotentialEquation"	RelError: 1.40536e-02	AbsError: 2.00000e-02
Iteration: 1
  Device: "part1_baseline"	RelError: 3.48578e-03	AbsError: 1.09603e+15
    Region: "bulk"	RelError: 3.46159e-03	AbsError: 1.09603e+15
      Equation: "ElectronContinuityEquation"	RelError: 1.76000e-04	AbsError: 1.09597e+15
      Equation: "HoleContinuityEquation"	RelError: 1.22877e-03	AbsError: 5.81213e+10
      Equation: "PotentialEquation"	RelError: 2.05682e-03	AbsError: 1.33538e-05
    Region: "oxide"	RelError: 2.41827e-05	AbsError: 1.33538e-05
      Equation: "PotentialEquation"	RelError: 2.41827e-05	AbsError: 1.33538e-05
Iteration: 2
  Device: "part1_baseline"	RelError: 2.91915e-07	AbsError: 1.43502e+10
    Region: "bulk"	RelError: 2.91853e-07	AbsError: 1.43502e+10
      Equation: "ElectronContinuityEquation"	RelError: 2.38994e-08	AbsError: 1.43489e+10
      Equation: "HoleContinuityEquation"	RelError: 2.30017e-07	AbsError: 1.25970e+06
      Equation: "PotentialEquation"	RelError: 3.79368e-08	AbsError: 1.80573e-10
    Region: "oxide"	RelError: 6.15760e-11	AbsError: 3.56532e-11
      Equation: "PotentialEquation"	RelError: 6.15760e-11	AbsError: 3.56532e-11
number of equations 8953
Iteration: 0
  Device: "part1_baseline"	RelError: 1.73794e-01	AbsError: 2.61393e+17
    Region: "bulk"	RelError: 1.59935e-01	AbsError: 2.61393e+17
      Equation: "ElectronContinuityEquation"	RelError: 3.47348e-02	AbsError: 2.61390e+17
      Equation: "HoleContinuityEquation"	RelError: 3.78134e-02	AbsError: 2.69611e+12
      Equation: "PotentialEquation"	RelError: 8.73865e-02	AbsError: 9.29425e-04
    Region: "oxide"	RelError: 1.38589e-02	AbsError: 2.00000e-02
      Equation: "PotentialEquation"	RelError: 1.38589e-02	AbsError: 2.00000e-02
Iteration: 1
  Device: "part1_baseline"	RelError: 3.11650e-03	AbsError: 1.05754e+15
    Region: "bulk"	RelError: 3.09355e-03	AbsError: 1.05754e+15
      Equation: "ElectronContinuityEquation"	RelError: 1.66793e-04	AbsError: 1.05748e+15
      Equation: "HoleContinuityEquation"	RelError: 1.16603e-03	AbsError: 5.44246e+10
      Equation: "PotentialEquation"	RelError: 1.76072e-03	AbsError: 1.26934e-05
    Region: "oxide"	RelError: 2.29548e-05	AbsError: 1.26934e-05
      Equation: "PotentialEquation"	RelError: 2.29548e-05	AbsError: 1.26934e-05
Iteration: 2
  Device: "part1_baseline"	RelError: 2.63983e-07	AbsError: 1.31241e+10
    Region: "bulk"	RelError: 2.63922e-07	AbsError: 1.31241e+10
      Equation: "ElectronContinuityEquation"	RelError: 2.13669e-08	AbsError: 1.31229e+10
      Equation: "HoleContinuityEquation"	RelError: 2.08059e-07	AbsError: 1.17948e+06
      Equation: "PotentialEquation"	RelError: 3.44965e-08	AbsError: 1.67529e-10
    Region: "oxide"	RelError: 6.12989e-11	AbsError: 3.55444e-11
      Equation: "PotentialEquation"	RelError: 6.12989e-11	AbsError: 3.55444e-11
number of equations 8953
Iteration: 0
  Device: "part1_baseline"	RelError: 1.61811e-01	AbsError: 2.63319e+17
    Region: "bulk"	RelError: 1.48142e-01	AbsError: 2.63319e+17
      Equation: "ElectronContinuityEquation"	RelError: 3.38284e-02	AbsError: 2.63317e+17
      Equation: "HoleContinuityEquation"	RelError: 3.67746e-02	AbsError: 2.58863e+12
      Equation: "PotentialEquation"	RelError: 7.75390e-02	AbsError: 9.04314e-04
    Region: "oxide"	RelError: 1.36694e-02	AbsError: 2.00000e-02
      Equation: "PotentialEquation"	RelError: 1.36694e-02	AbsError: 2.00000e-02
Iteration: 1
  Device: "part1_baseline"	RelError: 2.81308e-03	AbsError: 1.02079e+15
    Region: "bulk"	RelError: 2.79126e-03	AbsError: 1.02079e+15
      Equation: "ElectronContinuityEquation"	RelError: 1.58212e-04	AbsError: 1.02074e+15
      Equation: "HoleContinuityEquation"	RelError: 1.10767e-03	AbsError: 5.10372e+10
      Equation: "PotentialEquation"	RelError: 1.52538e-03	AbsError: 1.20788e-05
    Region: "oxide"	RelError: 2.18136e-05	AbsError: 1.20788e-05
      Equation: "PotentialEquation"	RelError: 2.18136e-05	AbsError: 1.20788e-05
Iteration: 2
  Device: "part1_baseline"	RelError: 2.41561e-07	AbsError: 1.20215e+10
    Region: "bulk"	RelError: 2.41501e-07	AbsError: 1.20215e+10
      Equation: "ElectronContinuityEquation"	RelError: 1.91507e-08	AbsError: 1.20204e+10
      Equation: "HoleContinuityEquation"	RelError: 1.88566e-07	AbsError: 1.10591e+06
      Equation: "PotentialEquation"	RelError: 3.37842e-08	AbsError: 1.55599e-10
    Region: "oxide"	RelError: 6.06633e-11	AbsError: 3.52257e-11
      Equation: "PotentialEquation"	RelError: 6.06633e-11	AbsError: 3.52257e-11
number of equations 8953
Iteration: 0
  Device: "part1_baseline"	RelError: 1.51689e-01	AbsError: 2.65181e+17
    Region: "bulk"	RelError: 1.38204e-01	AbsError: 2.65181e+17
      Equation: "ElectronContinuityEquation"	RelError: 3.29639e-02	AbsError: 2.65179e+17
      Equation: "HoleContinuityEquation"	RelError: 3.57855e-02	AbsError: 2.48782e+12
      Equation: "PotentialEquation"	RelError: 6.94544e-02	AbsError: 8.80440e-04
    Region: "oxide"	RelError: 1.34851e-02	AbsError: 2.00000e-02
      Equation: "PotentialEquation"	RelError: 1.34851e-02	AbsError: 2.00000e-02
Iteration: 1
  Device: "part1_baseline"	RelError: 2.55895e-03	AbsError: 9.85685e+14
    Region: "bulk"	RelError: 2.53820e-03	AbsError: 9.85685e+14
      Equation: "ElectronContinuityEquation"	RelError: 1.50207e-04	AbsError: 9.85637e+14
      Equation: "HoleContinuityEquation"	RelError: 1.05331e-03	AbsError: 4.79274e+10
      Equation: "PotentialEquation"	RelError: 1.33468e-03	AbsError: 1.15059e-05
    Region: "oxide"	RelError: 2.07514e-05	AbsError: 1.15059e-05
      Equation: "PotentialEquation"	RelError: 2.07514e-05	AbsError: 1.15059e-05
Iteration: 2
  Device: "part1_baseline"	RelError: 2.21619e-07	AbsError: 1.10288e+10
    Region: "bulk"	RelError: 2.21559e-07	AbsError: 1.10288e+10
      Equation: "ElectronContinuityEquation"	RelError: 1.72057e-08	AbsError: 1.10277e+10
      Equation: "HoleContinuityEquation"	RelError: 1.71222e-07	AbsError: 1.03823e+06
      Equation: "PotentialEquation"	RelError: 3.31308e-08	AbsError: 1.44672e-10
    Region: "oxide"	RelError: 5.97477e-11	AbsError: 3.47420e-11
      Equation: "PotentialEquation"	RelError: 5.97477e-11	AbsError: 3.47420e-11
number of equations 8953
Iteration: 0
  Device: "part1_baseline"	RelError: 1.42997e-01	AbsError: 2.66981e+17
    Region: "bulk"	RelError: 1.29691e-01	AbsError: 2.66981e+17
      Equation: "ElectronContinuityEquation"	RelError: 3.21386e-02	AbsError: 2.66979e+17
      Equation: "HoleContinuityEquation"	RelError: 3.48428e-02	AbsError: 2.39311e+12
      Equation: "PotentialEquation"	RelError: 6.27095e-02	AbsError: 8.57690e-04
    Region: "oxide"	RelError: 1.33056e-02	AbsError: 2.00000e-02
      Equation: "PotentialEquation"	RelError: 1.33056e-02	AbsError: 2.00000e-02
Iteration: 1
  Device: "part1_baseline"	RelError: 2.34278e-03	AbsError: 9.52151e+14
    Region: "bulk"	RelError: 2.32302e-03	AbsError: 9.52151e+14
      Equation: "ElectronContinuityEquation"	RelError: 1.42733e-04	AbsError: 9.52106e+14
      Equation: "HoleContinuityEquation"	RelError: 1.00260e-03	AbsError: 4.50675e+10
      Equation: "PotentialEquation"	RelError: 1.17769e-03	AbsError: 1.09710e-05
    Region: "oxide"	RelError: 1.97619e-05	AbsError: 1.09710e-05
      Equation: "PotentialEquation"	RelError: 1.97619e-05	AbsError: 1.09710e-05
Iteration: 2
  Device: "part1_baseline"	RelError: 2.03921e-07	AbsError: 1.01337e+10
    Region: "bulk"	RelError: 2.03863e-07	AbsError: 1.01337e+10
      Equation: "ElectronContinuityEquation"	RelError: 1.54939e-08	AbsError: 1.01327e+10
      Equation: "HoleContinuityEquation"	RelError: 1.55835e-07	AbsError: 9.75770e+05
      Equation: "PotentialEquation"	RelError: 3.25334e-08	AbsError: 1.34653e-10
    Region: "oxide"	RelError: 5.86165e-11	AbsError: 3.41301e-11
      Equation: "PotentialEquation"	RelError: 5.86165e-11	AbsError: 3.41301e-11
number of equations 8953
Iteration: 0
  Device: "part1_baseline"	RelError: 1.35430e-01	AbsError: 2.68721e+17
    Region: "bulk"	RelError: 1.22299e-01	AbsError: 2.68721e+17
      Equation: "ElectronContinuityEquation"	RelError: 3.13500e-02	AbsError: 2.68719e+17
      Equation: "HoleContinuityEquation"	RelError: 3.39435e-02	AbsError: 2.30404e+12
      Equation: "PotentialEquation"	RelError: 5.70056e-02	AbsError: 8.35993e-04
    Region: "oxide"	RelError: 1.31309e-02	AbsError: 2.00000e-02
      Equation: "PotentialEquation"	RelError: 1.31309e-02	AbsError: 2.00000e-02
Iteration: 1
  Device: "part1_baseline"	RelError: 2.15653e-03	AbsError: 9.20107e+14
    Region: "bulk"	RelError: 2.13769e-03	AbsError: 9.20107e+14
      Equation: "ElectronContinuityEquation"	RelError: 1.35748e-04	AbsError: 9.20065e+14
      Equation: "HoleContinuityEquation"	RelError: 9.55244e-04	AbsError: 4.24328e+10
      Equation: "PotentialEquation"	RelError: 1.04670e-03	AbsError: 1.04710e-05
    Region: "oxide"	RelError: 1.88387e-05	AbsError: 1.04710e-05
      Equation: "PotentialEquation"	RelError: 1.88387e-05	AbsError: 1.04710e-05
Iteration: 2
  Device: "part1_baseline"	RelError: 1.88123e-07	AbsError: 9.32553e+09
    Region: "bulk"	RelError: 1.88065e-07	AbsError: 9.32553e+09
      Equation: "ElectronContinuityEquation"	RelError: 1.39834e-08	AbsError: 9.32461e+09
      Equation: "HoleContinuityEquation"	RelError: 1.42092e-07	AbsError: 9.17985e+05
      Equation: "PotentialEquation"	RelError: 3.19896e-08	AbsError: 1.25453e-10
    Region: "oxide"	RelError: 5.73219e-11	AbsError: 3.34201e-11
      Equation: "PotentialEquation"	RelError: 5.73219e-11	AbsError: 3.34201e-11
number of equations 8953
Iteration: 0
  Device: "part1_baseline"	RelError: 1.28767e-01	AbsError: 2.70405e+17
    Region: "bulk"	RelError: 1.15807e-01	AbsError: 2.70405e+17
      Equation: "ElectronContinuityEquation"	RelError: 3.05960e-02	AbsError: 2.70403e+17
      Equation: "HoleContinuityEquation"	RelError: 3.30849e-02	AbsError: 2.22015e+12
      Equation: "PotentialEquation"	RelError: 5.21259e-02	AbsError: 8.15286e-04
    Region: "oxide"	RelError: 1.29607e-02	AbsError: 2.00000e-02
      Equation: "PotentialEquation"	RelError: 1.29607e-02	AbsError: 2.00000e-02
Iteration: 1
  Device: "part1_baseline"	RelError: 2.01377e-03	AbsError: 8.89480e+14
    Region: "bulk"	RelError: 1.99579e-03	AbsError: 8.89480e+14
      Equation: "ElectronContinuityEquation"	RelError: 1.29212e-04	AbsError: 8.89440e+14
      Equation: "HoleContinuityEquation"	RelError: 9.10958e-04	AbsError: 4.00016e+10
      Equation: "PotentialEquation"	RelError: 9.55623e-04	AbsError: 1.00030e-05
    Region: "oxide"	RelError: 1.79756e-05	AbsError: 1.00030e-05
      Equation: "PotentialEquation"	RelError: 1.79756e-05	AbsError: 1.00030e-05
Iteration: 2
  Device: "part1_baseline"	RelError: 1.73976e-07	AbsError: 8.59487e+09
    Region: "bulk"	RelError: 1.73920e-07	AbsError: 8.59487e+09
      Equation: "ElectronContinuityEquation"	RelError: 1.26470e-08	AbsError: 8.59401e+09
      Equation: "HoleContinuityEquation"	RelError: 1.29775e-07	AbsError: 8.64433e+05
      Equation: "PotentialEquation"	RelError: 3.14979e-08	AbsError: 1.16996e-10
    Region: "oxide"	RelError: 5.59066e-11	AbsError: 3.26367e-11
      Equation: "PotentialEquation"	RelError: 5.59066e-11	AbsError: 3.26367e-11
number of equations 8953
Iteration: 0
  Device: "part1_baseline"	RelError: 1.26469e-01	AbsError: 2.72034e+17
    Region: "bulk"	RelError: 1.13674e-01	AbsError: 2.72034e+17
      Equation: "ElectronContinuityEquation"	RelError: 2.98743e-02	AbsError: 2.72032e+17
      Equation: "HoleContinuityEquation"	RelError: 3.22644e-02	AbsError: 2.14105e+12
      Equation: "PotentialEquation"	RelError: 5.15353e-02	AbsError: 7.95521e-04
    Region: "oxide"	RelError: 1.27949e-02	AbsError: 2.00000e-02
      Equation: "PotentialEquation"	RelError: 1.27949e-02	AbsError: 2.00000e-02
Iteration: 1
  Device: "part1_baseline"	RelError: 1.95691e-03	AbsError: 8.60197e+14
    Region: "bulk"	RelError: 1.93974e-03	AbsError: 8.60197e+14
      Equation: "ElectronContinuityEquation"	RelError: 1.23090e-04	AbsError: 8.60160e+14
      Equation: "HoleContinuityEquation"	RelError: 8.69497e-04	AbsError: 3.77547e+10
      Equation: "PotentialEquation"	RelError: 9.47157e-04	AbsError: 9.56429e-06
    Region: "oxide"	RelError: 1.71676e-05	AbsError: 9.56429e-06
      Equation: "PotentialEquation"	RelError: 1.71676e-05	AbsError: 9.56429e-06
Iteration: 2
  Device: "part1_baseline"	RelError: 1.61288e-07	AbsError: 7.93335e+09
    Region: "bulk"	RelError: 1.61233e-07	AbsError: 7.93335e+09
      Equation: "ElectronContinuityEquation"	RelError: 1.14618e-08	AbsError: 7.93254e+09
      Equation: "HoleContinuityEquation"	RelError: 1.18714e-07	AbsError: 8.14732e+05
      Equation: "PotentialEquation"	RelError: 3.10570e-08	AbsError: 1.09213e-10
    Region: "oxide"	RelError: 5.44051e-11	AbsError: 3.17999e-11
      Equation: "PotentialEquation"	RelError: 5.44051e-11	AbsError: 3.17999e-11
number of equations 8953
Iteration: 0
  Device: "part1_baseline"	RelError: 1.25496e-01	AbsError: 2.73612e+17
    Region: "bulk"	RelError: 1.12863e-01	AbsError: 2.73612e+17
      Equation: "ElectronContinuityEquation"	RelError: 2.91830e-02	AbsError: 2.73610e+17
      Equation: "HoleContinuityEquation"	RelError: 3.14797e-02	AbsError: 2.06637e+12
      Equation: "PotentialEquation"	RelError: 5.21998e-02	AbsError: 7.76617e-04
    Region: "oxide"	RelError: 1.26333e-02	AbsError: 2.00000e-02
      Equation: "PotentialEquation"	RelError: 1.26333e-02	AbsError: 2.00000e-02
Iteration: 1
  Device: "part1_baseline"	RelError: 1.90485e-03	AbsError: 8.32192e+14
    Region: "bulk"	RelError: 1.88844e-03	AbsError: 8.32192e+14
      Equation: "ElectronContinuityEquation"	RelError: 1.17351e-04	AbsError: 8.32156e+14
      Equation: "HoleContinuityEquation"	RelError: 8.30635e-04	AbsError: 3.56749e+10
      Equation: "PotentialEquation"	RelError: 9.40450e-04	AbsError: 9.15262e-06
    Region: "oxide"	RelError: 1.64102e-05	AbsError: 9.15262e-06
      Equation: "PotentialEquation"	RelError: 1.64102e-05	AbsError: 9.15262e-06
Iteration: 2
  Device: "part1_baseline"	RelError: 1.49891e-07	AbsError: 7.33359e+09
    Region: "bulk"	RelError: 1.49839e-07	AbsError: 7.33359e+09
      Equation: "ElectronContinuityEquation"	RelError: 1.04081e-08	AbsError: 7.33282e+09
      Equation: "HoleContinuityEquation"	RelError: 1.08764e-07	AbsError: 7.68477e+05
      Equation: "PotentialEquation"	RelError: 3.06662e-08	AbsError: 1.02043e-10
    Region: "oxide"	RelError: 5.28457e-11	AbsError: 3.09262e-11
      Equation: "PotentialEquation"	RelError: 5.28457e-11	AbsError: 3.09262e-11
number of equations 8953
Iteration: 0
  Device: "part1_baseline"	RelError: 1.24675e-01	AbsError: 2.75139e+17
    Region: "bulk"	RelError: 1.12199e-01	AbsError: 2.75139e+17
      Equation: "ElectronContinuityEquation"	RelError: 2.85203e-02	AbsError: 2.75137e+17
      Equation: "HoleContinuityEquation"	RelError: 3.07287e-02	AbsError: 1.99578e+12
      Equation: "PotentialEquation"	RelError: 5.29501e-02	AbsError: 7.58522e-04
    Region: "oxide"	RelError: 1.24757e-02	AbsError: 2.00000e-02
      Equation: "PotentialEquation"	RelError: 1.24757e-02	AbsError: 2.00000e-02
Iteration: 1
  Device: "part1_baseline"	RelError: 1.85733e-03	AbsError: 8.05400e+14
    Region: "bulk"	RelError: 1.84163e-03	AbsError: 8.05400e+14
      Equation: "ElectronContinuityEquation"	RelError: 1.11965e-04	AbsError: 8.05366e+14
      Equation: "HoleContinuityEquation"	RelError: 7.94167e-04	AbsError: 3.37470e+10
      Equation: "PotentialEquation"	RelError: 9.35498e-04	AbsError: 8.76585e-06
    Region: "oxide"	RelError: 1.56995e-05	AbsError: 8.76585e-06
      Equation: "PotentialEquation"	RelError: 1.56995e-05	AbsError: 8.76585e-06
Iteration: 2
  Device: "part1_baseline"	RelError: 1.39643e-07	AbsError: 6.78906e+09
    Region: "bulk"	RelError: 1.39592e-07	AbsError: 6.78906e+09
      Equation: "ElectronContinuityEquation"	RelError: 9.46924e-09	AbsError: 6.78833e+09
      Equation: "HoleContinuityEquation"	RelError: 9.97974e-08	AbsError: 7.25368e+05
      Equation: "PotentialEquation"	RelError: 3.03254e-08	AbsError: 9.54305e-11
    Region: "oxide"	RelError: 5.12513e-11	AbsError: 3.00289e-11
      Equation: "PotentialEquation"	RelError: 5.12513e-11	AbsError: 3.00289e-11
number of equations 8953
Iteration: 0
  Device: "part1_baseline"	RelError: 1.24008e-01	AbsError: 2.76619e+17
    Region: "bulk"	RelError: 1.11687e-01	AbsError: 2.76619e+17
      Equation: "ElectronContinuityEquation"	RelError: 2.78846e-02	AbsError: 2.76617e+17
      Equation: "HoleContinuityEquation"	RelError: 3.00092e-02	AbsError: 1.92900e+12
      Equation: "PotentialEquation"	RelError: 5.37926e-02	AbsError: 7.41200e-04
    Region: "oxide"	RelError: 1.23219e-02	AbsError: 2.00000e-02
      Equation: "PotentialEquation"	RelError: 1.23219e-02	AbsError: 2.00000e-02
Iteration: 1
  Device: "part1_baseline"	RelError: 1.81417e-03	AbsError: 7.79760e+14
    Region: "bulk"	RelError: 1.79914e-03	AbsError: 7.79760e+14
      Equation: "ElectronContinuityEquation"	RelError: 1.06907e-04	AbsError: 7.79728e+14
      Equation: "HoleContinuityEquation"	RelError: 7.59910e-04	AbsError: 3.19573e+10
      Equation: "PotentialEquation"	RelError: 9.32318e-04	AbsError: 8.40204e-06
    Region: "oxide"	RelError: 1.50327e-05	AbsError: 8.40204e-06
      Equation: "PotentialEquation"	RelError: 1.50327e-05	AbsError: 8.40204e-06
Iteration: 2
  Device: "part1_baseline"	RelError: 1.30418e-07	AbsError: 6.29397e+09
    Region: "bulk"	RelError: 1.30368e-07	AbsError: 6.29397e+09
      Equation: "ElectronContinuityEquation"	RelError: 8.63082e-09	AbsError: 6.29328e+09
      Equation: "HoleContinuityEquation"	RelError: 9.17025e-08	AbsError: 6.85143e+05
      Equation: "PotentialEquation"	RelError: 3.00348e-08	AbsError: 8.93252e-11
    Region: "oxide"	RelError: 4.96400e-11	AbsError: 2.91188e-11
      Equation: "PotentialEquation"	RelError: 4.96400e-11	AbsError: 2.91188e-11
number of equations 8953
Iteration: 0
  Device: "part1_baseline"	RelError: 1.23501e-01	AbsError: 2.78054e+17
    Region: "bulk"	RelError: 1.11329e-01	AbsError: 2.78054e+17
      Equation: "ElectronContinuityEquation"	RelError: 2.72744e-02	AbsError: 2.78052e+17
      Equation: "HoleContinuityEquation"	RelError: 2.93196e-02	AbsError: 1.86575e+12
      Equation: "PotentialEquation"	RelError: 5.47350e-02	AbsError: 7.24605e-04
    Region: "oxide"	RelError: 1.21720e-02	AbsError: 2.00000e-02
      Equation: "PotentialEquation"	RelError: 1.21720e-02	AbsError: 2.00000e-02
Iteration: 1
  Device: "part1_baseline"	RelError: 1.77519e-03	AbsError: 7.55215e+14
    Region: "bulk"	RelError: 1.76079e-03	AbsError: 7.55215e+14
      Equation: "ElectronContinuityEquation"	RelError: 1.02152e-04	AbsError: 7.55185e+14
      Equation: "HoleContinuityEquation"	RelError: 7.27695e-04	AbsError: 3.02936e+10
      Equation: "PotentialEquation"	RelError: 9.30942e-04	AbsError: 8.05947e-06
    Region: "oxide"	RelError: 1.44054e-05	AbsError: 8.05947e-06
      Equation: "PotentialEquation"	RelError: 1.44054e-05	AbsError: 8.05947e-06
Iteration: 2
  Device: "part1_baseline"	RelError: 1.22106e-07	AbsError: 5.84320e+09
    Region: "bulk"	RelError: 1.22058e-07	AbsError: 5.84320e+09
      Equation: "ElectronContinuityEquation"	RelError: 7.88050e-09	AbsError: 5.84256e+09
      Equation: "HoleContinuityEquation"	RelError: 8.43828e-08	AbsError: 6.47566e+05
      Equation: "PotentialEquation"	RelError: 2.97951e-08	AbsError: 8.36829e-11
    Region: "oxide"	RelError: 4.80269e-11	AbsError: 2.82046e-11
      Equation: "PotentialEquation"	RelError: 4.80269e-11	AbsError: 2.82046e-11
number of equations 8953
Iteration: 0
  Device: "part1_baseline"	RelError: 1.23158e-01	AbsError: 2.79445e+17
    Region: "bulk"	RelError: 1.11132e-01	AbsError: 2.79445e+17
      Equation: "ElectronContinuityEquation"	RelError: 2.66882e-02	AbsError: 2.79443e+17
      Equation: "HoleContinuityEquation"	RelError: 2.86580e-02	AbsError: 1.80577e+12
      Equation: "PotentialEquation"	RelError: 5.57863e-02	AbsError: 7.08682e-04
    Region: "oxide"	RelError: 1.20256e-02	AbsError: 2.00000e-02
      Equation: "PotentialEquation"	RelError: 1.20256e-02	AbsError: 2.00000e-02
Iteration: 1
  Device: "part1_baseline"	RelError: 1.74028e-03	AbsError: 7.31709e+14
    Region: "bulk"	RelError: 1.72647e-03	AbsError: 7.31709e+14
      Equation: "ElectronContinuityEquation"	RelError: 9.76775e-05	AbsError: 7.31680e+14
      Equation: "HoleContinuityEquation"	RelError: 6.97369e-04	AbsError: 2.87451e+10
      Equation: "PotentialEquation"	RelError: 9.31423e-04	AbsError: 7.73655e-06
    Region: "oxide"	RelError: 1.38148e-05	AbsError: 7.73655e-06
      Equation: "PotentialEquation"	RelError: 1.38148e-05	AbsError: 7.73655e-06
Iteration: 2
  Device: "part1_baseline"	RelError: 1.14615e-07	AbsError: 5.43222e+09
    Region: "bulk"	RelError: 1.14569e-07	AbsError: 5.43222e+09
      Equation: "ElectronContinuityEquation"	RelError: 7.20765e-09	AbsError: 5.43161e+09
      Equation: "HoleContinuityEquation"	RelError: 7.77533e-08	AbsError: 6.12429e+05
      Equation: "PotentialEquation"	RelError: 2.96076e-08	AbsError: 7.84634e-11
    Region: "oxide"	RelError: 4.64235e-11	AbsError: 2.72934e-11
      Equation: "PotentialEquation"	RelError: 4.64235e-11	AbsError: 2.72934e-11
number of equations 8953
Iteration: 0
  Device: "part1_baseline"	RelError: 1.22987e-01	AbsError: 2.80793e+17
    Region: "bulk"	RelError: 1.11104e-01	AbsError: 2.80793e+17
      Equation: "ElectronContinuityEquation"	RelError: 2.61246e-02	AbsError: 2.80792e+17
      Equation: "HoleContinuityEquation"	RelError: 2.80229e-02	AbsError: 1.74885e+12
      Equation: "PotentialEquation"	RelError: 5.69569e-02	AbsError: 6.93392e-04
    Region: "oxide"	RelError: 1.18827e-02	AbsError: 2.00000e-02
      Equation: "PotentialEquation"	RelError: 1.18827e-02	AbsError: 2.00000e-02
Iteration: 1
  Device: "part1_baseline"	RelError: 1.70935e-03	AbsError: 7.09190e+14
    Region: "bulk"	RelError: 1.69609e-03	AbsError: 7.09190e+14
      Equation: "ElectronContinuityEquation"	RelError: 9.34642e-05	AbsError: 7.09163e+14
      Equation: "HoleContinuityEquation"	RelError: 6.68794e-04	AbsError: 2.73019e+10
      Equation: "PotentialEquation"	RelError: 9.33833e-04	AbsError: 7.43185e-06
    Region: "oxide"	RelError: 1.32580e-05	AbsError: 7.43185e-06
      Equation: "PotentialEquation"	RelError: 1.32580e-05	AbsError: 7.43185e-06
Iteration: 2
  Device: "part1_baseline"	RelError: 1.07862e-07	AbsError: 5.05698e+09
    Region: "bulk"	RelError: 1.07817e-07	AbsError: 5.05698e+09
      Equation: "ElectronContinuityEquation"	RelError: 6.60308e-09	AbsError: 5.05640e+09
      Equation: "HoleContinuityEquation"	RelError: 7.17396e-08	AbsError: 5.79543e+05
      Equation: "PotentialEquation"	RelError: 2.94740e-08	AbsError: 7.36302e-11
    Region: "oxide"	RelError: 4.48393e-11	AbsError: 2.63908e-11
      Equation: "PotentialEquation"	RelError: 4.48393e-11	AbsError: 2.63908e-11
number of equations 8953
Iteration: 0
  Device: "part1_baseline"	RelError: 1.22998e-01	AbsError: 2.82102e+17
    Region: "bulk"	RelError: 1.11255e-01	AbsError: 2.82102e+17
      Equation: "ElectronContinuityEquation"	RelError: 2.55825e-02	AbsError: 2.82100e+17
      Equation: "HoleContinuityEquation"	RelError: 2.74129e-02	AbsError: 1.69477e+12
      Equation: "PotentialEquation"	RelError: 5.82592e-02	AbsError: 6.78719e-04
    Region: "oxide"	RelError: 1.17431e-02	AbsError: 2.00000e-02
      Equation: "PotentialEquation"	RelError: 1.17431e-02	AbsError: 2.00000e-02
Iteration: 1
  Device: "part1_baseline"	RelError: 1.68234e-03	AbsError: 6.87610e+14
    Region: "bulk"	RelError: 1.66961e-03	AbsError: 6.87610e+14
      Equation: "ElectronContinuityEquation"	RelError: 8.94931e-05	AbsError: 6.87584e+14
      Equation: "HoleContinuityEquation"	RelError: 6.41842e-04	AbsError: 2.59553e+10
      Equation: "PotentialEquation"	RelError: 9.38273e-04	AbsError: 7.14404e-06
    Region: "oxide"	RelError: 1.27326e-05	AbsError: 7.14404e-06
      Equation: "PotentialEquation"	RelError: 1.27326e-05	AbsError: 7.14404e-06
Iteration: 2
  Device: "part1_baseline"	RelError: 1.01775e-07	AbsError: 4.71391e+09
    Region: "bulk"	RelError: 1.01732e-07	AbsError: 4.71391e+09
      Equation: "ElectronContinuityEquation"	RelError: 6.05881e-09	AbsError: 4.71336e+09
      Equation: "HoleContinuityEquation"	RelError: 6.62760e-08	AbsError: 5.48739e+05
      Equation: "PotentialEquation"	RelError: 2.93967e-08	AbsError: 6.91506e-11
    Region: "oxide"	RelError: 4.32815e-11	AbsError: 2.55012e-11
      Equation: "PotentialEquation"	RelError: 4.32815e-11	AbsError: 2.55012e-11
number of equations 8953
Iteration: 0
  Device: "part1_baseline"	RelError: 1.23202e-01	AbsError: 2.83372e+17
    Region: "bulk"	RelError: 1.11595e-01	AbsError: 2.83372e+17
      Equation: "ElectronContinuityEquation"	RelError: 2.50608e-02	AbsError: 2.83370e+17
      Equation: "HoleContinuityEquation"	RelError: 2.68264e-02	AbsError: 1.64335e+12
      Equation: "PotentialEquation"	RelError: 5.97078e-02	AbsError: 6.64616e-04
    Region: "oxide"	RelError: 1.16068e-02	AbsError: 2.00000e-02
      Equation: "PotentialEquation"	RelError: 1.16068e-02	AbsError: 2.00000e-02
Iteration: 1
  Device: "part1_baseline"	RelError: 1.65925e-03	AbsError: 6.66922e+14
    Region: "bulk"	RelError: 1.64701e-03	AbsError: 6.66922e+14
      Equation: "ElectronContinuityEquation"	RelError: 8.57472e-05	AbsError: 6.66897e+14
      Equation: "HoleContinuityEquation"	RelError: 6.16398e-04	AbsError: 2.46971e+10
      Equation: "PotentialEquation"	RelError: 9.44867e-04	AbsError: 6.87195e-06
    Region: "oxide"	RelError: 1.22364e-05	AbsError: 6.87195e-06
      Equation: "PotentialEquation"	RelError: 1.22364e-05	AbsError: 6.87195e-06
Iteration: 2
  Device: "part1_baseline"	RelError: 9.62934e-08	AbsError: 4.39982e+09
    Region: "bulk"	RelError: 9.62516e-08	AbsError: 4.39982e+09
      Equation: "ElectronContinuityEquation"	RelError: 5.56792e-09	AbsError: 4.39930e+09
      Equation: "HoleContinuityEquation"	RelError: 6.13050e-08	AbsError: 5.19863e+05
      Equation: "PotentialEquation"	RelError: 2.93787e-08	AbsError: 6.49949e-11
    Region: "oxide"	RelError: 4.17558e-11	AbsError: 2.46280e-11
      Equation: "PotentialEquation"	RelError: 4.17558e-11	AbsError: 2.46280e-11
number of equations 8953
Iteration: 0
  Device: "part1_baseline"	RelError: 1.23614e-01	AbsError: 2.84605e+17
    Region: "bulk"	RelError: 1.12141e-01	AbsError: 2.84605e+17
      Equation: "ElectronContinuityEquation"	RelError: 2.45582e-02	AbsError: 2.84603e+17
      Equation: "HoleContinuityEquation"	RelError: 2.62623e-02	AbsError: 1.59442e+12
      Equation: "PotentialEquation"	RelError: 6.13200e-02	AbsError: 6.51045e-04
    Region: "oxide"	RelError: 1.14737e-02	AbsError: 2.00000e-02
      Equation: "PotentialEquation"	RelError: 1.14737e-02	AbsError: 2.00000e-02
Iteration: 1
  Device: "part1_baseline"	RelError: 1.64011e-03	AbsError: 6.47081e+14
    Region: "bulk"	RelError: 1.62834e-03	AbsError: 6.47081e+14
      Equation: "ElectronContinuityEquation"	RelError: 8.22110e-05	AbsError: 6.47058e+14
      Equation: "HoleContinuityEquation"	RelError: 5.92355e-04	AbsError: 2.35204e+10
      Equation: "PotentialEquation"	RelError: 9.53777e-04	AbsError: 6.61447e-06
    Region: "oxide"	RelError: 1.17678e-05	AbsError: 6.61447e-06
      Equation: "PotentialEquation"	RelError: 1.17678e-05	AbsError: 6.61447e-06
Iteration: 2
  Device: "part1_baseline"	RelError: 9.13643e-08	AbsError: 4.11187e+09
    Region: "bulk"	RelError: 9.13240e-08	AbsError: 4.11187e+09
      Equation: "ElectronContinuityEquation"	RelError: 5.12439e-09	AbsError: 4.11137e+09
      Equation: "HoleContinuityEquation"	RelError: 5.67756e-08	AbsError: 4.92774e+05
      Equation: "PotentialEquation"	RelError: 2.94239e-08	AbsError: 6.11363e-11
    Region: "oxide"	RelError: 4.02665e-11	AbsError: 2.37740e-11
      Equation: "PotentialEquation"	RelError: 4.02665e-11	AbsError: 2.37740e-11
number of equations 8953
Iteration: 0
  Device: "part1_baseline"	RelError: 1.24253e-01	AbsError: 2.85802e+17
    Region: "bulk"	RelError: 1.12910e-01	AbsError: 2.85802e+17
      Equation: "ElectronContinuityEquation"	RelError: 2.40739e-02	AbsError: 2.85801e+17
      Equation: "HoleContinuityEquation"	RelError: 2.57194e-02	AbsError: 1.54781e+12
      Equation: "PotentialEquation"	RelError: 6.31166e-02	AbsError: 6.37980e-04
    Region: "oxide"	RelError: 1.13435e-02	AbsError: 2.00000e-02
      Equation: "PotentialEquation"	RelError: 1.13435e-02	AbsError: 2.00000e-02
Iteration: 1
  Device: "part1_baseline"	RelError: 1.62501e-03	AbsError: 6.28046e+14
    Region: "bulk"	RelError: 1.61369e-03	AbsError: 6.28046e+14
      Equation: "ElectronContinuityEquation"	RelError: 7.88700e-05	AbsError: 6.28024e+14
      Equation: "HoleContinuityEquation"	RelError: 5.69616e-04	AbsError: 2.24185e+10
      Equation: "PotentialEquation"	RelError: 9.65203e-04	AbsError: 6.37060e-06
    Region: "oxide"	RelError: 1.13245e-05	AbsError: 6.37060e-06
      Equation: "PotentialEquation"	RelError: 1.13245e-05	AbsError: 6.37060e-06
Iteration: 2
  Device: "part1_baseline"	RelError: 8.69420e-08	AbsError: 3.84753e+09
    Region: "bulk"	RelError: 8.69032e-08	AbsError: 3.84753e+09
      Equation: "ElectronContinuityEquation"	RelError: 4.72296e-09	AbsError: 3.84706e+09
      Equation: "HoleContinuityEquation"	RelError: 5.26429e-08	AbsError: 4.67345e+05
      Equation: "PotentialEquation"	RelError: 2.95373e-08	AbsError: 5.75503e-11
    Region: "oxide"	RelError: 3.88168e-11	AbsError: 2.29410e-11
      Equation: "PotentialEquation"	RelError: 3.88168e-11	AbsError: 2.29410e-11
number of equations 8953
Iteration: 0
  Device: "part1_baseline"	RelError: 1.25142e-01	AbsError: 2.86966e+17
    Region: "bulk"	RelError: 1.13926e-01	AbsError: 2.86966e+17
      Equation: "ElectronContinuityEquation"	RelError: 2.36070e-02	AbsError: 2.86964e+17
      Equation: "HoleContinuityEquation"	RelError: 2.51966e-02	AbsError: 1.50337e+12
      Equation: "PotentialEquation"	RelError: 6.51222e-02	AbsError: 6.25411e-04
    Region: "oxide"	RelError: 1.12163e-02	AbsError: 2.00000e-02
      Equation: "PotentialEquation"	RelError: 1.12163e-02	AbsError: 2.00000e-02
Iteration: 1
  Device: "part1_baseline"	RelError: 1.61437e-03	AbsError: 6.09778e+14
    Region: "bulk"	RelError: 1.60347e-03	AbsError: 6.09778e+14
      Equation: "ElectronContinuityEquation"	RelError: 7.59827e-05	AbsError: 6.09757e+14
      Equation: "HoleContinuityEquation"	RelError: 5.48093e-04	AbsError: 2.13856e+10
      Equation: "PotentialEquation"	RelError: 9.79393e-04	AbsError: 6.13942e-06
    Region: "oxide"	RelError: 1.09046e-05	AbsError: 6.13942e-06
      Equation: "PotentialEquation"	RelError: 1.09046e-05	AbsError: 6.13942e-06
Iteration: 2
  Device: "part1_baseline"	RelError: 8.29890e-08	AbsError: 3.60454e+09
    Region: "bulk"	RelError: 8.29516e-08	AbsError: 3.60454e+09
      Equation: "ElectronContinuityEquation"	RelError: 4.35978e-09	AbsError: 3.60410e+09
      Equation: "HoleContinuityEquation"	RelError: 4.88669e-08	AbsError: 4.43459e+05
      Equation: "PotentialEquation"	RelError: 2.97250e-08	AbsError: 5.42148e-11
    Region: "oxide"	RelError: 3.74088e-11	AbsError: 2.21307e-11
      Equation: "PotentialEquation"	RelError: 3.74088e-11	AbsError: 2.21307e-11
number of equations 8953
Iteration: 0
  Device: "part1_baseline"	RelError: 1.26308e-01	AbsError: 2.88096e+17
    Region: "bulk"	RelError: 1.15216e-01	AbsError: 2.88096e+17
      Equation: "ElectronContinuityEquation"	RelError: 2.31564e-02	AbsError: 2.88095e+17
      Equation: "HoleContinuityEquation"	RelError: 2.46928e-02	AbsError: 1.46097e+12
      Equation: "PotentialEquation"	RelError: 6.73667e-02	AbsError: 6.13298e-04
    Region: "oxide"	RelError: 1.10919e-02	AbsError: 2.00000e-02
      Equation: "PotentialEquation"	RelError: 1.10919e-02	AbsError: 2.00000e-02
Iteration: 1
  Device: "part1_baseline"	RelError: 1.60823e-03	AbsError: 5.92239e+14
    Region: "bulk"	RelError: 1.59772e-03	AbsError: 5.92239e+14
      Equation: "ElectronContinuityEquation"	RelError: 7.33629e-05	AbsError: 5.92218e+14
      Equation: "HoleContinuityEquation"	RelError: 5.27702e-04	AbsError: 2.04164e+10
      Equation: "PotentialEquation"	RelError: 9.96656e-04	AbsError: 5.92010e-06
    Region: "oxide"	RelError: 1.05065e-05	AbsError: 5.92010e-06
      Equation: "PotentialEquation"	RelError: 1.05065e-05	AbsError: 5.92010e-06
Iteration: 2
  Device: "part1_baseline"	RelError: 7.94731e-08	AbsError: 3.38089e+09
    Region: "bulk"	RelError: 7.94371e-08	AbsError: 3.38089e+09
      Equation: "ElectronContinuityEquation"	RelError: 4.03042e-09	AbsError: 3.38047e+09
      Equation: "HoleContinuityEquation"	RelError: 4.54123e-08	AbsError: 4.21007e+05
      Equation: "PotentialEquation"	RelError: 2.99944e-08	AbsError: 5.11098e-11
    Region: "oxide"	RelError: 3.60441e-11	AbsError: 2.13439e-11
      Equation: "PotentialEquation"	RelError: 3.60441e-11	AbsError: 2.13439e-11
number of equations 8953
Iteration: 0
  Device: "part1_baseline"	RelError: 1.27785e-01	AbsError: 2.89195e+17
    Region: "bulk"	RelError: 1.16815e-01	AbsError: 2.89195e+17
      Equation: "ElectronContinuityEquation"	RelError: 2.27216e-02	AbsError: 2.89194e+17
      Equation: "HoleContinuityEquation"	RelError: 2.42070e-02	AbsError: 1.42049e+12
      Equation: "PotentialEquation"	RelError: 6.98867e-02	AbsError: 6.01614e-04
    Region: "oxide"	RelError: 1.09702e-02	AbsError: 2.00000e-02
      Equation: "PotentialEquation"	RelError: 1.09702e-02	AbsError: 2.00000e-02
Iteration: 1
  Device: "part1_baseline"	RelError: 1.60674e-03	AbsError: 5.75393e+14
    Region: "bulk"	RelError: 1.59661e-03	AbsError: 5.75393e+14
      Equation: "ElectronContinuityEquation"	RelError: 7.08634e-05	AbsError: 5.75374e+14
      Equation: "HoleContinuityEquation"	RelError: 5.08370e-04	AbsError: 1.95060e+10
      Equation: "PotentialEquation"	RelError: 1.01738e-03	AbsError: 5.71186e-06
    Region: "oxide"	RelError: 1.01289e-05	AbsError: 5.71186e-06
      Equation: "PotentialEquation"	RelError: 1.01289e-05	AbsError: 5.71186e-06
Iteration: 2
  Device: "part1_baseline"	RelError: 7.63682e-08	AbsError: 3.17478e+09
    Region: "bulk"	RelError: 7.63335e-08	AbsError: 3.17478e+09
      Equation: "ElectronContinuityEquation"	RelError: 3.73077e-09	AbsError: 3.17438e+09
      Equation: "HoleContinuityEquation"	RelError: 4.22476e-08	AbsError: 3.99893e+05
      Equation: "PotentialEquation"	RelError: 3.03551e-08	AbsError: 4.82169e-11
    Region: "oxide"	RelError: 3.47236e-11	AbsError: 2.05814e-11
      Equation: "PotentialEquation"	RelError: 3.47236e-11	AbsError: 2.05814e-11
number of equations 8953
Iteration: 0
  Device: "part1_baseline"	RelError: 1.29618e-01	AbsError: 2.90264e+17
    Region: "bulk"	RelError: 1.18767e-01	AbsError: 2.90264e+17
      Equation: "ElectronContinuityEquation"	RelError: 2.23018e-02	AbsError: 2.90263e+17
      Equation: "HoleContinuityEquation"	RelError: 2.37384e-02	AbsError: 1.38181e+12
      Equation: "PotentialEquation"	RelError: 7.27268e-02	AbsError: 5.90337e-04
    Region: "oxide"	RelError: 1.08512e-02	AbsError: 2.00000e-02
      Equation: "PotentialEquation"	RelError: 1.08512e-02	AbsError: 2.00000e-02
Iteration: 1
  Device: "part1_baseline"	RelError: 1.61030e-03	AbsError: 5.59208e+14
    Region: "bulk"	RelError: 1.60053e-03	AbsError: 5.59208e+14
      Equation: "ElectronContinuityEquation"	RelError: 6.84777e-05	AbsError: 5.59189e+14
      Equation: "HoleContinuityEquation"	RelError: 4.90026e-04	AbsError: 1.86500e+10
      Equation: "PotentialEquation"	RelError: 1.04203e-03	AbsError: 5.51400e-06
    Region: "oxide"	RelError: 9.77032e-06	AbsError: 5.51400e-06
      Equation: "PotentialEquation"	RelError: 9.77032e-06	AbsError: 5.51400e-06
Iteration: 2
  Device: "part1_baseline"	RelError: 7.36550e-08	AbsError: 2.98458e+09
    Region: "bulk"	RelError: 7.36215e-08	AbsError: 2.98458e+09
      Equation: "ElectronContinuityEquation"	RelError: 3.45774e-09	AbsError: 2.98420e+09
      Equation: "HoleContinuityEquation"	RelError: 3.93449e-08	AbsError: 3.80024e+05
      Equation: "PotentialEquation"	RelError: 3.08189e-08	AbsError: 4.55194e-11
    Region: "oxide"	RelError: 3.34475e-11	AbsError: 1.98435e-11
      Equation: "PotentialEquation"	RelError: 3.34475e-11	AbsError: 1.98435e-11
number of equations 8953
Iteration: 0
  Device: "part1_baseline"	RelError: 1.31860e-01	AbsError: 2.91304e+17
    Region: "bulk"	RelError: 1.21125e-01	AbsError: 2.91304e+17
      Equation: "ElectronContinuityEquation"	RelError: 2.18961e-02	AbsError: 2.91302e+17
      Equation: "HoleContinuityEquation"	RelError: 2.32861e-02	AbsError: 1.34482e+12
      Equation: "PotentialEquation"	RelError: 7.59426e-02	AbsError: 5.79465e-04
    Region: "oxide"	RelError: 1.07347e-02	AbsError: 2.00000e-02
      Equation: "PotentialEquation"	RelError: 1.07347e-02	AbsError: 2.00000e-02
Iteration: 1
  Device: "part1_baseline"	RelError: 1.61946e-03	AbsError: 5.43652e+14
    Region: "bulk"	RelError: 1.61003e-03	AbsError: 5.43652e+14
      Equation: "ElectronContinuityEquation"	RelError: 6.61995e-05	AbsError: 5.43634e+14
      Equation: "HoleContinuityEquation"	RelError: 4.72607e-04	AbsError: 1.78443e+10
      Equation: "PotentialEquation"	RelError: 1.07122e-03	AbsError: 5.32584e-06
    Region: "oxide"	RelError: 9.42970e-06	AbsError: 5.32584e-06
      Equation: "PotentialEquation"	RelError: 9.42970e-06	AbsError: 5.32584e-06
Iteration: 2
  Device: "part1_baseline"	RelError: 7.13207e-08	AbsError: 2.80885e+09
    Region: "bulk"	RelError: 7.12884e-08	AbsError: 2.80885e+09
      Equation: "ElectronContinuityEquation"	RelError: 3.20858e-09	AbsError: 2.80849e+09
      Equation: "HoleContinuityEquation"	RelError: 3.66793e-08	AbsError: 3.61317e+05
      Equation: "PotentialEquation"	RelError: 3.14005e-08	AbsError: 4.30022e-11
    Region: "oxide"	RelError: 3.22161e-11	AbsError: 1.91303e-11
      Equation: "PotentialEquation"	RelError: 3.22161e-11	AbsError: 1.91303e-11
number of equations 8953
Iteration: 0
  Device: "part1_baseline"	RelError: 1.34578e-01	AbsError: 2.92315e+17
    Region: "bulk"	RelError: 1.23957e-01	AbsError: 2.92315e+17
      Equation: "ElectronContinuityEquation"	RelError: 2.15039e-02	AbsError: 2.92314e+17
      Equation: "HoleContinuityEquation"	RelError: 2.28493e-02	AbsError: 1.30942e+12
      Equation: "PotentialEquation"	RelError: 7.96041e-02	AbsError: 5.68964e-04
    Region: "oxide"	RelError: 1.06207e-02	AbsError: 2.00000e-02
      Equation: "PotentialEquation"	RelError: 1.06207e-02	AbsError: 2.00000e-02
Iteration: 1
  Device: "part1_baseline"	RelError: 1.63490e-03	AbsError: 5.28694e+14
    Region: "bulk"	RelError: 1.62579e-03	AbsError: 5.28694e+14
      Equation: "ElectronContinuityEquation"	RelError: 6.40229e-05	AbsError: 5.28677e+14
      Equation: "HoleContinuityEquation"	RelError: 4.56053e-04	AbsError: 1.70854e+10
      Equation: "PotentialEquation"	RelError: 1.10572e-03	AbsError: 5.14677e-06
    Region: "oxide"	RelError: 9.10614e-06	AbsError: 5.14677e-06
      Equation: "PotentialEquation"	RelError: 9.10614e-06	AbsError: 5.14677e-06
Iteration: 2
  Device: "part1_baseline"	RelError: 6.93594e-08	AbsError: 2.64629e+09
    Region: "bulk"	RelError: 6.93284e-08	AbsError: 2.64629e+09
      Equation: "ElectronContinuityEquation"	RelError: 2.98089e-09	AbsError: 2.64594e+09
      Equation: "HoleContinuityEquation"	RelError: 3.42285e-08	AbsError: 3.43694e+05
      Equation: "PotentialEquation"	RelError: 3.21190e-08	AbsError: 4.06513e-11
    Region: "oxide"	RelError: 3.10288e-11	AbsError: 1.84417e-11
      Equation: "PotentialEquation"	RelError: 3.10288e-11	AbsError: 1.84417e-11
number of equations 8953
Iteration: 0
  Device: "part1_baseline"	RelError: 1.37861e-01	AbsError: 2.93300e+17
    Region: "bulk"	RelError: 1.27352e-01	AbsError: 2.93300e+17
      Equation: "ElectronContinuityEquation"	RelError: 2.11246e-02	AbsError: 2.93299e+17
      Equation: "HoleContinuityEquation"	RelError: 2.24272e-02	AbsError: 1.27552e+12
      Equation: "PotentialEquation"	RelError: 8.38000e-02	AbsError: 5.58813e-04
    Region: "oxide"	RelError: 1.05091e-02	AbsError: 2.00000e-02
      Equation: "PotentialEquation"	RelError: 1.05091e-02	AbsError: 2.00000e-02
Iteration: 1
  Device: "part1_baseline"	RelError: 1.65754e-03	AbsError: 5.14307e+14
    Region: "bulk"	RelError: 1.64874e-03	AbsError: 5.14307e+14
      Equation: "ElectronContinuityEquation"	RelError: 6.19425e-05	AbsError: 5.14291e+14
      Equation: "HoleContinuityEquation"	RelError: 4.40311e-04	AbsError: 1.63697e+10
      Equation: "PotentialEquation"	RelError: 1.14649e-03	AbsError: 4.97623e-06
    Region: "oxide"	RelError: 8.79821e-06	AbsError: 4.97623e-06
      Equation: "PotentialEquation"	RelError: 8.79821e-06	AbsError: 4.97623e-06
Iteration: 2
  Device: "part1_baseline"	RelError: 6.77734e-08	AbsError: 2.49573e+09
    Region: "bulk"	RelError: 6.77436e-08	AbsError: 2.49573e+09
      Equation: "ElectronContinuityEquation"	RelError: 2.77253e-09	AbsError: 2.49540e+09
      Equation: "HoleContinuityEquation"	RelError: 3.19725e-08	AbsError: 3.27085e+05
      Equation: "PotentialEquation"	RelError: 3.29985e-08	AbsError: 3.84541e-11
    Region: "oxide"	RelError: 2.98851e-11	AbsError: 1.77776e-11
      Equation: "PotentialEquation"	RelError: 2.98851e-11	AbsError: 1.77776e-11
number of equations 8953
Iteration: 0
  Device: "part1_baseline"	RelError: 1.41822e-01	AbsError: 2.94259e+17
    Region: "bulk"	RelError: 1.31422e-01	AbsError: 2.94259e+17
      Equation: "ElectronContinuityEquation"	RelError: 2.07574e-02	AbsError: 2.94257e+17
      Equation: "HoleContinuityEquation"	RelError: 2.20193e-02	AbsError: 1.24304e+12
      Equation: "PotentialEquation"	RelError: 8.86454e-02	AbsError: 5.48995e-04
    Region: "oxide"	RelError: 1.03998e-02	AbsError: 2.00000e-02
      Equation: "PotentialEquation"	RelError: 1.03998e-02	AbsError: 2.00000e-02
Iteration: 1
  Device: "part1_baseline"	RelError: 1.68859e-03	AbsError: 5.00464e+14
    Region: "bulk"	RelError: 1.68009e-03	AbsError: 5.00464e+14
      Equation: "ElectronContinuityEquation"	RelError: 5.99532e-05	AbsError: 5.00449e+14
      Equation: "HoleContinuityEquation"	RelError: 4.25330e-04	AbsError: 1.56944e+10
      Equation: "PotentialEquation"	RelError: 1.19480e-03	AbsError: 4.81370e-06
    Region: "oxide"	RelError: 8.50494e-06	AbsError: 4.81370e-06
      Equation: "PotentialEquation"	RelError: 8.50494e-06	AbsError: 4.81370e-06
Iteration: 2
  Device: "part1_baseline"	RelError: 6.65744e-08	AbsError: 2.35611e+09
    Region: "bulk"	RelError: 6.65457e-08	AbsError: 2.35611e+09
      Equation: "ElectronContinuityEquation"	RelError: 2.58160e-09	AbsError: 2.35580e+09
      Equation: "HoleContinuityEquation"	RelError: 2.98936e-08	AbsError: 3.11422e+05
      Equation: "PotentialEquation"	RelError: 3.40705e-08	AbsError: 3.63991e-11
    Region: "oxide"	RelError: 2.87842e-11	AbsError: 1.71375e-11
      Equation: "PotentialEquation"	RelError: 2.87842e-11	AbsError: 1.71375e-11
number of equations 8953
Iteration: 0
  Device: "part1_baseline"	RelError: 1.46611e-01	AbsError: 2.95192e+17
    Region: "bulk"	RelError: 1.36318e-01	AbsError: 2.95192e+17
      Equation: "ElectronContinuityEquation"	RelError: 2.04019e-02	AbsError: 2.95191e+17
      Equation: "HoleContinuityEquation"	RelError: 2.16247e-02	AbsError: 1.21189e+12
      Equation: "PotentialEquation"	RelError: 9.42913e-02	AbsError: 5.39504e-04
    Region: "oxide"	RelError: 1.02927e-02	AbsError: 2.00000e-02
      Equation: "PotentialEquation"	RelError: 1.02927e-02	AbsError: 2.00000e-02
Iteration: 1
  Device: "part1_baseline"	RelError: 1.72968e-03	AbsError: 4.87140e+14
    Region: "bulk"	RelError: 1.72146e-03	AbsError: 4.87140e+14
      Equation: "ElectronContinuityEquation"	RelError: 5.80500e-05	AbsError: 4.87125e+14
      Equation: "HoleContinuityEquation"	RelError: 4.11064e-04	AbsError: 1.50566e+10
      Equation: "PotentialEquation"	RelError: 1.25234e-03	AbsError: 4.65870e-06
    Region: "oxide"	RelError: 8.22545e-06	AbsError: 4.65870e-06
      Equation: "PotentialEquation"	RelError: 8.22545e-06	AbsError: 4.65870e-06
Iteration: 2
  Device: "part1_baseline"	RelError: 6.57864e-08	AbsError: 2.22650e+09
    Region: "bulk"	RelError: 6.57587e-08	AbsError: 2.22650e+09
      Equation: "ElectronContinuityEquation"	RelError: 2.40642e-09	AbsError: 2.22620e+09
      Equation: "HoleContinuityEquation"	RelError: 2.79756e-08	AbsError: 2.96644e+05
      Equation: "PotentialEquation"	RelError: 3.53766e-08	AbsError: 3.44756e-11
    Region: "oxide"	RelError: 2.77252e-11	AbsError: 1.65209e-11
      Equation: "PotentialEquation"	RelError: 2.77252e-11	AbsError: 1.65209e-11
number of equations 8953
Iteration: 0
  Device: "part1_baseline"	RelError: 1.52429e-01	AbsError: 2.96102e+17
    Region: "bulk"	RelError: 1.42241e-01	AbsError: 2.96102e+17
      Equation: "ElectronContinuityEquation"	RelError: 2.00576e-02	AbsError: 2.96100e+17
      Equation: "HoleContinuityEquation"	RelError: 2.12429e-02	AbsError: 1.18200e+12
      Equation: "PotentialEquation"	RelError: 1.00941e-01	AbsError: 5.30325e-04
    Region: "oxide"	RelError: 1.01879e-02	AbsError: 2.00000e-02
      Equation: "PotentialEquation"	RelError: 1.01879e-02	AbsError: 2.00000e-02
Iteration: 1
  Device: "part1_baseline"	RelError: 1.78302e-03	AbsError: 4.74310e+14
    Region: "bulk"	RelError: 1.77506e-03	AbsError: 4.74310e+14
      Equation: "ElectronContinuityEquation"	RelError: 5.62285e-05	AbsError: 4.74295e+14
      Equation: "HoleContinuityEquation"	RelError: 3.97468e-04	AbsError: 1.44536e+10
      Equation: "PotentialEquation"	RelError: 1.32136e-03	AbsError: 4.51078e-06
    Region: "oxide"	RelError: 7.95891e-06	AbsError: 4.51078e-06
      Equation: "PotentialEquation"	RelError: 7.95891e-06	AbsError: 4.51078e-06
Iteration: 2
  Device: "part1_baseline"	RelError: 6.54494e-08	AbsError: 2.10603e+09
    Region: "bulk"	RelError: 6.54227e-08	AbsError: 2.10603e+09
      Equation: "ElectronContinuityEquation"	RelError: 2.24548e-09	AbsError: 2.10575e+09
      Equation: "HoleContinuityEquation"	RelError: 2.62043e-08	AbsError: 2.82694e+05
      Equation: "PotentialEquation"	RelError: 3.69729e-08	AbsError: 3.26793e-11
    Region: "oxide"	RelError: 2.67070e-11	AbsError: 1.59275e-11
      Equation: "PotentialEquation"	RelError: 2.67070e-11	AbsError: 1.59275e-11
number of equations 8953
Iteration: 0
  Device: "part1_baseline"	RelError: 1.59554e-01	AbsError: 2.96988e+17
    Region: "bulk"	RelError: 1.49469e-01	AbsError: 2.96988e+17
      Equation: "ElectronContinuityEquation"	RelError: 1.97239e-02	AbsError: 2.96987e+17
      Equation: "HoleContinuityEquation"	RelError: 2.08733e-02	AbsError: 1.15331e+12
      Equation: "PotentialEquation"	RelError: 1.08872e-01	AbsError: 5.21435e-04
    Region: "oxide"	RelError: 1.00851e-02	AbsError: 2.00000e-02
      Equation: "PotentialEquation"	RelError: 1.00851e-02	AbsError: 2.00000e-02
Iteration: 1
  Device: "part1_baseline"	RelError: 1.85165e-03	AbsError: 4.61951e+14
    Region: "bulk"	RelError: 1.84395e-03	AbsError: 4.61951e+14
      Equation: "ElectronContinuityEquation"	RelError: 5.44843e-05	AbsError: 4.61937e+14
      Equation: "HoleContinuityEquation"	RelError: 3.84504e-04	AbsError: 1.38832e+10
      Equation: "PotentialEquation"	RelError: 1.40496e-03	AbsError: 4.36953e-06
    Region: "oxide"	RelError: 7.70455e-06	AbsError: 4.36953e-06
      Equation: "PotentialEquation"	RelError: 7.70455e-06	AbsError: 4.36953e-06
Iteration: 2
  Device: "part1_baseline"	RelError: 6.56263e-08	AbsError: 1.99394e+09
    Region: "bulk"	RelError: 6.56006e-08	AbsError: 1.99394e+09
      Equation: "ElectronContinuityEquation"	RelError: 2.09744e-09	AbsError: 1.99367e+09
      Equation: "HoleContinuityEquation"	RelError: 2.45667e-08	AbsError: 2.69520e+05
      Equation: "PotentialEquation"	RelError: 3.89364e-08	AbsError: 3.10081e-11
    Region: "oxide"	RelError: 2.57285e-11	AbsError: 1.53564e-11
      Equation: "PotentialEquation"	RelError: 2.57285e-11	AbsError: 1.53564e-11
number of equations 8953
Iteration: 0
  Device: "part1_baseline"	RelError: 1.68378e-01	AbsError: 2.97852e+17
    Region: "bulk"	RelError: 1.58393e-01	AbsError: 2.97852e+17
      Equation: "ElectronContinuityEquation"	RelError: 1.94004e-02	AbsError: 2.97851e+17
      Equation: "HoleContinuityEquation"	RelError: 2.05154e-02	AbsError: 1.12575e+12
      Equation: "PotentialEquation"	RelError: 1.18478e-01	AbsError: 5.12820e-04
    Region: "oxide"	RelError: 9.98442e-03	AbsError: 2.00000e-02
      Equation: "PotentialEquation"	RelError: 9.98442e-03	AbsError: 2.00000e-02
Iteration: 1
  Device: "part1_baseline"	RelError: 1.93993e-03	AbsError: 4.50043e+14
    Region: "bulk"	RelError: 1.93246e-03	AbsError: 4.50043e+14
      Equation: "ElectronContinuityEquation"	RelError: 5.28135e-05	AbsError: 4.50030e+14
      Equation: "HoleContinuityEquation"	RelError: 3.72134e-04	AbsError: 1.33431e+10
      Equation: "PotentialEquation"	RelError: 1.50752e-03	AbsError: 4.23456e-06
    Region: "oxide"	RelError: 7.46166e-06	AbsError: 4.23456e-06
      Equation: "PotentialEquation"	RelError: 7.46166e-06	AbsError: 4.23456e-06
Iteration: 2
  Device: "part1_baseline"	RelError: 6.64134e-08	AbsError: 1.88953e+09
    Region: "bulk"	RelError: 6.63886e-08	AbsError: 1.88953e+09
      Equation: "ElectronContinuityEquation"	RelError: 1.96111e-09	AbsError: 1.88927e+09
      Equation: "HoleContinuityEquation"	RelError: 2.30512e-08	AbsError: 2.57073e+05
      Equation: "PotentialEquation"	RelError: 4.13763e-08	AbsError: 2.94392e-11
    Region: "oxide"	RelError: 2.47884e-11	AbsError: 1.48073e-11
      Equation: "PotentialEquation"	RelError: 2.47884e-11	AbsError: 1.48073e-11
number of equations 8953
Iteration: 0
  Device: "part1_baseline"	RelError: 1.79473e-01	AbsError: 2.98694e+17
    Region: "bulk"	RelError: 1.69587e-01	AbsError: 2.98694e+17
      Equation: "ElectronContinuityEquation"	RelError: 1.90867e-02	AbsError: 2.98693e+17
      Equation: "HoleContinuityEquation"	RelError: 2.01685e-02	AbsError: 1.09925e+12
      Equation: "PotentialEquation"	RelError: 1.30332e-01	AbsError: 5.04469e-04
    Region: "oxide"	RelError: 9.88572e-03	AbsError: 2.00000e-02
      Equation: "PotentialEquation"	RelError: 9.88572e-03	AbsError: 2.00000e-02
Iteration: 1
  Device: "part1_baseline"	RelError: 2.05420e-03	AbsError: 4.38565e+14
    Region: "bulk"	RelError: 2.04697e-03	AbsError: 4.38565e+14
      Equation: "ElectronContinuityEquation"	RelError: 5.12122e-05	AbsError: 4.38552e+14
      Equation: "HoleContinuityEquation"	RelError: 3.60323e-04	AbsError: 1.28313e+10
      Equation: "PotentialEquation"	RelError: 1.63543e-03	AbsError: 4.10552e-06
    Region: "oxide"	RelError: 7.22980e-06	AbsError: 4.10552e-06
      Equation: "PotentialEquation"	RelError: 7.22980e-06	AbsError: 4.10552e-06
Iteration: 2
  Device: "part1_baseline"	RelError: 6.79580e-08	AbsError: 1.79216e+09
    Region: "bulk"	RelError: 6.79342e-08	AbsError: 1.79216e+09
      Equation: "ElectronContinuityEquation"	RelError: 1.83540e-09	AbsError: 1.79192e+09
      Equation: "HoleContinuityEquation"	RelError: 2.16473e-08	AbsError: 2.45306e+05
      Equation: "PotentialEquation"	RelError: 4.44515e-08	AbsError: 2.79654e-11
    Region: "oxide"	RelError: 2.38856e-11	AbsError: 1.42792e-11
      Equation: "PotentialEquation"	RelError: 2.38856e-11	AbsError: 1.42792e-11
number of equations 8953
Iteration: 0
  Device: "part1_baseline"	RelError: 1.93707e-01	AbsError: 2.99515e+17
    Region: "bulk"	RelError: 1.83918e-01	AbsError: 2.99515e+17
      Equation: "ElectronContinuityEquation"	RelError: 1.87823e-02	AbsError: 2.99514e+17
      Equation: "HoleContinuityEquation"	RelError: 1.98324e-02	AbsError: 1.07377e+12
      Equation: "PotentialEquation"	RelError: 1.45303e-01	AbsError: 4.96384e-04
    Region: "oxide"	RelError: 9.78894e-03	AbsError: 2.00000e-02
      Equation: "PotentialEquation"	RelError: 9.78894e-03	AbsError: 2.00000e-02
Iteration: 1
  Device: "part1_baseline"	RelError: 2.20413e-03	AbsError: 4.27497e+14
    Region: "bulk"	RelError: 2.19713e-03	AbsError: 4.27497e+14
      Equation: "ElectronContinuityEquation"	RelError: 4.96769e-05	AbsError: 4.27485e+14
      Equation: "HoleContinuityEquation"	RelError: 3.49040e-04	AbsError: 1.23460e+10
      Equation: "PotentialEquation"	RelError: 1.79841e-03	AbsError: 3.98206e-06
    Region: "oxide"	RelError: 7.00823e-06	AbsError: 3.98206e-06
      Equation: "PotentialEquation"	RelError: 7.00823e-06	AbsError: 3.98206e-06
Iteration: 2
  Device: "part1_baseline"	RelError: 7.04915e-08	AbsError: 1.70127e+09
    Region: "bulk"	RelError: 7.04685e-08	AbsError: 1.70127e+09
      Equation: "ElectronContinuityEquation"	RelError: 1.71937e-09	AbsError: 1.70104e+09
      Equation: "HoleContinuityEquation"	RelError: 2.03454e-08	AbsError: 2.34178e+05
      Equation: "PotentialEquation"	RelError: 4.84037e-08	AbsError: 2.65801e-11
    Region: "oxide"	RelError: 2.30187e-11	AbsError: 1.37717e-11
      Equation: "PotentialEquation"	RelError: 2.30187e-11	AbsError: 1.37717e-11
number of equations 8953
Iteration: 0
  Device: "part1_baseline"	RelError: 2.12466e-01	AbsError: 3.00317e+17
    Region: "bulk"	RelError: 2.02772e-01	AbsError: 3.00317e+17
      Equation: "ElectronContinuityEquation"	RelError: 1.84868e-02	AbsError: 3.00316e+17
      Equation: "HoleContinuityEquation"	RelError: 1.95064e-02	AbsError: 1.04925e+12
      Equation: "PotentialEquation"	RelError: 1.64779e-01	AbsError: 4.88543e-04
    Region: "oxide"	RelError: 9.69405e-03	AbsError: 2.00000e-02
      Equation: "PotentialEquation"	RelError: 9.69405e-03	AbsError: 2.00000e-02
Iteration: 1
  Device: "part1_baseline"	RelError: 2.40517e-03	AbsError: 4.16822e+14
    Region: "bulk"	RelError: 2.39837e-03	AbsError: 4.16822e+14
      Equation: "ElectronContinuityEquation"	RelError: 4.82043e-05	AbsError: 4.16810e+14
      Equation: "HoleContinuityEquation"	RelError: 3.38254e-04	AbsError: 1.18855e+10
      Equation: "PotentialEquation"	RelError: 2.01192e-03	AbsError: 3.86389e-06
    Region: "oxide"	RelError: 6.79627e-06	AbsError: 3.86389e-06
      Equation: "PotentialEquation"	RelError: 6.79627e-06	AbsError: 3.86389e-06
Iteration: 2
  Device: "part1_baseline"	RelError: 7.43896e-08	AbsError: 1.61634e+09
    Region: "bulk"	RelError: 7.43674e-08	AbsError: 1.61634e+09
      Equation: "ElectronContinuityEquation"	RelError: 1.61215e-09	AbsError: 1.61612e+09
      Equation: "HoleContinuityEquation"	RelError: 1.91371e-08	AbsError: 2.23648e+05
      Equation: "PotentialEquation"	RelError: 5.36182e-08	AbsError: 2.52772e-11
    Region: "oxide"	RelError: 2.21865e-11	AbsError: 1.32840e-11
      Equation: "PotentialEquation"	RelError: 2.21865e-11	AbsError: 1.32840e-11
number of equations 8953
Iteration: 0
  Device: "part1_baseline"	RelError: 2.38104e-01	AbsError: 3.01099e+17
    Region: "bulk"	RelError: 2.28503e-01	AbsError: 3.01099e+17
      Equation: "ElectronContinuityEquation"	RelError: 1.81999e-02	AbsError: 3.01097e+17
      Equation: "HoleContinuityEquation"	RelError: 1.91901e-02	AbsError: 1.02566e+12
      Equation: "PotentialEquation"	RelError: 1.91113e-01	AbsError: 4.80931e-04
    Region: "oxide"	RelError: 9.60098e-03	AbsError: 2.00000e-02
      Equation: "PotentialEquation"	RelError: 9.60098e-03	AbsError: 2.00000e-02
Iteration: 1
  Device: "part1_baseline"	RelError: 2.68353e-03	AbsError: 4.06521e+14
    Region: "bulk"	RelError: 2.67693e-03	AbsError: 4.06521e+14
      Equation: "ElectronContinuityEquation"	RelError: 4.67912e-05	AbsError: 4.06510e+14
      Equation: "HoleContinuityEquation"	RelError: 3.27938e-04	AbsError: 1.14482e+10
      Equation: "PotentialEquation"	RelError: 2.30220e-03	AbsError: 3.75071e-06
    Region: "oxide"	RelError: 6.59336e-06	AbsError: 3.75071e-06
      Equation: "PotentialEquation"	RelError: 6.59336e-06	AbsError: 3.75071e-06
Iteration: 2
  Device: "part1_baseline"	RelError: 8.02973e-08	AbsError: 1.53689e+09
    Region: "bulk"	RelError: 8.02759e-08	AbsError: 1.53689e+09
      Equation: "ElectronContinuityEquation"	RelError: 1.51296e-09	AbsError: 1.53668e+09
      Equation: "HoleContinuityEquation"	RelError: 1.80145e-08	AbsError: 2.13681e+05
      Equation: "PotentialEquation"	RelError: 6.07484e-08	AbsError: 2.40510e-11
    Region: "oxide"	RelError: 2.13877e-11	AbsError: 1.28153e-11
      Equation: "PotentialEquation"	RelError: 2.13877e-11	AbsError: 1.28153e-11
number of equations 8953
Iteration: 0
  Device: "part1_baseline"	RelError: 2.74963e-01	AbsError: 3.01862e+17
    Region: "bulk"	RelError: 2.65453e-01	AbsError: 3.01862e+17
      Equation: "ElectronContinuityEquation"	RelError: 1.79212e-02	AbsError: 3.01861e+17
      Equation: "HoleContinuityEquation"	RelError: 1.88836e-02	AbsError: 1.00301e+12
      Equation: "PotentialEquation"	RelError: 2.28649e-01	AbsError: 4.73541e-04
    Region: "oxide"	RelError: 9.50968e-03	AbsError: 2.00000e-02
      Equation: "PotentialEquation"	RelError: 9.50968e-03	AbsError: 2.00000e-02
Iteration: 1
  Device: "part1_baseline"	RelError: 3.08756e-03	AbsError: 3.96579e+14
    Region: "bulk"	RelError: 3.08116e-03	AbsError: 3.96579e+14
      Equation: "ElectronContinuityEquation"	RelError: 4.54346e-05	AbsError: 3.96568e+14
      Equation: "HoleContinuityEquation"	RelError: 3.18065e-04	AbsError: 1.10327e+10
      Equation: "PotentialEquation"	RelError: 2.71766e-03	AbsError: 3.64225e-06
    Region: "oxide"	RelError: 6.39903e-06	AbsError: 3.64225e-06
      Equation: "PotentialEquation"	RelError: 6.39903e-06	AbsError: 3.64225e-06
Iteration: 2
  Device: "part1_baseline"	RelError: 8.94119e-08	AbsError: 1.46250e+09
    Region: "bulk"	RelError: 8.93913e-08	AbsError: 1.46250e+09
      Equation: "ElectronContinuityEquation"	RelError: 1.42110e-09	AbsError: 1.46230e+09
      Equation: "HoleContinuityEquation"	RelError: 1.69706e-08	AbsError: 2.04241e+05
      Equation: "PotentialEquation"	RelError: 7.09995e-08	AbsError: 2.28962e-11
    Region: "oxide"	RelError: 2.06211e-11	AbsError: 1.23651e-11
      Equation: "PotentialEquation"	RelError: 2.06211e-11	AbsError: 1.23651e-11
number of equations 8953
Iteration: 0
  Device: "part1_baseline"	RelError: 3.32048e-01	AbsError: 3.02607e+17
    Region: "bulk"	RelError: 3.22628e-01	AbsError: 3.02607e+17
      Equation: "ElectronContinuityEquation"	RelError: 1.76504e-02	AbsError: 3.02606e+17
      Equation: "HoleContinuityEquation"	RelError: 1.85970e-02	AbsError: 9.81182e+11
      Equation: "PotentialEquation"	RelError: 2.86381e-01	AbsError: 4.66361e-04
    Region: "oxide"	RelError: 9.42009e-03	AbsError: 2.00000e-02
      Equation: "PotentialEquation"	RelError: 9.42009e-03	AbsError: 2.00000e-02
Iteration: 1
  Device: "part1_baseline"	RelError: 3.71731e-03	AbsError: 3.86979e+14
    Region: "bulk"	RelError: 3.71110e-03	AbsError: 3.86979e+14
      Equation: "ElectronContinuityEquation"	RelError: 4.41318e-05	AbsError: 3.86969e+14
      Equation: "HoleContinuityEquation"	RelError: 3.08611e-04	AbsError: 1.06375e+10
      Equation: "PotentialEquation"	RelError: 3.35835e-03	AbsError: 3.53826e-06
    Region: "oxide"	RelError: 6.21281e-06	AbsError: 3.53826e-06
      Equation: "PotentialEquation"	RelError: 6.21281e-06	AbsError: 3.53826e-06
Iteration: 2
  Device: "part1_baseline"	RelError: 1.04219e-07	AbsError: 1.39278e+09
    Region: "bulk"	RelError: 1.04199e-07	AbsError: 1.39278e+09
      Equation: "ElectronContinuityEquation"	RelError: 1.33595e-09	AbsError: 1.39259e+09
      Equation: "HoleContinuityEquation"	RelError: 1.59991e-08	AbsError: 1.95297e+05
      Equation: "PotentialEquation"	RelError: 8.68638e-08	AbsError: 2.18081e-11
    Region: "oxide"	RelError: 1.98853e-11	AbsError: 1.19326e-11
      Equation: "PotentialEquation"	RelError: 1.98853e-11	AbsError: 1.19326e-11
number of equations 8953
Iteration: 0
  Device: "part1_baseline"	RelError: 4.31506e-01	AbsError: 3.03334e+17
    Region: "bulk"	RelError: 4.22174e-01	AbsError: 3.03334e+17
      Equation: "ElectronContinuityEquation"	RelError: 1.73871e-02	AbsError: 3.03333e+17
      Equation: "HoleContinuityEquation"	RelError: 1.83184e-02	AbsError: 9.60130e+11
      Equation: "PotentialEquation"	RelError: 3.86469e-01	AbsError: 4.59395e-04
    Region: "oxide"	RelError: 9.33218e-03	AbsError: 2.00000e-02
      Equation: "PotentialEquation"	RelError: 9.33218e-03	AbsError: 2.00000e-02
Iteration: 1
  Device: "part1_baseline"	RelError: 4.81865e-03	AbsError: 3.77708e+14
    Region: "bulk"	RelError: 4.81262e-03	AbsError: 3.77708e+14
      Equation: "ElectronContinuityEquation"	RelError: 4.28801e-05	AbsError: 3.77698e+14
      Equation: "HoleContinuityEquation"	RelError: 2.99554e-04	AbsError: 1.02615e+10
      Equation: "PotentialEquation"	RelError: 4.47019e-03	AbsError: 3.43850e-06
    Region: "oxide"	RelError: 6.03427e-06	AbsError: 3.43850e-06
      Equation: "PotentialEquation"	RelError: 6.03427e-06	AbsError: 3.43850e-06
Iteration: 2
  Device: "part1_baseline"	RelError: 1.30836e-07	AbsError: 1.32738e+09
    Region: "bulk"	RelError: 1.30817e-07	AbsError: 1.32738e+09
      Equation: "ElectronContinuityEquation"	RelError: 1.25693e-09	AbsError: 1.32719e+09
      Equation: "HoleContinuityEquation"	RelError: 1.50941e-08	AbsError: 1.86820e+05
      Equation: "PotentialEquation"	RelError: 1.14466e-07	AbsError: 2.07821e-11
    Region: "oxide"	RelError: 1.91793e-11	AbsError: 1.15172e-11
      Equation: "PotentialEquation"	RelError: 1.91793e-11	AbsError: 1.15172e-11
number of equations 8953
Iteration: 0
  Device: "part1_baseline"	RelError: 6.46615e-01	AbsError: 3.04044e+17
    Region: "bulk"	RelError: 6.37369e-01	AbsError: 3.04044e+17
      Equation: "ElectronContinuityEquation"	RelError: 1.71311e-02	AbsError: 3.04044e+17
      Equation: "HoleContinuityEquation"	RelError: 1.80476e-02	AbsError: 9.39820e+11
      Equation: "PotentialEquation"	RelError: 6.02190e-01	AbsError: 4.52629e-04
    Region: "oxide"	RelError: 9.24590e-03	AbsError: 2.00000e-02
      Equation: "PotentialEquation"	RelError: 9.24590e-03	AbsError: 2.00000e-02
Iteration: 1
  Device: "part1_baseline"	RelError: 7.20104e-03	AbsError: 3.68751e+14
    Region: "bulk"	RelError: 7.19518e-03	AbsError: 3.68751e+14
      Equation: "ElectronContinuityEquation"	RelError: 4.16770e-05	AbsError: 3.68741e+14
      Equation: "HoleContinuityEquation"	RelError: 2.90872e-04	AbsError: 9.90355e+09
      Equation: "PotentialEquation"	RelError: 6.86263e-03	AbsError: 3.34275e-06
    Region: "oxide"	RelError: 5.86299e-06	AbsError: 3.34275e-06
      Equation: "PotentialEquation"	RelError: 5.86299e-06	AbsError: 3.34275e-06
Iteration: 2
  Device: "part1_baseline"	RelError: 1.89419e-07	AbsError: 1.26596e+09
    Region: "bulk"	RelError: 1.89400e-07	AbsError: 1.26596e+09
      Equation: "ElectronContinuityEquation"	RelError: 1.18354e-09	AbsError: 1.26578e+09
      Equation: "HoleContinuityEquation"	RelError: 1.42504e-08	AbsError: 1.78781e+05
      Equation: "PotentialEquation"	RelError: 1.73966e-07	AbsError: 1.98143e-11
    Region: "oxide"	RelError: 1.85017e-11	AbsError: 1.11182e-11
      Equation: "PotentialEquation"	RelError: 1.85017e-11	AbsError: 1.11182e-11
Adding 820 nodes
Adding 1960 edges with 0 duplicates removed
Adding 1140 triangles  with 0 duplicate removed
Adding 2916 nodes
Adding 8515 edges with 0 duplicates removed
Adding 5600 triangles  with 0 duplicate removed
Adding 205 nodes
Adding 524 edges with 0 duplicates removed
Adding 320 triangles  with 0 duplicate removed
Adding 205 nodes
Adding 524 edges with 0 duplicates removed
Adding 320 triangles  with 0 duplicate removed
Contact body in region bulk with 81 nodes
Contact drain in region bulk with 21 nodes
Contact gate in region oxide with 41 nodes
Contact source in region bulk with 21 nodes
Adding interface bulk_oxide with 39, 39 nodes
Replacing Node Model DrainDoping in region bulk of material Silicon
Replacing Node Model NetDoping in region bulk of material Silicon
Replacing Node Model SourceDoping in region bulk of material Silicon
Replacing Node Model gatenodemodel in region oxide of material Oxide
number of equations 3121
Iteration: 0
  Device: "part1_baseline"	RelError: 2.00000e+00	AbsError: 2.02789e-01
    Region: "bulk"	RelError: 1.00000e+00	AbsError: 2.02789e-01
      Equation: "PotentialEquation"	RelError: 1.00000e+00	AbsError: 2.02789e-01
    Region: "oxide"	RelError: 1.00000e+00	AbsError: 1.43186e-01
      Equation: "PotentialEquation"	RelError: 1.00000e+00	AbsError: 1.43186e-01
Iteration: 1
  Device: "part1_baseline"	RelError: 1.43212e+01	AbsError: 1.90619e-01
    Region: "bulk"	RelError: 1.38397e+01	AbsError: 1.90619e-01
      Equation: "PotentialEquation"	RelError: 1.38397e+01	AbsError: 1.90619e-01
    Region: "oxide"	RelError: 4.81452e-01	AbsError: 1.32942e-01
      Equation: "PotentialEquation"	RelError: 4.81452e-01	AbsError: 1.32942e-01
Iteration: 2
  Device: "part1_baseline"	RelError: 2.80797e+01	AbsError: 1.16298e-01
    Region: "bulk"	RelError: 2.78258e+01	AbsError: 1.16298e-01
      Equation: "PotentialEquation"	RelError: 2.78258e+01	AbsError: 1.16298e-01
    Region: "oxide"	RelError: 2.53897e-01	AbsError: 5.56179e-02
      Equation: "PotentialEquation"	RelError: 2.53897e-01	AbsError: 5.56179e-02
Iteration: 3
  Device: "part1_baseline"	RelError: 3.50444e+01	AbsError: 7.65245e-02
    Region: "bulk"	RelError: 3.47673e+01	AbsError: 7.65245e-02
      Equation: "PotentialEquation"	RelError: 3.47673e+01	AbsError: 7.65245e-02
    Region: "oxide"	RelError: 2.77152e-01	AbsError: 2.91280e-02
      Equation: "PotentialEquation"	RelError: 2.77152e-01	AbsError: 2.91280e-02
Iteration: 4
  Device: "part1_baseline"	RelError: 3.16505e+03	AbsError: 7.86947e-02
    Region: "bulk"	RelError: 3.16467e+03	AbsError: 7.86947e-02
      Equation: "PotentialEquation"	RelError: 3.16467e+03	AbsError: 7.86947e-02
    Region: "oxide"	RelError: 3.78519e-01	AbsError: 2.72800e-02
      Equation: "PotentialEquation"	RelError: 3.78519e-01	AbsError: 2.72800e-02
Iteration: 5
  Device: "part1_baseline"	RelError: 1.38687e+02	AbsError: 7.76152e-02
    Region: "bulk"	RelError: 1.38104e+02	AbsError: 7.76152e-02
      Equation: "PotentialEquation"	RelError: 1.38104e+02	AbsError: 7.76152e-02
    Region: "oxide"	RelError: 5.83149e-01	AbsError: 2.49760e-02
      Equation: "PotentialEquation"	RelError: 5.83149e-01	AbsError: 2.49760e-02
Iteration: 6
  Device: "part1_baseline"	RelError: 1.47501e+02	AbsError: 7.44085e-02
    Region: "bulk"	RelError: 1.47099e+02	AbsError: 7.44085e-02
      Equation: "PotentialEquation"	RelError: 1.47099e+02	AbsError: 7.44085e-02
    Region: "oxide"	RelError: 4.02329e-01	AbsError: 2.58540e-02
      Equation: "PotentialEquation"	RelError: 4.02329e-01	AbsError: 2.58540e-02
Iteration: 7
  Device: "part1_baseline"	RelError: 1.42428e+02	AbsError: 6.99609e-02
    Region: "bulk"	RelError: 1.42183e+02	AbsError: 6.99609e-02
      Equation: "PotentialEquation"	RelError: 1.42183e+02	AbsError: 6.99609e-02
    Region: "oxide"	RelError: 2.44454e-01	AbsError: 1.23474e-02
      Equation: "PotentialEquation"	RelError: 2.44454e-01	AbsError: 1.23474e-02
Iteration: 8
  Device: "part1_baseline"	RelError: 6.22046e+03	AbsError: 6.61169e-02
    Region: "bulk"	RelError: 6.22030e+03	AbsError: 6.61169e-02
      Equation: "PotentialEquation"	RelError: 6.22030e+03	AbsError: 6.61169e-02
    Region: "oxide"	RelError: 1.61450e-01	AbsError: 9.72492e-03
      Equation: "PotentialEquation"	RelError: 1.61450e-01	AbsError: 9.72492e-03
Iteration: 9
  Device: "part1_baseline"	RelError: 5.87085e+02	AbsError: 6.03682e-02
    Region: "bulk"	RelError: 5.87025e+02	AbsError: 6.03682e-02
      Equation: "PotentialEquation"	RelError: 5.87025e+02	AbsError: 6.03682e-02
    Region: "oxide"	RelError: 6.08730e-02	AbsError: 4.16288e-03
      Equation: "PotentialEquation"	RelError: 6.08730e-02	AbsError: 4.16288e-03
Iteration: 10
  Device: "part1_baseline"	RelError: 8.49743e+01	AbsError: 5.03883e-02
    Region: "bulk"	RelError: 8.49516e+01	AbsError: 5.03883e-02
      Equation: "PotentialEquation"	RelError: 8.49516e+01	AbsError: 5.03883e-02
    Region: "oxide"	RelError: 2.27063e-02	AbsError: 1.80811e-03
      Equation: "PotentialEquation"	RelError: 2.27063e-02	AbsError: 1.80811e-03
Iteration: 11
  Device: "part1_baseline"	RelError: 1.74367e+01	AbsError: 3.72404e-02
    Region: "bulk"	RelError: 1.74307e+01	AbsError: 3.72404e-02
      Equation: "PotentialEquation"	RelError: 1.74307e+01	AbsError: 3.72404e-02
    Region: "oxide"	RelError: 5.94294e-03	AbsError: 5.25434e-04
      Equation: "PotentialEquation"	RelError: 5.94294e-03	AbsError: 5.25434e-04
Iteration: 12
  Device: "part1_baseline"	RelError: 1.28893e+00	AbsError: 2.56113e-02
    Region: "bulk"	RelError: 1.28792e+00	AbsError: 2.56113e-02
      Equation: "PotentialEquation"	RelError: 1.28792e+00	AbsError: 2.56113e-02
    Region: "oxide"	RelError: 1.00896e-03	AbsError: 9.48646e-05
      Equation: "PotentialEquation"	RelError: 1.00896e-03	AbsError: 9.48646e-05
Iteration: 13
  Device: "part1_baseline"	RelError: 1.81942e-01	AbsError: 1.05866e-02
    Region: "bulk"	RelError: 1.81851e-01	AbsError: 1.05866e-02
      Equation: "PotentialEquation"	RelError: 1.81851e-01	AbsError: 1.05866e-02
    Region: "oxide"	RelError: 9.05129e-05	AbsError: 8.98442e-06
      Equation: "PotentialEquation"	RelError: 9.05129e-05	AbsError: 8.98442e-06
Iteration: 14
  Device: "part1_baseline"	RelError: 5.70491e-03	AbsError: 2.42540e-04
    Region: "bulk"	RelError: 5.70316e-03	AbsError: 2.42540e-04
      Equation: "PotentialEquation"	RelError: 5.70316e-03	AbsError: 2.42540e-04
    Region: "oxide"	RelError: 1.75311e-06	AbsError: 1.76531e-07
      Equation: "PotentialEquation"	RelError: 1.75311e-06	AbsError: 1.76531e-07
Iteration: 15
  Device: "part1_baseline"	RelError: 4.74777e-06	AbsError: 2.57412e-07
    Region: "bulk"	RelError: 4.74664e-06	AbsError: 2.57412e-07
      Equation: "PotentialEquation"	RelError: 4.74664e-06	AbsError: 2.57412e-07
    Region: "oxide"	RelError: 1.13179e-09	AbsError: 1.14234e-10
      Equation: "PotentialEquation"	RelError: 1.13179e-09	AbsError: 1.14234e-10
Iteration: 16
  Device: "part1_baseline"	RelError: 5.56047e-12	AbsError: 3.32063e-13
    Region: "bulk"	RelError: 5.55952e-12	AbsError: 3.32063e-13
      Equation: "PotentialEquation"	RelError: 5.55952e-12	AbsError: 3.32063e-13
    Region: "oxide"	RelError: 9.48631e-16	AbsError: 9.58747e-17
      Equation: "PotentialEquation"	RelError: 9.48631e-16	AbsError: 9.58747e-17
Iteration: 17
  Device: "part1_baseline"	RelError: 9.41885e-24	AbsError: 6.13808e-25
    Region: "bulk"	RelError: 9.41764e-24	AbsError: 6.13808e-25
      Equation: "PotentialEquation"	RelError: 9.41764e-24	AbsError: 6.13808e-25
    Region: "oxide"	RelError: 1.21313e-27	AbsError: 1.22620e-28
      Equation: "PotentialEquation"	RelError: 1.21313e-27	AbsError: 1.22620e-28
Warning: Replacing equation with equation of the same name.
Region: bulk, Equation: PotentialEquation, Variable: Potential
number of equations 8953
Iteration: 0
  Device: "part1_baseline"	RelError: 6.44528e-32	AbsError: 1.90745e-14
    Region: "bulk"	RelError: 6.41786e-32	AbsError: 1.90745e-14
      Equation: "ElectronContinuityEquation"	RelError: 1.08571e-32	AbsError: 1.90622e-14
      Equation: "HoleContinuityEquation"	RelError: 9.05623e-33	AbsError: 1.23454e-17
      Equation: "PotentialEquation"	RelError: 4.42653e-32	AbsError: 1.04262e-34
    Region: "oxide"	RelError: 2.74194e-34	AbsError: 2.28985e-35
      Equation: "PotentialEquation"	RelError: 2.74194e-34	AbsError: 2.28985e-35
number of equations 8953
Iteration: 0
  Device: "part1_baseline"	RelError: 2.98423e+03	AbsError: 5.35130e+16
    Region: "bulk"	RelError: 2.98410e+03	AbsError: 5.35130e+16
      Equation: "ElectronContinuityEquation"	RelError: 9.99000e+02	AbsError: 5.19653e+16
      Equation: "HoleContinuityEquation"	RelError: 1.88523e+03	AbsError: 1.54765e+15
      Equation: "PotentialEquation"	RelError: 9.98752e+01	AbsError: 4.09542e-02
    Region: "oxide"	RelError: 1.24811e-01	AbsError: 2.78226e-02
      Equation: "PotentialEquation"	RelError: 1.24811e-01	AbsError: 2.78226e-02
Iteration: 1
  Device: "part1_baseline"	RelError: 1.52988e+01	AbsError: 6.22328e+15
    Region: "bulk"	RelError: 1.52327e+01	AbsError: 6.22328e+15
      Equation: "ElectronContinuityEquation"	RelError: 9.98540e-01	AbsError: 5.94582e+15
      Equation: "HoleContinuityEquation"	RelError: 9.98813e-01	AbsError: 2.77463e+14
      Equation: "PotentialEquation"	RelError: 1.32354e+01	AbsError: 3.07646e-02
    Region: "oxide"	RelError: 6.60653e-02	AbsError: 2.02396e-02
      Equation: "PotentialEquation"	RelError: 6.60653e-02	AbsError: 2.02396e-02
Iteration: 2
  Device: "part1_baseline"	RelError: 1.00209e+03	AbsError: 1.27408e+15
    Region: "bulk"	RelError: 1.00209e+03	AbsError: 1.27408e+15
      Equation: "ElectronContinuityEquation"	RelError: 2.47222e+00	AbsError: 1.23448e+15
      Equation: "HoleContinuityEquation"	RelError: 9.99000e+02	AbsError: 3.95998e+13
      Equation: "PotentialEquation"	RelError: 6.16549e-01	AbsError: 2.58699e-02
    Region: "oxide"	RelError: 7.17802e-04	AbsError: 2.19746e-04
      Equation: "PotentialEquation"	RelError: 7.17802e-04	AbsError: 2.19746e-04
Iteration: 3
  Device: "part1_baseline"	RelError: 1.25997e+00	AbsError: 8.63591e+14
    Region: "bulk"	RelError: 1.25955e+00	AbsError: 8.63591e+14
      Equation: "ElectronContinuityEquation"	RelError: 2.38914e-01	AbsError: 8.62786e+14
      Equation: "HoleContinuityEquation"	RelError: 9.97465e-01	AbsError: 8.04327e+11
      Equation: "PotentialEquation"	RelError: 2.31740e-02	AbsError: 9.16533e-03
    Region: "oxide"	RelError: 4.13906e-04	AbsError: 1.26660e-04
      Equation: "PotentialEquation"	RelError: 4.13906e-04	AbsError: 1.26660e-04
Iteration: 4
  Device: "part1_baseline"	RelError: 3.56323e-01	AbsError: 1.04916e+15
    Region: "bulk"	RelError: 3.55922e-01	AbsError: 1.04916e+15
      Equation: "ElectronContinuityEquation"	RelError: 2.40104e-02	AbsError: 1.04739e+15
      Equation: "HoleContinuityEquation"	RelError: 2.85447e-01	AbsError: 1.76689e+12
      Equation: "PotentialEquation"	RelError: 4.64644e-02	AbsError: 3.07581e-04
    Region: "oxide"	RelError: 4.00809e-04	AbsError: 1.10797e-04
      Equation: "PotentialEquation"	RelError: 4.00809e-04	AbsError: 1.10797e-04
Iteration: 5
  Device: "part1_baseline"	RelError: 5.51711e-04	AbsError: 4.77648e+11
    Region: "bulk"	RelError: 5.51681e-04	AbsError: 4.77648e+11
      Equation: "ElectronContinuityEquation"	RelError: 1.22876e-04	AbsError: 4.77294e+11
      Equation: "HoleContinuityEquation"	RelError: 4.17263e-04	AbsError: 3.53552e+08
      Equation: "PotentialEquation"	RelError: 1.15416e-05	AbsError: 9.97755e-08
    Region: "oxide"	RelError: 3.00875e-08	AbsError: 4.97278e-09
      Equation: "PotentialEquation"	RelError: 3.00875e-08	AbsError: 4.97278e-09
Iteration: 6
  Device: "part1_baseline"	RelError: 1.81394e-10	AbsError: 1.17417e+05
    Region: "bulk"	RelError: 1.81373e-10	AbsError: 1.17417e+05
      Equation: "ElectronContinuityEquation"	RelError: 4.16111e-11	AbsError: 1.17352e+05
      Equation: "HoleContinuityEquation"	RelError: 1.36065e-10	AbsError: 6.54148e+01
      Equation: "PotentialEquation"	RelError: 3.69729e-12	AbsError: 2.51874e-14
    Region: "oxide"	RelError: 2.06624e-14	AbsError: 4.14172e-15
      Equation: "PotentialEquation"	RelError: 2.06624e-14	AbsError: 4.14172e-15
number of equations 8953
Iteration: 0
  Device: "part1_baseline"	RelError: 4.26609e+03	AbsError: 5.77671e+16
    Region: "bulk"	RelError: 4.26599e+03	AbsError: 5.77671e+16
      Equation: "ElectronContinuityEquation"	RelError: 9.99000e+02	AbsError: 5.63395e+16
      Equation: "HoleContinuityEquation"	RelError: 3.01003e+03	AbsError: 1.42760e+15
      Equation: "PotentialEquation"	RelError: 2.56958e+02	AbsError: 4.09542e-02
    Region: "oxide"	RelError: 1.03374e-01	AbsError: 2.63348e-02
      Equation: "PotentialEquation"	RelError: 1.03374e-01	AbsError: 2.63348e-02
Iteration: 1
  Device: "part1_baseline"	RelError: 9.34620e+00	AbsError: 3.40360e+15
    Region: "bulk"	RelError: 9.29372e+00	AbsError: 3.40360e+15
      Equation: "ElectronContinuityEquation"	RelError: 9.98563e-01	AbsError: 3.18204e+15
      Equation: "HoleContinuityEquation"	RelError: 9.99222e-01	AbsError: 2.21557e+14
      Equation: "PotentialEquation"	RelError: 7.29593e+00	AbsError: 3.07640e-02
    Region: "oxide"	RelError: 5.24825e-02	AbsError: 1.84023e-02
      Equation: "PotentialEquation"	RelError: 5.24825e-02	AbsError: 1.84023e-02
Iteration: 2
  Device: "part1_baseline"	RelError: 1.00102e+03	AbsError: 8.25553e+14
    Region: "bulk"	RelError: 1.00102e+03	AbsError: 8.25553e+14
      Equation: "ElectronContinuityEquation"	RelError: 1.43978e+00	AbsError: 7.97225e+14
      Equation: "HoleContinuityEquation"	RelError: 9.99000e+02	AbsError: 2.83277e+13
      Equation: "PotentialEquation"	RelError: 5.81427e-01	AbsError: 2.58205e-02
    Region: "oxide"	RelError: 4.26831e-04	AbsError: 1.49599e-04
      Equation: "PotentialEquation"	RelError: 4.26831e-04	AbsError: 1.49599e-04
Iteration: 3
  Device: "part1_baseline"	RelError: 1.27870e+00	AbsError: 7.53513e+14
    Region: "bulk"	RelError: 1.27849e+00	AbsError: 7.53513e+14
      Equation: "ElectronContinuityEquation"	RelError: 2.34394e-01	AbsError: 7.52909e+14
      Equation: "HoleContinuityEquation"	RelError: 9.97364e-01	AbsError: 6.03900e+11
      Equation: "PotentialEquation"	RelError: 4.67289e-02	AbsError: 9.16533e-03
    Region: "oxide"	RelError: 2.13235e-04	AbsError: 7.47203e-05
      Equation: "PotentialEquation"	RelError: 2.13235e-04	AbsError: 7.47203e-05
Iteration: 4
  Device: "part1_baseline"	RelError: 1.20512e+00	AbsError: 8.69589e+14
    Region: "bulk"	RelError: 1.20491e+00	AbsError: 8.69589e+14
      Equation: "ElectronContinuityEquation"	RelError: 2.56215e-02	AbsError: 8.68348e+14
      Equation: "HoleContinuityEquation"	RelError: 2.55383e-01	AbsError: 1.24135e+12
      Equation: "PotentialEquation"	RelError: 9.23902e-01	AbsError: 2.14763e-04
    Region: "oxide"	RelError: 2.15391e-04	AbsError: 6.17026e-05
      Equation: "PotentialEquation"	RelError: 2.15391e-04	AbsError: 6.17026e-05
Iteration: 5
  Device: "part1_baseline"	RelError: 5.98282e-04	AbsError: 4.14669e+11
    Region: "bulk"	RelError: 5.98218e-04	AbsError: 4.14669e+11
      Equation: "ElectronContinuityEquation"	RelError: 7.43974e-05	AbsError: 4.14317e+11
      Equation: "HoleContinuityEquation"	RelError: 2.02250e-04	AbsError: 3.51667e+08
      Equation: "PotentialEquation"	RelError: 3.21570e-04	AbsError: 1.00033e-07
    Region: "oxide"	RelError: 6.37418e-08	AbsError: 1.45941e-08
      Equation: "PotentialEquation"	RelError: 6.37418e-08	AbsError: 1.45941e-08
Iteration: 6
  Device: "part1_baseline"	RelError: 1.58947e-10	AbsError: 1.01572e+05
    Region: "bulk"	RelError: 1.58933e-10	AbsError: 1.01572e+05
      Equation: "ElectronContinuityEquation"	RelError: 3.62341e-11	AbsError: 1.01512e+05
      Equation: "HoleContinuityEquation"	RelError: 5.79369e-11	AbsError: 5.98990e+01
      Equation: "PotentialEquation"	RelError: 6.47619e-11	AbsError: 2.64550e-14
    Region: "oxide"	RelError: 1.38653e-14	AbsError: 3.02649e-15
      Equation: "PotentialEquation"	RelError: 1.38653e-14	AbsError: 3.02649e-15
number of equations 8953
Iteration: 0
  Device: "part1_baseline"	RelError: 2.07100e+03	AbsError: 6.11104e+16
    Region: "bulk"	RelError: 2.07091e+03	AbsError: 6.11104e+16
      Equation: "ElectronContinuityEquation"	RelError: 9.99000e+02	AbsError: 5.98348e+16
      Equation: "HoleContinuityEquation"	RelError: 9.99000e+02	AbsError: 1.27562e+15
      Equation: "PotentialEquation"	RelError: 7.29061e+01	AbsError: 4.09542e-02
    Region: "oxide"	RelError: 9.01554e-02	AbsError: 2.55130e-02
      Equation: "PotentialEquation"	RelError: 9.01554e-02	AbsError: 2.55130e-02
Iteration: 1
  Device: "part1_baseline"	RelError: 5.00655e+01	AbsError: 1.99240e+15
    Region: "bulk"	RelError: 5.00211e+01	AbsError: 1.99240e+15
      Equation: "ElectronContinuityEquation"	RelError: 9.98653e-01	AbsError: 1.81438e+15
      Equation: "HoleContinuityEquation"	RelError: 9.98570e-01	AbsError: 1.78020e+14
      Equation: "PotentialEquation"	RelError: 4.80238e+01	AbsError: 3.07636e-02
    Region: "oxide"	RelError: 4.44594e-02	AbsError: 1.74882e-02
      Equation: "PotentialEquation"	RelError: 4.44594e-02	AbsError: 1.74882e-02
Iteration: 2
  Device: "part1_baseline"	RelError: 1.00027e+03	AbsError: 5.46154e+14
    Region: "bulk"	RelError: 1.00027e+03	AbsError: 5.46154e+14
      Equation: "ElectronContinuityEquation"	RelError: 1.11099e+00	AbsError: 5.22709e+14
      Equation: "HoleContinuityEquation"	RelError: 9.99000e+02	AbsError: 2.34449e+13
      Equation: "PotentialEquation"	RelError: 1.60481e-01	AbsError: 2.57752e-02
    Region: "oxide"	RelError: 2.47679e-04	AbsError: 8.63245e-05
      Equation: "PotentialEquation"	RelError: 2.47679e-04	AbsError: 8.63245e-05
Iteration: 3
  Device: "part1_baseline"	RelError: 1.24324e+00	AbsError: 6.39902e+14
    Region: "bulk"	RelError: 1.24313e+00	AbsError: 6.39902e+14
      Equation: "ElectronContinuityEquation"	RelError: 2.19842e-01	AbsError: 6.39453e+14
      Equation: "HoleContinuityEquation"	RelError: 9.96749e-01	AbsError: 4.49746e+11
      Equation: "PotentialEquation"	RelError: 2.65425e-02	AbsError: 9.16536e-03
    Region: "oxide"	RelError: 1.01993e-04	AbsError: 4.01065e-05
      Equation: "PotentialEquation"	RelError: 1.01993e-04	AbsError: 4.01065e-05
Iteration: 4
  Device: "part1_baseline"	RelError: 2.60092e-01	AbsError: 7.36729e+14
    Region: "bulk"	RelError: 2.59980e-01	AbsError: 7.36729e+14
      Equation: "ElectronContinuityEquation"	RelError: 2.73495e-02	AbsError: 7.35870e+14
      Equation: "HoleContinuityEquation"	RelError: 1.54635e-01	AbsError: 8.58919e+11
      Equation: "PotentialEquation"	RelError: 7.79959e-02	AbsError: 1.34786e-04
    Region: "oxide"	RelError: 1.11764e-04	AbsError: 3.25204e-05
      Equation: "PotentialEquation"	RelError: 1.11764e-04	AbsError: 3.25204e-05
Iteration: 5
  Device: "part1_baseline"	RelError: 1.23830e-04	AbsError: 3.34567e+11
    Region: "bulk"	RelError: 1.23797e-04	AbsError: 3.34567e+11
      Equation: "ElectronContinuityEquation"	RelError: 4.03622e-05	AbsError: 3.34336e+11
      Equation: "HoleContinuityEquation"	RelError: 5.83816e-05	AbsError: 2.31260e+08
      Equation: "PotentialEquation"	RelError: 2.50530e-05	AbsError: 5.27687e-08
    Region: "oxide"	RelError: 3.35114e-08	AbsError: 8.28910e-09
      Equation: "PotentialEquation"	RelError: 3.35114e-08	AbsError: 8.28910e-09
Iteration: 6
  Device: "part1_baseline"	RelError: 2.47859e-11	AbsError: 6.46716e+04
    Region: "bulk"	RelError: 2.47813e-11	AbsError: 6.46716e+04
      Equation: "ElectronContinuityEquation"	RelError: 8.81753e-12	AbsError: 6.46409e+04
      Equation: "HoleContinuityEquation"	RelError: 1.24061e-11	AbsError: 3.06776e+01
      Equation: "PotentialEquation"	RelError: 3.55763e-12	AbsError: 8.64130e-15
    Region: "oxide"	RelError: 4.61581e-15	AbsError: 1.09410e-15
      Equation: "PotentialEquation"	RelError: 4.61581e-15	AbsError: 1.09410e-15
number of equations 8953
Iteration: 0
  Device: "part1_baseline"	RelError: 2.01458e+03	AbsError: 6.36036e+16
    Region: "bulk"	RelError: 2.01450e+03	AbsError: 6.36036e+16
      Equation: "ElectronContinuityEquation"	RelError: 9.99000e+02	AbsError: 6.23962e+16
      Equation: "HoleContinuityEquation"	RelError: 9.99000e+02	AbsError: 1.20737e+15
      Equation: "PotentialEquation"	RelError: 1.64972e+01	AbsError: 4.09542e-02
    Region: "oxide"	RelError: 8.08979e-02	AbsError: 2.50989e-02
      Equation: "PotentialEquation"	RelError: 8.08979e-02	AbsError: 2.50989e-02
Iteration: 1
  Device: "part1_baseline"	RelError: 2.98327e+01	AbsError: 1.23237e+15
    Region: "bulk"	RelError: 2.97935e+01	AbsError: 1.23237e+15
      Equation: "ElectronContinuityEquation"	RelError: 9.98521e-01	AbsError: 1.07066e+15
      Equation: "HoleContinuityEquation"	RelError: 9.98521e-01	AbsError: 1.61716e+14
      Equation: "PotentialEquation"	RelError: 2.77965e+01	AbsError: 3.07634e-02
    Region: "oxide"	RelError: 3.91694e-02	AbsError: 1.70522e-02
      Equation: "PotentialEquation"	RelError: 3.91694e-02	AbsError: 1.70522e-02
Iteration: 2
  Device: "part1_baseline"	RelError: 1.51028e+01	AbsError: 3.48483e+14
    Region: "bulk"	RelError: 1.51027e+01	AbsError: 3.48483e+14
      Equation: "ElectronContinuityEquation"	RelError: 9.13722e-01	AbsError: 3.32522e+14
      Equation: "HoleContinuityEquation"	RelError: 1.41227e+01	AbsError: 1.59606e+13
      Equation: "PotentialEquation"	RelError: 6.62241e-02	AbsError: 2.57328e-02
    Region: "oxide"	RelError: 1.33337e-04	AbsError: 4.67644e-05
      Equation: "PotentialEquation"	RelError: 1.33337e-04	AbsError: 4.67644e-05
Iteration: 3
  Device: "part1_baseline"	RelError: 1.05189e+00	AbsError: 5.31916e+14
    Region: "bulk"	RelError: 1.05185e+00	AbsError: 5.31916e+14
      Equation: "ElectronContinuityEquation"	RelError: 2.26426e-01	AbsError: 5.31550e+14
      Equation: "HoleContinuityEquation"	RelError: 7.98025e-01	AbsError: 3.65659e+11
      Equation: "PotentialEquation"	RelError: 2.73966e-02	AbsError: 9.16537e-03
    Region: "oxide"	RelError: 4.44923e-05	AbsError: 1.86650e-05
      Equation: "PotentialEquation"	RelError: 4.44923e-05	AbsError: 1.86650e-05
Iteration: 4
  Device: "part1_baseline"	RelError: 9.29393e-02	AbsError: 6.29222e+14
    Region: "bulk"	RelError: 9.28804e-02	AbsError: 6.29222e+14
      Equation: "ElectronContinuityEquation"	RelError: 2.91179e-02	AbsError: 6.28612e+14
      Equation: "HoleContinuityEquation"	RelError: 1.85176e-02	AbsError: 6.09571e+11
      Equation: "PotentialEquation"	RelError: 4.52449e-02	AbsError: 8.99183e-05
    Region: "oxide"	RelError: 5.89486e-05	AbsError: 1.66456e-05
      Equation: "PotentialEquation"	RelError: 5.89486e-05	AbsError: 1.66456e-05
Iteration: 5
  Device: "part1_baseline"	RelError: 3.36476e-05	AbsError: 2.51243e+11
    Region: "bulk"	RelError: 3.36345e-05	AbsError: 2.51243e+11
      Equation: "ElectronContinuityEquation"	RelError: 1.79102e-05	AbsError: 2.51108e+11
      Equation: "HoleContinuityEquation"	RelError: 4.80068e-06	AbsError: 1.35651e+08
      Equation: "PotentialEquation"	RelError: 1.09236e-05	AbsError: 3.14041e-08
    Region: "oxide"	RelError: 1.30857e-08	AbsError: 3.32174e-09
      Equation: "PotentialEquation"	RelError: 1.30857e-08	AbsError: 3.32174e-09
Iteration: 6
  Device: "part1_baseline"	RelError: 3.03758e-12	AbsError: 3.72427e+04
    Region: "bulk"	RelError: 3.03655e-12	AbsError: 3.72427e+04
      Equation: "ElectronContinuityEquation"	RelError: 1.26960e-12	AbsError: 3.72296e+04
      Equation: "HoleContinuityEquation"	RelError: 7.11630e-13	AbsError: 1.30641e+01
      Equation: "PotentialEquation"	RelError: 1.05532e-12	AbsError: 4.45781e-15
    Region: "oxide"	RelError: 1.02758e-15	AbsError: 2.26604e-16
      Equation: "PotentialEquation"	RelError: 1.02758e-15	AbsError: 2.26604e-16
number of equations 8953
Iteration: 0
  Device: "part1_baseline"	RelError: 2.02015e+03	AbsError: 6.50743e+16
    Region: "bulk"	RelError: 2.02007e+03	AbsError: 6.50743e+16
      Equation: "ElectronContinuityEquation"	RelError: 9.99000e+02	AbsError: 6.40388e+16
      Equation: "HoleContinuityEquation"	RelError: 9.99000e+02	AbsError: 1.03546e+15
      Equation: "PotentialEquation"	RelError: 2.20717e+01	AbsError: 4.09542e-02
    Region: "oxide"	RelError: 7.39903e-02	AbsError: 2.49033e-02
      Equation: "PotentialEquation"	RelError: 7.39903e-02	AbsError: 2.49033e-02
Iteration: 1
  Device: "part1_baseline"	RelError: 1.23511e+01	AbsError: 9.47855e+14
    Region: "bulk"	RelError: 1.23158e+01	AbsError: 9.47855e+14
      Equation: "ElectronContinuityEquation"	RelError: 9.98242e-01	AbsError: 8.26500e+14
      Equation: "HoleContinuityEquation"	RelError: 9.98545e-01	AbsError: 1.21354e+14
      Equation: "PotentialEquation"	RelError: 1.03190e+01	AbsError: 3.07633e-02
    Region: "oxide"	RelError: 3.53300e-02	AbsError: 1.68531e-02
      Equation: "PotentialEquation"	RelError: 3.53300e-02	AbsError: 1.68531e-02
Iteration: 2
  Device: "part1_baseline"	RelError: 7.93624e+00	AbsError: 2.07719e+14
    Region: "bulk"	RelError: 7.93617e+00	AbsError: 2.07719e+14
      Equation: "ElectronContinuityEquation"	RelError: 7.68574e-01	AbsError: 1.97455e+14
      Equation: "HoleContinuityEquation"	RelError: 7.11895e+00	AbsError: 1.02637e+13
      Equation: "PotentialEquation"	RelError: 4.86467e-02	AbsError: 2.58691e-02
    Region: "oxide"	RelError: 6.65645e-05	AbsError: 2.37462e-05
      Equation: "PotentialEquation"	RelError: 6.65645e-05	AbsError: 2.37462e-05
Iteration: 3
  Device: "part1_baseline"	RelError: 9.01092e-01	AbsError: 4.35229e+14
    Region: "bulk"	RelError: 9.01073e-01	AbsError: 4.35229e+14
      Equation: "ElectronContinuityEquation"	RelError: 2.31889e-01	AbsError: 4.34887e+14
      Equation: "HoleContinuityEquation"	RelError: 6.58907e-01	AbsError: 3.42177e+11
      Equation: "PotentialEquation"	RelError: 1.02771e-02	AbsError: 9.16538e-03
    Region: "oxide"	RelError: 1.93768e-05	AbsError: 8.34503e-06
      Equation: "PotentialEquation"	RelError: 1.93768e-05	AbsError: 8.34503e-06
Iteration: 4
  Device: "part1_baseline"	RelError: 4.78356e-02	AbsError: 5.25710e+14
    Region: "bulk"	RelError: 4.78038e-02	AbsError: 5.25710e+14
      Equation: "ElectronContinuityEquation"	RelError: 3.05085e-02	AbsError: 5.25228e+14
      Equation: "HoleContinuityEquation"	RelError: 1.47633e-03	AbsError: 4.82264e+11
      Equation: "PotentialEquation"	RelError: 1.58189e-02	AbsError: 7.37270e-05
    Region: "oxide"	RelError: 3.17900e-05	AbsError: 9.08454e-06
      Equation: "PotentialEquation"	RelError: 3.17900e-05	AbsError: 9.08454e-06
Iteration: 5
  Device: "part1_baseline"	RelError: 2.30818e-05	AbsError: 1.78168e+11
    Region: "bulk"	RelError: 2.30764e-05	AbsError: 1.78168e+11
      Equation: "ElectronContinuityEquation"	RelError: 9.58119e-06	AbsError: 1.78075e+11
      Equation: "HoleContinuityEquation"	RelError: 1.03172e-05	AbsError: 9.30516e+07
      Equation: "PotentialEquation"	RelError: 3.17800e-06	AbsError: 2.20213e-08
    Region: "oxide"	RelError: 5.43010e-09	AbsError: 1.26180e-09
      Equation: "PotentialEquation"	RelError: 5.43010e-09	AbsError: 1.26180e-09
Iteration: 6
  Device: "part1_baseline"	RelError: 1.15984e-12	AbsError: 1.89924e+04
    Region: "bulk"	RelError: 1.15950e-12	AbsError: 1.89924e+04
      Equation: "ElectronContinuityEquation"	RelError: 6.13494e-13	AbsError: 1.89852e+04
      Equation: "HoleContinuityEquation"	RelError: 3.22826e-13	AbsError: 7.24113e+00
      Equation: "PotentialEquation"	RelError: 2.23183e-13	AbsError: 2.27937e-15
    Region: "oxide"	RelError: 3.38262e-16	AbsError: 6.30094e-17
      Equation: "PotentialEquation"	RelError: 3.38262e-16	AbsError: 6.30094e-17
number of equations 8953
Iteration: 0
  Device: "part1_baseline"	RelError: 1.15724e+04	AbsError: 6.58420e+16
    Region: "bulk"	RelError: 1.15723e+04	AbsError: 6.58420e+16
      Equation: "ElectronContinuityEquation"	RelError: 9.99000e+02	AbsError: 6.49187e+16
      Equation: "HoleContinuityEquation"	RelError: 1.05643e+04	AbsError: 9.23332e+14
      Equation: "PotentialEquation"	RelError: 9.02279e+00	AbsError: 4.09542e-02
    Region: "oxide"	RelError: 6.85483e-02	AbsError: 2.48159e-02
      Equation: "PotentialEquation"	RelError: 6.85483e-02	AbsError: 2.48159e-02
Iteration: 1
  Device: "part1_baseline"	RelError: 2.10164e+01	AbsError: 8.24748e+14
    Region: "bulk"	RelError: 2.09841e+01	AbsError: 8.24748e+14
      Equation: "ElectronContinuityEquation"	RelError: 9.98189e-01	AbsError: 7.03661e+14
      Equation: "HoleContinuityEquation"	RelError: 9.99785e-01	AbsError: 1.21087e+14
      Equation: "PotentialEquation"	RelError: 1.89861e+01	AbsError: 3.07633e-02
    Region: "oxide"	RelError: 3.23319e-02	AbsError: 1.67660e-02
      Equation: "PotentialEquation"	RelError: 3.23319e-02	AbsError: 1.67660e-02
Iteration: 2
  Device: "part1_baseline"	RelError: 5.46098e+00	AbsError: 1.16219e+14
    Region: "bulk"	RelError: 5.46095e+00	AbsError: 1.16219e+14
      Equation: "ElectronContinuityEquation"	RelError: 5.53392e-01	AbsError: 1.09848e+14
      Equation: "HoleContinuityEquation"	RelError: 4.86889e+00	AbsError: 6.37107e+12
      Equation: "PotentialEquation"	RelError: 3.86658e-02	AbsError: 2.58354e-02
    Region: "oxide"	RelError: 3.31283e-05	AbsError: 1.15767e-05
      Equation: "PotentialEquation"	RelError: 3.31283e-05	AbsError: 1.15767e-05
Iteration: 3
  Device: "part1_baseline"	RelError: 8.58969e-01	AbsError: 3.52017e+14
    Region: "bulk"	RelError: 8.58962e-01	AbsError: 3.52017e+14
      Equation: "ElectronContinuityEquation"	RelError: 2.80535e-01	AbsError: 3.51745e+14
      Equation: "HoleContinuityEquation"	RelError: 5.62405e-01	AbsError: 2.72066e+11
      Equation: "PotentialEquation"	RelError: 1.60211e-02	AbsError: 9.16538e-03
    Region: "oxide"	RelError: 7.74706e-06	AbsError: 3.66716e-06
      Equation: "PotentialEquation"	RelError: 7.74706e-06	AbsError: 3.66716e-06
Iteration: 4
  Device: "part1_baseline"	RelError: 5.76203e-02	AbsError: 4.31646e+14
    Region: "bulk"	RelError: 5.76018e-02	AbsError: 4.31646e+14
      Equation: "ElectronContinuityEquation"	RelError: 3.10799e-02	AbsError: 4.31271e+14
      Equation: "HoleContinuityEquation"	RelError: 1.98281e-03	AbsError: 3.74868e+11
      Equation: "PotentialEquation"	RelError: 2.45391e-02	AbsError: 6.09901e-05
    Region: "oxide"	RelError: 1.84594e-05	AbsError: 5.08611e-06
      Equation: "PotentialEquation"	RelError: 1.84594e-05	AbsError: 5.08611e-06
Iteration: 5
  Device: "part1_baseline"	RelError: 6.32123e-05	AbsError: 1.20754e+11
    Region: "bulk"	RelError: 6.32096e-05	AbsError: 1.20754e+11
      Equation: "ElectronContinuityEquation"	RelError: 6.92633e-06	AbsError: 1.20692e+11
      Equation: "HoleContinuityEquation"	RelError: 5.16938e-05	AbsError: 6.23648e+07
      Equation: "PotentialEquation"	RelError: 4.58947e-06	AbsError: 1.48845e-08
    Region: "oxide"	RelError: 2.71210e-09	AbsError: 5.57856e-10
      Equation: "PotentialEquation"	RelError: 2.71210e-09	AbsError: 5.57856e-10
Iteration: 6
  Device: "part1_baseline"	RelError: 1.33597e-12	AbsError: 8.79449e+03
    Region: "bulk"	RelError: 1.33582e-12	AbsError: 8.79449e+03
      Equation: "ElectronContinuityEquation"	RelError: 3.68500e-13	AbsError: 8.79061e+03
      Equation: "HoleContinuityEquation"	RelError: 6.85523e-13	AbsError: 3.88343e+00
      Equation: "PotentialEquation"	RelError: 2.81795e-13	AbsError: 1.09845e-15
    Region: "oxide"	RelError: 1.47820e-16	AbsError: 2.62107e-17
      Equation: "PotentialEquation"	RelError: 1.47820e-16	AbsError: 2.62107e-17
number of equations 8953
Iteration: 0
  Device: "part1_baseline"	RelError: 2.05840e+03	AbsError: 6.61171e+16
    Region: "bulk"	RelError: 2.05833e+03	AbsError: 6.61171e+16
      Equation: "ElectronContinuityEquation"	RelError: 9.99000e+02	AbsError: 6.52329e+16
      Equation: "HoleContinuityEquation"	RelError: 9.99000e+02	AbsError: 8.84245e+14
      Equation: "PotentialEquation"	RelError: 6.03344e+01	AbsError: 4.09542e-02
    Region: "oxide"	RelError: 6.40515e-02	AbsError: 2.47790e-02
      Equation: "PotentialEquation"	RelError: 6.40515e-02	AbsError: 2.47790e-02
Iteration: 1
  Device: "part1_baseline"	RelError: 2.29669e+01	AbsError: 6.79690e+14
    Region: "bulk"	RelError: 2.29370e+01	AbsError: 6.79690e+14
      Equation: "ElectronContinuityEquation"	RelError: 9.97916e-01	AbsError: 5.78716e+14
      Equation: "HoleContinuityEquation"	RelError: 9.98559e-01	AbsError: 1.00974e+14
      Equation: "PotentialEquation"	RelError: 2.09405e+01	AbsError: 3.07633e-02
    Region: "oxide"	RelError: 2.98726e-02	AbsError: 1.67301e-02
      Equation: "PotentialEquation"	RelError: 2.98726e-02	AbsError: 1.67301e-02
Iteration: 2
  Device: "part1_baseline"	RelError: 3.10294e+00	AbsError: 9.52622e+13
    Region: "bulk"	RelError: 3.10292e+00	AbsError: 9.52622e+13
      Equation: "ElectronContinuityEquation"	RelError: 4.40441e-01	AbsError: 8.89928e+13
      Equation: "HoleContinuityEquation"	RelError: 2.63000e+00	AbsError: 6.26944e+12
      Equation: "PotentialEquation"	RelError: 3.24865e-02	AbsError: 2.58004e-02
    Region: "oxide"	RelError: 1.63776e-05	AbsError: 5.76315e-06
      Equation: "PotentialEquation"	RelError: 1.63776e-05	AbsError: 5.76315e-06
Iteration: 3
  Device: "part1_baseline"	RelError: 6.87433e-01	AbsError: 2.81734e+14
    Region: "bulk"	RelError: 6.87430e-01	AbsError: 2.81734e+14
      Equation: "ElectronContinuityEquation"	RelError: 2.85916e-01	AbsError: 2.81519e+14
      Equation: "HoleContinuityEquation"	RelError: 3.92715e-01	AbsError: 2.14868e+11
      Equation: "PotentialEquation"	RelError: 8.79890e-03	AbsError: 9.16538e-03
    Region: "oxide"	RelError: 3.43505e-06	AbsError: 1.43374e-06
      Equation: "PotentialEquation"	RelError: 3.43505e-06	AbsError: 1.43374e-06
Iteration: 4
  Device: "part1_baseline"	RelError: 4.99404e-02	AbsError: 3.49196e+14
    Region: "bulk"	RelError: 4.99286e-02	AbsError: 3.49196e+14
      Equation: "ElectronContinuityEquation"	RelError: 3.20164e-02	AbsError: 3.48903e+14
      Equation: "HoleContinuityEquation"	RelError: 6.33536e-03	AbsError: 2.92033e+11
      Equation: "PotentialEquation"	RelError: 1.15768e-02	AbsError: 5.52585e-05
    Region: "oxide"	RelError: 1.18162e-05	AbsError: 2.98693e-06
      Equation: "PotentialEquation"	RelError: 1.18162e-05	AbsError: 2.98693e-06
Iteration: 5
  Device: "part1_baseline"	RelError: 1.26613e-04	AbsError: 7.89636e+10
    Region: "bulk"	RelError: 1.26611e-04	AbsError: 7.89636e+10
      Equation: "ElectronContinuityEquation"	RelError: 5.20861e-06	AbsError: 7.89214e+10
      Equation: "HoleContinuityEquation"	RelError: 1.19652e-04	AbsError: 4.22341e+07
      Equation: "PotentialEquation"	RelError: 1.75067e-06	AbsError: 1.17111e-08
    Region: "oxide"	RelError: 1.58002e-09	AbsError: 3.05315e-10
      Equation: "PotentialEquation"	RelError: 1.58002e-09	AbsError: 3.05315e-10
Iteration: 6
  Device: "part1_baseline"	RelError: 1.21565e-12	AbsError: 3.77849e+03
    Region: "bulk"	RelError: 1.21558e-12	AbsError: 3.77849e+03
      Equation: "ElectronContinuityEquation"	RelError: 2.16400e-13	AbsError: 3.77639e+03
      Equation: "HoleContinuityEquation"	RelError: 9.21011e-13	AbsError: 2.09801e+00
      Equation: "PotentialEquation"	RelError: 7.81677e-14	AbsError: 7.63250e-16
    Region: "oxide"	RelError: 6.79080e-17	AbsError: 1.21435e-17
      Equation: "PotentialEquation"	RelError: 6.79080e-17	AbsError: 1.21435e-17
number of equations 8953
Iteration: 0
  Device: "part1_baseline"	RelError: 4.71652e+03	AbsError: 6.59439e+16
    Region: "bulk"	RelError: 4.71645e+03	AbsError: 6.59439e+16
      Equation: "ElectronContinuityEquation"	RelError: 9.99000e+02	AbsError: 6.51435e+16
      Equation: "HoleContinuityEquation"	RelError: 3.69545e+03	AbsError: 8.00403e+14
      Equation: "PotentialEquation"	RelError: 2.20092e+01	AbsError: 4.09542e-02
    Region: "oxide"	RelError: 6.02026e-02	AbsError: 2.47647e-02
      Equation: "PotentialEquation"	RelError: 6.02026e-02	AbsError: 2.47647e-02
Iteration: 1
  Device: "part1_baseline"	RelError: 4.95563e+00	AbsError: 5.45456e+14
    Region: "bulk"	RelError: 4.92784e+00	AbsError: 5.45456e+14
      Equation: "ElectronContinuityEquation"	RelError: 9.98016e-01	AbsError: 4.64675e+14
      Equation: "HoleContinuityEquation"	RelError: 9.99373e-01	AbsError: 8.07806e+13
      Equation: "PotentialEquation"	RelError: 2.93045e+00	AbsError: 3.07633e-02
    Region: "oxide"	RelError: 2.77912e-02	AbsError: 1.67170e-02
      Equation: "PotentialEquation"	RelError: 2.77912e-02	AbsError: 1.67170e-02
Iteration: 2
  Device: "part1_baseline"	RelError: 2.58192e+00	AbsError: 8.90432e+13
    Region: "bulk"	RelError: 2.58191e+00	AbsError: 8.90432e+13
      Equation: "ElectronContinuityEquation"	RelError: 4.70159e-01	AbsError: 8.53179e+13
      Equation: "HoleContinuityEquation"	RelError: 2.08213e+00	AbsError: 3.72529e+12
      Equation: "PotentialEquation"	RelError: 2.96208e-02	AbsError: 2.57639e-02
    Region: "oxide"	RelError: 8.24208e-06	AbsError: 2.97800e-06
      Equation: "PotentialEquation"	RelError: 8.24208e-06	AbsError: 2.97800e-06
Iteration: 3
  Device: "part1_baseline"	RelError: 6.37902e-01	AbsError: 2.23363e+14
    Region: "bulk"	RelError: 6.37898e-01	AbsError: 2.23363e+14
      Equation: "ElectronContinuityEquation"	RelError: 2.89994e-01	AbsError: 2.23196e+14
      Equation: "HoleContinuityEquation"	RelError: 3.40322e-01	AbsError: 1.67611e+11
      Equation: "PotentialEquation"	RelError: 7.58233e-03	AbsError: 9.16537e-03
    Region: "oxide"	RelError: 3.43993e-06	AbsError: 4.77665e-07
      Equation: "PotentialEquation"	RelError: 3.43993e-06	AbsError: 4.77665e-07
Iteration: 4
  Device: "part1_baseline"	RelError: 4.28615e-02	AbsError: 2.79015e+14
    Region: "bulk"	RelError: 4.28533e-02	AbsError: 2.79015e+14
      Equation: "ElectronContinuityEquation"	RelError: 3.27300e-02	AbsError: 2.78788e+14
      Equation: "HoleContinuityEquation"	RelError: 7.36920e-03	AbsError: 2.27545e+11
      Equation: "PotentialEquation"	RelError: 2.75407e-03	AbsError: 4.98493e-05
    Region: "oxide"	RelError: 8.16250e-06	AbsError: 1.86447e-06
      Equation: "PotentialEquation"	RelError: 8.16250e-06	AbsError: 1.86447e-06
Iteration: 5
  Device: "part1_baseline"	RelError: 1.68217e-04	AbsError: 5.01469e+10
    Region: "bulk"	RelError: 1.68216e-04	AbsError: 5.01469e+10
      Equation: "ElectronContinuityEquation"	RelError: 4.07076e-06	AbsError: 5.01181e+10
      Equation: "HoleContinuityEquation"	RelError: 1.63787e-04	AbsError: 2.87327e+07
      Equation: "PotentialEquation"	RelError: 3.58298e-07	AbsError: 9.56907e-09
    Region: "oxide"	RelError: 9.80146e-10	AbsError: 1.85745e-10
      Equation: "PotentialEquation"	RelError: 9.80146e-10	AbsError: 1.85745e-10
Iteration: 6
  Device: "part1_baseline"	RelError: 9.95184e-13	AbsError: 2.42587e+03
    Region: "bulk"	RelError: 9.95152e-13	AbsError: 2.42587e+03
      Equation: "ElectronContinuityEquation"	RelError: 1.70252e-13	AbsError: 2.42476e+03
      Equation: "HoleContinuityEquation"	RelError: 8.13026e-13	AbsError: 1.11889e+00
      Equation: "PotentialEquation"	RelError: 1.18734e-14	AbsError: 5.14269e-16
    Region: "oxide"	RelError: 3.18537e-17	AbsError: 5.77649e-18
      Equation: "PotentialEquation"	RelError: 3.18537e-17	AbsError: 5.77649e-18
number of equations 8953
Iteration: 0
  Device: "part1_baseline"	RelError: 2.03898e+03	AbsError: 6.54831e+16
    Region: "bulk"	RelError: 2.03893e+03	AbsError: 6.54831e+16
      Equation: "ElectronContinuityEquation"	RelError: 9.99000e+02	AbsError: 6.47626e+16
      Equation: "HoleContinuityEquation"	RelError: 9.99000e+02	AbsError: 7.20537e+14
      Equation: "PotentialEquation"	RelError: 4.09273e+01	AbsError: 4.09542e-02
    Region: "oxide"	RelError: 5.68309e-02	AbsError: 2.47603e-02
      Equation: "PotentialEquation"	RelError: 5.68309e-02	AbsError: 2.47603e-02
Iteration: 1
  Device: "part1_baseline"	RelError: 6.89346e+00	AbsError: 4.58052e+14
    Region: "bulk"	RelError: 6.86747e+00	AbsError: 4.58052e+14
      Equation: "ElectronContinuityEquation"	RelError: 9.97687e-01	AbsError: 3.89833e+14
      Equation: "HoleContinuityEquation"	RelError: 9.98501e-01	AbsError: 6.82186e+13
      Equation: "PotentialEquation"	RelError: 4.87128e+00	AbsError: 3.07632e-02
    Region: "oxide"	RelError: 2.59937e-02	AbsError: 1.67137e-02
      Equation: "PotentialEquation"	RelError: 2.59937e-02	AbsError: 1.67137e-02
Iteration: 2
  Device: "part1_baseline"	RelError: 2.11906e+00	AbsError: 8.38676e+13
    Region: "bulk"	RelError: 2.11905e+00	AbsError: 8.38676e+13
      Equation: "ElectronContinuityEquation"	RelError: 4.87590e-01	AbsError: 8.17611e+13
      Equation: "HoleContinuityEquation"	RelError: 1.60646e+00	AbsError: 2.10646e+12
      Equation: "PotentialEquation"	RelError: 2.50070e-02	AbsError: 2.58663e-02
    Region: "oxide"	RelError: 4.44618e-06	AbsError: 1.57386e-06
      Equation: "PotentialEquation"	RelError: 4.44618e-06	AbsError: 1.57386e-06
Iteration: 3
  Device: "part1_baseline"	RelError: 5.78675e-01	AbsError: 1.20759e+15
    Region: "bulk"	RelError: 5.78665e-01	AbsError: 1.20759e+15
      Equation: "ElectronContinuityEquation"	RelError: 2.91684e-01	AbsError: 1.20729e+15
      Equation: "HoleContinuityEquation"	RelError: 2.79998e-01	AbsError: 3.00634e+11
      Equation: "PotentialEquation"	RelError: 6.98351e-03	AbsError: 9.16562e-03
    Region: "oxide"	RelError: 9.66250e-06	AbsError: 1.69058e-06
      Equation: "PotentialEquation"	RelError: 9.66250e-06	AbsError: 1.69058e-06
Iteration: 4
  Device: "part1_baseline"	RelError: 4.81111e-02	AbsError: 1.27815e+15
    Region: "bulk"	RelError: 4.80986e-02	AbsError: 1.27815e+15
      Equation: "ElectronContinuityEquation"	RelError: 3.33198e-02	AbsError: 1.27780e+15
      Equation: "HoleContinuityEquation"	RelError: 8.46118e-03	AbsError: 3.48911e+11
      Equation: "PotentialEquation"	RelError: 6.31753e-03	AbsError: 1.53978e-04
    Region: "oxide"	RelError: 1.25121e-05	AbsError: 2.50395e-06
      Equation: "PotentialEquation"	RelError: 1.25121e-05	AbsError: 2.50395e-06
Iteration: 5
  Device: "part1_baseline"	RelError: 2.16163e-04	AbsError: 7.21013e+11
    Region: "bulk"	RelError: 2.16160e-04	AbsError: 7.21013e+11
      Equation: "ElectronContinuityEquation"	RelError: 2.24704e-05	AbsError: 7.20922e+11
      Equation: "HoleContinuityEquation"	RelError: 1.92198e-04	AbsError: 9.04208e+07
      Equation: "PotentialEquation"	RelError: 1.49105e-06	AbsError: 7.86878e-08
    Region: "oxide"	RelError: 3.57667e-09	AbsError: 6.67001e-10
      Equation: "PotentialEquation"	RelError: 3.57667e-09	AbsError: 6.67001e-10
Iteration: 6
  Device: "part1_baseline"	RelError: 2.06424e-11	AbsError: 2.14944e+05
    Region: "bulk"	RelError: 2.06415e-11	AbsError: 2.14944e+05
      Equation: "ElectronContinuityEquation"	RelError: 6.94721e-12	AbsError: 2.14922e+05
      Equation: "HoleContinuityEquation"	RelError: 1.33977e-11	AbsError: 2.20040e+01
      Equation: "PotentialEquation"	RelError: 2.96530e-13	AbsError: 2.31954e-14
    Region: "oxide"	RelError: 8.97031e-16	AbsError: 1.69281e-16
      Equation: "PotentialEquation"	RelError: 8.97031e-16	AbsError: 1.69281e-16
number of equations 8953
Iteration: 0
  Device: "part1_baseline"	RelError: 2.02418e+03	AbsError: 6.48344e+16
    Region: "bulk"	RelError: 2.02413e+03	AbsError: 6.48344e+16
      Equation: "ElectronContinuityEquation"	RelError: 9.99000e+02	AbsError: 6.41637e+16
      Equation: "HoleContinuityEquation"	RelError: 9.99000e+02	AbsError: 6.70691e+14
      Equation: "PotentialEquation"	RelError: 2.61291e+01	AbsError: 4.09542e-02
    Region: "oxide"	RelError: 5.38324e-02	AbsError: 2.47600e-02
      Equation: "PotentialEquation"	RelError: 5.38324e-02	AbsError: 2.47600e-02
Iteration: 1
  Device: "part1_baseline"	RelError: 7.11059e+01	AbsError: 4.84555e+14
    Region: "bulk"	RelError: 7.10814e+01	AbsError: 4.84555e+14
      Equation: "ElectronContinuityEquation"	RelError: 9.96000e-01	AbsError: 4.25947e+14
      Equation: "HoleContinuityEquation"	RelError: 9.98470e-01	AbsError: 5.86080e+13
      Equation: "PotentialEquation"	RelError: 6.90870e+01	AbsError: 3.07632e-02
    Region: "oxide"	RelError: 2.44200e-02	AbsError: 1.67146e-02
      Equation: "PotentialEquation"	RelError: 2.44200e-02	AbsError: 1.67146e-02
Iteration: 2
  Device: "part1_baseline"	RelError: 1.88700e+00	AbsError: 7.95761e+13
    Region: "bulk"	RelError: 1.88700e+00	AbsError: 7.95761e+13
      Equation: "ElectronContinuityEquation"	RelError: 4.83747e-01	AbsError: 7.83941e+13
      Equation: "HoleContinuityEquation"	RelError: 1.37459e+00	AbsError: 1.18199e+12
      Equation: "PotentialEquation"	RelError: 2.86577e-02	AbsError: 2.58299e-02
    Region: "oxide"	RelError: 2.64376e-06	AbsError: 8.74022e-07
      Equation: "PotentialEquation"	RelError: 2.64376e-06	AbsError: 8.74022e-07
Iteration: 3
  Device: "part1_baseline"	RelError: 5.59483e-01	AbsError: 1.11258e+15
    Region: "bulk"	RelError: 5.59475e-01	AbsError: 1.11258e+15
      Equation: "ElectronContinuityEquation"	RelError: 2.87618e-01	AbsError: 1.11233e+15
      Equation: "HoleContinuityEquation"	RelError: 2.48936e-01	AbsError: 2.50540e+11
      Equation: "PotentialEquation"	RelError: 2.29212e-02	AbsError: 9.16558e-03
    Region: "oxide"	RelError: 8.50955e-06	AbsError: 1.58578e-06
      Equation: "PotentialEquation"	RelError: 8.50955e-06	AbsError: 1.58578e-06
Iteration: 4
  Device: "part1_baseline"	RelError: 7.46592e-02	AbsError: 1.18220e+15
    Region: "bulk"	RelError: 7.46488e-02	AbsError: 1.18220e+15
      Equation: "ElectronContinuityEquation"	RelError: 3.38106e-02	AbsError: 1.18191e+15
      Equation: "HoleContinuityEquation"	RelError: 9.17428e-03	AbsError: 2.90482e+11
      Equation: "PotentialEquation"	RelError: 3.16639e-02	AbsError: 1.41200e-04
    Region: "oxide"	RelError: 1.04560e-05	AbsError: 2.08211e-06
      Equation: "PotentialEquation"	RelError: 1.04560e-05	AbsError: 2.08211e-06
Iteration: 5
  Device: "part1_baseline"	RelError: 2.06800e-04	AbsError: 6.39493e+11
    Region: "bulk"	RelError: 2.06796e-04	AbsError: 6.39493e+11
      Equation: "ElectronContinuityEquation"	RelError: 2.15684e-05	AbsError: 6.39418e+11
      Equation: "HoleContinuityEquation"	RelError: 1.81900e-04	AbsError: 7.49667e+07
      Equation: "PotentialEquation"	RelError: 3.32775e-06	AbsError: 6.98892e-08
    Region: "oxide"	RelError: 3.04829e-09	AbsError: 5.89194e-10
      Equation: "PotentialEquation"	RelError: 3.04829e-09	AbsError: 5.89194e-10
Iteration: 6
  Device: "part1_baseline"	RelError: 2.21483e-11	AbsError: 1.75147e+05
    Region: "bulk"	RelError: 2.21476e-11	AbsError: 1.75147e+05
      Equation: "ElectronContinuityEquation"	RelError: 6.12341e-12	AbsError: 1.75129e+05
      Equation: "HoleContinuityEquation"	RelError: 1.54953e-11	AbsError: 1.73537e+01
      Equation: "PotentialEquation"	RelError: 5.28870e-13	AbsError: 1.89833e-14
    Region: "oxide"	RelError: 7.34260e-16	AbsError: 1.44141e-16
      Equation: "PotentialEquation"	RelError: 7.34260e-16	AbsError: 1.44141e-16
number of equations 8953
Iteration: 0
  Device: "part1_baseline"	RelError: 3.43584e+03	AbsError: 6.40246e+16
    Region: "bulk"	RelError: 3.43579e+03	AbsError: 6.40246e+16
      Equation: "ElectronContinuityEquation"	RelError: 9.99000e+02	AbsError: 6.33947e+16
      Equation: "HoleContinuityEquation"	RelError: 9.99000e+02	AbsError: 6.29829e+14
      Equation: "PotentialEquation"	RelError: 1.43779e+03	AbsError: 4.09542e-02
    Region: "oxide"	RelError: 5.11390e-02	AbsError: 2.47613e-02
      Equation: "PotentialEquation"	RelError: 5.11390e-02	AbsError: 2.47613e-02
Iteration: 1
  Device: "part1_baseline"	RelError: 3.22104e+01	AbsError: 5.32104e+14
    Region: "bulk"	RelError: 3.21874e+01	AbsError: 5.32104e+14
      Equation: "ElectronContinuityEquation"	RelError: 9.95985e-01	AbsError: 4.80901e+14
      Equation: "HoleContinuityEquation"	RelError: 9.98395e-01	AbsError: 5.12031e+13
      Equation: "PotentialEquation"	RelError: 3.01930e+01	AbsError: 3.07632e-02
    Region: "oxide"	RelError: 2.30281e-02	AbsError: 1.67170e-02
      Equation: "PotentialEquation"	RelError: 2.30281e-02	AbsError: 1.67170e-02
Iteration: 2
  Device: "part1_baseline"	RelError: 1.54649e+00	AbsError: 7.55178e+13
    Region: "bulk"	RelError: 1.54648e+00	AbsError: 7.55178e+13
      Equation: "ElectronContinuityEquation"	RelError: 4.34033e-01	AbsError: 7.48395e+13
      Equation: "HoleContinuityEquation"	RelError: 1.09336e+00	AbsError: 6.78343e+11
      Equation: "PotentialEquation"	RelError: 1.90921e-02	AbsError: 2.58998e-02
    Region: "oxide"	RelError: 1.75208e-06	AbsError: 5.18031e-07
      Equation: "PotentialEquation"	RelError: 1.75208e-06	AbsError: 5.18031e-07
Iteration: 3
  Device: "part1_baseline"	RelError: 4.87519e-01	AbsError: 1.01741e+15
    Region: "bulk"	RelError: 4.87511e-01	AbsError: 1.01741e+15
      Equation: "ElectronContinuityEquation"	RelError: 2.68958e-01	AbsError: 1.01719e+15
      Equation: "HoleContinuityEquation"	RelError: 1.84756e-01	AbsError: 2.16707e+11
      Equation: "PotentialEquation"	RelError: 3.37974e-02	AbsError: 9.16555e-03
    Region: "oxide"	RelError: 7.50909e-06	AbsError: 1.46446e-06
      Equation: "PotentialEquation"	RelError: 7.50909e-06	AbsError: 1.46446e-06
Iteration: 4
  Device: "part1_baseline"	RelError: 8.32450e-02	AbsError: 1.08507e+15
    Region: "bulk"	RelError: 8.32361e-02	AbsError: 1.08507e+15
      Equation: "ElectronContinuityEquation"	RelError: 3.41772e-02	AbsError: 1.08482e+15
      Equation: "HoleContinuityEquation"	RelError: 8.41721e-03	AbsError: 2.50334e+11
      Equation: "PotentialEquation"	RelError: 4.06417e-02	AbsError: 1.28801e-04
    Region: "oxide"	RelError: 8.95707e-06	AbsError: 1.81436e-06
      Equation: "PotentialEquation"	RelError: 8.95707e-06	AbsError: 1.81436e-06
Iteration: 5
  Device: "part1_baseline"	RelError: 1.85891e-04	AbsError: 5.55508e+11
    Region: "bulk"	RelError: 1.85888e-04	AbsError: 5.55508e+11
      Equation: "ElectronContinuityEquation"	RelError: 2.00797e-05	AbsError: 5.55445e+11
      Equation: "HoleContinuityEquation"	RelError: 1.55824e-04	AbsError: 6.34091e+07
      Equation: "PotentialEquation"	RelError: 9.98472e-06	AbsError: 6.08449e-08
    Region: "oxide"	RelError: 2.59840e-09	AbsError: 5.19769e-10
      Equation: "PotentialEquation"	RelError: 2.59840e-09	AbsError: 5.19769e-10
Iteration: 6
  Device: "part1_baseline"	RelError: 2.16712e-11	AbsError: 1.36401e+05
    Region: "bulk"	RelError: 2.16706e-11	AbsError: 1.36401e+05
      Equation: "ElectronContinuityEquation"	RelError: 5.03790e-12	AbsError: 1.36388e+05
      Equation: "HoleContinuityEquation"	RelError: 1.47712e-11	AbsError: 1.31352e+01
      Equation: "PotentialEquation"	RelError: 1.86152e-12	AbsError: 1.48404e-14
    Region: "oxide"	RelError: 5.73137e-16	AbsError: 1.16785e-16
      Equation: "PotentialEquation"	RelError: 5.73137e-16	AbsError: 1.16785e-16
number of equations 8953
Iteration: 0
  Device: "part1_baseline"	RelError: 2.84024e+03	AbsError: 6.30791e+16
    Region: "bulk"	RelError: 2.84019e+03	AbsError: 6.30791e+16
      Equation: "ElectronContinuityEquation"	RelError: 9.99000e+02	AbsError: 6.24878e+16
      Equation: "HoleContinuityEquation"	RelError: 1.80172e+03	AbsError: 5.91333e+14
      Equation: "PotentialEquation"	RelError: 3.94690e+01	AbsError: 4.09542e-02
    Region: "oxide"	RelError: 4.87020e-02	AbsError: 2.47631e-02
      Equation: "PotentialEquation"	RelError: 4.87020e-02	AbsError: 2.47631e-02
Iteration: 1
  Device: "part1_baseline"	RelError: 3.61509e+00	AbsError: 5.72423e+14
    Region: "bulk"	RelError: 3.59330e+00	AbsError: 5.72423e+14
      Equation: "ElectronContinuityEquation"	RelError: 9.95986e-01	AbsError: 5.27263e+14
      Equation: "HoleContinuityEquation"	RelError: 9.98741e-01	AbsError: 4.51599e+13
      Equation: "PotentialEquation"	RelError: 1.59857e+00	AbsError: 3.07632e-02
    Region: "oxide"	RelError: 2.17870e-02	AbsError: 1.67198e-02
      Equation: "PotentialEquation"	RelError: 2.17870e-02	AbsError: 1.67198e-02
Iteration: 2
  Device: "part1_baseline"	RelError: 1.26376e+00	AbsError: 7.14697e+13
    Region: "bulk"	RelError: 1.26376e+00	AbsError: 7.14697e+13
      Equation: "ElectronContinuityEquation"	RelError: 3.30266e-01	AbsError: 7.11371e+13
      Equation: "HoleContinuityEquation"	RelError: 9.15714e-01	AbsError: 3.32570e+11
      Equation: "PotentialEquation"	RelError: 1.77825e-02	AbsError: 2.58640e-02
    Region: "oxide"	RelError: 1.30708e-06	AbsError: 3.42646e-07
      Equation: "PotentialEquation"	RelError: 1.30708e-06	AbsError: 3.42646e-07
Iteration: 3
  Device: "part1_baseline"	RelError: 3.90344e-01	AbsError: 9.24035e+14
    Region: "bulk"	RelError: 3.90338e-01	AbsError: 9.24035e+14
      Equation: "ElectronContinuityEquation"	RelError: 2.26574e-01	AbsError: 9.23855e+14
      Equation: "HoleContinuityEquation"	RelError: 1.52722e-01	AbsError: 1.80072e+11
      Equation: "PotentialEquation"	RelError: 1.10416e-02	AbsError: 9.16551e-03
    Region: "oxide"	RelError: 6.45043e-06	AbsError: 1.30919e-06
      Equation: "PotentialEquation"	RelError: 6.45043e-06	AbsError: 1.30919e-06
Iteration: 4
  Device: "part1_baseline"	RelError: 5.43837e-02	AbsError: 9.88929e+14
    Region: "bulk"	RelError: 5.43760e-02	AbsError: 9.88929e+14
      Equation: "ElectronContinuityEquation"	RelError: 3.44152e-02	AbsError: 9.88720e+14
      Equation: "HoleContinuityEquation"	RelError: 7.27562e-03	AbsError: 2.09192e+11
      Equation: "PotentialEquation"	RelError: 1.26852e-02	AbsError: 1.16713e-04
    Region: "oxide"	RelError: 7.60562e-06	AbsError: 1.57842e-06
      Equation: "PotentialEquation"	RelError: 7.60562e-06	AbsError: 1.57842e-06
Iteration: 5
  Device: "part1_baseline"	RelError: 1.67095e-04	AbsError: 4.73237e+11
    Region: "bulk"	RelError: 1.67093e-04	AbsError: 4.73237e+11
      Equation: "ElectronContinuityEquation"	RelError: 1.91929e-05	AbsError: 4.73185e+11
      Equation: "HoleContinuityEquation"	RelError: 1.44842e-04	AbsError: 5.12520e+07
      Equation: "PotentialEquation"	RelError: 3.05768e-06	AbsError: 5.19321e-08
    Region: "oxide"	RelError: 2.15634e-09	AbsError: 4.47172e-10
      Equation: "PotentialEquation"	RelError: 2.15634e-09	AbsError: 4.47172e-10
Iteration: 6
  Device: "part1_baseline"	RelError: 1.61698e-11	AbsError: 1.01716e+05
    Region: "bulk"	RelError: 1.61693e-11	AbsError: 1.01716e+05
      Equation: "ElectronContinuityEquation"	RelError: 3.90775e-12	AbsError: 1.01706e+05
      Equation: "HoleContinuityEquation"	RelError: 1.17380e-11	AbsError: 9.47821e+00
      Equation: "PotentialEquation"	RelError: 5.23607e-13	AbsError: 1.11023e-14
    Region: "oxide"	RelError: 4.25230e-16	AbsError: 8.98628e-17
      Equation: "PotentialEquation"	RelError: 4.25230e-16	AbsError: 8.98628e-17
number of equations 8953
Iteration: 0
  Device: "part1_baseline"	RelError: 4.16787e+03	AbsError: 6.20243e+16
    Region: "bulk"	RelError: 4.16782e+03	AbsError: 6.20243e+16
      Equation: "ElectronContinuityEquation"	RelError: 9.99000e+02	AbsError: 6.14648e+16
      Equation: "HoleContinuityEquation"	RelError: 9.99000e+02	AbsError: 5.59507e+14
      Equation: "PotentialEquation"	RelError: 2.16982e+03	AbsError: 4.09542e-02
    Region: "oxide"	RelError: 4.64846e-02	AbsError: 2.47650e-02
      Equation: "PotentialEquation"	RelError: 4.64846e-02	AbsError: 2.47650e-02
Iteration: 1
  Device: "part1_baseline"	RelError: 2.98115e+00	AbsError: 6.07770e+14
    Region: "bulk"	RelError: 2.96048e+00	AbsError: 6.07770e+14
      Equation: "ElectronContinuityEquation"	RelError: 9.96015e-01	AbsError: 5.67614e+14
      Equation: "HoleContinuityEquation"	RelError: 9.98220e-01	AbsError: 4.01569e+13
      Equation: "PotentialEquation"	RelError: 9.66246e-01	AbsError: 3.07632e-02
    Region: "oxide"	RelError: 2.06730e-02	AbsError: 1.67226e-02
      Equation: "PotentialEquation"	RelError: 2.06730e-02	AbsError: 1.67226e-02
Iteration: 2
  Device: "part1_baseline"	RelError: 8.99222e-01	AbsError: 6.74516e+13
    Region: "bulk"	RelError: 8.99221e-01	AbsError: 6.74516e+13
      Equation: "ElectronContinuityEquation"	RelError: 2.65526e-01	AbsError: 6.72511e+13
      Equation: "HoleContinuityEquation"	RelError: 6.17057e-01	AbsError: 2.00531e+11
      Equation: "PotentialEquation"	RelError: 1.66383e-02	AbsError: 2.58283e-02
    Region: "oxide"	RelError: 1.05988e-06	AbsError: 2.60293e-07
      Equation: "PotentialEquation"	RelError: 1.05988e-06	AbsError: 2.60293e-07
Iteration: 3
  Device: "part1_baseline"	RelError: 2.96596e-01	AbsError: 8.33584e+14
    Region: "bulk"	RelError: 2.96590e-01	AbsError: 8.33584e+14
      Equation: "ElectronContinuityEquation"	RelError: 1.76703e-01	AbsError: 8.33435e+14
      Equation: "HoleContinuityEquation"	RelError: 1.04749e-01	AbsError: 1.48888e+11
      Equation: "PotentialEquation"	RelError: 1.51375e-02	AbsError: 9.16548e-03
    Region: "oxide"	RelError: 5.50237e-06	AbsError: 1.15729e-06
      Equation: "PotentialEquation"	RelError: 5.50237e-06	AbsError: 1.15729e-06
Iteration: 4
  Device: "part1_baseline"	RelError: 5.91972e-02	AbsError: 8.95073e+14
    Region: "bulk"	RelError: 5.91907e-02	AbsError: 8.95073e+14
      Equation: "ElectronContinuityEquation"	RelError: 3.45824e-02	AbsError: 8.94899e+14
      Equation: "HoleContinuityEquation"	RelError: 6.58139e-03	AbsError: 1.74352e+11
      Equation: "PotentialEquation"	RelError: 1.80270e-02	AbsError: 1.05143e-04
    Region: "oxide"	RelError: 6.47232e-06	AbsError: 1.37977e-06
      Equation: "PotentialEquation"	RelError: 6.47232e-06	AbsError: 1.37977e-06
Iteration: 5
  Device: "part1_baseline"	RelError: 1.27702e-04	AbsError: 3.95710e+11
    Region: "bulk"	RelError: 1.27700e-04	AbsError: 3.95710e+11
      Equation: "ElectronContinuityEquation"	RelError: 1.81311e-05	AbsError: 3.95670e+11
      Equation: "HoleContinuityEquation"	RelError: 1.04683e-04	AbsError: 4.07662e+07
      Equation: "PotentialEquation"	RelError: 4.88640e-06	AbsError: 4.35095e-08
    Region: "oxide"	RelError: 1.76213e-09	AbsError: 3.78560e-10
      Equation: "PotentialEquation"	RelError: 1.76213e-09	AbsError: 3.78560e-10
Iteration: 6
  Device: "part1_baseline"	RelError: 1.11068e-11	AbsError: 7.27706e+04
    Region: "bulk"	RelError: 1.11065e-11	AbsError: 7.27706e+04
      Equation: "ElectronContinuityEquation"	RelError: 2.71340e-12	AbsError: 7.27640e+04
      Equation: "HoleContinuityEquation"	RelError: 7.57537e-12	AbsError: 6.56807e+00
      Equation: "PotentialEquation"	RelError: 8.17731e-13	AbsError: 7.96526e-15
    Region: "oxide"	RelError: 3.01665e-16	AbsError: 6.60339e-17
      Equation: "PotentialEquation"	RelError: 3.01665e-16	AbsError: 6.60339e-17
number of equations 8953
Iteration: 0
  Device: "part1_baseline"	RelError: 2.01183e+03	AbsError: 6.08732e+16
    Region: "bulk"	RelError: 2.01179e+03	AbsError: 6.08732e+16
      Equation: "ElectronContinuityEquation"	RelError: 9.99000e+02	AbsError: 6.03413e+16
      Equation: "HoleContinuityEquation"	RelError: 9.99000e+02	AbsError: 5.31832e+14
      Equation: "PotentialEquation"	RelError: 1.37883e+01	AbsError: 4.09542e-02
    Region: "oxide"	RelError: 4.44578e-02	AbsError: 2.47668e-02
      Equation: "PotentialEquation"	RelError: 4.44578e-02	AbsError: 2.47668e-02
Iteration: 1
  Device: "part1_baseline"	RelError: 2.19774e+00	AbsError: 6.39430e+14
    Region: "bulk"	RelError: 2.17807e+00	AbsError: 6.39430e+14
      Equation: "ElectronContinuityEquation"	RelError: 9.97333e-01	AbsError: 6.03694e+14
      Equation: "HoleContinuityEquation"	RelError: 9.98263e-01	AbsError: 3.57360e+13
      Equation: "PotentialEquation"	RelError: 1.82475e-01	AbsError: 3.07632e-02
    Region: "oxide"	RelError: 1.96673e-02	AbsError: 1.67251e-02
      Equation: "PotentialEquation"	RelError: 1.96673e-02	AbsError: 1.67251e-02
Iteration: 2
  Device: "part1_baseline"	RelError: 7.31623e-01	AbsError: 6.32823e+13
    Region: "bulk"	RelError: 7.31622e-01	AbsError: 6.32823e+13
      Equation: "ElectronContinuityEquation"	RelError: 2.22627e-01	AbsError: 6.31860e+13
      Equation: "HoleContinuityEquation"	RelError: 4.93365e-01	AbsError: 9.62647e+10
      Equation: "PotentialEquation"	RelError: 1.56305e-02	AbsError: 2.58766e-02
    Region: "oxide"	RelError: 9.00756e-07	AbsError: 2.13320e-07
      Equation: "PotentialEquation"	RelError: 9.00756e-07	AbsError: 2.13320e-07
Iteration: 3
  Device: "part1_baseline"	RelError: 1.80907e-01	AbsError: 7.47092e+14
    Region: "bulk"	RelError: 1.80902e-01	AbsError: 7.47092e+14
      Equation: "ElectronContinuityEquation"	RelError: 1.30816e-01	AbsError: 7.46964e+14
      Equation: "HoleContinuityEquation"	RelError: 4.50895e-02	AbsError: 1.27749e+11
      Equation: "PotentialEquation"	RelError: 4.99621e-03	AbsError: 9.16546e-03
    Region: "oxide"	RelError: 4.76373e-06	AbsError: 1.02965e-06
      Equation: "PotentialEquation"	RelError: 4.76373e-06	AbsError: 1.02965e-06
Iteration: 4
  Device: "part1_baseline"	RelError: 4.40095e-02	AbsError: 8.04715e+14
    Region: "bulk"	RelError: 4.40039e-02	AbsError: 8.04715e+14
      Equation: "ElectronContinuityEquation"	RelError: 3.46966e-02	AbsError: 8.04564e+14
      Equation: "HoleContinuityEquation"	RelError: 5.66075e-03	AbsError: 1.50309e+11
      Equation: "PotentialEquation"	RelError: 3.64656e-03	AbsError: 9.42451e-05
    Region: "oxide"	RelError: 5.60336e-06	AbsError: 1.22326e-06
      Equation: "PotentialEquation"	RelError: 5.60336e-06	AbsError: 1.22326e-06
Iteration: 5
  Device: "part1_baseline"	RelError: 9.71643e-05	AbsError: 3.25179e+11
    Region: "bulk"	RelError: 9.71629e-05	AbsError: 3.25179e+11
      Equation: "ElectronContinuityEquation"	RelError: 1.67958e-05	AbsError: 3.25146e+11
      Equation: "HoleContinuityEquation"	RelError: 7.94975e-05	AbsError: 3.28068e+07
      Equation: "PotentialEquation"	RelError: 8.69558e-07	AbsError: 3.58360e-08
    Region: "oxide"	RelError: 1.43208e-09	AbsError: 3.17869e-10
      Equation: "PotentialEquation"	RelError: 1.43208e-09	AbsError: 3.17869e-10
Iteration: 6
  Device: "part1_baseline"	RelError: 6.13261e-12	AbsError: 5.00856e+04
    Region: "bulk"	RelError: 6.13240e-12	AbsError: 5.00856e+04
      Equation: "ElectronContinuityEquation"	RelError: 2.05431e-12	AbsError: 5.00812e+04
      Equation: "HoleContinuityEquation"	RelError: 3.96067e-12	AbsError: 4.37750e+00
      Equation: "PotentialEquation"	RelError: 1.17420e-13	AbsError: 5.49609e-15
    Region: "oxide"	RelError: 2.05802e-16	AbsError: 4.65914e-17
      Equation: "PotentialEquation"	RelError: 2.05802e-16	AbsError: 4.65914e-17
number of equations 8953
Iteration: 0
  Device: "part1_baseline"	RelError: 2.01555e+03	AbsError: 5.96315e+16
    Region: "bulk"	RelError: 2.01550e+03	AbsError: 5.96315e+16
      Equation: "ElectronContinuityEquation"	RelError: 9.99000e+02	AbsError: 5.91286e+16
      Equation: "HoleContinuityEquation"	RelError: 9.99000e+02	AbsError: 5.02967e+14
      Equation: "PotentialEquation"	RelError: 1.75028e+01	AbsError: 4.09542e-02
    Region: "oxide"	RelError: 4.25977e-02	AbsError: 2.47684e-02
      Equation: "PotentialEquation"	RelError: 4.25977e-02	AbsError: 2.47684e-02
Iteration: 1
  Device: "part1_baseline"	RelError: 2.19040e+00	AbsError: 6.69016e+14
    Region: "bulk"	RelError: 2.17165e+00	AbsError: 6.69016e+14
      Equation: "ElectronContinuityEquation"	RelError: 9.97179e-01	AbsError: 6.36720e+14
      Equation: "HoleContinuityEquation"	RelError: 9.98212e-01	AbsError: 3.22962e+13
      Equation: "PotentialEquation"	RelError: 1.76259e-01	AbsError: 3.07632e-02
    Region: "oxide"	RelError: 1.87547e-02	AbsError: 1.67272e-02
      Equation: "PotentialEquation"	RelError: 1.87547e-02	AbsError: 1.67272e-02
Iteration: 2
  Device: "part1_baseline"	RelError: 6.46157e-01	AbsError: 5.90696e+13
    Region: "bulk"	RelError: 6.46156e-01	AbsError: 5.90696e+13
      Equation: "ElectronContinuityEquation"	RelError: 1.93107e-01	AbsError: 5.90242e+13
      Equation: "HoleContinuityEquation"	RelError: 4.38310e-01	AbsError: 4.53440e+10
      Equation: "PotentialEquation"	RelError: 1.47393e-02	AbsError: 2.58428e-02
    Region: "oxide"	RelError: 7.93067e-07	AbsError: 1.85699e-07
      Equation: "PotentialEquation"	RelError: 7.93067e-07	AbsError: 1.85699e-07
Iteration: 3
  Device: "part1_baseline"	RelError: 1.06646e-01	AbsError: 6.65606e+14
    Region: "bulk"	RelError: 1.06642e-01	AbsError: 6.65606e+14
      Equation: "ElectronContinuityEquation"	RelError: 8.80356e-02	AbsError: 6.65501e+14
      Equation: "HoleContinuityEquation"	RelError: 1.38809e-02	AbsError: 1.05361e+11
      Equation: "PotentialEquation"	RelError: 4.72545e-03	AbsError: 9.16544e-03
    Region: "oxide"	RelError: 4.04409e-06	AbsError: 8.97717e-07
      Equation: "PotentialEquation"	RelError: 4.04409e-06	AbsError: 8.97717e-07
Iteration: 4
  Device: "part1_baseline"	RelError: 4.39784e-02	AbsError: 7.19059e+14
    Region: "bulk"	RelError: 4.39736e-02	AbsError: 7.19059e+14
      Equation: "ElectronContinuityEquation"	RelError: 3.47933e-02	AbsError: 7.18934e+14
      Equation: "HoleContinuityEquation"	RelError: 5.33209e-03	AbsError: 1.25483e+11
      Equation: "PotentialEquation"	RelError: 3.84815e-03	AbsError: 8.39670e-05
    Region: "oxide"	RelError: 4.79670e-06	AbsError: 1.07216e-06
      Equation: "PotentialEquation"	RelError: 4.79670e-06	AbsError: 1.07216e-06
Iteration: 5
  Device: "part1_baseline"	RelError: 7.77466e-05	AbsError: 2.62810e+11
    Region: "bulk"	RelError: 7.77454e-05	AbsError: 2.62810e+11
      Equation: "ElectronContinuityEquation"	RelError: 1.54679e-05	AbsError: 2.62784e+11
      Equation: "HoleContinuityEquation"	RelError: 6.13745e-05	AbsError: 2.54668e+07
      Equation: "PotentialEquation"	RelError: 9.03045e-07	AbsError: 2.90177e-08
    Region: "oxide"	RelError: 1.13792e-09	AbsError: 2.60462e-10
      Equation: "PotentialEquation"	RelError: 1.13792e-09	AbsError: 2.60462e-10
Iteration: 6
  Device: "part1_baseline"	RelError: 3.44074e-12	AbsError: 3.32015e+04
    Region: "bulk"	RelError: 3.44061e-12	AbsError: 3.32015e+04
      Equation: "ElectronContinuityEquation"	RelError: 1.54565e-12	AbsError: 3.31987e+04
      Equation: "HoleContinuityEquation"	RelError: 1.78988e-12	AbsError: 2.82618e+00
      Equation: "PotentialEquation"	RelError: 1.05079e-13	AbsError: 3.65134e-15
    Region: "oxide"	RelError: 1.34658e-16	AbsError: 3.15116e-17
      Equation: "PotentialEquation"	RelError: 1.34658e-16	AbsError: 3.15116e-17
number of equations 8953
Iteration: 0
  Device: "part1_baseline"	RelError: 1.14381e+03	AbsError: 5.83166e+16
    Region: "bulk"	RelError: 1.14377e+03	AbsError: 5.83166e+16
      Equation: "ElectronContinuityEquation"	RelError: 1.23571e+02	AbsError: 5.78346e+16
      Equation: "HoleContinuityEquation"	RelError: 9.99000e+02	AbsError: 4.81973e+14
      Equation: "PotentialEquation"	RelError: 2.11947e+01	AbsError: 4.09542e-02
    Region: "oxide"	RelError: 4.08846e-02	AbsError: 2.47697e-02
      Equation: "PotentialEquation"	RelError: 4.08846e-02	AbsError: 2.47697e-02
Iteration: 1
  Device: "part1_baseline"	RelError: 2.16190e+00	AbsError: 6.96887e+14
    Region: "bulk"	RelError: 2.14398e+00	AbsError: 6.96887e+14
      Equation: "ElectronContinuityEquation"	RelError: 9.73363e-01	AbsError: 6.67488e+14
      Equation: "HoleContinuityEquation"	RelError: 9.98136e-01	AbsError: 2.93985e+13
      Equation: "PotentialEquation"	RelError: 1.72482e-01	AbsError: 3.07632e-02
    Region: "oxide"	RelError: 1.79228e-02	AbsError: 1.67291e-02
      Equation: "PotentialEquation"	RelError: 1.79228e-02	AbsError: 1.67291e-02
Iteration: 2
  Device: "part1_baseline"	RelError: 5.68487e-01	AbsError: 5.48588e+13
    Region: "bulk"	RelError: 5.68487e-01	AbsError: 5.48588e+13
      Equation: "ElectronContinuityEquation"	RelError: 1.70868e-01	AbsError: 5.48281e+13
      Equation: "HoleContinuityEquation"	RelError: 3.83637e-01	AbsError: 3.06875e+10
      Equation: "PotentialEquation"	RelError: 1.39816e-02	AbsError: 2.58749e-02
    Region: "oxide"	RelError: 7.19065e-07	AbsError: 1.69775e-07
      Equation: "PotentialEquation"	RelError: 7.19065e-07	AbsError: 1.69775e-07
Iteration: 3
  Device: "part1_baseline"	RelError: 7.51491e-02	AbsError: 5.89606e+14
    Region: "bulk"	RelError: 7.51456e-02	AbsError: 5.89606e+14
      Equation: "ElectronContinuityEquation"	RelError: 6.72967e-02	AbsError: 5.89516e+14
      Equation: "HoleContinuityEquation"	RelError: 3.36689e-03	AbsError: 8.98547e+10
      Equation: "PotentialEquation"	RelError: 4.48207e-03	AbsError: 9.16543e-03
    Region: "oxide"	RelError: 3.47339e-06	AbsError: 7.88616e-07
      Equation: "PotentialEquation"	RelError: 3.47339e-06	AbsError: 7.88616e-07
Iteration: 4
  Device: "part1_baseline"	RelError: 4.35058e-02	AbsError: 6.38727e+14
    Region: "bulk"	RelError: 4.35017e-02	AbsError: 6.38727e+14
      Equation: "ElectronContinuityEquation"	RelError: 3.48477e-02	AbsError: 6.38619e+14
      Equation: "HoleContinuityEquation"	RelError: 4.53293e-03	AbsError: 1.07992e+11
      Equation: "PotentialEquation"	RelError: 4.12104e-03	AbsError: 7.44653e-05
    Region: "oxide"	RelError: 4.15729e-06	AbsError: 9.49412e-07
      Equation: "PotentialEquation"	RelError: 4.15729e-06	AbsError: 9.49412e-07
Iteration: 5
  Device: "part1_baseline"	RelError: 5.60557e-05	AbsError: 2.09202e+11
    Region: "bulk"	RelError: 5.60548e-05	AbsError: 2.09202e+11
      Equation: "ElectronContinuityEquation"	RelError: 1.39196e-05	AbsError: 2.09182e+11
      Equation: "HoleContinuityEquation"	RelError: 4.12549e-05	AbsError: 1.97469e+07
      Equation: "PotentialEquation"	RelError: 8.80275e-07	AbsError: 2.31479e-08
    Region: "oxide"	RelError: 9.00436e-10	AbsError: 2.11708e-10
      Equation: "PotentialEquation"	RelError: 9.00436e-10	AbsError: 2.11708e-10
Iteration: 6
  Device: "part1_baseline"	RelError: 1.93586e-12	AbsError: 2.12737e+04
    Region: "bulk"	RelError: 1.93577e-12	AbsError: 2.12737e+04
      Equation: "ElectronContinuityEquation"	RelError: 1.11411e-12	AbsError: 2.12719e+04
      Equation: "HoleContinuityEquation"	RelError: 7.39392e-13	AbsError: 1.74374e+00
      Equation: "PotentialEquation"	RelError: 8.22705e-14	AbsError: 2.34435e-15
    Region: "oxide"	RelError: 8.54071e-17	AbsError: 2.05888e-17
      Equation: "PotentialEquation"	RelError: 8.54071e-17	AbsError: 2.05888e-17
number of equations 8953
Iteration: 0
  Device: "part1_baseline"	RelError: 2.07080e+03	AbsError: 5.69242e+16
    Region: "bulk"	RelError: 2.07076e+03	AbsError: 5.69242e+16
      Equation: "ElectronContinuityEquation"	RelError: 9.35339e+00	AbsError: 5.64656e+16
      Equation: "HoleContinuityEquation"	RelError: 2.04638e+03	AbsError: 4.58625e+14
      Equation: "PotentialEquation"	RelError: 1.50233e+01	AbsError: 4.09542e-02
    Region: "oxide"	RelError: 3.93017e-02	AbsError: 2.47708e-02
      Equation: "PotentialEquation"	RelError: 3.93017e-02	AbsError: 2.47708e-02
Iteration: 1
  Device: "part1_baseline"	RelError: 1.93366e+00	AbsError: 7.22986e+14
    Region: "bulk"	RelError: 1.91649e+00	AbsError: 7.22986e+14
      Equation: "ElectronContinuityEquation"	RelError: 7.14794e-01	AbsError: 6.96511e+14
      Equation: "HoleContinuityEquation"	RelError: 9.98908e-01	AbsError: 2.64750e+13
      Equation: "PotentialEquation"	RelError: 2.02793e-01	AbsError: 3.07632e-02
    Region: "oxide"	RelError: 1.71614e-02	AbsError: 1.67306e-02
      Equation: "PotentialEquation"	RelError: 1.71614e-02	AbsError: 1.67306e-02
Iteration: 2
  Device: "part1_baseline"	RelError: 5.08206e-01	AbsError: 5.06807e+13
    Region: "bulk"	RelError: 5.08206e-01	AbsError: 5.06807e+13
      Equation: "ElectronContinuityEquation"	RelError: 1.51672e-01	AbsError: 5.06606e+13
      Equation: "HoleContinuityEquation"	RelError: 3.43239e-01	AbsError: 2.00829e+10
      Equation: "PotentialEquation"	RelError: 1.32948e-02	AbsError: 2.58943e-02
    Region: "oxide"	RelError: 6.60480e-07	AbsError: 1.58400e-07
      Equation: "PotentialEquation"	RelError: 6.60480e-07	AbsError: 1.58400e-07
Iteration: 3
  Device: "part1_baseline"	RelError: 6.29654e-02	AbsError: 5.19536e+14
    Region: "bulk"	RelError: 6.29625e-02	AbsError: 5.19536e+14
      Equation: "ElectronContinuityEquation"	RelError: 5.62979e-02	AbsError: 5.19460e+14
      Equation: "HoleContinuityEquation"	RelError: 2.40248e-03	AbsError: 7.56429e+10
      Equation: "PotentialEquation"	RelError: 4.26210e-03	AbsError: 9.16542e-03
    Region: "oxide"	RelError: 2.96590e-06	AbsError: 6.88338e-07
      Equation: "PotentialEquation"	RelError: 2.96590e-06	AbsError: 6.88338e-07
Iteration: 4
  Device: "part1_baseline"	RelError: 4.10331e-02	AbsError: 5.64287e+14
    Region: "bulk"	RelError: 4.10296e-02	AbsError: 5.64287e+14
      Equation: "ElectronContinuityEquation"	RelError: 3.46632e-02	AbsError: 5.64195e+14
      Equation: "HoleContinuityEquation"	RelError: 3.56100e-03	AbsError: 9.19187e+10
      Equation: "PotentialEquation"	RelError: 2.80537e-03	AbsError: 6.57133e-05
    Region: "oxide"	RelError: 3.59324e-06	AbsError: 8.38793e-07
      Equation: "PotentialEquation"	RelError: 3.59324e-06	AbsError: 8.38793e-07
Iteration: 5
  Device: "part1_baseline"	RelError: 3.86958e-05	AbsError: 1.64164e+11
    Region: "bulk"	RelError: 3.86951e-05	AbsError: 1.64164e+11
      Equation: "ElectronContinuityEquation"	RelError: 1.22395e-05	AbsError: 1.64149e+11
      Equation: "HoleContinuityEquation"	RelError: 2.59175e-05	AbsError: 1.53477e+07
      Equation: "PotentialEquation"	RelError: 5.38061e-07	AbsError: 1.82017e-08
    Region: "oxide"	RelError: 7.02136e-10	AbsError: 1.69488e-10
      Equation: "PotentialEquation"	RelError: 7.02136e-10	AbsError: 1.69488e-10
Iteration: 6
  Device: "part1_baseline"	RelError: 1.15565e-12	AbsError: 1.31989e+04
    Region: "bulk"	RelError: 1.15560e-12	AbsError: 1.31989e+04
      Equation: "ElectronContinuityEquation"	RelError: 7.72692e-13	AbsError: 1.31979e+04
      Equation: "HoleContinuityEquation"	RelError: 3.43580e-13	AbsError: 1.06449e+00
      Equation: "PotentialEquation"	RelError: 3.93247e-14	AbsError: 1.45724e-15
    Region: "oxide"	RelError: 5.24870e-17	AbsError: 1.30030e-17
      Equation: "PotentialEquation"	RelError: 5.24870e-17	AbsError: 1.30030e-17
number of equations 8953
Iteration: 0
  Device: "part1_baseline"	RelError: 1.03869e+03	AbsError: 5.63840e+16
    Region: "bulk"	RelError: 1.03865e+03	AbsError: 5.63840e+16
      Equation: "ElectronContinuityEquation"	RelError: 4.60371e+00	AbsError: 5.59445e+16
      Equation: "HoleContinuityEquation"	RelError: 9.99000e+02	AbsError: 4.39497e+14
      Equation: "PotentialEquation"	RelError: 3.50511e+01	AbsError: 4.09542e-02
    Region: "oxide"	RelError: 3.78350e-02	AbsError: 2.47717e-02
      Equation: "PotentialEquation"	RelError: 3.78350e-02	AbsError: 2.47717e-02
Iteration: 1
  Device: "part1_baseline"	RelError: 1.87897e+00	AbsError: 7.48598e+14
    Region: "bulk"	RelError: 1.86251e+00	AbsError: 7.48598e+14
      Equation: "ElectronContinuityEquation"	RelError: 5.27515e-01	AbsError: 7.24096e+14
      Equation: "HoleContinuityEquation"	RelError: 9.98072e-01	AbsError: 2.45020e+13
      Equation: "PotentialEquation"	RelError: 3.36925e-01	AbsError: 3.07632e-02
    Region: "oxide"	RelError: 1.64618e-02	AbsError: 1.67318e-02
      Equation: "PotentialEquation"	RelError: 1.64618e-02	AbsError: 1.67318e-02
Iteration: 2
  Device: "part1_baseline"	RelError: 4.52631e-01	AbsError: 4.74866e+13
    Region: "bulk"	RelError: 4.52631e-01	AbsError: 4.74866e+13
      Equation: "ElectronContinuityEquation"	RelError: 1.32128e-01	AbsError: 4.74690e+13
      Equation: "HoleContinuityEquation"	RelError: 3.07845e-01	AbsError: 1.75136e+10
      Equation: "PotentialEquation"	RelError: 1.26580e-02	AbsError: 2.58636e-02
    Region: "oxide"	RelError: 6.10709e-07	AbsError: 1.49552e-07
      Equation: "PotentialEquation"	RelError: 6.10709e-07	AbsError: 1.49552e-07
Iteration: 3
  Device: "part1_baseline"	RelError: 5.46538e-02	AbsError: 4.55576e+14
    Region: "bulk"	RelError: 5.46513e-02	AbsError: 4.55576e+14
      Equation: "ElectronContinuityEquation"	RelError: 4.66492e-02	AbsError: 4.55514e+14
      Equation: "HoleContinuityEquation"	RelError: 1.82708e-03	AbsError: 6.24644e+10
      Equation: "PotentialEquation"	RelError: 6.17498e-03	AbsError: 9.16541e-03
    Region: "oxide"	RelError: 2.48640e-06	AbsError: 5.90989e-07
      Equation: "PotentialEquation"	RelError: 2.48640e-06	AbsError: 5.90989e-07
Iteration: 4
  Device: "part1_baseline"	RelError: 4.42923e-02	AbsError: 4.96024e+14
    Region: "bulk"	RelError: 4.42892e-02	AbsError: 4.96024e+14
      Equation: "ElectronContinuityEquation"	RelError: 3.40615e-02	AbsError: 4.95946e+14
      Equation: "HoleContinuityEquation"	RelError: 2.67148e-03	AbsError: 7.73744e+10
      Equation: "PotentialEquation"	RelError: 7.55617e-03	AbsError: 5.76998e-05
    Region: "oxide"	RelError: 3.06583e-06	AbsError: 7.33226e-07
      Equation: "PotentialEquation"	RelError: 3.06583e-06	AbsError: 7.33226e-07
Iteration: 5
  Device: "part1_baseline"	RelError: 3.00556e-05	AbsError: 1.27102e+11
    Region: "bulk"	RelError: 3.00551e-05	AbsError: 1.27102e+11
      Equation: "ElectronContinuityEquation"	RelError: 1.04143e-05	AbsError: 1.27091e+11
      Equation: "HoleContinuityEquation"	RelError: 1.83889e-05	AbsError: 1.14188e+07
      Equation: "PotentialEquation"	RelError: 1.25189e-06	AbsError: 1.41172e-08
    Region: "oxide"	RelError: 5.36017e-10	AbsError: 1.33008e-10
      Equation: "PotentialEquation"	RelError: 5.36017e-10	AbsError: 1.33008e-10
Iteration: 6
  Device: "part1_baseline"	RelError: 8.78427e-13	AbsError: 7.94387e+03
    Region: "bulk"	RelError: 8.78396e-13	AbsError: 7.94387e+03
      Equation: "ElectronContinuityEquation"	RelError: 5.12347e-13	AbsError: 7.94325e+03
      Equation: "HoleContinuityEquation"	RelError: 2.95959e-13	AbsError: 6.19474e-01
      Equation: "PotentialEquation"	RelError: 7.00894e-14	AbsError: 8.78523e-16
    Region: "oxide"	RelError: 3.11927e-17	AbsError: 7.94180e-18
      Equation: "PotentialEquation"	RelError: 3.11927e-17	AbsError: 7.94180e-18
number of equations 8953
Iteration: 0
  Device: "part1_baseline"	RelError: 1.35768e+03	AbsError: 5.73442e+16
    Region: "bulk"	RelError: 1.35764e+03	AbsError: 5.73442e+16
      Equation: "ElectronContinuityEquation"	RelError: 2.90930e+00	AbsError: 5.69217e+16
      Equation: "HoleContinuityEquation"	RelError: 9.99000e+02	AbsError: 4.22440e+14
      Equation: "PotentialEquation"	RelError: 3.55731e+02	AbsError: 4.09542e-02
    Region: "oxide"	RelError: 3.64721e-02	AbsError: 2.47725e-02
      Equation: "PotentialEquation"	RelError: 3.64721e-02	AbsError: 2.47725e-02
Iteration: 1
  Device: "part1_baseline"	RelError: 2.10235e+00	AbsError: 7.72668e+14
    Region: "bulk"	RelError: 2.08653e+00	AbsError: 7.72668e+14
      Equation: "ElectronContinuityEquation"	RelError: 3.89598e-01	AbsError: 7.50391e+14
      Equation: "HoleContinuityEquation"	RelError: 9.98043e-01	AbsError: 2.22763e+13
      Equation: "PotentialEquation"	RelError: 6.98894e-01	AbsError: 3.07632e-02
    Region: "oxide"	RelError: 1.58169e-02	AbsError: 1.67328e-02
      Equation: "PotentialEquation"	RelError: 1.58169e-02	AbsError: 1.67328e-02
Iteration: 2
  Device: "part1_baseline"	RelError: 4.12975e-01	AbsError: 4.55914e+13
    Region: "bulk"	RelError: 4.12974e-01	AbsError: 4.55914e+13
      Equation: "ElectronContinuityEquation"	RelError: 1.13143e-01	AbsError: 4.55758e+13
      Equation: "HoleContinuityEquation"	RelError: 2.87741e-01	AbsError: 1.56033e+10
      Equation: "PotentialEquation"	RelError: 1.20902e-02	AbsError: 2.58744e-02
    Region: "oxide"	RelError: 5.67845e-07	AbsError: 1.42414e-07
      Equation: "PotentialEquation"	RelError: 5.67845e-07	AbsError: 1.42414e-07
Iteration: 3
  Device: "part1_baseline"	RelError: 5.39071e-02	AbsError: 3.97670e+14
    Region: "bulk"	RelError: 5.39050e-02	AbsError: 3.97670e+14
      Equation: "ElectronContinuityEquation"	RelError: 3.79789e-02	AbsError: 3.97618e+14
      Equation: "HoleContinuityEquation"	RelError: 1.38895e-03	AbsError: 5.21495e+10
      Equation: "PotentialEquation"	RelError: 1.45371e-02	AbsError: 9.16540e-03
    Region: "oxide"	RelError: 2.10247e-06	AbsError: 5.10078e-07
      Equation: "PotentialEquation"	RelError: 2.10247e-06	AbsError: 5.10078e-07
Iteration: 4
  Device: "part1_baseline"	RelError: 5.34372e-02	AbsError: 4.33962e+14
    Region: "bulk"	RelError: 5.34345e-02	AbsError: 4.33962e+14
      Equation: "ElectronContinuityEquation"	RelError: 3.27748e-02	AbsError: 4.33896e+14
      Equation: "HoleContinuityEquation"	RelError: 1.99494e-03	AbsError: 6.56714e+10
      Equation: "PotentialEquation"	RelError: 1.86647e-02	AbsError: 5.04705e-05
    Region: "oxide"	RelError: 2.64054e-06	AbsError: 6.45566e-07
      Equation: "PotentialEquation"	RelError: 2.64054e-06	AbsError: 6.45566e-07
Iteration: 5
  Device: "part1_baseline"	RelError: 3.56022e-05	AbsError: 9.72433e+10
    Region: "bulk"	RelError: 3.56018e-05	AbsError: 9.72433e+10
      Equation: "ElectronContinuityEquation"	RelError: 8.92290e-06	AbsError: 9.72347e+10
      Equation: "HoleContinuityEquation"	RelError: 2.42111e-05	AbsError: 8.60129e+06
      Equation: "PotentialEquation"	RelError: 2.46784e-06	AbsError: 1.08216e-08
    Region: "oxide"	RelError: 4.07717e-10	AbsError: 1.03737e-10
      Equation: "PotentialEquation"	RelError: 4.07717e-10	AbsError: 1.03737e-10
Iteration: 6
  Device: "part1_baseline"	RelError: 7.48421e-13	AbsError: 4.65546e+03
    Region: "bulk"	RelError: 7.48403e-13	AbsError: 4.65546e+03
      Equation: "ElectronContinuityEquation"	RelError: 3.13533e-13	AbsError: 4.65510e+03
      Equation: "HoleContinuityEquation"	RelError: 3.36581e-13	AbsError: 3.52760e-01
      Equation: "PotentialEquation"	RelError: 9.82882e-14	AbsError: 5.15699e-16
    Region: "oxide"	RelError: 1.80882e-17	AbsError: 4.72727e-18
      Equation: "PotentialEquation"	RelError: 1.80882e-17	AbsError: 4.72727e-18
number of equations 8953
Iteration: 0
  Device: "part1_baseline"	RelError: 1.12657e+03	AbsError: 5.83164e+16
    Region: "bulk"	RelError: 1.12654e+03	AbsError: 5.83164e+16
      Equation: "ElectronContinuityEquation"	RelError: 2.02612e+00	AbsError: 5.79154e+16
      Equation: "HoleContinuityEquation"	RelError: 9.99000e+02	AbsError: 4.01021e+14
      Equation: "PotentialEquation"	RelError: 1.25510e+02	AbsError: 4.09542e-02
    Region: "oxide"	RelError: 3.52026e-02	AbsError: 2.47730e-02
      Equation: "PotentialEquation"	RelError: 3.52026e-02	AbsError: 2.47730e-02
Iteration: 1
  Device: "part1_baseline"	RelError: 1.74193e+00	AbsError: 7.96083e+14
    Region: "bulk"	RelError: 1.72671e+00	AbsError: 7.96083e+14
      Equation: "ElectronContinuityEquation"	RelError: 2.86308e-01	AbsError: 7.75417e+14
      Equation: "HoleContinuityEquation"	RelError: 9.97960e-01	AbsError: 2.06668e+13
      Equation: "PotentialEquation"	RelError: 4.42437e-01	AbsError: 3.07632e-02
    Region: "oxide"	RelError: 1.52204e-02	AbsError: 1.67335e-02
      Equation: "PotentialEquation"	RelError: 1.52204e-02	AbsError: 1.67335e-02
Iteration: 2
  Device: "part1_baseline"	RelError: 3.61148e-01	AbsError: 4.35423e+13
    Region: "bulk"	RelError: 3.61148e-01	AbsError: 4.35423e+13
      Equation: "ElectronContinuityEquation"	RelError: 9.49726e-02	AbsError: 4.35280e+13
      Equation: "HoleContinuityEquation"	RelError: 2.54606e-01	AbsError: 1.42847e+10
      Equation: "PotentialEquation"	RelError: 1.15694e-02	AbsError: 2.58777e-02
    Region: "oxide"	RelError: 5.30280e-07	AbsError: 1.36463e-07
      Equation: "PotentialEquation"	RelError: 5.30280e-07	AbsError: 1.36463e-07
Iteration: 3
  Device: "part1_baseline"	RelError: 3.79850e-02	AbsError: 3.45685e+14
    Region: "bulk"	RelError: 3.79832e-02	AbsError: 3.45685e+14
      Equation: "ElectronContinuityEquation"	RelError: 3.02934e-02	AbsError: 3.45641e+14
      Equation: "HoleContinuityEquation"	RelError: 1.10926e-03	AbsError: 4.36497e+10
      Equation: "PotentialEquation"	RelError: 6.58058e-03	AbsError: 9.16539e-03
    Region: "oxide"	RelError: 1.76738e-06	AbsError: 4.37346e-07
      Equation: "PotentialEquation"	RelError: 1.76738e-06	AbsError: 4.37346e-07
Iteration: 4
  Device: "part1_baseline"	RelError: 4.05100e-02	AbsError: 3.78032e+14
    Region: "bulk"	RelError: 4.05078e-02	AbsError: 3.78032e+14
      Equation: "ElectronContinuityEquation"	RelError: 3.04519e-02	AbsError: 3.77976e+14
      Equation: "HoleContinuityEquation"	RelError: 1.55612e-03	AbsError: 5.60374e+10
      Equation: "PotentialEquation"	RelError: 8.49972e-03	AbsError: 4.39728e-05
    Region: "oxide"	RelError: 2.26931e-06	AbsError: 5.67178e-07
      Equation: "PotentialEquation"	RelError: 2.26931e-06	AbsError: 5.67178e-07
Iteration: 5
  Device: "part1_baseline"	RelError: 4.06205e-05	AbsError: 7.35778e+10
    Region: "bulk"	RelError: 4.06202e-05	AbsError: 7.35778e+10
      Equation: "ElectronContinuityEquation"	RelError: 7.97499e-06	AbsError: 7.35713e+10
      Equation: "HoleContinuityEquation"	RelError: 3.15521e-05	AbsError: 6.45386e+06
      Equation: "PotentialEquation"	RelError: 1.09315e-06	AbsError: 8.20348e-09
    Region: "oxide"	RelError: 3.06735e-10	AbsError: 7.99760e-11
      Equation: "PotentialEquation"	RelError: 3.06735e-10	AbsError: 7.99760e-11
Iteration: 6
  Device: "part1_baseline"	RelError: 5.66734e-13	AbsError: 2.66116e+03
    Region: "bulk"	RelError: 5.66724e-13	AbsError: 2.66116e+03
      Equation: "ElectronContinuityEquation"	RelError: 1.73147e-13	AbsError: 2.66096e+03
      Equation: "HoleContinuityEquation"	RelError: 3.58424e-13	AbsError: 1.98699e-01
      Equation: "PotentialEquation"	RelError: 3.51525e-14	AbsError: 2.95246e-16
    Region: "oxide"	RelError: 1.02316e-17	AbsError: 2.74310e-18
      Equation: "PotentialEquation"	RelError: 1.02316e-17	AbsError: 2.74310e-18
number of equations 8953
Iteration: 0
  Device: "part1_baseline"	RelError: 5.99156e-22	AbsError: 3.03945e-12
    Region: "bulk"	RelError: 5.99156e-22	AbsError: 3.03945e-12
      Equation: "ElectronContinuityEquation"	RelError: 5.99155e-22	AbsError: 3.03892e-12
      Equation: "HoleContinuityEquation"	RelError: 5.03955e-28	AbsError: 5.29109e-16
      Equation: "PotentialEquation"	RelError: 7.03647e-29	AbsError: 4.60704e-31
    Region: "oxide"	RelError: 1.05305e-31	AbsError: 3.16002e-32
      Equation: "PotentialEquation"	RelError: 1.05305e-31	AbsError: 3.16002e-32
Vth          0.3999572112531067     V        FAIL
Ion          171.0999123956496      uA/um    FAIL
Ioff         0.4241750485020098     pA/um    PASS
SS           69.00543533690725      mV/dec   PASS
Ioff_398K    225.85827243161617     pA/um    FAIL
DIBL         13.236083592423983     mV/V     PASS
Body_effect  0.0422512432022194     V        PASS
Eox          2.0                    MV/cm    PASS
