Creating Region air
Creating Region bulk
Creating Region gate_metal
Creating Region oxide
Contact: source region bulk ni: 0 ci: 51 (0, 0, 0)
Contact: body region bulk ni: 70 ci: 86 (0, 5e-05, 0)
Contact: source region bulk ni: 2 ci: 95 (2.5e-06, 0, 0)
Contact: body region bulk ni: 71 ci: 130 (2.5e-06, 5e-05, 0)
Contact: source region bulk ni: 72 ci: 139 (5e-06, 0, 0)
Contact: body region bulk ni: 107 ci: 174 (5e-06, 5e-05, 0)
Contact: source region bulk ni: 108 ci: 183 (7.5e-06, 0, 0)
Contact: body region bulk ni: 143 ci: 218 (7.5e-06, 5e-05, 0)
Contact: source region bulk ni: 144 ci: 227 (1e-05, 0, 0)
Contact: body region bulk ni: 179 ci: 262 (1e-05, 5e-05, 0)
Contact: source region bulk ni: 180 ci: 271 (1.25e-05, 0, 0)
Contact: body region bulk ni: 215 ci: 306 (1.25e-05, 5e-05, 0)
Contact: source region bulk ni: 216 ci: 315 (1.5e-05, 0, 0)
Contact: body region bulk ni: 251 ci: 350 (1.5e-05, 5e-05, 0)
Contact: source region bulk ni: 252 ci: 359 (1.75e-05, 0, 0)
Contact: body region bulk ni: 287 ci: 394 (1.75e-05, 5e-05, 0)
Contact: source region bulk ni: 288 ci: 403 (2e-05, 0, 0)
Contact: body region bulk ni: 323 ci: 438 (2e-05, 5e-05, 0)
Contact: source region bulk ni: 324 ci: 447 (2.25e-05, 0, 0)
Contact: body region bulk ni: 359 ci: 482 (2.25e-05, 5e-05, 0)
Contact: source region bulk ni: 360 ci: 491 (2.5e-05, 0, 0)
Contact: body region bulk ni: 395 ci: 526 (2.5e-05, 5e-05, 0)
Contact: source region bulk ni: 396 ci: 535 (2.75e-05, 0, 0)
Contact: body region bulk ni: 431 ci: 570 (2.75e-05, 5e-05, 0)
Contact: source region bulk ni: 432 ci: 579 (3e-05, 0, 0)
Contact: body region bulk ni: 467 ci: 614 (3e-05, 5e-05, 0)
Contact: source region bulk ni: 468 ci: 623 (3.25e-05, 0, 0)
Contact: body region bulk ni: 503 ci: 658 (3.25e-05, 5e-05, 0)
Contact: source region bulk ni: 504 ci: 667 (3.5e-05, 0, 0)
Contact: body region bulk ni: 539 ci: 702 (3.5e-05, 5e-05, 0)
Contact: source region bulk ni: 540 ci: 711 (3.75e-05, 0, 0)
Contact: body region bulk ni: 575 ci: 746 (3.75e-05, 5e-05, 0)
Contact: source region bulk ni: 576 ci: 755 (4e-05, 0, 0)
Contact: body region bulk ni: 611 ci: 790 (4e-05, 5e-05, 0)
Contact: source region bulk ni: 612 ci: 799 (4.25e-05, 0, 0)
Contact: body region bulk ni: 647 ci: 834 (4.25e-05, 5e-05, 0)
Contact: source region bulk ni: 648 ci: 843 (4.5e-05, 0, 0)
Contact: body region bulk ni: 683 ci: 878 (4.5e-05, 5e-05, 0)
Contact: source region bulk ni: 684 ci: 887 (4.75e-05, 0, 0)
Contact: body region bulk ni: 719 ci: 922 (4.75e-05, 5e-05, 0)
Contact: gate region oxide ni: 0 ci: 929 (5e-05, -4.5e-07, 0)
Contact: source region bulk ni: 720 ci: 931 (5e-05, 0, 0)
Contact: body region bulk ni: 755 ci: 966 (5e-05, 5e-05, 0)
Contact: gate region oxide ni: 2 ci: 973 (5.25e-05, -4.5e-07, 0)
Contact: body region bulk ni: 791 ci: 1010 (5.25e-05, 5e-05, 0)
Contact: gate region oxide ni: 6 ci: 1017 (5.5e-05, -4.5e-07, 0)
Contact: body region bulk ni: 827 ci: 1054 (5.5e-05, 5e-05, 0)
Contact: gate region oxide ni: 9 ci: 1061 (5.75e-05, -4.5e-07, 0)
Contact: body region bulk ni: 863 ci: 1098 (5.75e-05, 5e-05, 0)
Contact: gate region oxide ni: 12 ci: 1105 (6e-05, -4.5e-07, 0)
Contact: body region bulk ni: 899 ci: 1142 (6e-05, 5e-05, 0)
Contact: gate region oxide ni: 15 ci: 1149 (6.25e-05, -4.5e-07, 0)
Contact: body region bulk ni: 935 ci: 1186 (6.25e-05, 5e-05, 0)
Contact: gate region oxide ni: 18 ci: 1193 (6.5e-05, -4.5e-07, 0)
Contact: body region bulk ni: 971 ci: 1230 (6.5e-05, 5e-05, 0)
Contact: gate region oxide ni: 21 ci: 1237 (6.75e-05, -4.5e-07, 0)
Contact: body region bulk ni: 1007 ci: 1274 (6.75e-05, 5e-05, 0)
Contact: gate region oxide ni: 24 ci: 1281 (7e-05, -4.5e-07, 0)
Contact: body region bulk ni: 1043 ci: 1318 (7e-05, 5e-05, 0)
Contact: gate region oxide ni: 27 ci: 1325 (7.25e-05, -4.5e-07, 0)
Contact: body region bulk ni: 1079 ci: 1362 (7.25e-05, 5e-05, 0)
Contact: gate region oxide ni: 30 ci: 1369 (7.5e-05, -4.5e-07, 0)
Contact: body region bulk ni: 1115 ci: 1406 (7.5e-05, 5e-05, 0)
Contact: gate region oxide ni: 33 ci: 1413 (7.75e-05, -4.5e-07, 0)
Contact: body region bulk ni: 1151 ci: 1450 (7.75e-05, 5e-05, 0)
Contact: gate region oxide ni: 36 ci: 1457 (8e-05, -4.5e-07, 0)
Contact: body region bulk ni: 1187 ci: 1494 (8e-05, 5e-05, 0)
Contact: gate region oxide ni: 39 ci: 1501 (8.25e-05, -4.5e-07, 0)
Contact: body region bulk ni: 1223 ci: 1538 (8.25e-05, 5e-05, 0)
Contact: gate region oxide ni: 42 ci: 1545 (8.5e-05, -4.5e-07, 0)
Contact: body region bulk ni: 1259 ci: 1582 (8.5e-05, 5e-05, 0)
Contact: gate region oxide ni: 45 ci: 1589 (8.75e-05, -4.5e-07, 0)
Contact: body region bulk ni: 1295 ci: 1626 (8.75e-05, 5e-05, 0)
Contact: gate region oxide ni: 48 ci: 1633 (9e-05, -4.5e-07, 0)
Contact: body region bulk ni: 1331 ci: 1670 (9e-05, 5e-05, 0)
Contact: gate region oxide ni: 51 ci: 1677 (9.25e-05, -4.5e-07, 0)
Contact: body region bulk ni: 1367 ci: 1714 (9.25e-05, 5e-05, 0)
Contact: gate region oxide ni: 54 ci: 1721 (9.5e-05, -4.5e-07, 0)
Contact: body region bulk ni: 1403 ci: 1758 (9.5e-05, 5e-05, 0)
Contact: gate region oxide ni: 57 ci: 1765 (9.75e-05, -4.5e-07, 0)
Contact: body region bulk ni: 1439 ci: 1802 (9.75e-05, 5e-05, 0)
Contact: gate region oxide ni: 60 ci: 1809 (0.0001, -4.5e-07, 0)
Contact: body region bulk ni: 1475 ci: 1846 (0.0001, 5e-05, 0)
Contact: gate region oxide ni: 63 ci: 1853 (0.0001025, -4.5e-07, 0)
Contact: body region bulk ni: 1511 ci: 1890 (0.0001025, 5e-05, 0)
Contact: gate region oxide ni: 66 ci: 1897 (0.000105, -4.5e-07, 0)
Contact: drain region bulk ni: 1512 ci: 1899 (0.000105, 0, 0)
Contact: body region bulk ni: 1547 ci: 1934 (0.000105, 5e-05, 0)
Contact: drain region bulk ni: 1548 ci: 1943 (0.0001075, 0, 0)
Contact: body region bulk ni: 1583 ci: 1978 (0.0001075, 5e-05, 0)
Contact: drain region bulk ni: 1584 ci: 1987 (0.00011, 0, 0)
Contact: body region bulk ni: 1619 ci: 2022 (0.00011, 5e-05, 0)
Contact: drain region bulk ni: 1620 ci: 2031 (0.0001125, 0, 0)
Contact: body region bulk ni: 1655 ci: 2066 (0.0001125, 5e-05, 0)
Contact: drain region bulk ni: 1656 ci: 2075 (0.000115, 0, 0)
Contact: body region bulk ni: 1691 ci: 2110 (0.000115, 5e-05, 0)
Contact: drain region bulk ni: 1692 ci: 2119 (0.0001175, 0, 0)
Contact: body region bulk ni: 1727 ci: 2154 (0.0001175, 5e-05, 0)
Contact: drain region bulk ni: 1728 ci: 2163 (0.00012, 0, 0)
Contact: body region bulk ni: 1763 ci: 2198 (0.00012, 5e-05, 0)
Contact: drain region bulk ni: 1764 ci: 2207 (0.0001225, 0, 0)
Contact: body region bulk ni: 1799 ci: 2242 (0.0001225, 5e-05, 0)
Contact: drain region bulk ni: 1800 ci: 2251 (0.000125, 0, 0)
Contact: body region bulk ni: 1835 ci: 2286 (0.000125, 5e-05, 0)
Contact: drain region bulk ni: 1836 ci: 2295 (0.0001275, 0, 0)
Contact: body region bulk ni: 1871 ci: 2330 (0.0001275, 5e-05, 0)
Contact: drain region bulk ni: 1872 ci: 2339 (0.00013, 0, 0)
Contact: body region bulk ni: 1907 ci: 2374 (0.00013, 5e-05, 0)
Contact: drain region bulk ni: 1908 ci: 2383 (0.0001325, 0, 0)
Contact: body region bulk ni: 1943 ci: 2418 (0.0001325, 5e-05, 0)
Contact: drain region bulk ni: 1944 ci: 2427 (0.000135, 0, 0)
Contact: body region bulk ni: 1979 ci: 2462 (0.000135, 5e-05, 0)
Contact: drain region bulk ni: 1980 ci: 2471 (0.0001375, 0, 0)
Contact: body region bulk ni: 2015 ci: 2506 (0.0001375, 5e-05, 0)
Contact: drain region bulk ni: 2016 ci: 2515 (0.00014, 0, 0)
Contact: body region bulk ni: 2051 ci: 2550 (0.00014, 5e-05, 0)
Contact: drain region bulk ni: 2052 ci: 2559 (0.0001425, 0, 0)
Contact: body region bulk ni: 2087 ci: 2594 (0.0001425, 5e-05, 0)
Contact: drain region bulk ni: 2088 ci: 2603 (0.000145, 0, 0)
Contact: body region bulk ni: 2123 ci: 2638 (0.000145, 5e-05, 0)
Contact: drain region bulk ni: 2124 ci: 2647 (0.0001475, 0, 0)
Contact: body region bulk ni: 2159 ci: 2682 (0.0001475, 5e-05, 0)
Contact: drain region bulk ni: 2160 ci: 2691 (0.00015, 0, 0)
Contact: body region bulk ni: 2195 ci: 2726 (0.00015, 5e-05, 0)
Contact: drain region bulk ni: 2196 ci: 2735 (0.0001525, 0, 0)
Contact: body region bulk ni: 2231 ci: 2770 (0.0001525, 5e-05, 0)
Contact: drain region bulk ni: 2232 ci: 2779 (0.000155, 0, 0)
Contact: body region bulk ni: 2267 ci: 2814 (0.000155, 5e-05, 0)
Adding 660 nodes
Adding 1560 edges with 1140 duplicates removed
Adding 900 triangles  with 0 duplicate removed
Adding 2268 nodes
Adding 6607 edges with 6413 duplicates removed
Adding 4340 triangles  with 0 duplicate removed
Adding 115 nodes
Adding 290 edges with 238 duplicates removed
Adding 176 triangles  with 0 duplicate removed
Adding 69 nodes
Adding 156 edges with 108 duplicates removed
Adding 88 triangles  with 0 duplicate removed
Contact body in region bulk with 63 nodes
Contact drain in region bulk with 21 nodes
Contact gate in region oxide with 23 nodes
Contact source in region bulk with 21 nodes
Interface bulk_oxide bulk oxide has 21 node pairs
Adding interface bulk_oxide with 21, 21 nodes
Replacing Node Model gatenodemodel in region oxide of material Oxide
Adding 660 nodes
Adding 1560 edges with 0 duplicates removed
Adding 900 triangles  with 0 duplicate removed
Adding 2268 nodes
Adding 6607 edges with 0 duplicates removed
Adding 4340 triangles  with 0 duplicate removed
Adding 115 nodes
Adding 290 edges with 0 duplicates removed
Adding 176 triangles  with 0 duplicate removed
Adding 69 nodes
Adding 156 edges with 0 duplicates removed
Adding 88 triangles  with 0 duplicate removed
Contact body in region bulk with 63 nodes
Contact drain in region bulk with 21 nodes
Contact gate in region oxide with 23 nodes
Contact source in region bulk with 21 nodes
Adding interface bulk_oxide with 21, 21 nodes
Replacing Node Model DrainDoping in region bulk of material Silicon
Replacing Node Model NetDoping in region bulk of material Silicon
Replacing Node Model SourceDoping in region bulk of material Silicon
Replacing Node Model gatenodemodel in region oxide of material Oxide
number of equations 2337
Iteration: 0
  Device: "part1_baseline"	RelError: 2.00000e+00	AbsError: 2.02936e-01
    Region: "bulk"	RelError: 1.00000e+00	AbsError: 2.02936e-01
      Equation: "PotentialEquation"	RelError: 1.00000e+00	AbsError: 2.02936e-01
    Region: "oxide"	RelError: 1.00000e+00	AbsError: 1.30331e-01
      Equation: "PotentialEquation"	RelError: 1.00000e+00	AbsError: 1.30331e-01
Iteration: 1
  Device: "part1_baseline"	RelError: 9.97423e-01	AbsError: 2.02490e-01
    Region: "bulk"	RelError: 4.99589e-01	AbsError: 2.02490e-01
      Equation: "PotentialEquation"	RelError: 4.99589e-01	AbsError: 2.02490e-01
    Region: "oxide"	RelError: 4.97834e-01	AbsError: 1.29207e-01
      Equation: "PotentialEquation"	RelError: 4.97834e-01	AbsError: 1.29207e-01
Iteration: 2
  Device: "part1_baseline"	RelError: 9.67069e+00	AbsError: 1.49470e-01
    Region: "bulk"	RelError: 5.74603e-01	AbsError: 1.49470e-01
      Equation: "PotentialEquation"	RelError: 5.74603e-01	AbsError: 1.49470e-01
    Region: "oxide"	RelError: 9.09609e+00	AbsError: 8.35598e-02
      Equation: "PotentialEquation"	RelError: 9.09609e+00	AbsError: 8.35598e-02
Iteration: 3
  Device: "part1_baseline"	RelError: 3.85565e+00	AbsError: 8.09054e-02
    Region: "bulk"	RelError: 1.34714e+00	AbsError: 8.09054e-02
      Equation: "PotentialEquation"	RelError: 1.34714e+00	AbsError: 8.09054e-02
    Region: "oxide"	RelError: 2.50852e+00	AbsError: 5.74791e-02
      Equation: "PotentialEquation"	RelError: 2.50852e+00	AbsError: 5.74791e-02
Iteration: 4
  Device: "part1_baseline"	RelError: 5.72677e+01	AbsError: 8.06119e-02
    Region: "bulk"	RelError: 5.00866e+01	AbsError: 8.06119e-02
      Equation: "PotentialEquation"	RelError: 5.00866e+01	AbsError: 8.06119e-02
    Region: "oxide"	RelError: 7.18115e+00	AbsError: 5.46437e-02
      Equation: "PotentialEquation"	RelError: 7.18115e+00	AbsError: 5.46437e-02
Iteration: 5
  Device: "part1_baseline"	RelError: 1.63689e+02	AbsError: 7.94942e-02
    Region: "bulk"	RelError: 1.46855e+02	AbsError: 7.94942e-02
      Equation: "PotentialEquation"	RelError: 1.46855e+02	AbsError: 7.94942e-02
    Region: "oxide"	RelError: 1.68335e+01	AbsError: 4.99660e-02
      Equation: "PotentialEquation"	RelError: 1.68335e+01	AbsError: 4.99660e-02
Iteration: 6
  Device: "part1_baseline"	RelError: 1.41561e+02	AbsError: 7.77223e-02
    Region: "bulk"	RelError: 1.36578e+02	AbsError: 7.77223e-02
      Equation: "PotentialEquation"	RelError: 1.36578e+02	AbsError: 7.77223e-02
    Region: "oxide"	RelError: 4.98317e+00	AbsError: 4.38644e-02
      Equation: "PotentialEquation"	RelError: 4.98317e+00	AbsError: 4.38644e-02
Iteration: 7
  Device: "part1_baseline"	RelError: 1.26293e+02	AbsError: 7.52067e-02
    Region: "bulk"	RelError: 1.24396e+02	AbsError: 7.52067e-02
      Equation: "PotentialEquation"	RelError: 1.24396e+02	AbsError: 7.52067e-02
    Region: "oxide"	RelError: 1.89727e+00	AbsError: 3.60173e-02
      Equation: "PotentialEquation"	RelError: 1.89727e+00	AbsError: 3.60173e-02
Iteration: 8
  Device: "part1_baseline"	RelError: 1.04117e+02	AbsError: 7.14004e-02
    Region: "bulk"	RelError: 5.53988e+01	AbsError: 7.14004e-02
      Equation: "PotentialEquation"	RelError: 5.53988e+01	AbsError: 7.14004e-02
    Region: "oxide"	RelError: 4.87182e+01	AbsError: 2.60530e-02
      Equation: "PotentialEquation"	RelError: 4.87182e+01	AbsError: 2.60530e-02
Iteration: 9
  Device: "part1_baseline"	RelError: 1.02634e+02	AbsError: 6.47653e-02
    Region: "bulk"	RelError: 1.01601e+02	AbsError: 6.47653e-02
      Equation: "PotentialEquation"	RelError: 1.01601e+02	AbsError: 6.47653e-02
    Region: "oxide"	RelError: 1.03302e+00	AbsError: 1.92905e-02
      Equation: "PotentialEquation"	RelError: 1.03302e+00	AbsError: 1.92905e-02
Iteration: 10
  Device: "part1_baseline"	RelError: 1.76214e+01	AbsError: 5.22713e-02
    Region: "bulk"	RelError: 1.74378e+01	AbsError: 5.22713e-02
      Equation: "PotentialEquation"	RelError: 1.74378e+01	AbsError: 5.22713e-02
    Region: "oxide"	RelError: 1.83567e-01	AbsError: 3.20475e-03
      Equation: "PotentialEquation"	RelError: 1.83567e-01	AbsError: 3.20475e-03
Iteration: 11
  Device: "part1_baseline"	RelError: 6.14415e+00	AbsError: 3.98850e-02
    Region: "bulk"	RelError: 5.94239e+00	AbsError: 3.98850e-02
      Equation: "PotentialEquation"	RelError: 5.94239e+00	AbsError: 3.98850e-02
    Region: "oxide"	RelError: 2.01764e-01	AbsError: 2.63285e-03
      Equation: "PotentialEquation"	RelError: 2.01764e-01	AbsError: 2.63285e-03
Iteration: 12
  Device: "part1_baseline"	RelError: 7.35287e+00	AbsError: 2.58914e-02
    Region: "bulk"	RelError: 7.31202e+00	AbsError: 2.58914e-02
      Equation: "PotentialEquation"	RelError: 7.31202e+00	AbsError: 2.58914e-02
    Region: "oxide"	RelError: 4.08432e-02	AbsError: 4.35059e-04
      Equation: "PotentialEquation"	RelError: 4.08432e-02	AbsError: 4.35059e-04
Iteration: 13
  Device: "part1_baseline"	RelError: 8.89912e-01	AbsError: 8.94480e-03
    Region: "bulk"	RelError: 8.86401e-01	AbsError: 8.94480e-03
      Equation: "PotentialEquation"	RelError: 8.86401e-01	AbsError: 8.94480e-03
    Region: "oxide"	RelError: 3.51063e-03	AbsError: 2.94086e-05
      Equation: "PotentialEquation"	RelError: 3.51063e-03	AbsError: 2.94086e-05
Iteration: 14
  Device: "part1_baseline"	RelError: 3.22418e-02	AbsError: 3.51952e-04
    Region: "bulk"	RelError: 3.21806e-02	AbsError: 3.51952e-04
      Equation: "PotentialEquation"	RelError: 3.21806e-02	AbsError: 3.51952e-04
    Region: "oxide"	RelError: 6.12469e-05	AbsError: 4.14770e-07
      Equation: "PotentialEquation"	RelError: 6.12469e-05	AbsError: 4.14770e-07
Iteration: 15
  Device: "part1_baseline"	RelError: 5.15419e-05	AbsError: 9.48037e-07
    Region: "bulk"	RelError: 5.14724e-05	AbsError: 9.48037e-07
      Equation: "PotentialEquation"	RelError: 5.14724e-05	AbsError: 9.48037e-07
    Region: "oxide"	RelError: 6.94549e-08	AbsError: 4.26203e-10
      Equation: "PotentialEquation"	RelError: 6.94549e-08	AbsError: 4.26203e-10
Iteration: 16
  Device: "part1_baseline"	RelError: 2.50761e-10	AbsError: 7.17488e-12
    Region: "bulk"	RelError: 2.50456e-10	AbsError: 7.17488e-12
      Equation: "PotentialEquation"	RelError: 2.50456e-10	AbsError: 7.17488e-12
    Region: "oxide"	RelError: 3.04545e-13	AbsError: 1.84504e-15
      Equation: "PotentialEquation"	RelError: 3.04545e-13	AbsError: 1.84504e-15
Iteration: 17
  Device: "part1_baseline"	RelError: 1.03997e-20	AbsError: 4.32965e-22
    Region: "bulk"	RelError: 1.03875e-20	AbsError: 4.32965e-22
      Equation: "PotentialEquation"	RelError: 1.03875e-20	AbsError: 4.32965e-22
    Region: "oxide"	RelError: 1.21567e-23	AbsError: 7.34186e-26
      Equation: "PotentialEquation"	RelError: 1.21567e-23	AbsError: 7.34186e-26
Warning: Replacing equation with equation of the same name.
Region: bulk, Equation: PotentialEquation, Variable: Potential
number of equations 6873
Iteration: 0
  Device: "part1_baseline"	RelError: 1.71748e-28	AbsError: 1.43901e-13
    Region: "bulk"	RelError: 1.71745e-28	AbsError: 1.43901e-13
      Equation: "ElectronContinuityEquation"	RelError: 1.40433e-28	AbsError: 1.43885e-13
      Equation: "HoleContinuityEquation"	RelError: 3.12947e-29	AbsError: 1.63967e-17
      Equation: "PotentialEquation"	RelError: 1.79574e-32	AbsError: 2.95915e-34
    Region: "oxide"	RelError: 2.19008e-33	AbsError: 4.27062e-35
      Equation: "PotentialEquation"	RelError: 2.19008e-33	AbsError: 4.27062e-35
number of equations 6873
Iteration: 0
  Device: "part1_baseline"	RelError: 4.29272e+03	AbsError: 3.84922e+16
    Region: "bulk"	RelError: 4.29009e+03	AbsError: 3.84922e+16
      Equation: "ElectronContinuityEquation"	RelError: 3.25201e+03	AbsError: 3.77617e+16
      Equation: "HoleContinuityEquation"	RelError: 9.99000e+02	AbsError: 7.30518e+14
      Equation: "PotentialEquation"	RelError: 3.90825e+01	AbsError: 2.78470e-02
    Region: "oxide"	RelError: 2.63178e+00	AbsError: 1.34861e-02
      Equation: "PotentialEquation"	RelError: 2.63178e+00	AbsError: 1.34861e-02
Iteration: 1
  Device: "part1_baseline"	RelError: 2.27611e+01	AbsError: 3.83065e+14
    Region: "bulk"	RelError: 2.27573e+01	AbsError: 3.83065e+14
      Equation: "ElectronContinuityEquation"	RelError: 9.99410e-01	AbsError: 3.22929e+14
      Equation: "HoleContinuityEquation"	RelError: 9.98450e-01	AbsError: 6.01368e+13
      Equation: "PotentialEquation"	RelError: 2.07594e+01	AbsError: 2.21530e-02
    Region: "oxide"	RelError: 3.84524e-03	AbsError: 1.49771e-05
      Equation: "PotentialEquation"	RelError: 3.84524e-03	AbsError: 1.49771e-05
Iteration: 2
  Device: "part1_baseline"	RelError: 1.63655e+00	AbsError: 7.29355e+13
    Region: "bulk"	RelError: 1.63513e+00	AbsError: 7.29355e+13
      Equation: "ElectronContinuityEquation"	RelError: 4.42134e-01	AbsError: 7.27671e+13
      Equation: "HoleContinuityEquation"	RelError: 1.18617e+00	AbsError: 1.68425e+11
      Equation: "PotentialEquation"	RelError: 6.83589e-03	AbsError: 3.39238e-05
    Region: "oxide"	RelError: 1.41816e-03	AbsError: 4.28036e-06
      Equation: "PotentialEquation"	RelError: 1.41816e-03	AbsError: 4.28036e-06
Iteration: 3
  Device: "part1_baseline"	RelError: 5.89652e-04	AbsError: 1.45255e+10
    Region: "bulk"	RelError: 5.89495e-04	AbsError: 1.45255e+10
      Equation: "ElectronContinuityEquation"	RelError: 7.27272e-05	AbsError: 1.45121e+10
      Equation: "HoleContinuityEquation"	RelError: 5.16032e-04	AbsError: 1.34338e+07
      Equation: "PotentialEquation"	RelError: 7.35571e-07	AbsError: 5.19386e-09
    Region: "oxide"	RelError: 1.57549e-07	AbsError: 4.27797e-10
      Equation: "PotentialEquation"	RelError: 1.57549e-07	AbsError: 4.27797e-10
Iteration: 4
  Device: "part1_baseline"	RelError: 1.16132e-11	AbsError: 4.73760e+02
    Region: "bulk"	RelError: 1.16101e-11	AbsError: 4.73760e+02
      Equation: "ElectronContinuityEquation"	RelError: 9.74815e-13	AbsError: 4.73498e+02
      Equation: "HoleContinuityEquation"	RelError: 1.06210e-11	AbsError: 2.61868e-01
      Equation: "PotentialEquation"	RelError: 1.43397e-14	AbsError: 1.23348e-16
    Region: "oxide"	RelError: 3.10210e-15	AbsError: 8.42310e-18
      Equation: "PotentialEquation"	RelError: 3.10210e-15	AbsError: 8.42310e-18
number of equations 6873
Iteration: 0
  Device: "part1_baseline"	RelError: 2.32495e-26	AbsError: 2.61322e-13
    Region: "bulk"	RelError: 2.32315e-26	AbsError: 2.61322e-13
      Equation: "ElectronContinuityEquation"	RelError: 6.93680e-27	AbsError: 2.60426e-13
      Equation: "HoleContinuityEquation"	RelError: 1.62576e-26	AbsError: 8.96278e-16
      Equation: "PotentialEquation"	RelError: 3.71324e-29	AbsError: 8.49454e-32
    Region: "oxide"	RelError: 1.80268e-29	AbsError: 5.11296e-32
      Equation: "PotentialEquation"	RelError: 1.80268e-29	AbsError: 5.11296e-32
number of equations 6873
Iteration: 0
  Device: "part1_baseline"	RelError: 1.43760e+02	AbsError: 1.14785e+16
    Region: "bulk"	RelError: 1.31192e+02	AbsError: 1.14785e+16
      Equation: "ElectronContinuityEquation"	RelError: 4.24115e-01	AbsError: 1.11044e+16
      Equation: "HoleContinuityEquation"	RelError: 2.69115e+00	AbsError: 3.74084e+14
      Equation: "PotentialEquation"	RelError: 1.28076e+02	AbsError: 1.88739e-02
    Region: "oxide"	RelError: 1.25683e+01	AbsError: 2.00000e-02
      Equation: "PotentialEquation"	RelError: 1.25683e+01	AbsError: 2.00000e-02
Iteration: 1
  Device: "part1_baseline"	RelError: 7.43658e-01	AbsError: 6.14498e+13
    Region: "bulk"	RelError: 7.43123e-01	AbsError: 6.14498e+13
      Equation: "ElectronContinuityEquation"	RelError: 1.68723e-01	AbsError: 4.11704e+13
      Equation: "HoleContinuityEquation"	RelError: 4.37769e-01	AbsError: 2.02794e+13
      Equation: "PotentialEquation"	RelError: 1.36632e-01	AbsError: 1.14882e-04
    Region: "oxide"	RelError: 5.34576e-04	AbsError: 8.50025e-06
      Equation: "PotentialEquation"	RelError: 5.34576e-04	AbsError: 8.50025e-06
Iteration: 2
  Device: "part1_baseline"	RelError: 1.02242e-03	AbsError: 1.96450e+10
    Region: "bulk"	RelError: 1.02239e-03	AbsError: 1.96450e+10
      Equation: "ElectronContinuityEquation"	RelError: 3.31903e-04	AbsError: 4.24928e+09
      Equation: "HoleContinuityEquation"	RelError: 6.85654e-04	AbsError: 1.53957e+10
      Equation: "PotentialEquation"	RelError: 4.83209e-06	AbsError: 2.70715e-08
    Region: "oxide"	RelError: 3.49693e-08	AbsError: 2.61073e-10
      Equation: "PotentialEquation"	RelError: 3.49693e-08	AbsError: 2.61073e-10
Iteration: 3
  Device: "part1_baseline"	RelError: 2.96051e-10	AbsError: 3.75461e+03
    Region: "bulk"	RelError: 2.96048e-10	AbsError: 3.75461e+03
      Equation: "ElectronContinuityEquation"	RelError: 2.79297e-10	AbsError: 4.04784e+01
      Equation: "HoleContinuityEquation"	RelError: 1.63031e-11	AbsError: 3.71413e+03
      Equation: "PotentialEquation"	RelError: 4.48429e-13	AbsError: 2.94050e-15
    Region: "oxide"	RelError: 2.52252e-15	AbsError: 5.52271e-17
      Equation: "PotentialEquation"	RelError: 2.52252e-15	AbsError: 5.52271e-17
number of equations 6873
Iteration: 0
  Device: "part1_baseline"	RelError: 2.20167e+01	AbsError: 1.14678e+16
    Region: "bulk"	RelError: 1.07869e+01	AbsError: 1.14678e+16
      Equation: "ElectronContinuityEquation"	RelError: 4.24241e-01	AbsError: 1.11050e+16
      Equation: "HoleContinuityEquation"	RelError: 2.69989e+00	AbsError: 3.62732e+14
      Equation: "PotentialEquation"	RelError: 7.66279e+00	AbsError: 1.88904e-02
    Region: "oxide"	RelError: 1.12298e+01	AbsError: 2.00000e-02
      Equation: "PotentialEquation"	RelError: 1.12298e+01	AbsError: 2.00000e-02
Iteration: 1
  Device: "part1_baseline"	RelError: 6.25493e-01	AbsError: 6.66422e+13
    Region: "bulk"	RelError: 6.24444e-01	AbsError: 6.66422e+13
      Equation: "ElectronContinuityEquation"	RelError: 1.68818e-01	AbsError: 4.82631e+13
      Equation: "HoleContinuityEquation"	RelError: 4.38803e-01	AbsError: 1.83791e+13
      Equation: "PotentialEquation"	RelError: 1.68229e-02	AbsError: 1.05247e-04
    Region: "oxide"	RelError: 1.04856e-03	AbsError: 7.28823e-06
      Equation: "PotentialEquation"	RelError: 1.04856e-03	AbsError: 7.28823e-06
Iteration: 2
  Device: "part1_baseline"	RelError: 9.26716e-04	AbsError: 1.90200e+10
    Region: "bulk"	RelError: 9.26685e-04	AbsError: 1.90200e+10
      Equation: "ElectronContinuityEquation"	RelError: 3.08811e-04	AbsError: 6.13780e+09
      Equation: "HoleContinuityEquation"	RelError: 6.15269e-04	AbsError: 1.28822e+10
      Equation: "PotentialEquation"	RelError: 2.60593e-06	AbsError: 2.29619e-08
    Region: "oxide"	RelError: 3.09596e-08	AbsError: 2.26058e-10
      Equation: "PotentialEquation"	RelError: 3.09596e-08	AbsError: 2.26058e-10
Iteration: 3
  Device: "part1_baseline"	RelError: 2.50506e-10	AbsError: 2.55474e+03
    Region: "bulk"	RelError: 2.50502e-10	AbsError: 2.55474e+03
      Equation: "ElectronContinuityEquation"	RelError: 2.23738e-10	AbsError: 7.88677e+01
      Equation: "HoleContinuityEquation"	RelError: 2.67156e-11	AbsError: 2.47587e+03
      Equation: "PotentialEquation"	RelError: 4.83110e-14	AbsError: 2.17693e-15
    Region: "oxide"	RelError: 3.81988e-15	AbsError: 3.90271e-17
      Equation: "PotentialEquation"	RelError: 3.81988e-15	AbsError: 3.90271e-17
number of equations 6873
Iteration: 0
  Device: "part1_baseline"	RelError: 1.14771e+02	AbsError: 1.14520e+16
    Region: "bulk"	RelError: 1.00094e+02	AbsError: 1.14520e+16
      Equation: "ElectronContinuityEquation"	RelError: 4.24343e-01	AbsError: 1.11043e+16
      Equation: "HoleContinuityEquation"	RelError: 2.70743e+00	AbsError: 3.47786e+14
      Equation: "PotentialEquation"	RelError: 9.69619e+01	AbsError: 1.89047e-02
    Region: "oxide"	RelError: 1.46769e+01	AbsError: 2.00000e-02
      Equation: "PotentialEquation"	RelError: 1.46769e+01	AbsError: 2.00000e-02
Iteration: 1
  Device: "part1_baseline"	RelError: 8.76547e-01	AbsError: 7.38985e+13
    Region: "bulk"	RelError: 8.73051e-01	AbsError: 7.38985e+13
      Equation: "ElectronContinuityEquation"	RelError: 1.68894e-01	AbsError: 5.66849e+13
      Equation: "HoleContinuityEquation"	RelError: 4.39692e-01	AbsError: 1.72137e+13
      Equation: "PotentialEquation"	RelError: 2.64465e-01	AbsError: 9.76476e-05
    Region: "oxide"	RelError: 3.49556e-03	AbsError: 6.30517e-06
      Equation: "PotentialEquation"	RelError: 3.49556e-03	AbsError: 6.30517e-06
Iteration: 2
  Device: "part1_baseline"	RelError: 8.63888e-04	AbsError: 1.90445e+10
    Region: "bulk"	RelError: 8.63863e-04	AbsError: 1.90445e+10
      Equation: "ElectronContinuityEquation"	RelError: 2.89947e-04	AbsError: 8.63546e+09
      Equation: "HoleContinuityEquation"	RelError: 5.54225e-04	AbsError: 1.04091e+10
      Equation: "PotentialEquation"	RelError: 1.96910e-05	AbsError: 1.98034e-08
    Region: "oxide"	RelError: 2.54735e-08	AbsError: 3.13618e-10
      Equation: "PotentialEquation"	RelError: 2.54735e-08	AbsError: 3.13618e-10
Iteration: 3
  Device: "part1_baseline"	RelError: 2.16722e-10	AbsError: 2.11372e+03
    Region: "bulk"	RelError: 2.16709e-10	AbsError: 2.11372e+03
      Equation: "ElectronContinuityEquation"	RelError: 1.79014e-10	AbsError: 1.58635e+02
      Equation: "HoleContinuityEquation"	RelError: 3.72972e-11	AbsError: 1.95508e+03
      Equation: "PotentialEquation"	RelError: 3.97798e-13	AbsError: 1.65558e-15
    Region: "oxide"	RelError: 1.26453e-14	AbsError: 2.78092e-17
      Equation: "PotentialEquation"	RelError: 1.26453e-14	AbsError: 2.78092e-17
number of equations 6873
Iteration: 0
  Device: "part1_baseline"	RelError: 2.33182e+02	AbsError: 1.14341e+16
    Region: "bulk"	RelError: 2.31163e+02	AbsError: 1.14341e+16
      Equation: "ElectronContinuityEquation"	RelError: 4.24426e-01	AbsError: 1.11018e+16
      Equation: "HoleContinuityEquation"	RelError: 2.71398e+00	AbsError: 3.32330e+14
      Equation: "PotentialEquation"	RelError: 2.28024e+02	AbsError: 1.89170e-02
    Region: "oxide"	RelError: 2.01933e+00	AbsError: 2.00000e-02
      Equation: "PotentialEquation"	RelError: 2.01933e+00	AbsError: 2.00000e-02
Iteration: 1
  Device: "part1_baseline"	RelError: 6.96272e-01	AbsError: 8.28878e+13
    Region: "bulk"	RelError: 6.95686e-01	AbsError: 8.28878e+13
      Equation: "ElectronContinuityEquation"	RelError: 1.68953e-01	AbsError: 6.71555e+13
      Equation: "HoleContinuityEquation"	RelError: 4.40462e-01	AbsError: 1.57323e+13
      Equation: "PotentialEquation"	RelError: 8.62708e-02	AbsError: 9.06761e-05
    Region: "oxide"	RelError: 5.86156e-04	AbsError: 5.74051e-06
      Equation: "PotentialEquation"	RelError: 5.86156e-04	AbsError: 5.74051e-06
Iteration: 2
  Device: "part1_baseline"	RelError: 7.81255e-04	AbsError: 2.12068e+10
    Region: "bulk"	RelError: 7.81250e-04	AbsError: 2.12068e+10
      Equation: "ElectronContinuityEquation"	RelError: 2.76644e-04	AbsError: 1.18279e+10
      Equation: "HoleContinuityEquation"	RelError: 5.00890e-04	AbsError: 9.37891e+09
      Equation: "PotentialEquation"	RelError: 3.71651e-06	AbsError: 1.74692e-08
    Region: "oxide"	RelError: 4.62842e-09	AbsError: 4.49154e-10
      Equation: "PotentialEquation"	RelError: 4.62842e-09	AbsError: 4.49154e-10
Iteration: 3
  Device: "part1_baseline"	RelError: 1.98592e-10	AbsError: 1.72792e+03
    Region: "bulk"	RelError: 1.98589e-10	AbsError: 1.72792e+03
      Equation: "ElectronContinuityEquation"	RelError: 1.48935e-10	AbsError: 3.03978e+02
      Equation: "HoleContinuityEquation"	RelError: 4.93903e-11	AbsError: 1.42394e+03
      Equation: "PotentialEquation"	RelError: 2.64641e-13	AbsError: 1.22707e-15
    Region: "oxide"	RelError: 2.13383e-15	AbsError: 2.00014e-17
      Equation: "PotentialEquation"	RelError: 2.13383e-15	AbsError: 2.00014e-17
number of equations 6873
Iteration: 0
  Device: "part1_baseline"	RelError: 5.10731e+01	AbsError: 1.14243e+16
    Region: "bulk"	RelError: 5.04043e+01	AbsError: 1.14243e+16
      Equation: "ElectronContinuityEquation"	RelError: 4.24494e-01	AbsError: 1.10973e+16
      Equation: "HoleContinuityEquation"	RelError: 2.71972e+00	AbsError: 3.27015e+14
      Equation: "PotentialEquation"	RelError: 4.72601e+01	AbsError: 1.89277e-02
    Region: "oxide"	RelError: 6.68796e-01	AbsError: 2.00000e-02
      Equation: "PotentialEquation"	RelError: 6.68796e-01	AbsError: 2.00000e-02
Iteration: 1
  Device: "part1_baseline"	RelError: 6.34913e-01	AbsError: 9.34522e+13
    Region: "bulk"	RelError: 6.34743e-01	AbsError: 9.34522e+13
      Equation: "ElectronContinuityEquation"	RelError: 1.69000e-01	AbsError: 7.88506e+13
      Equation: "HoleContinuityEquation"	RelError: 4.41134e-01	AbsError: 1.46016e+13
      Equation: "PotentialEquation"	RelError: 2.46095e-02	AbsError: 8.39154e-05
    Region: "oxide"	RelError: 1.70079e-04	AbsError: 7.40763e-06
      Equation: "PotentialEquation"	RelError: 1.70079e-04	AbsError: 7.40763e-06
Iteration: 2
  Device: "part1_baseline"	RelError: 7.22315e-04	AbsError: 2.47505e+10
    Region: "bulk"	RelError: 7.22310e-04	AbsError: 2.47505e+10
      Equation: "ElectronContinuityEquation"	RelError: 2.67691e-04	AbsError: 1.66565e+10
      Equation: "HoleContinuityEquation"	RelError: 4.53902e-04	AbsError: 8.09405e+09
      Equation: "PotentialEquation"	RelError: 7.16778e-07	AbsError: 1.52078e-08
    Region: "oxide"	RelError: 5.24212e-09	AbsError: 6.42583e-10
      Equation: "PotentialEquation"	RelError: 5.24212e-09	AbsError: 6.42583e-10
Iteration: 3
  Device: "part1_baseline"	RelError: 1.93536e-10	AbsError: 1.50577e+03
    Region: "bulk"	RelError: 1.93535e-10	AbsError: 1.50577e+03
      Equation: "ElectronContinuityEquation"	RelError: 1.28944e-10	AbsError: 5.49443e+02
      Equation: "HoleContinuityEquation"	RelError: 6.45310e-11	AbsError: 9.56331e+02
      Equation: "PotentialEquation"	RelError: 6.03831e-14	AbsError: 9.05614e-16
    Region: "oxide"	RelError: 5.11001e-16	AbsError: 1.44644e-17
      Equation: "PotentialEquation"	RelError: 5.11001e-16	AbsError: 1.44644e-17
number of equations 6873
Iteration: 0
  Device: "part1_baseline"	RelError: 2.88631e+02	AbsError: 1.14092e+16
    Region: "bulk"	RelError: 2.88230e+02	AbsError: 1.14092e+16
      Equation: "ElectronContinuityEquation"	RelError: 4.24549e-01	AbsError: 1.10902e+16
      Equation: "HoleContinuityEquation"	RelError: 2.72476e+00	AbsError: 3.19074e+14
      Equation: "PotentialEquation"	RelError: 2.85081e+02	AbsError: 1.89372e-02
    Region: "oxide"	RelError: 4.00844e-01	AbsError: 2.00000e-02
      Equation: "PotentialEquation"	RelError: 4.00844e-01	AbsError: 2.00000e-02
Iteration: 1
  Device: "part1_baseline"	RelError: 8.07679e-01	AbsError: 1.06379e+14
    Region: "bulk"	RelError: 8.07589e-01	AbsError: 1.06379e+14
      Equation: "ElectronContinuityEquation"	RelError: 1.69035e-01	AbsError: 9.25263e+13
      Equation: "HoleContinuityEquation"	RelError: 4.41723e-01	AbsError: 1.38526e+13
      Equation: "PotentialEquation"	RelError: 1.96831e-01	AbsError: 7.85856e-05
    Region: "oxide"	RelError: 8.96180e-05	AbsError: 9.50284e-06
      Equation: "PotentialEquation"	RelError: 8.96180e-05	AbsError: 9.50284e-06
Iteration: 2
  Device: "part1_baseline"	RelError: 6.93964e-04	AbsError: 2.96954e+10
    Region: "bulk"	RelError: 6.93958e-04	AbsError: 2.96954e+10
      Equation: "ElectronContinuityEquation"	RelError: 2.62558e-04	AbsError: 2.29824e+10
      Equation: "HoleContinuityEquation"	RelError: 4.27680e-04	AbsError: 6.71296e+09
      Equation: "PotentialEquation"	RelError: 3.72040e-06	AbsError: 1.30820e-08
    Region: "oxide"	RelError: 6.22395e-09	AbsError: 9.13187e-10
      Equation: "PotentialEquation"	RelError: 6.22395e-09	AbsError: 9.13187e-10
Iteration: 3
  Device: "part1_baseline"	RelError: 1.97158e-10	AbsError: 1.82848e+03
    Region: "bulk"	RelError: 1.97158e-10	AbsError: 1.82848e+03
      Equation: "ElectronContinuityEquation"	RelError: 1.12646e-10	AbsError: 1.04768e+03
      Equation: "HoleContinuityEquation"	RelError: 8.41556e-11	AbsError: 7.80795e+02
      Equation: "PotentialEquation"	RelError: 3.55512e-13	AbsError: 7.38214e-16
    Region: "oxide"	RelError: 2.18374e-16	AbsError: 2.40671e-17
      Equation: "PotentialEquation"	RelError: 2.18374e-16	AbsError: 2.40671e-17
number of equations 6873
Iteration: 0
  Device: "part1_baseline"	RelError: 2.45330e+01	AbsError: 1.13886e+16
    Region: "bulk"	RelError: 2.42468e+01	AbsError: 1.13886e+16
      Equation: "ElectronContinuityEquation"	RelError: 4.24595e-01	AbsError: 1.10799e+16
      Equation: "HoleContinuityEquation"	RelError: 2.72921e+00	AbsError: 3.08772e+14
      Equation: "PotentialEquation"	RelError: 2.10930e+01	AbsError: 1.89455e-02
    Region: "oxide"	RelError: 2.86216e-01	AbsError: 2.00000e-02
      Equation: "PotentialEquation"	RelError: 2.86216e-01	AbsError: 2.00000e-02
Iteration: 1
  Device: "part1_baseline"	RelError: 6.25201e-01	AbsError: 1.22378e+14
    Region: "bulk"	RelError: 6.25143e-01	AbsError: 1.22378e+14
      Equation: "ElectronContinuityEquation"	RelError: 1.69060e-01	AbsError: 1.09494e+14
      Equation: "HoleContinuityEquation"	RelError: 4.42243e-01	AbsError: 1.28836e+13
      Equation: "PotentialEquation"	RelError: 1.38406e-02	AbsError: 7.37507e-05
    Region: "oxide"	RelError: 5.86336e-05	AbsError: 1.21493e-05
      Equation: "PotentialEquation"	RelError: 5.86336e-05	AbsError: 1.21493e-05
Iteration: 2
  Device: "part1_baseline"	RelError: 6.99727e-04	AbsError: 3.65642e+10
    Region: "bulk"	RelError: 6.99719e-04	AbsError: 3.65642e+10
      Equation: "ElectronContinuityEquation"	RelError: 2.61444e-04	AbsError: 3.06563e+10
      Equation: "HoleContinuityEquation"	RelError: 4.36849e-04	AbsError: 5.90791e+09
      Equation: "PotentialEquation"	RelError: 1.42641e-06	AbsError: 1.17574e-08
    Region: "oxide"	RelError: 7.39834e-09	AbsError: 1.28597e-09
      Equation: "PotentialEquation"	RelError: 7.39834e-09	AbsError: 1.28597e-09
Iteration: 3
  Device: "part1_baseline"	RelError: 2.13429e-10	AbsError: 2.55907e+03
    Region: "bulk"	RelError: 2.13429e-10	AbsError: 2.55907e+03
      Equation: "ElectronContinuityEquation"	RelError: 9.98621e-11	AbsError: 1.92197e+03
      Equation: "HoleContinuityEquation"	RelError: 1.13532e-10	AbsError: 6.37104e+02
      Equation: "PotentialEquation"	RelError: 3.46969e-14	AbsError: 5.87098e-16
    Region: "oxide"	RelError: 2.90653e-16	AbsError: 4.58751e-17
      Equation: "PotentialEquation"	RelError: 2.90653e-16	AbsError: 4.58751e-17
number of equations 6873
Iteration: 0
  Device: "part1_baseline"	RelError: 5.58418e+02	AbsError: 1.13620e+16
    Region: "bulk"	RelError: 5.58196e+02	AbsError: 1.13620e+16
      Equation: "ElectronContinuityEquation"	RelError: 4.24633e-01	AbsError: 1.10656e+16
      Equation: "HoleContinuityEquation"	RelError: 2.73314e+00	AbsError: 2.96420e+14
      Equation: "PotentialEquation"	RelError: 5.55038e+02	AbsError: 1.89528e-02
    Region: "oxide"	RelError: 2.22583e-01	AbsError: 2.00000e-02
      Equation: "PotentialEquation"	RelError: 2.22583e-01	AbsError: 2.00000e-02
Iteration: 1
  Device: "part1_baseline"	RelError: 1.24398e+00	AbsError: 1.39609e+14
    Region: "bulk"	RelError: 1.24391e+00	AbsError: 1.39609e+14
      Equation: "ElectronContinuityEquation"	RelError: 1.69076e-01	AbsError: 1.27833e+14
      Equation: "HoleContinuityEquation"	RelError: 4.42701e-01	AbsError: 1.17759e+13
      Equation: "PotentialEquation"	RelError: 6.32138e-01	AbsError: 6.89667e-05
    Region: "oxide"	RelError: 6.99914e-05	AbsError: 1.55058e-05
      Equation: "PotentialEquation"	RelError: 6.99914e-05	AbsError: 1.55058e-05
Iteration: 2
  Device: "part1_baseline"	RelError: 7.49332e-04	AbsError: 4.78828e+10
    Region: "bulk"	RelError: 7.49324e-04	AbsError: 4.78828e+10
      Equation: "ElectronContinuityEquation"	RelError: 2.64936e-04	AbsError: 4.24699e+10
      Equation: "HoleContinuityEquation"	RelError: 4.56144e-04	AbsError: 5.41291e+09
      Equation: "PotentialEquation"	RelError: 2.82445e-05	AbsError: 1.28675e-08
    Region: "oxide"	RelError: 8.70450e-09	AbsError: 1.79273e-09
      Equation: "PotentialEquation"	RelError: 8.70450e-09	AbsError: 1.79273e-09
Iteration: 3
  Device: "part1_baseline"	RelError: 2.49102e-10	AbsError: 3.72370e+03
    Region: "bulk"	RelError: 2.49101e-10	AbsError: 3.72370e+03
      Equation: "ElectronContinuityEquation"	RelError: 9.46753e-11	AbsError: 3.23585e+03
      Equation: "HoleContinuityEquation"	RelError: 1.53576e-10	AbsError: 4.87846e+02
      Equation: "PotentialEquation"	RelError: 8.50105e-13	AbsError: 7.26960e-16
    Region: "oxide"	RelError: 4.78899e-16	AbsError: 8.50106e-17
      Equation: "PotentialEquation"	RelError: 4.78899e-16	AbsError: 8.50106e-17
number of equations 6873
Iteration: 0
  Device: "part1_baseline"	RelError: 1.30678e+02	AbsError: 1.13316e+16
    Region: "bulk"	RelError: 1.30496e+02	AbsError: 1.13316e+16
      Equation: "ElectronContinuityEquation"	RelError: 4.24664e-01	AbsError: 1.10463e+16
      Equation: "HoleContinuityEquation"	RelError: 2.73661e+00	AbsError: 2.85377e+14
      Equation: "PotentialEquation"	RelError: 1.27334e+02	AbsError: 1.89592e-02
    Region: "oxide"	RelError: 1.82104e-01	AbsError: 2.00000e-02
      Equation: "PotentialEquation"	RelError: 1.82104e-01	AbsError: 2.00000e-02
Iteration: 1
  Device: "part1_baseline"	RelError: 6.92419e-01	AbsError: 1.63526e+14
    Region: "bulk"	RelError: 6.92335e-01	AbsError: 1.63526e+14
      Equation: "ElectronContinuityEquation"	RelError: 1.69083e-01	AbsError: 1.52230e+14
      Equation: "HoleContinuityEquation"	RelError: 4.43106e-01	AbsError: 1.12953e+13
      Equation: "PotentialEquation"	RelError: 8.01463e-02	AbsError: 6.54504e-05
    Region: "oxide"	RelError: 8.38604e-05	AbsError: 1.97770e-05
      Equation: "PotentialEquation"	RelError: 8.38604e-05	AbsError: 1.97770e-05
Iteration: 2
  Device: "part1_baseline"	RelError: 7.62331e-04	AbsError: 6.16724e+10
    Region: "bulk"	RelError: 7.62320e-04	AbsError: 6.16724e+10
      Equation: "ElectronContinuityEquation"	RelError: 2.73121e-04	AbsError: 5.68777e+10
      Equation: "HoleContinuityEquation"	RelError: 4.85772e-04	AbsError: 4.79470e+09
      Equation: "PotentialEquation"	RelError: 3.42690e-06	AbsError: 1.69200e-08
    Region: "oxide"	RelError: 1.04888e-08	AbsError: 2.47360e-09
      Equation: "PotentialEquation"	RelError: 1.04888e-08	AbsError: 2.47360e-09
Iteration: 3
  Device: "part1_baseline"	RelError: 3.00561e-10	AbsError: 6.32776e+03
    Region: "bulk"	RelError: 3.00560e-10	AbsError: 6.32776e+03
      Equation: "ElectronContinuityEquation"	RelError: 9.26154e-11	AbsError: 5.97761e+03
      Equation: "HoleContinuityEquation"	RelError: 2.07633e-10	AbsError: 3.50158e+02
      Equation: "PotentialEquation"	RelError: 3.11699e-13	AbsError: 1.22076e-15
    Region: "oxide"	RelError: 7.83654e-16	AbsError: 1.54734e-16
      Equation: "PotentialEquation"	RelError: 7.83654e-16	AbsError: 1.54734e-16
number of equations 6873
Iteration: 0
  Device: "part1_baseline"	RelError: 4.07544e+01	AbsError: 1.13030e+16
    Region: "bulk"	RelError: 4.06003e+01	AbsError: 1.13030e+16
      Equation: "ElectronContinuityEquation"	RelError: 4.24689e-01	AbsError: 1.10206e+16
      Equation: "HoleContinuityEquation"	RelError: 2.73966e+00	AbsError: 2.82476e+14
      Equation: "PotentialEquation"	RelError: 3.74359e+01	AbsError: 1.89649e-02
    Region: "oxide"	RelError: 1.54086e-01	AbsError: 2.00000e-02
      Equation: "PotentialEquation"	RelError: 1.54086e-01	AbsError: 2.00000e-02
Iteration: 1
  Device: "part1_baseline"	RelError: 6.32870e-01	AbsError: 1.89671e+14
    Region: "bulk"	RelError: 6.32769e-01	AbsError: 1.89671e+14
      Equation: "ElectronContinuityEquation"	RelError: 1.69083e-01	AbsError: 1.78835e+14
      Equation: "HoleContinuityEquation"	RelError: 4.43462e-01	AbsError: 1.08363e+13
      Equation: "PotentialEquation"	RelError: 2.02240e-02	AbsError: 7.60472e-05
    Region: "oxide"	RelError: 1.00874e-04	AbsError: 2.52266e-05
      Equation: "PotentialEquation"	RelError: 1.00874e-04	AbsError: 2.52266e-05
Iteration: 2
  Device: "part1_baseline"	RelError: 8.13233e-04	AbsError: 8.17938e+10
    Region: "bulk"	RelError: 8.13219e-04	AbsError: 8.17938e+10
      Equation: "ElectronContinuityEquation"	RelError: 2.86323e-04	AbsError: 7.76798e+10
      Equation: "HoleContinuityEquation"	RelError: 5.25741e-04	AbsError: 4.11397e+09
      Equation: "PotentialEquation"	RelError: 1.15485e-06	AbsError: 2.15826e-08
    Region: "oxide"	RelError: 1.35131e-08	AbsError: 3.37935e-09
      Equation: "PotentialEquation"	RelError: 1.35131e-08	AbsError: 3.37935e-09
Iteration: 3
  Device: "part1_baseline"	RelError: 3.84288e-10	AbsError: 1.02818e+04
    Region: "bulk"	RelError: 3.84287e-10	AbsError: 1.02818e+04
      Equation: "ElectronContinuityEquation"	RelError: 9.22797e-11	AbsError: 1.00160e+04
      Equation: "HoleContinuityEquation"	RelError: 2.91818e-10	AbsError: 2.65850e+02
      Equation: "PotentialEquation"	RelError: 1.89676e-13	AbsError: 2.02137e-15
    Region: "oxide"	RelError: 1.29177e-15	AbsError: 2.78989e-16
      Equation: "PotentialEquation"	RelError: 1.29177e-15	AbsError: 2.78989e-16
number of equations 6873
Iteration: 0
  Device: "part1_baseline"	RelError: 2.01809e+01	AbsError: 1.12647e+16
    Region: "bulk"	RelError: 2.00474e+01	AbsError: 1.12647e+16
      Equation: "ElectronContinuityEquation"	RelError: 4.24710e-01	AbsError: 1.09868e+16
      Equation: "HoleContinuityEquation"	RelError: 2.74232e+00	AbsError: 2.77923e+14
      Equation: "PotentialEquation"	RelError: 1.68804e+01	AbsError: 1.89698e-02
    Region: "oxide"	RelError: 1.33541e-01	AbsError: 2.00000e-02
      Equation: "PotentialEquation"	RelError: 1.33541e-01	AbsError: 2.00000e-02
Iteration: 1
  Device: "part1_baseline"	RelError: 6.23149e-01	AbsError: 2.23881e+14
    Region: "bulk"	RelError: 6.23028e-01	AbsError: 2.23881e+14
      Equation: "ElectronContinuityEquation"	RelError: 1.69073e-01	AbsError: 2.13646e+14
      Equation: "HoleContinuityEquation"	RelError: 4.43774e-01	AbsError: 1.02344e+13
      Equation: "PotentialEquation"	RelError: 1.01798e-02	AbsError: 8.86831e-05
    Region: "oxide"	RelError: 1.21813e-04	AbsError: 3.21915e-05
      Equation: "PotentialEquation"	RelError: 1.21813e-04	AbsError: 3.21915e-05
Iteration: 2
  Device: "part1_baseline"	RelError: 8.85646e-04	AbsError: 1.07439e+11
    Region: "bulk"	RelError: 8.85629e-04	AbsError: 1.07439e+11
      Equation: "ElectronContinuityEquation"	RelError: 3.05120e-04	AbsError: 1.04018e+11
      Equation: "HoleContinuityEquation"	RelError: 5.79317e-04	AbsError: 3.42147e+09
      Equation: "PotentialEquation"	RelError: 1.19154e-06	AbsError: 2.76124e-08
    Region: "oxide"	RelError: 1.73129e-08	AbsError: 4.57526e-09
      Equation: "PotentialEquation"	RelError: 1.73129e-08	AbsError: 4.57526e-09
Iteration: 3
  Device: "part1_baseline"	RelError: 4.99027e-10	AbsError: 1.81491e+04
    Region: "bulk"	RelError: 4.99025e-10	AbsError: 1.81491e+04
      Equation: "ElectronContinuityEquation"	RelError: 9.30876e-11	AbsError: 1.79116e+04
      Equation: "HoleContinuityEquation"	RelError: 4.05813e-10	AbsError: 2.37568e+02
      Equation: "PotentialEquation"	RelError: 1.24132e-13	AbsError: 3.27497e-15
    Region: "oxide"	RelError: 2.17646e-15	AbsError: 5.02376e-16
      Equation: "PotentialEquation"	RelError: 2.17646e-15	AbsError: 5.02376e-16
number of equations 6873
Iteration: 0
  Device: "part1_baseline"	RelError: 6.84755e+01	AbsError: 1.12146e+16
    Region: "bulk"	RelError: 6.83577e+01	AbsError: 1.12146e+16
      Equation: "ElectronContinuityEquation"	RelError: 4.24726e-01	AbsError: 1.09428e+16
      Equation: "HoleContinuityEquation"	RelError: 2.74460e+00	AbsError: 2.71827e+14
      Equation: "PotentialEquation"	RelError: 6.51883e+01	AbsError: 1.89740e-02
    Region: "oxide"	RelError: 1.17830e-01	AbsError: 2.00000e-02
      Equation: "PotentialEquation"	RelError: 1.17830e-01	AbsError: 2.00000e-02
Iteration: 1
  Device: "part1_baseline"	RelError: 6.27109e-01	AbsError: 2.64579e+14
    Region: "bulk"	RelError: 6.26961e-01	AbsError: 2.64579e+14
      Equation: "ElectronContinuityEquation"	RelError: 1.69055e-01	AbsError: 2.55047e+14
      Equation: "HoleContinuityEquation"	RelError: 4.44045e-01	AbsError: 9.53196e+12
      Equation: "PotentialEquation"	RelError: 1.38617e-02	AbsError: 1.02569e-04
    Region: "oxide"	RelError: 1.47626e-04	AbsError: 4.10963e-05
      Equation: "PotentialEquation"	RelError: 1.47626e-04	AbsError: 4.10963e-05
Iteration: 2
  Device: "part1_baseline"	RelError: 9.78752e-04	AbsError: 1.47331e+11
    Region: "bulk"	RelError: 9.78730e-04	AbsError: 1.47331e+11
      Equation: "ElectronContinuityEquation"	RelError: 3.30280e-04	AbsError: 1.44093e+11
      Equation: "HoleContinuityEquation"	RelError: 6.45349e-04	AbsError: 3.23838e+09
      Equation: "PotentialEquation"	RelError: 3.10043e-06	AbsError: 3.43507e-08
    Region: "oxide"	RelError: 2.20807e-08	AbsError: 6.14686e-09
      Equation: "PotentialEquation"	RelError: 2.20807e-08	AbsError: 6.14686e-09
Iteration: 3
  Device: "part1_baseline"	RelError: 6.79902e-10	AbsError: 2.94499e+04
    Region: "bulk"	RelError: 6.79898e-10	AbsError: 2.94499e+04
      Equation: "ElectronContinuityEquation"	RelError: 9.30843e-11	AbsError: 2.92478e+04
      Equation: "HoleContinuityEquation"	RelError: 5.84781e-10	AbsError: 2.02097e+02
      Equation: "PotentialEquation"	RelError: 2.03274e-12	AbsError: 5.32111e-15
    Region: "oxide"	RelError: 3.80372e-15	AbsError: 9.10252e-16
      Equation: "PotentialEquation"	RelError: 3.80372e-15	AbsError: 9.10252e-16
number of equations 6873
Iteration: 0
  Device: "part1_baseline"	RelError: 6.61854e+01	AbsError: 1.11501e+16
    Region: "bulk"	RelError: 6.60800e+01	AbsError: 1.11501e+16
      Equation: "ElectronContinuityEquation"	RelError: 4.24737e-01	AbsError: 1.08858e+16
      Equation: "HoleContinuityEquation"	RelError: 2.74650e+00	AbsError: 2.64321e+14
      Equation: "PotentialEquation"	RelError: 6.29087e+01	AbsError: 1.89775e-02
    Region: "oxide"	RelError: 1.05426e-01	AbsError: 2.00000e-02
      Equation: "PotentialEquation"	RelError: 1.05426e-01	AbsError: 2.00000e-02
Iteration: 1
  Device: "part1_baseline"	RelError: 7.48169e-01	AbsError: 3.13551e+14
    Region: "bulk"	RelError: 7.47989e-01	AbsError: 3.13551e+14
      Equation: "ElectronContinuityEquation"	RelError: 1.69024e-01	AbsError: 3.04784e+14
      Equation: "HoleContinuityEquation"	RelError: 4.44273e-01	AbsError: 8.76751e+12
      Equation: "PotentialEquation"	RelError: 1.34692e-01	AbsError: 1.18962e-04
    Region: "oxide"	RelError: 1.79424e-04	AbsError: 5.24629e-05
      Equation: "PotentialEquation"	RelError: 1.79424e-04	AbsError: 5.24629e-05
Iteration: 2
  Device: "part1_baseline"	RelError: 1.11774e-03	AbsError: 1.97544e+11
    Region: "bulk"	RelError: 1.11772e-03	AbsError: 1.97544e+11
      Equation: "ElectronContinuityEquation"	RelError: 3.62820e-04	AbsError: 1.94522e+11
      Equation: "HoleContinuityEquation"	RelError: 7.21582e-04	AbsError: 3.02148e+09
      Equation: "PotentialEquation"	RelError: 3.33142e-05	AbsError: 4.30202e-08
    Region: "oxide"	RelError: 2.80669e-08	AbsError: 8.20666e-09
      Equation: "PotentialEquation"	RelError: 2.80669e-08	AbsError: 8.20666e-09
Iteration: 3
  Device: "part1_baseline"	RelError: 9.25278e-10	AbsError: 5.37271e+04
    Region: "bulk"	RelError: 9.25271e-10	AbsError: 5.37271e+04
      Equation: "ElectronContinuityEquation"	RelError: 8.99434e-11	AbsError: 5.35620e+04
      Equation: "HoleContinuityEquation"	RelError: 8.32594e-10	AbsError: 1.65096e+02
      Equation: "PotentialEquation"	RelError: 2.73350e-12	AbsError: 8.66098e-15
    Region: "oxide"	RelError: 6.97427e-15	AbsError: 1.69174e-15
      Equation: "PotentialEquation"	RelError: 6.97427e-15	AbsError: 1.69174e-15
number of equations 6873
Iteration: 0
  Device: "part1_baseline"	RelError: 6.25732e+01	AbsError: 1.10677e+16
    Region: "bulk"	RelError: 6.24778e+01	AbsError: 1.10677e+16
      Equation: "ElectronContinuityEquation"	RelError: 4.24742e-01	AbsError: 1.08122e+16
      Equation: "HoleContinuityEquation"	RelError: 2.74799e+00	AbsError: 2.55557e+14
      Equation: "PotentialEquation"	RelError: 5.93051e+01	AbsError: 1.89802e-02
    Region: "oxide"	RelError: 9.53833e-02	AbsError: 2.00000e-02
      Equation: "PotentialEquation"	RelError: 9.53833e-02	AbsError: 2.00000e-02
Iteration: 1
  Device: "part1_baseline"	RelError: 6.49257e-01	AbsError: 3.80337e+14
    Region: "bulk"	RelError: 6.49039e-01	AbsError: 3.80337e+14
      Equation: "ElectronContinuityEquation"	RelError: 1.68978e-01	AbsError: 3.71774e+14
      Equation: "HoleContinuityEquation"	RelError: 4.44458e-01	AbsError: 8.56277e+12
      Equation: "PotentialEquation"	RelError: 3.56033e-02	AbsError: 1.37745e-04
    Region: "oxide"	RelError: 2.18441e-04	AbsError: 6.69059e-05
      Equation: "PotentialEquation"	RelError: 2.18441e-04	AbsError: 6.69059e-05
Iteration: 2
  Device: "part1_baseline"	RelError: 1.22026e-03	AbsError: 2.75029e+11
    Region: "bulk"	RelError: 1.22022e-03	AbsError: 2.75029e+11
      Equation: "ElectronContinuityEquation"	RelError: 4.04071e-04	AbsError: 2.72299e+11
      Equation: "HoleContinuityEquation"	RelError: 8.12963e-04	AbsError: 2.73059e+09
      Equation: "PotentialEquation"	RelError: 3.18683e-06	AbsError: 5.27228e-08
    Region: "oxide"	RelError: 3.55767e-08	AbsError: 1.08967e-08
      Equation: "PotentialEquation"	RelError: 3.55767e-08	AbsError: 1.08967e-08
Iteration: 3
  Device: "part1_baseline"	RelError: 1.30787e-09	AbsError: 9.11232e+04
    Region: "bulk"	RelError: 1.30785e-09	AbsError: 9.11232e+04
      Equation: "ElectronContinuityEquation"	RelError: 7.04228e-11	AbsError: 9.09914e+04
      Equation: "HoleContinuityEquation"	RelError: 1.23638e-09	AbsError: 1.31864e+02
      Equation: "PotentialEquation"	RelError: 1.05096e-12	AbsError: 1.38738e-14
    Region: "oxide"	RelError: 1.34677e-14	AbsError: 3.48924e-15
      Equation: "PotentialEquation"	RelError: 1.34677e-14	AbsError: 3.48924e-15
number of equations 6873
Iteration: 0
  Device: "part1_baseline"	RelError: 2.02001e+01	AbsError: 1.09633e+16
    Region: "bulk"	RelError: 2.01130e+01	AbsError: 1.09633e+16
      Equation: "ElectronContinuityEquation"	RelError: 4.24738e-01	AbsError: 1.07176e+16
      Equation: "HoleContinuityEquation"	RelError: 2.74896e+00	AbsError: 2.45701e+14
      Equation: "PotentialEquation"	RelError: 1.69393e+01	AbsError: 1.89820e-02
    Region: "oxide"	RelError: 8.70847e-02	AbsError: 2.00000e-02
      Equation: "PotentialEquation"	RelError: 8.70847e-02	AbsError: 2.00000e-02
Iteration: 1
  Device: "part1_baseline"	RelError: 6.19047e-01	AbsError: 4.67396e+14
    Region: "bulk"	RelError: 6.18781e-01	AbsError: 4.67396e+14
      Equation: "ElectronContinuityEquation"	RelError: 1.68921e-01	AbsError: 4.59057e+14
      Equation: "HoleContinuityEquation"	RelError: 4.44591e-01	AbsError: 8.33889e+12
      Equation: "PotentialEquation"	RelError: 5.26959e-03	AbsError: 1.58941e-04
    Region: "oxide"	RelError: 2.65913e-04	AbsError: 8.50979e-05
      Equation: "PotentialEquation"	RelError: 2.65913e-04	AbsError: 8.50979e-05
Iteration: 2
  Device: "part1_baseline"	RelError: 1.36830e-03	AbsError: 3.84509e+11
    Region: "bulk"	RelError: 1.36825e-03	AbsError: 3.84509e+11
      Equation: "ElectronContinuityEquation"	RelError: 4.55721e-04	AbsError: 3.82129e+11
      Equation: "HoleContinuityEquation"	RelError: 9.07000e-04	AbsError: 2.37993e+09
      Equation: "PotentialEquation"	RelError: 5.53116e-06	AbsError: 6.28938e-08
    Region: "oxide"	RelError: 4.49090e-08	AbsError: 1.43719e-08
      Equation: "PotentialEquation"	RelError: 4.49090e-08	AbsError: 1.43719e-08
Iteration: 3
  Device: "part1_baseline"	RelError: 1.89106e-09	AbsError: 1.54467e+05
    Region: "bulk"	RelError: 1.89103e-09	AbsError: 1.54467e+05
      Equation: "ElectronContinuityEquation"	RelError: 7.25660e-11	AbsError: 1.54361e+05
      Equation: "HoleContinuityEquation"	RelError: 1.81734e-09	AbsError: 1.05843e+02
      Equation: "PotentialEquation"	RelError: 1.12213e-12	AbsError: 2.29875e-14
    Region: "oxide"	RelError: 2.71895e-14	AbsError: 7.49103e-15
      Equation: "PotentialEquation"	RelError: 2.71895e-14	AbsError: 7.49103e-15
number of equations 6873
Iteration: 0
  Device: "part1_baseline"	RelError: 1.82622e+01	AbsError: 1.08344e+16
    Region: "bulk"	RelError: 1.81821e+01	AbsError: 1.08344e+16
      Equation: "ElectronContinuityEquation"	RelError: 4.24720e-01	AbsError: 1.05966e+16
      Equation: "HoleContinuityEquation"	RelError: 2.74922e+00	AbsError: 2.37862e+14
      Equation: "PotentialEquation"	RelError: 1.50082e+01	AbsError: 1.89825e-02
    Region: "oxide"	RelError: 8.01102e-02	AbsError: 2.00000e-02
      Equation: "PotentialEquation"	RelError: 8.01102e-02	AbsError: 2.00000e-02
Iteration: 1
  Device: "part1_baseline"	RelError: 6.21730e-01	AbsError: 5.84644e+14
    Region: "bulk"	RelError: 6.21407e-01	AbsError: 5.84644e+14
      Equation: "ElectronContinuityEquation"	RelError: 1.68842e-01	AbsError: 5.76620e+14
      Equation: "HoleContinuityEquation"	RelError: 4.44654e-01	AbsError: 8.02446e+12
      Equation: "PotentialEquation"	RelError: 7.91114e-03	AbsError: 1.84271e-04
    Region: "oxide"	RelError: 3.22829e-04	AbsError: 1.07681e-04
      Equation: "PotentialEquation"	RelError: 3.22829e-04	AbsError: 1.07681e-04
Iteration: 2
  Device: "part1_baseline"	RelError: 1.53082e-03	AbsError: 5.27638e+11
    Region: "bulk"	RelError: 1.53073e-03	AbsError: 5.27638e+11
      Equation: "ElectronContinuityEquation"	RelError: 5.19771e-04	AbsError: 5.25664e+11
      Equation: "HoleContinuityEquation"	RelError: 1.00407e-03	AbsError: 1.97475e+09
      Equation: "PotentialEquation"	RelError: 6.89058e-06	AbsError: 7.49893e-08
    Region: "oxide"	RelError: 8.71514e-08	AbsError: 2.36728e-08
      Equation: "PotentialEquation"	RelError: 8.71514e-08	AbsError: 2.36728e-08
Iteration: 3
  Device: "part1_baseline"	RelError: 2.97047e-09	AbsError: 2.73464e+05
    Region: "bulk"	RelError: 2.97041e-09	AbsError: 2.73464e+05
      Equation: "ElectronContinuityEquation"	RelError: 2.55989e-10	AbsError: 2.73381e+05
      Equation: "HoleContinuityEquation"	RelError: 2.71268e-09	AbsError: 8.31557e+01
      Equation: "PotentialEquation"	RelError: 1.74338e-12	AbsError: 3.69063e-14
    Region: "oxide"	RelError: 5.61508e-14	AbsError: 1.63867e-14
      Equation: "PotentialEquation"	RelError: 5.61508e-14	AbsError: 1.63867e-14
number of equations 6873
Iteration: 0
  Device: "part1_baseline"	RelError: 1.59442e+01	AbsError: 1.06786e+16
    Region: "bulk"	RelError: 1.58700e+01	AbsError: 1.06786e+16
      Equation: "ElectronContinuityEquation"	RelError: 4.24696e-01	AbsError: 1.04423e+16
      Equation: "HoleContinuityEquation"	RelError: 2.74833e+00	AbsError: 2.36213e+14
      Equation: "PotentialEquation"	RelError: 1.26970e+01	AbsError: 1.89809e-02
    Region: "oxide"	RelError: 7.41628e-02	AbsError: 2.00000e-02
      Equation: "PotentialEquation"	RelError: 7.41628e-02	AbsError: 2.00000e-02
Iteration: 1
  Device: "part1_baseline"	RelError: 6.51757e-01	AbsError: 7.51067e+14
    Region: "bulk"	RelError: 6.51368e-01	AbsError: 7.51067e+14
      Equation: "ElectronContinuityEquation"	RelError: 1.68705e-01	AbsError: 7.43424e+14
      Equation: "HoleContinuityEquation"	RelError: 4.44609e-01	AbsError: 7.64291e+12
      Equation: "PotentialEquation"	RelError: 3.80534e-02	AbsError: 2.13063e-04
    Region: "oxide"	RelError: 3.89519e-04	AbsError: 1.35100e-04
      Equation: "PotentialEquation"	RelError: 3.89519e-04	AbsError: 1.35100e-04
Iteration: 2
  Device: "part1_baseline"	RelError: 1.73558e-03	AbsError: 7.44358e+11
    Region: "bulk"	RelError: 1.73541e-03	AbsError: 7.44358e+11
      Equation: "ElectronContinuityEquation"	RelError: 5.98248e-04	AbsError: 7.42854e+11
      Equation: "HoleContinuityEquation"	RelError: 1.08697e-03	AbsError: 1.50457e+09
      Equation: "PotentialEquation"	RelError: 5.01930e-05	AbsError: 8.58191e-08
    Region: "oxide"	RelError: 1.68429e-07	AbsError: 4.86866e-08
      Equation: "PotentialEquation"	RelError: 1.68429e-07	AbsError: 4.86866e-08
Iteration: 3
  Device: "part1_baseline"	RelError: 4.71046e-09	AbsError: 4.41001e+05
    Region: "bulk"	RelError: 4.71035e-09	AbsError: 4.41001e+05
      Equation: "ElectronContinuityEquation"	RelError: 6.36396e-10	AbsError: 4.40923e+05
      Equation: "HoleContinuityEquation"	RelError: 4.05896e-09	AbsError: 7.75160e+01
      Equation: "PotentialEquation"	RelError: 1.49902e-11	AbsError: 6.00669e-14
    Region: "oxide"	RelError: 1.13895e-13	AbsError: 3.50810e-14
      Equation: "PotentialEquation"	RelError: 1.13895e-13	AbsError: 3.50810e-14
number of equations 6873
Iteration: 0
  Device: "part1_baseline"	RelError: 2.14393e+01	AbsError: 1.04804e+16
    Region: "bulk"	RelError: 2.13702e+01	AbsError: 1.04804e+16
      Equation: "ElectronContinuityEquation"	RelError: 4.24636e-01	AbsError: 1.02469e+16
      Equation: "HoleContinuityEquation"	RelError: 2.74543e+00	AbsError: 2.33492e+14
      Equation: "PotentialEquation"	RelError: 1.82002e+01	AbsError: 1.89755e-02
    Region: "oxide"	RelError: 6.90249e-02	AbsError: 2.00000e-02
      Equation: "PotentialEquation"	RelError: 6.90249e-02	AbsError: 2.00000e-02
Iteration: 1
  Device: "part1_baseline"	RelError: 6.27652e-01	AbsError: 1.00180e+15
    Region: "bulk"	RelError: 6.27187e-01	AbsError: 1.00180e+15
      Equation: "ElectronContinuityEquation"	RelError: 1.68462e-01	AbsError: 9.94579e+14
      Equation: "HoleContinuityEquation"	RelError: 4.44380e-01	AbsError: 7.21806e+12
      Equation: "PotentialEquation"	RelError: 1.43446e-02	AbsError: 2.44404e-04
    Region: "oxide"	RelError: 4.65066e-04	AbsError: 1.67335e-04
      Equation: "PotentialEquation"	RelError: 4.65066e-04	AbsError: 1.67335e-04
Iteration: 2
  Device: "part1_baseline"	RelError: 1.88370e-03	AbsError: 1.19529e+12
    Region: "bulk"	RelError: 1.88340e-03	AbsError: 1.19529e+12
      Equation: "ElectronContinuityEquation"	RelError: 6.92673e-04	AbsError: 1.19424e+12
      Equation: "HoleContinuityEquation"	RelError: 1.13681e-03	AbsError: 1.04924e+09
      Equation: "PotentialEquation"	RelError: 5.39153e-05	AbsError: 1.31996e-07
    Region: "oxide"	RelError: 3.01960e-07	AbsError: 9.25165e-08
      Equation: "PotentialEquation"	RelError: 3.01960e-07	AbsError: 9.25165e-08
Iteration: 3
  Device: "part1_baseline"	RelError: 7.26583e-09	AbsError: 6.50671e+05
    Region: "bulk"	RelError: 7.26562e-09	AbsError: 6.50671e+05
      Equation: "ElectronContinuityEquation"	RelError: 1.34017e-09	AbsError: 6.50306e+05
      Equation: "HoleContinuityEquation"	RelError: 5.88817e-09	AbsError: 3.65178e+02
      Equation: "PotentialEquation"	RelError: 3.72753e-11	AbsError: 1.19846e-13
    Region: "oxide"	RelError: 2.16953e-13	AbsError: 6.88686e-14
      Equation: "PotentialEquation"	RelError: 2.16953e-13	AbsError: 6.88686e-14
number of equations 6873
Iteration: 0
  Device: "part1_baseline"	RelError: 8.53221e+01	AbsError: 1.02310e+16
    Region: "bulk"	RelError: 8.52576e+01	AbsError: 1.02310e+16
      Equation: "ElectronContinuityEquation"	RelError: 4.24492e-01	AbsError: 1.00014e+16
      Equation: "HoleContinuityEquation"	RelError: 2.73882e+00	AbsError: 2.29657e+14
      Equation: "PotentialEquation"	RelError: 8.20943e+01	AbsError: 1.89633e-02
    Region: "oxide"	RelError: 6.45303e-02	AbsError: 2.00000e-02
      Equation: "PotentialEquation"	RelError: 6.45303e-02	AbsError: 2.00000e-02
Iteration: 1
  Device: "part1_baseline"	RelError: 9.29133e-01	AbsError: 1.44069e+15
    Region: "bulk"	RelError: 9.28586e-01	AbsError: 1.44069e+15
      Equation: "ElectronContinuityEquation"	RelError: 1.68023e-01	AbsError: 1.43392e+15
      Equation: "HoleContinuityEquation"	RelError: 4.43812e-01	AbsError: 6.77409e+12
      Equation: "PotentialEquation"	RelError: 3.16751e-01	AbsError: 2.78765e-04
    Region: "oxide"	RelError: 5.46607e-04	AbsError: 2.03554e-04
      Equation: "PotentialEquation"	RelError: 5.46607e-04	AbsError: 2.03554e-04
Iteration: 2
  Device: "part1_baseline"	RelError: 2.76514e-03	AbsError: 1.80971e+12
    Region: "bulk"	RelError: 2.76465e-03	AbsError: 1.80971e+12
      Equation: "ElectronContinuityEquation"	RelError: 8.12457e-04	AbsError: 1.80817e+12
      Equation: "HoleContinuityEquation"	RelError: 1.14729e-03	AbsError: 1.54321e+09
      Equation: "PotentialEquation"	RelError: 8.04900e-04	AbsError: 2.22425e-07
    Region: "oxide"	RelError: 4.98710e-07	AbsError: 1.60283e-07
      Equation: "PotentialEquation"	RelError: 4.98710e-07	AbsError: 1.60283e-07
Iteration: 3
  Device: "part1_baseline"	RelError: 1.11763e-08	AbsError: 1.45935e+06
    Region: "bulk"	RelError: 1.11757e-08	AbsError: 1.45935e+06
      Equation: "ElectronContinuityEquation"	RelError: 2.69266e-09	AbsError: 1.45834e+06
      Equation: "HoleContinuityEquation"	RelError: 8.26648e-09	AbsError: 1.01261e+03
      Equation: "PotentialEquation"	RelError: 2.16584e-10	AbsError: 3.31760e-13
    Region: "oxide"	RelError: 6.08280e-13	AbsError: 1.96808e-13
      Equation: "PotentialEquation"	RelError: 6.08280e-13	AbsError: 1.96808e-13
number of equations 6873
Iteration: 0
  Device: "part1_baseline"	RelError: 1.30457e+01	AbsError: 1.00061e+16
    Region: "bulk"	RelError: 1.29852e+01	AbsError: 1.00061e+16
      Equation: "ElectronContinuityEquation"	RelError: 4.24182e-01	AbsError: 9.78146e+15
      Equation: "HoleContinuityEquation"	RelError: 2.72515e+00	AbsError: 2.24619e+14
      Equation: "PotentialEquation"	RelError: 9.83583e+00	AbsError: 1.89379e-02
    Region: "oxide"	RelError: 6.05445e-02	AbsError: 2.00000e-02
      Equation: "PotentialEquation"	RelError: 6.05445e-02	AbsError: 2.00000e-02
Iteration: 1
  Device: "part1_baseline"	RelError: 6.34617e-01	AbsError: 2.12103e+15
    Region: "bulk"	RelError: 6.33988e-01	AbsError: 2.12103e+15
      Equation: "ElectronContinuityEquation"	RelError: 1.67213e-01	AbsError: 2.11437e+15
      Equation: "HoleContinuityEquation"	RelError: 4.42597e-01	AbsError: 6.65976e+12
      Equation: "PotentialEquation"	RelError: 2.41785e-02	AbsError: 3.13249e-04
    Region: "oxide"	RelError: 6.28770e-04	AbsError: 2.41779e-04
      Equation: "PotentialEquation"	RelError: 6.28770e-04	AbsError: 2.41779e-04
Iteration: 2
  Device: "part1_baseline"	RelError: 2.18862e-03	AbsError: 2.57555e+12
    Region: "bulk"	RelError: 2.18779e-03	AbsError: 2.57555e+12
      Equation: "ElectronContinuityEquation"	RelError: 9.50487e-04	AbsError: 2.57295e+12
      Equation: "HoleContinuityEquation"	RelError: 1.13041e-03	AbsError: 2.59944e+09
      Equation: "PotentialEquation"	RelError: 1.06894e-04	AbsError: 3.71554e-07
    Region: "oxide"	RelError: 8.24997e-07	AbsError: 2.73164e-07
      Equation: "PotentialEquation"	RelError: 8.24997e-07	AbsError: 2.73164e-07
Iteration: 3
  Device: "part1_baseline"	RelError: 1.56588e-08	AbsError: 3.44330e+06
    Region: "bulk"	RelError: 1.56570e-08	AbsError: 3.44330e+06
      Equation: "ElectronContinuityEquation"	RelError: 4.86739e-09	AbsError: 3.44167e+06
      Equation: "HoleContinuityEquation"	RelError: 1.07071e-08	AbsError: 1.62397e+03
      Equation: "PotentialEquation"	RelError: 8.24642e-11	AbsError: 9.69952e-13
    Region: "oxide"	RelError: 1.83353e-12	AbsError: 6.07100e-13
      Equation: "PotentialEquation"	RelError: 1.83353e-12	AbsError: 6.07100e-13
number of equations 6873
Iteration: 0
  Device: "part1_baseline"	RelError: 3.75715e+01	AbsError: 1.33461e+16
    Region: "bulk"	RelError: 3.75145e+01	AbsError: 1.33461e+16
      Equation: "ElectronContinuityEquation"	RelError: 4.23545e-01	AbsError: 1.31279e+16
      Equation: "HoleContinuityEquation"	RelError: 2.69987e+00	AbsError: 2.18203e+14
      Equation: "PotentialEquation"	RelError: 3.43911e+01	AbsError: 1.88904e-02
    Region: "oxide"	RelError: 5.69475e-02	AbsError: 2.00000e-02
      Equation: "PotentialEquation"	RelError: 5.69475e-02	AbsError: 2.00000e-02
Iteration: 1
  Device: "part1_baseline"	RelError: 7.52395e-01	AbsError: 3.00619e+15
    Region: "bulk"	RelError: 7.51690e-01	AbsError: 3.00619e+15
      Equation: "ElectronContinuityEquation"	RelError: 1.65716e-01	AbsError: 2.99932e+15
      Equation: "HoleContinuityEquation"	RelError: 4.40235e-01	AbsError: 6.87385e+12
      Equation: "PotentialEquation"	RelError: 1.45739e-01	AbsError: 3.61699e-04
    Region: "oxide"	RelError: 7.05222e-04	AbsError: 2.78724e-04
      Equation: "PotentialEquation"	RelError: 7.05222e-04	AbsError: 2.78724e-04
Iteration: 2
  Device: "part1_baseline"	RelError: 3.07621e-03	AbsError: 4.32108e+12
    Region: "bulk"	RelError: 3.07492e-03	AbsError: 4.32108e+12
      Equation: "ElectronContinuityEquation"	RelError: 1.07950e-03	AbsError: 4.31658e+12
      Equation: "HoleContinuityEquation"	RelError: 1.25071e-03	AbsError: 4.50038e+09
      Equation: "PotentialEquation"	RelError: 7.44714e-04	AbsError: 5.86111e-07
    Region: "oxide"	RelError: 1.29252e-06	AbsError: 4.42917e-07
      Equation: "PotentialEquation"	RelError: 1.29252e-06	AbsError: 4.42917e-07
Iteration: 3
  Device: "part1_baseline"	RelError: 2.16400e-08	AbsError: 1.01547e+07
    Region: "bulk"	RelError: 2.16339e-08	AbsError: 1.01547e+07
      Equation: "ElectronContinuityEquation"	RelError: 7.93023e-09	AbsError: 1.01422e+07
      Equation: "HoleContinuityEquation"	RelError: 1.21368e-08	AbsError: 1.25020e+04
      Equation: "PotentialEquation"	RelError: 1.56694e-09	AbsError: 3.10158e-12
    Region: "oxide"	RelError: 6.04105e-12	AbsError: 2.07013e-12
      Equation: "PotentialEquation"	RelError: 6.04105e-12	AbsError: 2.07013e-12
number of equations 6873
Iteration: 0
  Device: "part1_baseline"	RelError: 1.13419e+01	AbsError: 1.95097e+16
    Region: "bulk"	RelError: 1.12883e+01	AbsError: 1.95097e+16
      Equation: "ElectronContinuityEquation"	RelError: 4.22281e-01	AbsError: 1.92996e+16
      Equation: "HoleContinuityEquation"	RelError: 2.65333e+00	AbsError: 2.10095e+14
      Equation: "PotentialEquation"	RelError: 8.21269e+00	AbsError: 1.88013e-02
    Region: "oxide"	RelError: 5.36182e-02	AbsError: 2.00000e-02
      Equation: "PotentialEquation"	RelError: 5.36182e-02	AbsError: 2.00000e-02
Iteration: 1
  Device: "part1_baseline"	RelError: 6.75033e-01	AbsError: 4.08579e+15
    Region: "bulk"	RelError: 6.74152e-01	AbsError: 4.08579e+15
      Equation: "ElectronContinuityEquation"	RelError: 1.62983e-01	AbsError: 4.07863e+15
      Equation: "HoleContinuityEquation"	RelError: 4.35909e-01	AbsError: 7.16060e+12
      Equation: "PotentialEquation"	RelError: 7.52602e-02	AbsError: 4.49271e-04
    Region: "oxide"	RelError: 8.80974e-04	AbsError: 3.38541e-04
      Equation: "PotentialEquation"	RelError: 8.80974e-04	AbsError: 3.38541e-04
Iteration: 2
  Device: "part1_baseline"	RelError: 2.85648e-03	AbsError: 7.26552e+12
    Region: "bulk"	RelError: 2.85457e-03	AbsError: 7.26552e+12
      Equation: "ElectronContinuityEquation"	RelError: 1.16336e-03	AbsError: 7.25816e+12
      Equation: "HoleContinuityEquation"	RelError: 1.41704e-03	AbsError: 7.36260e+09
      Equation: "PotentialEquation"	RelError: 2.74174e-04	AbsError: 8.83241e-07
    Region: "oxide"	RelError: 1.91418e-06	AbsError: 6.77399e-07
      Equation: "PotentialEquation"	RelError: 1.91418e-06	AbsError: 6.77399e-07
Iteration: 3
  Device: "part1_baseline"	RelError: 3.62900e-08	AbsError: 3.12535e+07
    Region: "bulk"	RelError: 3.62740e-08	AbsError: 3.12535e+07
      Equation: "ElectronContinuityEquation"	RelError: 1.15988e-08	AbsError: 3.12020e+07
      Equation: "HoleContinuityEquation"	RelError: 2.33411e-08	AbsError: 5.14226e+04
      Equation: "PotentialEquation"	RelError: 1.33402e-09	AbsError: 8.21367e-12
    Region: "oxide"	RelError: 1.60389e-11	AbsError: 5.67591e-12
      Equation: "PotentialEquation"	RelError: 1.60389e-11	AbsError: 5.67591e-12
number of equations 6873
Iteration: 0
  Device: "part1_baseline"	RelError: 1.50143e+01	AbsError: 2.80624e+16
    Region: "bulk"	RelError: 1.49638e+01	AbsError: 2.80624e+16
      Equation: "ElectronContinuityEquation"	RelError: 4.19855e-01	AbsError: 2.78626e+16
      Equation: "HoleContinuityEquation"	RelError: 2.56824e+00	AbsError: 1.99811e+14
      Equation: "PotentialEquation"	RelError: 1.19757e+01	AbsError: 1.86323e-02
    Region: "oxide"	RelError: 5.04358e-02	AbsError: 2.00000e-02
      Equation: "PotentialEquation"	RelError: 5.04358e-02	AbsError: 2.00000e-02
Iteration: 1
  Device: "part1_baseline"	RelError: 8.35450e-01	AbsError: 5.31819e+15
    Region: "bulk"	RelError: 8.34395e-01	AbsError: 5.31819e+15
      Equation: "ElectronContinuityEquation"	RelError: 1.58437e-01	AbsError: 5.31065e+15
      Equation: "HoleContinuityEquation"	RelError: 4.27634e-01	AbsError: 7.54871e+12
      Equation: "PotentialEquation"	RelError: 2.48324e-01	AbsError: 5.46236e-04
    Region: "oxide"	RelError: 1.05588e-03	AbsError: 4.15388e-04
      Equation: "PotentialEquation"	RelError: 1.05588e-03	AbsError: 4.15388e-04
Iteration: 2
  Device: "part1_baseline"	RelError: 3.20097e-03	AbsError: 1.10387e+13
    Region: "bulk"	RelError: 3.19847e-03	AbsError: 1.10387e+13
      Equation: "ElectronContinuityEquation"	RelError: 1.15325e-03	AbsError: 1.10289e+13
      Equation: "HoleContinuityEquation"	RelError: 1.68883e-03	AbsError: 9.81123e+09
      Equation: "PotentialEquation"	RelError: 3.56393e-04	AbsError: 1.17890e-06
    Region: "oxide"	RelError: 2.50157e-06	AbsError: 9.23559e-07
      Equation: "PotentialEquation"	RelError: 2.50157e-06	AbsError: 9.23559e-07
Iteration: 3
  Device: "part1_baseline"	RelError: 5.50970e-08	AbsError: 5.97631e+07
    Region: "bulk"	RelError: 5.50683e-08	AbsError: 5.97631e+07
      Equation: "ElectronContinuityEquation"	RelError: 1.43860e-08	AbsError: 5.96500e+07
      Equation: "HoleContinuityEquation"	RelError: 3.61645e-08	AbsError: 1.13004e+05
      Equation: "PotentialEquation"	RelError: 4.51782e-09	AbsError: 1.49915e-11
    Region: "oxide"	RelError: 2.86966e-11	AbsError: 1.05946e-11
      Equation: "PotentialEquation"	RelError: 2.86966e-11	AbsError: 1.05946e-11
number of equations 6873
Iteration: 0
  Device: "part1_baseline"	RelError: 6.29793e+00	AbsError: 3.91156e+16
    Region: "bulk"	RelError: 6.25066e+00	AbsError: 3.91156e+16
      Equation: "ElectronContinuityEquation"	RelError: 4.15595e-01	AbsError: 3.89289e+16
      Equation: "HoleContinuityEquation"	RelError: 2.43135e+00	AbsError: 1.86740e+14
      Equation: "PotentialEquation"	RelError: 3.40372e+00	AbsError: 1.83429e-02
    Region: "oxide"	RelError: 4.72630e-02	AbsError: 2.00000e-02
      Equation: "PotentialEquation"	RelError: 4.72630e-02	AbsError: 2.00000e-02
Iteration: 1
  Device: "part1_baseline"	RelError: 6.59505e-01	AbsError: 6.63965e+15
    Region: "bulk"	RelError: 6.58225e-01	AbsError: 6.63965e+15
      Equation: "ElectronContinuityEquation"	RelError: 1.50925e-01	AbsError: 6.63164e+15
      Equation: "HoleContinuityEquation"	RelError: 4.13593e-01	AbsError: 8.00286e+12
      Equation: "PotentialEquation"	RelError: 9.37073e-02	AbsError: 6.61458e-04
    Region: "oxide"	RelError: 1.28047e-03	AbsError: 5.15561e-04
      Equation: "PotentialEquation"	RelError: 1.28047e-03	AbsError: 5.15561e-04
Iteration: 2
  Device: "part1_baseline"	RelError: 3.20093e-03	AbsError: 1.43659e+13
    Region: "bulk"	RelError: 3.19821e-03	AbsError: 1.43659e+13
      Equation: "ElectronContinuityEquation"	RelError: 1.00763e-03	AbsError: 1.43566e+13
      Equation: "HoleContinuityEquation"	RelError: 1.98982e-03	AbsError: 9.29546e+09
      Equation: "PotentialEquation"	RelError: 2.00755e-04	AbsError: 1.73274e-06
    Region: "oxide"	RelError: 2.72825e-06	AbsError: 1.08204e-06
      Equation: "PotentialEquation"	RelError: 2.72825e-06	AbsError: 1.08204e-06
Iteration: 3
  Device: "part1_baseline"	RelError: 7.38597e-08	AbsError: 1.12678e+08
    Region: "bulk"	RelError: 7.38311e-08	AbsError: 1.12678e+08
      Equation: "ElectronContinuityEquation"	RelError: 1.35004e-08	AbsError: 1.12588e+08
      Equation: "HoleContinuityEquation"	RelError: 5.84391e-08	AbsError: 8.96230e+04
      Equation: "PotentialEquation"	RelError: 1.89159e-09	AbsError: 1.77032e-11
    Region: "oxide"	RelError: 2.85324e-11	AbsError: 1.14881e-11
      Equation: "PotentialEquation"	RelError: 2.85324e-11	AbsError: 1.14881e-11
number of equations 6873
Iteration: 0
  Device: "part1_baseline"	RelError: 9.51955e+01	AbsError: 5.28224e+16
    Region: "bulk"	RelError: 9.51516e+01	AbsError: 5.28224e+16
      Equation: "ElectronContinuityEquation"	RelError: 4.08506e-01	AbsError: 5.26520e+16
      Equation: "HoleContinuityEquation"	RelError: 2.22047e+00	AbsError: 1.70377e+14
      Equation: "PotentialEquation"	RelError: 9.25227e+01	AbsError: 1.78489e-02
    Region: "oxide"	RelError: 4.39152e-02	AbsError: 2.00000e-02
      Equation: "PotentialEquation"	RelError: 4.39152e-02	AbsError: 2.00000e-02
Iteration: 1
  Device: "part1_baseline"	RelError: 1.30470e+00	AbsError: 7.98061e+15
    Region: "bulk"	RelError: 1.30322e+00	AbsError: 7.98061e+15
      Equation: "ElectronContinuityEquation"	RelError: 1.39117e-01	AbsError: 7.97104e+15
      Equation: "HoleContinuityEquation"	RelError: 3.90049e-01	AbsError: 9.56221e+12
      Equation: "PotentialEquation"	RelError: 7.74052e-01	AbsError: 7.75376e-04
    Region: "oxide"	RelError: 1.48266e-03	AbsError: 6.10460e-04
      Equation: "PotentialEquation"	RelError: 1.48266e-03	AbsError: 6.10460e-04
Iteration: 2
  Device: "part1_baseline"	RelError: 3.69399e-03	AbsError: 1.62564e+13
    Region: "bulk"	RelError: 3.68936e-03	AbsError: 1.62564e+13
      Equation: "ElectronContinuityEquation"	RelError: 7.25650e-04	AbsError: 1.62469e+13
      Equation: "HoleContinuityEquation"	RelError: 2.19706e-03	AbsError: 9.50569e+09
      Equation: "PotentialEquation"	RelError: 7.66649e-04	AbsError: 2.91793e-06
    Region: "oxide"	RelError: 4.63614e-06	AbsError: 1.90886e-06
      Equation: "PotentialEquation"	RelError: 4.63614e-06	AbsError: 1.90886e-06
Iteration: 3
  Device: "part1_baseline"	RelError: 1.03076e-07	AbsError: 2.20366e+08
    Region: "bulk"	RelError: 1.02984e-07	AbsError: 2.20366e+08
      Equation: "ElectronContinuityEquation"	RelError: 9.41081e-09	AbsError: 2.20324e+08
      Equation: "HoleContinuityEquation"	RelError: 8.65613e-08	AbsError: 4.14687e+04
      Equation: "PotentialEquation"	RelError: 7.01198e-09	AbsError: 5.58772e-11
    Region: "oxide"	RelError: 9.14525e-11	AbsError: 3.76542e-11
      Equation: "PotentialEquation"	RelError: 9.14525e-11	AbsError: 3.76542e-11
number of equations 6873
Iteration: 0
  Device: "part1_baseline"	RelError: 1.44267e+01	AbsError: 6.91947e+16
    Region: "bulk"	RelError: 1.43853e+01	AbsError: 6.91947e+16
      Equation: "ElectronContinuityEquation"	RelError: 3.97036e-01	AbsError: 6.90439e+16
      Equation: "HoleContinuityEquation"	RelError: 1.93847e+00	AbsError: 1.50767e+14
      Equation: "PotentialEquation"	RelError: 1.20498e+01	AbsError: 1.70774e-02
    Region: "oxide"	RelError: 4.13975e-02	AbsError: 2.00000e-02
      Equation: "PotentialEquation"	RelError: 4.13975e-02	AbsError: 2.00000e-02
Iteration: 1
  Device: "part1_baseline"	RelError: 9.06162e-01	AbsError: 9.27068e+15
    Region: "bulk"	RelError: 9.04539e-01	AbsError: 9.27068e+15
      Equation: "ElectronContinuityEquation"	RelError: 1.22560e-01	AbsError: 9.25985e+15
      Equation: "HoleContinuityEquation"	RelError: 3.55266e-01	AbsError: 1.08273e+13
      Equation: "PotentialEquation"	RelError: 4.26712e-01	AbsError: 8.64464e-04
    Region: "oxide"	RelError: 1.62361e-03	AbsError: 6.83655e-04
      Equation: "PotentialEquation"	RelError: 1.62361e-03	AbsError: 6.83655e-04
Iteration: 2
  Device: "part1_baseline"	RelError: 4.22790e-03	AbsError: 1.54746e+13
    Region: "bulk"	RelError: 4.22182e-03	AbsError: 1.54746e+13
      Equation: "ElectronContinuityEquation"	RelError: 4.55835e-04	AbsError: 1.54462e+13
      Equation: "HoleContinuityEquation"	RelError: 2.24962e-03	AbsError: 2.83351e+10
      Equation: "PotentialEquation"	RelError: 1.51637e-03	AbsError: 3.85548e-06
    Region: "oxide"	RelError: 6.07135e-06	AbsError: 2.56563e-06
      Equation: "PotentialEquation"	RelError: 6.07135e-06	AbsError: 2.56563e-06
Iteration: 3
  Device: "part1_baseline"	RelError: 1.38354e-07	AbsError: 3.47896e+08
    Region: "bulk"	RelError: 1.38183e-07	AbsError: 3.47896e+08
      Equation: "ElectronContinuityEquation"	RelError: 1.41585e-08	AbsError: 3.47528e+08
      Equation: "HoleContinuityEquation"	RelError: 9.81382e-08	AbsError: 3.68246e+05
      Equation: "PotentialEquation"	RelError: 2.58864e-08	AbsError: 1.05527e-10
    Region: "oxide"	RelError: 1.70889e-10	AbsError: 7.22141e-11
      Equation: "PotentialEquation"	RelError: 1.70889e-10	AbsError: 7.22141e-11
number of equations 6873
Iteration: 0
  Device: "part1_baseline"	RelError: 8.37901e+00	AbsError: 8.81112e+16
    Region: "bulk"	RelError: 8.33926e+00	AbsError: 8.81112e+16
      Equation: "ElectronContinuityEquation"	RelError: 3.80244e-01	AbsError: 8.79792e+16
      Equation: "HoleContinuityEquation"	RelError: 1.60882e+00	AbsError: 1.31910e+14
      Equation: "PotentialEquation"	RelError: 6.35020e+00	AbsError: 1.59642e-02
    Region: "oxide"	RelError: 3.97519e-02	AbsError: 2.00000e-02
      Equation: "PotentialEquation"	RelError: 3.97519e-02	AbsError: 2.00000e-02
Iteration: 1
  Device: "part1_baseline"	RelError: 7.36796e-01	AbsError: 1.04434e+16
    Region: "bulk"	RelError: 7.35100e-01	AbsError: 1.04434e+16
      Equation: "ElectronContinuityEquation"	RelError: 1.02353e-01	AbsError: 1.04322e+16
      Equation: "HoleContinuityEquation"	RelError: 3.08335e-01	AbsError: 1.12150e+13
      Equation: "PotentialEquation"	RelError: 3.24413e-01	AbsError: 9.19604e-04
    Region: "oxide"	RelError: 1.69579e-03	AbsError: 7.35179e-04
      Equation: "PotentialEquation"	RelError: 1.69579e-03	AbsError: 7.35179e-04
Iteration: 2
  Device: "part1_baseline"	RelError: 4.17151e-03	AbsError: 1.71040e+13
    Region: "bulk"	RelError: 4.16489e-03	AbsError: 1.71040e+13
      Equation: "ElectronContinuityEquation"	RelError: 5.09957e-04	AbsError: 1.70593e+13
      Equation: "HoleContinuityEquation"	RelError: 2.16915e-03	AbsError: 4.46712e+10
      Equation: "PotentialEquation"	RelError: 1.48577e-03	AbsError: 4.30824e-06
    Region: "oxide"	RelError: 6.62053e-06	AbsError: 2.87023e-06
      Equation: "PotentialEquation"	RelError: 6.62053e-06	AbsError: 2.87023e-06
Iteration: 3
  Device: "part1_baseline"	RelError: 1.40496e-07	AbsError: 3.63183e+08
    Region: "bulk"	RelError: 1.40306e-07	AbsError: 3.63183e+08
      Equation: "ElectronContinuityEquation"	RelError: 1.54217e-08	AbsError: 3.62185e+08
      Equation: "HoleContinuityEquation"	RelError: 8.73666e-08	AbsError: 9.97767e+05
      Equation: "PotentialEquation"	RelError: 3.75180e-08	AbsError: 1.23447e-10
    Region: "oxide"	RelError: 1.89232e-10	AbsError: 8.20386e-11
      Equation: "PotentialEquation"	RelError: 1.89232e-10	AbsError: 8.20386e-11
number of equations 6873
Iteration: 0
  Device: "part1_baseline"	RelError: 8.59894e+00	AbsError: 1.09315e+17
    Region: "bulk"	RelError: 8.56071e+00	AbsError: 1.09315e+17
      Equation: "ElectronContinuityEquation"	RelError: 3.58226e-01	AbsError: 1.09203e+17
      Equation: "HoleContinuityEquation"	RelError: 1.28435e+00	AbsError: 1.11941e+14
      Equation: "PotentialEquation"	RelError: 6.91813e+00	AbsError: 1.45548e-02
    Region: "oxide"	RelError: 3.82321e-02	AbsError: 2.00000e-02
      Equation: "PotentialEquation"	RelError: 3.82321e-02	AbsError: 2.00000e-02
Iteration: 1
  Device: "part1_baseline"	RelError: 2.00533e+00	AbsError: 1.15656e+16
    Region: "bulk"	RelError: 2.00360e+00	AbsError: 1.15656e+16
      Equation: "ElectronContinuityEquation"	RelError: 8.11831e-02	AbsError: 1.15550e+16
      Equation: "HoleContinuityEquation"	RelError: 2.54371e-01	AbsError: 1.05703e+13
      Equation: "PotentialEquation"	RelError: 1.66805e+00	AbsError: 9.73131e-04
    Region: "oxide"	RelError: 1.73103e-03	AbsError: 7.80140e-04
      Equation: "PotentialEquation"	RelError: 1.73103e-03	AbsError: 7.80140e-04
Iteration: 2
  Device: "part1_baseline"	RelError: 9.65814e-03	AbsError: 1.95671e+13
    Region: "bulk"	RelError: 9.65054e-03	AbsError: 1.95671e+13
      Equation: "ElectronContinuityEquation"	RelError: 4.29600e-04	AbsError: 1.95187e+13
      Equation: "HoleContinuityEquation"	RelError: 1.91591e-03	AbsError: 4.84599e+10
      Equation: "PotentialEquation"	RelError: 7.30504e-03	AbsError: 5.18989e-06
    Region: "oxide"	RelError: 7.59784e-06	AbsError: 3.45903e-06
      Equation: "PotentialEquation"	RelError: 7.59784e-06	AbsError: 3.45903e-06
Iteration: 3
  Device: "part1_baseline"	RelError: 2.83295e-07	AbsError: 5.47896e+08
    Region: "bulk"	RelError: 2.83021e-07	AbsError: 5.47896e+08
      Equation: "ElectronContinuityEquation"	RelError: 1.97745e-08	AbsError: 5.46586e+08
      Equation: "HoleContinuityEquation"	RelError: 9.96215e-08	AbsError: 1.30909e+06
      Equation: "PotentialEquation"	RelError: 1.63625e-07	AbsError: 1.89098e-10
    Region: "oxide"	RelError: 2.74584e-10	AbsError: 1.25735e-10
      Equation: "PotentialEquation"	RelError: 2.74584e-10	AbsError: 1.25735e-10
number of equations 6873
Iteration: 0
  Device: "part1_baseline"	RelError: 3.43015e+00	AbsError: 1.32440e+17
    Region: "bulk"	RelError: 3.39333e+00	AbsError: 1.32440e+17
      Equation: "ElectronContinuityEquation"	RelError: 3.32406e-01	AbsError: 1.32348e+17
      Equation: "HoleContinuityEquation"	RelError: 1.00814e+00	AbsError: 9.22162e+13
      Equation: "PotentialEquation"	RelError: 2.05278e+00	AbsError: 1.29961e-02
    Region: "oxide"	RelError: 3.68242e-02	AbsError: 2.00000e-02
      Equation: "PotentialEquation"	RelError: 3.68242e-02	AbsError: 2.00000e-02
Iteration: 1
  Device: "part1_baseline"	RelError: 5.19265e-01	AbsError: 1.26608e+16
    Region: "bulk"	RelError: 5.17578e-01	AbsError: 1.26608e+16
      Equation: "ElectronContinuityEquation"	RelError: 6.20298e-02	AbsError: 1.26517e+16
      Equation: "HoleContinuityEquation"	RelError: 2.01413e-01	AbsError: 9.15650e+12
      Equation: "PotentialEquation"	RelError: 2.54135e-01	AbsError: 9.38912e-04
    Region: "oxide"	RelError: 1.68678e-03	AbsError: 7.84808e-04
      Equation: "PotentialEquation"	RelError: 1.68678e-03	AbsError: 7.84808e-04
Iteration: 2
  Device: "part1_baseline"	RelError: 2.96204e-03	AbsError: 2.23733e+13
    Region: "bulk"	RelError: 2.95474e-03	AbsError: 2.23733e+13
      Equation: "ElectronContinuityEquation"	RelError: 2.82680e-04	AbsError: 2.23333e+13
      Equation: "HoleContinuityEquation"	RelError: 1.42831e-03	AbsError: 4.00620e+10
      Equation: "PotentialEquation"	RelError: 1.24375e-03	AbsError: 4.86431e-06
    Region: "oxide"	RelError: 7.30015e-06	AbsError: 3.41268e-06
      Equation: "PotentialEquation"	RelError: 7.30015e-06	AbsError: 3.41268e-06
Iteration: 3
  Device: "part1_baseline"	RelError: 1.23001e-07	AbsError: 5.12864e+08
    Region: "bulk"	RelError: 1.22768e-07	AbsError: 5.12864e+08
      Equation: "ElectronContinuityEquation"	RelError: 1.49138e-08	AbsError: 5.11952e+08
      Equation: "HoleContinuityEquation"	RelError: 7.40869e-08	AbsError: 9.12766e+05
      Equation: "PotentialEquation"	RelError: 3.37677e-08	AbsError: 1.56716e-10
    Region: "oxide"	RelError: 2.32459e-10	AbsError: 1.08670e-10
      Equation: "PotentialEquation"	RelError: 2.32459e-10	AbsError: 1.08670e-10
number of equations 6873
Iteration: 0
  Device: "part1_baseline"	RelError: 2.31336e+00	AbsError: 1.57040e+17
    Region: "bulk"	RelError: 2.27785e+00	AbsError: 1.57040e+17
      Equation: "ElectronContinuityEquation"	RelError: 3.05020e-01	AbsError: 1.56966e+17
      Equation: "HoleContinuityEquation"	RelError: 7.93033e-01	AbsError: 7.45482e+13
      Equation: "PotentialEquation"	RelError: 1.17979e+00	AbsError: 1.14495e-02
    Region: "oxide"	RelError: 3.55163e-02	AbsError: 2.00000e-02
      Equation: "PotentialEquation"	RelError: 3.55163e-02	AbsError: 2.00000e-02
Iteration: 1
  Device: "part1_baseline"	RelError: 3.07612e-01	AbsError: 1.35511e+16
    Region: "bulk"	RelError: 3.06093e-01	AbsError: 1.35511e+16
      Equation: "ElectronContinuityEquation"	RelError: 4.65762e-02	AbsError: 1.35435e+16
      Equation: "HoleContinuityEquation"	RelError: 1.55495e-01	AbsError: 7.65313e+12
      Equation: "PotentialEquation"	RelError: 1.04022e-01	AbsError: 8.27475e-04
    Region: "oxide"	RelError: 1.51868e-03	AbsError: 7.22883e-04
      Equation: "PotentialEquation"	RelError: 1.51868e-03	AbsError: 7.22883e-04
Iteration: 2
  Device: "part1_baseline"	RelError: 1.48268e-03	AbsError: 1.87303e+13
    Region: "bulk"	RelError: 1.47738e-03	AbsError: 1.87303e+13
      Equation: "ElectronContinuityEquation"	RelError: 2.23117e-04	AbsError: 1.87031e+13
      Equation: "HoleContinuityEquation"	RelError: 9.51079e-04	AbsError: 2.72146e+10
      Equation: "PotentialEquation"	RelError: 3.03182e-04	AbsError: 3.48232e-06
    Region: "oxide"	RelError: 5.30059e-06	AbsError: 2.53479e-06
      Equation: "PotentialEquation"	RelError: 5.30059e-06	AbsError: 2.53479e-06
Iteration: 3
  Device: "part1_baseline"	RelError: 4.89252e-08	AbsError: 2.71666e+08
    Region: "bulk"	RelError: 4.88151e-08	AbsError: 2.71666e+08
      Equation: "ElectronContinuityEquation"	RelError: 8.84830e-09	AbsError: 2.71265e+08
      Equation: "HoleContinuityEquation"	RelError: 3.46587e-08	AbsError: 4.00671e+05
      Equation: "PotentialEquation"	RelError: 5.30812e-09	AbsError: 7.38854e-11
    Region: "oxide"	RelError: 1.10104e-10	AbsError: 5.26528e-11
      Equation: "PotentialEquation"	RelError: 1.10104e-10	AbsError: 5.26528e-11
number of equations 6873
Iteration: 0
  Device: "part1_baseline"	RelError: 6.93901e+00	AbsError: 1.82627e+17
    Region: "bulk"	RelError: 6.90472e+00	AbsError: 1.82627e+17
      Equation: "ElectronContinuityEquation"	RelError: 2.78143e-01	AbsError: 1.82567e+17
      Equation: "HoleContinuityEquation"	RelError: 6.33358e-01	AbsError: 5.98069e+13
      Equation: "PotentialEquation"	RelError: 5.99322e+00	AbsError: 1.00381e-02
    Region: "oxide"	RelError: 3.42982e-02	AbsError: 2.00000e-02
      Equation: "PotentialEquation"	RelError: 3.42982e-02	AbsError: 2.00000e-02
Iteration: 1
  Device: "part1_baseline"	RelError: 5.23674e-01	AbsError: 1.42420e+16
    Region: "bulk"	RelError: 5.22375e-01	AbsError: 1.42420e+16
      Equation: "ElectronContinuityEquation"	RelError: 3.50418e-02	AbsError: 1.42358e+16
      Equation: "HoleContinuityEquation"	RelError: 1.19080e-01	AbsError: 6.13706e+12
      Equation: "PotentialEquation"	RelError: 3.68253e-01	AbsError: 6.91439e-04
    Region: "oxide"	RelError: 1.29929e-03	AbsError: 6.30672e-04
      Equation: "PotentialEquation"	RelError: 1.29929e-03	AbsError: 6.30672e-04
Iteration: 2
  Device: "part1_baseline"	RelError: 1.58573e-03	AbsError: 1.29378e+13
    Region: "bulk"	RelError: 1.58245e-03	AbsError: 1.29378e+13
      Equation: "ElectronContinuityEquation"	RelError: 1.56735e-04	AbsError: 1.29214e+13
      Equation: "HoleContinuityEquation"	RelError: 6.03074e-04	AbsError: 1.64177e+10
      Equation: "PotentialEquation"	RelError: 8.22643e-04	AbsError: 2.12675e-06
    Region: "oxide"	RelError: 3.27666e-06	AbsError: 1.59776e-06
      Equation: "PotentialEquation"	RelError: 3.27666e-06	AbsError: 1.59776e-06
Iteration: 3
  Device: "part1_baseline"	RelError: 2.10559e-08	AbsError: 1.03797e+08
    Region: "bulk"	RelError: 2.10189e-08	AbsError: 1.03797e+08
      Equation: "ElectronContinuityEquation"	RelError: 4.02543e-09	AbsError: 1.03665e+08
      Equation: "HoleContinuityEquation"	RelError: 1.24232e-08	AbsError: 1.31558e+05
      Equation: "PotentialEquation"	RelError: 4.57027e-09	AbsError: 2.48316e-11
    Region: "oxide"	RelError: 3.69893e-11	AbsError: 1.80367e-11
      Equation: "PotentialEquation"	RelError: 3.69893e-11	AbsError: 1.80367e-11
number of equations 6873
Iteration: 0
  Device: "part1_baseline"	RelError: 2.28280e+00	AbsError: 2.08712e+17
    Region: "bulk"	RelError: 2.24964e+00	AbsError: 2.08712e+17
      Equation: "ElectronContinuityEquation"	RelError: 2.53081e-01	AbsError: 2.08664e+17
      Equation: "HoleContinuityEquation"	RelError: 5.16129e-01	AbsError: 4.80350e+13
      Equation: "PotentialEquation"	RelError: 1.48043e+00	AbsError: 8.81266e-03
    Region: "oxide"	RelError: 3.31608e-02	AbsError: 2.00000e-02
      Equation: "PotentialEquation"	RelError: 3.31608e-02	AbsError: 2.00000e-02
Iteration: 1
  Device: "part1_baseline"	RelError: 2.81427e-01	AbsError: 1.46322e+16
    Region: "bulk"	RelError: 2.80342e-01	AbsError: 1.46322e+16
      Equation: "ElectronContinuityEquation"	RelError: 2.65851e-02	AbsError: 1.46274e+16
      Equation: "HoleContinuityEquation"	RelError: 9.16100e-02	AbsError: 4.80057e+12
      Equation: "PotentialEquation"	RelError: 1.62147e-01	AbsError: 5.65876e-04
    Region: "oxide"	RelError: 1.08504e-03	AbsError: 5.35647e-04
      Equation: "PotentialEquation"	RelError: 1.08504e-03	AbsError: 5.35647e-04
Iteration: 2
  Device: "part1_baseline"	RelError: 7.63167e-04	AbsError: 7.80050e+12
    Region: "bulk"	RelError: 7.61296e-04	AbsError: 7.80050e+12
      Equation: "ElectronContinuityEquation"	RelError: 1.03816e-04	AbsError: 7.79112e+12
      Equation: "HoleContinuityEquation"	RelError: 3.84852e-04	AbsError: 9.37521e+09
      Equation: "PotentialEquation"	RelError: 2.72628e-04	AbsError: 1.19637e-06
    Region: "oxide"	RelError: 1.87054e-06	AbsError: 9.27597e-07
      Equation: "PotentialEquation"	RelError: 1.87054e-06	AbsError: 9.27597e-07
Iteration: 3
  Device: "part1_baseline"	RelError: 6.30459e-09	AbsError: 3.33628e+07
    Region: "bulk"	RelError: 6.29412e-09	AbsError: 3.33628e+07
      Equation: "ElectronContinuityEquation"	RelError: 1.60738e-09	AbsError: 3.33259e+07
      Equation: "HoleContinuityEquation"	RelError: 3.89789e-09	AbsError: 3.69593e+04
      Equation: "PotentialEquation"	RelError: 7.88842e-10	AbsError: 7.02196e-12
    Region: "oxide"	RelError: 1.04783e-11	AbsError: 5.19618e-12
      Equation: "PotentialEquation"	RelError: 1.04783e-11	AbsError: 5.19618e-12
number of equations 6873
Iteration: 0
  Device: "part1_baseline"	RelError: 2.23430e+00	AbsError: 2.34844e+17
    Region: "bulk"	RelError: 2.20220e+00	AbsError: 2.34844e+17
      Equation: "ElectronContinuityEquation"	RelError: 2.30597e-01	AbsError: 2.34805e+17
      Equation: "HoleContinuityEquation"	RelError: 4.29148e-01	AbsError: 3.88396e+13
      Equation: "PotentialEquation"	RelError: 1.54246e+00	AbsError: 7.77347e-03
    Region: "oxide"	RelError: 3.20965e-02	AbsError: 2.00000e-02
      Equation: "PotentialEquation"	RelError: 3.20965e-02	AbsError: 2.00000e-02
Iteration: 1
  Device: "part1_baseline"	RelError: 2.23083e-01	AbsError: 1.47208e+16
    Region: "bulk"	RelError: 2.22184e-01	AbsError: 1.47208e+16
      Equation: "ElectronContinuityEquation"	RelError: 2.03724e-02	AbsError: 1.47171e+16
      Equation: "HoleContinuityEquation"	RelError: 7.12850e-02	AbsError: 3.72177e+12
      Equation: "PotentialEquation"	RelError: 1.30526e-01	AbsError: 4.63837e-04
    Region: "oxide"	RelError: 8.99699e-04	AbsError: 4.50734e-04
      Equation: "PotentialEquation"	RelError: 8.99699e-04	AbsError: 4.50734e-04
Iteration: 2
  Device: "part1_baseline"	RelError: 5.31500e-04	AbsError: 5.61647e+12
    Region: "bulk"	RelError: 5.30459e-04	AbsError: 5.61647e+12
      Equation: "ElectronContinuityEquation"	RelError: 6.72772e-05	AbsError: 5.61117e+12
      Equation: "HoleContinuityEquation"	RelError: 2.52920e-04	AbsError: 5.30038e+09
      Equation: "PotentialEquation"	RelError: 2.10262e-04	AbsError: 6.52728e-07
    Region: "oxide"	RelError: 1.04110e-06	AbsError: 5.22156e-07
      Equation: "PotentialEquation"	RelError: 1.04110e-06	AbsError: 5.22156e-07
Iteration: 3
  Device: "part1_baseline"	RelError: 2.22587e-09	AbsError: 9.91113e+06
    Region: "bulk"	RelError: 2.22309e-09	AbsError: 9.91113e+06
      Equation: "ElectronContinuityEquation"	RelError: 6.13287e-10	AbsError: 9.90145e+06
      Equation: "HoleContinuityEquation"	RelError: 1.14237e-09	AbsError: 9.67679e+03
      Equation: "PotentialEquation"	RelError: 4.67430e-10	AbsError: 1.85112e-12
    Region: "oxide"	RelError: 2.78109e-12	AbsError: 1.39950e-12
      Equation: "PotentialEquation"	RelError: 2.78109e-12	AbsError: 1.39950e-12
number of equations 6873
Iteration: 0
  Device: "part1_baseline"	RelError: 1.25444e+01	AbsError: 2.60632e+17
    Region: "bulk"	RelError: 1.25133e+01	AbsError: 2.60632e+17
      Equation: "ElectronContinuityEquation"	RelError: 2.10515e-01	AbsError: 2.60600e+17
      Equation: "HoleContinuityEquation"	RelError: 3.63310e-01	AbsError: 3.17089e+13
      Equation: "PotentialEquation"	RelError: 1.19394e+01	AbsError: 6.89871e-03
    Region: "oxide"	RelError: 3.10983e-02	AbsError: 2.00000e-02
      Equation: "PotentialEquation"	RelError: 3.10983e-02	AbsError: 2.00000e-02
Iteration: 1
  Device: "part1_baseline"	RelError: 1.05630e+01	AbsError: 1.45664e+16
    Region: "bulk"	RelError: 1.05623e+01	AbsError: 1.45664e+16
      Equation: "ElectronContinuityEquation"	RelError: 1.57919e-02	AbsError: 1.45635e+16
      Equation: "HoleContinuityEquation"	RelError: 5.62540e-02	AbsError: 2.88760e+12
      Equation: "PotentialEquation"	RelError: 1.04902e+01	AbsError: 3.79433e-04
    Region: "oxide"	RelError: 7.47578e-04	AbsError: 3.79392e-04
      Equation: "PotentialEquation"	RelError: 7.47578e-04	AbsError: 3.79392e-04
Iteration: 2
  Device: "part1_baseline"	RelError: 1.28994e-02	AbsError: 5.11235e+12
    Region: "bulk"	RelError: 1.28988e-02	AbsError: 5.11235e+12
      Equation: "ElectronContinuityEquation"	RelError: 4.35803e-05	AbsError: 5.10930e+12
      Equation: "HoleContinuityEquation"	RelError: 1.67611e-04	AbsError: 3.05421e+09
      Equation: "PotentialEquation"	RelError: 1.26876e-02	AbsError: 3.59172e-07
    Region: "oxide"	RelError: 5.80104e-07	AbsError: 2.94400e-07
      Equation: "PotentialEquation"	RelError: 5.80104e-07	AbsError: 2.94400e-07
Iteration: 3
  Device: "part1_baseline"	RelError: 1.36344e-08	AbsError: 2.97090e+06
    Region: "bulk"	RelError: 1.36337e-08	AbsError: 2.97090e+06
      Equation: "ElectronContinuityEquation"	RelError: 2.35162e-10	AbsError: 2.96842e+06
      Equation: "HoleContinuityEquation"	RelError: 3.33071e-10	AbsError: 2.47823e+03
      Equation: "PotentialEquation"	RelError: 1.30655e-08	AbsError: 4.80764e-13
    Region: "oxide"	RelError: 7.33293e-13	AbsError: 3.73789e-13
      Equation: "PotentialEquation"	RelError: 7.33293e-13	AbsError: 3.73789e-13
number of equations 6873
Iteration: 0
  Device: "part1_baseline"	RelError: 4.39251e+02	AbsError: 2.85760e+17
    Region: "bulk"	RelError: 4.39221e+02	AbsError: 2.85760e+17
      Equation: "ElectronContinuityEquation"	RelError: 1.92668e-01	AbsError: 2.85734e+17
      Equation: "HoleContinuityEquation"	RelError: 3.12353e-01	AbsError: 2.61703e+13
      Equation: "PotentialEquation"	RelError: 4.38716e+02	AbsError: 6.16141e-03
    Region: "oxide"	RelError: 3.01604e-02	AbsError: 2.00000e-02
      Equation: "PotentialEquation"	RelError: 3.01604e-02	AbsError: 2.00000e-02
Iteration: 1
  Device: "part1_baseline"	RelError: 1.08634e+00	AbsError: 1.42270e+16
    Region: "bulk"	RelError: 1.08572e+00	AbsError: 1.42270e+16
      Equation: "ElectronContinuityEquation"	RelError: 1.23916e-02	AbsError: 1.42247e+16
      Equation: "HoleContinuityEquation"	RelError: 4.50343e-02	AbsError: 2.25421e+12
      Equation: "PotentialEquation"	RelError: 1.02829e+00	AbsError: 3.20965e-04
    Region: "oxide"	RelError: 6.25101e-04	AbsError: 3.20965e-04
      Equation: "PotentialEquation"	RelError: 6.25101e-04	AbsError: 3.20965e-04
Iteration: 2
  Device: "part1_baseline"	RelError: 9.58626e-04	AbsError: 4.59472e+12
    Region: "bulk"	RelError: 9.58298e-04	AbsError: 4.59472e+12
      Equation: "ElectronContinuityEquation"	RelError: 2.85412e-05	AbsError: 4.59290e+12
      Equation: "HoleContinuityEquation"	RelError: 1.24148e-04	AbsError: 1.82555e+09
      Equation: "PotentialEquation"	RelError: 8.05608e-04	AbsError: 2.04287e-07
    Region: "oxide"	RelError: 3.28426e-07	AbsError: 1.68590e-07
      Equation: "PotentialEquation"	RelError: 3.28426e-07	AbsError: 1.68590e-07
Iteration: 3
  Device: "part1_baseline"	RelError: 4.79023e-10	AbsError: 1.28655e+06
    Region: "bulk"	RelError: 4.78825e-10	AbsError: 1.28655e+06
      Equation: "ElectronContinuityEquation"	RelError: 9.32330e-11	AbsError: 1.28585e+06
      Equation: "HoleContinuityEquation"	RelError: 1.00365e-10	AbsError: 6.92494e+02
      Equation: "PotentialEquation"	RelError: 2.85227e-10	AbsError: 1.26363e-13
    Region: "oxide"	RelError: 1.98249e-13	AbsError: 1.02213e-13
      Equation: "PotentialEquation"	RelError: 1.98249e-13	AbsError: 1.02213e-13
number of equations 6873
Iteration: 0
  Device: "part1_baseline"	RelError: 1.58408e+00	AbsError: 3.09989e+17
    Region: "bulk"	RelError: 1.55481e+00	AbsError: 3.09989e+17
      Equation: "ElectronContinuityEquation"	RelError: 1.76831e-01	AbsError: 3.09967e+17
      Equation: "HoleContinuityEquation"	RelError: 2.72069e-01	AbsError: 2.18398e+13
      Equation: "PotentialEquation"	RelError: 1.10591e+00	AbsError: 5.53673e-03
    Region: "oxide"	RelError: 2.92774e-02	AbsError: 2.00000e-02
      Equation: "PotentialEquation"	RelError: 2.92774e-02	AbsError: 2.00000e-02
Iteration: 1
  Device: "part1_baseline"	RelError: 1.41601e-01	AbsError: 1.37506e+16
    Region: "bulk"	RelError: 1.41075e-01	AbsError: 1.37506e+16
      Equation: "ElectronContinuityEquation"	RelError: 9.79943e-03	AbsError: 1.37488e+16
      Equation: "HoleContinuityEquation"	RelError: 3.65461e-02	AbsError: 1.77543e+12
      Equation: "PotentialEquation"	RelError: 9.47290e-02	AbsError: 2.73401e-04
    Region: "oxide"	RelError: 5.26779e-04	AbsError: 2.73401e-04
      Equation: "PotentialEquation"	RelError: 5.26779e-04	AbsError: 2.73401e-04
Iteration: 2
  Device: "part1_baseline"	RelError: 1.71160e-04	AbsError: 4.25766e+12
    Region: "bulk"	RelError: 1.70969e-04	AbsError: 4.25766e+12
      Equation: "ElectronContinuityEquation"	RelError: 1.90022e-05	AbsError: 4.25651e+12
      Equation: "HoleContinuityEquation"	RelError: 9.23792e-05	AbsError: 1.14332e+09
      Equation: "PotentialEquation"	RelError: 5.95875e-05	AbsError: 1.21870e-07
    Region: "oxide"	RelError: 1.90631e-07	AbsError: 9.88578e-08
      Equation: "PotentialEquation"	RelError: 1.90631e-07	AbsError: 9.88578e-08
Iteration: 3
  Device: "part1_baseline"	RelError: 8.15634e-11	AbsError: 6.34083e+05
    Region: "bulk"	RelError: 8.15073e-11	AbsError: 6.34083e+05
      Equation: "ElectronContinuityEquation"	RelError: 3.87992e-11	AbsError: 6.33864e+05
      Equation: "HoleContinuityEquation"	RelError: 3.21661e-11	AbsError: 2.19739e+02
      Equation: "PotentialEquation"	RelError: 1.05420e-11	AbsError: 3.45547e-14
    Region: "oxide"	RelError: 5.60816e-14	AbsError: 2.91969e-14
      Equation: "PotentialEquation"	RelError: 5.60816e-14	AbsError: 2.91969e-14
number of equations 6873
Iteration: 0
  Device: "part1_baseline"	RelError: 9.37752e-01	AbsError: 3.33150e+17
    Region: "bulk"	RelError: 9.09307e-01	AbsError: 3.33150e+17
      Equation: "ElectronContinuityEquation"	RelError: 1.62768e-01	AbsError: 3.33131e+17
      Equation: "HoleContinuityEquation"	RelError: 2.39615e-01	AbsError: 1.84232e+13
      Equation: "PotentialEquation"	RelError: 5.06925e-01	AbsError: 5.00393e-03
    Region: "oxide"	RelError: 2.84446e-02	AbsError: 2.00000e-02
      Equation: "PotentialEquation"	RelError: 2.84446e-02	AbsError: 2.00000e-02
Iteration: 1
  Device: "part1_baseline"	RelError: 7.71783e-02	AbsError: 1.31767e+16
    Region: "bulk"	RelError: 7.67308e-02	AbsError: 1.31767e+16
      Equation: "ElectronContinuityEquation"	RelError: 7.81558e-03	AbsError: 1.31753e+16
      Equation: "HoleContinuityEquation"	RelError: 3.00301e-02	AbsError: 1.41248e+12
      Equation: "PotentialEquation"	RelError: 3.88851e-02	AbsError: 2.34507e-04
    Region: "oxide"	RelError: 4.47483e-04	AbsError: 2.34507e-04
      Equation: "PotentialEquation"	RelError: 4.47483e-04	AbsError: 2.34507e-04
Iteration: 2
  Device: "part1_baseline"	RelError: 1.02475e-04	AbsError: 3.86063e+12
    Region: "bulk"	RelError: 1.02361e-04	AbsError: 3.86063e+12
      Equation: "ElectronContinuityEquation"	RelError: 1.28900e-05	AbsError: 3.85988e+12
      Equation: "HoleContinuityEquation"	RelError: 6.91088e-05	AbsError: 7.51739e+08
      Equation: "PotentialEquation"	RelError: 2.03622e-05	AbsError: 7.67641e-08
    Region: "oxide"	RelError: 1.14007e-07	AbsError: 5.96648e-08
      Equation: "PotentialEquation"	RelError: 1.14007e-07	AbsError: 5.96648e-08
Iteration: 3
  Device: "part1_baseline"	RelError: 4.02781e-11	AbsError: 3.27385e+05
    Region: "bulk"	RelError: 4.02612e-11	AbsError: 3.27385e+05
      Equation: "ElectronContinuityEquation"	RelError: 1.70684e-11	AbsError: 3.27302e+05
      Equation: "HoleContinuityEquation"	RelError: 2.11448e-11	AbsError: 8.29046e+01
      Equation: "PotentialEquation"	RelError: 2.04797e-12	AbsError: 1.14038e-14
    Region: "oxide"	RelError: 1.68697e-14	AbsError: 8.86695e-15
      Equation: "PotentialEquation"	RelError: 1.68697e-14	AbsError: 8.86695e-15
number of equations 6873
Iteration: 0
  Device: "part1_baseline"	RelError: 7.02060e-01	AbsError: 3.55139e+17
    Region: "bulk"	RelError: 6.74402e-01	AbsError: 3.55139e+17
      Equation: "ElectronContinuityEquation"	RelError: 1.50268e-01	AbsError: 3.55123e+17
      Equation: "HoleContinuityEquation"	RelError: 2.13037e-01	AbsError: 1.57003e+13
      Equation: "PotentialEquation"	RelError: 3.11097e-01	AbsError: 4.54638e-03
    Region: "oxide"	RelError: 2.76579e-02	AbsError: 2.00000e-02
      Equation: "PotentialEquation"	RelError: 2.76579e-02	AbsError: 2.00000e-02
Iteration: 1
  Device: "part1_baseline"	RelError: 5.37879e-02	AbsError: 1.25359e+16
    Region: "bulk"	RelError: 5.34049e-02	AbsError: 1.25359e+16
      Equation: "ElectronContinuityEquation"	RelError: 6.29197e-03	AbsError: 1.25348e+16
      Equation: "HoleContinuityEquation"	RelError: 2.49563e-02	AbsError: 1.13545e+12
      Equation: "PotentialEquation"	RelError: 2.21566e-02	AbsError: 2.02495e-04
    Region: "oxide"	RelError: 3.83031e-04	AbsError: 2.02495e-04
      Equation: "PotentialEquation"	RelError: 3.83031e-04	AbsError: 2.02495e-04
Iteration: 2
  Device: "part1_baseline"	RelError: 7.10339e-05	AbsError: 3.38021e+12
    Region: "bulk"	RelError: 7.09634e-05	AbsError: 3.38021e+12
      Equation: "ElectronContinuityEquation"	RelError: 8.91300e-06	AbsError: 3.37969e+12
      Equation: "HoleContinuityEquation"	RelError: 5.20634e-05	AbsError: 5.18069e+08
      Equation: "PotentialEquation"	RelError: 9.98704e-06	AbsError: 5.21539e-08
    Region: "oxide"	RelError: 7.04449e-08	AbsError: 3.71723e-08
      Equation: "PotentialEquation"	RelError: 7.04449e-08	AbsError: 3.71723e-08
Iteration: 3
  Device: "part1_baseline"	RelError: 2.21342e-11	AbsError: 2.12872e+05
    Region: "bulk"	RelError: 2.21286e-11	AbsError: 2.12872e+05
      Equation: "ElectronContinuityEquation"	RelError: 7.95395e-12	AbsError: 2.12834e+05
      Equation: "HoleContinuityEquation"	RelError: 1.34889e-11	AbsError: 3.87508e+01
      Equation: "PotentialEquation"	RelError: 6.85818e-13	AbsError: 6.82685e-15
    Region: "oxide"	RelError: 5.54000e-15	AbsError: 2.94888e-15
      Equation: "PotentialEquation"	RelError: 5.54000e-15	AbsError: 2.94888e-15
number of equations 6873
Iteration: 0
  Device: "part1_baseline"	RelError: 5.72883e-01	AbsError: 3.75902e+17
    Region: "bulk"	RelError: 5.45970e-01	AbsError: 3.75902e+17
      Equation: "ElectronContinuityEquation"	RelError: 1.39223e-01	AbsError: 3.75888e+17
      Equation: "HoleContinuityEquation"	RelError: 1.90964e-01	AbsError: 1.35076e+13
      Equation: "PotentialEquation"	RelError: 2.15783e-01	AbsError: 4.15085e-03
    Region: "oxide"	RelError: 2.69135e-02	AbsError: 2.00000e-02
      Equation: "PotentialEquation"	RelError: 2.69135e-02	AbsError: 2.00000e-02
Iteration: 1
  Device: "part1_baseline"	RelError: 4.07808e-02	AbsError: 1.18513e+16
    Region: "bulk"	RelError: 4.04506e-02	AbsError: 1.18513e+16
      Equation: "ElectronContinuityEquation"	RelError: 5.09777e-03	AbsError: 1.18504e+16
      Equation: "HoleContinuityEquation"	RelError: 2.09527e-02	AbsError: 9.22150e+11
      Equation: "PotentialEquation"	RelError: 1.44002e-02	AbsError: 1.75949e-04
    Region: "oxide"	RelError: 3.30191e-04	AbsError: 1.75949e-04
      Equation: "PotentialEquation"	RelError: 3.30191e-04	AbsError: 1.75949e-04
Iteration: 2
  Device: "part1_baseline"	RelError: 5.17900e-05	AbsError: 2.94357e+12
    Region: "bulk"	RelError: 5.17450e-05	AbsError: 2.94357e+12
      Equation: "ElectronContinuityEquation"	RelError: 6.27964e-06	AbsError: 2.94320e+12
      Equation: "HoleContinuityEquation"	RelError: 3.95293e-05	AbsError: 3.72479e+08
      Equation: "PotentialEquation"	RelError: 5.93599e-06	AbsError: 3.80438e-08
    Region: "oxide"	RelError: 4.50393e-08	AbsError: 2.39450e-08
      Equation: "PotentialEquation"	RelError: 4.50393e-08	AbsError: 2.39450e-08
Iteration: 3
  Device: "part1_baseline"	RelError: 1.27640e-11	AbsError: 1.43167e+05
    Region: "bulk"	RelError: 1.27605e-11	AbsError: 1.43167e+05
      Equation: "ElectronContinuityEquation"	RelError: 3.92176e-12	AbsError: 1.43145e+05
      Equation: "HoleContinuityEquation"	RelError: 8.38882e-12	AbsError: 2.18371e+01
      Equation: "PotentialEquation"	RelError: 4.49948e-13	AbsError: 4.50402e-15
    Region: "oxide"	RelError: 3.50773e-15	AbsError: 1.93092e-15
      Equation: "PotentialEquation"	RelError: 3.50773e-15	AbsError: 1.93092e-15
number of equations 6873
Iteration: 0
  Device: "part1_baseline"	RelError: 4.88323e-01	AbsError: 3.95426e+17
    Region: "bulk"	RelError: 4.62115e-01	AbsError: 3.95426e+17
      Equation: "ElectronContinuityEquation"	RelError: 1.29331e-01	AbsError: 3.95414e+17
      Equation: "HoleContinuityEquation"	RelError: 1.72408e-01	AbsError: 1.17238e+13
      Equation: "PotentialEquation"	RelError: 1.60376e-01	AbsError: 3.80683e-03
    Region: "oxide"	RelError: 2.62082e-02	AbsError: 2.00000e-02
      Equation: "PotentialEquation"	RelError: 2.62082e-02	AbsError: 2.00000e-02
Iteration: 1
  Device: "part1_baseline"	RelError: 3.27728e-02	AbsError: 1.11441e+16
    Region: "bulk"	RelError: 3.24863e-02	AbsError: 1.11441e+16
      Equation: "ElectronContinuityEquation"	RelError: 4.15686e-03	AbsError: 1.11433e+16
      Equation: "HoleContinuityEquation"	RelError: 1.77548e-02	AbsError: 7.56335e+11
      Equation: "PotentialEquation"	RelError: 1.05747e-02	AbsError: 1.53770e-04
    Region: "oxide"	RelError: 2.86500e-04	AbsError: 1.53770e-04
      Equation: "PotentialEquation"	RelError: 2.86500e-04	AbsError: 1.53770e-04
Iteration: 2
  Device: "part1_baseline"	RelError: 3.98899e-05	AbsError: 2.53153e+12
    Region: "bulk"	RelError: 3.98601e-05	AbsError: 2.53153e+12
      Equation: "ElectronContinuityEquation"	RelError: 4.50409e-06	AbsError: 2.53125e+12
      Equation: "HoleContinuityEquation"	RelError: 3.02586e-05	AbsError: 2.77670e+08
      Equation: "PotentialEquation"	RelError: 5.09738e-06	AbsError: 2.88098e-08
    Region: "oxide"	RelError: 2.98151e-08	AbsError: 1.59599e-08
      Equation: "PotentialEquation"	RelError: 2.98151e-08	AbsError: 1.59599e-08
Iteration: 3
  Device: "part1_baseline"	RelError: 7.55618e-12	AbsError: 9.24900e+04
    Region: "bulk"	RelError: 7.55390e-12	AbsError: 9.24900e+04
      Equation: "ElectronContinuityEquation"	RelError: 2.03915e-12	AbsError: 9.24763e+04
      Equation: "HoleContinuityEquation"	RelError: 5.17871e-12	AbsError: 1.37568e+01
      Equation: "PotentialEquation"	RelError: 3.36027e-13	AbsError: 3.01104e-15
    Region: "oxide"	RelError: 2.28647e-15	AbsError: 1.26627e-15
      Equation: "PotentialEquation"	RelError: 2.28647e-15	AbsError: 1.26627e-15
number of equations 6873
Iteration: 0
  Device: "part1_baseline"	RelError: 4.62157e-01	AbsError: 4.13728e+17
    Region: "bulk"	RelError: 4.36618e-01	AbsError: 4.13728e+17
      Equation: "ElectronContinuityEquation"	RelError: 1.20455e-01	AbsError: 4.13718e+17
      Equation: "HoleContinuityEquation"	RelError: 1.56644e-01	AbsError: 1.02585e+13
      Equation: "PotentialEquation"	RelError: 1.59519e-01	AbsError: 3.50589e-03
    Region: "oxide"	RelError: 2.55388e-02	AbsError: 2.00000e-02
      Equation: "PotentialEquation"	RelError: 2.55388e-02	AbsError: 2.00000e-02
Iteration: 1
  Device: "part1_baseline"	RelError: 2.88475e-02	AbsError: 1.04490e+16
    Region: "bulk"	RelError: 2.85974e-02	AbsError: 1.04490e+16
      Equation: "ElectronContinuityEquation"	RelError: 3.41151e-03	AbsError: 1.04484e+16
      Equation: "HoleContinuityEquation"	RelError: 1.51720e-02	AbsError: 6.26168e+11
      Equation: "PotentialEquation"	RelError: 1.00139e-02	AbsError: 1.35108e-04
    Region: "oxide"	RelError: 2.50086e-04	AbsError: 1.35108e-04
      Equation: "PotentialEquation"	RelError: 2.50086e-04	AbsError: 1.35108e-04
Iteration: 2
  Device: "part1_baseline"	RelError: 3.11653e-05	AbsError: 2.14788e+12
    Region: "bulk"	RelError: 3.11448e-05	AbsError: 2.14788e+12
      Equation: "ElectronContinuityEquation"	RelError: 3.28535e-06	AbsError: 2.14766e+12
      Equation: "HoleContinuityEquation"	RelError: 2.33632e-05	AbsError: 2.13252e+08
      Equation: "PotentialEquation"	RelError: 4.49624e-06	AbsError: 2.26214e-08
    Region: "oxide"	RelError: 2.04345e-08	AbsError: 1.10073e-08
      Equation: "PotentialEquation"	RelError: 2.04345e-08	AbsError: 1.10073e-08
Iteration: 3
  Device: "part1_baseline"	RelError: 4.56660e-12	AbsError: 5.79387e+04
    Region: "bulk"	RelError: 4.56514e-12	AbsError: 5.79387e+04
      Equation: "ElectronContinuityEquation"	RelError: 1.11302e-12	AbsError: 5.79296e+04
      Equation: "HoleContinuityEquation"	RelError: 3.19293e-12	AbsError: 9.13381e+00
      Equation: "PotentialEquation"	RelError: 2.59188e-13	AbsError: 2.01410e-15
    Region: "oxide"	RelError: 1.46442e-15	AbsError: 8.15561e-16
      Equation: "PotentialEquation"	RelError: 1.46442e-15	AbsError: 8.15561e-16
number of equations 6873
Iteration: 0
  Device: "part1_baseline"	RelError: 4.41278e-01	AbsError: 4.30847e+17
    Region: "bulk"	RelError: 4.16376e-01	AbsError: 4.30847e+17
      Equation: "ElectronContinuityEquation"	RelError: 1.12474e-01	AbsError: 4.30838e+17
      Equation: "HoleContinuityEquation"	RelError: 1.43128e-01	AbsError: 9.04363e+12
      Equation: "PotentialEquation"	RelError: 1.60774e-01	AbsError: 3.24126e-03
    Region: "oxide"	RelError: 2.49028e-02	AbsError: 2.00000e-02
      Equation: "PotentialEquation"	RelError: 2.49028e-02	AbsError: 2.00000e-02
Iteration: 1
  Device: "part1_baseline"	RelError: 2.56874e-02	AbsError: 9.76389e+15
    Region: "bulk"	RelError: 2.54679e-02	AbsError: 9.76389e+15
      Equation: "ElectronContinuityEquation"	RelError: 2.81934e-03	AbsError: 9.76336e+15
      Equation: "HoleContinuityEquation"	RelError: 1.30650e-02	AbsError: 5.22992e+11
      Equation: "PotentialEquation"	RelError: 9.58363e-03	AbsError: 1.19303e-04
    Region: "oxide"	RelError: 2.19513e-04	AbsError: 1.19303e-04
      Equation: "PotentialEquation"	RelError: 2.19513e-04	AbsError: 1.19303e-04
Iteration: 2
  Device: "part1_baseline"	RelError: 2.47030e-05	AbsError: 1.80547e+12
    Region: "bulk"	RelError: 2.46885e-05	AbsError: 1.80547e+12
      Equation: "ElectronContinuityEquation"	RelError: 2.43432e-06	AbsError: 1.80531e+12
      Equation: "HoleContinuityEquation"	RelError: 1.81963e-05	AbsError: 1.67755e+08
      Equation: "PotentialEquation"	RelError: 4.05781e-06	AbsError: 1.80620e-08
    Region: "oxide"	RelError: 1.44896e-08	AbsError: 7.86500e-09
      Equation: "PotentialEquation"	RelError: 1.44896e-08	AbsError: 7.86500e-09
Iteration: 3
  Device: "part1_baseline"	RelError: 2.80717e-12	AbsError: 3.54493e+04
    Region: "bulk"	RelError: 2.80625e-12	AbsError: 3.54493e+04
      Equation: "ElectronContinuityEquation"	RelError: 6.34456e-13	AbsError: 3.54431e+04
      Equation: "HoleContinuityEquation"	RelError: 1.96974e-12	AbsError: 6.19719e+00
      Equation: "PotentialEquation"	RelError: 2.02051e-13	AbsError: 1.34467e-15
    Region: "oxide"	RelError: 9.25390e-16	AbsError: 5.18051e-16
      Equation: "PotentialEquation"	RelError: 9.25390e-16	AbsError: 5.18051e-16
number of equations 6873
Iteration: 0
  Device: "part1_baseline"	RelError: 4.24659e-01	AbsError: 4.46835e+17
    Region: "bulk"	RelError: 4.00361e-01	AbsError: 4.46835e+17
      Equation: "ElectronContinuityEquation"	RelError: 1.05281e-01	AbsError: 4.46827e+17
      Equation: "HoleContinuityEquation"	RelError: 1.31443e-01	AbsError: 8.02751e+12
      Equation: "PotentialEquation"	RelError: 1.63637e-01	AbsError: 3.00739e-03
    Region: "oxide"	RelError: 2.42978e-02	AbsError: 2.00000e-02
      Equation: "PotentialEquation"	RelError: 2.42978e-02	AbsError: 2.00000e-02
Iteration: 1
  Device: "part1_baseline"	RelError: 2.31496e-02	AbsError: 9.10188e+15
    Region: "bulk"	RelError: 2.29559e-02	AbsError: 9.10188e+15
      Equation: "ElectronContinuityEquation"	RelError: 2.34837e-03	AbsError: 9.10144e+15
      Equation: "HoleContinuityEquation"	RelError: 1.13319e-02	AbsError: 4.40442e+11
      Equation: "PotentialEquation"	RelError: 9.27560e-03	AbsError: 1.05885e-04
    Region: "oxide"	RelError: 1.93672e-04	AbsError: 1.05885e-04
      Equation: "PotentialEquation"	RelError: 1.93672e-04	AbsError: 1.05885e-04
Iteration: 2
  Device: "part1_baseline"	RelError: 1.98611e-05	AbsError: 1.50856e+12
    Region: "bulk"	RelError: 1.98505e-05	AbsError: 1.50856e+12
      Equation: "ElectronContinuityEquation"	RelError: 1.83029e-06	AbsError: 1.50842e+12
      Equation: "HoleContinuityEquation"	RelError: 1.42839e-05	AbsError: 1.34517e+08
      Equation: "PotentialEquation"	RelError: 3.73628e-06	AbsError: 1.45880e-08
    Region: "oxide"	RelError: 1.06198e-08	AbsError: 5.80884e-09
      Equation: "PotentialEquation"	RelError: 1.06198e-08	AbsError: 5.80884e-09
Iteration: 3
  Device: "part1_baseline"	RelError: 1.83303e-12	AbsError: 2.13003e+04
    Region: "bulk"	RelError: 1.83245e-12	AbsError: 2.13003e+04
      Equation: "ElectronContinuityEquation"	RelError: 3.75751e-13	AbsError: 2.12960e+04
      Equation: "HoleContinuityEquation"	RelError: 1.29847e-12	AbsError: 4.24188e+00
      Equation: "PotentialEquation"	RelError: 1.58226e-13	AbsError: 8.96895e-16
    Region: "oxide"	RelError: 5.79158e-16	AbsError: 3.25797e-16
      Equation: "PotentialEquation"	RelError: 5.79158e-16	AbsError: 3.25797e-16
number of equations 6873
Iteration: 0
  Device: "part1_baseline"	RelError: 4.12114e-01	AbsError: 4.61754e+17
    Region: "bulk"	RelError: 3.88393e-01	AbsError: 4.61754e+17
      Equation: "ElectronContinuityEquation"	RelError: 9.87844e-02	AbsError: 4.61746e+17
      Equation: "HoleContinuityEquation"	RelError: 1.21268e-01	AbsError: 7.17066e+12
      Equation: "PotentialEquation"	RelError: 1.68341e-01	AbsError: 2.79977e-03
    Region: "oxide"	RelError: 2.37214e-02	AbsError: 2.00000e-02
      Equation: "PotentialEquation"	RelError: 2.37214e-02	AbsError: 2.00000e-02
Iteration: 1
  Device: "part1_baseline"	RelError: 2.11186e-02	AbsError: 8.47145e+15
    Region: "bulk"	RelError: 2.09469e-02	AbsError: 8.47145e+15
      Equation: "ElectronContinuityEquation"	RelError: 1.96744e-03	AbsError: 8.47108e+15
      Equation: "HoleContinuityEquation"	RelError: 9.89229e-03	AbsError: 3.73801e+11
      Equation: "PotentialEquation"	RelError: 9.08720e-03	AbsError: 9.43826e-05
    Region: "oxide"	RelError: 1.71696e-04	AbsError: 9.43826e-05
      Equation: "PotentialEquation"	RelError: 1.71696e-04	AbsError: 9.43826e-05
Iteration: 2
  Device: "part1_baseline"	RelError: 1.62066e-05	AbsError: 1.25616e+12
    Region: "bulk"	RelError: 1.61982e-05	AbsError: 1.25616e+12
      Equation: "ElectronContinuityEquation"	RelError: 1.39493e-06	AbsError: 1.25605e+12
      Equation: "HoleContinuityEquation"	RelError: 1.12995e-05	AbsError: 1.09529e+08
      Equation: "PotentialEquation"	RelError: 3.50377e-06	AbsError: 1.18975e-08
    Region: "oxide"	RelError: 8.33489e-09	AbsError: 4.68040e-09
      Equation: "PotentialEquation"	RelError: 8.33489e-09	AbsError: 4.68040e-09
Iteration: 3
  Device: "part1_baseline"	RelError: 1.21296e-12	AbsError: 1.26192e+04
    Region: "bulk"	RelError: 1.21260e-12	AbsError: 1.26192e+04
      Equation: "ElectronContinuityEquation"	RelError: 2.30088e-13	AbsError: 1.26163e+04
      Equation: "HoleContinuityEquation"	RelError: 8.58016e-13	AbsError: 2.91648e+00
      Equation: "PotentialEquation"	RelError: 1.24499e-13	AbsError: 5.98750e-16
    Region: "oxide"	RelError: 3.60158e-16	AbsError: 2.03519e-16
      Equation: "PotentialEquation"	RelError: 3.60158e-16	AbsError: 2.03519e-16
number of equations 6873
Iteration: 0
  Device: "part1_baseline"	RelError: 4.03694e-01	AbsError: 4.75668e+17
    Region: "bulk"	RelError: 3.80522e-01	AbsError: 4.75668e+17
      Equation: "ElectronContinuityEquation"	RelError: 9.29176e-02	AbsError: 4.75662e+17
      Equation: "HoleContinuityEquation"	RelError: 1.12349e-01	AbsError: 6.44258e+12
      Equation: "PotentialEquation"	RelError: 1.75255e-01	AbsError: 2.61464e-03
    Region: "oxide"	RelError: 2.31717e-02	AbsError: 2.00000e-02
      Equation: "PotentialEquation"	RelError: 2.31717e-02	AbsError: 2.00000e-02
Iteration: 1
  Device: "part1_baseline"	RelError: 1.95201e-02	AbsError: 7.87758e+15
    Region: "bulk"	RelError: 1.93672e-02	AbsError: 7.87758e+15
      Equation: "ElectronContinuityEquation"	RelError: 1.65775e-03	AbsError: 7.87726e+15
      Equation: "HoleContinuityEquation"	RelError: 8.68707e-03	AbsError: 3.19545e+11
      Equation: "PotentialEquation"	RelError: 9.02237e-03	AbsError: 8.44695e-05
    Region: "oxide"	RelError: 1.52900e-04	AbsError: 8.44695e-05
      Equation: "PotentialEquation"	RelError: 1.52900e-04	AbsError: 8.44695e-05
Iteration: 2
  Device: "part1_baseline"	RelError: 1.34339e-05	AbsError: 1.04455e+12
    Region: "bulk"	RelError: 1.34268e-05	AbsError: 1.04455e+12
      Equation: "ElectronContinuityEquation"	RelError: 1.07660e-06	AbsError: 1.04446e+12
      Equation: "HoleContinuityEquation"	RelError: 9.00616e-06	AbsError: 9.02940e+07
      Equation: "PotentialEquation"	RelError: 3.34408e-06	AbsError: 9.78558e-09
    Region: "oxide"	RelError: 7.05453e-09	AbsError: 4.00328e-09
      Equation: "PotentialEquation"	RelError: 7.05453e-09	AbsError: 4.00328e-09
Iteration: 3
  Device: "part1_baseline"	RelError: 8.12098e-13	AbsError: 7.93427e+03
    Region: "bulk"	RelError: 8.11875e-13	AbsError: 7.93427e+03
      Equation: "ElectronContinuityEquation"	RelError: 1.45047e-13	AbsError: 7.93224e+03
      Equation: "HoleContinuityEquation"	RelError: 5.68152e-13	AbsError: 2.02972e+00
      Equation: "PotentialEquation"	RelError: 9.86767e-14	AbsError: 4.00773e-16
    Region: "oxide"	RelError: 2.23124e-16	AbsError: 1.26618e-16
      Equation: "PotentialEquation"	RelError: 2.23124e-16	AbsError: 1.26618e-16
number of equations 6873
Iteration: 0
  Device: "part1_baseline"	RelError: 3.99700e-01	AbsError: 4.88646e+17
    Region: "bulk"	RelError: 3.77053e-01	AbsError: 4.88646e+17
      Equation: "ElectronContinuityEquation"	RelError: 8.76086e-02	AbsError: 4.88640e+17
      Equation: "HoleContinuityEquation"	RelError: 1.04483e-01	AbsError: 5.81947e+12
      Equation: "PotentialEquation"	RelError: 1.84961e-01	AbsError: 2.44891e-03
    Region: "oxide"	RelError: 2.26469e-02	AbsError: 2.00000e-02
      Equation: "PotentialEquation"	RelError: 2.26469e-02	AbsError: 2.00000e-02
Iteration: 1
  Device: "part1_baseline"	RelError: 1.83062e-02	AbsError: 7.32261e+15
    Region: "bulk"	RelError: 1.81695e-02	AbsError: 7.32261e+15
      Equation: "ElectronContinuityEquation"	RelError: 1.40465e-03	AbsError: 7.32233e+15
      Equation: "HoleContinuityEquation"	RelError: 7.67095e-03	AbsError: 2.75013e+11
      Equation: "PotentialEquation"	RelError: 9.09388e-03	AbsError: 7.58869e-05
    Region: "oxide"	RelError: 1.36739e-04	AbsError: 7.58869e-05
      Equation: "PotentialEquation"	RelError: 1.36739e-04	AbsError: 7.58869e-05
Iteration: 2
  Device: "part1_baseline"	RelError: 1.13271e-05	AbsError: 8.68752e+11
    Region: "bulk"	RelError: 1.13209e-05	AbsError: 8.68752e+11
      Equation: "ElectronContinuityEquation"	RelError: 8.40671e-07	AbsError: 8.68677e+11
      Equation: "HoleContinuityEquation"	RelError: 7.23083e-06	AbsError: 7.51978e+07
      Equation: "PotentialEquation"	RelError: 3.24945e-06	AbsError: 8.10905e-09
    Region: "oxide"	RelError: 6.12165e-09	AbsError: 3.48770e-09
      Equation: "PotentialEquation"	RelError: 6.12165e-09	AbsError: 3.48770e-09
Iteration: 3
  Device: "part1_baseline"	RelError: 5.50840e-13	AbsError: 5.63789e+03
    Region: "bulk"	RelError: 5.50702e-13	AbsError: 5.63789e+03
      Equation: "ElectronContinuityEquation"	RelError: 9.37839e-14	AbsError: 5.63647e+03
      Equation: "HoleContinuityEquation"	RelError: 3.77865e-13	AbsError: 1.41290e+00
      Equation: "PotentialEquation"	RelError: 7.90533e-14	AbsError: 2.69366e-16
    Region: "oxide"	RelError: 1.37987e-16	AbsError: 7.86155e-17
      Equation: "PotentialEquation"	RelError: 1.37987e-16	AbsError: 7.86155e-17
number of equations 6873
Iteration: 0
  Device: "part1_baseline"	RelError: 4.00802e-01	AbsError: 5.00754e+17
    Region: "bulk"	RelError: 3.78656e-01	AbsError: 5.00754e+17
      Equation: "ElectronContinuityEquation"	RelError: 8.27730e-02	AbsError: 5.00748e+17
      Equation: "HoleContinuityEquation"	RelError: 9.75083e-02	AbsError: 5.28263e+12
      Equation: "PotentialEquation"	RelError: 1.98375e-01	AbsError: 2.29995e-03
    Region: "oxide"	RelError: 2.21454e-02	AbsError: 2.00000e-02
      Equation: "PotentialEquation"	RelError: 2.21454e-02	AbsError: 2.00000e-02
Iteration: 1
  Device: "part1_baseline"	RelError: 1.74555e-02	AbsError: 6.80921e+15
    Region: "bulk"	RelError: 1.73327e-02	AbsError: 6.80921e+15
      Equation: "ElectronContinuityEquation"	RelError: 1.19670e-03	AbsError: 6.80897e+15
      Equation: "HoleContinuityEquation"	RelError: 6.80861e-03	AbsError: 2.38185e+11
      Equation: "PotentialEquation"	RelError: 9.32742e-03	AbsError: 6.84241e-05
    Region: "oxide"	RelError: 1.22776e-04	AbsError: 6.84241e-05
      Equation: "PotentialEquation"	RelError: 1.22776e-04	AbsError: 6.84241e-05
Iteration: 2
  Device: "part1_baseline"	RelError: 9.73486e-06	AbsError: 7.23582e+11
    Region: "bulk"	RelError: 9.72955e-06	AbsError: 7.23582e+11
      Equation: "ElectronContinuityEquation"	RelError: 6.63604e-07	AbsError: 7.23519e+11
      Equation: "HoleContinuityEquation"	RelError: 5.84655e-06	AbsError: 6.31611e+07
      Equation: "PotentialEquation"	RelError: 3.21940e-06	AbsError: 6.76531e-09
    Region: "oxide"	RelError: 5.30912e-09	AbsError: 3.03608e-09
      Equation: "PotentialEquation"	RelError: 5.30912e-09	AbsError: 3.03608e-09
Iteration: 3
  Device: "part1_baseline"	RelError: 3.79200e-13	AbsError: 3.99630e+03
    Region: "bulk"	RelError: 3.79115e-13	AbsError: 3.99630e+03
      Equation: "ElectronContinuityEquation"	RelError: 6.20002e-14	AbsError: 3.99531e+03
      Equation: "HoleContinuityEquation"	RelError: 2.52837e-13	AbsError: 9.83605e-01
      Equation: "PotentialEquation"	RelError: 6.42776e-14	AbsError: 1.82002e-16
    Region: "oxide"	RelError: 8.53162e-17	AbsError: 4.87890e-17
      Equation: "PotentialEquation"	RelError: 8.53162e-17	AbsError: 4.87890e-17
number of equations 6873
Iteration: 0
  Device: "part1_baseline"	RelError: 4.08318e-01	AbsError: 5.12055e+17
    Region: "bulk"	RelError: 3.86652e-01	AbsError: 5.12055e+17
      Equation: "ElectronContinuityEquation"	RelError: 7.83588e-02	AbsError: 5.12050e+17
      Equation: "HoleContinuityEquation"	RelError: 9.12919e-02	AbsError: 4.81723e+12
      Equation: "PotentialEquation"	RelError: 2.17001e-01	AbsError: 2.16559e-03
    Region: "oxide"	RelError: 2.16656e-02	AbsError: 2.00000e-02
      Equation: "PotentialEquation"	RelError: 2.16656e-02	AbsError: 2.00000e-02
Iteration: 1
  Device: "part1_baseline"	RelError: 1.69778e-02	AbsError: 6.34680e+15
    Region: "bulk"	RelError: 1.68671e-02	AbsError: 6.34680e+15
      Equation: "ElectronContinuityEquation"	RelError: 1.02493e-03	AbsError: 6.34659e+15
      Equation: "HoleContinuityEquation"	RelError: 6.07227e-03	AbsError: 2.07507e+11
      Equation: "PotentialEquation"	RelError: 9.76991e-03	AbsError: 6.19085e-05
    Region: "oxide"	RelError: 1.10654e-04	AbsError: 6.19085e-05
      Equation: "PotentialEquation"	RelError: 1.10654e-04	AbsError: 6.19085e-05
Iteration: 2
  Device: "part1_baseline"	RelError: 8.55483e-06	AbsError: 6.04111e+11
    Region: "bulk"	RelError: 8.55022e-06	AbsError: 6.04111e+11
      Equation: "ElectronContinuityEquation"	RelError: 5.29138e-07	AbsError: 6.04057e+11
      Equation: "HoleContinuityEquation"	RelError: 4.75952e-06	AbsError: 5.34386e+07
      Equation: "PotentialEquation"	RelError: 3.26156e-06	AbsError: 5.67923e-09
    Region: "oxide"	RelError: 4.60810e-09	AbsError: 2.64447e-09
      Equation: "PotentialEquation"	RelError: 4.60810e-09	AbsError: 2.64447e-09
Iteration: 3
  Device: "part1_baseline"	RelError: 2.65572e-13	AbsError: 2.83262e+03
    Region: "bulk"	RelError: 2.65519e-13	AbsError: 2.83262e+03
      Equation: "ElectronContinuityEquation"	RelError: 4.17992e-14	AbsError: 2.83194e+03
      Equation: "HoleContinuityEquation"	RelError: 1.70415e-13	AbsError: 6.85958e-01
      Equation: "PotentialEquation"	RelError: 5.33046e-14	AbsError: 1.23724e-16
    Region: "oxide"	RelError: 5.27958e-17	AbsError: 3.02981e-17
      Equation: "PotentialEquation"	RelError: 5.27958e-17	AbsError: 3.02981e-17
number of equations 6873
Iteration: 0
  Device: "part1_baseline"	RelError: 4.24697e-01	AbsError: 5.22611e+17
    Region: "bulk"	RelError: 4.03491e-01	AbsError: 5.22611e+17
      Equation: "ElectronContinuityEquation"	RelError: 7.43206e-02	AbsError: 5.22606e+17
      Equation: "HoleContinuityEquation"	RelError: 8.57255e-02	AbsError: 4.41139e+12
      Equation: "PotentialEquation"	RelError: 2.43445e-01	AbsError: 2.04397e-03
    Region: "oxide"	RelError: 2.12062e-02	AbsError: 2.00000e-02
      Equation: "PotentialEquation"	RelError: 2.12062e-02	AbsError: 2.00000e-02
Iteration: 1
  Device: "part1_baseline"	RelError: 1.69291e-02	AbsError: 5.91816e+15
    Region: "bulk"	RelError: 1.68291e-02	AbsError: 5.91816e+15
      Equation: "ElectronContinuityEquation"	RelError: 8.82292e-04	AbsError: 5.91798e+15
      Equation: "HoleContinuityEquation"	RelError: 5.43991e-03	AbsError: 1.81780e+11
      Equation: "PotentialEquation"	RelError: 1.05069e-02	AbsError: 5.61975e-05
    Region: "oxide"	RelError: 1.00085e-04	AbsError: 5.61975e-05
      Equation: "PotentialEquation"	RelError: 1.00085e-04	AbsError: 5.61975e-05
Iteration: 2
  Device: "part1_baseline"	RelError: 7.72547e-06	AbsError: 5.05934e+11
    Region: "bulk"	RelError: 7.72147e-06	AbsError: 5.05934e+11
      Equation: "ElectronContinuityEquation"	RelError: 4.25893e-07	AbsError: 5.05888e+11
      Equation: "HoleContinuityEquation"	RelError: 3.89999e-06	AbsError: 4.55003e+07
      Equation: "PotentialEquation"	RelError: 3.39558e-06	AbsError: 4.79814e-09
    Region: "oxide"	RelError: 4.00660e-09	AbsError: 2.30692e-09
      Equation: "PotentialEquation"	RelError: 4.00660e-09	AbsError: 2.30692e-09
Iteration: 3
  Device: "part1_baseline"	RelError: 1.89893e-13	AbsError: 2.01145e+03
    Region: "bulk"	RelError: 1.89861e-13	AbsError: 2.01145e+03
      Equation: "ElectronContinuityEquation"	RelError: 2.86755e-14	AbsError: 2.01097e+03
      Equation: "HoleContinuityEquation"	RelError: 1.15802e-13	AbsError: 4.79913e-01
      Equation: "PotentialEquation"	RelError: 4.53836e-14	AbsError: 8.46726e-17
    Region: "oxide"	RelError: 3.27250e-17	AbsError: 1.88424e-17
      Equation: "PotentialEquation"	RelError: 3.27250e-17	AbsError: 1.88424e-17
number of equations 6873
Iteration: 0
  Device: "part1_baseline"	RelError: 4.54700e-01	AbsError: 5.32479e+17
    Region: "bulk"	RelError: 4.33934e-01	AbsError: 5.32479e+17
      Equation: "ElectronContinuityEquation"	RelError: 7.06179e-02	AbsError: 5.32475e+17
      Equation: "HoleContinuityEquation"	RelError: 8.07225e-02	AbsError: 4.05556e+12
      Equation: "PotentialEquation"	RelError: 2.82593e-01	AbsError: 1.93359e-03
    Region: "oxide"	RelError: 2.07658e-02	AbsError: 2.00000e-02
      Equation: "PotentialEquation"	RelError: 2.07658e-02	AbsError: 2.00000e-02
Iteration: 1
  Device: "part1_baseline"	RelError: 1.74508e-02	AbsError: 5.52191e+15
    Region: "bulk"	RelError: 1.73600e-02	AbsError: 5.52191e+15
      Equation: "ElectronContinuityEquation"	RelError: 7.63237e-04	AbsError: 5.52175e+15
      Equation: "HoleContinuityEquation"	RelError: 4.89436e-03	AbsError: 1.60066e+11
      Equation: "PotentialEquation"	RelError: 1.17024e-02	AbsError: 5.11821e-05
    Region: "oxide"	RelError: 9.08313e-05	AbsError: 5.11821e-05
      Equation: "PotentialEquation"	RelError: 9.08313e-05	AbsError: 5.11821e-05
Iteration: 2
  Device: "part1_baseline"	RelError: 7.22873e-06	AbsError: 4.25257e+11
    Region: "bulk"	RelError: 7.22524e-06	AbsError: 4.25257e+11
      Equation: "ElectronContinuityEquation"	RelError: 3.46055e-07	AbsError: 4.25218e+11
      Equation: "HoleContinuityEquation"	RelError: 3.21579e-06	AbsError: 3.89601e+07
      Equation: "PotentialEquation"	RelError: 3.66340e-06	AbsError: 4.07959e-09
    Region: "oxide"	RelError: 3.49188e-09	AbsError: 2.01688e-09
      Equation: "PotentialEquation"	RelError: 3.49188e-09	AbsError: 2.01688e-09
Iteration: 3
  Device: "part1_baseline"	RelError: 1.39435e-13	AbsError: 1.43290e+03
    Region: "bulk"	RelError: 1.39415e-13	AbsError: 1.43290e+03
      Equation: "ElectronContinuityEquation"	RelError: 1.99821e-14	AbsError: 1.43257e+03
      Equation: "HoleContinuityEquation"	RelError: 7.93820e-14	AbsError: 3.38558e-01
      Equation: "PotentialEquation"	RelError: 4.00506e-14	AbsError: 5.83586e-17
    Region: "oxide"	RelError: 2.03279e-17	AbsError: 1.17412e-17
      Equation: "PotentialEquation"	RelError: 2.03279e-17	AbsError: 1.17412e-17
number of equations 6873
Iteration: 0
  Device: "part1_baseline"	RelError: 5.08532e-01	AbsError: 5.41713e+17
    Region: "bulk"	RelError: 4.88189e-01	AbsError: 5.41713e+17
      Equation: "ElectronContinuityEquation"	RelError: 6.72156e-02	AbsError: 5.41709e+17
      Equation: "HoleContinuityEquation"	RelError: 7.62167e-02	AbsError: 3.74198e+12
      Equation: "PotentialEquation"	RelError: 3.44757e-01	AbsError: 1.83331e-03
    Region: "oxide"	RelError: 2.03434e-02	AbsError: 2.00000e-02
      Equation: "PotentialEquation"	RelError: 2.03434e-02	AbsError: 2.00000e-02
Iteration: 1
  Device: "part1_baseline"	RelError: 1.88724e-02	AbsError: 5.15625e+15
    Region: "bulk"	RelError: 1.87897e-02	AbsError: 5.15625e+15
      Equation: "ElectronContinuityEquation"	RelError: 6.63356e-04	AbsError: 5.15611e+15
      Equation: "HoleContinuityEquation"	RelError: 4.42107e-03	AbsError: 1.41629e+11
      Equation: "PotentialEquation"	RelError: 1.37053e-02	AbsError: 4.67528e-05
    Region: "oxide"	RelError: 8.26973e-05	AbsError: 4.67528e-05
      Equation: "PotentialEquation"	RelError: 8.26973e-05	AbsError: 4.67528e-05
Iteration: 2
  Device: "part1_baseline"	RelError: 7.11185e-06	AbsError: 3.58885e+11
    Region: "bulk"	RelError: 7.10880e-06	AbsError: 3.58885e+11
      Equation: "ElectronContinuityEquation"	RelError: 2.83562e-07	AbsError: 3.58852e+11
      Equation: "HoleContinuityEquation"	RelError: 2.66759e-06	AbsError: 3.35297e+07
      Equation: "PotentialEquation"	RelError: 4.15765e-06	AbsError: 3.48568e-09
    Region: "oxide"	RelError: 3.05178e-09	AbsError: 1.76792e-09
      Equation: "PotentialEquation"	RelError: 3.05178e-09	AbsError: 1.76792e-09
Iteration: 3
  Device: "part1_baseline"	RelError: 1.06274e-13	AbsError: 1.02509e+03
    Region: "bulk"	RelError: 1.06262e-13	AbsError: 1.02509e+03
      Equation: "ElectronContinuityEquation"	RelError: 1.41223e-14	AbsError: 1.02485e+03
      Equation: "HoleContinuityEquation"	RelError: 5.49161e-14	AbsError: 2.41791e-01
      Equation: "PotentialEquation"	RelError: 3.72231e-14	AbsError: 4.05187e-17
    Region: "oxide"	RelError: 1.26592e-17	AbsError: 7.33357e-18
      Equation: "PotentialEquation"	RelError: 1.26592e-17	AbsError: 7.33357e-18
number of equations 6873
Iteration: 0
  Device: "part1_baseline"	RelError: 6.12124e-01	AbsError: 5.50363e+17
    Region: "bulk"	RelError: 5.92186e-01	AbsError: 5.50363e+17
      Equation: "ElectronContinuityEquation"	RelError: 6.40825e-02	AbsError: 5.50359e+17
      Equation: "HoleContinuityEquation"	RelError: 7.21321e-02	AbsError: 3.46431e+12
      Equation: "PotentialEquation"	RelError: 4.55971e-01	AbsError: 1.74167e-03
    Region: "oxide"	RelError: 1.99378e-02	AbsError: 2.00000e-02
      Equation: "PotentialEquation"	RelError: 1.99378e-02	AbsError: 2.00000e-02
Iteration: 1
  Device: "part1_baseline"	RelError: 2.20565e-02	AbsError: 4.81924e+15
    Region: "bulk"	RelError: 2.19810e-02	AbsError: 4.81924e+15
      Equation: "ElectronContinuityEquation"	RelError: 5.79146e-04	AbsError: 4.81912e+15
      Equation: "HoleContinuityEquation"	RelError: 4.00837e-03	AbsError: 1.25884e+11
      Equation: "PotentialEquation"	RelError: 1.73935e-02	AbsError: 4.28265e-05
    Region: "oxide"	RelError: 7.55202e-05	AbsError: 4.28265e-05
      Equation: "PotentialEquation"	RelError: 7.55202e-05	AbsError: 4.28265e-05
Iteration: 2
  Device: "part1_baseline"	RelError: 7.57723e-06	AbsError: 3.04172e+11
    Region: "bulk"	RelError: 7.57455e-06	AbsError: 3.04172e+11
      Equation: "ElectronContinuityEquation"	RelError: 2.34126e-07	AbsError: 3.04143e+11
      Equation: "HoleContinuityEquation"	RelError: 2.22559e-06	AbsError: 2.89903e+07
      Equation: "PotentialEquation"	RelError: 5.11484e-06	AbsError: 2.99202e-09
    Region: "oxide"	RelError: 2.67524e-09	AbsError: 1.55418e-09
      Equation: "PotentialEquation"	RelError: 2.67524e-09	AbsError: 1.55418e-09
Iteration: 3
  Device: "part1_baseline"	RelError: 8.60343e-14	AbsError: 7.37003e+02
    Region: "bulk"	RelError: 8.60264e-14	AbsError: 7.37003e+02
      Equation: "ElectronContinuityEquation"	RelError: 1.01102e-14	AbsError: 7.36829e+02
      Equation: "HoleContinuityEquation"	RelError: 3.83484e-14	AbsError: 1.73882e-01
      Equation: "PotentialEquation"	RelError: 3.75679e-14	AbsError: 2.83431e-17
    Region: "oxide"	RelError: 7.90586e-18	AbsError: 4.59289e-18
      Equation: "PotentialEquation"	RelError: 7.90586e-18	AbsError: 4.59289e-18
number of equations 6873
Iteration: 0
  Device: "part1_baseline"	RelError: 8.55441e-01	AbsError: 5.58474e+17
    Region: "bulk"	RelError: 8.35893e-01	AbsError: 5.58474e+17
      Equation: "ElectronContinuityEquation"	RelError: 6.11912e-02	AbsError: 5.58471e+17
      Equation: "HoleContinuityEquation"	RelError: 6.84206e-02	AbsError: 3.21733e+12
      Equation: "PotentialEquation"	RelError: 7.06282e-01	AbsError: 1.65779e-03
    Region: "oxide"	RelError: 1.95480e-02	AbsError: 2.00000e-02
      Equation: "PotentialEquation"	RelError: 1.95480e-02	AbsError: 2.00000e-02
Iteration: 1
  Device: "part1_baseline"	RelError: 2.99839e-02	AbsError: 4.50884e+15
    Region: "bulk"	RelError: 2.99147e-02	AbsError: 4.50884e+15
      Equation: "ElectronContinuityEquation"	RelError: 5.07805e-04	AbsError: 4.50873e+15
      Equation: "HoleContinuityEquation"	RelError: 3.64686e-03	AbsError: 1.12368e+11
      Equation: "PotentialEquation"	RelError: 2.57601e-02	AbsError: 3.93349e-05
    Region: "oxide"	RelError: 6.91648e-05	AbsError: 3.93349e-05
      Equation: "PotentialEquation"	RelError: 6.91648e-05	AbsError: 3.93349e-05
Iteration: 2
  Device: "part1_baseline"	RelError: 9.40899e-06	AbsError: 2.58950e+11
    Region: "bulk"	RelError: 9.40663e-06	AbsError: 2.58950e+11
      Equation: "ElectronContinuityEquation"	RelError: 1.94686e-07	AbsError: 2.58925e+11
      Equation: "HoleContinuityEquation"	RelError: 1.86706e-06	AbsError: 2.51731e+07
      Equation: "PotentialEquation"	RelError: 7.34489e-06	AbsError: 2.57952e-09
    Region: "oxide"	RelError: 2.35261e-09	AbsError: 1.37042e-09
      Equation: "PotentialEquation"	RelError: 2.35261e-09	AbsError: 1.37042e-09
Iteration: 3
  Device: "part1_baseline"	RelError: 7.87226e-14	AbsError: 5.32817e+02
    Region: "bulk"	RelError: 7.87177e-14	AbsError: 5.32817e+02
      Equation: "ElectronContinuityEquation"	RelError: 7.32387e-15	AbsError: 5.32691e+02
      Equation: "HoleContinuityEquation"	RelError: 2.70337e-14	AbsError: 1.25932e-01
      Equation: "PotentialEquation"	RelError: 4.43601e-14	AbsError: 1.99757e-17
    Region: "oxide"	RelError: 4.95301e-18	AbsError: 2.88518e-18
      Equation: "PotentialEquation"	RelError: 4.95301e-18	AbsError: 2.88518e-18
number of equations 6873
Iteration: 0
  Device: "part1_baseline"	RelError: 1.90163e+00	AbsError: 5.66089e+17
    Region: "bulk"	RelError: 1.88246e+00	AbsError: 5.66089e+17
      Equation: "ElectronContinuityEquation"	RelError: 5.85175e-02	AbsError: 5.66086e+17
      Equation: "HoleContinuityEquation"	RelError: 6.50428e-02	AbsError: 2.99672e+12
      Equation: "PotentialEquation"	RelError: 1.75890e+00	AbsError: 1.58095e-03
    Region: "oxide"	RelError: 1.91732e-02	AbsError: 2.00000e-02
      Equation: "PotentialEquation"	RelError: 1.91732e-02	AbsError: 2.00000e-02
Iteration: 1
  Device: "part1_baseline"	RelError: 6.36150e-02	AbsError: 4.22301e+15
    Region: "bulk"	RelError: 6.35515e-02	AbsError: 4.22301e+15
      Equation: "ElectronContinuityEquation"	RelError: 4.47085e-04	AbsError: 4.22291e+15
      Equation: "HoleContinuityEquation"	RelError: 3.32883e-03	AbsError: 1.00704e+11
      Equation: "PotentialEquation"	RelError: 5.97755e-02	AbsError: 3.62201e-05
    Region: "oxide"	RelError: 6.35192e-05	AbsError: 3.62201e-05
      Equation: "PotentialEquation"	RelError: 6.35192e-05	AbsError: 3.62201e-05
Iteration: 2
  Device: "part1_baseline"	RelError: 1.82687e-05	AbsError: 2.21452e+11
    Region: "bulk"	RelError: 1.82666e-05	AbsError: 2.21452e+11
      Equation: "ElectronContinuityEquation"	RelError: 1.62971e-07	AbsError: 2.21430e+11
      Equation: "HoleContinuityEquation"	RelError: 1.57453e-06	AbsError: 2.19459e+07
      Equation: "PotentialEquation"	RelError: 1.65291e-05	AbsError: 2.23313e-09
    Region: "oxide"	RelError: 2.07556e-09	AbsError: 1.21213e-09
      Equation: "PotentialEquation"	RelError: 2.07556e-09	AbsError: 1.21213e-09
Iteration: 3
  Device: "part1_baseline"	RelError: 1.06916e-13	AbsError: 3.87483e+02
    Region: "bulk"	RelError: 1.06913e-13	AbsError: 3.87483e+02
      Equation: "ElectronContinuityEquation"	RelError: 5.36350e-15	AbsError: 3.87391e+02
      Equation: "HoleContinuityEquation"	RelError: 1.92386e-14	AbsError: 9.18608e-02
      Equation: "PotentialEquation"	RelError: 8.23111e-14	AbsError: 1.42015e-17
    Region: "oxide"	RelError: 3.11486e-18	AbsError: 1.81908e-18
      Equation: "PotentialEquation"	RelError: 3.11486e-18	AbsError: 1.81908e-18
number of equations 6873
Iteration: 0
  Device: "part1_baseline"	RelError: 1.04167e+01	AbsError: 5.73246e+17
    Region: "bulk"	RelError: 1.03979e+01	AbsError: 5.73246e+17
      Equation: "ElectronContinuityEquation"	RelError: 5.60401e-02	AbsError: 5.73243e+17
      Equation: "HoleContinuityEquation"	RelError: 6.19493e-02	AbsError: 2.79888e+12
      Equation: "PotentialEquation"	RelError: 1.02799e+01	AbsError: 1.51014e-03
    Region: "oxide"	RelError: 1.88125e-02	AbsError: 2.00000e-02
      Equation: "PotentialEquation"	RelError: 1.88125e-02	AbsError: 2.00000e-02
Iteration: 1
  Device: "part1_baseline"	RelError: 5.20240e-01	AbsError: 3.95979e+15
    Region: "bulk"	RelError: 5.20182e-01	AbsError: 3.95979e+15
      Equation: "ElectronContinuityEquation"	RelError: 3.95171e-04	AbsError: 3.95970e+15
      Equation: "HoleContinuityEquation"	RelError: 3.04792e-03	AbsError: 9.05921e+10
      Equation: "PotentialEquation"	RelError: 5.16739e-01	AbsError: 3.34332e-05
    Region: "oxide"	RelError: 5.84932e-05	AbsError: 3.34332e-05
      Equation: "PotentialEquation"	RelError: 5.84932e-05	AbsError: 3.34332e-05
Iteration: 2
  Device: "part1_baseline"	RelError: 1.09574e-04	AbsError: 1.90250e+11
    Region: "bulk"	RelError: 1.09572e-04	AbsError: 1.90250e+11
      Equation: "ElectronContinuityEquation"	RelError: 1.37274e-07	AbsError: 1.90231e+11
      Equation: "HoleContinuityEquation"	RelError: 1.33450e-06	AbsError: 1.92042e+07
      Equation: "PotentialEquation"	RelError: 1.08100e-04	AbsError: 1.94090e-09
    Region: "oxide"	RelError: 1.83703e-09	AbsError: 1.07545e-09
      Equation: "PotentialEquation"	RelError: 1.83703e-09	AbsError: 1.07545e-09
Iteration: 3
  Device: "part1_baseline"	RelError: 4.52038e-13	AbsError: 2.83533e+02
    Region: "bulk"	RelError: 4.52036e-13	AbsError: 2.83533e+02
      Equation: "ElectronContinuityEquation"	RelError: 3.96773e-15	AbsError: 2.83465e+02
      Equation: "HoleContinuityEquation"	RelError: 1.38202e-14	AbsError: 6.74904e-02
      Equation: "PotentialEquation"	RelError: 4.34248e-13	AbsError: 1.01852e-17
    Region: "oxide"	RelError: 2.33515e-18	AbsError: 1.31712e-18
      Equation: "PotentialEquation"	RelError: 2.33515e-18	AbsError: 1.31712e-18
number of equations 6873
Iteration: 0
  Device: "part1_baseline"	RelError: 1.06712e+00	AbsError: 5.79981e+17
    Region: "bulk"	RelError: 1.04865e+00	AbsError: 5.79981e+17
      Equation: "ElectronContinuityEquation"	RelError: 5.37400e-02	AbsError: 5.79978e+17
      Equation: "HoleContinuityEquation"	RelError: 5.91207e-02	AbsError: 2.62175e+12
      Equation: "PotentialEquation"	RelError: 9.35793e-01	AbsError: 1.44504e-03
    Region: "oxide"	RelError: 1.84652e-02	AbsError: 2.00000e-02
      Equation: "PotentialEquation"	RelError: 1.84652e-02	AbsError: 2.00000e-02
Iteration: 1
  Device: "part1_baseline"	RelError: 3.40684e-02	AbsError: 3.71731e+15
    Region: "bulk"	RelError: 3.40145e-02	AbsError: 3.71731e+15
      Equation: "ElectronContinuityEquation"	RelError: 3.60699e-04	AbsError: 3.71722e+15
      Equation: "HoleContinuityEquation"	RelError: 2.79918e-03	AbsError: 8.17847e+10
      Equation: "PotentialEquation"	RelError: 3.08546e-02	AbsError: 3.09325e-05
    Region: "oxide"	RelError: 5.39979e-05	AbsError: 3.09325e-05
      Equation: "PotentialEquation"	RelError: 5.39979e-05	AbsError: 3.09325e-05
Iteration: 2
  Device: "part1_baseline"	RelError: 8.00309e-06	AbsError: 1.64187e+11
    Region: "bulk"	RelError: 8.00146e-06	AbsError: 1.64187e+11
      Equation: "ElectronContinuityEquation"	RelError: 1.16308e-07	AbsError: 1.64170e+11
      Equation: "HoleContinuityEquation"	RelError: 1.13650e-06	AbsError: 1.68645e+07
      Equation: "PotentialEquation"	RelError: 6.74865e-06	AbsError: 1.69327e-09
    Region: "oxide"	RelError: 1.63105e-09	AbsError: 9.57093e-10
      Equation: "PotentialEquation"	RelError: 1.63105e-09	AbsError: 9.57093e-10
Iteration: 3
  Device: "part1_baseline"	RelError: 3.60440e-14	AbsError: 2.08783e+02
    Region: "bulk"	RelError: 3.60422e-14	AbsError: 2.08783e+02
      Equation: "ElectronContinuityEquation"	RelError: 2.96293e-15	AbsError: 2.08734e+02
      Equation: "HoleContinuityEquation"	RelError: 1.00201e-14	AbsError: 4.99424e-02
      Equation: "PotentialEquation"	RelError: 2.30592e-14	AbsError: 7.35912e-18
    Region: "oxide"	RelError: 1.75827e-18	AbsError: 9.94217e-19
      Equation: "PotentialEquation"	RelError: 1.75827e-18	AbsError: 9.94217e-19
number of equations 6873
Iteration: 0
  Device: "part1_baseline"	RelError: 6.01031e-01	AbsError: 5.86326e+17
    Region: "bulk"	RelError: 5.82901e-01	AbsError: 5.86326e+17
      Equation: "ElectronContinuityEquation"	RelError: 5.16005e-02	AbsError: 5.86323e+17
      Equation: "HoleContinuityEquation"	RelError: 5.65157e-02	AbsError: 2.46223e+12
      Equation: "PotentialEquation"	RelError: 4.74785e-01	AbsError: 1.38477e-03
    Region: "oxide"	RelError: 1.81304e-02	AbsError: 2.00000e-02
      Equation: "PotentialEquation"	RelError: 1.81304e-02	AbsError: 2.00000e-02
Iteration: 1
  Device: "part1_baseline"	RelError: 1.78532e-02	AbsError: 3.49380e+15
    Region: "bulk"	RelError: 1.78033e-02	AbsError: 3.49380e+15
      Equation: "ElectronContinuityEquation"	RelError: 3.36690e-04	AbsError: 3.49373e+15
      Equation: "HoleContinuityEquation"	RelError: 2.57806e-03	AbsError: 7.40809e+10
      Equation: "PotentialEquation"	RelError: 1.48885e-02	AbsError: 2.86824e-05
    Region: "oxide"	RelError: 4.99651e-05	AbsError: 2.86824e-05
      Equation: "PotentialEquation"	RelError: 4.99651e-05	AbsError: 2.86824e-05
Iteration: 2
  Device: "part1_baseline"	RelError: 4.57133e-06	AbsError: 1.42329e+11
    Region: "bulk"	RelError: 4.56987e-06	AbsError: 1.42329e+11
      Equation: "ElectronContinuityEquation"	RelError: 9.90881e-08	AbsError: 1.42315e+11
      Equation: "HoleContinuityEquation"	RelError: 9.72306e-07	AbsError: 1.48594e+07
      Equation: "PotentialEquation"	RelError: 3.49848e-06	AbsError: 1.48255e-09
    Region: "oxide"	RelError: 1.45265e-09	AbsError: 8.54311e-10
      Equation: "PotentialEquation"	RelError: 1.45265e-09	AbsError: 8.54311e-10
Iteration: 3
  Device: "part1_baseline"	RelError: 1.95148e-14	AbsError: 1.54726e+02
    Region: "bulk"	RelError: 1.95135e-14	AbsError: 1.54726e+02
      Equation: "ElectronContinuityEquation"	RelError: 2.23216e-15	AbsError: 1.54689e+02
      Equation: "HoleContinuityEquation"	RelError: 7.33089e-15	AbsError: 3.72171e-02
      Equation: "PotentialEquation"	RelError: 9.95045e-15	AbsError: 5.35604e-18
    Region: "oxide"	RelError: 1.32522e-18	AbsError: 7.51840e-19
      Equation: "PotentialEquation"	RelError: 1.32522e-18	AbsError: 7.51840e-19
number of equations 6873
Iteration: 0
  Device: "part1_baseline"	RelError: 4.33092e-01	AbsError: 5.92310e+17
    Region: "bulk"	RelError: 4.15285e-01	AbsError: 5.92310e+17
      Equation: "ElectronContinuityEquation"	RelError: 4.96068e-02	AbsError: 5.92308e+17
      Equation: "HoleContinuityEquation"	RelError: 5.41194e-02	AbsError: 2.31763e+12
      Equation: "PotentialEquation"	RelError: 3.11559e-01	AbsError: 1.32907e-03
    Region: "oxide"	RelError: 1.78075e-02	AbsError: 2.00000e-02
      Equation: "PotentialEquation"	RelError: 1.78075e-02	AbsError: 2.00000e-02
Iteration: 1
  Device: "part1_baseline"	RelError: 1.21373e-02	AbsError: 3.28764e+15
    Region: "bulk"	RelError: 1.20910e-02	AbsError: 3.28764e+15
      Equation: "ElectronContinuityEquation"	RelError: 3.14601e-04	AbsError: 3.28757e+15
      Equation: "HoleContinuityEquation"	RelError: 2.38056e-03	AbsError: 6.73150e+10
      Equation: "PotentialEquation"	RelError: 9.39583e-03	AbsError: 2.66522e-05
    Region: "oxide"	RelError: 4.63367e-05	AbsError: 2.66522e-05
      Equation: "PotentialEquation"	RelError: 4.63367e-05	AbsError: 2.66522e-05
Iteration: 2
  Device: "part1_baseline"	RelError: 3.14851e-06	AbsError: 1.23924e+11
    Region: "bulk"	RelError: 3.14722e-06	AbsError: 1.23924e+11
      Equation: "ElectronContinuityEquation"	RelError: 8.48558e-08	AbsError: 1.23910e+11
      Equation: "HoleContinuityEquation"	RelError: 8.35473e-07	AbsError: 1.31344e+07
      Equation: "PotentialEquation"	RelError: 2.22689e-06	AbsError: 1.30251e-09
    Region: "oxide"	RelError: 1.29764e-09	AbsError: 7.64779e-10
      Equation: "PotentialEquation"	RelError: 1.29764e-09	AbsError: 7.64779e-10
Iteration: 3
  Device: "part1_baseline"	RelError: 1.23992e-14	AbsError: 1.15402e+02
    Region: "bulk"	RelError: 1.23982e-14	AbsError: 1.15402e+02
      Equation: "ElectronContinuityEquation"	RelError: 1.69556e-15	AbsError: 1.15374e+02
      Equation: "HoleContinuityEquation"	RelError: 5.41098e-15	AbsError: 2.79342e-02
      Equation: "PotentialEquation"	RelError: 5.29167e-15	AbsError: 3.92673e-18
    Region: "oxide"	RelError: 9.97728e-19	AbsError: 5.68108e-19
      Equation: "PotentialEquation"	RelError: 9.97728e-19	AbsError: 5.68108e-19
number of equations 6873
Iteration: 0
  Device: "part1_baseline"	RelError: 3.45532e-01	AbsError: 5.97961e+17
    Region: "bulk"	RelError: 3.28036e-01	AbsError: 5.97961e+17
      Equation: "ElectronContinuityEquation"	RelError: 4.77456e-02	AbsError: 5.97959e+17
      Equation: "HoleContinuityEquation"	RelError: 5.19028e-02	AbsError: 2.18613e+12
      Equation: "PotentialEquation"	RelError: 2.28388e-01	AbsError: 1.27732e-03
    Region: "oxide"	RelError: 1.74960e-02	AbsError: 2.00000e-02
      Equation: "PotentialEquation"	RelError: 1.74960e-02	AbsError: 2.00000e-02
Iteration: 1
  Device: "part1_baseline"	RelError: 9.18860e-03	AbsError: 3.09732e+15
    Region: "bulk"	RelError: 9.14554e-03	AbsError: 3.09732e+15
      Equation: "ElectronContinuityEquation"	RelError: 2.94282e-04	AbsError: 3.09726e+15
      Equation: "HoleContinuityEquation"	RelError: 2.20358e-03	AbsError: 6.13498e+10
      Equation: "PotentialEquation"	RelError: 6.64768e-03	AbsError: 2.48158e-05
    Region: "oxide"	RelError: 4.30633e-05	AbsError: 2.48158e-05
      Equation: "PotentialEquation"	RelError: 4.30633e-05	AbsError: 2.48158e-05
Iteration: 2
  Device: "part1_baseline"	RelError: 2.35628e-06	AbsError: 1.08360e+11
    Region: "bulk"	RelError: 2.35512e-06	AbsError: 1.08360e+11
      Equation: "ElectronContinuityEquation"	RelError: 7.30234e-08	AbsError: 1.08348e+11
      Equation: "HoleContinuityEquation"	RelError: 7.20896e-07	AbsError: 1.16449e+07
      Equation: "PotentialEquation"	RelError: 1.56120e-06	AbsError: 1.14809e-09
    Region: "oxide"	RelError: 1.16252e-09	AbsError: 6.86550e-10
      Equation: "PotentialEquation"	RelError: 1.16252e-09	AbsError: 6.86550e-10
Iteration: 3
  Device: "part1_baseline"	RelError: 8.43703e-15	AbsError: 8.66228e+01
    Region: "bulk"	RelError: 8.43628e-15	AbsError: 8.66228e+01
      Equation: "ElectronContinuityEquation"	RelError: 1.29804e-15	AbsError: 8.66017e+01
      Equation: "HoleContinuityEquation"	RelError: 4.02828e-15	AbsError: 2.11073e-02
      Equation: "PotentialEquation"	RelError: 3.10996e-15	AbsError: 2.89914e-18
    Region: "oxide"	RelError: 7.52541e-19	AbsError: 4.29776e-19
      Equation: "PotentialEquation"	RelError: 7.52541e-19	AbsError: 4.29776e-19
number of equations 6873
Iteration: 0
  Device: "part1_baseline"	RelError: 3.14649e-01	AbsError: 6.03303e+17
    Region: "bulk"	RelError: 2.97454e-01	AbsError: 6.03303e+17
      Equation: "ElectronContinuityEquation"	RelError: 4.60051e-02	AbsError: 6.03301e+17
      Equation: "HoleContinuityEquation"	RelError: 4.98529e-02	AbsError: 2.06621e+12
      Equation: "PotentialEquation"	RelError: 2.01596e-01	AbsError: 1.22927e-03
    Region: "oxide"	RelError: 1.71951e-02	AbsError: 2.00000e-02
      Equation: "PotentialEquation"	RelError: 1.71951e-02	AbsError: 2.00000e-02
Iteration: 1
  Device: "part1_baseline"	RelError: 8.45079e-03	AbsError: 2.92145e+15
    Region: "bulk"	RelError: 8.41068e-03	AbsError: 2.92145e+15
      Equation: "ElectronContinuityEquation"	RelError: 2.75588e-04	AbsError: 2.92140e+15
      Equation: "HoleContinuityEquation"	RelError: 2.04499e-03	AbsError: 5.60714e+10
      Equation: "PotentialEquation"	RelError: 6.09010e-03	AbsError: 2.31506e-05
    Region: "oxide"	RelError: 4.01056e-05	AbsError: 2.31506e-05
      Equation: "PotentialEquation"	RelError: 4.01056e-05	AbsError: 2.31506e-05
Iteration: 2
  Device: "part1_baseline"	RelError: 2.22212e-06	AbsError: 9.51436e+10
    Region: "bulk"	RelError: 2.22108e-06	AbsError: 9.51436e+10
      Equation: "ElectronContinuityEquation"	RelError: 6.31311e-08	AbsError: 9.51333e+10
      Equation: "HoleContinuityEquation"	RelError: 6.24515e-07	AbsError: 1.03542e+07
      Equation: "PotentialEquation"	RelError: 1.53343e-06	AbsError: 1.01516e-09
    Region: "oxide"	RelError: 1.04436e-09	AbsError: 6.17987e-10
      Equation: "PotentialEquation"	RelError: 1.04436e-09	AbsError: 6.17987e-10
Iteration: 3
  Device: "part1_baseline"	RelError: 6.44703e-15	AbsError: 6.54317e+01
    Region: "bulk"	RelError: 6.44646e-15	AbsError: 6.54317e+01
      Equation: "ElectronContinuityEquation"	RelError: 1.00102e-15	AbsError: 6.54157e+01
      Equation: "HoleContinuityEquation"	RelError: 3.02394e-15	AbsError: 1.60622e-02
      Equation: "PotentialEquation"	RelError: 2.42150e-15	AbsError: 2.15571e-18
    Region: "oxide"	RelError: 5.66286e-19	AbsError: 3.24287e-19
      Equation: "PotentialEquation"	RelError: 5.66286e-19	AbsError: 3.24287e-19
number of equations 6873
Iteration: 0
  Device: "part1_baseline"	RelError: 3.41318e-01	AbsError: 6.08359e+17
    Region: "bulk"	RelError: 3.24414e-01	AbsError: 6.08359e+17
      Equation: "ElectronContinuityEquation"	RelError: 4.43748e-02	AbsError: 6.08357e+17
      Equation: "HoleContinuityEquation"	RelError: 4.79491e-02	AbsError: 1.95653e+12
      Equation: "PotentialEquation"	RelError: 2.32090e-01	AbsError: 1.18447e-03
    Region: "oxide"	RelError: 1.69044e-02	AbsError: 2.00000e-02
      Equation: "PotentialEquation"	RelError: 1.69044e-02	AbsError: 2.00000e-02
Iteration: 1
  Device: "part1_baseline"	RelError: 9.01561e-03	AbsError: 2.75878e+15
    Region: "bulk"	RelError: 8.97818e-03	AbsError: 2.75878e+15
      Equation: "ElectronContinuityEquation"	RelError: 2.58382e-04	AbsError: 2.75873e+15
      Equation: "HoleContinuityEquation"	RelError: 1.90198e-03	AbsError: 5.13843e+10
      Equation: "PotentialEquation"	RelError: 6.81782e-03	AbsError: 2.16370e-05
    Region: "oxide"	RelError: 3.74260e-05	AbsError: 2.16370e-05
      Equation: "PotentialEquation"	RelError: 3.74260e-05	AbsError: 2.16370e-05
Iteration: 2
  Device: "part1_baseline"	RelError: 2.26535e-06	AbsError: 8.38746e+10
    Region: "bulk"	RelError: 2.26440e-06	AbsError: 8.38746e+10
      Equation: "ElectronContinuityEquation"	RelError: 5.48172e-08	AbsError: 8.38653e+10
      Equation: "HoleContinuityEquation"	RelError: 5.43135e-07	AbsError: 9.23202e+06
      Equation: "PotentialEquation"	RelError: 1.66645e-06	AbsError: 9.00333e-10
    Region: "oxide"	RelError: 9.40723e-10	AbsError: 5.57714e-10
      Equation: "PotentialEquation"	RelError: 9.40723e-10	AbsError: 5.57714e-10
Iteration: 3
  Device: "part1_baseline"	RelError: 5.28493e-15	AbsError: 4.97330e+01
    Region: "bulk"	RelError: 5.28450e-15	AbsError: 4.97330e+01
      Equation: "ElectronContinuityEquation"	RelError: 7.77365e-16	AbsError: 4.97207e+01
      Equation: "HoleContinuityEquation"	RelError: 2.28831e-15	AbsError: 1.23029e-02
      Equation: "PotentialEquation"	RelError: 2.21882e-15	AbsError: 1.61380e-18
    Region: "oxide"	RelError: 4.26378e-19	AbsError: 2.44710e-19
      Equation: "PotentialEquation"	RelError: 4.26378e-19	AbsError: 2.44710e-19
number of equations 6873
Iteration: 0
  Device: "part1_baseline"	RelError: 3.82903e-01	AbsError: 6.13150e+17
    Region: "bulk"	RelError: 3.66280e-01	AbsError: 6.13150e+17
      Equation: "ElectronContinuityEquation"	RelError: 4.28454e-02	AbsError: 6.13148e+17
      Equation: "HoleContinuityEquation"	RelError: 4.61794e-02	AbsError: 1.85595e+12
      Equation: "PotentialEquation"	RelError: 2.77255e-01	AbsError: 1.14269e-03
    Region: "oxide"	RelError: 1.66234e-02	AbsError: 2.00000e-02
      Equation: "PotentialEquation"	RelError: 1.66234e-02	AbsError: 2.00000e-02
Iteration: 1
  Device: "part1_baseline"	RelError: 9.97384e-03	AbsError: 2.60816e+15
    Region: "bulk"	RelError: 9.93885e-03	AbsError: 2.60816e+15
      Equation: "ElectronContinuityEquation"	RelError: 2.42536e-04	AbsError: 2.60811e+15
      Equation: "HoleContinuityEquation"	RelError: 1.77268e-03	AbsError: 4.72086e+10
      Equation: "PotentialEquation"	RelError: 7.92363e-03	AbsError: 2.02580e-05
    Region: "oxide"	RelError: 3.49897e-05	AbsError: 2.02580e-05
      Equation: "PotentialEquation"	RelError: 3.49897e-05	AbsError: 2.02580e-05
Iteration: 2
  Device: "part1_baseline"	RelError: 2.40349e-06	AbsError: 7.42260e+10
    Region: "bulk"	RelError: 2.40264e-06	AbsError: 7.42260e+10
      Equation: "ElectronContinuityEquation"	RelError: 4.77948e-08	AbsError: 7.42177e+10
      Equation: "HoleContinuityEquation"	RelError: 4.74167e-07	AbsError: 8.25335e+06
      Equation: "PotentialEquation"	RelError: 1.88067e-06	AbsError: 8.00797e-10
    Region: "oxide"	RelError: 8.49535e-10	AbsError: 5.04571e-10
      Equation: "PotentialEquation"	RelError: 8.49535e-10	AbsError: 5.04571e-10
Iteration: 3
  Device: "part1_baseline"	RelError: 4.47262e-15	AbsError: 3.80319e+01
    Region: "bulk"	RelError: 4.47230e-15	AbsError: 3.80319e+01
      Equation: "ElectronContinuityEquation"	RelError: 6.07668e-16	AbsError: 3.80224e+01
      Equation: "HoleContinuityEquation"	RelError: 1.74510e-15	AbsError: 9.48599e-03
      Equation: "PotentialEquation"	RelError: 2.11953e-15	AbsError: 1.21639e-18
    Region: "oxide"	RelError: 3.20478e-19	AbsError: 1.84239e-19
      Equation: "PotentialEquation"	RelError: 3.20478e-19	AbsError: 1.84239e-19
number of equations 6873
Iteration: 0
  Device: "part1_baseline"	RelError: 4.52614e-01	AbsError: 6.17693e+17
    Region: "bulk"	RelError: 4.36262e-01	AbsError: 6.17693e+17
      Equation: "ElectronContinuityEquation"	RelError: 4.14099e-02	AbsError: 6.17692e+17
      Equation: "HoleContinuityEquation"	RelError: 4.45306e-02	AbsError: 1.76350e+12
      Equation: "PotentialEquation"	RelError: 3.50322e-01	AbsError: 1.10363e-03
    Region: "oxide"	RelError: 1.63516e-02	AbsError: 2.00000e-02
      Equation: "PotentialEquation"	RelError: 1.63516e-02	AbsError: 2.00000e-02
Iteration: 1
  Device: "part1_baseline"	RelError: 1.16578e-02	AbsError: 2.46853e+15
    Region: "bulk"	RelError: 1.16250e-02	AbsError: 2.46853e+15
      Equation: "ElectronContinuityEquation"	RelError: 2.27931e-04	AbsError: 2.46849e+15
      Equation: "HoleContinuityEquation"	RelError: 1.65583e-03	AbsError: 4.34767e+10
      Equation: "PotentialEquation"	RelError: 9.74127e-03	AbsError: 1.89990e-05
    Region: "oxide"	RelError: 3.27694e-05	AbsError: 1.89990e-05
      Equation: "PotentialEquation"	RelError: 3.27694e-05	AbsError: 1.89990e-05
Iteration: 2
  Device: "part1_baseline"	RelError: 2.70388e-06	AbsError: 6.59314e+10
    Region: "bulk"	RelError: 2.70311e-06	AbsError: 6.59314e+10
      Equation: "ElectronContinuityEquation"	RelError: 4.18351e-08	AbsError: 6.59240e+10
      Equation: "HoleContinuityEquation"	RelError: 4.15399e-07	AbsError: 7.39721e+06
      Equation: "PotentialEquation"	RelError: 2.24587e-06	AbsError: 7.14238e-10
    Region: "oxide"	RelError: 7.69065e-10	AbsError: 4.57579e-10
      Equation: "PotentialEquation"	RelError: 7.69065e-10	AbsError: 4.57579e-10
Iteration: 3
  Device: "part1_baseline"	RelError: 3.97084e-15	AbsError: 2.92577e+01
    Region: "bulk"	RelError: 3.97060e-15	AbsError: 2.92577e+01
      Equation: "ElectronContinuityEquation"	RelError: 4.77982e-16	AbsError: 2.92504e+01
      Equation: "HoleContinuityEquation"	RelError: 1.34081e-15	AbsError: 7.36528e-03
      Equation: "PotentialEquation"	RelError: 2.15182e-15	AbsError: 9.23179e-19
    Region: "oxide"	RelError: 2.39263e-19	AbsError: 1.37782e-19
      Equation: "PotentialEquation"	RelError: 2.39263e-19	AbsError: 1.37782e-19
number of equations 6873
Iteration: 0
  Device: "part1_baseline"	RelError: 5.86560e-01	AbsError: 6.22008e+17
    Region: "bulk"	RelError: 5.70472e-01	AbsError: 6.22008e+17
      Equation: "ElectronContinuityEquation"	RelError: 4.00605e-02	AbsError: 6.22006e+17
      Equation: "HoleContinuityEquation"	RelError: 4.29892e-02	AbsError: 1.67830e+12
      Equation: "PotentialEquation"	RelError: 4.87422e-01	AbsError: 1.06700e-03
    Region: "oxide"	RelError: 1.60885e-02	AbsError: 2.00000e-02
      Equation: "PotentialEquation"	RelError: 1.60885e-02	AbsError: 2.00000e-02
Iteration: 1
  Device: "part1_baseline"	RelError: 1.49710e-02	AbsError: 2.33895e+15
    Region: "bulk"	RelError: 1.49402e-02	AbsError: 2.33895e+15
      Equation: "ElectronContinuityEquation"	RelError: 2.14457e-04	AbsError: 2.33891e+15
      Equation: "HoleContinuityEquation"	RelError: 1.54957e-03	AbsError: 4.01314e+10
      Equation: "PotentialEquation"	RelError: 1.31762e-02	AbsError: 1.78469e-05
    Region: "oxide"	RelError: 3.07415e-05	AbsError: 1.78469e-05
      Equation: "PotentialEquation"	RelError: 3.07415e-05	AbsError: 1.78469e-05
Iteration: 2
  Device: "part1_baseline"	RelError: 3.35436e-06	AbsError: 5.87723e+10
    Region: "bulk"	RelError: 3.35366e-06	AbsError: 5.87723e+10
      Equation: "ElectronContinuityEquation"	RelError: 3.67543e-08	AbsError: 5.87657e+10
      Equation: "HoleContinuityEquation"	RelError: 3.65128e-07	AbsError: 6.64608e+06
      Equation: "PotentialEquation"	RelError: 2.95178e-06	AbsError: 6.38728e-10
    Region: "oxide"	RelError: 6.97849e-10	AbsError: 4.15911e-10
      Equation: "PotentialEquation"	RelError: 6.97849e-10	AbsError: 4.15911e-10
Iteration: 3
  Device: "part1_baseline"	RelError: 3.82849e-15	AbsError: 2.26395e+01
    Region: "bulk"	RelError: 3.82831e-15	AbsError: 2.26395e+01
      Equation: "ElectronContinuityEquation"	RelError: 3.78231e-16	AbsError: 2.26338e+01
      Equation: "HoleContinuityEquation"	RelError: 1.03759e-15	AbsError: 5.75376e-03
      Equation: "PotentialEquation"	RelError: 2.41249e-15	AbsError: 7.05092e-19
    Region: "oxide"	RelError: 1.78766e-19	AbsError: 1.03037e-19
      Equation: "PotentialEquation"	RelError: 1.78766e-19	AbsError: 1.03037e-19
number of equations 6873
Iteration: 0
  Device: "part1_baseline"	RelError: 9.31042e-01	AbsError: 6.26108e+17
    Region: "bulk"	RelError: 9.15208e-01	AbsError: 6.26108e+17
      Equation: "ElectronContinuityEquation"	RelError: 3.87886e-02	AbsError: 6.26106e+17
      Equation: "HoleContinuityEquation"	RelError: 4.15504e-02	AbsError: 1.59961e+12
      Equation: "PotentialEquation"	RelError: 8.34869e-01	AbsError: 1.03271e-03
    Region: "oxide"	RelError: 1.58338e-02	AbsError: 2.00000e-02
      Equation: "PotentialEquation"	RelError: 1.58338e-02	AbsError: 2.00000e-02
Iteration: 1
  Device: "part1_baseline"	RelError: 2.35237e-02	AbsError: 2.21856e+15
    Region: "bulk"	RelError: 2.34949e-02	AbsError: 2.21856e+15
      Equation: "ElectronContinuityEquation"	RelError: 2.02015e-04	AbsError: 2.21853e+15
      Equation: "HoleContinuityEquation"	RelError: 1.45284e-03	AbsError: 3.71242e+10
      Equation: "PotentialEquation"	RelError: 2.18400e-02	AbsError: 1.67906e-05
    Region: "oxide"	RelError: 2.88894e-05	AbsError: 1.67906e-05
      Equation: "PotentialEquation"	RelError: 2.88894e-05	AbsError: 1.67906e-05
Iteration: 2
  Device: "part1_baseline"	RelError: 5.11075e-06	AbsError: 5.25694e+10
    Region: "bulk"	RelError: 5.11011e-06	AbsError: 5.25694e+10
      Equation: "ElectronContinuityEquation"	RelError: 3.24050e-08	AbsError: 5.25634e+10
      Equation: "HoleContinuityEquation"	RelError: 3.21992e-07	AbsError: 5.98524e+06
      Equation: "PotentialEquation"	RelError: 4.75572e-06	AbsError: 5.72659e-10
    Region: "oxide"	RelError: 6.34648e-10	AbsError: 3.78862e-10
      Equation: "PotentialEquation"	RelError: 6.34648e-10	AbsError: 3.78862e-10
Iteration: 3
  Device: "part1_baseline"	RelError: 4.44056e-15	AbsError: 1.76180e+01
    Region: "bulk"	RelError: 4.44042e-15	AbsError: 1.76180e+01
      Equation: "ElectronContinuityEquation"	RelError: 3.00990e-16	AbsError: 1.76135e+01
      Equation: "HoleContinuityEquation"	RelError: 8.08494e-16	AbsError: 4.52768e-03
      Equation: "PotentialEquation"	RelError: 3.33094e-15	AbsError: 5.42192e-19
    Region: "oxide"	RelError: 1.32191e-19	AbsError: 7.62378e-20
      Equation: "PotentialEquation"	RelError: 1.32191e-19	AbsError: 7.62378e-20
number of equations 6873
Iteration: 0
  Device: "part1_baseline"	RelError: 3.50897e+00	AbsError: 6.30009e+17
    Region: "bulk"	RelError: 3.49339e+00	AbsError: 6.30009e+17
      Equation: "ElectronContinuityEquation"	RelError: 3.75882e-02	AbsError: 6.30007e+17
      Equation: "HoleContinuityEquation"	RelError: 4.01984e-02	AbsError: 1.52677e+12
      Equation: "PotentialEquation"	RelError: 3.41560e+00	AbsError: 1.00041e-03
    Region: "oxide"	RelError: 1.55870e-02	AbsError: 2.00000e-02
      Equation: "PotentialEquation"	RelError: 1.55870e-02	AbsError: 2.00000e-02
Iteration: 1
  Device: "part1_baseline"	RelError: 8.35163e-02	AbsError: 2.10658e+15
    Region: "bulk"	RelError: 8.34891e-02	AbsError: 2.10658e+15
      Equation: "ElectronContinuityEquation"	RelError: 1.90514e-04	AbsError: 2.10654e+15
      Equation: "HoleContinuityEquation"	RelError: 1.36469e-03	AbsError: 3.44135e+10
      Equation: "PotentialEquation"	RelError: 8.19339e-02	AbsError: 1.58202e-05
    Region: "oxide"	RelError: 2.71908e-05	AbsError: 1.58202e-05
      Equation: "PotentialEquation"	RelError: 2.71908e-05	AbsError: 1.58202e-05
Iteration: 2
  Device: "part1_baseline"	RelError: 1.76622e-05	AbsError: 4.71746e+10
    Region: "bulk"	RelError: 1.76616e-05	AbsError: 4.71746e+10
      Equation: "ElectronContinuityEquation"	RelError: 2.86769e-08	AbsError: 4.71692e+10
      Equation: "HoleContinuityEquation"	RelError: 2.84886e-07	AbsError: 5.40228e+06
      Equation: "PotentialEquation"	RelError: 1.73480e-05	AbsError: 5.14682e-10
    Region: "oxide"	RelError: 5.78410e-10	AbsError: 3.45836e-10
      Equation: "PotentialEquation"	RelError: 5.78410e-10	AbsError: 3.45836e-10
Iteration: 3
  Device: "part1_baseline"	RelError: 1.13263e-14	AbsError: 1.37864e+01
    Region: "bulk"	RelError: 1.13262e-14	AbsError: 1.37864e+01
      Equation: "ElectronContinuityEquation"	RelError: 2.40827e-16	AbsError: 1.37828e+01
      Equation: "HoleContinuityEquation"	RelError: 6.34160e-16	AbsError: 3.58327e-03
      Equation: "PotentialEquation"	RelError: 1.04512e-14	AbsError: 4.21506e-19
    Region: "oxide"	RelError: 9.72839e-20	AbsError: 5.61302e-20
      Equation: "PotentialEquation"	RelError: 9.72839e-20	AbsError: 5.61302e-20
number of equations 6873
Iteration: 0
  Device: "part1_baseline"	RelError: 1.59727e+00	AbsError: 6.33724e+17
    Region: "bulk"	RelError: 1.58192e+00	AbsError: 6.33724e+17
      Equation: "ElectronContinuityEquation"	RelError: 3.64536e-02	AbsError: 6.33723e+17
      Equation: "HoleContinuityEquation"	RelError: 3.89324e-02	AbsError: 1.45922e+12
      Equation: "PotentialEquation"	RelError: 1.50654e+00	AbsError: 9.70083e-04
    Region: "oxide"	RelError: 1.53478e-02	AbsError: 2.00000e-02
      Equation: "PotentialEquation"	RelError: 1.53478e-02	AbsError: 2.00000e-02
Iteration: 1
  Device: "part1_baseline"	RelError: 4.15164e-02	AbsError: 2.00229e+15
    Region: "bulk"	RelError: 4.14908e-02	AbsError: 2.00229e+15
      Equation: "ElectronContinuityEquation"	RelError: 1.79871e-04	AbsError: 2.00226e+15
      Equation: "HoleContinuityEquation"	RelError: 1.28395e-03	AbsError: 3.19636e+10
      Equation: "PotentialEquation"	RelError: 4.00269e-02	AbsError: 1.49271e-05
    Region: "oxide"	RelError: 2.56295e-05	AbsError: 1.49271e-05
      Equation: "PotentialEquation"	RelError: 2.56295e-05	AbsError: 1.49271e-05
Iteration: 2
  Device: "part1_baseline"	RelError: 8.52200e-06	AbsError: 4.24655e+10
    Region: "bulk"	RelError: 8.52147e-06	AbsError: 4.24655e+10
      Equation: "ElectronContinuityEquation"	RelError: 2.54582e-08	AbsError: 4.24606e+10
      Equation: "HoleContinuityEquation"	RelError: 2.52792e-07	AbsError: 4.88670e+06
      Equation: "PotentialEquation"	RelError: 8.24322e-06	AbsError: 4.63664e-10
    Region: "oxide"	RelError: 5.28239e-10	AbsError: 3.16321e-10
      Equation: "PotentialEquation"	RelError: 5.28239e-10	AbsError: 3.16321e-10
Iteration: 3
  Device: "part1_baseline"	RelError: 4.98468e-15	AbsError: 1.08461e+01
    Region: "bulk"	RelError: 4.98461e-15	AbsError: 1.08461e+01
      Equation: "ElectronContinuityEquation"	RelError: 1.93685e-16	AbsError: 1.08433e+01
      Equation: "HoleContinuityEquation"	RelError: 5.00580e-16	AbsError: 2.85362e-03
      Equation: "PotentialEquation"	RelError: 4.29034e-15	AbsError: 3.30053e-19
    Region: "oxide"	RelError: 7.06406e-20	AbsError: 4.08248e-20
      Equation: "PotentialEquation"	RelError: 7.06406e-20	AbsError: 4.08248e-20
number of equations 6873
Iteration: 0
  Device: "part1_baseline"	RelError: 6.86270e-01	AbsError: 6.37265e+17
    Region: "bulk"	RelError: 6.71154e-01	AbsError: 6.37265e+17
      Equation: "ElectronContinuityEquation"	RelError: 3.53801e-02	AbsError: 6.37264e+17
      Equation: "HoleContinuityEquation"	RelError: 3.77407e-02	AbsError: 1.39645e+12
      Equation: "PotentialEquation"	RelError: 5.98033e-01	AbsError: 9.41470e-04
    Region: "oxide"	RelError: 1.51158e-02	AbsError: 2.00000e-02
      Equation: "PotentialEquation"	RelError: 1.51158e-02	AbsError: 2.00000e-02
Iteration: 1
  Device: "part1_baseline"	RelError: 1.65780e-02	AbsError: 1.90507e+15
    Region: "bulk"	RelError: 1.65539e-02	AbsError: 1.90507e+15
      Equation: "ElectronContinuityEquation"	RelError: 1.70010e-04	AbsError: 1.90504e+15
      Equation: "HoleContinuityEquation"	RelError: 1.21003e-03	AbsError: 2.97440e+10
      Equation: "PotentialEquation"	RelError: 1.51738e-02	AbsError: 1.41035e-05
    Region: "oxide"	RelError: 2.41916e-05	AbsError: 1.41035e-05
      Equation: "PotentialEquation"	RelError: 2.41916e-05	AbsError: 1.41035e-05
Iteration: 2
  Device: "part1_baseline"	RelError: 3.28872e-06	AbsError: 3.83403e+10
    Region: "bulk"	RelError: 3.28823e-06	AbsError: 3.83403e+10
      Equation: "ElectronContinuityEquation"	RelError: 2.26690e-08	AbsError: 3.83359e+10
      Equation: "HoleContinuityEquation"	RelError: 2.24941e-07	AbsError: 4.42957e+06
      Equation: "PotentialEquation"	RelError: 3.04062e-06	AbsError: 4.18649e-10
    Region: "oxide"	RelError: 4.83369e-10	AbsError: 2.89880e-10
      Equation: "PotentialEquation"	RelError: 4.83369e-10	AbsError: 2.89880e-10
Iteration: 3
  Device: "part1_baseline"	RelError: 1.92698e-15	AbsError: 8.57760e+00
    Region: "bulk"	RelError: 1.92693e-15	AbsError: 8.57760e+00
      Equation: "ElectronContinuityEquation"	RelError: 1.56543e-16	AbsError: 8.57531e+00
      Equation: "HoleContinuityEquation"	RelError: 3.97545e-16	AbsError: 2.28545e-03
      Equation: "PotentialEquation"	RelError: 1.37284e-15	AbsError: 2.60039e-19
    Region: "oxide"	RelError: 5.05252e-20	AbsError: 2.92462e-20
      Equation: "PotentialEquation"	RelError: 5.05252e-20	AbsError: 2.92462e-20
number of equations 6873
Iteration: 0
  Device: "part1_baseline"	RelError: 4.51805e-01	AbsError: 6.40644e+17
    Region: "bulk"	RelError: 4.36914e-01	AbsError: 6.40644e+17
      Equation: "ElectronContinuityEquation"	RelError: 3.43630e-02	AbsError: 6.40643e+17
      Equation: "HoleContinuityEquation"	RelError: 3.66154e-02	AbsError: 1.33801e+12
      Equation: "PotentialEquation"	RelError: 3.65935e-01	AbsError: 9.14390e-04
    Region: "oxide"	RelError: 1.48907e-02	AbsError: 2.00000e-02
      Equation: "PotentialEquation"	RelError: 1.48907e-02	AbsError: 2.00000e-02
Iteration: 1
  Device: "part1_baseline"	RelError: 1.03608e-02	AbsError: 1.81432e+15
    Region: "bulk"	RelError: 1.03380e-02	AbsError: 1.81432e+15
      Equation: "ElectronContinuityEquation"	RelError: 1.60864e-04	AbsError: 1.81429e+15
      Equation: "HoleContinuityEquation"	RelError: 1.14215e-03	AbsError: 2.77283e+10
      Equation: "PotentialEquation"	RelError: 9.03495e-03	AbsError: 1.33427e-05
    Region: "oxide"	RelError: 2.28669e-05	AbsError: 1.33427e-05
      Equation: "PotentialEquation"	RelError: 2.28669e-05	AbsError: 1.33427e-05
Iteration: 2
  Device: "part1_baseline"	RelError: 1.98370e-06	AbsError: 3.47143e+10
    Region: "bulk"	RelError: 1.98326e-06	AbsError: 3.47143e+10
      Equation: "ElectronContinuityEquation"	RelError: 2.02435e-08	AbsError: 3.47103e+10
      Equation: "HoleContinuityEquation"	RelError: 2.00764e-07	AbsError: 4.02329e+06
      Equation: "PotentialEquation"	RelError: 1.76225e-06	AbsError: 3.78974e-10
    Region: "oxide"	RelError: 4.43145e-10	AbsError: 2.66138e-10
      Equation: "PotentialEquation"	RelError: 4.43145e-10	AbsError: 2.66138e-10
Iteration: 3
  Device: "part1_baseline"	RelError: 1.13774e-15	AbsError: 6.81796e+00
    Region: "bulk"	RelError: 1.13770e-15	AbsError: 6.81796e+00
      Equation: "ElectronContinuityEquation"	RelError: 1.27125e-16	AbsError: 6.81611e+00
      Equation: "HoleContinuityEquation"	RelError: 3.17561e-16	AbsError: 1.84049e-03
      Equation: "PotentialEquation"	RelError: 6.93015e-16	AbsError: 2.06128e-19
    Region: "oxide"	RelError: 3.76444e-20	AbsError: 2.26080e-20
      Equation: "PotentialEquation"	RelError: 3.76444e-20	AbsError: 2.26080e-20
number of equations 6873
Iteration: 0
  Device: "part1_baseline"	RelError: 3.55001e-01	AbsError: 6.43871e+17
    Region: "bulk"	RelError: 3.40329e-01	AbsError: 6.43871e+17
      Equation: "ElectronContinuityEquation"	RelError: 3.33983e-02	AbsError: 6.43870e+17
      Equation: "HoleContinuityEquation"	RelError: 3.55590e-02	AbsError: 1.28350e+12
      Equation: "PotentialEquation"	RelError: 2.71372e-01	AbsError: 8.88915e-04
    Region: "oxide"	RelError: 1.46722e-02	AbsError: 2.00000e-02
      Equation: "PotentialEquation"	RelError: 1.46722e-02	AbsError: 2.00000e-02
Iteration: 1
  Device: "part1_baseline"	RelError: 7.52543e-03	AbsError: 1.72952e+15
    Region: "bulk"	RelError: 7.50379e-03	AbsError: 1.72952e+15
      Equation: "ElectronContinuityEquation"	RelError: 1.52371e-04	AbsError: 1.72949e+15
      Equation: "HoleContinuityEquation"	RelError: 1.07958e-03	AbsError: 2.58935e+10
      Equation: "PotentialEquation"	RelError: 6.27184e-03	AbsError: 1.26388e-05
    Region: "oxide"	RelError: 2.16441e-05	AbsError: 1.26388e-05
      Equation: "PotentialEquation"	RelError: 2.16441e-05	AbsError: 1.26388e-05
Iteration: 2
  Device: "part1_baseline"	RelError: 1.38933e-06	AbsError: 3.15164e+10
    Region: "bulk"	RelError: 1.38892e-06	AbsError: 3.15164e+10
      Equation: "ElectronContinuityEquation"	RelError: 1.81273e-08	AbsError: 3.15127e+10
      Equation: "HoleContinuityEquation"	RelError: 1.79646e-07	AbsError: 3.66137e+06
      Equation: "PotentialEquation"	RelError: 1.19115e-06	AbsError: 3.43932e-10
    Region: "oxide"	RelError: 4.07002e-10	AbsError: 2.44772e-10
      Equation: "PotentialEquation"	RelError: 4.07002e-10	AbsError: 2.44772e-10
Iteration: 3
  Device: "part1_baseline"	RelError: 7.68695e-16	AbsError: 5.44595e+00
    Region: "bulk"	RelError: 7.68660e-16	AbsError: 5.44595e+00
      Equation: "ElectronContinuityEquation"	RelError: 1.03702e-16	AbsError: 5.44446e+00
      Equation: "HoleContinuityEquation"	RelError: 2.55087e-16	AbsError: 1.49080e-03
      Equation: "PotentialEquation"	RelError: 4.09871e-16	AbsError: 1.64408e-19
    Region: "oxide"	RelError: 3.46160e-20	AbsError: 2.08181e-20
      Equation: "PotentialEquation"	RelError: 3.46160e-20	AbsError: 2.08181e-20
number of equations 6873
Iteration: 0
  Device: "part1_baseline"	RelError: 4.32416e-01	AbsError: 6.46955e+17
    Region: "bulk"	RelError: 4.17956e-01	AbsError: 6.46955e+17
      Equation: "ElectronContinuityEquation"	RelError: 3.24822e-02	AbsError: 6.46953e+17
      Equation: "HoleContinuityEquation"	RelError: 3.45587e-02	AbsError: 1.23258e+12
      Equation: "PotentialEquation"	RelError: 3.50915e-01	AbsError: 8.64743e-04
    Region: "oxide"	RelError: 1.44600e-02	AbsError: 2.00000e-02
      Equation: "PotentialEquation"	RelError: 1.44600e-02	AbsError: 2.00000e-02
Iteration: 1
  Device: "part1_baseline"	RelError: 7.67355e-03	AbsError: 1.65019e+15
    Region: "bulk"	RelError: 7.65304e-03	AbsError: 1.65019e+15
      Equation: "ElectronContinuityEquation"	RelError: 1.44476e-04	AbsError: 1.65016e+15
      Equation: "HoleContinuityEquation"	RelError: 1.02201e-03	AbsError: 2.42198e+10
      Equation: "PotentialEquation"	RelError: 6.48656e-03	AbsError: 1.19864e-05
    Region: "oxide"	RelError: 2.05119e-05	AbsError: 1.19864e-05
      Equation: "PotentialEquation"	RelError: 2.05119e-05	AbsError: 1.19864e-05
Iteration: 2
  Device: "part1_baseline"	RelError: 1.04912e-06	AbsError: 2.86871e+10
    Region: "bulk"	RelError: 1.04875e-06	AbsError: 2.86871e+10
      Equation: "ElectronContinuityEquation"	RelError: 1.62749e-08	AbsError: 2.86837e+10
      Equation: "HoleContinuityEquation"	RelError: 1.61147e-07	AbsError: 3.33825e+06
      Equation: "PotentialEquation"	RelError: 8.71324e-07	AbsError: 3.12748e-10
    Region: "oxide"	RelError: 3.74457e-10	AbsError: 2.25502e-10
      Equation: "PotentialEquation"	RelError: 3.74457e-10	AbsError: 2.25502e-10
Iteration: 3
  Device: "part1_baseline"	RelError: 5.80997e-16	AbsError: 4.37076e+00
    Region: "bulk"	RelError: 5.80965e-16	AbsError: 4.37076e+00
      Equation: "ElectronContinuityEquation"	RelError: 8.49634e-17	AbsError: 4.36955e+00
      Equation: "HoleContinuityEquation"	RelError: 2.06001e-16	AbsError: 1.21412e-03
      Equation: "PotentialEquation"	RelError: 2.90000e-16	AbsError: 1.31926e-19
    Region: "oxide"	RelError: 3.19807e-20	AbsError: 1.92592e-20
      Equation: "PotentialEquation"	RelError: 3.19807e-20	AbsError: 1.92592e-20
number of equations 6873
Iteration: 0
  Device: "part1_baseline"	RelError: 5.85061e-01	AbsError: 6.49905e+17
    Region: "bulk"	RelError: 5.70807e-01	AbsError: 6.49905e+17
      Equation: "ElectronContinuityEquation"	RelError: 3.16114e-02	AbsError: 6.49904e+17
      Equation: "HoleContinuityEquation"	RelError: 3.36101e-02	AbsError: 1.18492e+12
      Equation: "PotentialEquation"	RelError: 5.05586e-01	AbsError: 8.41780e-04
    Region: "oxide"	RelError: 1.42539e-02	AbsError: 2.00000e-02
      Equation: "PotentialEquation"	RelError: 1.42539e-02	AbsError: 2.00000e-02
Iteration: 1
  Device: "part1_baseline"	RelError: 1.01997e-02	AbsError: 1.57590e+15
    Region: "bulk"	RelError: 1.01803e-02	AbsError: 1.57590e+15
      Equation: "ElectronContinuityEquation"	RelError: 1.37128e-04	AbsError: 1.57588e+15
      Equation: "HoleContinuityEquation"	RelError: 9.68789e-04	AbsError: 2.26898e+10
      Equation: "PotentialEquation"	RelError: 9.07436e-03	AbsError: 1.13807e-05
    Region: "oxide"	RelError: 1.94618e-05	AbsError: 1.13807e-05
      Equation: "PotentialEquation"	RelError: 1.94618e-05	AbsError: 1.13807e-05
Iteration: 2
  Device: "part1_baseline"	RelError: 1.30160e-06	AbsError: 2.61762e+10
    Region: "bulk"	RelError: 1.30126e-06	AbsError: 2.61762e+10
      Equation: "ElectronContinuityEquation"	RelError: 1.46484e-08	AbsError: 2.61731e+10
      Equation: "HoleContinuityEquation"	RelError: 1.44944e-07	AbsError: 3.04915e+06
      Equation: "PotentialEquation"	RelError: 1.14166e-06	AbsError: 2.84934e-10
    Region: "oxide"	RelError: 3.45087e-10	AbsError: 2.08088e-10
      Equation: "PotentialEquation"	RelError: 3.45087e-10	AbsError: 2.08088e-10
Iteration: 3
  Device: "part1_baseline"	RelError: 5.89245e-16	AbsError: 3.52407e+00
    Region: "bulk"	RelError: 5.89215e-16	AbsError: 3.52407e+00
      Equation: "ElectronContinuityEquation"	RelError: 6.99021e-17	AbsError: 3.52308e+00
      Equation: "HoleContinuityEquation"	RelError: 1.67213e-16	AbsError: 9.93822e-04
      Equation: "PotentialEquation"	RelError: 3.52100e-16	AbsError: 1.06471e-19
    Region: "oxide"	RelError: 2.95977e-20	AbsError: 1.78474e-20
      Equation: "PotentialEquation"	RelError: 2.95977e-20	AbsError: 1.78474e-20
number of equations 6873
Iteration: 0
  Device: "part1_baseline"	RelError: 1.01194e+00	AbsError: 6.52729e+17
    Region: "bulk"	RelError: 9.97889e-01	AbsError: 6.52729e+17
      Equation: "ElectronContinuityEquation"	RelError: 3.07828e-02	AbsError: 6.52728e+17
      Equation: "HoleContinuityEquation"	RelError: 3.27150e-02	AbsError: 1.14026e+12
      Equation: "PotentialEquation"	RelError: 9.34391e-01	AbsError: 8.20070e-04
    Region: "oxide"	RelError: 1.40536e-02	AbsError: 2.00000e-02
      Equation: "PotentialEquation"	RelError: 1.40536e-02	AbsError: 2.00000e-02
Iteration: 1
  Device: "part1_baseline"	RelError: 1.72850e-02	AbsError: 1.50625e+15
    Region: "bulk"	RelError: 1.72665e-02	AbsError: 1.50625e+15
      Equation: "ElectronContinuityEquation"	RelError: 1.30281e-04	AbsError: 1.50623e+15
      Equation: "HoleContinuityEquation"	RelError: 9.19457e-04	AbsError: 2.12883e+10
      Equation: "PotentialEquation"	RelError: 1.62168e-02	AbsError: 1.08177e-05
    Region: "oxide"	RelError: 1.84866e-05	AbsError: 1.08177e-05
      Equation: "PotentialEquation"	RelError: 1.84866e-05	AbsError: 1.08177e-05
Iteration: 2
  Device: "part1_baseline"	RelError: 2.13335e-06	AbsError: 2.39412e+10
    Region: "bulk"	RelError: 2.13303e-06	AbsError: 2.39412e+10
      Equation: "ElectronContinuityEquation"	RelError: 1.32162e-08	AbsError: 2.39384e+10
      Equation: "HoleContinuityEquation"	RelError: 1.30666e-07	AbsError: 2.78994e+06
      Equation: "PotentialEquation"	RelError: 1.98915e-06	AbsError: 2.60071e-10
    Region: "oxide"	RelError: 3.18530e-10	AbsError: 1.92318e-10
      Equation: "PotentialEquation"	RelError: 3.18530e-10	AbsError: 1.92318e-10
Iteration: 3
  Device: "part1_baseline"	RelError: 7.43299e-16	AbsError: 2.85409e+00
    Region: "bulk"	RelError: 7.43271e-16	AbsError: 2.85409e+00
      Equation: "ElectronContinuityEquation"	RelError: 5.77387e-17	AbsError: 2.85327e+00
      Equation: "HoleContinuityEquation"	RelError: 1.36395e-16	AbsError: 8.18420e-04
      Equation: "PotentialEquation"	RelError: 5.49137e-16	AbsError: 8.64595e-20
    Region: "oxide"	RelError: 2.74250e-20	AbsError: 1.65583e-20
      Equation: "PotentialEquation"	RelError: 2.74250e-20	AbsError: 1.65583e-20
number of equations 6873
Iteration: 0
  Device: "part1_baseline"	RelError: 7.93635e+00	AbsError: 6.55435e+17
    Region: "bulk"	RelError: 7.92250e+00	AbsError: 6.55435e+17
      Equation: "ElectronContinuityEquation"	RelError: 2.99935e-02	AbsError: 6.55434e+17
      Equation: "HoleContinuityEquation"	RelError: 3.18655e-02	AbsError: 1.09834e+12
      Equation: "PotentialEquation"	RelError: 7.86064e+00	AbsError: 7.99435e-04
    Region: "oxide"	RelError: 1.38589e-02	AbsError: 2.00000e-02
      Equation: "PotentialEquation"	RelError: 1.38589e-02	AbsError: 2.00000e-02
Iteration: 1
  Device: "part1_baseline"	RelError: 1.20060e-01	AbsError: 1.44088e+15
    Region: "bulk"	RelError: 1.20042e-01	AbsError: 1.44088e+15
      Equation: "ElectronContinuityEquation"	RelError: 1.23894e-04	AbsError: 1.44086e+15
      Equation: "HoleContinuityEquation"	RelError: 8.73837e-04	AbsError: 2.00022e+10
      Equation: "PotentialEquation"	RelError: 1.19044e-01	AbsError: 1.02935e-05
    Region: "oxide"	RelError: 1.75818e-05	AbsError: 1.02935e-05
      Equation: "PotentialEquation"	RelError: 1.75818e-05	AbsError: 1.02935e-05
Iteration: 2
  Device: "part1_baseline"	RelError: 1.43700e-05	AbsError: 2.19463e+10
    Region: "bulk"	RelError: 1.43697e-05	AbsError: 2.19463e+10
      Equation: "ElectronContinuityEquation"	RelError: 1.19514e-08	AbsError: 2.19437e+10
      Equation: "HoleContinuityEquation"	RelError: 1.18057e-07	AbsError: 2.55707e+06
      Equation: "PotentialEquation"	RelError: 1.42397e-05	AbsError: 2.37798e-10
    Region: "oxide"	RelError: 2.94470e-10	AbsError: 1.78011e-10
      Equation: "PotentialEquation"	RelError: 2.94470e-10	AbsError: 1.78011e-10
Iteration: 3
  Device: "part1_baseline"	RelError: 3.68671e-15	AbsError: 2.32152e+00
    Region: "bulk"	RelError: 3.68669e-15	AbsError: 2.32152e+00
      Equation: "ElectronContinuityEquation"	RelError: 4.78780e-17	AbsError: 2.32084e+00
      Equation: "HoleContinuityEquation"	RelError: 1.11780e-16	AbsError: 6.76760e-04
      Equation: "PotentialEquation"	RelError: 3.52703e-15	AbsError: 7.05683e-20
    Region: "oxide"	RelError: 2.53867e-20	AbsError: 1.53466e-20
      Equation: "PotentialEquation"	RelError: 2.53867e-20	AbsError: 1.53466e-20
number of equations 6873
Iteration: 0
  Device: "part1_baseline"	RelError: 1.24973e+00	AbsError: 6.58030e+17
    Region: "bulk"	RelError: 1.23606e+00	AbsError: 6.58030e+17
      Equation: "ElectronContinuityEquation"	RelError: 2.92410e-02	AbsError: 6.58029e+17
      Equation: "HoleContinuityEquation"	RelError: 3.10571e-02	AbsError: 1.05893e+12
      Equation: "PotentialEquation"	RelError: 1.17576e+00	AbsError: 7.79763e-04
    Region: "oxide"	RelError: 1.36694e-02	AbsError: 2.00000e-02
      Equation: "PotentialEquation"	RelError: 1.36694e-02	AbsError: 2.00000e-02
Iteration: 1
  Device: "part1_baseline"	RelError: 2.10672e-02	AbsError: 1.37947e+15
    Region: "bulk"	RelError: 2.10505e-02	AbsError: 1.37947e+15
      Equation: "ElectronContinuityEquation"	RelError: 1.17930e-04	AbsError: 1.37946e+15
      Equation: "HoleContinuityEquation"	RelError: 8.31444e-04	AbsError: 1.88197e+10
      Equation: "PotentialEquation"	RelError: 2.01011e-02	AbsError: 9.80483e-06
    Region: "oxide"	RelError: 1.67388e-05	AbsError: 9.80483e-06
      Equation: "PotentialEquation"	RelError: 1.67388e-05	AbsError: 9.80483e-06
Iteration: 2
  Device: "part1_baseline"	RelError: 2.46328e-06	AbsError: 2.01607e+10
    Region: "bulk"	RelError: 2.46300e-06	AbsError: 2.01607e+10
      Equation: "ElectronContinuityEquation"	RelError: 1.08315e-08	AbsError: 2.01583e+10
      Equation: "HoleContinuityEquation"	RelError: 1.06921e-07	AbsError: 2.34745e+06
      Equation: "PotentialEquation"	RelError: 2.34525e-06	AbsError: 2.17806e-10
    Region: "oxide"	RelError: 2.72630e-10	AbsError: 1.65006e-10
      Equation: "PotentialEquation"	RelError: 2.72630e-10	AbsError: 1.65006e-10
Iteration: 3
  Device: "part1_baseline"	RelError: 6.55788e-16	AbsError: 1.89622e+00
    Region: "bulk"	RelError: 6.55765e-16	AbsError: 1.89622e+00
      Equation: "ElectronContinuityEquation"	RelError: 3.98462e-17	AbsError: 1.89566e+00
      Equation: "HoleContinuityEquation"	RelError: 9.20205e-17	AbsError: 5.62917e-04
      Equation: "PotentialEquation"	RelError: 5.23898e-16	AbsError: 5.79734e-20
    Region: "oxide"	RelError: 2.35094e-20	AbsError: 1.42288e-20
      Equation: "PotentialEquation"	RelError: 2.35094e-20	AbsError: 1.42288e-20
number of equations 6873
Iteration: 0
  Device: "part1_baseline"	RelError: 6.09244e-01	AbsError: 6.60519e+17
    Region: "bulk"	RelError: 5.95759e-01	AbsError: 6.60519e+17
      Equation: "ElectronContinuityEquation"	RelError: 2.85227e-02	AbsError: 6.60518e+17
      Equation: "HoleContinuityEquation"	RelError: 3.02868e-02	AbsError: 1.02184e+12
      Equation: "PotentialEquation"	RelError: 5.36949e-01	AbsError: 7.60992e-04
    Region: "oxide"	RelError: 1.34851e-02	AbsError: 2.00000e-02
      Equation: "PotentialEquation"	RelError: 1.34851e-02	AbsError: 2.00000e-02
Iteration: 1
  Device: "part1_baseline"	RelError: 9.77490e-03	AbsError: 1.32172e+15
    Region: "bulk"	RelError: 9.75895e-03	AbsError: 1.32172e+15
      Equation: "ElectronContinuityEquation"	RelError: 1.12353e-04	AbsError: 1.32170e+15
      Equation: "HoleContinuityEquation"	RelError: 7.91953e-04	AbsError: 1.77306e+10
      Equation: "PotentialEquation"	RelError: 8.85464e-03	AbsError: 9.34855e-06
    Region: "oxide"	RelError: 1.59522e-05	AbsError: 9.34855e-06
      Equation: "PotentialEquation"	RelError: 1.59522e-05	AbsError: 9.34855e-06
Iteration: 2
  Device: "part1_baseline"	RelError: 1.11504e-06	AbsError: 1.85582e+10
    Region: "bulk"	RelError: 1.11479e-06	AbsError: 1.85582e+10
      Equation: "ElectronContinuityEquation"	RelError: 9.83732e-09	AbsError: 1.85560e+10
      Equation: "HoleContinuityEquation"	RelError: 9.70312e-08	AbsError: 2.15840e+06
      Equation: "PotentialEquation"	RelError: 1.00792e-06	AbsError: 1.99824e-10
    Region: "oxide"	RelError: 2.52770e-10	AbsError: 1.53165e-10
      Equation: "PotentialEquation"	RelError: 2.52770e-10	AbsError: 1.53165e-10
Iteration: 3
  Device: "part1_baseline"	RelError: 3.12915e-16	AbsError: 1.55514e+00
    Region: "bulk"	RelError: 3.12893e-16	AbsError: 1.55514e+00
      Equation: "ElectronContinuityEquation"	RelError: 3.32817e-17	AbsError: 1.55467e+00
      Equation: "HoleContinuityEquation"	RelError: 7.60807e-17	AbsError: 4.70024e-04
      Equation: "PotentialEquation"	RelError: 2.03530e-16	AbsError: 4.78482e-20
    Region: "oxide"	RelError: 2.17289e-20	AbsError: 1.31665e-20
      Equation: "PotentialEquation"	RelError: 2.17289e-20	AbsError: 1.31665e-20
number of equations 6873
Iteration: 0
  Device: "part1_baseline"	RelError: 4.14603e-01	AbsError: 6.62910e+17
    Region: "bulk"	RelError: 4.01298e-01	AbsError: 6.62910e+17
      Equation: "ElectronContinuityEquation"	RelError: 2.78367e-02	AbsError: 6.62909e+17
      Equation: "HoleContinuityEquation"	RelError: 2.95578e-02	AbsError: 9.86878e+11
      Equation: "PotentialEquation"	RelError: 3.43903e-01	AbsError: 7.43200e-04
    Region: "oxide"	RelError: 1.33056e-02	AbsError: 2.00000e-02
      Equation: "PotentialEquation"	RelError: 1.33056e-02	AbsError: 2.00000e-02
Iteration: 1
  Device: "part1_baseline"	RelError: 6.39290e-03	AbsError: 1.26736e+15
    Region: "bulk"	RelError: 6.37769e-03	AbsError: 1.26736e+15
      Equation: "ElectronContinuityEquation"	RelError: 1.07134e-04	AbsError: 1.26734e+15
      Equation: "HoleContinuityEquation"	RelError: 7.55221e-04	AbsError: 1.67258e+10
      Equation: "PotentialEquation"	RelError: 5.51533e-03	AbsError: 8.92226e-06
    Region: "oxide"	RelError: 1.52173e-05	AbsError: 8.92226e-06
      Equation: "PotentialEquation"	RelError: 1.52173e-05	AbsError: 8.92226e-06
Iteration: 2
  Device: "part1_baseline"	RelError: 7.10077e-07	AbsError: 1.71165e+10
    Region: "bulk"	RelError: 7.09842e-07	AbsError: 1.71165e+10
      Equation: "ElectronContinuityEquation"	RelError: 8.95251e-09	AbsError: 1.71145e+10
      Equation: "HoleContinuityEquation"	RelError: 8.82325e-08	AbsError: 1.98760e+06
      Equation: "PotentialEquation"	RelError: 6.12657e-07	AbsError: 1.83619e-10
    Region: "oxide"	RelError: 2.34679e-10	AbsError: 1.42365e-10
      Equation: "PotentialEquation"	RelError: 2.34679e-10	AbsError: 1.42365e-10
number of equations 6873
Iteration: 0
  Device: "part1_baseline"	RelError: 4.28776e-01	AbsError: 6.65208e+17
    Region: "bulk"	RelError: 4.15645e-01	AbsError: 6.65208e+17
      Equation: "ElectronContinuityEquation"	RelError: 2.71808e-02	AbsError: 6.65207e+17
      Equation: "HoleContinuityEquation"	RelError: 2.88622e-02	AbsError: 9.53887e+11
      Equation: "PotentialEquation"	RelError: 3.59602e-01	AbsError: 7.26201e-04
    Region: "oxide"	RelError: 1.31309e-02	AbsError: 2.00000e-02
      Equation: "PotentialEquation"	RelError: 1.31309e-02	AbsError: 2.00000e-02
Iteration: 1
  Device: "part1_baseline"	RelError: 6.06511e-03	AbsError: 1.21613e+15
    Region: "bulk"	RelError: 6.05058e-03	AbsError: 1.21613e+15
      Equation: "ElectronContinuityEquation"	RelError: 1.02245e-04	AbsError: 1.21611e+15
      Equation: "HoleContinuityEquation"	RelError: 7.20978e-04	AbsError: 1.57971e+10
      Equation: "PotentialEquation"	RelError: 5.22736e-03	AbsError: 8.52345e-06
    Region: "oxide"	RelError: 1.45305e-05	AbsError: 8.52345e-06
      Equation: "PotentialEquation"	RelError: 1.45305e-05	AbsError: 8.52345e-06
Iteration: 2
  Device: "part1_baseline"	RelError: 6.94219e-07	AbsError: 1.58162e+10
    Region: "bulk"	RelError: 6.94001e-07	AbsError: 1.58162e+10
      Equation: "ElectronContinuityEquation"	RelError: 8.16317e-09	AbsError: 1.58144e+10
      Equation: "HoleContinuityEquation"	RelError: 8.04046e-08	AbsError: 1.83301e+06
      Equation: "PotentialEquation"	RelError: 6.05433e-07	AbsError: 1.68990e-10
    Region: "oxide"	RelError: 2.18171e-10	AbsError: 1.32497e-10
      Equation: "PotentialEquation"	RelError: 2.18171e-10	AbsError: 1.32497e-10
number of equations 6873
Iteration: 0
  Device: "part1_baseline"	RelError: 5.99958e-01	AbsError: 6.67417e+17
    Region: "bulk"	RelError: 5.86997e-01	AbsError: 6.67417e+17
      Equation: "ElectronContinuityEquation"	RelError: 2.65531e-02	AbsError: 6.67416e+17
      Equation: "HoleContinuityEquation"	RelError: 2.81973e-02	AbsError: 9.22716e+11
      Equation: "PotentialEquation"	RelError: 5.32247e-01	AbsError: 7.09931e-04
    Region: "oxide"	RelError: 1.29607e-02	AbsError: 2.00000e-02
      Equation: "PotentialEquation"	RelError: 1.29607e-02	AbsError: 2.00000e-02
Iteration: 1
  Device: "part1_baseline"	RelError: 8.32955e-03	AbsError: 1.16781e+15
    Region: "bulk"	RelError: 8.31566e-03	AbsError: 1.16781e+15
      Equation: "ElectronContinuityEquation"	RelError: 9.76589e-05	AbsError: 1.16780e+15
      Equation: "HoleContinuityEquation"	RelError: 6.88937e-04	AbsError: 1.49376e+10
      Equation: "PotentialEquation"	RelError: 7.52906e-03	AbsError: 8.14968e-06
    Region: "oxide"	RelError: 1.38884e-05	AbsError: 8.14968e-06
      Equation: "PotentialEquation"	RelError: 1.38884e-05	AbsError: 8.14968e-06
Iteration: 2
  Device: "part1_baseline"	RelError: 9.31678e-07	AbsError: 1.46408e+10
    Region: "bulk"	RelError: 9.31475e-07	AbsError: 1.46408e+10
      Equation: "ElectronContinuityEquation"	RelError: 7.45739e-09	AbsError: 1.46391e+10
      Equation: "HoleContinuityEquation"	RelError: 7.34027e-08	AbsError: 1.69285e+06
      Equation: "PotentialEquation"	RelError: 8.50615e-07	AbsError: 1.55758e-10
    Region: "oxide"	RelError: 2.03084e-10	AbsError: 1.23468e-10
      Equation: "PotentialEquation"	RelError: 2.03084e-10	AbsError: 1.23468e-10
number of equations 6873
Iteration: 0
  Device: "part1_baseline"	RelError: 1.12103e+00	AbsError: 6.69543e+17
    Region: "bulk"	RelError: 1.10824e+00	AbsError: 6.69543e+17
      Equation: "ElectronContinuityEquation"	RelError: 2.59520e-02	AbsError: 6.69542e+17
      Equation: "HoleContinuityEquation"	RelError: 2.75613e-02	AbsError: 8.93231e+11
      Equation: "PotentialEquation"	RelError: 1.05472e+00	AbsError: 6.94348e-04
    Region: "oxide"	RelError: 1.27949e-02	AbsError: 2.00000e-02
      Equation: "PotentialEquation"	RelError: 1.27949e-02	AbsError: 2.00000e-02
Iteration: 1
  Device: "part1_baseline"	RelError: 1.52223e-02	AbsError: 1.12220e+15
    Region: "bulk"	RelError: 1.52090e-02	AbsError: 1.12220e+15
      Equation: "ElectronContinuityEquation"	RelError: 9.33537e-05	AbsError: 1.12219e+15
      Equation: "HoleContinuityEquation"	RelError: 6.58918e-04	AbsError: 1.41408e+10
      Equation: "PotentialEquation"	RelError: 1.44568e-02	AbsError: 7.79896e-06
    Region: "oxide"	RelError: 1.32862e-05	AbsError: 7.79896e-06
      Equation: "PotentialEquation"	RelError: 1.32862e-05	AbsError: 7.79896e-06
Iteration: 2
  Device: "part1_baseline"	RelError: 1.66774e-06	AbsError: 1.35758e+10
    Region: "bulk"	RelError: 1.66755e-06	AbsError: 1.35758e+10
      Equation: "ElectronContinuityEquation"	RelError: 6.82490e-09	AbsError: 1.35742e+10
      Equation: "HoleContinuityEquation"	RelError: 6.71299e-08	AbsError: 1.56556e+06
      Equation: "PotentialEquation"	RelError: 1.59360e-06	AbsError: 1.43769e-10
    Region: "oxide"	RelError: 1.89273e-10	AbsError: 1.15193e-10
      Equation: "PotentialEquation"	RelError: 1.89273e-10	AbsError: 1.15193e-10
Iteration: 3
  Device: "part1_baseline"	RelError: 2.50284e-16	AbsError: 7.30804e-01
    Region: "bulk"	RelError: 2.50268e-16	AbsError: 7.30804e-01
      Equation: "ElectronContinuityEquation"	RelError: 1.67430e-17	AbsError: 7.30564e-01
      Equation: "HoleContinuityEquation"	RelError: 3.69884e-17	AbsError: 2.39226e-04
      Equation: "PotentialEquation"	RelError: 1.96537e-16	AbsError: 2.34179e-20
    Region: "oxide"	RelError: 1.57090e-20	AbsError: 9.56058e-21
      Equation: "PotentialEquation"	RelError: 1.57090e-20	AbsError: 9.56058e-21
number of equations 6873
Iteration: 0
  Device: "part1_baseline"	RelError: 9.34567e+01	AbsError: 6.71590e+17
    Region: "bulk"	RelError: 9.34440e+01	AbsError: 6.71590e+17
      Equation: "ElectronContinuityEquation"	RelError: 2.53760e-02	AbsError: 6.71589e+17
      Equation: "HoleContinuityEquation"	RelError: 2.69523e-02	AbsError: 8.65307e+11
      Equation: "PotentialEquation"	RelError: 9.33917e+01	AbsError: 6.79409e-04
    Region: "oxide"	RelError: 1.26333e-02	AbsError: 2.00000e-02
      Equation: "PotentialEquation"	RelError: 1.26333e-02	AbsError: 2.00000e-02
Iteration: 1
  Device: "part1_baseline"	RelError: 4.72430e+00	AbsError: 1.07910e+15
    Region: "bulk"	RelError: 4.72429e+00	AbsError: 1.07910e+15
      Equation: "ElectronContinuityEquation"	RelError: 8.93078e-05	AbsError: 1.07909e+15
      Equation: "HoleContinuityEquation"	RelError: 6.30906e-04	AbsError: 1.34011e+10
      Equation: "PotentialEquation"	RelError: 4.72357e+00	AbsError: 7.46948e-06
    Region: "oxide"	RelError: 1.27208e-05	AbsError: 7.46948e-06
      Equation: "PotentialEquation"	RelError: 1.27208e-05	AbsError: 7.46948e-06
Iteration: 2
  Device: "part1_baseline"	RelError: 5.08481e-04	AbsError: 1.26089e+10
    Region: "bulk"	RelError: 5.08481e-04	AbsError: 1.26089e+10
      Equation: "ElectronContinuityEquation"	RelError: 6.25691e-09	AbsError: 1.26074e+10
      Equation: "HoleContinuityEquation"	RelError: 6.15144e-08	AbsError: 1.44978e+06
      Equation: "PotentialEquation"	RelError: 5.08413e-04	AbsError: 1.32889e-10
    Region: "oxide"	RelError: 1.76612e-10	AbsError: 1.07598e-10
      Equation: "PotentialEquation"	RelError: 1.76612e-10	AbsError: 1.07598e-10
Iteration: 3
  Device: "part1_baseline"	RelError: 5.74865e-14	AbsError: 6.26660e-01
    Region: "bulk"	RelError: 5.74865e-14	AbsError: 6.26660e-01
      Equation: "ElectronContinuityEquation"	RelError: 1.42106e-17	AbsError: 6.26456e-01
      Equation: "HoleContinuityEquation"	RelError: 3.11695e-17	AbsError: 2.03941e-04
      Equation: "PotentialEquation"	RelError: 5.74411e-14	AbsError: 1.98169e-20
    Region: "oxide"	RelError: 1.44473e-20	AbsError: 8.80174e-21
      Equation: "PotentialEquation"	RelError: 1.44473e-20	AbsError: 8.80174e-21
number of equations 6873
Iteration: 0
  Device: "part1_baseline"	RelError: 1.06663e+00	AbsError: 6.73562e+17
    Region: "bulk"	RelError: 1.05415e+00	AbsError: 6.73562e+17
      Equation: "ElectronContinuityEquation"	RelError: 2.48234e-02	AbsError: 6.73561e+17
      Equation: "HoleContinuityEquation"	RelError: 2.63735e-02	AbsError: 8.38835e+11
      Equation: "PotentialEquation"	RelError: 1.00295e+00	AbsError: 6.65192e-04
    Region: "oxide"	RelError: 1.24757e-02	AbsError: 2.00000e-02
      Equation: "PotentialEquation"	RelError: 1.24757e-02	AbsError: 2.00000e-02
Iteration: 1
  Device: "part1_baseline"	RelError: 1.41777e-02	AbsError: 1.03834e+15
    Region: "bulk"	RelError: 1.41656e-02	AbsError: 1.03834e+15
      Equation: "ElectronContinuityEquation"	RelError: 8.55020e-05	AbsError: 1.03833e+15
      Equation: "HoleContinuityEquation"	RelError: 6.04599e-04	AbsError: 1.27133e+10
      Equation: "PotentialEquation"	RelError: 1.34754e-02	AbsError: 7.15967e-06
    Region: "oxide"	RelError: 1.21891e-05	AbsError: 7.15967e-06
      Equation: "PotentialEquation"	RelError: 1.21891e-05	AbsError: 7.15967e-06
Iteration: 2
  Device: "part1_baseline"	RelError: 1.47749e-06	AbsError: 1.17291e+10
    Region: "bulk"	RelError: 1.47732e-06	AbsError: 1.17291e+10
      Equation: "ElectronContinuityEquation"	RelError: 5.74577e-09	AbsError: 1.17278e+10
      Equation: "HoleContinuityEquation"	RelError: 5.64594e-08	AbsError: 1.34429e+06
      Equation: "PotentialEquation"	RelError: 1.41512e-06	AbsError: 1.22998e-10
    Region: "oxide"	RelError: 1.64988e-10	AbsError: 1.00617e-10
      Equation: "PotentialEquation"	RelError: 1.64988e-10	AbsError: 1.00617e-10
Iteration: 3
  Device: "part1_baseline"	RelError: 1.86005e-16	AbsError: 5.79254e-01
    Region: "bulk"	RelError: 1.85992e-16	AbsError: 5.79254e-01
      Equation: "ElectronContinuityEquation"	RelError: 1.20943e-17	AbsError: 5.79079e-01
      Equation: "HoleContinuityEquation"	RelError: 2.63549e-17	AbsError: 1.74958e-04
      Equation: "PotentialEquation"	RelError: 1.47543e-16	AbsError: 1.68739e-20
    Region: "oxide"	RelError: 1.32888e-20	AbsError: 8.10410e-21
      Equation: "PotentialEquation"	RelError: 1.32888e-20	AbsError: 8.10410e-21
number of equations 6873
Iteration: 0
  Device: "part1_baseline"	RelError: 5.59857e-01	AbsError: 6.75464e+17
    Region: "bulk"	RelError: 5.47535e-01	AbsError: 6.75464e+17
      Equation: "ElectronContinuityEquation"	RelError: 2.42930e-02	AbsError: 6.75463e+17
      Equation: "HoleContinuityEquation"	RelError: 2.58188e-02	AbsError: 8.13713e+11
      Equation: "PotentialEquation"	RelError: 4.97423e-01	AbsError: 6.51555e-04
    Region: "oxide"	RelError: 1.23219e-02	AbsError: 2.00000e-02
      Equation: "PotentialEquation"	RelError: 1.23219e-02	AbsError: 2.00000e-02
Iteration: 1
  Device: "part1_baseline"	RelError: 7.15708e-03	AbsError: 9.99759e+14
    Region: "bulk"	RelError: 7.14539e-03	AbsError: 9.99759e+14
      Equation: "ElectronContinuityEquation"	RelError: 8.19185e-05	AbsError: 9.99747e+14
      Equation: "HoleContinuityEquation"	RelError: 5.79858e-04	AbsError: 1.20731e+10
      Equation: "PotentialEquation"	RelError: 6.48361e-03	AbsError: 6.86839e-06
    Region: "oxide"	RelError: 1.16889e-05	AbsError: 6.86839e-06
      Equation: "PotentialEquation"	RelError: 1.16889e-05	AbsError: 6.86839e-06
Iteration: 2
  Device: "part1_baseline"	RelError: 7.22145e-07	AbsError: 1.09271e+10
    Region: "bulk"	RelError: 7.21990e-07	AbsError: 1.09271e+10
      Equation: "ElectronContinuityEquation"	RelError: 5.28489e-09	AbsError: 1.09258e+10
      Equation: "HoleContinuityEquation"	RelError: 5.19003e-08	AbsError: 1.24805e+06
      Equation: "PotentialEquation"	RelError: 6.64805e-07	AbsError: 1.13992e-10
    Region: "oxide"	RelError: 1.54300e-10	AbsError: 9.41915e-11
      Equation: "PotentialEquation"	RelError: 1.54300e-10	AbsError: 9.41915e-11
number of equations 6873
Iteration: 0
  Device: "part1_baseline"	RelError: 3.89103e-01	AbsError: 6.77298e+17
    Region: "bulk"	RelError: 3.76931e-01	AbsError: 6.77298e+17
      Equation: "ElectronContinuityEquation"	RelError: 2.37836e-02	AbsError: 6.77297e+17
      Equation: "HoleContinuityEquation"	RelError: 2.52864e-02	AbsError: 7.89847e+11
      Equation: "PotentialEquation"	RelError: 3.27861e-01	AbsError: 6.38449e-04
    Region: "oxide"	RelError: 1.21720e-02	AbsError: 2.00000e-02
      Equation: "PotentialEquation"	RelError: 1.21720e-02	AbsError: 2.00000e-02
Iteration: 1
  Device: "part1_baseline"	RelError: 4.81281e-03	AbsError: 9.63208e+14
    Region: "bulk"	RelError: 4.80159e-03	AbsError: 9.63208e+14
      Equation: "ElectronContinuityEquation"	RelError: 7.85414e-05	AbsError: 9.63197e+14
      Equation: "HoleContinuityEquation"	RelError: 5.56564e-04	AbsError: 1.14763e+10
      Equation: "PotentialEquation"	RelError: 4.16648e-03	AbsError: 6.59387e-06
    Region: "oxide"	RelError: 1.12191e-05	AbsError: 6.59387e-06
      Equation: "PotentialEquation"	RelError: 1.12191e-05	AbsError: 6.59387e-06
Iteration: 2
  Device: "part1_baseline"	RelError: 4.70039e-07	AbsError: 1.01945e+10
    Region: "bulk"	RelError: 4.69895e-07	AbsError: 1.01945e+10
      Equation: "ElectronContinuityEquation"	RelError: 4.86854e-09	AbsError: 1.01933e+10
      Equation: "HoleContinuityEquation"	RelError: 4.77957e-08	AbsError: 1.16010e+06
      Equation: "PotentialEquation"	RelError: 4.17231e-07	AbsError: 1.05780e-10
    Region: "oxide"	RelError: 1.44461e-10	AbsError: 8.82697e-11
      Equation: "PotentialEquation"	RelError: 1.44461e-10	AbsError: 8.82697e-11
number of equations 6873
Iteration: 0
  Device: "part1_baseline"	RelError: 3.03070e-01	AbsError: 6.79068e+17
    Region: "bulk"	RelError: 2.91044e-01	AbsError: 6.79068e+17
      Equation: "ElectronContinuityEquation"	RelError: 2.32939e-02	AbsError: 6.79067e+17
      Equation: "HoleContinuityEquation"	RelError: 2.47748e-02	AbsError: 7.67153e+11
      Equation: "PotentialEquation"	RelError: 2.42976e-01	AbsError: 6.25845e-04
    Region: "oxide"	RelError: 1.20256e-02	AbsError: 2.00000e-02
      Equation: "PotentialEquation"	RelError: 1.20256e-02	AbsError: 2.00000e-02
Iteration: 1
  Device: "part1_baseline"	RelError: 3.63581e-03	AbsError: 9.28554e+14
    Region: "bulk"	RelError: 3.62503e-03	AbsError: 9.28554e+14
      Equation: "ElectronContinuityEquation"	RelError: 7.53557e-05	AbsError: 9.28543e+14
      Equation: "HoleContinuityEquation"	RelError: 5.34705e-04	AbsError: 1.09192e+10
      Equation: "PotentialEquation"	RelError: 3.01497e-03	AbsError: 6.33487e-06
    Region: "oxide"	RelError: 1.07759e-05	AbsError: 6.33487e-06
      Equation: "PotentialEquation"	RelError: 1.07759e-05	AbsError: 6.33487e-06
Iteration: 2
  Device: "part1_baseline"	RelError: 3.43639e-07	AbsError: 9.52412e+09
    Region: "bulk"	RelError: 3.43504e-07	AbsError: 9.52412e+09
      Equation: "ElectronContinuityEquation"	RelError: 4.49171e-09	AbsError: 9.52304e+09
      Equation: "HoleContinuityEquation"	RelError: 4.40813e-08	AbsError: 1.07962e+06
      Equation: "PotentialEquation"	RelError: 2.94931e-07	AbsError: 9.82807e-11
    Region: "oxide"	RelError: 1.35390e-10	AbsError: 8.28048e-11
      Equation: "PotentialEquation"	RelError: 1.35390e-10	AbsError: 8.28048e-11
number of equations 6873
Iteration: 0
  Device: "part1_baseline"	RelError: 2.51055e-01	AbsError: 6.80777e+17
    Region: "bulk"	RelError: 2.39173e-01	AbsError: 6.80777e+17
      Equation: "ElectronContinuityEquation"	RelError: 2.28229e-02	AbsError: 6.80776e+17
      Equation: "HoleContinuityEquation"	RelError: 2.42830e-02	AbsError: 7.45554e+11
      Equation: "PotentialEquation"	RelError: 1.92067e-01	AbsError: 6.13716e-04
    Region: "oxide"	RelError: 1.18827e-02	AbsError: 2.00000e-02
      Equation: "PotentialEquation"	RelError: 1.18827e-02	AbsError: 2.00000e-02
Iteration: 1
  Device: "part1_baseline"	RelError: 2.92576e-03	AbsError: 8.95671e+14
    Region: "bulk"	RelError: 2.91541e-03	AbsError: 8.95671e+14
      Equation: "ElectronContinuityEquation"	RelError: 7.23481e-05	AbsError: 8.95661e+14
      Equation: "HoleContinuityEquation"	RelError: 5.14107e-04	AbsError: 1.03986e+10
      Equation: "PotentialEquation"	RelError: 2.32895e-03	AbsError: 6.09027e-06
    Region: "oxide"	RelError: 1.03575e-05	AbsError: 6.09027e-06
      Equation: "PotentialEquation"	RelError: 1.03575e-05	AbsError: 6.09027e-06
Iteration: 2
  Device: "part1_baseline"	RelError: 2.67590e-07	AbsError: 8.90961e+09
    Region: "bulk"	RelError: 2.67463e-07	AbsError: 8.90961e+09
      Equation: "ElectronContinuityEquation"	RelError: 4.15004e-09	AbsError: 8.90860e+09
      Equation: "HoleContinuityEquation"	RelError: 4.07126e-08	AbsError: 1.00588e+06
      Equation: "PotentialEquation"	RelError: 2.22601e-07	AbsError: 9.14215e-11
    Region: "oxide"	RelError: 1.27018e-10	AbsError: 7.77552e-11
      Equation: "PotentialEquation"	RelError: 1.27018e-10	AbsError: 7.77552e-11
number of equations 6873
Iteration: 0
  Device: "part1_baseline"	RelError: 2.16096e-01	AbsError: 6.82429e+17
    Region: "bulk"	RelError: 2.04352e-01	AbsError: 6.82429e+17
      Equation: "ElectronContinuityEquation"	RelError: 2.23695e-02	AbsError: 6.82428e+17
      Equation: "HoleContinuityEquation"	RelError: 2.38098e-02	AbsError: 7.24977e+11
      Equation: "PotentialEquation"	RelError: 1.58173e-01	AbsError: 6.02035e-04
    Region: "oxide"	RelError: 1.17431e-02	AbsError: 2.00000e-02
      Equation: "PotentialEquation"	RelError: 1.17431e-02	AbsError: 2.00000e-02
Iteration: 1
  Device: "part1_baseline"	RelError: 2.44941e-03	AbsError: 8.64445e+14
    Region: "bulk"	RelError: 2.43945e-03	AbsError: 8.64445e+14
      Equation: "ElectronContinuityEquation"	RelError: 6.95060e-05	AbsError: 8.64435e+14
      Equation: "HoleContinuityEquation"	RelError: 4.94648e-04	AbsError: 9.91155e+09
      Equation: "PotentialEquation"	RelError: 1.87530e-03	AbsError: 5.85920e-06
    Region: "oxide"	RelError: 9.96212e-06	AbsError: 5.85920e-06
      Equation: "PotentialEquation"	RelError: 9.96212e-06	AbsError: 5.85920e-06
Iteration: 2
  Device: "part1_baseline"	RelError: 2.16787e-07	AbsError: 8.34533e+09
    Region: "bulk"	RelError: 2.16668e-07	AbsError: 8.34533e+09
      Equation: "ElectronContinuityEquation"	RelError: 3.83973e-09	AbsError: 8.34439e+09
      Equation: "HoleContinuityEquation"	RelError: 3.76563e-08	AbsError: 9.38212e+05
      Equation: "PotentialEquation"	RelError: 1.75172e-07	AbsError: 8.51395e-11
    Region: "oxide"	RelError: 1.19280e-10	AbsError: 7.30838e-11
      Equation: "PotentialEquation"	RelError: 1.19280e-10	AbsError: 7.30838e-11
number of equations 6873
Iteration: 0
  Device: "part1_baseline"	RelError: 1.90904e-01	AbsError: 6.84026e+17
    Region: "bulk"	RelError: 1.79297e-01	AbsError: 6.84026e+17
      Equation: "ElectronContinuityEquation"	RelError: 2.19328e-02	AbsError: 6.84025e+17
      Equation: "HoleContinuityEquation"	RelError: 2.33543e-02	AbsError: 7.05358e+11
      Equation: "PotentialEquation"	RelError: 1.34010e-01	AbsError: 5.90781e-04
    Region: "oxide"	RelError: 1.16068e-02	AbsError: 2.00000e-02
      Equation: "PotentialEquation"	RelError: 1.16068e-02	AbsError: 2.00000e-02
Iteration: 1
  Device: "part1_baseline"	RelError: 2.10683e-03	AbsError: 8.34769e+14
    Region: "bulk"	RelError: 2.09724e-03	AbsError: 8.34769e+14
      Equation: "ElectronContinuityEquation"	RelError: 6.68181e-05	AbsError: 8.34759e+14
      Equation: "HoleContinuityEquation"	RelError: 4.76248e-04	AbsError: 9.45529e+09
      Equation: "PotentialEquation"	RelError: 1.55417e-03	AbsError: 5.64083e-06
    Region: "oxide"	RelError: 9.58810e-06	AbsError: 5.64083e-06
      Equation: "PotentialEquation"	RelError: 9.58810e-06	AbsError: 5.64083e-06
Iteration: 2
  Device: "part1_baseline"	RelError: 1.80465e-07	AbsError: 7.82633e+09
    Region: "bulk"	RelError: 1.80352e-07	AbsError: 7.82633e+09
      Equation: "ElectronContinuityEquation"	RelError: 3.55742e-09	AbsError: 7.82546e+09
      Equation: "HoleContinuityEquation"	RelError: 3.48835e-08	AbsError: 8.76042e+05
      Equation: "PotentialEquation"	RelError: 1.41912e-07	AbsError: 7.93781e-11
    Region: "oxide"	RelError: 1.12120e-10	AbsError: 6.87571e-11
      Equation: "PotentialEquation"	RelError: 1.12120e-10	AbsError: 6.87571e-11
number of equations 6873
Iteration: 0
  Device: "part1_baseline"	RelError: 1.71832e-01	AbsError: 6.85570e+17
    Region: "bulk"	RelError: 1.60358e-01	AbsError: 6.85570e+17
      Equation: "ElectronContinuityEquation"	RelError: 2.15120e-02	AbsError: 6.85570e+17
      Equation: "HoleContinuityEquation"	RelError: 2.29155e-02	AbsError: 6.86636e+11
      Equation: "PotentialEquation"	RelError: 1.15931e-01	AbsError: 5.79929e-04
    Region: "oxide"	RelError: 1.14737e-02	AbsError: 2.00000e-02
      Equation: "PotentialEquation"	RelError: 1.14737e-02	AbsError: 2.00000e-02
Iteration: 1
  Device: "part1_baseline"	RelError: 1.84804e-03	AbsError: 8.06546e+14
    Region: "bulk"	RelError: 1.83880e-03	AbsError: 8.06546e+14
      Equation: "ElectronContinuityEquation"	RelError: 6.42740e-05	AbsError: 8.06537e+14
      Equation: "HoleContinuityEquation"	RelError: 4.58831e-04	AbsError: 9.02744e+09
      Equation: "PotentialEquation"	RelError: 1.31570e-03	AbsError: 5.43403e-06
    Region: "oxide"	RelError: 9.23420e-06	AbsError: 5.43403e-06
      Equation: "PotentialEquation"	RelError: 9.23420e-06	AbsError: 5.43403e-06
Iteration: 2
  Device: "part1_baseline"	RelError: 1.53224e-07	AbsError: 7.34823e+09
    Region: "bulk"	RelError: 1.53118e-07	AbsError: 7.34823e+09
      Equation: "ElectronContinuityEquation"	RelError: 3.30139e-09	AbsError: 7.34741e+09
      Equation: "HoleContinuityEquation"	RelError: 3.23557e-08	AbsError: 8.18848e+05
      Equation: "PotentialEquation"	RelError: 1.17461e-07	AbsError: 7.40871e-11
    Region: "oxide"	RelError: 1.05487e-10	AbsError: 6.47450e-11
      Equation: "PotentialEquation"	RelError: 1.05487e-10	AbsError: 6.47450e-11
number of equations 6873
Iteration: 0
  Device: "part1_baseline"	RelError: 1.56852e-01	AbsError: 6.87065e+17
    Region: "bulk"	RelError: 1.45509e-01	AbsError: 6.87065e+17
      Equation: "ElectronContinuityEquation"	RelError: 2.11063e-02	AbsError: 6.87064e+17
      Equation: "HoleContinuityEquation"	RelError: 2.24946e-02	AbsError: 6.68755e+11
      Equation: "PotentialEquation"	RelError: 1.01908e-01	AbsError: 5.69511e-04
    Region: "oxide"	RelError: 1.13435e-02	AbsError: 2.00000e-02
      Equation: "PotentialEquation"	RelError: 1.13435e-02	AbsError: 2.00000e-02
Iteration: 1
  Device: "part1_baseline"	RelError: 1.64535e-03	AbsError: 7.79685e+14
    Region: "bulk"	RelError: 1.63645e-03	AbsError: 7.79685e+14
      Equation: "ElectronContinuityEquation"	RelError: 6.18640e-05	AbsError: 7.79676e+14
      Equation: "HoleContinuityEquation"	RelError: 4.42406e-04	AbsError: 8.62578e+09
      Equation: "PotentialEquation"	RelError: 1.13218e-03	AbsError: 5.23800e-06
    Region: "oxide"	RelError: 8.89980e-06	AbsError: 5.23800e-06
      Equation: "PotentialEquation"	RelError: 8.89980e-06	AbsError: 5.23800e-06
Iteration: 2
  Device: "part1_baseline"	RelError: 1.32062e-07	AbsError: 6.90713e+09
    Region: "bulk"	RelError: 1.31963e-07	AbsError: 6.90713e+09
      Equation: "ElectronContinuityEquation"	RelError: 3.06772e-09	AbsError: 6.90637e+09
      Equation: "HoleContinuityEquation"	RelError: 3.00480e-08	AbsError: 7.66167e+05
      Equation: "PotentialEquation"	RelError: 9.88474e-08	AbsError: 6.92220e-11
    Region: "oxide"	RelError: 9.93354e-11	AbsError: 6.10206e-11
      Equation: "PotentialEquation"	RelError: 9.93354e-11	AbsError: 6.10206e-11
number of equations 6873
Iteration: 0
  Device: "part1_baseline"	RelError: 1.44745e-01	AbsError: 6.88512e+17
    Region: "bulk"	RelError: 1.33529e-01	AbsError: 6.88512e+17
      Equation: "ElectronContinuityEquation"	RelError: 2.07148e-02	AbsError: 6.88511e+17
      Equation: "HoleContinuityEquation"	RelError: 2.20907e-02	AbsError: 6.51665e+11
      Equation: "PotentialEquation"	RelError: 9.07234e-02	AbsError: 5.59508e-04
    Region: "oxide"	RelError: 1.12163e-02	AbsError: 2.00000e-02
      Equation: "PotentialEquation"	RelError: 1.12163e-02	AbsError: 2.00000e-02
Iteration: 1
  Device: "part1_baseline"	RelError: 1.48202e-03	AbsError: 7.54102e+14
    Region: "bulk"	RelError: 1.47344e-03	AbsError: 7.54102e+14
      Equation: "ElectronContinuityEquation"	RelError: 5.95793e-05	AbsError: 7.54094e+14
      Equation: "HoleContinuityEquation"	RelError: 4.26858e-04	AbsError: 8.24831e+09
      Equation: "PotentialEquation"	RelError: 9.87005e-04	AbsError: 5.05203e-06
    Region: "oxide"	RelError: 8.58260e-06	AbsError: 5.05203e-06
      Equation: "PotentialEquation"	RelError: 8.58260e-06	AbsError: 5.05203e-06
Iteration: 2
  Device: "part1_baseline"	RelError: 1.15179e-07	AbsError: 6.49958e+09
    Region: "bulk"	RelError: 1.15085e-07	AbsError: 6.49958e+09
      Equation: "ElectronContinuityEquation"	RelError: 2.85406e-09	AbsError: 6.49886e+09
      Equation: "HoleContinuityEquation"	RelError: 2.79411e-08	AbsError: 7.17585e+05
      Equation: "PotentialEquation"	RelError: 8.42900e-08	AbsError: 6.47428e-11
    Region: "oxide"	RelError: 9.36240e-11	AbsError: 5.75595e-11
      Equation: "PotentialEquation"	RelError: 9.36240e-11	AbsError: 5.75595e-11
number of equations 6873
Iteration: 0
  Device: "part1_baseline"	RelError: 1.34732e-01	AbsError: 6.89914e+17
    Region: "bulk"	RelError: 1.23640e-01	AbsError: 6.89914e+17
      Equation: "ElectronContinuityEquation"	RelError: 2.03368e-02	AbsError: 6.89913e+17
      Equation: "HoleContinuityEquation"	RelError: 2.17009e-02	AbsError: 6.35317e+11
      Equation: "PotentialEquation"	RelError: 8.16024e-02	AbsError: 5.49843e-04
    Region: "oxide"	RelError: 1.10919e-02	AbsError: 2.00000e-02
      Equation: "PotentialEquation"	RelError: 1.10919e-02	AbsError: 2.00000e-02
Iteration: 1
  Device: "part1_baseline"	RelError: 1.34742e-03	AbsError: 7.29720e+14
    Region: "bulk"	RelError: 1.33914e-03	AbsError: 7.29720e+14
      Equation: "ElectronContinuityEquation"	RelError: 5.74117e-05	AbsError: 7.29712e+14
      Equation: "HoleContinuityEquation"	RelError: 4.12099e-04	AbsError: 7.89323e+09
      Equation: "PotentialEquation"	RelError: 8.69626e-04	AbsError: 4.87579e-06
    Region: "oxide"	RelError: 8.28149e-06	AbsError: 4.87579e-06
      Equation: "PotentialEquation"	RelError: 8.28149e-06	AbsError: 4.87579e-06
Iteration: 2
  Device: "part1_baseline"	RelError: 1.01423e-07	AbsError: 6.12249e+09
    Region: "bulk"	RelError: 1.01335e-07	AbsError: 6.12249e+09
      Equation: "ElectronContinuityEquation"	RelError: 2.65839e-09	AbsError: 6.12182e+09
      Equation: "HoleContinuityEquation"	RelError: 2.60180e-08	AbsError: 6.72729e+05
      Equation: "PotentialEquation"	RelError: 7.26584e-08	AbsError: 6.06138e-11
    Region: "oxide"	RelError: 8.83156e-11	AbsError: 5.43398e-11
      Equation: "PotentialEquation"	RelError: 8.83156e-11	AbsError: 5.43398e-11
number of equations 6873
Iteration: 0
  Device: "part1_baseline"	RelError: 1.26294e-01	AbsError: 6.91272e+17
    Region: "bulk"	RelError: 1.15324e-01	AbsError: 6.91272e+17
      Equation: "ElectronContinuityEquation"	RelError: 1.99717e-02	AbsError: 6.91272e+17
      Equation: "HoleContinuityEquation"	RelError: 2.13243e-02	AbsError: 6.19668e+11
      Equation: "PotentialEquation"	RelError: 7.40280e-02	AbsError: 5.40501e-04
    Region: "oxide"	RelError: 1.09702e-02	AbsError: 2.00000e-02
      Equation: "PotentialEquation"	RelError: 1.09702e-02	AbsError: 2.00000e-02
Iteration: 1
  Device: "part1_baseline"	RelError: 1.23444e-03	AbsError: 7.06466e+14
    Region: "bulk"	RelError: 1.22644e-03	AbsError: 7.06466e+14
      Equation: "ElectronContinuityEquation"	RelError: 5.53536e-05	AbsError: 7.06459e+14
      Equation: "HoleContinuityEquation"	RelError: 3.98078e-04	AbsError: 7.55888e+09
      Equation: "PotentialEquation"	RelError: 7.73011e-04	AbsError: 4.70836e-06
    Region: "oxide"	RelError: 7.99542e-06	AbsError: 4.70836e-06
      Equation: "PotentialEquation"	RelError: 7.99542e-06	AbsError: 4.70836e-06
Iteration: 2
  Device: "part1_baseline"	RelError: 9.00179e-08	AbsError: 5.77311e+09
    Region: "bulk"	RelError: 8.99346e-08	AbsError: 5.77311e+09
      Equation: "ElectronContinuityEquation"	RelError: 2.47896e-09	AbsError: 5.77248e+09
      Equation: "HoleContinuityEquation"	RelError: 2.42544e-08	AbsError: 6.31268e+05
      Equation: "PotentialEquation"	RelError: 6.32012e-08	AbsError: 5.68032e-11
    Region: "oxide"	RelError: 8.33766e-11	AbsError: 5.13415e-11
      Equation: "PotentialEquation"	RelError: 8.33766e-11	AbsError: 5.13415e-11
number of equations 6873
Iteration: 0
  Device: "part1_baseline"	RelError: 1.19073e-01	AbsError: 6.92589e+17
    Region: "bulk"	RelError: 1.08222e-01	AbsError: 6.92589e+17
      Equation: "ElectronContinuityEquation"	RelError: 1.96189e-02	AbsError: 6.92589e+17
      Equation: "HoleContinuityEquation"	RelError: 2.09604e-02	AbsError: 6.04677e+11
      Equation: "PotentialEquation"	RelError: 6.76424e-02	AbsError: 5.31467e-04
    Region: "oxide"	RelError: 1.08512e-02	AbsError: 2.00000e-02
      Equation: "PotentialEquation"	RelError: 1.08512e-02	AbsError: 2.00000e-02
Iteration: 1
  Device: "part1_baseline"	RelError: 1.13817e-03	AbsError: 6.84275e+14
    Region: "bulk"	RelError: 1.13044e-03	AbsError: 6.84275e+14
      Equation: "ElectronContinuityEquation"	RelError: 5.33989e-05	AbsError: 6.84268e+14
      Equation: "HoleContinuityEquation"	RelError: 3.84747e-04	AbsError: 7.24374e+09
      Equation: "PotentialEquation"	RelError: 6.92298e-04	AbsError: 4.54912e-06
    Region: "oxide"	RelError: 7.72343e-06	AbsError: 4.54912e-06
      Equation: "PotentialEquation"	RelError: 7.72343e-06	AbsError: 4.54912e-06
Iteration: 2
  Device: "part1_baseline"	RelError: 8.04275e-08	AbsError: 5.44898e+09
    Region: "bulk"	RelError: 8.03487e-08	AbsError: 5.44898e+09
      Equation: "ElectronContinuityEquation"	RelError: 2.31420e-09	AbsError: 5.44839e+09
      Equation: "HoleContinuityEquation"	RelError: 2.26348e-08	AbsError: 5.92902e+05
      Equation: "PotentialEquation"	RelError: 5.53998e-08	AbsError: 5.32825e-11
    Region: "oxide"	RelError: 7.87768e-11	AbsError: 4.85466e-11
      Equation: "PotentialEquation"	RelError: 7.87768e-11	AbsError: 4.85466e-11
number of equations 6873
Iteration: 0
  Device: "part1_baseline"	RelError: 1.12811e-01	AbsError: 6.93867e+17
    Region: "bulk"	RelError: 1.02076e-01	AbsError: 6.93867e+17
      Equation: "ElectronContinuityEquation"	RelError: 1.92778e-02	AbsError: 6.93866e+17
      Equation: "HoleContinuityEquation"	RelError: 2.06086e-02	AbsError: 5.90307e+11
      Equation: "PotentialEquation"	RelError: 6.21900e-02	AbsError: 5.22725e-04
    Region: "oxide"	RelError: 1.07347e-02	AbsError: 2.00000e-02
      Equation: "PotentialEquation"	RelError: 1.07347e-02	AbsError: 2.00000e-02
Iteration: 1
  Device: "part1_baseline"	RelError: 1.05509e-03	AbsError: 6.63084e+14
    Region: "bulk"	RelError: 1.04762e-03	AbsError: 6.63084e+14
      Equation: "ElectronContinuityEquation"	RelError: 5.15408e-05	AbsError: 6.63077e+14
      Equation: "HoleContinuityEquation"	RelError: 3.72062e-04	AbsError: 6.94644e+09
      Equation: "PotentialEquation"	RelError: 6.24022e-04	AbsError: 4.39758e-06
    Region: "oxide"	RelError: 7.46464e-06	AbsError: 4.39758e-06
      Equation: "PotentialEquation"	RelError: 7.46464e-06	AbsError: 4.39758e-06
Iteration: 2
  Device: "part1_baseline"	RelError: 7.22678e-08	AbsError: 5.14790e+09
    Region: "bulk"	RelError: 7.21933e-08	AbsError: 5.14790e+09
      Equation: "ElectronContinuityEquation"	RelError: 2.16270e-09	AbsError: 5.14734e+09
      Equation: "HoleContinuityEquation"	RelError: 2.11455e-08	AbsError: 5.57360e+05
      Equation: "PotentialEquation"	RelError: 4.88851e-08	AbsError: 5.00469e-11
    Region: "oxide"	RelError: 7.44886e-11	AbsError: 4.59389e-11
      Equation: "PotentialEquation"	RelError: 7.44886e-11	AbsError: 4.59389e-11
number of equations 6873
Iteration: 0
  Device: "part1_baseline"	RelError: 1.07320e-01	AbsError: 6.95106e+17
    Region: "bulk"	RelError: 9.66991e-02	AbsError: 6.95106e+17
      Equation: "ElectronContinuityEquation"	RelError: 1.89478e-02	AbsError: 6.95106e+17
      Equation: "HoleContinuityEquation"	RelError: 2.02681e-02	AbsError: 5.76522e+11
      Equation: "PotentialEquation"	RelError: 5.74832e-02	AbsError: 5.14262e-04
    Region: "oxide"	RelError: 1.06207e-02	AbsError: 2.00000e-02
      Equation: "PotentialEquation"	RelError: 1.06207e-02	AbsError: 2.00000e-02
Iteration: 1
  Device: "part1_baseline"	RelError: 9.82630e-04	AbsError: 6.42834e+14
    Region: "bulk"	RelError: 9.75411e-04	AbsError: 6.42834e+14
      Equation: "ElectronContinuityEquation"	RelError: 4.97728e-05	AbsError: 6.42827e+14
      Equation: "HoleContinuityEquation"	RelError: 3.59995e-04	AbsError: 6.66571e+09
      Equation: "PotentialEquation"	RelError: 5.65644e-04	AbsError: 4.25343e-06
    Region: "oxide"	RelError: 7.21854e-06	AbsError: 4.25343e-06
      Equation: "PotentialEquation"	RelError: 7.21854e-06	AbsError: 4.25343e-06
Iteration: 2
  Device: "part1_baseline"	RelError: 6.52603e-08	AbsError: 4.86788e+09
    Region: "bulk"	RelError: 6.51898e-08	AbsError: 4.86788e+09
      Equation: "ElectronContinuityEquation"	RelError: 2.02322e-09	AbsError: 4.86735e+09
      Equation: "HoleContinuityEquation"	RelError: 1.97790e-08	AbsError: 5.24401e+05
      Equation: "PotentialEquation"	RelError: 4.33876e-08	AbsError: 4.70491e-11
    Region: "oxide"	RelError: 7.04871e-11	AbsError: 4.35036e-11
      Equation: "PotentialEquation"	RelError: 7.04871e-11	AbsError: 4.35036e-11
number of equations 6873
Iteration: 0
  Device: "part1_baseline"	RelError: 1.02458e-01	AbsError: 6.96310e+17
    Region: "bulk"	RelError: 9.19486e-02	AbsError: 6.96310e+17
      Equation: "ElectronContinuityEquation"	RelError: 1.86283e-02	AbsError: 6.96309e+17
      Equation: "HoleContinuityEquation"	RelError: 1.99387e-02	AbsError: 5.63290e+11
      Equation: "PotentialEquation"	RelError: 5.33816e-02	AbsError: 5.06066e-04
    Region: "oxide"	RelError: 1.05091e-02	AbsError: 2.00000e-02
      Equation: "PotentialEquation"	RelError: 1.05091e-02	AbsError: 2.00000e-02
Iteration: 1
  Device: "part1_baseline"	RelError: 9.18901e-04	AbsError: 6.23473e+14
    Region: "bulk"	RelError: 9.11917e-04	AbsError: 6.23473e+14
      Equation: "ElectronContinuityEquation"	RelError: 4.80894e-05	AbsError: 6.23467e+14
      Equation: "HoleContinuityEquation"	RelError: 3.48565e-04	AbsError: 6.40041e+09
      Equation: "PotentialEquation"	RelError: 5.15263e-04	AbsError: 4.11618e-06
    Region: "oxide"	RelError: 6.98459e-06	AbsError: 4.11618e-06
      Equation: "PotentialEquation"	RelError: 6.98459e-06	AbsError: 4.11618e-06
Iteration: 2
  Device: "part1_baseline"	RelError: 5.91889e-08	AbsError: 4.60714e+09
    Region: "bulk"	RelError: 5.91221e-08	AbsError: 4.60714e+09
      Equation: "ElectronContinuityEquation"	RelError: 1.89464e-09	AbsError: 4.60664e+09
      Equation: "HoleContinuityEquation"	RelError: 1.85212e-08	AbsError: 4.93806e+05
      Equation: "PotentialEquation"	RelError: 3.87064e-08	AbsError: 4.42689e-11
    Region: "oxide"	RelError: 6.67497e-11	AbsError: 4.12271e-11
      Equation: "PotentialEquation"	RelError: 6.67497e-11	AbsError: 4.12271e-11
number of equations 6873
Iteration: 0
  Device: "part1_baseline"	RelError: 9.81160e-02	AbsError: 6.97537e+17
    Region: "bulk"	RelError: 8.77162e-02	AbsError: 6.97537e+17
      Equation: "ElectronContinuityEquation"	RelError: 1.83190e-02	AbsError: 6.97537e+17
      Equation: "HoleContinuityEquation"	RelError: 1.96196e-02	AbsError: 5.50581e+11
      Equation: "PotentialEquation"	RelError: 4.97776e-02	AbsError: 4.98123e-04
    Region: "oxide"	RelError: 1.03998e-02	AbsError: 2.00000e-02
      Equation: "PotentialEquation"	RelError: 1.03998e-02	AbsError: 2.00000e-02
Iteration: 1
  Device: "part1_baseline"	RelError: 8.62338e-04	AbsError: 6.04951e+14
    Region: "bulk"	RelError: 8.55577e-04	AbsError: 6.04951e+14
      Equation: "ElectronContinuityEquation"	RelError: 4.64855e-05	AbsError: 6.04945e+14
      Equation: "HoleContinuityEquation"	RelError: 3.37662e-04	AbsError: 6.14947e+09
      Equation: "PotentialEquation"	RelError: 4.71430e-04	AbsError: 3.98527e-06
    Region: "oxide"	RelError: 6.76148e-06	AbsError: 3.98527e-06
      Equation: "PotentialEquation"	RelError: 6.76148e-06	AbsError: 3.98527e-06
Iteration: 2
  Device: "part1_baseline"	RelError: 5.38876e-08	AbsError: 4.36407e+09
    Region: "bulk"	RelError: 5.38243e-08	AbsError: 4.36407e+09
      Equation: "ElectronContinuityEquation"	RelError: 1.77597e-09	AbsError: 4.36360e+09
      Equation: "HoleContinuityEquation"	RelError: 1.73600e-08	AbsError: 4.65375e+05
      Equation: "PotentialEquation"	RelError: 3.46883e-08	AbsError: 4.16877e-11
    Region: "oxide"	RelError: 6.32558e-11	AbsError: 3.90973e-11
      Equation: "PotentialEquation"	RelError: 6.32558e-11	AbsError: 3.90973e-11
number of equations 6873
Iteration: 0
  Device: "part1_baseline"	RelError: 9.42103e-02	AbsError: 6.98741e+17
    Region: "bulk"	RelError: 8.39175e-02	AbsError: 6.98741e+17
      Equation: "ElectronContinuityEquation"	RelError: 1.80194e-02	AbsError: 6.98740e+17
      Equation: "HoleContinuityEquation"	RelError: 1.93105e-02	AbsError: 5.38367e+11
      Equation: "PotentialEquation"	RelError: 4.65877e-02	AbsError: 4.90423e-04
    Region: "oxide"	RelError: 1.02927e-02	AbsError: 2.00000e-02
      Equation: "PotentialEquation"	RelError: 1.02927e-02	AbsError: 2.00000e-02
Iteration: 1
  Device: "part1_baseline"	RelError: 8.11779e-04	AbsError: 5.87220e+14
    Region: "bulk"	RelError: 8.05231e-04	AbsError: 5.87220e+14
      Equation: "ElectronContinuityEquation"	RelError: 4.49564e-05	AbsError: 5.87214e+14
      Equation: "HoleContinuityEquation"	RelError: 3.27255e-04	AbsError: 5.91191e+09
      Equation: "PotentialEquation"	RelError: 4.33019e-04	AbsError: 3.86033e-06
    Region: "oxide"	RelError: 6.54858e-06	AbsError: 3.86033e-06
      Equation: "PotentialEquation"	RelError: 6.54858e-06	AbsError: 3.86033e-06
Iteration: 2
  Device: "part1_baseline"	RelError: 4.92285e-08	AbsError: 4.13723e+09
    Region: "bulk"	RelError: 4.91685e-08	AbsError: 4.13723e+09
      Equation: "ElectronContinuityEquation"	RelError: 1.66632e-09	AbsError: 4.13679e+09
      Equation: "HoleContinuityEquation"	RelError: 1.62869e-08	AbsError: 4.38932e+05
      Equation: "PotentialEquation"	RelError: 3.12154e-08	AbsError: 3.92889e-11
    Region: "oxide"	RelError: 5.99867e-11	AbsError: 3.71029e-11
      Equation: "PotentialEquation"	RelError: 5.99867e-11	AbsError: 3.71029e-11
number of equations 6873
Iteration: 0
  Device: "part1_baseline"	RelError: 9.06736e-02	AbsError: 6.99910e+17
    Region: "bulk"	RelError: 8.04858e-02	AbsError: 6.99910e+17
      Equation: "ElectronContinuityEquation"	RelError: 1.77290e-02	AbsError: 6.99909e+17
      Equation: "HoleContinuityEquation"	RelError: 1.90108e-02	AbsError: 5.26621e+11
      Equation: "PotentialEquation"	RelError: 4.37460e-02	AbsError: 4.82955e-04
    Region: "oxide"	RelError: 1.01879e-02	AbsError: 2.00000e-02
      Equation: "PotentialEquation"	RelError: 1.01879e-02	AbsError: 2.00000e-02
Iteration: 1
  Device: "part1_baseline"	RelError: 7.66303e-04	AbsError: 5.70238e+14
    Region: "bulk"	RelError: 7.59958e-04	AbsError: 5.70238e+14
      Equation: "ElectronContinuityEquation"	RelError: 4.34975e-05	AbsError: 5.70232e+14
      Equation: "HoleContinuityEquation"	RelError: 3.17315e-04	AbsError: 5.68744e+09
      Equation: "PotentialEquation"	RelError: 3.99146e-04	AbsError: 3.74104e-06
    Region: "oxide"	RelError: 6.34527e-06	AbsError: 3.74104e-06
      Equation: "PotentialEquation"	RelError: 6.34527e-06	AbsError: 3.74104e-06
Iteration: 2
  Device: "part1_baseline"	RelError: 4.51104e-08	AbsError: 3.92531e+09
    Region: "bulk"	RelError: 4.50535e-08	AbsError: 3.92531e+09
      Equation: "ElectronContinuityEquation"	RelError: 1.56489e-09	AbsError: 3.92490e+09
      Equation: "HoleContinuityEquation"	RelError: 1.52940e-08	AbsError: 4.14312e+05
      Equation: "PotentialEquation"	RelError: 2.81946e-08	AbsError: 3.70575e-11
    Region: "oxide"	RelError: 5.69252e-11	AbsError: 3.52338e-11
      Equation: "PotentialEquation"	RelError: 5.69252e-11	AbsError: 3.52338e-11
Adding 660 nodes
Adding 1560 edges with 0 duplicates removed
Adding 900 triangles  with 0 duplicate removed
Adding 2268 nodes
Adding 6607 edges with 0 duplicates removed
Adding 4340 triangles  with 0 duplicate removed
Adding 115 nodes
Adding 290 edges with 0 duplicates removed
Adding 176 triangles  with 0 duplicate removed
Adding 69 nodes
Adding 156 edges with 0 duplicates removed
Adding 88 triangles  with 0 duplicate removed
Contact body in region bulk with 63 nodes
Contact drain in region bulk with 21 nodes
Contact gate in region oxide with 23 nodes
Contact source in region bulk with 21 nodes
Adding interface bulk_oxide with 21, 21 nodes
Replacing Node Model DrainDoping in region bulk of material Silicon
Replacing Node Model NetDoping in region bulk of material Silicon
Replacing Node Model SourceDoping in region bulk of material Silicon
Replacing Node Model gatenodemodel in region oxide of material Oxide
number of equations 2337
Iteration: 0
  Device: "part1_baseline"	RelError: 2.00000e+00	AbsError: 2.02936e-01
    Region: "bulk"	RelError: 1.00000e+00	AbsError: 2.02936e-01
      Equation: "PotentialEquation"	RelError: 1.00000e+00	AbsError: 2.02936e-01
    Region: "oxide"	RelError: 1.00000e+00	AbsError: 1.30331e-01
      Equation: "PotentialEquation"	RelError: 1.00000e+00	AbsError: 1.30331e-01
Iteration: 1
  Device: "part1_baseline"	RelError: 9.97423e-01	AbsError: 2.02490e-01
    Region: "bulk"	RelError: 4.99589e-01	AbsError: 2.02490e-01
      Equation: "PotentialEquation"	RelError: 4.99589e-01	AbsError: 2.02490e-01
    Region: "oxide"	RelError: 4.97834e-01	AbsError: 1.29207e-01
      Equation: "PotentialEquation"	RelError: 4.97834e-01	AbsError: 1.29207e-01
Iteration: 2
  Device: "part1_baseline"	RelError: 9.67069e+00	AbsError: 1.49470e-01
    Region: "bulk"	RelError: 5.74603e-01	AbsError: 1.49470e-01
      Equation: "PotentialEquation"	RelError: 5.74603e-01	AbsError: 1.49470e-01
    Region: "oxide"	RelError: 9.09609e+00	AbsError: 8.35598e-02
      Equation: "PotentialEquation"	RelError: 9.09609e+00	AbsError: 8.35598e-02
Iteration: 3
  Device: "part1_baseline"	RelError: 3.85565e+00	AbsError: 8.09054e-02
    Region: "bulk"	RelError: 1.34714e+00	AbsError: 8.09054e-02
      Equation: "PotentialEquation"	RelError: 1.34714e+00	AbsError: 8.09054e-02
    Region: "oxide"	RelError: 2.50852e+00	AbsError: 5.74791e-02
      Equation: "PotentialEquation"	RelError: 2.50852e+00	AbsError: 5.74791e-02
Iteration: 4
  Device: "part1_baseline"	RelError: 5.72677e+01	AbsError: 8.06119e-02
    Region: "bulk"	RelError: 5.00866e+01	AbsError: 8.06119e-02
      Equation: "PotentialEquation"	RelError: 5.00866e+01	AbsError: 8.06119e-02
    Region: "oxide"	RelError: 7.18115e+00	AbsError: 5.46437e-02
      Equation: "PotentialEquation"	RelError: 7.18115e+00	AbsError: 5.46437e-02
Iteration: 5
  Device: "part1_baseline"	RelError: 1.63689e+02	AbsError: 7.94942e-02
    Region: "bulk"	RelError: 1.46855e+02	AbsError: 7.94942e-02
      Equation: "PotentialEquation"	RelError: 1.46855e+02	AbsError: 7.94942e-02
    Region: "oxide"	RelError: 1.68335e+01	AbsError: 4.99660e-02
      Equation: "PotentialEquation"	RelError: 1.68335e+01	AbsError: 4.99660e-02
Iteration: 6
  Device: "part1_baseline"	RelError: 1.41561e+02	AbsError: 7.77223e-02
    Region: "bulk"	RelError: 1.36578e+02	AbsError: 7.77223e-02
      Equation: "PotentialEquation"	RelError: 1.36578e+02	AbsError: 7.77223e-02
    Region: "oxide"	RelError: 4.98317e+00	AbsError: 4.38644e-02
      Equation: "PotentialEquation"	RelError: 4.98317e+00	AbsError: 4.38644e-02
Iteration: 7
  Device: "part1_baseline"	RelError: 1.26293e+02	AbsError: 7.52067e-02
    Region: "bulk"	RelError: 1.24396e+02	AbsError: 7.52067e-02
      Equation: "PotentialEquation"	RelError: 1.24396e+02	AbsError: 7.52067e-02
    Region: "oxide"	RelError: 1.89727e+00	AbsError: 3.60173e-02
      Equation: "PotentialEquation"	RelError: 1.89727e+00	AbsError: 3.60173e-02
Iteration: 8
  Device: "part1_baseline"	RelError: 1.04117e+02	AbsError: 7.14004e-02
    Region: "bulk"	RelError: 5.53988e+01	AbsError: 7.14004e-02
      Equation: "PotentialEquation"	RelError: 5.53988e+01	AbsError: 7.14004e-02
    Region: "oxide"	RelError: 4.87182e+01	AbsError: 2.60530e-02
      Equation: "PotentialEquation"	RelError: 4.87182e+01	AbsError: 2.60530e-02
Iteration: 9
  Device: "part1_baseline"	RelError: 1.02634e+02	AbsError: 6.47653e-02
    Region: "bulk"	RelError: 1.01601e+02	AbsError: 6.47653e-02
      Equation: "PotentialEquation"	RelError: 1.01601e+02	AbsError: 6.47653e-02
    Region: "oxide"	RelError: 1.03302e+00	AbsError: 1.92905e-02
      Equation: "PotentialEquation"	RelError: 1.03302e+00	AbsError: 1.92905e-02
Iteration: 10
  Device: "part1_baseline"	RelError: 1.76214e+01	AbsError: 5.22713e-02
    Region: "bulk"	RelError: 1.74378e+01	AbsError: 5.22713e-02
      Equation: "PotentialEquation"	RelError: 1.74378e+01	AbsError: 5.22713e-02
    Region: "oxide"	RelError: 1.83567e-01	AbsError: 3.20475e-03
      Equation: "PotentialEquation"	RelError: 1.83567e-01	AbsError: 3.20475e-03
Iteration: 11
  Device: "part1_baseline"	RelError: 6.14415e+00	AbsError: 3.98850e-02
    Region: "bulk"	RelError: 5.94239e+00	AbsError: 3.98850e-02
      Equation: "PotentialEquation"	RelError: 5.94239e+00	AbsError: 3.98850e-02
    Region: "oxide"	RelError: 2.01764e-01	AbsError: 2.63285e-03
      Equation: "PotentialEquation"	RelError: 2.01764e-01	AbsError: 2.63285e-03
Iteration: 12
  Device: "part1_baseline"	RelError: 7.35287e+00	AbsError: 2.58914e-02
    Region: "bulk"	RelError: 7.31202e+00	AbsError: 2.58914e-02
      Equation: "PotentialEquation"	RelError: 7.31202e+00	AbsError: 2.58914e-02
    Region: "oxide"	RelError: 4.08432e-02	AbsError: 4.35059e-04
      Equation: "PotentialEquation"	RelError: 4.08432e-02	AbsError: 4.35059e-04
Iteration: 13
  Device: "part1_baseline"	RelError: 8.89912e-01	AbsError: 8.94480e-03
    Region: "bulk"	RelError: 8.86401e-01	AbsError: 8.94480e-03
      Equation: "PotentialEquation"	RelError: 8.86401e-01	AbsError: 8.94480e-03
    Region: "oxide"	RelError: 3.51063e-03	AbsError: 2.94086e-05
      Equation: "PotentialEquation"	RelError: 3.51063e-03	AbsError: 2.94086e-05
Iteration: 14
  Device: "part1_baseline"	RelError: 3.22418e-02	AbsError: 3.51952e-04
    Region: "bulk"	RelError: 3.21806e-02	AbsError: 3.51952e-04
      Equation: "PotentialEquation"	RelError: 3.21806e-02	AbsError: 3.51952e-04
    Region: "oxide"	RelError: 6.12469e-05	AbsError: 4.14770e-07
      Equation: "PotentialEquation"	RelError: 6.12469e-05	AbsError: 4.14770e-07
Iteration: 15
  Device: "part1_baseline"	RelError: 5.15419e-05	AbsError: 9.48037e-07
    Region: "bulk"	RelError: 5.14724e-05	AbsError: 9.48037e-07
      Equation: "PotentialEquation"	RelError: 5.14724e-05	AbsError: 9.48037e-07
    Region: "oxide"	RelError: 6.94549e-08	AbsError: 4.26203e-10
      Equation: "PotentialEquation"	RelError: 6.94549e-08	AbsError: 4.26203e-10
Iteration: 16
  Device: "part1_baseline"	RelError: 2.50761e-10	AbsError: 7.17488e-12
    Region: "bulk"	RelError: 2.50456e-10	AbsError: 7.17488e-12
      Equation: "PotentialEquation"	RelError: 2.50456e-10	AbsError: 7.17488e-12
    Region: "oxide"	RelError: 3.04545e-13	AbsError: 1.84504e-15
      Equation: "PotentialEquation"	RelError: 3.04545e-13	AbsError: 1.84504e-15
Iteration: 17
  Device: "part1_baseline"	RelError: 1.03997e-20	AbsError: 4.32967e-22
    Region: "bulk"	RelError: 1.03876e-20	AbsError: 4.32967e-22
      Equation: "PotentialEquation"	RelError: 1.03876e-20	AbsError: 4.32967e-22
    Region: "oxide"	RelError: 1.21568e-23	AbsError: 7.34190e-26
      Equation: "PotentialEquation"	RelError: 1.21568e-23	AbsError: 7.34190e-26
Warning: Replacing equation with equation of the same name.
Region: bulk, Equation: PotentialEquation, Variable: Potential
number of equations 6873
Iteration: 0
  Device: "part1_baseline"	RelError: 1.89163e-28	AbsError: 1.43901e-13
    Region: "bulk"	RelError: 1.89162e-28	AbsError: 1.43901e-13
      Equation: "ElectronContinuityEquation"	RelError: 1.42749e-28	AbsError: 1.43885e-13
      Equation: "HoleContinuityEquation"	RelError: 4.63961e-29	AbsError: 1.63831e-17
      Equation: "PotentialEquation"	RelError: 1.73975e-32	AbsError: 2.95979e-34
    Region: "oxide"	RelError: 5.46249e-34	AbsError: 3.20414e-35
      Equation: "PotentialEquation"	RelError: 5.46249e-34	AbsError: 3.20414e-35
number of equations 6873
Iteration: 0
  Device: "part1_baseline"	RelError: 4.67668e+03	AbsError: 7.69844e+16
    Region: "bulk"	RelError: 4.67311e+03	AbsError: 7.69844e+16
      Equation: "ElectronContinuityEquation"	RelError: 3.63669e+03	AbsError: 7.55234e+16
      Equation: "HoleContinuityEquation"	RelError: 9.99000e+02	AbsError: 1.46104e+15
      Equation: "PotentialEquation"	RelError: 3.74212e+01	AbsError: 4.09542e-02
    Region: "oxide"	RelError: 3.57636e+00	AbsError: 1.84832e-02
      Equation: "PotentialEquation"	RelError: 3.57636e+00	AbsError: 1.84832e-02
Iteration: 1
  Device: "part1_baseline"	RelError: 1.01808e+03	AbsError: 1.41846e+15
    Region: "bulk"	RelError: 1.01801e+03	AbsError: 1.41846e+15
      Equation: "ElectronContinuityEquation"	RelError: 9.99000e+02	AbsError: 1.17646e+15
      Equation: "HoleContinuityEquation"	RelError: 9.98712e-01	AbsError: 2.41997e+14
      Equation: "PotentialEquation"	RelError: 1.80139e+01	AbsError: 3.07633e-02
    Region: "oxide"	RelError: 6.33676e-02	AbsError: 8.44544e-03
      Equation: "PotentialEquation"	RelError: 6.33676e-02	AbsError: 8.44544e-03
Iteration: 2
  Device: "part1_baseline"	RelError: 2.03853e+03	AbsError: 2.38270e+14
    Region: "bulk"	RelError: 2.03853e+03	AbsError: 2.38270e+14
      Equation: "ElectronContinuityEquation"	RelError: 1.09966e+01	AbsError: 2.03911e+14
      Equation: "HoleContinuityEquation"	RelError: 2.02585e+03	AbsError: 3.43588e+13
      Equation: "PotentialEquation"	RelError: 1.68386e+00	AbsError: 2.58474e-02
    Region: "oxide"	RelError: 3.28891e-03	AbsError: 1.31233e-05
      Equation: "PotentialEquation"	RelError: 3.28891e-03	AbsError: 1.31233e-05
Iteration: 3
  Device: "part1_baseline"	RelError: 1.74688e+00	AbsError: 5.60527e+14
    Region: "bulk"	RelError: 1.74617e+00	AbsError: 5.60527e+14
      Equation: "ElectronContinuityEquation"	RelError: 7.30817e-01	AbsError: 5.59838e+14
      Equation: "HoleContinuityEquation"	RelError: 9.98262e-01	AbsError: 6.88850e+11
      Equation: "PotentialEquation"	RelError: 1.70931e-02	AbsError: 9.16539e-03
    Region: "oxide"	RelError: 7.11179e-04	AbsError: 4.07956e-06
      Equation: "PotentialEquation"	RelError: 7.11179e-04	AbsError: 4.07956e-06
Iteration: 4
  Device: "part1_baseline"	RelError: 4.92670e-01	AbsError: 7.05282e+14
    Region: "bulk"	RelError: 4.91384e-01	AbsError: 7.05282e+14
      Equation: "ElectronContinuityEquation"	RelError: 5.57573e-02	AbsError: 7.04393e+14
      Equation: "HoleContinuityEquation"	RelError: 4.05564e-01	AbsError: 8.88881e+11
      Equation: "PotentialEquation"	RelError: 3.00623e-02	AbsError: 9.32942e-05
    Region: "oxide"	RelError: 1.28631e-03	AbsError: 3.78938e-06
      Equation: "PotentialEquation"	RelError: 1.28631e-03	AbsError: 3.78938e-06
Iteration: 5
  Device: "part1_baseline"	RelError: 4.92583e-04	AbsError: 3.93476e+11
    Region: "bulk"	RelError: 4.92263e-04	AbsError: 3.93476e+11
      Equation: "ElectronContinuityEquation"	RelError: 5.53522e-05	AbsError: 3.93156e+11
      Equation: "HoleContinuityEquation"	RelError: 4.27687e-04	AbsError: 3.19763e+08
      Equation: "PotentialEquation"	RelError: 9.22346e-06	AbsError: 4.70088e-08
    Region: "oxide"	RelError: 3.19775e-07	AbsError: 8.10624e-10
      Equation: "PotentialEquation"	RelError: 3.19775e-07	AbsError: 8.10624e-10
Iteration: 6
  Device: "part1_baseline"	RelError: 1.52249e-10	AbsError: 1.14854e+05
    Region: "bulk"	RelError: 1.52185e-10	AbsError: 1.14854e+05
      Equation: "ElectronContinuityEquation"	RelError: 1.50452e-11	AbsError: 1.14776e+05
      Equation: "HoleContinuityEquation"	RelError: 1.35080e-10	AbsError: 7.79907e+01
      Equation: "PotentialEquation"	RelError: 2.05947e-12	AbsError: 1.35349e-14
    Region: "oxide"	RelError: 6.38476e-14	AbsError: 1.61852e-16
      Equation: "PotentialEquation"	RelError: 6.38476e-14	AbsError: 1.61852e-16
number of equations 6873
Iteration: 0
  Device: "part1_baseline"	RelError: 2.01562e+03	AbsError: 7.80916e+16
    Region: "bulk"	RelError: 2.01423e+03	AbsError: 7.80916e+16
      Equation: "ElectronContinuityEquation"	RelError: 9.99000e+02	AbsError: 7.66664e+16
      Equation: "HoleContinuityEquation"	RelError: 9.99000e+02	AbsError: 1.42517e+15
      Equation: "PotentialEquation"	RelError: 1.62287e+01	AbsError: 4.09542e-02
    Region: "oxide"	RelError: 1.39506e+00	AbsError: 1.84311e-02
      Equation: "PotentialEquation"	RelError: 1.39506e+00	AbsError: 1.84311e-02
Iteration: 1
  Device: "part1_baseline"	RelError: 1.09786e+03	AbsError: 1.11293e+15
    Region: "bulk"	RelError: 1.09781e+03	AbsError: 1.11293e+15
      Equation: "ElectronContinuityEquation"	RelError: 9.99000e+02	AbsError: 9.02551e+14
      Equation: "HoleContinuityEquation"	RelError: 9.98612e-01	AbsError: 2.10379e+14
      Equation: "PotentialEquation"	RelError: 9.78079e+01	AbsError: 3.07633e-02
    Region: "oxide"	RelError: 5.26237e-02	AbsError: 8.42574e-03
      Equation: "PotentialEquation"	RelError: 5.26237e-02	AbsError: 8.42574e-03
Iteration: 2
  Device: "part1_baseline"	RelError: 1.08264e+03	AbsError: 1.64252e+14
    Region: "bulk"	RelError: 1.08264e+03	AbsError: 1.64252e+14
      Equation: "ElectronContinuityEquation"	RelError: 6.87067e+00	AbsError: 1.45468e+14
      Equation: "HoleContinuityEquation"	RelError: 1.07414e+03	AbsError: 1.87836e+13
      Equation: "PotentialEquation"	RelError: 1.62952e+00	AbsError: 2.58482e-02
    Region: "oxide"	RelError: 5.11512e-04	AbsError: 4.52197e-06
      Equation: "PotentialEquation"	RelError: 5.11512e-04	AbsError: 4.52197e-06
Iteration: 3
  Device: "part1_baseline"	RelError: 1.84541e+00	AbsError: 4.11441e+14
    Region: "bulk"	RelError: 1.84537e+00	AbsError: 4.11441e+14
      Equation: "ElectronContinuityEquation"	RelError: 7.42840e-01	AbsError: 4.10889e+14
      Equation: "HoleContinuityEquation"	RelError: 9.97595e-01	AbsError: 5.51840e+11
      Equation: "PotentialEquation"	RelError: 1.04933e-01	AbsError: 9.16538e-03
    Region: "oxide"	RelError: 3.96385e-05	AbsError: 1.08526e-06
      Equation: "PotentialEquation"	RelError: 3.96385e-05	AbsError: 1.08526e-06
Iteration: 4
  Device: "part1_baseline"	RelError: 5.29946e-01	AbsError: 5.25835e+14
    Region: "bulk"	RelError: 5.29678e-01	AbsError: 5.25835e+14
      Equation: "ElectronContinuityEquation"	RelError: 5.83794e-02	AbsError: 5.25148e+14
      Equation: "HoleContinuityEquation"	RelError: 3.29463e-01	AbsError: 6.87348e+11
      Equation: "PotentialEquation"	RelError: 1.41835e-01	AbsError: 8.09674e-05
    Region: "oxide"	RelError: 2.68392e-04	AbsError: 1.82452e-06
      Equation: "PotentialEquation"	RelError: 2.68392e-04	AbsError: 1.82452e-06
Iteration: 5
  Device: "part1_baseline"	RelError: 2.37303e-04	AbsError: 2.19795e+11
    Region: "bulk"	RelError: 2.37243e-04	AbsError: 2.19795e+11
      Equation: "ElectronContinuityEquation"	RelError: 3.61933e-05	AbsError: 2.19586e+11
      Equation: "HoleContinuityEquation"	RelError: 1.53709e-04	AbsError: 2.08920e+08
      Equation: "PotentialEquation"	RelError: 4.73411e-05	AbsError: 3.26030e-08
    Region: "oxide"	RelError: 5.97081e-08	AbsError: 3.83263e-10
      Equation: "PotentialEquation"	RelError: 5.97081e-08	AbsError: 3.83263e-10
Iteration: 6
  Device: "part1_baseline"	RelError: 6.58735e-11	AbsError: 3.62569e+04
    Region: "bulk"	RelError: 6.58645e-11	AbsError: 3.62569e+04
      Equation: "ElectronContinuityEquation"	RelError: 8.28449e-12	AbsError: 3.62165e+04
      Equation: "HoleContinuityEquation"	RelError: 4.78189e-11	AbsError: 4.04084e+01
      Equation: "PotentialEquation"	RelError: 9.76114e-12	AbsError: 7.82738e-15
    Region: "oxide"	RelError: 8.97111e-15	AbsError: 5.75851e-17
      Equation: "PotentialEquation"	RelError: 8.97111e-15	AbsError: 5.75851e-17
number of equations 6873
Iteration: 0
  Device: "part1_baseline"	RelError: 2.01050e+03	AbsError: 7.80841e+16
    Region: "bulk"	RelError: 2.00986e+03	AbsError: 7.80841e+16
      Equation: "ElectronContinuityEquation"	RelError: 9.99000e+02	AbsError: 7.68656e+16
      Equation: "HoleContinuityEquation"	RelError: 9.99000e+02	AbsError: 1.21858e+15
      Equation: "PotentialEquation"	RelError: 1.18630e+01	AbsError: 4.09542e-02
    Region: "oxide"	RelError: 6.39255e-01	AbsError: 1.84184e-02
      Equation: "PotentialEquation"	RelError: 6.39255e-01	AbsError: 1.84184e-02
Iteration: 1
  Device: "part1_baseline"	RelError: 2.00512e+03	AbsError: 8.23604e+14
    Region: "bulk"	RelError: 2.00507e+03	AbsError: 8.23604e+14
      Equation: "ElectronContinuityEquation"	RelError: 9.99000e+02	AbsError: 6.59439e+14
      Equation: "HoleContinuityEquation"	RelError: 9.99000e+02	AbsError: 1.64165e+14
      Equation: "PotentialEquation"	RelError: 7.07293e+00	AbsError: 3.07633e-02
    Region: "oxide"	RelError: 4.50532e-02	AbsError: 8.42257e-03
      Equation: "PotentialEquation"	RelError: 4.50532e-02	AbsError: 8.42257e-03
Iteration: 2
  Device: "part1_baseline"	RelError: 1.00456e+03	AbsError: 1.47090e+14
    Region: "bulk"	RelError: 1.00456e+03	AbsError: 1.47090e+14
      Equation: "ElectronContinuityEquation"	RelError: 5.41127e+00	AbsError: 1.37066e+14
      Equation: "HoleContinuityEquation"	RelError: 9.99000e+02	AbsError: 1.00234e+13
      Equation: "PotentialEquation"	RelError: 1.46008e-01	AbsError: 2.58460e-02
    Region: "oxide"	RelError: 9.61259e-05	AbsError: 1.67711e-06
      Equation: "PotentialEquation"	RelError: 9.61259e-05	AbsError: 1.67711e-06
Iteration: 3
  Device: "part1_baseline"	RelError: 1.77821e+00	AbsError: 1.90148e+15
    Region: "bulk"	RelError: 1.77812e+00	AbsError: 1.90148e+15
      Equation: "ElectronContinuityEquation"	RelError: 7.65960e-01	AbsError: 1.90077e+15
      Equation: "HoleContinuityEquation"	RelError: 1.00000e+00	AbsError: 7.08847e+11
      Equation: "PotentialEquation"	RelError: 1.21579e-02	AbsError: 9.16577e-03
    Region: "oxide"	RelError: 8.91897e-05	AbsError: 1.21863e-06
      Equation: "PotentialEquation"	RelError: 8.91897e-05	AbsError: 1.21863e-06
Iteration: 4
  Device: "part1_baseline"	RelError: 1.98106e-01	AbsError: 2.01697e+15
    Region: "bulk"	RelError: 1.97967e-01	AbsError: 2.01697e+15
      Equation: "ElectronContinuityEquation"	RelError: 6.04752e-02	AbsError: 2.01614e+15
      Equation: "HoleContinuityEquation"	RelError: 1.23280e-01	AbsError: 8.27275e+11
      Equation: "PotentialEquation"	RelError: 1.42112e-02	AbsError: 2.39387e-04
    Region: "oxide"	RelError: 1.39791e-04	AbsError: 1.96109e-06
      Equation: "PotentialEquation"	RelError: 1.39791e-04	AbsError: 1.96109e-06
Iteration: 5
  Device: "part1_baseline"	RelError: 1.32482e-04	AbsError: 2.06402e+12
    Region: "bulk"	RelError: 1.32413e-04	AbsError: 2.06402e+12
      Equation: "ElectronContinuityEquation"	RelError: 1.02564e-04	AbsError: 2.06362e+12
      Equation: "HoleContinuityEquation"	RelError: 2.19754e-05	AbsError: 3.98461e+08
      Equation: "PotentialEquation"	RelError: 7.87415e-06	AbsError: 2.22291e-07
    Region: "oxide"	RelError: 6.87360e-08	AbsError: 9.47328e-10
      Equation: "PotentialEquation"	RelError: 6.87360e-08	AbsError: 9.47328e-10
Iteration: 6
  Device: "part1_baseline"	RelError: 1.60537e-10	AbsError: 2.05679e+06
    Region: "bulk"	RelError: 1.60480e-10	AbsError: 2.05679e+06
      Equation: "ElectronContinuityEquation"	RelError: 1.32894e-10	AbsError: 2.05647e+06
      Equation: "HoleContinuityEquation"	RelError: 2.10246e-11	AbsError: 3.19483e+02
      Equation: "PotentialEquation"	RelError: 6.56189e-12	AbsError: 2.19702e-13
    Region: "oxide"	RelError: 5.70149e-14	AbsError: 7.88960e-16
      Equation: "PotentialEquation"	RelError: 5.70149e-14	AbsError: 7.88960e-16
number of equations 6873
Iteration: 0
  Device: "part1_baseline"	RelError: 3.56403e+03	AbsError: 7.75721e+16
    Region: "bulk"	RelError: 3.56224e+03	AbsError: 7.75721e+16
      Equation: "ElectronContinuityEquation"	RelError: 2.51712e+03	AbsError: 7.64755e+16
      Equation: "HoleContinuityEquation"	RelError: 9.99000e+02	AbsError: 1.09657e+15
      Equation: "PotentialEquation"	RelError: 4.61206e+01	AbsError: 4.09542e-02
    Region: "oxide"	RelError: 1.78674e+00	AbsError: 1.84176e-02
      Equation: "PotentialEquation"	RelError: 1.78674e+00	AbsError: 1.84176e-02
Iteration: 1
  Device: "part1_baseline"	RelError: 2.00265e+03	AbsError: 7.65932e+14
    Region: "bulk"	RelError: 2.00261e+03	AbsError: 7.65932e+14
      Equation: "ElectronContinuityEquation"	RelError: 9.99000e+02	AbsError: 5.99757e+14
      Equation: "HoleContinuityEquation"	RelError: 9.99000e+02	AbsError: 1.66176e+14
      Equation: "PotentialEquation"	RelError: 4.60998e+00	AbsError: 3.07633e-02
    Region: "oxide"	RelError: 3.94053e-02	AbsError: 8.42433e-03
      Equation: "PotentialEquation"	RelError: 3.94053e-02	AbsError: 8.42433e-03
Iteration: 2
  Device: "part1_baseline"	RelError: 1.00338e+03	AbsError: 1.34687e+14
    Region: "bulk"	RelError: 1.00338e+03	AbsError: 1.34687e+14
      Equation: "ElectronContinuityEquation"	RelError: 4.30527e+00	AbsError: 1.28681e+14
      Equation: "HoleContinuityEquation"	RelError: 9.99000e+02	AbsError: 6.00623e+12
      Equation: "PotentialEquation"	RelError: 7.81454e-02	AbsError: 2.58392e-02
    Region: "oxide"	RelError: 1.22631e-04	AbsError: 7.05096e-07
      Equation: "PotentialEquation"	RelError: 1.22631e-04	AbsError: 7.05096e-07
Iteration: 3
  Device: "part1_baseline"	RelError: 1.80053e+00	AbsError: 1.70795e+15
    Region: "bulk"	RelError: 1.80030e+00	AbsError: 1.70795e+15
      Equation: "ElectronContinuityEquation"	RelError: 7.83909e-01	AbsError: 1.70738e+15
      Equation: "HoleContinuityEquation"	RelError: 1.00000e+00	AbsError: 5.70329e+11
      Equation: "PotentialEquation"	RelError: 1.63930e-02	AbsError: 9.16571e-03
    Region: "oxide"	RelError: 2.23926e-04	AbsError: 1.15815e-06
      Equation: "PotentialEquation"	RelError: 2.23926e-04	AbsError: 1.15815e-06
Iteration: 4
  Device: "part1_baseline"	RelError: 8.97707e-02	AbsError: 1.82100e+15
    Region: "bulk"	RelError: 8.94643e-02	AbsError: 1.82100e+15
      Equation: "ElectronContinuityEquation"	RelError: 6.22524e-02	AbsError: 1.82033e+15
      Equation: "HoleContinuityEquation"	RelError: 7.17990e-03	AbsError: 6.61547e+11
      Equation: "PotentialEquation"	RelError: 2.00320e-02	AbsError: 2.13706e-04
    Region: "oxide"	RelError: 3.06401e-04	AbsError: 1.53905e-06
      Equation: "PotentialEquation"	RelError: 3.06401e-04	AbsError: 1.53905e-06
Iteration: 5
  Device: "part1_baseline"	RelError: 3.21923e-04	AbsError: 1.79774e+12
    Region: "bulk"	RelError: 3.21760e-04	AbsError: 1.79774e+12
      Equation: "ElectronContinuityEquation"	RelError: 9.43388e-05	AbsError: 1.79742e+12
      Equation: "HoleContinuityEquation"	RelError: 2.16439e-04	AbsError: 3.19846e+08
      Equation: "PotentialEquation"	RelError: 1.09824e-05	AbsError: 1.94132e-07
    Region: "oxide"	RelError: 1.62716e-07	AbsError: 8.17331e-10
      Equation: "PotentialEquation"	RelError: 1.62716e-07	AbsError: 8.17331e-10
Iteration: 6
  Device: "part1_baseline"	RelError: 3.94944e-10	AbsError: 1.65923e+06
    Region: "bulk"	RelError: 3.94809e-10	AbsError: 1.65923e+06
      Equation: "ElectronContinuityEquation"	RelError: 1.07942e-10	AbsError: 1.65898e+06
      Equation: "HoleContinuityEquation"	RelError: 2.77883e-10	AbsError: 2.49265e+02
      Equation: "PotentialEquation"	RelError: 8.98328e-12	AbsError: 1.78189e-13
    Region: "oxide"	RelError: 1.34964e-13	AbsError: 6.77920e-16
      Equation: "PotentialEquation"	RelError: 1.34964e-13	AbsError: 6.77920e-16
number of equations 6873
Iteration: 0
  Device: "part1_baseline"	RelError: 2.33184e+03	AbsError: 7.67580e+16
    Region: "bulk"	RelError: 2.32727e+03	AbsError: 7.67580e+16
      Equation: "ElectronContinuityEquation"	RelError: 9.99000e+02	AbsError: 7.57040e+16
      Equation: "HoleContinuityEquation"	RelError: 1.31683e+03	AbsError: 1.05402e+15
      Equation: "PotentialEquation"	RelError: 1.14361e+01	AbsError: 4.09542e-02
    Region: "oxide"	RelError: 4.57679e+00	AbsError: 1.84202e-02
      Equation: "PotentialEquation"	RelError: 4.57679e+00	AbsError: 1.84202e-02
Iteration: 1
  Device: "part1_baseline"	RelError: 2.01013e+03	AbsError: 7.08841e+14
    Region: "bulk"	RelError: 2.01009e+03	AbsError: 7.08841e+14
      Equation: "ElectronContinuityEquation"	RelError: 9.99000e+02	AbsError: 5.78581e+14
      Equation: "HoleContinuityEquation"	RelError: 9.99000e+02	AbsError: 1.30259e+14
      Equation: "PotentialEquation"	RelError: 1.20927e+01	AbsError: 3.07632e-02
    Region: "oxide"	RelError: 3.50215e-02	AbsError: 8.42734e-03
      Equation: "PotentialEquation"	RelError: 3.50215e-02	AbsError: 8.42734e-03
Iteration: 2
  Device: "part1_baseline"	RelError: 1.00246e+03	AbsError: 1.26799e+14
    Region: "bulk"	RelError: 1.00246e+03	AbsError: 1.26799e+14
      Equation: "ElectronContinuityEquation"	RelError: 3.40580e+00	AbsError: 1.20480e+14
      Equation: "HoleContinuityEquation"	RelError: 9.99000e+02	AbsError: 6.31935e+12
      Equation: "PotentialEquation"	RelError: 5.36037e-02	AbsError: 2.58920e-02
    Region: "oxide"	RelError: 2.26073e-04	AbsError: 3.53098e-07
      Equation: "PotentialEquation"	RelError: 2.26073e-04	AbsError: 3.53098e-07
Iteration: 3
  Device: "part1_baseline"	RelError: 1.81168e+00	AbsError: 1.51405e+15
    Region: "bulk"	RelError: 1.81090e+00	AbsError: 1.51405e+15
      Equation: "ElectronContinuityEquation"	RelError: 7.97885e-01	AbsError: 1.51358e+15
      Equation: "HoleContinuityEquation"	RelError: 1.00000e+00	AbsError: 4.71784e+11
      Equation: "PotentialEquation"	RelError: 1.30187e-02	AbsError: 9.16565e-03
    Region: "oxide"	RelError: 7.75415e-04	AbsError: 1.03319e-06
      Equation: "PotentialEquation"	RelError: 7.75415e-04	AbsError: 1.03319e-06
Iteration: 4
  Device: "part1_baseline"	RelError: 1.18688e-01	AbsError: 1.62163e+15
    Region: "bulk"	RelError: 1.17746e-01	AbsError: 1.62163e+15
      Equation: "ElectronContinuityEquation"	RelError: 6.37155e-02	AbsError: 1.62109e+15
      Equation: "HoleContinuityEquation"	RelError: 3.84974e-02	AbsError: 5.47134e+11
      Equation: "PotentialEquation"	RelError: 1.55336e-02	AbsError: 1.88762e-04
    Region: "oxide"	RelError: 9.41432e-04	AbsError: 1.26597e-06
      Equation: "PotentialEquation"	RelError: 9.41432e-04	AbsError: 1.26597e-06
Iteration: 5
  Device: "part1_baseline"	RelError: 2.42664e-03	AbsError: 1.50302e+12
    Region: "bulk"	RelError: 2.42613e-03	AbsError: 1.50302e+12
      Equation: "ElectronContinuityEquation"	RelError: 8.42733e-05	AbsError: 1.50276e+12
      Equation: "HoleContinuityEquation"	RelError: 2.33325e-03	AbsError: 2.53195e+08
      Equation: "PotentialEquation"	RelError: 8.60793e-06	AbsError: 1.62817e-07
    Region: "oxide"	RelError: 5.17110e-07	AbsError: 6.93070e-10
      Equation: "PotentialEquation"	RelError: 5.17110e-07	AbsError: 6.93070e-10
Iteration: 6
  Device: "part1_baseline"	RelError: 2.58958e-09	AbsError: 1.22211e+06
    Region: "bulk"	RelError: 2.58919e-09	AbsError: 1.22211e+06
      Equation: "ElectronContinuityEquation"	RelError: 8.56988e-11	AbsError: 1.22193e+06
      Equation: "HoleContinuityEquation"	RelError: 2.49712e-09	AbsError: 1.76975e+02
      Equation: "PotentialEquation"	RelError: 6.37409e-12	AbsError: 1.31842e-13
    Region: "oxide"	RelError: 3.89057e-13	AbsError: 5.25916e-16
      Equation: "PotentialEquation"	RelError: 3.89057e-13	AbsError: 5.25916e-16
number of equations 6873
Iteration: 0
  Device: "part1_baseline"	RelError: 2.18358e+04	AbsError: 7.56150e+16
    Region: "bulk"	RelError: 2.18345e+04	AbsError: 7.56150e+16
      Equation: "ElectronContinuityEquation"	RelError: 9.99000e+02	AbsError: 7.46760e+16
      Equation: "HoleContinuityEquation"	RelError: 2.07842e+04	AbsError: 9.38963e+14
      Equation: "PotentialEquation"	RelError: 5.13119e+01	AbsError: 4.09542e-02
    Region: "oxide"	RelError: 1.27447e+00	AbsError: 1.84234e-02
      Equation: "PotentialEquation"	RelError: 1.27447e+00	AbsError: 1.84234e-02
Iteration: 1
  Device: "part1_baseline"	RelError: 2.00792e+03	AbsError: 7.52124e+14
    Region: "bulk"	RelError: 2.00789e+03	AbsError: 7.52124e+14
      Equation: "ElectronContinuityEquation"	RelError: 9.99000e+02	AbsError: 6.45503e+14
      Equation: "HoleContinuityEquation"	RelError: 9.99000e+02	AbsError: 1.06621e+14
      Equation: "PotentialEquation"	RelError: 9.88961e+00	AbsError: 3.07632e-02
    Region: "oxide"	RelError: 3.15171e-02	AbsError: 8.43041e-03
      Equation: "PotentialEquation"	RelError: 3.15171e-02	AbsError: 8.43041e-03
Iteration: 2
  Device: "part1_baseline"	RelError: 1.00110e+03	AbsError: 1.14485e+14
    Region: "bulk"	RelError: 1.00110e+03	AbsError: 1.14485e+14
      Equation: "ElectronContinuityEquation"	RelError: 2.10101e+00	AbsError: 1.11192e+14
      Equation: "HoleContinuityEquation"	RelError: 9.98946e+02	AbsError: 3.29249e+12
      Equation: "PotentialEquation"	RelError: 5.27654e-02	AbsError: 2.58755e-02
    Region: "oxide"	RelError: 4.15547e-05	AbsError: 2.16545e-07
      Equation: "PotentialEquation"	RelError: 4.15547e-05	AbsError: 2.16545e-07
Iteration: 3
  Device: "part1_baseline"	RelError: 1.81697e+00	AbsError: 1.32568e+15
    Region: "bulk"	RelError: 1.81679e+00	AbsError: 1.32568e+15
      Equation: "ElectronContinuityEquation"	RelError: 8.06703e-01	AbsError: 1.32531e+15
      Equation: "HoleContinuityEquation"	RelError: 1.00000e+00	AbsError: 3.71386e+11
      Equation: "PotentialEquation"	RelError: 1.00889e-02	AbsError: 9.16560e-03
    Region: "oxide"	RelError: 1.82209e-04	AbsError: 8.87782e-07
      Equation: "PotentialEquation"	RelError: 1.82209e-04	AbsError: 8.87782e-07
Iteration: 4
  Device: "part1_baseline"	RelError: 1.33109e-01	AbsError: 1.42572e+15
    Region: "bulk"	RelError: 1.32892e-01	AbsError: 1.42572e+15
      Equation: "ElectronContinuityEquation"	RelError: 6.49366e-02	AbsError: 1.42529e+15
      Equation: "HoleContinuityEquation"	RelError: 5.63231e-02	AbsError: 4.34657e+11
      Equation: "PotentialEquation"	RelError: 1.16327e-02	AbsError: 1.64898e-04
    Region: "oxide"	RelError: 2.16321e-04	AbsError: 1.05436e-06
      Equation: "PotentialEquation"	RelError: 2.16321e-04	AbsError: 1.05436e-06
Iteration: 5
  Device: "part1_baseline"	RelError: 3.53262e-03	AbsError: 1.21074e+12
    Region: "bulk"	RelError: 3.53251e-03	AbsError: 1.21074e+12
      Equation: "ElectronContinuityEquation"	RelError: 7.79931e-05	AbsError: 1.21055e+12
      Equation: "HoleContinuityEquation"	RelError: 3.44832e-03	AbsError: 1.89546e+08
      Equation: "PotentialEquation"	RelError: 6.19598e-06	AbsError: 1.31536e-07
    Region: "oxide"	RelError: 1.16035e-07	AbsError: 5.67874e-10
      Equation: "PotentialEquation"	RelError: 1.16035e-07	AbsError: 5.67874e-10
Iteration: 6
  Device: "part1_baseline"	RelError: 2.28083e-09	AbsError: 8.27784e+05
    Region: "bulk"	RelError: 2.28076e-09	AbsError: 8.27784e+05
      Equation: "ElectronContinuityEquation"	RelError: 6.49980e-11	AbsError: 8.27669e+05
      Equation: "HoleContinuityEquation"	RelError: 2.21183e-09	AbsError: 1.14582e+02
      Equation: "PotentialEquation"	RelError: 3.92799e-12	AbsError: 8.96346e-14
    Region: "oxide"	RelError: 7.51432e-14	AbsError: 3.70921e-16
      Equation: "PotentialEquation"	RelError: 7.51432e-14	AbsError: 3.70921e-16
number of equations 6873
Iteration: 0
  Device: "part1_baseline"	RelError: 2.64466e+03	AbsError: 7.43159e+16
    Region: "bulk"	RelError: 2.64410e+03	AbsError: 7.43159e+16
      Equation: "ElectronContinuityEquation"	RelError: 9.99000e+02	AbsError: 7.34679e+16
      Equation: "HoleContinuityEquation"	RelError: 1.63133e+03	AbsError: 8.47991e+14
      Equation: "PotentialEquation"	RelError: 1.37655e+01	AbsError: 4.09542e-02
    Region: "oxide"	RelError: 5.60666e-01	AbsError: 1.84265e-02
      Equation: "PotentialEquation"	RelError: 5.60666e-01	AbsError: 1.84265e-02
Iteration: 1
  Device: "part1_baseline"	RelError: 1.99996e+03	AbsError: 7.84564e+14
    Region: "bulk"	RelError: 1.99993e+03	AbsError: 7.84564e+14
      Equation: "ElectronContinuityEquation"	RelError: 9.99000e+02	AbsError: 6.94255e+14
      Equation: "HoleContinuityEquation"	RelError: 9.99000e+02	AbsError: 9.03093e+13
      Equation: "PotentialEquation"	RelError: 1.93424e+00	AbsError: 3.07632e-02
    Region: "oxide"	RelError: 2.86506e-02	AbsError: 8.43318e-03
      Equation: "PotentialEquation"	RelError: 2.86506e-02	AbsError: 8.43318e-03
Iteration: 2
  Device: "part1_baseline"	RelError: 1.16647e+01	AbsError: 1.03298e+14
    Region: "bulk"	RelError: 1.16647e+01	AbsError: 1.03298e+14
      Equation: "ElectronContinuityEquation"	RelError: 9.99998e-01	AbsError: 1.01776e+14
      Equation: "HoleContinuityEquation"	RelError: 1.06254e+01	AbsError: 1.52173e+12
      Equation: "PotentialEquation"	RelError: 3.93330e-02	AbsError: 2.58542e-02
    Region: "oxide"	RelError: 1.41544e-05	AbsError: 1.61811e-07
      Equation: "PotentialEquation"	RelError: 1.41544e-05	AbsError: 1.61811e-07
Iteration: 3
  Device: "part1_baseline"	RelError: 1.56797e+00	AbsError: 1.14727e+15
    Region: "bulk"	RelError: 1.56790e+00	AbsError: 1.14727e+15
      Equation: "ElectronContinuityEquation"	RelError: 7.94031e-01	AbsError: 1.14698e+15
      Equation: "HoleContinuityEquation"	RelError: 7.66056e-01	AbsError: 2.90876e+11
      Equation: "PotentialEquation"	RelError: 7.81244e-03	AbsError: 9.16555e-03
    Region: "oxide"	RelError: 6.76078e-05	AbsError: 7.50410e-07
      Equation: "PotentialEquation"	RelError: 6.76078e-05	AbsError: 7.50410e-07
Iteration: 4
  Device: "part1_baseline"	RelError: 1.28459e-01	AbsError: 1.23847e+15
    Region: "bulk"	RelError: 1.28379e-01	AbsError: 1.23847e+15
      Equation: "ElectronContinuityEquation"	RelError: 6.59660e-02	AbsError: 1.23813e+15
      Equation: "HoleContinuityEquation"	RelError: 5.99719e-02	AbsError: 3.44737e+11
      Equation: "PotentialEquation"	RelError: 2.44068e-03	AbsError: 1.42567e-04
    Region: "oxide"	RelError: 7.99218e-05	AbsError: 8.87017e-07
      Equation: "PotentialEquation"	RelError: 7.99218e-05	AbsError: 8.87017e-07
Iteration: 5
  Device: "part1_baseline"	RelError: 4.01428e-03	AbsError: 9.42598e+11
    Region: "bulk"	RelError: 4.01424e-03	AbsError: 9.42598e+11
      Equation: "ElectronContinuityEquation"	RelError: 7.09826e-05	AbsError: 9.42457e+11
      Equation: "HoleContinuityEquation"	RelError: 3.94203e-03	AbsError: 1.40454e+08
      Equation: "PotentialEquation"	RelError: 1.22789e-06	AbsError: 1.02684e-07
    Region: "oxide"	RelError: 4.04346e-08	AbsError: 4.50800e-10
      Equation: "PotentialEquation"	RelError: 4.04346e-08	AbsError: 4.50800e-10
Iteration: 6
  Device: "part1_baseline"	RelError: 1.81726e-09	AbsError: 5.18970e+05
    Region: "bulk"	RelError: 1.81724e-09	AbsError: 5.18970e+05
      Equation: "ElectronContinuityEquation"	RelError: 4.66058e-11	AbsError: 5.18901e+05
      Equation: "HoleContinuityEquation"	RelError: 1.76999e-09	AbsError: 6.95812e+01
      Equation: "PotentialEquation"	RelError: 6.44780e-13	AbsError: 5.63695e-14
    Region: "oxide"	RelError: 2.13695e-14	AbsError: 2.40240e-16
      Equation: "PotentialEquation"	RelError: 2.13695e-14	AbsError: 2.40240e-16
number of equations 6873
Iteration: 0
  Device: "part1_baseline"	RelError: 3.81934e+03	AbsError: 7.29158e+16
    Region: "bulk"	RelError: 3.81883e+03	AbsError: 7.29158e+16
      Equation: "ElectronContinuityEquation"	RelError: 2.57916e+03	AbsError: 7.21248e+16
      Equation: "HoleContinuityEquation"	RelError: 1.18056e+03	AbsError: 7.91011e+14
      Equation: "PotentialEquation"	RelError: 5.91159e+01	AbsError: 4.09542e-02
    Region: "oxide"	RelError: 5.15803e-01	AbsError: 1.84292e-02
      Equation: "PotentialEquation"	RelError: 5.15803e-01	AbsError: 1.84292e-02
Iteration: 1
  Device: "part1_baseline"	RelError: 2.00983e+03	AbsError: 8.12153e+14
    Region: "bulk"	RelError: 2.00980e+03	AbsError: 8.12153e+14
      Equation: "ElectronContinuityEquation"	RelError: 9.99000e+02	AbsError: 7.33177e+14
      Equation: "HoleContinuityEquation"	RelError: 9.99000e+02	AbsError: 7.89758e+13
      Equation: "PotentialEquation"	RelError: 1.17997e+01	AbsError: 3.07632e-02
    Region: "oxide"	RelError: 2.62619e-02	AbsError: 8.43558e-03
      Equation: "PotentialEquation"	RelError: 2.62619e-02	AbsError: 8.43558e-03
Iteration: 2
  Device: "part1_baseline"	RelError: 8.85521e+00	AbsError: 9.28978e+13
    Region: "bulk"	RelError: 8.85520e+00	AbsError: 9.28978e+13
      Equation: "ElectronContinuityEquation"	RelError: 9.99993e-01	AbsError: 9.21793e+13
      Equation: "HoleContinuityEquation"	RelError: 7.82391e+00	AbsError: 7.18526e+11
      Equation: "PotentialEquation"	RelError: 3.12981e-02	AbsError: 2.58823e-02
    Region: "oxide"	RelError: 1.26799e-05	AbsError: 1.32244e-07
      Equation: "PotentialEquation"	RelError: 1.26799e-05	AbsError: 1.32244e-07
Iteration: 3
  Device: "part1_baseline"	RelError: 1.43785e+00	AbsError: 9.82169e+14
    Region: "bulk"	RelError: 1.43779e+00	AbsError: 9.82169e+14
      Equation: "ElectronContinuityEquation"	RelError: 7.19383e-01	AbsError: 9.81935e+14
      Equation: "HoleContinuityEquation"	RelError: 7.10544e-01	AbsError: 2.33295e+11
      Equation: "PotentialEquation"	RelError: 7.86295e-03	AbsError: 9.16551e-03
    Region: "oxide"	RelError: 6.19490e-05	AbsError: 6.32269e-07
      Equation: "PotentialEquation"	RelError: 6.19490e-05	AbsError: 6.32269e-07
Iteration: 4
  Device: "part1_baseline"	RelError: 1.38931e-01	AbsError: 1.06387e+15
    Region: "bulk"	RelError: 1.38858e-01	AbsError: 1.06387e+15
      Equation: "ElectronContinuityEquation"	RelError: 6.68336e-02	AbsError: 1.06359e+15
      Equation: "HoleContinuityEquation"	RelError: 6.26200e-02	AbsError: 2.79516e+11
      Equation: "PotentialEquation"	RelError: 9.40432e-03	AbsError: 1.22100e-04
    Region: "oxide"	RelError: 7.34724e-05	AbsError: 7.51066e-07
      Equation: "PotentialEquation"	RelError: 7.34724e-05	AbsError: 7.51066e-07
Iteration: 5
  Device: "part1_baseline"	RelError: 4.27751e-03	AbsError: 7.11493e+11
    Region: "bulk"	RelError: 4.27748e-03	AbsError: 7.11493e+11
      Equation: "ElectronContinuityEquation"	RelError: 6.33244e-05	AbsError: 7.11391e+11
      Equation: "HoleContinuityEquation"	RelError: 4.20988e-03	AbsError: 1.01799e+08
      Equation: "PotentialEquation"	RelError: 4.27458e-06	AbsError: 7.77164e-08
    Region: "oxide"	RelError: 3.36564e-08	AbsError: 3.48273e-10
      Equation: "PotentialEquation"	RelError: 3.36564e-08	AbsError: 3.48273e-10
Iteration: 6
  Device: "part1_baseline"	RelError: 1.69351e-09	AbsError: 3.03272e+05
    Region: "bulk"	RelError: 1.69350e-09	AbsError: 3.03272e+05
      Equation: "ElectronContinuityEquation"	RelError: 3.15420e-11	AbsError: 3.03234e+05
      Equation: "HoleContinuityEquation"	RelError: 1.66022e-09	AbsError: 3.87502e+01
      Equation: "PotentialEquation"	RelError: 1.73378e-12	AbsError: 3.30278e-14
    Region: "oxide"	RelError: 1.37405e-14	AbsError: 1.44287e-16
      Equation: "PotentialEquation"	RelError: 1.37405e-14	AbsError: 1.44287e-16
number of equations 6873
Iteration: 0
  Device: "part1_baseline"	RelError: 2.02733e+03	AbsError: 7.14147e+16
    Region: "bulk"	RelError: 2.02626e+03	AbsError: 7.14147e+16
      Equation: "ElectronContinuityEquation"	RelError: 9.99000e+02	AbsError: 7.06722e+16
      Equation: "HoleContinuityEquation"	RelError: 9.99000e+02	AbsError: 7.42551e+14
      Equation: "PotentialEquation"	RelError: 2.82562e+01	AbsError: 4.09542e-02
    Region: "oxide"	RelError: 1.07345e+00	AbsError: 1.84315e-02
      Equation: "PotentialEquation"	RelError: 1.07345e+00	AbsError: 1.84315e-02
Iteration: 1
  Device: "part1_baseline"	RelError: 2.00233e+03	AbsError: 8.34999e+14
    Region: "bulk"	RelError: 2.00231e+03	AbsError: 8.34999e+14
      Equation: "ElectronContinuityEquation"	RelError: 9.99000e+02	AbsError: 7.67565e+14
      Equation: "HoleContinuityEquation"	RelError: 9.99000e+02	AbsError: 6.74340e+13
      Equation: "PotentialEquation"	RelError: 4.30601e+00	AbsError: 3.07632e-02
    Region: "oxide"	RelError: 2.42405e-02	AbsError: 8.43761e-03
      Equation: "PotentialEquation"	RelError: 2.42405e-02	AbsError: 8.43761e-03
Iteration: 2
  Device: "part1_baseline"	RelError: 5.07169e+00	AbsError: 8.31334e+13
    Region: "bulk"	RelError: 5.07166e+00	AbsError: 8.31334e+13
      Equation: "ElectronContinuityEquation"	RelError: 9.99993e-01	AbsError: 8.27756e+13
      Equation: "HoleContinuityEquation"	RelError: 4.04567e+00	AbsError: 3.57838e+11
      Equation: "PotentialEquation"	RelError: 2.60056e-02	AbsError: 2.58974e-02
    Region: "oxide"	RelError: 2.18180e-05	AbsError: 1.16343e-07
      Equation: "PotentialEquation"	RelError: 2.18180e-05	AbsError: 1.16343e-07
Iteration: 3
  Device: "part1_baseline"	RelError: 1.16656e+00	AbsError: 8.32607e+14
    Region: "bulk"	RelError: 1.16646e+00	AbsError: 8.32607e+14
      Equation: "ElectronContinuityEquation"	RelError: 6.38933e-01	AbsError: 8.32423e+14
      Equation: "HoleContinuityEquation"	RelError: 5.20898e-01	AbsError: 1.83791e+11
      Equation: "PotentialEquation"	RelError: 6.63047e-03	AbsError: 9.16548e-03
    Region: "oxide"	RelError: 9.94865e-05	AbsError: 5.27639e-07
      Equation: "PotentialEquation"	RelError: 9.94865e-05	AbsError: 5.27639e-07
Iteration: 4
  Device: "part1_baseline"	RelError: 1.35181e-01	AbsError: 9.04674e+14
    Region: "bulk"	RelError: 1.35062e-01	AbsError: 9.04674e+14
      Equation: "ElectronContinuityEquation"	RelError: 6.75327e-02	AbsError: 9.04450e+14
      Equation: "HoleContinuityEquation"	RelError: 6.38954e-02	AbsError: 2.23467e+11
      Equation: "PotentialEquation"	RelError: 3.63354e-03	AbsError: 1.03623e-04
    Region: "oxide"	RelError: 1.19428e-04	AbsError: 6.34116e-07
      Equation: "PotentialEquation"	RelError: 1.19428e-04	AbsError: 6.34116e-07
Iteration: 5
  Device: "part1_baseline"	RelError: 4.30676e-03	AbsError: 5.22248e+11
    Region: "bulk"	RelError: 4.30672e-03	AbsError: 5.22248e+11
      Equation: "ElectronContinuityEquation"	RelError: 5.57371e-05	AbsError: 5.22175e+11
      Equation: "HoleContinuityEquation"	RelError: 4.24957e-03	AbsError: 7.29886e+07
      Equation: "PotentialEquation"	RelError: 1.40883e-06	AbsError: 5.71864e-08
    Region: "oxide"	RelError: 4.85475e-08	AbsError: 2.61361e-10
      Equation: "PotentialEquation"	RelError: 4.85475e-08	AbsError: 2.61361e-10
Iteration: 6
  Device: "part1_baseline"	RelError: 1.51344e-09	AbsError: 1.66281e+05
    Region: "bulk"	RelError: 1.51342e-09	AbsError: 1.66281e+05
      Equation: "ElectronContinuityEquation"	RelError: 2.02161e-11	AbsError: 1.66261e+05
      Equation: "HoleContinuityEquation"	RelError: 1.49279e-09	AbsError: 2.05576e+01
      Equation: "PotentialEquation"	RelError: 4.17633e-13	AbsError: 1.81500e-14
    Region: "oxide"	RelError: 1.48193e-14	AbsError: 8.09638e-17
      Equation: "PotentialEquation"	RelError: 1.48193e-14	AbsError: 8.09638e-17
number of equations 6873
Iteration: 0
  Device: "part1_baseline"	RelError: 2.02707e+03	AbsError: 6.98195e+16
    Region: "bulk"	RelError: 2.01320e+03	AbsError: 6.98195e+16
      Equation: "ElectronContinuityEquation"	RelError: 9.99000e+02	AbsError: 6.91238e+16
      Equation: "HoleContinuityEquation"	RelError: 9.99000e+02	AbsError: 6.95705e+14
      Equation: "PotentialEquation"	RelError: 1.51965e+01	AbsError: 4.09542e-02
    Region: "oxide"	RelError: 1.38735e+01	AbsError: 1.84335e-02
      Equation: "PotentialEquation"	RelError: 1.38735e+01	AbsError: 1.84335e-02
Iteration: 1
  Device: "part1_baseline"	RelError: 2.00324e+03	AbsError: 8.59442e+14
    Region: "bulk"	RelError: 2.00322e+03	AbsError: 8.59442e+14
      Equation: "ElectronContinuityEquation"	RelError: 9.99000e+02	AbsError: 8.00179e+14
      Equation: "HoleContinuityEquation"	RelError: 9.99000e+02	AbsError: 5.92634e+13
      Equation: "PotentialEquation"	RelError: 5.21882e+00	AbsError: 3.07632e-02
    Region: "oxide"	RelError: 2.25077e-02	AbsError: 8.43930e-03
      Equation: "PotentialEquation"	RelError: 2.25077e-02	AbsError: 8.43930e-03
Iteration: 2
  Device: "part1_baseline"	RelError: 3.95684e+00	AbsError: 7.44075e+13
    Region: "bulk"	RelError: 3.95658e+00	AbsError: 7.44075e+13
      Equation: "ElectronContinuityEquation"	RelError: 9.99993e-01	AbsError: 7.42723e+13
      Equation: "HoleContinuityEquation"	RelError: 2.93436e+00	AbsError: 1.35193e+11
      Equation: "PotentialEquation"	RelError: 2.22259e-02	AbsError: 2.58696e-02
    Region: "oxide"	RelError: 2.55500e-04	AbsError: 1.04638e-07
      Equation: "PotentialEquation"	RelError: 2.55500e-04	AbsError: 1.04638e-07
Iteration: 3
  Device: "part1_baseline"	RelError: 9.75609e-01	AbsError: 6.99614e+14
    Region: "bulk"	RelError: 9.74546e-01	AbsError: 6.99614e+14
      Equation: "ElectronContinuityEquation"	RelError: 5.39984e-01	AbsError: 6.99472e+14
      Equation: "HoleContinuityEquation"	RelError: 4.28399e-01	AbsError: 1.42587e+11
      Equation: "PotentialEquation"	RelError: 6.16224e-03	AbsError: 9.16544e-03
    Region: "oxide"	RelError: 1.06313e-03	AbsError: 4.33500e-07
      Equation: "PotentialEquation"	RelError: 1.06313e-03	AbsError: 4.33500e-07
Iteration: 4
  Device: "part1_baseline"	RelError: 1.34434e-01	AbsError: 7.62308e+14
    Region: "bulk"	RelError: 1.33136e-01	AbsError: 7.62308e+14
      Equation: "ElectronContinuityEquation"	RelError: 6.80236e-02	AbsError: 7.62130e+14
      Equation: "HoleContinuityEquation"	RelError: 6.13318e-02	AbsError: 1.77649e+11
      Equation: "PotentialEquation"	RelError: 3.78018e-03	AbsError: 8.71933e-05
    Region: "oxide"	RelError: 1.29857e-03	AbsError: 5.30632e-07
      Equation: "PotentialEquation"	RelError: 1.29857e-03	AbsError: 5.30632e-07
Iteration: 5
  Device: "part1_baseline"	RelError: 3.91520e-03	AbsError: 3.73828e+11
    Region: "bulk"	RelError: 3.91474e-03	AbsError: 3.73828e+11
      Equation: "ElectronContinuityEquation"	RelError: 4.86216e-05	AbsError: 3.73778e+11
      Equation: "HoleContinuityEquation"	RelError: 3.86514e-03	AbsError: 4.96808e+07
      Equation: "PotentialEquation"	RelError: 9.78427e-07	AbsError: 4.10242e-08
    Region: "oxide"	RelError: 4.59130e-07	AbsError: 1.90506e-10
      Equation: "PotentialEquation"	RelError: 4.59130e-07	AbsError: 1.90506e-10
Iteration: 6
  Device: "part1_baseline"	RelError: 1.20893e-09	AbsError: 8.60909e+04
    Region: "bulk"	RelError: 1.20883e-09	AbsError: 8.60909e+04
      Equation: "ElectronContinuityEquation"	RelError: 1.26903e-11	AbsError: 8.60807e+04
      Equation: "HoleContinuityEquation"	RelError: 1.19593e-09	AbsError: 1.01517e+01
      Equation: "PotentialEquation"	RelError: 2.11609e-13	AbsError: 9.41559e-15
    Region: "oxide"	RelError: 1.01542e-13	AbsError: 4.27450e-17
      Equation: "PotentialEquation"	RelError: 1.01542e-13	AbsError: 4.27450e-17
number of equations 6873
Iteration: 0
  Device: "part1_baseline"	RelError: 2.00892e+03	AbsError: 6.81461e+16
    Region: "bulk"	RelError: 2.00783e+03	AbsError: 6.81461e+16
      Equation: "ElectronContinuityEquation"	RelError: 9.99000e+02	AbsError: 6.74864e+16
      Equation: "HoleContinuityEquation"	RelError: 9.99000e+02	AbsError: 6.59723e+14
      Equation: "PotentialEquation"	RelError: 9.82574e+00	AbsError: 4.09542e-02
    Region: "oxide"	RelError: 1.09103e+00	AbsError: 1.84351e-02
      Equation: "PotentialEquation"	RelError: 1.09103e+00	AbsError: 1.84351e-02
Iteration: 1
  Device: "part1_baseline"	RelError: 1.99983e+03	AbsError: 8.85622e+14
    Region: "bulk"	RelError: 1.99981e+03	AbsError: 8.85622e+14
      Equation: "ElectronContinuityEquation"	RelError: 9.99000e+02	AbsError: 8.32689e+14
      Equation: "HoleContinuityEquation"	RelError: 9.99000e+02	AbsError: 5.29330e+13
      Equation: "PotentialEquation"	RelError: 1.81068e+00	AbsError: 3.07632e-02
    Region: "oxide"	RelError: 2.10057e-02	AbsError: 8.44069e-03
      Equation: "PotentialEquation"	RelError: 2.10057e-02	AbsError: 8.44069e-03
Iteration: 2
  Device: "part1_baseline"	RelError: 2.59843e+00	AbsError: 7.02610e+13
    Region: "bulk"	RelError: 2.59841e+00	AbsError: 7.02610e+13
      Equation: "ElectronContinuityEquation"	RelError: 9.99993e-01	AbsError: 7.01829e+13
      Equation: "HoleContinuityEquation"	RelError: 1.57903e+00	AbsError: 7.80650e+10
      Equation: "PotentialEquation"	RelError: 1.93889e-02	AbsError: 2.58999e-02
    Region: "oxide"	RelError: 2.14245e-05	AbsError: 9.63182e-08
      Equation: "PotentialEquation"	RelError: 2.14245e-05	AbsError: 9.63182e-08
Iteration: 3
  Device: "part1_baseline"	RelError: 6.96810e-01	AbsError: 5.83206e+14
    Region: "bulk"	RelError: 6.96730e-01	AbsError: 5.83206e+14
      Equation: "ElectronContinuityEquation"	RelError: 4.11482e-01	AbsError: 5.83092e+14
      Equation: "HoleContinuityEquation"	RelError: 2.79494e-01	AbsError: 1.13852e+11
      Equation: "PotentialEquation"	RelError: 5.75486e-03	AbsError: 9.16541e-03
    Region: "oxide"	RelError: 7.98438e-05	AbsError: 3.57709e-07
      Equation: "PotentialEquation"	RelError: 7.98438e-05	AbsError: 3.57709e-07
Iteration: 4
  Device: "part1_baseline"	RelError: 1.23455e-01	AbsError: 6.37084e+14
    Region: "bulk"	RelError: 1.23355e-01	AbsError: 6.37084e+14
      Equation: "ElectronContinuityEquation"	RelError: 6.84679e-02	AbsError: 6.36939e+14
      Equation: "HoleContinuityEquation"	RelError: 5.36083e-02	AbsError: 1.44526e+11
      Equation: "PotentialEquation"	RelError: 1.27877e-03	AbsError: 7.28568e-05
    Region: "oxide"	RelError: 9.97516e-05	AbsError: 4.47354e-07
      Equation: "PotentialEquation"	RelError: 9.97516e-05	AbsError: 4.47354e-07
Iteration: 5
  Device: "part1_baseline"	RelError: 2.96288e-03	AbsError: 2.61806e+11
    Region: "bulk"	RelError: 2.96285e-03	AbsError: 2.61806e+11
      Equation: "ElectronContinuityEquation"	RelError: 4.18800e-05	AbsError: 2.61771e+11
      Equation: "HoleContinuityEquation"	RelError: 2.92061e-03	AbsError: 3.44266e+07
      Equation: "PotentialEquation"	RelError: 3.59067e-07	AbsError: 2.87964e-08
    Region: "oxide"	RelError: 2.99482e-08	AbsError: 1.36492e-10
      Equation: "PotentialEquation"	RelError: 2.99482e-08	AbsError: 1.36492e-10
Iteration: 6
  Device: "part1_baseline"	RelError: 8.32517e-10	AbsError: 4.24148e+04
    Region: "bulk"	RelError: 8.32512e-10	AbsError: 4.24148e+04
      Equation: "ElectronContinuityEquation"	RelError: 7.64940e-12	AbsError: 4.24099e+04
      Equation: "HoleContinuityEquation"	RelError: 8.24809e-10	AbsError: 4.85395e+00
      Equation: "PotentialEquation"	RelError: 5.40384e-14	AbsError: 4.64725e-15
    Region: "oxide"	RelError: 4.63626e-15	AbsError: 2.14508e-17
      Equation: "PotentialEquation"	RelError: 4.63626e-15	AbsError: 2.14508e-17
number of equations 6873
Iteration: 0
  Device: "part1_baseline"	RelError: 2.09393e+03	AbsError: 6.63895e+16
    Region: "bulk"	RelError: 2.09341e+03	AbsError: 6.63895e+16
      Equation: "ElectronContinuityEquation"	RelError: 9.99000e+02	AbsError: 6.57626e+16
      Equation: "HoleContinuityEquation"	RelError: 9.99000e+02	AbsError: 6.26844e+14
      Equation: "PotentialEquation"	RelError: 9.54067e+01	AbsError: 4.09542e-02
    Region: "oxide"	RelError: 5.22109e-01	AbsError: 1.84365e-02
      Equation: "PotentialEquation"	RelError: 5.22109e-01	AbsError: 1.84365e-02
Iteration: 1
  Device: "part1_baseline"	RelError: 1.02525e+03	AbsError: 9.13726e+14
    Region: "bulk"	RelError: 1.02523e+03	AbsError: 9.13726e+14
      Equation: "ElectronContinuityEquation"	RelError: 9.99000e+02	AbsError: 8.65868e+14
      Equation: "HoleContinuityEquation"	RelError: 9.98483e-01	AbsError: 4.78578e+13
      Equation: "PotentialEquation"	RelError: 2.52345e+01	AbsError: 3.07632e-02
    Region: "oxide"	RelError: 1.96914e-02	AbsError: 8.44182e-03
      Equation: "PotentialEquation"	RelError: 1.96914e-02	AbsError: 8.44182e-03
Iteration: 2
  Device: "part1_baseline"	RelError: 2.04536e+00	AbsError: 6.58040e+13
    Region: "bulk"	RelError: 2.04535e+00	AbsError: 6.58040e+13
      Equation: "ElectronContinuityEquation"	RelError: 9.99993e-01	AbsError: 6.57427e+13
      Equation: "HoleContinuityEquation"	RelError: 1.02817e+00	AbsError: 6.12813e+10
      Equation: "PotentialEquation"	RelError: 1.71807e-02	AbsError: 2.58913e-02
    Region: "oxide"	RelError: 9.51783e-06	AbsError: 8.94789e-08
      Equation: "PotentialEquation"	RelError: 9.51783e-06	AbsError: 8.94789e-08
Iteration: 3
  Device: "part1_baseline"	RelError: 4.08822e-01	AbsError: 4.82785e+14
    Region: "bulk"	RelError: 4.08791e-01	AbsError: 4.82785e+14
      Equation: "ElectronContinuityEquation"	RelError: 3.10425e-01	AbsError: 4.82696e+14
      Equation: "HoleContinuityEquation"	RelError: 8.13781e-02	AbsError: 8.83766e+10
      Equation: "PotentialEquation"	RelError: 1.69874e-02	AbsError: 9.16540e-03
    Region: "oxide"	RelError: 3.10417e-05	AbsError: 2.90477e-07
      Equation: "PotentialEquation"	RelError: 3.10417e-05	AbsError: 2.90477e-07
Iteration: 4
  Device: "part1_baseline"	RelError: 1.39577e-01	AbsError: 5.28591e+14
    Region: "bulk"	RelError: 1.39538e-01	AbsError: 5.28591e+14
      Equation: "ElectronContinuityEquation"	RelError: 6.87959e-02	AbsError: 5.28475e+14
      Equation: "HoleContinuityEquation"	RelError: 4.93777e-02	AbsError: 1.15560e+11
      Equation: "PotentialEquation"	RelError: 2.13641e-02	AbsError: 6.04581e-05
    Region: "oxide"	RelError: 3.98991e-05	AbsError: 3.73943e-07
      Equation: "PotentialEquation"	RelError: 3.98991e-05	AbsError: 3.73943e-07
Iteration: 5
  Device: "part1_baseline"	RelError: 2.42025e-03	AbsError: 1.79807e+11
    Region: "bulk"	RelError: 2.42024e-03	AbsError: 1.79807e+11
      Equation: "ElectronContinuityEquation"	RelError: 3.57917e-05	AbsError: 1.79784e+11
      Equation: "HoleContinuityEquation"	RelError: 2.37929e-03	AbsError: 2.28532e+07
      Equation: "PotentialEquation"	RelError: 5.16097e-06	AbsError: 1.98182e-08
    Region: "oxide"	RelError: 1.00247e-08	AbsError: 9.55525e-11
      Equation: "PotentialEquation"	RelError: 1.00247e-08	AbsError: 9.55525e-11
Iteration: 6
  Device: "part1_baseline"	RelError: 4.89293e-10	AbsError: 1.99893e+04
    Region: "bulk"	RelError: 4.89292e-10	AbsError: 1.99893e+04
      Equation: "ElectronContinuityEquation"	RelError: 4.47707e-12	AbsError: 1.99872e+04
      Equation: "HoleContinuityEquation"	RelError: 4.84280e-10	AbsError: 2.19019e+00
      Equation: "PotentialEquation"	RelError: 5.35330e-13	AbsError: 2.19376e-15
    Region: "oxide"	RelError: 1.06169e-15	AbsError: 1.02777e-17
      Equation: "PotentialEquation"	RelError: 1.06169e-15	AbsError: 1.02777e-17
number of equations 6873
Iteration: 0
  Device: "part1_baseline"	RelError: 2.19790e+03	AbsError: 6.45450e+16
    Region: "bulk"	RelError: 2.19756e+03	AbsError: 6.45450e+16
      Equation: "ElectronContinuityEquation"	RelError: 9.99000e+02	AbsError: 6.39529e+16
      Equation: "HoleContinuityEquation"	RelError: 9.99000e+02	AbsError: 5.92055e+14
      Equation: "PotentialEquation"	RelError: 1.99557e+02	AbsError: 4.09542e-02
    Region: "oxide"	RelError: 3.43465e-01	AbsError: 1.84376e-02
      Equation: "PotentialEquation"	RelError: 3.43465e-01	AbsError: 1.84376e-02
Iteration: 1
  Device: "part1_baseline"	RelError: 1.02344e+03	AbsError: 9.42881e+14
    Region: "bulk"	RelError: 1.02342e+03	AbsError: 9.42881e+14
      Equation: "ElectronContinuityEquation"	RelError: 9.99000e+02	AbsError: 9.00023e+14
      Equation: "HoleContinuityEquation"	RelError: 9.98434e-01	AbsError: 4.28579e+13
      Equation: "PotentialEquation"	RelError: 2.34191e+01	AbsError: 3.07632e-02
    Region: "oxide"	RelError: 1.85316e-02	AbsError: 8.44273e-03
      Equation: "PotentialEquation"	RelError: 1.85316e-02	AbsError: 8.44273e-03
Iteration: 2
  Device: "part1_baseline"	RelError: 1.94073e+00	AbsError: 6.11151e+13
    Region: "bulk"	RelError: 1.94072e+00	AbsError: 6.11151e+13
      Equation: "ElectronContinuityEquation"	RelError: 9.99993e-01	AbsError: 6.10680e+13
      Equation: "HoleContinuityEquation"	RelError: 9.24745e-01	AbsError: 4.71229e+10
      Equation: "PotentialEquation"	RelError: 1.59813e-02	AbsError: 2.58969e-02
    Region: "oxide"	RelError: 6.83993e-06	AbsError: 8.37837e-08
      Equation: "PotentialEquation"	RelError: 6.83993e-06	AbsError: 8.37837e-08
Iteration: 3
  Device: "part1_baseline"	RelError: 2.58551e-01	AbsError: 3.97193e+14
    Region: "bulk"	RelError: 2.58532e-01	AbsError: 3.97193e+14
      Equation: "ElectronContinuityEquation"	RelError: 2.21362e-01	AbsError: 3.97122e+14
      Equation: "HoleContinuityEquation"	RelError: 2.58325e-02	AbsError: 7.03500e+10
      Equation: "PotentialEquation"	RelError: 1.13376e-02	AbsError: 9.16539e-03
    Region: "oxide"	RelError: 1.94382e-05	AbsError: 2.35687e-07
      Equation: "PotentialEquation"	RelError: 1.94382e-05	AbsError: 2.35687e-07
Iteration: 4
  Device: "part1_baseline"	RelError: 1.31430e-01	AbsError: 4.35773e+14
    Region: "bulk"	RelError: 1.31404e-01	AbsError: 4.35773e+14
      Equation: "ElectronContinuityEquation"	RelError: 6.90700e-02	AbsError: 4.35678e+14
      Equation: "HoleContinuityEquation"	RelError: 4.75279e-02	AbsError: 9.47190e+10
      Equation: "PotentialEquation"	RelError: 1.48063e-02	AbsError: 4.98908e-05
    Region: "oxide"	RelError: 2.57999e-05	AbsError: 3.13986e-07
      Equation: "PotentialEquation"	RelError: 2.57999e-05	AbsError: 3.13986e-07
Iteration: 5
  Device: "part1_baseline"	RelError: 2.20374e-03	AbsError: 1.21453e+11
    Region: "bulk"	RelError: 2.20373e-03	AbsError: 1.21453e+11
      Equation: "ElectronContinuityEquation"	RelError: 3.02087e-05	AbsError: 1.21438e+11
      Equation: "HoleContinuityEquation"	RelError: 2.17190e-03	AbsError: 1.54166e+07
      Equation: "PotentialEquation"	RelError: 1.61779e-06	AbsError: 1.34155e-08
    Region: "oxide"	RelError: 5.26857e-09	AbsError: 6.60319e-11
      Equation: "PotentialEquation"	RelError: 5.26857e-09	AbsError: 6.60319e-11
Iteration: 6
  Device: "part1_baseline"	RelError: 2.32542e-10	AbsError: 9.07320e+03
    Region: "bulk"	RelError: 2.32542e-10	AbsError: 9.07320e+03
      Equation: "ElectronContinuityEquation"	RelError: 2.51349e-12	AbsError: 9.07222e+03
      Equation: "HoleContinuityEquation"	RelError: 2.29972e-10	AbsError: 9.79564e-01
      Equation: "PotentialEquation"	RelError: 5.58261e-14	AbsError: 9.97328e-16
    Region: "oxide"	RelError: 3.69908e-16	AbsError: 4.74411e-18
      Equation: "PotentialEquation"	RelError: 3.69908e-16	AbsError: 4.74411e-18
number of equations 6873
Iteration: 0
  Device: "part1_baseline"	RelError: 2.02482e+03	AbsError: 6.26247e+16
    Region: "bulk"	RelError: 2.02431e+03	AbsError: 6.26247e+16
      Equation: "ElectronContinuityEquation"	RelError: 9.99000e+02	AbsError: 6.20566e+16
      Equation: "HoleContinuityEquation"	RelError: 9.99000e+02	AbsError: 5.68048e+14
      Equation: "PotentialEquation"	RelError: 2.63111e+01	AbsError: 4.09542e-02
    Region: "oxide"	RelError: 5.12214e-01	AbsError: 1.84385e-02
      Equation: "PotentialEquation"	RelError: 5.12214e-01	AbsError: 1.84385e-02
Iteration: 1
  Device: "part1_baseline"	RelError: 4.55543e+00	AbsError: 9.73937e+14
    Region: "bulk"	RelError: 4.53793e+00	AbsError: 9.73937e+14
      Equation: "ElectronContinuityEquation"	RelError: 9.97705e-01	AbsError: 9.35126e+14
      Equation: "HoleContinuityEquation"	RelError: 9.98307e-01	AbsError: 3.88107e+13
      Equation: "PotentialEquation"	RelError: 2.54192e+00	AbsError: 3.07632e-02
    Region: "oxide"	RelError: 1.75005e-02	AbsError: 8.44343e-03
      Equation: "PotentialEquation"	RelError: 1.75005e-02	AbsError: 8.44343e-03
Iteration: 2
  Device: "part1_baseline"	RelError: 1.66101e+00	AbsError: 5.63120e+13
    Region: "bulk"	RelError: 1.66100e+00	AbsError: 5.63120e+13
      Equation: "ElectronContinuityEquation"	RelError: 8.26004e-01	AbsError: 5.62750e+13
      Equation: "HoleContinuityEquation"	RelError: 8.19918e-01	AbsError: 3.70456e+10
      Equation: "PotentialEquation"	RelError: 1.50767e-02	AbsError: 2.58745e-02
    Region: "oxide"	RelError: 9.76422e-06	AbsError: 7.89813e-08
      Equation: "PotentialEquation"	RelError: 9.76422e-06	AbsError: 7.89813e-08
Iteration: 3
  Device: "part1_baseline"	RelError: 2.14090e-01	AbsError: 3.25017e+14
    Region: "bulk"	RelError: 2.14066e-01	AbsError: 3.25017e+14
      Equation: "ElectronContinuityEquation"	RelError: 1.85041e-01	AbsError: 3.24963e+14
      Equation: "HoleContinuityEquation"	RelError: 2.42230e-02	AbsError: 5.41651e+10
      Equation: "PotentialEquation"	RelError: 4.80213e-03	AbsError: 9.16538e-03
    Region: "oxide"	RelError: 2.35747e-05	AbsError: 1.87770e-07
      Equation: "PotentialEquation"	RelError: 2.35747e-05	AbsError: 1.87770e-07
Iteration: 4
  Device: "part1_baseline"	RelError: 1.13888e-01	AbsError: 3.57246e+14
    Region: "bulk"	RelError: 1.13855e-01	AbsError: 3.57246e+14
      Equation: "ElectronContinuityEquation"	RelError: 6.92975e-02	AbsError: 3.57170e+14
      Equation: "HoleContinuityEquation"	RelError: 4.27348e-02	AbsError: 7.58634e+10
      Equation: "PotentialEquation"	RelError: 1.82289e-03	AbsError: 4.09496e-05
    Region: "oxide"	RelError: 3.26660e-05	AbsError: 2.61728e-07
      Equation: "PotentialEquation"	RelError: 3.26660e-05	AbsError: 2.61728e-07
Iteration: 5
  Device: "part1_baseline"	RelError: 1.77802e-03	AbsError: 8.08383e+10
    Region: "bulk"	RelError: 1.77801e-03	AbsError: 8.08383e+10
      Equation: "ElectronContinuityEquation"	RelError: 2.53406e-05	AbsError: 8.08284e+10
      Equation: "HoleContinuityEquation"	RelError: 1.75237e-03	AbsError: 9.96537e+06
      Equation: "PotentialEquation"	RelError: 2.99489e-07	AbsError: 8.94735e-09
    Region: "oxide"	RelError: 5.43150e-09	AbsError: 4.48397e-11
      Equation: "PotentialEquation"	RelError: 5.43150e-09	AbsError: 4.48397e-11
Iteration: 6
  Device: "part1_baseline"	RelError: 8.70800e-11	AbsError: 3.98381e+03
    Region: "bulk"	RelError: 8.70797e-11	AbsError: 3.98381e+03
      Equation: "ElectronContinuityEquation"	RelError: 1.33566e-12	AbsError: 3.98339e+03
      Equation: "HoleContinuityEquation"	RelError: 8.57303e-11	AbsError: 4.14361e-01
      Equation: "PotentialEquation"	RelError: 1.37090e-14	AbsError: 4.38562e-16
    Region: "oxide"	RelError: 2.50293e-16	AbsError: 2.11677e-18
      Equation: "PotentialEquation"	RelError: 2.50293e-16	AbsError: 2.11677e-18
number of equations 6873
Iteration: 0
  Device: "part1_baseline"	RelError: 2.00231e+03	AbsError: 6.06122e+16
    Region: "bulk"	RelError: 2.00125e+03	AbsError: 6.06122e+16
      Equation: "ElectronContinuityEquation"	RelError: 9.99000e+02	AbsError: 6.00728e+16
      Equation: "HoleContinuityEquation"	RelError: 9.99000e+02	AbsError: 5.39364e+14
      Equation: "PotentialEquation"	RelError: 3.24985e+00	AbsError: 4.09542e-02
    Region: "oxide"	RelError: 1.05868e+00	AbsError: 1.84391e-02
      Equation: "PotentialEquation"	RelError: 1.05868e+00	AbsError: 1.84391e-02
Iteration: 1
  Device: "part1_baseline"	RelError: 3.48640e+00	AbsError: 1.00642e+15
    Region: "bulk"	RelError: 3.46982e+00	AbsError: 1.00642e+15
      Equation: "ElectronContinuityEquation"	RelError: 9.97891e-01	AbsError: 9.70902e+14
      Equation: "HoleContinuityEquation"	RelError: 9.98412e-01	AbsError: 3.55157e+13
      Equation: "PotentialEquation"	RelError: 1.47352e+00	AbsError: 3.07632e-02
    Region: "oxide"	RelError: 1.65779e-02	AbsError: 8.44396e-03
      Equation: "PotentialEquation"	RelError: 1.65779e-02	AbsError: 8.44396e-03
Iteration: 2
  Device: "part1_baseline"	RelError: 1.44061e+00	AbsError: 5.15081e+13
    Region: "bulk"	RelError: 1.44059e+00	AbsError: 5.15081e+13
      Equation: "ElectronContinuityEquation"	RelError: 6.69134e-01	AbsError: 5.14781e+13
      Equation: "HoleContinuityEquation"	RelError: 7.57186e-01	AbsError: 3.00328e+10
      Equation: "PotentialEquation"	RelError: 1.42663e-02	AbsError: 2.58464e-02
    Region: "oxide"	RelError: 1.90791e-05	AbsError: 7.49142e-08
      Equation: "PotentialEquation"	RelError: 1.90791e-05	AbsError: 7.49142e-08
Iteration: 3
  Device: "part1_baseline"	RelError: 1.91959e-01	AbsError: 2.64701e+14
    Region: "bulk"	RelError: 1.91921e-01	AbsError: 2.64701e+14
      Equation: "ElectronContinuityEquation"	RelError: 1.62563e-01	AbsError: 2.64661e+14
      Equation: "HoleContinuityEquation"	RelError: 2.48093e-02	AbsError: 4.03714e+10
      Equation: "PotentialEquation"	RelError: 4.54818e-03	AbsError: 9.16537e-03
    Region: "oxide"	RelError: 3.81568e-05	AbsError: 1.46574e-07
      Equation: "PotentialEquation"	RelError: 3.81568e-05	AbsError: 1.46574e-07
Iteration: 4
  Device: "part1_baseline"	RelError: 1.05340e-01	AbsError: 2.91434e+14
    Region: "bulk"	RelError: 1.05284e-01	AbsError: 2.91434e+14
      Equation: "ElectronContinuityEquation"	RelError: 6.94898e-02	AbsError: 2.91374e+14
      Equation: "HoleContinuityEquation"	RelError: 3.51055e-02	AbsError: 5.97855e+10
      Equation: "PotentialEquation"	RelError: 6.88530e-04	AbsError: 3.34537e-05
    Region: "oxide"	RelError: 5.59501e-05	AbsError: 2.16897e-07
      Equation: "PotentialEquation"	RelError: 5.59501e-05	AbsError: 2.16897e-07
Iteration: 5
  Device: "part1_baseline"	RelError: 1.23685e-03	AbsError: 5.31283e+10
    Region: "bulk"	RelError: 1.23684e-03	AbsError: 5.31283e+10
      Equation: "ElectronContinuityEquation"	RelError: 2.11319e-05	AbsError: 5.31218e+10
      Equation: "HoleContinuityEquation"	RelError: 1.21565e-03	AbsError: 6.46158e+06
      Equation: "PotentialEquation"	RelError: 5.75182e-08	AbsError: 5.89129e-09
    Region: "oxide"	RelError: 7.49686e-09	AbsError: 2.99561e-11
      Equation: "PotentialEquation"	RelError: 7.49686e-09	AbsError: 2.99561e-11
Iteration: 6
  Device: "part1_baseline"	RelError: 2.55577e-11	AbsError: 1.70007e+03
    Region: "bulk"	RelError: 2.55575e-11	AbsError: 1.70007e+03
      Equation: "ElectronContinuityEquation"	RelError: 6.26614e-13	AbsError: 1.69989e+03
      Equation: "HoleContinuityEquation"	RelError: 2.49298e-11	AbsError: 1.74212e-01
      Equation: "PotentialEquation"	RelError: 1.12660e-15	AbsError: 1.87417e-16
    Region: "oxide"	RelError: 2.23744e-16	AbsError: 9.16541e-19
      Equation: "PotentialEquation"	RelError: 2.23744e-16	AbsError: 9.16541e-19
number of equations 6873
Iteration: 0
  Device: "part1_baseline"	RelError: 2.06349e+03	AbsError: 6.11317e+16
    Region: "bulk"	RelError: 2.04668e+03	AbsError: 6.11317e+16
      Equation: "ElectronContinuityEquation"	RelError: 9.99000e+02	AbsError: 6.06140e+16
      Equation: "HoleContinuityEquation"	RelError: 1.01822e+03	AbsError: 5.17741e+14
      Equation: "PotentialEquation"	RelError: 2.94587e+01	AbsError: 4.09542e-02
    Region: "oxide"	RelError: 1.68166e+01	AbsError: 1.84397e-02
      Equation: "PotentialEquation"	RelError: 1.68166e+01	AbsError: 1.84397e-02
Iteration: 1
  Device: "part1_baseline"	RelError: 2.40572e+00	AbsError: 1.03916e+15
    Region: "bulk"	RelError: 2.38457e+00	AbsError: 1.03916e+15
      Equation: "ElectronContinuityEquation"	RelError: 9.94954e-01	AbsError: 1.00689e+15
      Equation: "HoleContinuityEquation"	RelError: 9.98352e-01	AbsError: 3.22675e+13
      Equation: "PotentialEquation"	RelError: 3.91264e-01	AbsError: 3.07632e-02
    Region: "oxide"	RelError: 2.11501e-02	AbsError: 8.44433e-03
      Equation: "PotentialEquation"	RelError: 2.11501e-02	AbsError: 8.44433e-03
Iteration: 2
  Device: "part1_baseline"	RelError: 1.26197e+00	AbsError: 4.87113e+13
    Region: "bulk"	RelError: 1.26169e+00	AbsError: 4.87113e+13
      Equation: "ElectronContinuityEquation"	RelError: 5.50317e-01	AbsError: 4.86854e+13
      Equation: "HoleContinuityEquation"	RelError: 6.97833e-01	AbsError: 2.59128e+10
      Equation: "PotentialEquation"	RelError: 1.35376e-02	AbsError: 2.58189e-02
    Region: "oxide"	RelError: 2.81243e-04	AbsError: 7.16469e-08
      Equation: "PotentialEquation"	RelError: 2.81243e-04	AbsError: 7.16469e-08
Iteration: 3
  Device: "part1_baseline"	RelError: 1.71611e-01	AbsError: 2.14686e+14
    Region: "bulk"	RelError: 1.71155e-01	AbsError: 2.14686e+14
      Equation: "ElectronContinuityEquation"	RelError: 1.41483e-01	AbsError: 2.14656e+14
      Equation: "HoleContinuityEquation"	RelError: 2.53458e-02	AbsError: 2.98450e+10
      Equation: "PotentialEquation"	RelError: 4.32639e-03	AbsError: 9.16536e-03
    Region: "oxide"	RelError: 4.55987e-04	AbsError: 1.12381e-07
      Equation: "PotentialEquation"	RelError: 4.55987e-04	AbsError: 1.12381e-07
Iteration: 4
  Device: "part1_baseline"	RelError: 1.04775e-01	AbsError: 2.36724e+14
    Region: "bulk"	RelError: 1.04056e-01	AbsError: 2.36724e+14
      Equation: "ElectronContinuityEquation"	RelError: 6.96114e-02	AbsError: 2.36676e+14
      Equation: "HoleContinuityEquation"	RelError: 3.24480e-02	AbsError: 4.72523e+10
      Equation: "PotentialEquation"	RelError: 1.99627e-03	AbsError: 2.72246e-05
    Region: "oxide"	RelError: 7.19390e-04	AbsError: 1.79685e-07
      Equation: "PotentialEquation"	RelError: 7.19390e-04	AbsError: 1.79685e-07
Iteration: 5
  Device: "part1_baseline"	RelError: 1.56457e-03	AbsError: 3.45448e+10
    Region: "bulk"	RelError: 1.56450e-03	AbsError: 3.45448e+10
      Equation: "ElectronContinuityEquation"	RelError: 1.74837e-05	AbsError: 3.45407e+10
      Equation: "HoleContinuityEquation"	RelError: 1.54680e-03	AbsError: 4.07265e+06
      Equation: "PotentialEquation"	RelError: 2.06578e-07	AbsError: 3.83770e-09
    Region: "oxide"	RelError: 7.69100e-08	AbsError: 1.97973e-11
      Equation: "PotentialEquation"	RelError: 7.69100e-08	AbsError: 1.97973e-11
Iteration: 6
  Device: "part1_baseline"	RelError: 2.29407e-11	AbsError: 7.08382e+02
    Region: "bulk"	RelError: 2.29392e-11	AbsError: 7.08382e+02
      Equation: "ElectronContinuityEquation"	RelError: 3.30178e-13	AbsError: 7.08312e+02
      Equation: "HoleContinuityEquation"	RelError: 2.26051e-11	AbsError: 7.04014e-02
      Equation: "PotentialEquation"	RelError: 3.86235e-15	AbsError: 7.81958e-17
    Region: "oxide"	RelError: 1.46564e-15	AbsError: 3.87107e-19
      Equation: "PotentialEquation"	RelError: 1.46564e-15	AbsError: 3.87107e-19
number of equations 6873
Iteration: 0
  Device: "part1_baseline"	RelError: 2.08964e+03	AbsError: 6.25373e+16
    Region: "bulk"	RelError: 2.08765e+03	AbsError: 6.25373e+16
      Equation: "ElectronContinuityEquation"	RelError: 9.99000e+02	AbsError: 6.20404e+16
      Equation: "HoleContinuityEquation"	RelError: 1.08129e+03	AbsError: 4.96915e+14
      Equation: "PotentialEquation"	RelError: 7.35794e+00	AbsError: 4.09542e-02
    Region: "oxide"	RelError: 1.98925e+00	AbsError: 1.84400e-02
      Equation: "PotentialEquation"	RelError: 1.98925e+00	AbsError: 1.84400e-02
Iteration: 1
  Device: "part1_baseline"	RelError: 2.18169e+00	AbsError: 1.07220e+15
    Region: "bulk"	RelError: 2.16670e+00	AbsError: 1.07220e+15
      Equation: "ElectronContinuityEquation"	RelError: 9.95029e-01	AbsError: 1.04249e+15
      Equation: "HoleContinuityEquation"	RelError: 9.98310e-01	AbsError: 2.97159e+13
      Equation: "PotentialEquation"	RelError: 1.73358e-01	AbsError: 3.07632e-02
    Region: "oxide"	RelError: 1.49960e-02	AbsError: 8.44456e-03
      Equation: "PotentialEquation"	RelError: 1.49960e-02	AbsError: 8.44456e-03
Iteration: 2
  Device: "part1_baseline"	RelError: 1.12204e+00	AbsError: 4.57447e+13
    Region: "bulk"	RelError: 1.12201e+00	AbsError: 4.57447e+13
      Equation: "ElectronContinuityEquation"	RelError: 4.50856e-01	AbsError: 4.57226e+13
      Equation: "HoleContinuityEquation"	RelError: 6.58280e-01	AbsError: 2.20869e+10
      Equation: "PotentialEquation"	RelError: 1.28791e-02	AbsError: 2.57919e-02
    Region: "oxide"	RelError: 2.73231e-05	AbsError: 6.90109e-08
      Equation: "PotentialEquation"	RelError: 2.73231e-05	AbsError: 6.90109e-08
Iteration: 3
  Device: "part1_baseline"	RelError: 1.55940e-01	AbsError: 1.73487e+14
    Region: "bulk"	RelError: 1.55905e-01	AbsError: 1.73487e+14
      Equation: "ElectronContinuityEquation"	RelError: 1.24265e-01	AbsError: 1.73466e+14
      Equation: "HoleContinuityEquation"	RelError: 2.75087e-02	AbsError: 2.15773e+10
      Equation: "PotentialEquation"	RelError: 4.13137e-03	AbsError: 9.16536e-03
    Region: "oxide"	RelError: 3.44710e-05	AbsError: 8.41150e-08
      Equation: "PotentialEquation"	RelError: 3.44710e-05	AbsError: 8.41150e-08
Iteration: 4
  Device: "part1_baseline"	RelError: 1.06500e-01	AbsError: 1.91558e+14
    Region: "bulk"	RelError: 1.06440e-01	AbsError: 1.91558e+14
      Equation: "ElectronContinuityEquation"	RelError: 6.94084e-02	AbsError: 1.91521e+14
      Equation: "HoleContinuityEquation"	RelError: 3.65579e-02	AbsError: 3.72818e+10
      Equation: "PotentialEquation"	RelError: 4.73975e-04	AbsError: 2.20819e-05
    Region: "oxide"	RelError: 6.02038e-05	AbsError: 1.48942e-07
      Equation: "PotentialEquation"	RelError: 6.02038e-05	AbsError: 1.48942e-07
Iteration: 5
  Device: "part1_baseline"	RelError: 1.92595e-03	AbsError: 2.22576e+10
    Region: "bulk"	RelError: 1.92594e-03	AbsError: 2.22576e+10
      Equation: "ElectronContinuityEquation"	RelError: 1.43337e-05	AbsError: 2.22550e+10
      Equation: "HoleContinuityEquation"	RelError: 1.91157e-03	AbsError: 2.57315e+06
      Equation: "PotentialEquation"	RelError: 3.34507e-08	AbsError: 2.47727e-09
    Region: "oxide"	RelError: 5.15736e-09	AbsError: 1.29652e-11
      Equation: "PotentialEquation"	RelError: 5.15736e-09	AbsError: 1.29652e-11
Iteration: 6
  Device: "part1_baseline"	RelError: 2.01509e-11	AbsError: 2.89265e+02
    Region: "bulk"	RelError: 2.01508e-11	AbsError: 2.89265e+02
      Equation: "ElectronContinuityEquation"	RelError: 1.74735e-13	AbsError: 2.89237e+02
      Equation: "HoleContinuityEquation"	RelError: 1.99757e-11	AbsError: 2.80967e-02
      Equation: "PotentialEquation"	RelError: 3.85681e-16	AbsError: 3.19955e-17
    Region: "oxide"	RelError: 6.27262e-17	AbsError: 1.60720e-19
      Equation: "PotentialEquation"	RelError: 6.27262e-17	AbsError: 1.60720e-19
number of equations 6873
Iteration: 0
  Device: "part1_baseline"	RelError: 2.71362e+03	AbsError: 6.39885e+16
    Region: "bulk"	RelError: 2.71296e+03	AbsError: 6.39885e+16
      Equation: "ElectronContinuityEquation"	RelError: 9.99000e+02	AbsError: 6.35164e+16
      Equation: "HoleContinuityEquation"	RelError: 9.99000e+02	AbsError: 4.72087e+14
      Equation: "PotentialEquation"	RelError: 7.14957e+02	AbsError: 4.09542e-02
    Region: "oxide"	RelError: 6.65463e-01	AbsError: 1.84402e-02
      Equation: "PotentialEquation"	RelError: 6.65463e-01	AbsError: 1.84402e-02
Iteration: 1
  Device: "part1_baseline"	RelError: 2.15933e+00	AbsError: 1.10441e+15
    Region: "bulk"	RelError: 2.14502e+00	AbsError: 1.10441e+15
      Equation: "ElectronContinuityEquation"	RelError: 9.95484e-01	AbsError: 1.07694e+15
      Equation: "HoleContinuityEquation"	RelError: 9.98213e-01	AbsError: 2.74705e+13
      Equation: "PotentialEquation"	RelError: 1.51323e-01	AbsError: 3.07632e-02
    Region: "oxide"	RelError: 1.43129e-02	AbsError: 8.44467e-03
      Equation: "PotentialEquation"	RelError: 1.43129e-02	AbsError: 8.44467e-03
Iteration: 2
  Device: "part1_baseline"	RelError: 9.92629e-01	AbsError: 4.26717e+13
    Region: "bulk"	RelError: 9.92621e-01	AbsError: 4.26717e+13
      Equation: "ElectronContinuityEquation"	RelError: 3.67821e-01	AbsError: 4.26517e+13
      Equation: "HoleContinuityEquation"	RelError: 5.99528e-01	AbsError: 2.00473e+10
      Equation: "PotentialEquation"	RelError: 2.52722e-02	AbsError: 2.57655e-02
    Region: "oxide"	RelError: 8.78914e-06	AbsError: 6.68793e-08
      Equation: "PotentialEquation"	RelError: 8.78914e-06	AbsError: 6.68793e-08
Iteration: 3
  Device: "part1_baseline"	RelError: 1.90148e-01	AbsError: 1.39745e+14
    Region: "bulk"	RelError: 1.90140e-01	AbsError: 1.39745e+14
      Equation: "ElectronContinuityEquation"	RelError: 1.06053e-01	AbsError: 1.39730e+14
      Equation: "HoleContinuityEquation"	RelError: 3.15588e-02	AbsError: 1.53967e+10
      Equation: "PotentialEquation"	RelError: 5.25280e-02	AbsError: 9.16535e-03
    Region: "oxide"	RelError: 8.40203e-06	AbsError: 6.08212e-08
      Equation: "PotentialEquation"	RelError: 8.40203e-06	AbsError: 6.08212e-08
Iteration: 4
  Device: "part1_baseline"	RelError: 1.92188e-01	AbsError: 1.54495e+14
    Region: "bulk"	RelError: 1.92171e-01	AbsError: 1.54495e+14
      Equation: "ElectronContinuityEquation"	RelError: 6.83496e-02	AbsError: 1.54465e+14
      Equation: "HoleContinuityEquation"	RelError: 4.22624e-02	AbsError: 2.96099e+10
      Equation: "PotentialEquation"	RelError: 8.15593e-02	AbsError: 1.78603e-05
    Region: "oxide"	RelError: 1.67162e-05	AbsError: 1.23654e-07
      Equation: "PotentialEquation"	RelError: 1.67162e-05	AbsError: 1.23654e-07
Iteration: 5
  Device: "part1_baseline"	RelError: 2.27115e-03	AbsError: 1.42302e+10
    Region: "bulk"	RelError: 2.27115e-03	AbsError: 1.42302e+10
      Equation: "ElectronContinuityEquation"	RelError: 1.15875e-05	AbsError: 1.42285e+10
      Equation: "HoleContinuityEquation"	RelError: 2.25603e-03	AbsError: 1.62344e+06
      Equation: "PotentialEquation"	RelError: 3.52895e-06	AbsError: 1.58680e-09
    Region: "oxide"	RelError: 1.12242e-09	AbsError: 8.43055e-12
      Equation: "PotentialEquation"	RelError: 1.12242e-09	AbsError: 8.43055e-12
Iteration: 6
  Device: "part1_baseline"	RelError: 1.63315e-11	AbsError: 1.16134e+02
    Region: "bulk"	RelError: 1.63315e-11	AbsError: 1.16134e+02
      Equation: "ElectronContinuityEquation"	RelError: 9.04140e-14	AbsError: 1.16122e+02
      Equation: "HoleContinuityEquation"	RelError: 1.62271e-11	AbsError: 1.10882e-02
      Equation: "PotentialEquation"	RelError: 1.39545e-14	AbsError: 1.28444e-17
    Region: "oxide"	RelError: 8.51403e-18	AbsError: 6.52167e-20
      Equation: "PotentialEquation"	RelError: 8.51403e-18	AbsError: 6.52167e-20
number of equations 6873
Iteration: 0
  Device: "part1_baseline"	RelError: 2.05285e+03	AbsError: 6.54956e+16
    Region: "bulk"	RelError: 2.05245e+03	AbsError: 6.54956e+16
      Equation: "ElectronContinuityEquation"	RelError: 9.99000e+02	AbsError: 6.50363e+16
      Equation: "HoleContinuityEquation"	RelError: 9.99000e+02	AbsError: 4.59215e+14
      Equation: "PotentialEquation"	RelError: 5.44518e+01	AbsError: 4.09542e-02
    Region: "oxide"	RelError: 3.99760e-01	AbsError: 1.84403e-02
      Equation: "PotentialEquation"	RelError: 3.99760e-01	AbsError: 1.84403e-02
Iteration: 1
  Device: "part1_baseline"	RelError: 2.09034e+00	AbsError: 1.13427e+15
    Region: "bulk"	RelError: 2.07665e+00	AbsError: 1.13427e+15
      Equation: "ElectronContinuityEquation"	RelError: 9.96156e-01	AbsError: 1.10938e+15
      Equation: "HoleContinuityEquation"	RelError: 9.98240e-01	AbsError: 2.48905e+13
      Equation: "PotentialEquation"	RelError: 8.22529e-02	AbsError: 3.07632e-02
    Region: "oxide"	RelError: 1.36891e-02	AbsError: 8.44467e-03
      Equation: "PotentialEquation"	RelError: 1.36891e-02	AbsError: 8.44467e-03
Iteration: 2
  Device: "part1_baseline"	RelError: 8.91170e-01	AbsError: 4.18311e+13
    Region: "bulk"	RelError: 8.91165e-01	AbsError: 4.18311e+13
      Equation: "ElectronContinuityEquation"	RelError: 2.97778e-01	AbsError: 4.18137e+13
      Equation: "HoleContinuityEquation"	RelError: 5.81651e-01	AbsError: 1.74149e+10
      Equation: "PotentialEquation"	RelError: 1.17355e-02	AbsError: 2.58781e-02
    Region: "oxide"	RelError: 5.09845e-06	AbsError: 6.51938e-08
      Equation: "PotentialEquation"	RelError: 5.09845e-06	AbsError: 6.51938e-08
Iteration: 3
  Device: "part1_baseline"	RelError: 1.27863e-01	AbsError: 4.66684e+14
    Region: "bulk"	RelError: 1.27847e-01	AbsError: 4.66684e+14
      Equation: "ElectronContinuityEquation"	RelError: 8.75643e-02	AbsError: 4.66639e+14
      Equation: "HoleContinuityEquation"	RelError: 3.59225e-02	AbsError: 4.41027e+10
      Equation: "PotentialEquation"	RelError: 4.36058e-03	AbsError: 9.16541e-03
    Region: "oxide"	RelError: 1.57706e-05	AbsError: 1.91003e-07
      Equation: "PotentialEquation"	RelError: 1.57706e-05	AbsError: 1.91003e-07
Iteration: 4
  Device: "part1_baseline"	RelError: 1.20104e-01	AbsError: 4.92778e+14
    Region: "bulk"	RelError: 1.20083e-01	AbsError: 4.92778e+14
      Equation: "ElectronContinuityEquation"	RelError: 6.53173e-02	AbsError: 4.92721e+14
      Equation: "HoleContinuityEquation"	RelError: 4.83138e-02	AbsError: 5.70785e+10
      Equation: "PotentialEquation"	RelError: 6.45197e-03	AbsError: 5.76472e-05
    Region: "oxide"	RelError: 2.06225e-05	AbsError: 2.52315e-07
      Equation: "PotentialEquation"	RelError: 2.06225e-05	AbsError: 2.52315e-07
Iteration: 5
  Device: "part1_baseline"	RelError: 2.71769e-03	AbsError: 1.63282e+11
    Region: "bulk"	RelError: 2.71769e-03	AbsError: 1.63282e+11
      Equation: "ElectronContinuityEquation"	RelError: 3.84108e-05	AbsError: 1.63271e+11
      Equation: "HoleContinuityEquation"	RelError: 2.67870e-03	AbsError: 1.12959e+07
      Equation: "PotentialEquation"	RelError: 5.74682e-07	AbsError: 1.81507e-08
    Region: "oxide"	RelError: 4.31243e-09	AbsError: 5.27484e-11
      Equation: "PotentialEquation"	RelError: 4.31243e-09	AbsError: 5.27484e-11
Iteration: 6
  Device: "part1_baseline"	RelError: 1.71524e-10	AbsError: 1.68263e+04
    Region: "bulk"	RelError: 1.71524e-10	AbsError: 1.68263e+04
      Equation: "ElectronContinuityEquation"	RelError: 3.34471e-12	AbsError: 1.68253e+04
      Equation: "HoleContinuityEquation"	RelError: 1.68139e-10	AbsError: 1.03364e+00
      Equation: "PotentialEquation"	RelError: 4.00742e-14	AbsError: 1.84083e-15
    Region: "oxide"	RelError: 3.91317e-16	AbsError: 4.79700e-18
      Equation: "PotentialEquation"	RelError: 3.91317e-16	AbsError: 4.79700e-18
number of equations 6873
Iteration: 0
  Device: "part1_baseline"	RelError: 1.01915e+03	AbsError: 6.70329e+16
    Region: "bulk"	RelError: 1.01880e+03	AbsError: 6.70329e+16
      Equation: "ElectronContinuityEquation"	RelError: 1.28825e+01	AbsError: 6.65928e+16
      Equation: "HoleContinuityEquation"	RelError: 9.99000e+02	AbsError: 4.40120e+14
      Equation: "PotentialEquation"	RelError: 6.91781e+00	AbsError: 4.09542e-02
    Region: "oxide"	RelError: 3.48627e-01	AbsError: 1.84403e-02
      Equation: "PotentialEquation"	RelError: 3.48627e-01	AbsError: 1.84403e-02
Iteration: 1
  Device: "part1_baseline"	RelError: 1.82033e+00	AbsError: 1.16246e+15
    Region: "bulk"	RelError: 1.80721e+00	AbsError: 1.16246e+15
      Equation: "ElectronContinuityEquation"	RelError: 7.43875e-01	AbsError: 1.13884e+15
      Equation: "HoleContinuityEquation"	RelError: 9.98165e-01	AbsError: 2.36243e+13
      Equation: "PotentialEquation"	RelError: 6.51737e-02	AbsError: 3.07632e-02
    Region: "oxide"	RelError: 1.31173e-02	AbsError: 8.44456e-03
      Equation: "PotentialEquation"	RelError: 1.31173e-02	AbsError: 8.44456e-03
Iteration: 2
  Device: "part1_baseline"	RelError: 7.55226e-01	AbsError: 4.49829e+13
    Region: "bulk"	RelError: 7.55220e-01	AbsError: 4.49829e+13
      Equation: "ElectronContinuityEquation"	RelError: 2.40411e-01	AbsError: 4.49676e+13
      Equation: "HoleContinuityEquation"	RelError: 5.03574e-01	AbsError: 1.53160e+10
      Equation: "PotentialEquation"	RelError: 1.12359e-02	AbsError: 2.58539e-02
    Region: "oxide"	RelError: 5.69045e-06	AbsError: 6.39030e-08
      Equation: "PotentialEquation"	RelError: 5.69045e-06	AbsError: 6.39030e-08
Iteration: 3
  Device: "part1_baseline"	RelError: 1.10884e-01	AbsError: 4.01165e+14
    Region: "bulk"	RelError: 1.10868e-01	AbsError: 4.01165e+14
      Equation: "ElectronContinuityEquation"	RelError: 6.88663e-02	AbsError: 4.01131e+14
      Equation: "HoleContinuityEquation"	RelError: 3.83628e-02	AbsError: 3.42705e+10
      Equation: "PotentialEquation"	RelError: 3.63924e-03	AbsError: 9.16540e-03
    Region: "oxide"	RelError: 1.55234e-05	AbsError: 1.55123e-07
      Equation: "PotentialEquation"	RelError: 1.55234e-05	AbsError: 1.55123e-07
Iteration: 4
  Device: "part1_baseline"	RelError: 1.11171e-01	AbsError: 4.24017e+14
    Region: "bulk"	RelError: 1.11150e-01	AbsError: 4.24017e+14
      Equation: "ElectronContinuityEquation"	RelError: 5.85064e-02	AbsError: 4.23971e+14
      Equation: "HoleContinuityEquation"	RelError: 5.18535e-02	AbsError: 4.59189e+10
      Equation: "PotentialEquation"	RelError: 7.90300e-04	AbsError: 4.94809e-05
    Region: "oxide"	RelError: 2.09244e-05	AbsError: 2.15230e-07
      Equation: "PotentialEquation"	RelError: 2.09244e-05	AbsError: 2.15230e-07
Iteration: 5
  Device: "part1_baseline"	RelError: 2.92500e-03	AbsError: 1.19925e+11
    Region: "bulk"	RelError: 2.92499e-03	AbsError: 1.19925e+11
      Equation: "ElectronContinuityEquation"	RelError: 3.39461e-05	AbsError: 1.19917e+11
      Equation: "HoleContinuityEquation"	RelError: 2.89092e-03	AbsError: 7.90306e+06
      Equation: "PotentialEquation"	RelError: 1.25233e-07	AbsError: 1.33247e-08
    Region: "oxide"	RelError: 3.75159e-09	AbsError: 3.85349e-11
      Equation: "PotentialEquation"	RelError: 3.75159e-09	AbsError: 3.85349e-11
Iteration: 6
  Device: "part1_baseline"	RelError: 6.70950e-11	AbsError: 9.00747e+03
    Region: "bulk"	RelError: 6.70948e-11	AbsError: 9.00747e+03
      Equation: "ElectronContinuityEquation"	RelError: 2.18578e-12	AbsError: 9.00694e+03
      Equation: "HoleContinuityEquation"	RelError: 6.49007e-11	AbsError: 5.29963e-01
      Equation: "PotentialEquation"	RelError: 8.28508e-15	AbsError: 9.86143e-16
    Region: "oxide"	RelError: 2.51059e-16	AbsError: 2.59122e-18
      Equation: "PotentialEquation"	RelError: 2.51059e-16	AbsError: 2.59122e-18
number of equations 6873
Iteration: 0
  Device: "part1_baseline"	RelError: 2.00717e-17	AbsError: 8.17838e-10
    Region: "bulk"	RelError: 2.00717e-17	AbsError: 8.17838e-10
      Equation: "ElectronContinuityEquation"	RelError: 2.00717e-17	AbsError: 8.17591e-10
      Equation: "HoleContinuityEquation"	RelError: 9.15990e-26	AbsError: 2.46996e-13
      Equation: "PotentialEquation"	RelError: 4.32083e-27	AbsError: 2.53192e-28
    Region: "oxide"	RelError: 1.72343e-28	AbsError: 1.94987e-30
      Equation: "PotentialEquation"	RelError: 1.72343e-28	AbsError: 1.94987e-30
number of equations 6873
Iteration: 0
  Device: "part1_baseline"	RelError: 1.23134e+02	AbsError: 1.13219e+16
    Region: "bulk"	RelError: 1.00716e+02	AbsError: 1.13219e+16
      Equation: "ElectronContinuityEquation"	RelError: 4.62465e-01	AbsError: 1.11148e+16
      Equation: "HoleContinuityEquation"	RelError: 2.78840e+00	AbsError: 2.07094e+14
      Equation: "PotentialEquation"	RelError: 9.74651e+01	AbsError: 1.90539e-02
    Region: "oxide"	RelError: 2.24183e+01	AbsError: 2.00000e-02
      Equation: "PotentialEquation"	RelError: 2.24183e+01	AbsError: 2.00000e-02
Iteration: 1
  Device: "part1_baseline"	RelError: 7.14165e-01	AbsError: 5.36656e+13
    Region: "bulk"	RelError: 7.13757e-01	AbsError: 5.36656e+13
      Equation: "ElectronContinuityEquation"	RelError: 2.15932e-01	AbsError: 4.71131e+13
      Equation: "HoleContinuityEquation"	RelError: 4.48811e-01	AbsError: 6.55250e+12
      Equation: "PotentialEquation"	RelError: 4.90145e-02	AbsError: 4.06743e-05
    Region: "oxide"	RelError: 4.07568e-04	AbsError: 3.39218e-06
      Equation: "PotentialEquation"	RelError: 4.07568e-04	AbsError: 3.39218e-06
Iteration: 2
  Device: "part1_baseline"	RelError: 3.15695e-04	AbsError: 7.85872e+09
    Region: "bulk"	RelError: 3.15665e-04	AbsError: 7.85872e+09
      Equation: "ElectronContinuityEquation"	RelError: 8.27929e-05	AbsError: 6.02203e+09
      Equation: "HoleContinuityEquation"	RelError: 2.29268e-04	AbsError: 1.83669e+09
      Equation: "PotentialEquation"	RelError: 3.60467e-06	AbsError: 3.64011e-09
    Region: "oxide"	RelError: 2.91228e-08	AbsError: 1.98335e-10
      Equation: "PotentialEquation"	RelError: 2.91228e-08	AbsError: 1.98335e-10
Iteration: 3
  Device: "part1_baseline"	RelError: 1.86852e-11	AbsError: 1.35827e+02
    Region: "bulk"	RelError: 1.86850e-11	AbsError: 1.35827e+02
      Equation: "ElectronContinuityEquation"	RelError: 6.49182e-12	AbsError: 7.92128e+01
      Equation: "HoleContinuityEquation"	RelError: 1.21669e-11	AbsError: 5.66140e+01
      Equation: "PotentialEquation"	RelError: 2.62133e-14	AbsError: 5.99878e-17
    Region: "oxide"	RelError: 2.03175e-16	AbsError: 1.36294e-18
      Equation: "PotentialEquation"	RelError: 2.03175e-16	AbsError: 1.36294e-18
number of equations 6873
Iteration: 0
  Device: "part1_baseline"	RelError: 2.11341e+02	AbsError: 1.13106e+16
    Region: "bulk"	RelError: 1.74809e+02	AbsError: 1.13106e+16
      Equation: "ElectronContinuityEquation"	RelError: 4.64035e-01	AbsError: 1.11089e+16
      Equation: "HoleContinuityEquation"	RelError: 2.78990e+00	AbsError: 2.01709e+14
      Equation: "PotentialEquation"	RelError: 1.71555e+02	AbsError: 1.90566e-02
    Region: "oxide"	RelError: 3.65327e+01	AbsError: 2.00000e-02
      Equation: "PotentialEquation"	RelError: 3.65327e+01	AbsError: 2.00000e-02
Iteration: 1
  Device: "part1_baseline"	RelError: 8.20324e-01	AbsError: 6.13758e+13
    Region: "bulk"	RelError: 8.19712e-01	AbsError: 6.13758e+13
      Equation: "ElectronContinuityEquation"	RelError: 2.17035e-01	AbsError: 5.50602e+13
      Equation: "HoleContinuityEquation"	RelError: 4.48986e-01	AbsError: 6.31555e+12
      Equation: "PotentialEquation"	RelError: 1.53691e-01	AbsError: 3.83538e-05
    Region: "oxide"	RelError: 6.11509e-04	AbsError: 4.30275e-06
      Equation: "PotentialEquation"	RelError: 6.11509e-04	AbsError: 4.30275e-06
Iteration: 2
  Device: "part1_baseline"	RelError: 3.16429e-04	AbsError: 1.00358e+10
    Region: "bulk"	RelError: 3.16337e-04	AbsError: 1.00358e+10
      Equation: "ElectronContinuityEquation"	RelError: 8.52306e-05	AbsError: 8.43113e+09
      Equation: "HoleContinuityEquation"	RelError: 2.29872e-04	AbsError: 1.60464e+09
      Equation: "PotentialEquation"	RelError: 1.23445e-06	AbsError: 3.22257e-09
    Region: "oxide"	RelError: 9.21750e-08	AbsError: 2.81016e-10
      Equation: "PotentialEquation"	RelError: 9.21750e-08	AbsError: 2.81016e-10
Iteration: 3
  Device: "part1_baseline"	RelError: 2.30215e-11	AbsError: 1.84688e+02
    Region: "bulk"	RelError: 2.30211e-11	AbsError: 1.84688e+02
      Equation: "ElectronContinuityEquation"	RelError: 6.04649e-12	AbsError: 1.44691e+02
      Equation: "HoleContinuityEquation"	RelError: 1.69128e-11	AbsError: 3.99974e+01
      Equation: "PotentialEquation"	RelError: 6.18669e-14	AbsError: 4.55185e-17
    Region: "oxide"	RelError: 3.23278e-16	AbsError: 2.85884e-18
      Equation: "PotentialEquation"	RelError: 3.23278e-16	AbsError: 2.85884e-18
number of equations 6873
Iteration: 0
  Device: "part1_baseline"	RelError: 7.38860e+02	AbsError: 1.13003e+16
    Region: "bulk"	RelError: 7.33111e+02	AbsError: 1.13003e+16
      Equation: "ElectronContinuityEquation"	RelError: 4.65320e-01	AbsError: 1.11004e+16
      Equation: "HoleContinuityEquation"	RelError: 2.79122e+00	AbsError: 1.99894e+14
      Equation: "PotentialEquation"	RelError: 7.29855e+02	AbsError: 1.90590e-02
    Region: "oxide"	RelError: 5.74899e+00	AbsError: 2.00000e-02
      Equation: "PotentialEquation"	RelError: 5.74899e+00	AbsError: 2.00000e-02
Iteration: 1
  Device: "part1_baseline"	RelError: 6.82316e-01	AbsError: 6.98723e+13
    Region: "bulk"	RelError: 6.82020e-01	AbsError: 6.98723e+13
      Equation: "ElectronContinuityEquation"	RelError: 2.17417e-01	AbsError: 6.38502e+13
      Equation: "HoleContinuityEquation"	RelError: 4.49139e-01	AbsError: 6.02205e+12
      Equation: "PotentialEquation"	RelError: 1.54641e-02	AbsError: 3.64168e-05
    Region: "oxide"	RelError: 2.96516e-04	AbsError: 5.43072e-06
      Equation: "PotentialEquation"	RelError: 2.96516e-04	AbsError: 5.43072e-06
Iteration: 2
  Device: "part1_baseline"	RelError: 3.40004e-04	AbsError: 1.29268e+10
    Region: "bulk"	RelError: 3.39993e-04	AbsError: 1.29268e+10
      Equation: "ElectronContinuityEquation"	RelError: 8.96849e-05	AbsError: 1.15525e+10
      Equation: "HoleContinuityEquation"	RelError: 2.35845e-04	AbsError: 1.37430e+09
      Equation: "PotentialEquation"	RelError: 1.44624e-05	AbsError: 3.87106e-09
    Region: "oxide"	RelError: 1.13844e-08	AbsError: 3.98014e-10
      Equation: "PotentialEquation"	RelError: 1.13844e-08	AbsError: 3.98014e-10
Iteration: 3
  Device: "part1_baseline"	RelError: 2.91361e-11	AbsError: 3.11138e+02
    Region: "bulk"	RelError: 2.91360e-11	AbsError: 3.11138e+02
      Equation: "ElectronContinuityEquation"	RelError: 5.81106e-12	AbsError: 2.79110e+02
      Equation: "HoleContinuityEquation"	RelError: 2.31702e-11	AbsError: 3.20288e+01
      Equation: "PotentialEquation"	RelError: 1.54685e-13	AbsError: 6.68544e-17
    Region: "oxide"	RelError: 8.46014e-17	AbsError: 5.60695e-18
      Equation: "PotentialEquation"	RelError: 8.46014e-17	AbsError: 5.60695e-18
number of equations 6873
Iteration: 0
  Device: "part1_baseline"	RelError: 5.91074e+02	AbsError: 1.12862e+16
    Region: "bulk"	RelError: 5.90223e+02	AbsError: 1.12862e+16
      Equation: "ElectronContinuityEquation"	RelError: 4.65804e-01	AbsError: 1.10888e+16
      Equation: "HoleContinuityEquation"	RelError: 2.79238e+00	AbsError: 1.97391e+14
      Equation: "PotentialEquation"	RelError: 5.86964e+02	AbsError: 1.90611e-02
    Region: "oxide"	RelError: 8.51805e-01	AbsError: 2.00000e-02
      Equation: "PotentialEquation"	RelError: 8.51805e-01	AbsError: 2.00000e-02
Iteration: 1
  Device: "part1_baseline"	RelError: 3.00123e+00	AbsError: 8.08321e+13
    Region: "bulk"	RelError: 3.00117e+00	AbsError: 8.08321e+13
      Equation: "ElectronContinuityEquation"	RelError: 2.17473e-01	AbsError: 7.51446e+13
      Equation: "HoleContinuityEquation"	RelError: 4.49273e-01	AbsError: 5.68751e+12
      Equation: "PotentialEquation"	RelError: 2.33443e+00	AbsError: 3.45190e-05
    Region: "oxide"	RelError: 5.04312e-05	AbsError: 6.83503e-06
      Equation: "PotentialEquation"	RelError: 5.04312e-05	AbsError: 6.83503e-06
Iteration: 2
  Device: "part1_baseline"	RelError: 3.61694e-04	AbsError: 1.66053e+10
    Region: "bulk"	RelError: 3.61689e-04	AbsError: 1.66053e+10
      Equation: "ElectronContinuityEquation"	RelError: 9.61224e-05	AbsError: 1.54437e+10
      Equation: "HoleContinuityEquation"	RelError: 2.47085e-04	AbsError: 1.16168e+09
      Equation: "PotentialEquation"	RelError: 1.84810e-05	AbsError: 5.20866e-09
    Region: "oxide"	RelError: 5.62447e-09	AbsError: 5.59393e-10
      Equation: "PotentialEquation"	RelError: 5.62447e-09	AbsError: 5.59393e-10
Iteration: 3
  Device: "part1_baseline"	RelError: 3.84696e-11	AbsError: 5.40551e+02
    Region: "bulk"	RelError: 3.84695e-11	AbsError: 5.40551e+02
      Equation: "ElectronContinuityEquation"	RelError: 5.80387e-12	AbsError: 5.11465e+02
      Equation: "HoleContinuityEquation"	RelError: 3.23956e-11	AbsError: 2.90862e+01
      Equation: "PotentialEquation"	RelError: 2.70070e-13	AbsError: 1.21019e-16
    Region: "oxide"	RelError: 1.13268e-16	AbsError: 1.05907e-17
      Equation: "PotentialEquation"	RelError: 1.13268e-16	AbsError: 1.05907e-17
number of equations 6873
Iteration: 0
  Device: "part1_baseline"	RelError: 3.27420e+01	AbsError: 1.12687e+16
    Region: "bulk"	RelError: 3.22820e+01	AbsError: 1.12687e+16
      Equation: "ElectronContinuityEquation"	RelError: 4.65931e-01	AbsError: 1.10732e+16
      Equation: "HoleContinuityEquation"	RelError: 2.79340e+00	AbsError: 1.95493e+14
      Equation: "PotentialEquation"	RelError: 2.90227e+01	AbsError: 1.90629e-02
    Region: "oxide"	RelError: 4.59997e-01	AbsError: 2.00000e-02
      Equation: "PotentialEquation"	RelError: 4.59997e-01	AbsError: 2.00000e-02
Iteration: 1
  Device: "part1_baseline"	RelError: 6.72913e-01	AbsError: 9.31042e+13
    Region: "bulk"	RelError: 6.72860e-01	AbsError: 9.31042e+13
      Equation: "ElectronContinuityEquation"	RelError: 2.19382e-01	AbsError: 8.77786e+13
      Equation: "HoleContinuityEquation"	RelError: 4.49392e-01	AbsError: 5.32561e+12
      Equation: "PotentialEquation"	RelError: 4.08607e-03	AbsError: 3.96576e-05
    Region: "oxide"	RelError: 5.28723e-05	AbsError: 8.59033e-06
      Equation: "PotentialEquation"	RelError: 5.28723e-05	AbsError: 8.59033e-06
Iteration: 2
  Device: "part1_baseline"	RelError: 3.69123e-04	AbsError: 2.17881e+10
    Region: "bulk"	RelError: 3.69116e-04	AbsError: 2.17881e+10
      Equation: "ElectronContinuityEquation"	RelError: 1.04733e-04	AbsError: 2.06660e+10
      Equation: "HoleContinuityEquation"	RelError: 2.63625e-04	AbsError: 1.12209e+09
      Equation: "PotentialEquation"	RelError: 7.58829e-07	AbsError: 6.87383e-09
    Region: "oxide"	RelError: 6.39319e-09	AbsError: 7.79015e-10
      Equation: "PotentialEquation"	RelError: 6.39319e-09	AbsError: 7.79015e-10
Iteration: 3
  Device: "part1_baseline"	RelError: 5.15692e-11	AbsError: 9.07359e+02
    Region: "bulk"	RelError: 5.15690e-11	AbsError: 9.07359e+02
      Equation: "ElectronContinuityEquation"	RelError: 6.06495e-12	AbsError: 8.81871e+02
      Equation: "HoleContinuityEquation"	RelError: 4.54856e-11	AbsError: 2.54887e+01
      Equation: "PotentialEquation"	RelError: 1.84927e-14	AbsError: 2.10261e-16
    Region: "oxide"	RelError: 1.69601e-16	AbsError: 1.94636e-17
      Equation: "PotentialEquation"	RelError: 1.69601e-16	AbsError: 1.94636e-17
number of equations 6873
Iteration: 0
  Device: "part1_baseline"	RelError: 1.23781e+02	AbsError: 1.12461e+16
    Region: "bulk"	RelError: 1.23466e+02	AbsError: 1.12461e+16
      Equation: "ElectronContinuityEquation"	RelError: 4.66960e-01	AbsError: 1.10528e+16
      Equation: "HoleContinuityEquation"	RelError: 2.79429e+00	AbsError: 1.93267e+14
      Equation: "PotentialEquation"	RelError: 1.20204e+02	AbsError: 1.90645e-02
    Region: "oxide"	RelError: 3.15077e-01	AbsError: 2.00000e-02
      Equation: "PotentialEquation"	RelError: 3.15077e-01	AbsError: 2.00000e-02
Iteration: 1
  Device: "part1_baseline"	RelError: 7.98808e-01	AbsError: 1.06679e+14
    Region: "bulk"	RelError: 7.98751e-01	AbsError: 1.06679e+14
      Equation: "ElectronContinuityEquation"	RelError: 2.20099e-01	AbsError: 1.01680e+14
      Equation: "HoleContinuityEquation"	RelError: 4.49496e-01	AbsError: 4.99915e+12
      Equation: "PotentialEquation"	RelError: 1.29155e-01	AbsError: 4.64531e-05
    Region: "oxide"	RelError: 5.64215e-05	AbsError: 1.07918e-05
      Equation: "PotentialEquation"	RelError: 5.64215e-05	AbsError: 1.07918e-05
Iteration: 2
  Device: "part1_baseline"	RelError: 4.03383e-04	AbsError: 2.90294e+10
    Region: "bulk"	RelError: 4.03376e-04	AbsError: 2.90294e+10
      Equation: "ElectronContinuityEquation"	RelError: 1.15843e-04	AbsError: 2.79655e+10
      Equation: "HoleContinuityEquation"	RelError: 2.86555e-04	AbsError: 1.06389e+09
      Equation: "PotentialEquation"	RelError: 9.77793e-07	AbsError: 9.00205e-09
    Region: "oxide"	RelError: 7.37739e-09	AbsError: 1.07406e-09
      Equation: "PotentialEquation"	RelError: 7.37739e-09	AbsError: 1.07406e-09
Iteration: 3
  Device: "part1_baseline"	RelError: 7.02701e-11	AbsError: 1.53828e+03
    Region: "bulk"	RelError: 7.02698e-11	AbsError: 1.53828e+03
      Equation: "ElectronContinuityEquation"	RelError: 6.65674e-12	AbsError: 1.51668e+03
      Equation: "HoleContinuityEquation"	RelError: 6.35859e-11	AbsError: 2.16028e+01
      Equation: "PotentialEquation"	RelError: 2.71648e-14	AbsError: 3.49349e-16
    Region: "oxide"	RelError: 2.60221e-16	AbsError: 3.49739e-17
      Equation: "PotentialEquation"	RelError: 2.60221e-16	AbsError: 3.49739e-17
number of equations 6873
Iteration: 0
  Device: "part1_baseline"	RelError: 2.61181e+01	AbsError: 1.12167e+16
    Region: "bulk"	RelError: 2.58785e+01	AbsError: 1.12167e+16
      Equation: "ElectronContinuityEquation"	RelError: 4.67831e-01	AbsError: 1.10262e+16
      Equation: "HoleContinuityEquation"	RelError: 2.79506e+00	AbsError: 1.90454e+14
      Equation: "PotentialEquation"	RelError: 2.26156e+01	AbsError: 1.90659e-02
    Region: "oxide"	RelError: 2.39595e-01	AbsError: 2.00000e-02
      Equation: "PotentialEquation"	RelError: 2.39595e-01	AbsError: 2.00000e-02
Iteration: 1
  Device: "part1_baseline"	RelError: 6.78016e-01	AbsError: 1.24442e+14
    Region: "bulk"	RelError: 6.77951e-01	AbsError: 1.24442e+14
      Equation: "ElectronContinuityEquation"	RelError: 2.20273e-01	AbsError: 1.19598e+14
      Equation: "HoleContinuityEquation"	RelError: 4.49588e-01	AbsError: 4.84416e+12
      Equation: "PotentialEquation"	RelError: 8.09046e-03	AbsError: 5.39503e-05
    Region: "oxide"	RelError: 6.52153e-05	AbsError: 1.35613e-05
      Equation: "PotentialEquation"	RelError: 6.52153e-05	AbsError: 1.35613e-05
Iteration: 2
  Device: "part1_baseline"	RelError: 4.46824e-04	AbsError: 3.75162e+10
    Region: "bulk"	RelError: 4.46815e-04	AbsError: 3.75162e+10
      Equation: "ElectronContinuityEquation"	RelError: 1.29572e-04	AbsError: 3.65247e+10
      Equation: "HoleContinuityEquation"	RelError: 3.16403e-04	AbsError: 9.91461e+08
      Equation: "PotentialEquation"	RelError: 8.40083e-07	AbsError: 1.17006e-08
    Region: "oxide"	RelError: 8.47899e-09	AbsError: 1.46544e-09
      Equation: "PotentialEquation"	RelError: 8.47899e-09	AbsError: 1.46544e-09
Iteration: 3
  Device: "part1_baseline"	RelError: 9.71630e-11	AbsError: 2.68779e+03
    Region: "bulk"	RelError: 9.71626e-11	AbsError: 2.68779e+03
      Equation: "ElectronContinuityEquation"	RelError: 7.69241e-12	AbsError: 2.67006e+03
      Equation: "HoleContinuityEquation"	RelError: 8.94297e-11	AbsError: 1.77335e+01
      Equation: "PotentialEquation"	RelError: 4.04893e-14	AbsError: 5.86211e-16
    Region: "oxide"	RelError: 3.98530e-16	AbsError: 6.16865e-17
      Equation: "PotentialEquation"	RelError: 3.98530e-16	AbsError: 6.16865e-17
number of equations 6873
Iteration: 0
  Device: "part1_baseline"	RelError: 3.73992e+01	AbsError: 1.11791e+16
    Region: "bulk"	RelError: 3.72059e+01	AbsError: 1.11791e+16
      Equation: "ElectronContinuityEquation"	RelError: 4.68105e-01	AbsError: 1.09920e+16
      Equation: "HoleContinuityEquation"	RelError: 2.79572e+00	AbsError: 1.87091e+14
      Equation: "PotentialEquation"	RelError: 3.39421e+01	AbsError: 1.90671e-02
    Region: "oxide"	RelError: 1.93289e-01	AbsError: 2.00000e-02
      Equation: "PotentialEquation"	RelError: 1.93289e-01	AbsError: 2.00000e-02
Iteration: 1
  Device: "part1_baseline"	RelError: 6.74961e-01	AbsError: 1.43308e+14
    Region: "bulk"	RelError: 6.74884e-01	AbsError: 1.43308e+14
      Equation: "ElectronContinuityEquation"	RelError: 2.20200e-01	AbsError: 1.38555e+14
      Equation: "HoleContinuityEquation"	RelError: 4.49666e-01	AbsError: 4.75345e+12
      Equation: "PotentialEquation"	RelError: 5.01845e-03	AbsError: 6.22067e-05
    Region: "oxide"	RelError: 7.67323e-05	AbsError: 1.70557e-05
      Equation: "PotentialEquation"	RelError: 7.67323e-05	AbsError: 1.70557e-05
Iteration: 2
  Device: "part1_baseline"	RelError: 5.00843e-04	AbsError: 4.99124e+10
    Region: "bulk"	RelError: 5.00833e-04	AbsError: 4.99124e+10
      Equation: "ElectronContinuityEquation"	RelError: 1.46383e-04	AbsError: 4.90035e+10
      Equation: "HoleContinuityEquation"	RelError: 3.52938e-04	AbsError: 9.08851e+08
      Equation: "PotentialEquation"	RelError: 1.51217e-06	AbsError: 1.48071e-08
    Region: "oxide"	RelError: 9.60596e-09	AbsError: 1.97846e-09
      Equation: "PotentialEquation"	RelError: 9.60596e-09	AbsError: 1.97846e-09
Iteration: 3
  Device: "part1_baseline"	RelError: 1.39408e-10	AbsError: 4.30054e+03
    Region: "bulk"	RelError: 1.39408e-10	AbsError: 4.30054e+03
      Equation: "ElectronContinuityEquation"	RelError: 1.11112e-11	AbsError: 4.28642e+03
      Equation: "HoleContinuityEquation"	RelError: 1.28194e-10	AbsError: 1.41227e+01
      Equation: "PotentialEquation"	RelError: 1.02874e-13	AbsError: 9.42371e-16
    Region: "oxide"	RelError: 6.11366e-16	AbsError: 1.07322e-16
      Equation: "PotentialEquation"	RelError: 6.11366e-16	AbsError: 1.07322e-16
number of equations 6873
Iteration: 0
  Device: "part1_baseline"	RelError: 1.22420e+01	AbsError: 1.11314e+16
    Region: "bulk"	RelError: 1.20800e+01	AbsError: 1.11314e+16
      Equation: "ElectronContinuityEquation"	RelError: 4.68117e-01	AbsError: 1.09482e+16
      Equation: "HoleContinuityEquation"	RelError: 2.79626e+00	AbsError: 1.83220e+14
      Equation: "PotentialEquation"	RelError: 8.81563e+00	AbsError: 1.90681e-02
    Region: "oxide"	RelError: 1.61981e-01	AbsError: 2.00000e-02
      Equation: "PotentialEquation"	RelError: 1.61981e-01	AbsError: 2.00000e-02
Iteration: 1
  Device: "part1_baseline"	RelError: 6.79590e-01	AbsError: 1.67997e+14
    Region: "bulk"	RelError: 6.79500e-01	AbsError: 1.67997e+14
      Equation: "ElectronContinuityEquation"	RelError: 2.20285e-01	AbsError: 1.63370e+14
      Equation: "HoleContinuityEquation"	RelError: 4.49732e-01	AbsError: 4.62683e+12
      Equation: "PotentialEquation"	RelError: 9.48289e-03	AbsError: 7.19656e-05
    Region: "oxide"	RelError: 9.07876e-05	AbsError: 2.14772e-05
      Equation: "PotentialEquation"	RelError: 9.07876e-05	AbsError: 2.14772e-05
Iteration: 2
  Device: "part1_baseline"	RelError: 5.64818e-04	AbsError: 6.51702e+10
    Region: "bulk"	RelError: 5.64807e-04	AbsError: 6.51702e+10
      Equation: "ElectronContinuityEquation"	RelError: 1.66533e-04	AbsError: 6.43506e+10
      Equation: "HoleContinuityEquation"	RelError: 3.97339e-04	AbsError: 8.19667e+08
      Equation: "PotentialEquation"	RelError: 9.34641e-07	AbsError: 1.88403e-08
    Region: "oxide"	RelError: 1.11770e-08	AbsError: 2.64408e-09
      Equation: "PotentialEquation"	RelError: 1.11770e-08	AbsError: 2.64408e-09
Iteration: 3
  Device: "part1_baseline"	RelError: 3.37705e-10	AbsError: 7.45370e+03
    Region: "bulk"	RelError: 3.37704e-10	AbsError: 7.45370e+03
      Equation: "ElectronContinuityEquation"	RelError: 1.54618e-11	AbsError: 7.44274e+03
      Equation: "HoleContinuityEquation"	RelError: 3.22162e-10	AbsError: 1.09632e+01
      Equation: "PotentialEquation"	RelError: 8.05452e-14	AbsError: 1.48707e-15
    Region: "oxide"	RelError: 9.46544e-16	AbsError: 1.85391e-16
      Equation: "PotentialEquation"	RelError: 9.46544e-16	AbsError: 1.85391e-16
number of equations 6873
Iteration: 0
  Device: "part1_baseline"	RelError: 1.84589e+01	AbsError: 1.10711e+16
    Region: "bulk"	RelError: 1.83195e+01	AbsError: 1.10711e+16
      Equation: "ElectronContinuityEquation"	RelError: 4.68005e-01	AbsError: 1.08922e+16
      Equation: "HoleContinuityEquation"	RelError: 2.79669e+00	AbsError: 1.78885e+14
      Equation: "PotentialEquation"	RelError: 1.50548e+01	AbsError: 1.90690e-02
    Region: "oxide"	RelError: 1.39400e-01	AbsError: 2.00000e-02
      Equation: "PotentialEquation"	RelError: 1.39400e-01	AbsError: 2.00000e-02
Iteration: 1
  Device: "part1_baseline"	RelError: 6.76582e-01	AbsError: 1.94662e+14
    Region: "bulk"	RelError: 6.76474e-01	AbsError: 1.94662e+14
      Equation: "ElectronContinuityEquation"	RelError: 2.20859e-01	AbsError: 1.90191e+14
      Equation: "HoleContinuityEquation"	RelError: 4.49786e-01	AbsError: 4.47038e+12
      Equation: "PotentialEquation"	RelError: 5.82902e-03	AbsError: 8.23919e-05
    Region: "oxide"	RelError: 1.07996e-04	AbsError: 2.70859e-05
      Equation: "PotentialEquation"	RelError: 1.07996e-04	AbsError: 2.70859e-05
Iteration: 2
  Device: "part1_baseline"	RelError: 1.16539e-03	AbsError: 8.67517e+10
    Region: "bulk"	RelError: 1.16538e-03	AbsError: 8.67517e+10
      Equation: "ElectronContinuityEquation"	RelError: 1.90603e-04	AbsError: 8.60124e+10
      Equation: "HoleContinuityEquation"	RelError: 9.74226e-04	AbsError: 7.39310e+08
      Equation: "PotentialEquation"	RelError: 5.51885e-07	AbsError: 2.33264e-08
    Region: "oxide"	RelError: 1.39601e-08	AbsError: 3.50124e-09
      Equation: "PotentialEquation"	RelError: 1.39601e-08	AbsError: 3.50124e-09
Iteration: 3
  Device: "part1_baseline"	RelError: 1.37490e-09	AbsError: 1.19235e+04
    Region: "bulk"	RelError: 1.37489e-09	AbsError: 1.19235e+04
      Equation: "ElectronContinuityEquation"	RelError: 2.04178e-11	AbsError: 1.19146e+04
      Equation: "HoleContinuityEquation"	RelError: 1.35438e-09	AbsError: 8.90500e+00
      Equation: "PotentialEquation"	RelError: 9.69898e-14	AbsError: 2.34021e-15
    Region: "oxide"	RelError: 1.49567e-15	AbsError: 3.20480e-16
      Equation: "PotentialEquation"	RelError: 1.49567e-15	AbsError: 3.20480e-16
number of equations 6873
Iteration: 0
  Device: "part1_baseline"	RelError: 2.35937e+01	AbsError: 1.09951e+16
    Region: "bulk"	RelError: 2.34714e+01	AbsError: 1.09951e+16
      Equation: "ElectronContinuityEquation"	RelError: 4.68494e-01	AbsError: 1.08210e+16
      Equation: "HoleContinuityEquation"	RelError: 2.79699e+00	AbsError: 1.74133e+14
      Equation: "PotentialEquation"	RelError: 2.02059e+01	AbsError: 1.90696e-02
    Region: "oxide"	RelError: 1.22342e-01	AbsError: 2.00000e-02
      Equation: "PotentialEquation"	RelError: 1.22342e-01	AbsError: 2.00000e-02
Iteration: 1
  Device: "part1_baseline"	RelError: 6.78009e-01	AbsError: 2.29846e+14
    Region: "bulk"	RelError: 6.77880e-01	AbsError: 2.29846e+14
      Equation: "ElectronContinuityEquation"	RelError: 2.20918e-01	AbsError: 2.25551e+14
      Equation: "HoleContinuityEquation"	RelError: 4.49826e-01	AbsError: 4.29572e+12
      Equation: "PotentialEquation"	RelError: 7.13488e-03	AbsError: 9.48750e-05
    Region: "oxide"	RelError: 1.29122e-04	AbsError: 3.42147e-05
      Equation: "PotentialEquation"	RelError: 1.29122e-04	AbsError: 3.42147e-05
Iteration: 2
  Device: "part1_baseline"	RelError: 2.93424e-03	AbsError: 1.13721e+11
    Region: "bulk"	RelError: 2.93423e-03	AbsError: 1.13721e+11
      Equation: "ElectronContinuityEquation"	RelError: 2.19178e-04	AbsError: 1.13060e+11
      Equation: "HoleContinuityEquation"	RelError: 2.71419e-03	AbsError: 6.61553e+08
      Equation: "PotentialEquation"	RelError: 8.55655e-07	AbsError: 2.90772e-08
    Region: "oxide"	RelError: 1.73638e-08	AbsError: 4.60106e-09
      Equation: "PotentialEquation"	RelError: 1.73638e-08	AbsError: 4.60106e-09
Iteration: 3
  Device: "part1_baseline"	RelError: 4.72632e-09	AbsError: 2.05559e+04
    Region: "bulk"	RelError: 4.72632e-09	AbsError: 2.05559e+04
      Equation: "ElectronContinuityEquation"	RelError: 2.48661e-11	AbsError: 2.05467e+04
      Equation: "HoleContinuityEquation"	RelError: 4.70114e-09	AbsError: 9.18703e+00
      Equation: "PotentialEquation"	RelError: 3.12393e-13	AbsError: 3.64004e-15
    Region: "oxide"	RelError: 2.44380e-15	AbsError: 5.58798e-16
      Equation: "PotentialEquation"	RelError: 2.44380e-15	AbsError: 5.58798e-16
number of equations 6873
Iteration: 0
  Device: "part1_baseline"	RelError: 1.26184e+01	AbsError: 1.09870e+16
    Region: "bulk"	RelError: 1.25094e+01	AbsError: 1.09870e+16
      Equation: "ElectronContinuityEquation"	RelError: 4.68679e-01	AbsError: 1.08180e+16
      Equation: "HoleContinuityEquation"	RelError: 2.79716e+00	AbsError: 1.69011e+14
      Equation: "PotentialEquation"	RelError: 9.24353e+00	AbsError: 1.90699e-02
    Region: "oxide"	RelError: 1.09001e-01	AbsError: 2.00000e-02
      Equation: "PotentialEquation"	RelError: 1.09001e-01	AbsError: 2.00000e-02
Iteration: 1
  Device: "part1_baseline"	RelError: 6.73325e-01	AbsError: 2.71398e+14
    Region: "bulk"	RelError: 6.73170e-01	AbsError: 2.71398e+14
      Equation: "ElectronContinuityEquation"	RelError: 2.20736e-01	AbsError: 2.67237e+14
      Equation: "HoleContinuityEquation"	RelError: 4.49853e-01	AbsError: 4.16042e+12
      Equation: "PotentialEquation"	RelError: 2.58111e-03	AbsError: 1.08413e-04
    Region: "oxide"	RelError: 1.55095e-04	AbsError: 4.32833e-05
      Equation: "PotentialEquation"	RelError: 1.55095e-04	AbsError: 4.32833e-05
Iteration: 2
  Device: "part1_baseline"	RelError: 6.42866e-03	AbsError: 1.55090e+11
    Region: "bulk"	RelError: 6.42864e-03	AbsError: 1.55090e+11
      Equation: "ElectronContinuityEquation"	RelError: 2.53213e-04	AbsError: 1.54511e+11
      Equation: "HoleContinuityEquation"	RelError: 6.17533e-03	AbsError: 5.78816e+08
      Equation: "PotentialEquation"	RelError: 9.73079e-08	AbsError: 3.53790e-08
    Region: "oxide"	RelError: 2.15470e-08	AbsError: 6.01324e-09
      Equation: "PotentialEquation"	RelError: 2.15470e-08	AbsError: 6.01324e-09
Iteration: 3
  Device: "part1_baseline"	RelError: 1.36953e-08	AbsError: 3.22367e+04
    Region: "bulk"	RelError: 1.36953e-08	AbsError: 3.22367e+04
      Equation: "ElectronContinuityEquation"	RelError: 2.76795e-11	AbsError: 3.22266e+04
      Equation: "HoleContinuityEquation"	RelError: 1.36674e-08	AbsError: 1.01609e+01
      Equation: "PotentialEquation"	RelError: 1.75730e-13	AbsError: 5.69241e-15
    Region: "oxide"	RelError: 4.17777e-15	AbsError: 9.88661e-16
      Equation: "PotentialEquation"	RelError: 4.17777e-15	AbsError: 9.88661e-16
number of equations 6873
Iteration: 0
  Device: "part1_baseline"	RelError: 4.74528e+01	AbsError: 1.09855e+16
    Region: "bulk"	RelError: 4.73545e+01	AbsError: 1.09855e+16
      Equation: "ElectronContinuityEquation"	RelError: 4.68611e-01	AbsError: 1.08209e+16
      Equation: "HoleContinuityEquation"	RelError: 2.79717e+00	AbsError: 1.64615e+14
      Equation: "PotentialEquation"	RelError: 4.40887e+01	AbsError: 1.90700e-02
    Region: "oxide"	RelError: 9.82811e-02	AbsError: 2.00000e-02
      Equation: "PotentialEquation"	RelError: 9.82811e-02	AbsError: 2.00000e-02
Iteration: 1
  Device: "part1_baseline"	RelError: 6.79228e-01	AbsError: 3.21154e+14
    Region: "bulk"	RelError: 6.79041e-01	AbsError: 3.21154e+14
      Equation: "ElectronContinuityEquation"	RelError: 2.20420e-01	AbsError: 3.17149e+14
      Equation: "HoleContinuityEquation"	RelError: 4.49864e-01	AbsError: 4.00475e+12
      Equation: "PotentialEquation"	RelError: 8.75636e-03	AbsError: 1.24483e-04
    Region: "oxide"	RelError: 1.87011e-04	AbsError: 5.48070e-05
      Equation: "PotentialEquation"	RelError: 1.87011e-04	AbsError: 5.48070e-05
Iteration: 2
  Device: "part1_baseline"	RelError: 1.16824e-02	AbsError: 2.06740e+11
    Region: "bulk"	RelError: 1.16824e-02	AbsError: 2.06740e+11
      Equation: "ElectronContinuityEquation"	RelError: 2.93651e-04	AbsError: 2.06237e+11
      Equation: "HoleContinuityEquation"	RelError: 1.13852e-02	AbsError: 5.02983e+08
      Equation: "PotentialEquation"	RelError: 3.54766e-06	AbsError: 4.32454e-08
    Region: "oxide"	RelError: 2.67295e-08	AbsError: 7.83359e-09
      Equation: "PotentialEquation"	RelError: 2.67295e-08	AbsError: 7.83359e-09
Iteration: 3
  Device: "part1_baseline"	RelError: 3.26454e-08	AbsError: 5.76616e+04
    Region: "bulk"	RelError: 3.26454e-08	AbsError: 5.76616e+04
      Equation: "ElectronContinuityEquation"	RelError: 3.22227e-11	AbsError: 5.76493e+04
      Equation: "HoleContinuityEquation"	RelError: 3.26115e-08	AbsError: 1.23219e+01
      Equation: "PotentialEquation"	RelError: 1.65897e-12	AbsError: 9.06594e-15
    Region: "oxide"	RelError: 7.52430e-15	AbsError: 1.83726e-15
      Equation: "PotentialEquation"	RelError: 7.52430e-15	AbsError: 1.83726e-15
number of equations 6873
Iteration: 0
  Device: "part1_baseline"	RelError: 6.86200e+00	AbsError: 1.09872e+16
    Region: "bulk"	RelError: 6.77252e+00	AbsError: 1.09872e+16
      Equation: "ElectronContinuityEquation"	RelError: 4.68415e-01	AbsError: 1.08237e+16
      Equation: "HoleContinuityEquation"	RelError: 2.79695e+00	AbsError: 1.63507e+14
      Equation: "PotentialEquation"	RelError: 3.50716e+00	AbsError: 1.90698e-02
    Region: "oxide"	RelError: 8.94768e-02	AbsError: 2.00000e-02
      Equation: "PotentialEquation"	RelError: 8.94768e-02	AbsError: 2.00000e-02
Iteration: 1
  Device: "part1_baseline"	RelError: 6.73467e-01	AbsError: 3.87948e+14
    Region: "bulk"	RelError: 6.73241e-01	AbsError: 3.87948e+14
      Equation: "ElectronContinuityEquation"	RelError: 2.20006e-01	AbsError: 3.84114e+14
      Equation: "HoleContinuityEquation"	RelError: 4.49854e-01	AbsError: 3.83380e+12
      Equation: "PotentialEquation"	RelError: 3.38208e-03	AbsError: 1.42858e-04
    Region: "oxide"	RelError: 2.26077e-04	AbsError: 6.93908e-05
      Equation: "PotentialEquation"	RelError: 2.26077e-04	AbsError: 6.93908e-05
Iteration: 2
  Device: "part1_baseline"	RelError: 1.76801e-02	AbsError: 2.84903e+11
    Region: "bulk"	RelError: 1.76800e-02	AbsError: 2.84903e+11
      Equation: "ElectronContinuityEquation"	RelError: 3.41771e-04	AbsError: 2.84430e+11
      Equation: "HoleContinuityEquation"	RelError: 1.73373e-02	AbsError: 4.72188e+08
      Equation: "PotentialEquation"	RelError: 1.00136e-06	AbsError: 5.22036e-08
    Region: "oxide"	RelError: 3.31933e-08	AbsError: 1.01882e-08
      Equation: "PotentialEquation"	RelError: 3.31933e-08	AbsError: 1.01882e-08
Iteration: 3
  Device: "part1_baseline"	RelError: 6.49284e-08	AbsError: 9.66988e+04
    Region: "bulk"	RelError: 6.49284e-08	AbsError: 9.66988e+04
      Equation: "ElectronContinuityEquation"	RelError: 4.51034e-11	AbsError: 9.66819e+04
      Equation: "HoleContinuityEquation"	RelError: 6.48828e-08	AbsError: 1.69506e+01
      Equation: "PotentialEquation"	RelError: 4.63918e-13	AbsError: 1.42129e-14
    Region: "oxide"	RelError: 1.42651e-14	AbsError: 3.71865e-15
      Equation: "PotentialEquation"	RelError: 1.42651e-14	AbsError: 3.71865e-15
number of equations 6873
Iteration: 0
  Device: "part1_baseline"	RelError: 6.29627e+00	AbsError: 1.09884e+16
    Region: "bulk"	RelError: 6.21415e+00	AbsError: 1.09884e+16
      Equation: "ElectronContinuityEquation"	RelError: 4.68135e-01	AbsError: 1.08264e+16
      Equation: "HoleContinuityEquation"	RelError: 2.79639e+00	AbsError: 1.62036e+14
      Equation: "PotentialEquation"	RelError: 2.94963e+00	AbsError: 1.90689e-02
    Region: "oxide"	RelError: 8.21149e-02	AbsError: 2.00000e-02
      Equation: "PotentialEquation"	RelError: 8.21149e-02	AbsError: 2.00000e-02
Iteration: 1
  Device: "part1_baseline"	RelError: 6.74259e-01	AbsError: 4.75182e+14
    Region: "bulk"	RelError: 6.73986e-01	AbsError: 4.75182e+14
      Equation: "ElectronContinuityEquation"	RelError: 2.19486e-01	AbsError: 4.71529e+14
      Equation: "HoleContinuityEquation"	RelError: 4.49812e-01	AbsError: 3.65263e+12
      Equation: "PotentialEquation"	RelError: 4.68717e-03	AbsError: 1.63634e-04
    Region: "oxide"	RelError: 2.73494e-04	AbsError: 8.76920e-05
      Equation: "PotentialEquation"	RelError: 2.73494e-04	AbsError: 8.76920e-05
Iteration: 2
  Device: "part1_baseline"	RelError: 2.33191e-02	AbsError: 3.96442e+11
    Region: "bulk"	RelError: 2.33191e-02	AbsError: 3.96442e+11
      Equation: "ElectronContinuityEquation"	RelError: 3.99148e-04	AbsError: 3.96025e+11
      Equation: "HoleContinuityEquation"	RelError: 2.29173e-02	AbsError: 4.17239e+08
      Equation: "PotentialEquation"	RelError: 2.61974e-06	AbsError: 6.14807e-08
    Region: "oxide"	RelError: 5.08151e-08	AbsError: 1.32213e-08
      Equation: "PotentialEquation"	RelError: 5.08151e-08	AbsError: 1.32213e-08
Iteration: 3
  Device: "part1_baseline"	RelError: 1.13621e-07	AbsError: 1.57030e+05
    Region: "bulk"	RelError: 1.13621e-07	AbsError: 1.57030e+05
      Equation: "ElectronContinuityEquation"	RelError: 1.18061e-10	AbsError: 1.57005e+05
      Equation: "HoleContinuityEquation"	RelError: 1.13502e-07	AbsError: 2.47010e+01
      Equation: "PotentialEquation"	RelError: 9.07697e-13	AbsError: 2.30642e-14
    Region: "oxide"	RelError: 2.81706e-14	AbsError: 7.80598e-15
      Equation: "PotentialEquation"	RelError: 2.81706e-14	AbsError: 7.80598e-15
number of equations 6873
Iteration: 0
  Device: "part1_baseline"	RelError: 9.30221e+00	AbsError: 1.09893e+16
    Region: "bulk"	RelError: 9.22634e+00	AbsError: 1.09893e+16
      Equation: "ElectronContinuityEquation"	RelError: 4.67774e-01	AbsError: 1.08291e+16
      Equation: "HoleContinuityEquation"	RelError: 2.79526e+00	AbsError: 1.60203e+14
      Equation: "PotentialEquation"	RelError: 5.96331e+00	AbsError: 1.90672e-02
    Region: "oxide"	RelError: 7.58643e-02	AbsError: 2.00000e-02
      Equation: "PotentialEquation"	RelError: 7.58643e-02	AbsError: 2.00000e-02
Iteration: 1
  Device: "part1_baseline"	RelError: 6.76022e-01	AbsError: 5.92520e+14
    Region: "bulk"	RelError: 6.75692e-01	AbsError: 5.92520e+14
      Equation: "ElectronContinuityEquation"	RelError: 2.18828e-01	AbsError: 5.89053e+14
      Equation: "HoleContinuityEquation"	RelError: 4.49721e-01	AbsError: 3.46642e+12
      Equation: "PotentialEquation"	RelError: 7.14319e-03	AbsError: 1.88371e-04
    Region: "oxide"	RelError: 3.30191e-04	AbsError: 1.10328e-04
      Equation: "PotentialEquation"	RelError: 3.30191e-04	AbsError: 1.10328e-04
Iteration: 2
  Device: "part1_baseline"	RelError: 2.81883e-02	AbsError: 5.40672e+11
    Region: "bulk"	RelError: 2.81882e-02	AbsError: 5.40672e+11
      Equation: "ElectronContinuityEquation"	RelError: 4.70741e-04	AbsError: 5.40347e+11
      Equation: "HoleContinuityEquation"	RelError: 2.77101e-02	AbsError: 3.25444e+08
      Equation: "PotentialEquation"	RelError: 7.43246e-06	AbsError: 7.20058e-08
    Region: "oxide"	RelError: 1.01303e-07	AbsError: 2.77835e-08
      Equation: "PotentialEquation"	RelError: 1.01303e-07	AbsError: 2.77835e-08
Iteration: 3
  Device: "part1_baseline"	RelError: 1.82232e-07	AbsError: 2.76584e+05
    Region: "bulk"	RelError: 1.82232e-07	AbsError: 2.76584e+05
      Equation: "ElectronContinuityEquation"	RelError: 3.24206e-10	AbsError: 2.76547e+05
      Equation: "HoleContinuityEquation"	RelError: 1.81906e-07	AbsError: 3.74628e+01
      Equation: "PotentialEquation"	RelError: 1.41071e-12	AbsError: 3.64878e-14
    Region: "oxide"	RelError: 5.65846e-14	AbsError: 1.66017e-14
      Equation: "PotentialEquation"	RelError: 5.65846e-14	AbsError: 1.66017e-14
number of equations 6873
Iteration: 0
  Device: "part1_baseline"	RelError: 8.01225e+00	AbsError: 1.09903e+16
    Region: "bulk"	RelError: 7.94176e+00	AbsError: 1.09903e+16
      Equation: "ElectronContinuityEquation"	RelError: 4.67309e-01	AbsError: 1.08317e+16
      Equation: "HoleContinuityEquation"	RelError: 2.79315e+00	AbsError: 1.58571e+14
      Equation: "PotentialEquation"	RelError: 4.68131e+00	AbsError: 1.90638e-02
    Region: "oxide"	RelError: 7.04850e-02	AbsError: 2.00000e-02
      Equation: "PotentialEquation"	RelError: 7.04850e-02	AbsError: 2.00000e-02
Iteration: 1
  Device: "part1_baseline"	RelError: 6.80989e-01	AbsError: 7.59030e+14
    Region: "bulk"	RelError: 6.80592e-01	AbsError: 7.59030e+14
      Equation: "ElectronContinuityEquation"	RelError: 2.17960e-01	AbsError: 7.55629e+14
      Equation: "HoleContinuityEquation"	RelError: 4.49542e-01	AbsError: 3.40121e+12
      Equation: "PotentialEquation"	RelError: 1.30904e-02	AbsError: 2.16684e-04
    Region: "oxide"	RelError: 3.96404e-04	AbsError: 1.37701e-04
      Equation: "PotentialEquation"	RelError: 3.96404e-04	AbsError: 1.37701e-04
Iteration: 2
  Device: "part1_baseline"	RelError: 3.18230e-02	AbsError: 7.70039e+11
    Region: "bulk"	RelError: 3.18228e-02	AbsError: 7.70039e+11
      Equation: "ElectronContinuityEquation"	RelError: 5.60598e-04	AbsError: 7.69645e+11
      Equation: "HoleContinuityEquation"	RelError: 3.12452e-02	AbsError: 3.94289e+08
      Equation: "PotentialEquation"	RelError: 1.70634e-05	AbsError: 8.19588e-08
    Region: "oxide"	RelError: 1.86747e-07	AbsError: 5.44716e-08
      Equation: "PotentialEquation"	RelError: 1.86747e-07	AbsError: 5.44716e-08
Iteration: 3
  Device: "part1_baseline"	RelError: 2.71650e-07	AbsError: 4.42859e+05
    Region: "bulk"	RelError: 2.71650e-07	AbsError: 4.42859e+05
      Equation: "ElectronContinuityEquation"	RelError: 7.21326e-10	AbsError: 4.42808e+05
      Equation: "HoleContinuityEquation"	RelError: 2.70925e-07	AbsError: 5.05062e+01
      Equation: "PotentialEquation"	RelError: 3.33868e-12	AbsError: 6.02902e-14
    Region: "oxide"	RelError: 1.10733e-13	AbsError: 3.42767e-14
      Equation: "PotentialEquation"	RelError: 1.10733e-13	AbsError: 3.42767e-14
number of equations 6873
Iteration: 0
  Device: "part1_baseline"	RelError: 3.69036e+01	AbsError: 1.09911e+16
    Region: "bulk"	RelError: 3.68378e+01	AbsError: 1.09911e+16
      Equation: "ElectronContinuityEquation"	RelError: 4.66687e-01	AbsError: 1.08342e+16
      Equation: "HoleContinuityEquation"	RelError: 2.78924e+00	AbsError: 1.56964e+14
      Equation: "PotentialEquation"	RelError: 3.35819e+01	AbsError: 1.90573e-02
    Region: "oxide"	RelError: 6.57964e-02	AbsError: 2.00000e-02
      Equation: "PotentialEquation"	RelError: 6.57964e-02	AbsError: 2.00000e-02
Iteration: 1
  Device: "part1_baseline"	RelError: 7.00857e-01	AbsError: 1.00977e+15
    Region: "bulk"	RelError: 7.00386e-01	AbsError: 1.00977e+15
      Equation: "ElectronContinuityEquation"	RelError: 2.16755e-01	AbsError: 1.00636e+15
      Equation: "HoleContinuityEquation"	RelError: 4.49206e-01	AbsError: 3.40525e+12
      Equation: "PotentialEquation"	RelError: 3.44252e-02	AbsError: 2.47433e-04
    Region: "oxide"	RelError: 4.71063e-04	AbsError: 1.69723e-04
      Equation: "PotentialEquation"	RelError: 4.71063e-04	AbsError: 1.69723e-04
Iteration: 2
  Device: "part1_baseline"	RelError: 3.45538e-02	AbsError: 1.22907e+12
    Region: "bulk"	RelError: 3.45535e-02	AbsError: 1.22907e+12
      Equation: "ElectronContinuityEquation"	RelError: 6.66659e-04	AbsError: 1.22841e+12
      Equation: "HoleContinuityEquation"	RelError: 3.37643e-02	AbsError: 6.64335e+08
      Equation: "PotentialEquation"	RelError: 1.22524e-04	AbsError: 1.41474e-07
    Region: "oxide"	RelError: 3.19132e-07	AbsError: 9.86087e-08
      Equation: "PotentialEquation"	RelError: 3.19132e-07	AbsError: 9.86087e-08
Iteration: 3
  Device: "part1_baseline"	RelError: 3.85646e-07	AbsError: 6.22451e+05
    Region: "bulk"	RelError: 3.85646e-07	AbsError: 6.22451e+05
      Equation: "ElectronContinuityEquation"	RelError: 1.38740e-09	AbsError: 6.22350e+05
      Equation: "HoleContinuityEquation"	RelError: 3.84226e-07	AbsError: 1.00962e+02
      Equation: "PotentialEquation"	RelError: 3.21866e-11	AbsError: 1.45700e-13
    Region: "oxide"	RelError: 2.54146e-13	AbsError: 7.85285e-14
      Equation: "PotentialEquation"	RelError: 2.54146e-13	AbsError: 7.85285e-14
number of equations 6873
Iteration: 0
  Device: "part1_baseline"	RelError: 9.85867e+00	AbsError: 1.09913e+16
    Region: "bulk"	RelError: 9.79702e+00	AbsError: 1.09913e+16
      Equation: "ElectronContinuityEquation"	RelError: 4.65808e-01	AbsError: 1.08364e+16
      Equation: "HoleContinuityEquation"	RelError: 2.78203e+00	AbsError: 1.54887e+14
      Equation: "PotentialEquation"	RelError: 6.54917e+00	AbsError: 1.90476e-02
    Region: "oxide"	RelError: 6.16555e-02	AbsError: 2.00000e-02
      Equation: "PotentialEquation"	RelError: 6.16555e-02	AbsError: 2.00000e-02
Iteration: 1
  Device: "part1_baseline"	RelError: 6.83211e-01	AbsError: 1.44922e+15
    Region: "bulk"	RelError: 6.82660e-01	AbsError: 1.44922e+15
      Equation: "ElectronContinuityEquation"	RelError: 2.14995e-01	AbsError: 1.44581e+15
      Equation: "HoleContinuityEquation"	RelError: 4.48576e-01	AbsError: 3.41712e+12
      Equation: "PotentialEquation"	RelError: 1.90888e-02	AbsError: 2.80691e-04
    Region: "oxide"	RelError: 5.51078e-04	AbsError: 2.05461e-04
      Equation: "PotentialEquation"	RelError: 5.51078e-04	AbsError: 2.05461e-04
Iteration: 2
  Device: "part1_baseline"	RelError: 3.60213e-02	AbsError: 1.85004e+12
    Region: "bulk"	RelError: 3.60207e-02	AbsError: 1.85004e+12
      Equation: "ElectronContinuityEquation"	RelError: 7.85828e-04	AbsError: 1.84888e+12
      Equation: "HoleContinuityEquation"	RelError: 3.51782e-02	AbsError: 1.15349e+09
      Equation: "PotentialEquation"	RelError: 5.67399e-05	AbsError: 2.35870e-07
    Region: "oxide"	RelError: 5.17621e-07	AbsError: 1.64158e-07
      Equation: "PotentialEquation"	RelError: 5.17621e-07	AbsError: 1.64158e-07
Iteration: 3
  Device: "part1_baseline"	RelError: 5.17869e-07	AbsError: 1.09611e+06
    Region: "bulk"	RelError: 5.17868e-07	AbsError: 1.09611e+06
      Equation: "ElectronContinuityEquation"	RelError: 2.31086e-09	AbsError: 1.09559e+06
      Equation: "HoleContinuityEquation"	RelError: 5.15537e-07	AbsError: 5.17241e+02
      Equation: "PotentialEquation"	RelError: 1.96706e-11	AbsError: 3.78862e-13
    Region: "oxide"	RelError: 6.73344e-13	AbsError: 2.19586e-13
      Equation: "PotentialEquation"	RelError: 6.73344e-13	AbsError: 2.19586e-13
number of equations 6873
Iteration: 0
  Device: "part1_baseline"	RelError: 6.35660e+00	AbsError: 1.09905e+16
    Region: "bulk"	RelError: 6.29863e+00	AbsError: 1.09905e+16
      Equation: "ElectronContinuityEquation"	RelError: 4.64495e-01	AbsError: 1.08383e+16
      Equation: "HoleContinuityEquation"	RelError: 2.76871e+00	AbsError: 1.52239e+14
      Equation: "PotentialEquation"	RelError: 3.06542e+00	AbsError: 1.90302e-02
    Region: "oxide"	RelError: 5.79692e-02	AbsError: 2.00000e-02
      Equation: "PotentialEquation"	RelError: 5.79692e-02	AbsError: 2.00000e-02
Iteration: 1
  Device: "part1_baseline"	RelError: 6.89612e-01	AbsError: 2.12846e+15
    Region: "bulk"	RelError: 6.88981e-01	AbsError: 2.12846e+15
      Equation: "ElectronContinuityEquation"	RelError: 2.12321e-01	AbsError: 2.12499e+15
      Equation: "HoleContinuityEquation"	RelError: 4.47398e-01	AbsError: 3.47137e+12
      Equation: "PotentialEquation"	RelError: 2.92615e-02	AbsError: 3.13991e-04
    Region: "oxide"	RelError: 6.30778e-04	AbsError: 2.42793e-04
      Equation: "PotentialEquation"	RelError: 6.30778e-04	AbsError: 2.42793e-04
Iteration: 2
  Device: "part1_baseline"	RelError: 3.62970e-02	AbsError: 2.61954e+12
    Region: "bulk"	RelError: 3.62962e-02	AbsError: 2.61954e+12
      Equation: "ElectronContinuityEquation"	RelError: 9.07022e-04	AbsError: 2.61763e+12
      Equation: "HoleContinuityEquation"	RelError: 3.53277e-02	AbsError: 1.90855e+09
      Equation: "PotentialEquation"	RelError: 6.14347e-05	AbsError: 3.64765e-07
    Region: "oxide"	RelError: 7.87438e-07	AbsError: 2.63661e-07
      Equation: "PotentialEquation"	RelError: 7.87438e-07	AbsError: 2.63661e-07
Iteration: 3
  Device: "part1_baseline"	RelError: 6.51939e-07	AbsError: 3.23556e+06
    Region: "bulk"	RelError: 6.51937e-07	AbsError: 3.23556e+06
      Equation: "ElectronContinuityEquation"	RelError: 3.28320e-09	AbsError: 3.23252e+06
      Equation: "HoleContinuityEquation"	RelError: 6.48533e-07	AbsError: 3.03262e+03
      Equation: "PotentialEquation"	RelError: 1.21292e-10	AbsError: 1.11341e-12
    Region: "oxide"	RelError: 2.04465e-12	AbsError: 6.84619e-13
      Equation: "PotentialEquation"	RelError: 2.04465e-12	AbsError: 6.84619e-13
number of equations 6873
Iteration: 0
  Device: "part1_baseline"	RelError: 1.37249e+01	AbsError: 1.34169e+16
    Region: "bulk"	RelError: 1.36702e+01	AbsError: 1.34169e+16
      Equation: "ElectronContinuityEquation"	RelError: 4.62456e-01	AbsError: 1.32680e+16
      Equation: "HoleContinuityEquation"	RelError: 2.74432e+00	AbsError: 1.48858e+14
      Equation: "PotentialEquation"	RelError: 1.04635e+01	AbsError: 1.89972e-02
    Region: "oxide"	RelError: 5.46089e-02	AbsError: 2.00000e-02
      Equation: "PotentialEquation"	RelError: 5.46089e-02	AbsError: 2.00000e-02
Iteration: 1
  Device: "part1_baseline"	RelError: 7.60464e-01	AbsError: 3.00848e+15
    Region: "bulk"	RelError: 7.59736e-01	AbsError: 3.00848e+15
      Equation: "ElectronContinuityEquation"	RelError: 2.08181e-01	AbsError: 3.00485e+15
      Equation: "HoleContinuityEquation"	RelError: 4.45198e-01	AbsError: 3.63198e+12
      Equation: "PotentialEquation"	RelError: 1.06357e-01	AbsError: 3.76335e-04
    Region: "oxide"	RelError: 7.28019e-04	AbsError: 2.78282e-04
      Equation: "PotentialEquation"	RelError: 7.28019e-04	AbsError: 2.78282e-04
Iteration: 2
  Device: "part1_baseline"	RelError: 3.51787e-02	AbsError: 4.05463e+12
    Region: "bulk"	RelError: 3.51775e-02	AbsError: 4.05463e+12
      Equation: "ElectronContinuityEquation"	RelError: 1.00620e-03	AbsError: 4.05177e+12
      Equation: "HoleContinuityEquation"	RelError: 3.39301e-02	AbsError: 2.86180e+09
      Equation: "PotentialEquation"	RelError: 2.41279e-04	AbsError: 5.26467e-07
    Region: "oxide"	RelError: 1.11776e-06	AbsError: 3.87990e-07
      Equation: "PotentialEquation"	RelError: 1.11776e-06	AbsError: 3.87990e-07
Iteration: 3
  Device: "part1_baseline"	RelError: 7.38453e-07	AbsError: 8.27905e+06
    Region: "bulk"	RelError: 7.38448e-07	AbsError: 8.27905e+06
      Equation: "ElectronContinuityEquation"	RelError: 4.12579e-09	AbsError: 8.26794e+06
      Equation: "HoleContinuityEquation"	RelError: 7.33292e-07	AbsError: 1.11085e+04
      Equation: "PotentialEquation"	RelError: 1.03047e-09	AbsError: 2.72936e-12
    Region: "oxide"	RelError: 5.09686e-12	AbsError: 1.77216e-12
      Equation: "PotentialEquation"	RelError: 5.09686e-12	AbsError: 1.77216e-12
number of equations 6873
Iteration: 0
  Device: "part1_baseline"	RelError: 7.42161e+01	AbsError: 1.95763e+16
    Region: "bulk"	RelError: 7.41646e+01	AbsError: 1.95763e+16
      Equation: "ElectronContinuityEquation"	RelError: 4.59229e-01	AbsError: 1.94318e+16
      Equation: "HoleContinuityEquation"	RelError: 2.70365e+00	AbsError: 1.44517e+14
      Equation: "PotentialEquation"	RelError: 7.10017e+01	AbsError: 1.89465e-02
    Region: "oxide"	RelError: 5.14653e-02	AbsError: 2.00000e-02
      Equation: "PotentialEquation"	RelError: 5.14653e-02	AbsError: 2.00000e-02
Iteration: 1
  Device: "part1_baseline"	RelError: 5.75915e+00	AbsError: 4.07862e+15
    Region: "bulk"	RelError: 5.75826e+00	AbsError: 4.07862e+15
      Equation: "ElectronContinuityEquation"	RelError: 2.01833e-01	AbsError: 4.07477e+15
      Equation: "HoleContinuityEquation"	RelError: 4.41327e-01	AbsError: 3.84692e+12
      Equation: "PotentialEquation"	RelError: 5.11510e+00	AbsError: 4.57289e-04
    Region: "oxide"	RelError: 8.91675e-04	AbsError: 3.43676e-04
      Equation: "PotentialEquation"	RelError: 8.91675e-04	AbsError: 3.43676e-04
Iteration: 2
  Device: "part1_baseline"	RelError: 4.51070e-02	AbsError: 5.98543e+12
    Region: "bulk"	RelError: 4.51056e-02	AbsError: 5.98543e+12
      Equation: "ElectronContinuityEquation"	RelError: 1.04820e-03	AbsError: 5.98206e+12
      Equation: "HoleContinuityEquation"	RelError: 3.13632e-02	AbsError: 3.37284e+09
      Equation: "PotentialEquation"	RelError: 1.26942e-02	AbsError: 6.54259e-07
    Region: "oxide"	RelError: 1.37957e-06	AbsError: 4.99753e-07
      Equation: "PotentialEquation"	RelError: 1.37957e-06	AbsError: 4.99753e-07
Iteration: 3
  Device: "part1_baseline"	RelError: 8.00062e-07	AbsError: 1.39745e+07
    Region: "bulk"	RelError: 8.00054e-07	AbsError: 1.39745e+07
      Equation: "ElectronContinuityEquation"	RelError: 5.29399e-09	AbsError: 1.39543e+07
      Equation: "HoleContinuityEquation"	RelError: 7.19592e-07	AbsError: 2.02532e+04
      Equation: "PotentialEquation"	RelError: 7.51671e-08	AbsError: 4.44674e-12
    Region: "oxide"	RelError: 8.11583e-12	AbsError: 2.93998e-12
      Equation: "PotentialEquation"	RelError: 8.11583e-12	AbsError: 2.93998e-12
number of equations 6873
Iteration: 0
  Device: "part1_baseline"	RelError: 7.97007e+00	AbsError: 2.81222e+16
    Region: "bulk"	RelError: 7.92165e+00	AbsError: 2.81222e+16
      Equation: "ElectronContinuityEquation"	RelError: 4.54179e-01	AbsError: 2.79832e+16
      Equation: "HoleContinuityEquation"	RelError: 2.63779e+00	AbsError: 1.38943e+14
      Equation: "PotentialEquation"	RelError: 4.82968e+00	AbsError: 1.88692e-02
    Region: "oxide"	RelError: 4.84224e-02	AbsError: 2.00000e-02
      Equation: "PotentialEquation"	RelError: 4.84224e-02	AbsError: 2.00000e-02
Iteration: 1
  Device: "part1_baseline"	RelError: 7.34656e-01	AbsError: 5.29855e+15
    Region: "bulk"	RelError: 7.33602e-01	AbsError: 5.29855e+15
      Equation: "ElectronContinuityEquation"	RelError: 1.92519e-01	AbsError: 5.29445e+15
      Equation: "HoleContinuityEquation"	RelError: 4.34966e-01	AbsError: 4.09131e+12
      Equation: "PotentialEquation"	RelError: 1.06116e-01	AbsError: 5.51140e-04
    Region: "oxide"	RelError: 1.05368e-03	AbsError: 4.11438e-04
      Equation: "PotentialEquation"	RelError: 1.05368e-03	AbsError: 4.11438e-04
Iteration: 2
  Device: "part1_baseline"	RelError: 2.83909e-02	AbsError: 7.51716e+12
    Region: "bulk"	RelError: 2.83895e-02	AbsError: 7.51716e+12
      Equation: "ElectronContinuityEquation"	RelError: 1.00580e-03	AbsError: 7.51475e+12
      Equation: "HoleContinuityEquation"	RelError: 2.72969e-02	AbsError: 2.40953e+09
      Equation: "PotentialEquation"	RelError: 8.68272e-05	AbsError: 9.78333e-07
    Region: "oxide"	RelError: 1.36019e-06	AbsError: 5.31121e-07
      Equation: "PotentialEquation"	RelError: 1.36019e-06	AbsError: 5.31121e-07
Iteration: 3
  Device: "part1_baseline"	RelError: 6.02664e-07	AbsError: 2.85019e+07
    Region: "bulk"	RelError: 6.02656e-07	AbsError: 2.85019e+07
      Equation: "ElectronContinuityEquation"	RelError: 6.40810e-09	AbsError: 2.84948e+07
      Equation: "HoleContinuityEquation"	RelError: 5.96026e-07	AbsError: 7.15069e+03
      Equation: "PotentialEquation"	RelError: 2.22506e-10	AbsError: 5.08211e-12
    Region: "oxide"	RelError: 7.62275e-12	AbsError: 3.00261e-12
      Equation: "PotentialEquation"	RelError: 7.62275e-12	AbsError: 3.00261e-12
number of equations 6873
Iteration: 0
  Device: "part1_baseline"	RelError: 9.59132e+00	AbsError: 3.91442e+16
    Region: "bulk"	RelError: 9.54581e+00	AbsError: 3.91442e+16
      Equation: "ElectronContinuityEquation"	RelError: 4.46620e-01	AbsError: 3.90123e+16
      Equation: "HoleContinuityEquation"	RelError: 2.53463e+00	AbsError: 1.31933e+14
      Equation: "PotentialEquation"	RelError: 6.56456e+00	AbsError: 1.87686e-02
    Region: "oxide"	RelError: 4.55069e-02	AbsError: 2.00000e-02
      Equation: "PotentialEquation"	RelError: 4.55069e-02	AbsError: 2.00000e-02
Iteration: 1
  Device: "part1_baseline"	RelError: 7.34742e-01	AbsError: 6.60654e+15
    Region: "bulk"	RelError: 7.33518e-01	AbsError: 6.60654e+15
      Equation: "ElectronContinuityEquation"	RelError: 1.79919e-01	AbsError: 6.60225e+15
      Equation: "HoleContinuityEquation"	RelError: 4.24425e-01	AbsError: 4.28955e+12
      Equation: "PotentialEquation"	RelError: 1.29174e-01	AbsError: 6.35975e-04
    Region: "oxide"	RelError: 1.22375e-03	AbsError: 4.95233e-04
      Equation: "PotentialEquation"	RelError: 1.22375e-03	AbsError: 4.95233e-04
Iteration: 2
  Device: "part1_baseline"	RelError: 2.31293e-02	AbsError: 7.55794e+12
    Region: "bulk"	RelError: 2.31266e-02	AbsError: 7.55794e+12
      Equation: "ElectronContinuityEquation"	RelError: 8.89985e-04	AbsError: 7.55539e+12
      Equation: "HoleContinuityEquation"	RelError: 2.21858e-02	AbsError: 2.54538e+09
      Equation: "PotentialEquation"	RelError: 5.08072e-05	AbsError: 1.80073e-06
    Region: "oxide"	RelError: 2.74821e-06	AbsError: 1.11216e-06
      Equation: "PotentialEquation"	RelError: 2.74821e-06	AbsError: 1.11216e-06
Iteration: 3
  Device: "part1_baseline"	RelError: 4.10690e-07	AbsError: 8.26723e+07
    Region: "bulk"	RelError: 4.10657e-07	AbsError: 8.26723e+07
      Equation: "ElectronContinuityEquation"	RelError: 6.87862e-09	AbsError: 8.26609e+07
      Equation: "HoleContinuityEquation"	RelError: 4.03022e-07	AbsError: 1.14333e+04
      Equation: "PotentialEquation"	RelError: 7.55775e-10	AbsError: 2.13104e-11
    Region: "oxide"	RelError: 3.30516e-11	AbsError: 1.33755e-11
      Equation: "PotentialEquation"	RelError: 3.30516e-11	AbsError: 1.33755e-11
number of equations 6873
Iteration: 0
  Device: "part1_baseline"	RelError: 3.44902e+02	AbsError: 5.27946e+16
    Region: "bulk"	RelError: 3.44859e+02	AbsError: 5.27946e+16
      Equation: "ElectronContinuityEquation"	RelError: 4.36130e-01	AbsError: 5.26710e+16
      Equation: "HoleContinuityEquation"	RelError: 2.38817e+00	AbsError: 1.23529e+14
      Equation: "PotentialEquation"	RelError: 3.42035e+02	AbsError: 1.86536e-02
    Region: "oxide"	RelError: 4.31852e-02	AbsError: 2.00000e-02
      Equation: "PotentialEquation"	RelError: 4.31852e-02	AbsError: 2.00000e-02
Iteration: 1
  Device: "part1_baseline"	RelError: 1.50849e+00	AbsError: 7.93206e+15
    Region: "bulk"	RelError: 1.50716e+00	AbsError: 7.93206e+15
      Equation: "ElectronContinuityEquation"	RelError: 1.64690e-01	AbsError: 7.92742e+15
      Equation: "HoleContinuityEquation"	RelError: 4.08302e-01	AbsError: 4.64225e+12
      Equation: "PotentialEquation"	RelError: 9.34169e-01	AbsError: 7.01302e-04
    Region: "oxide"	RelError: 1.32816e-03	AbsError: 5.51305e-04
      Equation: "PotentialEquation"	RelError: 1.32816e-03	AbsError: 5.51305e-04
Iteration: 2
  Device: "part1_baseline"	RelError: 1.97914e-02	AbsError: 9.27739e+12
    Region: "bulk"	RelError: 1.97874e-02	AbsError: 9.27739e+12
      Equation: "ElectronContinuityEquation"	RelError: 7.49669e-04	AbsError: 9.26956e+12
      Equation: "HoleContinuityEquation"	RelError: 1.64810e-02	AbsError: 7.83763e+09
      Equation: "PotentialEquation"	RelError: 2.55676e-03	AbsError: 2.57995e-06
    Region: "oxide"	RelError: 3.97889e-06	AbsError: 1.65161e-06
      Equation: "PotentialEquation"	RelError: 3.97889e-06	AbsError: 1.65161e-06
Iteration: 3
  Device: "part1_baseline"	RelError: 2.76911e-07	AbsError: 1.49275e+08
    Region: "bulk"	RelError: 2.76837e-07	AbsError: 1.49275e+08
      Equation: "ElectronContinuityEquation"	RelError: 7.70534e-09	AbsError: 1.49196e+08
      Equation: "HoleContinuityEquation"	RelError: 2.37125e-07	AbsError: 7.86659e+04
      Equation: "PotentialEquation"	RelError: 3.20070e-08	AbsError: 4.74102e-11
    Region: "oxide"	RelError: 7.41376e-11	AbsError: 3.07739e-11
      Equation: "PotentialEquation"	RelError: 7.41376e-11	AbsError: 3.07739e-11
number of equations 6873
Iteration: 0
  Device: "part1_baseline"	RelError: 9.33215e+00	AbsError: 6.90825e+16
    Region: "bulk"	RelError: 9.29075e+00	AbsError: 6.90825e+16
      Equation: "ElectronContinuityEquation"	RelError: 4.22941e-01	AbsError: 6.89684e+16
      Equation: "HoleContinuityEquation"	RelError: 2.20372e+00	AbsError: 1.14149e+14
      Equation: "PotentialEquation"	RelError: 6.66409e+00	AbsError: 1.85181e-02
    Region: "oxide"	RelError: 4.13975e-02	AbsError: 2.00000e-02
      Equation: "PotentialEquation"	RelError: 4.13975e-02	AbsError: 2.00000e-02
Iteration: 1
  Device: "part1_baseline"	RelError: 8.08345e-01	AbsError: 9.20215e+15
    Region: "bulk"	RelError: 8.07012e-01	AbsError: 9.20215e+15
      Equation: "ElectronContinuityEquation"	RelError: 1.48466e-01	AbsError: 9.19730e+15
      Equation: "HoleContinuityEquation"	RelError: 3.86113e-01	AbsError: 4.84685e+12
      Equation: "PotentialEquation"	RelError: 2.72433e-01	AbsError: 7.10558e-04
    Region: "oxide"	RelError: 1.33283e-03	AbsError: 5.70812e-04
      Equation: "PotentialEquation"	RelError: 1.33283e-03	AbsError: 5.70812e-04
Iteration: 2
  Device: "part1_baseline"	RelError: 1.21930e-02	AbsError: 9.91579e+12
    Region: "bulk"	RelError: 1.21887e-02	AbsError: 9.91579e+12
      Equation: "ElectronContinuityEquation"	RelError: 6.26290e-04	AbsError: 9.90456e+12
      Equation: "HoleContinuityEquation"	RelError: 1.08141e-02	AbsError: 1.12371e+10
      Equation: "PotentialEquation"	RelError: 7.48315e-04	AbsError: 2.79590e-06
    Region: "oxide"	RelError: 4.27630e-06	AbsError: 1.82920e-06
      Equation: "PotentialEquation"	RelError: 4.27630e-06	AbsError: 1.82920e-06
Iteration: 3
  Device: "part1_baseline"	RelError: 1.43433e-07	AbsError: 1.69901e+08
    Region: "bulk"	RelError: 1.43345e-07	AbsError: 1.69901e+08
      Equation: "ElectronContinuityEquation"	RelError: 7.13180e-09	AbsError: 1.69731e+08
      Equation: "HoleContinuityEquation"	RelError: 1.25566e-07	AbsError: 1.69478e+05
      Equation: "PotentialEquation"	RelError: 1.06472e-08	AbsError: 5.71563e-11
    Region: "oxide"	RelError: 8.78591e-11	AbsError: 3.75820e-11
      Equation: "PotentialEquation"	RelError: 8.78591e-11	AbsError: 3.75820e-11
number of equations 6873
Iteration: 0
  Device: "part1_baseline"	RelError: 2.36280e+01	AbsError: 8.78727e+16
    Region: "bulk"	RelError: 2.35883e+01	AbsError: 8.78727e+16
      Equation: "ElectronContinuityEquation"	RelError: 4.08008e-01	AbsError: 8.77682e+16
      Equation: "HoleContinuityEquation"	RelError: 1.99796e+00	AbsError: 1.04493e+14
      Equation: "PotentialEquation"	RelError: 2.11823e+01	AbsError: 1.83781e-02
    Region: "oxide"	RelError: 3.97519e-02	AbsError: 2.00000e-02
      Equation: "PotentialEquation"	RelError: 3.97519e-02	AbsError: 2.00000e-02
Iteration: 1
  Device: "part1_baseline"	RelError: 1.16001e+00	AbsError: 1.03464e+16
    Region: "bulk"	RelError: 1.15875e+00	AbsError: 1.03464e+16
      Equation: "ElectronContinuityEquation"	RelError: 1.33065e-01	AbsError: 1.03417e+16
      Equation: "HoleContinuityEquation"	RelError: 3.58847e-01	AbsError: 4.68929e+12
      Equation: "PotentialEquation"	RelError: 6.66840e-01	AbsError: 6.69903e-04
    Region: "oxide"	RelError: 1.26186e-03	AbsError: 5.56121e-04
      Equation: "PotentialEquation"	RelError: 1.26186e-03	AbsError: 5.56121e-04
Iteration: 2
  Device: "part1_baseline"	RelError: 8.95351e-03	AbsError: 9.62401e+12
    Region: "bulk"	RelError: 8.94987e-03	AbsError: 9.62401e+12
      Equation: "ElectronContinuityEquation"	RelError: 5.27046e-04	AbsError: 9.61277e+12
      Equation: "HoleContinuityEquation"	RelError: 6.74771e-03	AbsError: 1.12346e+10
      Equation: "PotentialEquation"	RelError: 1.67512e-03	AbsError: 2.43173e-06
    Region: "oxide"	RelError: 3.64020e-06	AbsError: 1.60860e-06
      Equation: "PotentialEquation"	RelError: 3.64020e-06	AbsError: 1.60860e-06
Iteration: 3
  Device: "part1_baseline"	RelError: 1.04384e-07	AbsError: 1.20994e+08
    Region: "bulk"	RelError: 1.04322e-07	AbsError: 1.20994e+08
      Equation: "ElectronContinuityEquation"	RelError: 4.21397e-09	AbsError: 1.20839e+08
      Equation: "HoleContinuityEquation"	RelError: 7.70070e-08	AbsError: 1.54541e+05
      Equation: "PotentialEquation"	RelError: 2.31011e-08	AbsError: 4.15471e-11
    Region: "oxide"	RelError: 6.17477e-11	AbsError: 2.72863e-11
      Equation: "PotentialEquation"	RelError: 6.17477e-11	AbsError: 2.72863e-11
number of equations 6873
Iteration: 0
  Device: "part1_baseline"	RelError: 1.04380e+01	AbsError: 1.08892e+17
    Region: "bulk"	RelError: 1.03998e+01	AbsError: 1.08892e+17
      Equation: "ElectronContinuityEquation"	RelError: 3.92608e-01	AbsError: 1.08797e+17
      Equation: "HoleContinuityEquation"	RelError: 1.79089e+00	AbsError: 9.52512e+13
      Equation: "PotentialEquation"	RelError: 8.21629e+00	AbsError: 1.82302e-02
    Region: "oxide"	RelError: 3.82321e-02	AbsError: 2.00000e-02
      Equation: "PotentialEquation"	RelError: 3.82321e-02	AbsError: 2.00000e-02
Iteration: 1
  Device: "part1_baseline"	RelError: 6.54531e-01	AbsError: 1.13046e+16
    Region: "bulk"	RelError: 6.53400e-01	AbsError: 1.13046e+16
      Equation: "ElectronContinuityEquation"	RelError: 1.19626e-01	AbsError: 1.13003e+16
      Equation: "HoleContinuityEquation"	RelError: 3.28616e-01	AbsError: 4.27736e+12
      Equation: "PotentialEquation"	RelError: 2.05158e-01	AbsError: 6.01604e-04
    Region: "oxide"	RelError: 1.13091e-03	AbsError: 5.12382e-04
      Equation: "PotentialEquation"	RelError: 1.13091e-03	AbsError: 5.12382e-04
Iteration: 2
  Device: "part1_baseline"	RelError: 5.38517e-03	AbsError: 7.84655e+12
    Region: "bulk"	RelError: 5.38254e-03	AbsError: 7.84655e+12
      Equation: "ElectronContinuityEquation"	RelError: 4.44062e-04	AbsError: 7.83746e+12
      Equation: "HoleContinuityEquation"	RelError: 4.40784e-03	AbsError: 9.08421e+09
      Equation: "PotentialEquation"	RelError: 5.30638e-04	AbsError: 1.81359e-06
    Region: "oxide"	RelError: 2.63069e-06	AbsError: 1.20297e-06
      Equation: "PotentialEquation"	RelError: 2.63069e-06	AbsError: 1.20297e-06
Iteration: 3
  Device: "part1_baseline"	RelError: 5.23525e-08	AbsError: 6.08719e+07
    Region: "bulk"	RelError: 5.23224e-08	AbsError: 6.08719e+07
      Equation: "ElectronContinuityEquation"	RelError: 2.88785e-09	AbsError: 6.07846e+07
      Equation: "HoleContinuityEquation"	RelError: 4.41778e-08	AbsError: 8.73202e+04
      Equation: "PotentialEquation"	RelError: 5.25674e-09	AbsError: 2.13562e-11
    Region: "oxide"	RelError: 3.00848e-11	AbsError: 1.37573e-11
      Equation: "PotentialEquation"	RelError: 3.00848e-11	AbsError: 1.37573e-11
number of equations 6873
Iteration: 0
  Device: "part1_baseline"	RelError: 5.24551e+00	AbsError: 1.31754e+17
    Region: "bulk"	RelError: 5.20869e+00	AbsError: 1.31754e+17
      Equation: "ElectronContinuityEquation"	RelError: 3.77816e-01	AbsError: 1.31667e+17
      Equation: "HoleContinuityEquation"	RelError: 1.59742e+00	AbsError: 8.68816e+13
      Equation: "PotentialEquation"	RelError: 3.23345e+00	AbsError: 1.81038e-02
    Region: "oxide"	RelError: 3.68242e-02	AbsError: 2.00000e-02
      Equation: "PotentialEquation"	RelError: 3.68242e-02	AbsError: 2.00000e-02
Iteration: 1
  Device: "part1_baseline"	RelError: 5.60814e-01	AbsError: 1.20348e+16
    Region: "bulk"	RelError: 5.59826e-01	AbsError: 1.20348e+16
      Equation: "ElectronContinuityEquation"	RelError: 1.08444e-01	AbsError: 1.20310e+16
      Equation: "HoleContinuityEquation"	RelError: 2.97714e-01	AbsError: 3.75299e+12
      Equation: "PotentialEquation"	RelError: 1.53668e-01	AbsError: 5.24786e-04
    Region: "oxide"	RelError: 9.88520e-04	AbsError: 4.61004e-04
      Equation: "PotentialEquation"	RelError: 9.88520e-04	AbsError: 4.61004e-04
Iteration: 2
  Device: "part1_baseline"	RelError: 3.60143e-03	AbsError: 5.79909e+12
    Region: "bulk"	RelError: 3.59971e-03	AbsError: 5.79909e+12
      Equation: "ElectronContinuityEquation"	RelError: 3.72785e-04	AbsError: 5.79255e+12
      Equation: "HoleContinuityEquation"	RelError: 2.87055e-03	AbsError: 6.54462e+09
      Equation: "PotentialEquation"	RelError: 3.56367e-04	AbsError: 1.23504e-06
    Region: "oxide"	RelError: 1.72060e-06	AbsError: 8.15415e-07
      Equation: "PotentialEquation"	RelError: 1.72060e-06	AbsError: 8.15415e-07
Iteration: 3
  Device: "part1_baseline"	RelError: 3.09772e-08	AbsError: 2.47480e+07
    Region: "bulk"	RelError: 3.09656e-08	AbsError: 2.47480e+07
      Equation: "ElectronContinuityEquation"	RelError: 1.81674e-09	AbsError: 2.47103e+07
      Equation: "HoleContinuityEquation"	RelError: 2.70071e-08	AbsError: 3.76963e+04
      Equation: "PotentialEquation"	RelError: 2.14174e-09	AbsError: 8.97450e-12
    Region: "oxide"	RelError: 1.16821e-11	AbsError: 5.53629e-12
      Equation: "PotentialEquation"	RelError: 1.16821e-11	AbsError: 5.53629e-12
number of equations 6873
Iteration: 0
  Device: "part1_baseline"	RelError: 2.29099e+01	AbsError: 1.55993e+17
    Region: "bulk"	RelError: 2.28744e+01	AbsError: 1.55993e+17
      Equation: "ElectronContinuityEquation"	RelError: 3.64252e-01	AbsError: 1.55914e+17
      Equation: "HoleContinuityEquation"	RelError: 1.42467e+00	AbsError: 7.95673e+13
      Equation: "PotentialEquation"	RelError: 2.10855e+01	AbsError: 1.79657e-02
    Region: "oxide"	RelError: 3.55163e-02	AbsError: 2.00000e-02
      Equation: "PotentialEquation"	RelError: 3.55163e-02	AbsError: 2.00000e-02
Iteration: 1
  Device: "part1_baseline"	RelError: 7.36423e-01	AbsError: 1.25172e+16
    Region: "bulk"	RelError: 7.35571e-01	AbsError: 1.25172e+16
      Equation: "ElectronContinuityEquation"	RelError: 9.92957e-02	AbsError: 1.25140e+16
      Equation: "HoleContinuityEquation"	RelError: 2.67873e-01	AbsError: 3.22096e+12
      Equation: "PotentialEquation"	RelError: 3.68402e-01	AbsError: 4.51199e-04
    Region: "oxide"	RelError: 8.51751e-04	AbsError: 4.06613e-04
      Equation: "PotentialEquation"	RelError: 8.51751e-04	AbsError: 4.06613e-04
Iteration: 2
  Device: "part1_baseline"	RelError: 2.85513e-03	AbsError: 4.11089e+12
    Region: "bulk"	RelError: 2.85405e-03	AbsError: 4.11089e+12
      Equation: "ElectronContinuityEquation"	RelError: 3.12428e-04	AbsError: 4.10630e+12
      Equation: "HoleContinuityEquation"	RelError: 1.88455e-03	AbsError: 4.59134e+09
      Equation: "PotentialEquation"	RelError: 6.57075e-04	AbsError: 8.07619e-07
    Region: "oxide"	RelError: 1.08009e-06	AbsError: 5.26721e-07
      Equation: "PotentialEquation"	RelError: 1.08009e-06	AbsError: 5.26721e-07
Iteration: 3
  Device: "part1_baseline"	RelError: 2.13476e-08	AbsError: 8.95345e+06
    Region: "bulk"	RelError: 2.13436e-08	AbsError: 8.95345e+06
      Equation: "ElectronContinuityEquation"	RelError: 9.96289e-10	AbsError: 8.93865e+06
      Equation: "HoleContinuityEquation"	RelError: 1.79844e-08	AbsError: 1.48003e+04
      Equation: "PotentialEquation"	RelError: 2.36289e-09	AbsError: 3.41065e-12
    Region: "oxide"	RelError: 3.99060e-12	AbsError: 1.97601e-12
      Equation: "PotentialEquation"	RelError: 3.99060e-12	AbsError: 1.97601e-12
number of equations 6873
Iteration: 0
  Device: "part1_baseline"	RelError: 1.59893e+01	AbsError: 1.81116e+17
    Region: "bulk"	RelError: 1.59550e+01	AbsError: 1.81116e+17
      Equation: "ElectronContinuityEquation"	RelError: 3.52125e-01	AbsError: 1.81041e+17
      Equation: "HoleContinuityEquation"	RelError: 1.27388e+00	AbsError: 7.42734e+13
      Equation: "PotentialEquation"	RelError: 1.43290e+01	AbsError: 1.78182e-02
    Region: "oxide"	RelError: 3.42982e-02	AbsError: 2.00000e-02
      Equation: "PotentialEquation"	RelError: 3.42982e-02	AbsError: 2.00000e-02
Iteration: 1
  Device: "part1_baseline"	RelError: 1.14059e+00	AbsError: 1.27540e+16
    Region: "bulk"	RelError: 1.13986e+00	AbsError: 1.27540e+16
      Equation: "ElectronContinuityEquation"	RelError: 9.17908e-02	AbsError: 1.27513e+16
      Equation: "HoleContinuityEquation"	RelError: 2.40085e-01	AbsError: 2.73603e+12
      Equation: "PotentialEquation"	RelError: 8.07980e-01	AbsError: 3.88165e-04
    Region: "oxide"	RelError: 7.29930e-04	AbsError: 3.58306e-04
      Equation: "PotentialEquation"	RelError: 7.29930e-04	AbsError: 3.58306e-04
Iteration: 2
  Device: "part1_baseline"	RelError: 2.66285e-03	AbsError: 3.60196e+12
    Region: "bulk"	RelError: 2.66218e-03	AbsError: 3.60196e+12
      Equation: "ElectronContinuityEquation"	RelError: 2.62514e-04	AbsError: 3.59880e+12
      Equation: "HoleContinuityEquation"	RelError: 1.21606e-03	AbsError: 3.15865e+09
      Equation: "PotentialEquation"	RelError: 1.18361e-03	AbsError: 5.27691e-07
    Region: "oxide"	RelError: 6.67496e-07	AbsError: 3.36663e-07
      Equation: "PotentialEquation"	RelError: 6.67496e-07	AbsError: 3.36663e-07
Iteration: 3
  Device: "part1_baseline"	RelError: 1.49232e-08	AbsError: 3.19500e+06
    Region: "bulk"	RelError: 1.49219e-08	AbsError: 3.19500e+06
      Equation: "ElectronContinuityEquation"	RelError: 5.22954e-10	AbsError: 3.18956e+06
      Equation: "HoleContinuityEquation"	RelError: 1.21998e-08	AbsError: 5.43654e+03
      Equation: "PotentialEquation"	RelError: 2.19913e-09	AbsError: 1.26193e-12
    Region: "oxide"	RelError: 1.26806e-12	AbsError: 6.59276e-13
      Equation: "PotentialEquation"	RelError: 1.26806e-12	AbsError: 6.59276e-13
number of equations 6873
Iteration: 0
  Device: "part1_baseline"	RelError: 2.55245e+00	AbsError: 2.06634e+17
    Region: "bulk"	RelError: 2.51929e+00	AbsError: 2.06634e+17
      Equation: "ElectronContinuityEquation"	RelError: 3.41389e-01	AbsError: 2.06564e+17
      Equation: "HoleContinuityEquation"	RelError: 1.14320e+00	AbsError: 6.98513e+13
      Equation: "PotentialEquation"	RelError: 1.03470e+00	AbsError: 1.77132e-02
    Region: "oxide"	RelError: 3.31608e-02	AbsError: 2.00000e-02
      Equation: "PotentialEquation"	RelError: 3.31608e-02	AbsError: 2.00000e-02
Iteration: 1
  Device: "part1_baseline"	RelError: 3.28581e-01	AbsError: 1.27650e+16
    Region: "bulk"	RelError: 3.27954e-01	AbsError: 1.27650e+16
      Equation: "ElectronContinuityEquation"	RelError: 8.55516e-02	AbsError: 1.27627e+16
      Equation: "HoleContinuityEquation"	RelError: 2.14741e-01	AbsError: 2.31776e+12
      Equation: "PotentialEquation"	RelError: 2.76614e-02	AbsError: 3.35627e-04
    Region: "oxide"	RelError: 6.26351e-04	AbsError: 3.15079e-04
      Equation: "PotentialEquation"	RelError: 6.26351e-04	AbsError: 3.15079e-04
Iteration: 2
  Device: "part1_baseline"	RelError: 1.10829e-03	AbsError: 3.86986e+12
    Region: "bulk"	RelError: 1.10787e-03	AbsError: 3.86986e+12
      Equation: "ElectronContinuityEquation"	RelError: 2.21864e-04	AbsError: 3.86767e+12
      Equation: "HoleContinuityEquation"	RelError: 8.53336e-04	AbsError: 2.18579e+09
      Equation: "PotentialEquation"	RelError: 3.26711e-05	AbsError: 3.56024e-07
    Region: "oxide"	RelError: 4.15479e-07	AbsError: 2.17786e-07
      Equation: "PotentialEquation"	RelError: 4.15479e-07	AbsError: 2.17786e-07
Iteration: 3
  Device: "part1_baseline"	RelError: 8.37699e-09	AbsError: 1.80596e+06
    Region: "bulk"	RelError: 8.37661e-09	AbsError: 1.80596e+06
      Equation: "ElectronContinuityEquation"	RelError: 2.71900e-10	AbsError: 1.80401e+06
      Equation: "HoleContinuityEquation"	RelError: 8.07354e-09	AbsError: 1.95205e+03
      Equation: "PotentialEquation"	RelError: 3.11682e-11	AbsError: 4.91087e-13
    Region: "oxide"	RelError: 3.84161e-13	AbsError: 2.08864e-13
      Equation: "PotentialEquation"	RelError: 3.84161e-13	AbsError: 2.08864e-13
number of equations 6873
Iteration: 0
  Device: "part1_baseline"	RelError: 3.87673e+01	AbsError: 2.32106e+17
    Region: "bulk"	RelError: 3.87352e+01	AbsError: 2.32106e+17
      Equation: "ElectronContinuityEquation"	RelError: 3.31882e-01	AbsError: 2.32040e+17
      Equation: "HoleContinuityEquation"	RelError: 1.02958e+00	AbsError: 6.60561e+13
      Equation: "PotentialEquation"	RelError: 3.73737e+01	AbsError: 1.76122e-02
    Region: "oxide"	RelError: 3.20965e-02	AbsError: 2.00000e-02
      Equation: "PotentialEquation"	RelError: 3.20965e-02	AbsError: 2.00000e-02
Iteration: 1
  Device: "part1_baseline"	RelError: 6.79520e-01	AbsError: 1.25817e+16
    Region: "bulk"	RelError: 6.78979e-01	AbsError: 1.25817e+16
      Equation: "ElectronContinuityEquation"	RelError: 8.02732e-02	AbsError: 1.25798e+16
      Equation: "HoleContinuityEquation"	RelError: 1.91834e-01	AbsError: 1.96711e+12
      Equation: "PotentialEquation"	RelError: 4.06872e-01	AbsError: 2.93565e-04
    Region: "oxide"	RelError: 5.40467e-04	AbsError: 2.78735e-04
      Equation: "PotentialEquation"	RelError: 5.40467e-04	AbsError: 2.78735e-04
Iteration: 2
  Device: "part1_baseline"	RelError: 1.17694e-03	AbsError: 3.83778e+12
    Region: "bulk"	RelError: 1.17668e-03	AbsError: 3.83778e+12
      Equation: "ElectronContinuityEquation"	RelError: 1.88926e-04	AbsError: 3.83624e+12
      Equation: "HoleContinuityEquation"	RelError: 5.76126e-04	AbsError: 1.54347e+09
      Equation: "PotentialEquation"	RelError: 4.11626e-04	AbsError: 2.51985e-07
    Region: "oxide"	RelError: 2.64947e-07	AbsError: 1.44685e-07
      Equation: "PotentialEquation"	RelError: 2.64947e-07	AbsError: 1.44685e-07
Iteration: 3
  Device: "part1_baseline"	RelError: 5.65218e-09	AbsError: 1.19739e+06
    Region: "bulk"	RelError: 5.65207e-09	AbsError: 1.19739e+06
      Equation: "ElectronContinuityEquation"	RelError: 1.43572e-10	AbsError: 1.19669e+06
      Equation: "HoleContinuityEquation"	RelError: 5.22428e-09	AbsError: 7.00388e+02
      Equation: "PotentialEquation"	RelError: 2.84214e-10	AbsError: 2.13374e-13
    Region: "oxide"	RelError: 1.05817e-13	AbsError: 6.03478e-14
      Equation: "PotentialEquation"	RelError: 1.05817e-13	AbsError: 6.03478e-14
number of equations 6873
Iteration: 0
  Device: "part1_baseline"	RelError: 2.33368e+00	AbsError: 2.57157e+17
    Region: "bulk"	RelError: 2.30258e+00	AbsError: 2.57157e+17
      Equation: "ElectronContinuityEquation"	RelError: 3.23410e-01	AbsError: 2.57094e+17
      Equation: "HoleContinuityEquation"	RelError: 9.30105e-01	AbsError: 6.28030e+13
      Equation: "PotentialEquation"	RelError: 1.04907e+00	AbsError: 1.75080e-02
    Region: "oxide"	RelError: 3.10983e-02	AbsError: 2.00000e-02
      Equation: "PotentialEquation"	RelError: 3.10983e-02	AbsError: 2.00000e-02
Iteration: 1
  Device: "part1_baseline"	RelError: 2.65190e-01	AbsError: 1.22417e+16
    Region: "bulk"	RelError: 2.64722e-01	AbsError: 1.22417e+16
      Equation: "ElectronContinuityEquation"	RelError: 7.57260e-02	AbsError: 1.22401e+16
      Equation: "HoleContinuityEquation"	RelError: 1.71179e-01	AbsError: 1.67717e+12
      Equation: "PotentialEquation"	RelError: 1.78162e-02	AbsError: 2.60260e-04
    Region: "oxide"	RelError: 4.68239e-04	AbsError: 2.48097e-04
      Equation: "PotentialEquation"	RelError: 4.68239e-04	AbsError: 2.48097e-04
Iteration: 2
  Device: "part1_baseline"	RelError: 6.36231e-04	AbsError: 3.60394e+12
    Region: "bulk"	RelError: 6.36055e-04	AbsError: 3.60394e+12
      Equation: "ElectronContinuityEquation"	RelError: 1.62174e-04	AbsError: 3.60282e+12
      Equation: "HoleContinuityEquation"	RelError: 4.57901e-04	AbsError: 1.11965e+09
      Equation: "PotentialEquation"	RelError: 1.59801e-05	AbsError: 1.87055e-07
    Region: "oxide"	RelError: 1.75300e-07	AbsError: 1.00012e-07
      Equation: "PotentialEquation"	RelError: 1.75300e-07	AbsError: 1.00012e-07
Iteration: 3
  Device: "part1_baseline"	RelError: 3.42909e-09	AbsError: 7.89949e+05
    Region: "bulk"	RelError: 3.42906e-09	AbsError: 7.89949e+05
      Equation: "ElectronContinuityEquation"	RelError: 7.72921e-11	AbsError: 7.89695e+05
      Equation: "HoleContinuityEquation"	RelError: 3.34511e-09	AbsError: 2.54071e+02
      Equation: "PotentialEquation"	RelError: 6.65660e-12	AbsError: 1.03269e-13
    Region: "oxide"	RelError: 3.49675e-14	AbsError: 1.83290e-14
      Equation: "PotentialEquation"	RelError: 3.49675e-14	AbsError: 1.83290e-14
number of equations 6873
Iteration: 0
  Device: "part1_baseline"	RelError: 3.67533e+00	AbsError: 2.81486e+17
    Region: "bulk"	RelError: 3.64517e+00	AbsError: 2.81486e+17
      Equation: "ElectronContinuityEquation"	RelError: 3.15788e-01	AbsError: 2.81426e+17
      Equation: "HoleContinuityEquation"	RelError: 8.53727e-01	AbsError: 6.00417e+13
      Equation: "PotentialEquation"	RelError: 2.47566e+00	AbsError: 1.74004e-02
    Region: "oxide"	RelError: 3.01604e-02	AbsError: 2.00000e-02
      Equation: "PotentialEquation"	RelError: 3.01604e-02	AbsError: 2.00000e-02
Iteration: 1
  Device: "part1_baseline"	RelError: 2.68910e-01	AbsError: 1.17836e+16
    Region: "bulk"	RelError: 2.68503e-01	AbsError: 1.17836e+16
      Equation: "ElectronContinuityEquation"	RelError: 7.17417e-02	AbsError: 1.17821e+16
      Equation: "HoleContinuityEquation"	RelError: 1.52586e-01	AbsError: 1.43882e+12
      Equation: "PotentialEquation"	RelError: 4.41755e-02	AbsError: 2.33669e-04
    Region: "oxide"	RelError: 4.07468e-04	AbsError: 2.22608e-04
      Equation: "PotentialEquation"	RelError: 4.07468e-04	AbsError: 2.22608e-04
Iteration: 2
  Device: "part1_baseline"	RelError: 5.73397e-04	AbsError: 3.25412e+12
    Region: "bulk"	RelError: 5.73276e-04	AbsError: 3.25412e+12
      Equation: "ElectronContinuityEquation"	RelError: 1.40301e-04	AbsError: 3.25329e+12
      Equation: "HoleContinuityEquation"	RelError: 4.00477e-04	AbsError: 8.35636e+08
      Equation: "PotentialEquation"	RelError: 3.24981e-05	AbsError: 1.44761e-07
    Region: "oxide"	RelError: 1.21596e-07	AbsError: 7.27138e-08
      Equation: "PotentialEquation"	RelError: 1.21596e-07	AbsError: 7.27138e-08
Iteration: 3
  Device: "part1_baseline"	RelError: 2.21934e-09	AbsError: 5.25704e+05
    Region: "bulk"	RelError: 2.21931e-09	AbsError: 5.25704e+05
      Equation: "ElectronContinuityEquation"	RelError: 4.57403e-11	AbsError: 5.25598e+05
      Equation: "HoleContinuityEquation"	RelError: 2.16932e-09	AbsError: 1.05998e+02
      Equation: "PotentialEquation"	RelError: 4.25019e-12	AbsError: 5.59217e-14
    Region: "oxide"	RelError: 2.86654e-14	AbsError: 1.59216e-14
      Equation: "PotentialEquation"	RelError: 2.86654e-14	AbsError: 1.59216e-14
number of equations 6873
Iteration: 0
  Device: "part1_baseline"	RelError: 5.09582e+00	AbsError: 3.04869e+17
    Region: "bulk"	RelError: 5.06655e+00	AbsError: 3.04869e+17
      Equation: "ElectronContinuityEquation"	RelError: 3.08857e-01	AbsError: 3.04811e+17
      Equation: "HoleContinuityEquation"	RelError: 7.94019e-01	AbsError: 5.77707e+13
      Equation: "PotentialEquation"	RelError: 3.96367e+00	AbsError: 1.72893e-02
    Region: "oxide"	RelError: 2.92774e-02	AbsError: 2.00000e-02
      Equation: "PotentialEquation"	RelError: 2.92774e-02	AbsError: 2.00000e-02
Iteration: 1
  Device: "part1_baseline"	RelError: 2.69560e-01	AbsError: 1.12464e+16
    Region: "bulk"	RelError: 2.69203e-01	AbsError: 1.12464e+16
      Equation: "ElectronContinuityEquation"	RelError: 6.81981e-02	AbsError: 1.12452e+16
      Equation: "HoleContinuityEquation"	RelError: 1.39288e-01	AbsError: 1.24308e+12
      Equation: "PotentialEquation"	RelError: 6.17168e-02	AbsError: 2.12588e-04
    Region: "oxide"	RelError: 3.56997e-04	AbsError: 2.01672e-04
      Equation: "PotentialEquation"	RelError: 3.56997e-04	AbsError: 2.01672e-04
Iteration: 2
  Device: "part1_baseline"	RelError: 5.21137e-04	AbsError: 2.85443e+12
    Region: "bulk"	RelError: 5.21048e-04	AbsError: 2.85443e+12
      Equation: "ElectronContinuityEquation"	RelError: 1.22261e-04	AbsError: 2.85379e+12
      Equation: "HoleContinuityEquation"	RelError: 3.53447e-04	AbsError: 6.40537e+08
      Equation: "PotentialEquation"	RelError: 4.53401e-05	AbsError: 1.17720e-07
    Region: "oxide"	RelError: 8.87022e-08	AbsError: 5.58107e-08
      Equation: "PotentialEquation"	RelError: 8.87022e-08	AbsError: 5.58107e-08
Iteration: 3
  Device: "part1_baseline"	RelError: 1.47813e-09	AbsError: 3.91342e+05
    Region: "bulk"	RelError: 1.47811e-09	AbsError: 3.91342e+05
      Equation: "ElectronContinuityEquation"	RelError: 2.73677e-11	AbsError: 3.91292e+05
      Equation: "HoleContinuityEquation"	RelError: 1.44464e-09	AbsError: 5.04487e+01
      Equation: "PotentialEquation"	RelError: 6.09791e-12	AbsError: 3.35107e-14
    Region: "oxide"	RelError: 2.21226e-14	AbsError: 1.28686e-14
      Equation: "PotentialEquation"	RelError: 2.21226e-14	AbsError: 1.28686e-14
number of equations 6873
Iteration: 0
  Device: "part1_baseline"	RelError: 5.06500e+00	AbsError: 3.27152e+17
    Region: "bulk"	RelError: 5.03655e+00	AbsError: 3.27152e+17
      Equation: "ElectronContinuityEquation"	RelError: 3.02489e-01	AbsError: 3.27097e+17
      Equation: "HoleContinuityEquation"	RelError: 7.42020e-01	AbsError: 5.58162e+13
      Equation: "PotentialEquation"	RelError: 3.99204e+00	AbsError: 1.71744e-02
    Region: "oxide"	RelError: 2.84446e-02	AbsError: 2.00000e-02
      Equation: "PotentialEquation"	RelError: 2.84446e-02	AbsError: 2.00000e-02
Iteration: 1
  Device: "part1_baseline"	RelError: 2.58507e-01	AbsError: 1.06703e+16
    Region: "bulk"	RelError: 2.58193e-01	AbsError: 1.06703e+16
      Equation: "ElectronContinuityEquation"	RelError: 6.50058e-02	AbsError: 1.06692e+16
      Equation: "HoleContinuityEquation"	RelError: 1.27744e-01	AbsError: 1.08212e+12
      Equation: "PotentialEquation"	RelError: 6.54431e-02	AbsError: 1.95841e-04
    Region: "oxide"	RelError: 3.14240e-04	AbsError: 1.84630e-04
      Equation: "PotentialEquation"	RelError: 3.14240e-04	AbsError: 1.84630e-04
Iteration: 2
  Device: "part1_baseline"	RelError: 4.52280e-04	AbsError: 2.45055e+12
    Region: "bulk"	RelError: 4.52214e-04	AbsError: 2.45055e+12
      Equation: "ElectronContinuityEquation"	RelError: 1.07242e-04	AbsError: 2.45004e+12
      Equation: "HoleContinuityEquation"	RelError: 3.08617e-04	AbsError: 5.02550e+08
      Equation: "PotentialEquation"	RelError: 3.63552e-05	AbsError: 9.70482e-08
    Region: "oxide"	RelError: 6.64688e-08	AbsError: 4.36824e-08
      Equation: "PotentialEquation"	RelError: 6.64688e-08	AbsError: 4.36824e-08
Iteration: 3
  Device: "part1_baseline"	RelError: 9.95929e-10	AbsError: 2.73011e+05
    Region: "bulk"	RelError: 9.95913e-10	AbsError: 2.73011e+05
      Equation: "ElectronContinuityEquation"	RelError: 1.75101e-11	AbsError: 2.72984e+05
      Equation: "HoleContinuityEquation"	RelError: 9.77739e-10	AbsError: 2.69812e+01
      Equation: "PotentialEquation"	RelError: 6.63625e-13	AbsError: 2.17620e-14
    Region: "oxide"	RelError: 1.61638e-14	AbsError: 9.81914e-15
      Equation: "PotentialEquation"	RelError: 1.61638e-14	AbsError: 9.81914e-15
number of equations 6873
Iteration: 0
  Device: "part1_baseline"	RelError: 2.04340e+00	AbsError: 3.48243e+17
    Region: "bulk"	RelError: 2.01574e+00	AbsError: 3.48243e+17
      Equation: "ElectronContinuityEquation"	RelError: 2.96579e-01	AbsError: 3.48189e+17
      Equation: "HoleContinuityEquation"	RelError: 6.96126e-01	AbsError: 5.41260e+13
      Equation: "PotentialEquation"	RelError: 1.02304e+00	AbsError: 1.70555e-02
    Region: "oxide"	RelError: 2.76579e-02	AbsError: 2.00000e-02
      Equation: "PotentialEquation"	RelError: 2.76579e-02	AbsError: 2.00000e-02
Iteration: 1
  Device: "part1_baseline"	RelError: 1.94409e-01	AbsError: 1.00650e+16
    Region: "bulk"	RelError: 1.94131e-01	AbsError: 1.00650e+16
      Equation: "ElectronContinuityEquation"	RelError: 6.20992e-02	AbsError: 1.00641e+16
      Equation: "HoleContinuityEquation"	RelError: 1.17557e-01	AbsError: 9.49356e+11
      Equation: "PotentialEquation"	RelError: 1.44746e-02	AbsError: 1.82840e-04
    Region: "oxide"	RelError: 2.78425e-04	AbsError: 1.70820e-04
      Equation: "PotentialEquation"	RelError: 2.78425e-04	AbsError: 1.70820e-04
Iteration: 2
  Device: "part1_baseline"	RelError: 3.67960e-04	AbsError: 2.07062e+12
    Region: "bulk"	RelError: 3.67906e-04	AbsError: 2.07062e+12
      Equation: "ElectronContinuityEquation"	RelError: 9.46212e-05	AbsError: 2.07021e+12
      Equation: "HoleContinuityEquation"	RelError: 2.65818e-04	AbsError: 4.01989e+08
      Equation: "PotentialEquation"	RelError: 7.46618e-06	AbsError: 8.21959e-08
    Region: "oxide"	RelError: 5.41672e-08	AbsError: 3.68054e-08
      Equation: "PotentialEquation"	RelError: 5.41672e-08	AbsError: 3.68054e-08
Iteration: 3
  Device: "part1_baseline"	RelError: 6.72029e-10	AbsError: 1.94475e+05
    Region: "bulk"	RelError: 6.72018e-10	AbsError: 1.94475e+05
      Equation: "ElectronContinuityEquation"	RelError: 1.20072e-11	AbsError: 1.94459e+05
      Equation: "HoleContinuityEquation"	RelError: 6.59782e-10	AbsError: 1.65260e+01
      Equation: "PotentialEquation"	RelError: 2.28709e-13	AbsError: 1.41914e-14
    Region: "oxide"	RelError: 1.14723e-14	AbsError: 7.30284e-15
      Equation: "PotentialEquation"	RelError: 1.14723e-14	AbsError: 7.30284e-15
number of equations 6873
Iteration: 0
  Device: "part1_baseline"	RelError: 5.02107e+01	AbsError: 3.68098e+17
    Region: "bulk"	RelError: 5.01838e+01	AbsError: 3.68098e+17
      Equation: "ElectronContinuityEquation"	RelError: 2.91047e-01	AbsError: 3.68046e+17
      Equation: "HoleContinuityEquation"	RelError: 6.55063e-01	AbsError: 5.26566e+13
      Equation: "PotentialEquation"	RelError: 4.92377e+01	AbsError: 1.69786e-02
    Region: "oxide"	RelError: 2.69135e-02	AbsError: 2.00000e-02
      Equation: "PotentialEquation"	RelError: 2.69135e-02	AbsError: 2.00000e-02
Iteration: 1
  Device: "part1_baseline"	RelError: 5.49089e-01	AbsError: 9.45138e+15
    Region: "bulk"	RelError: 5.48840e-01	AbsError: 9.45138e+15
      Equation: "ElectronContinuityEquation"	RelError: 5.94292e-02	AbsError: 9.45054e+15
      Equation: "HoleContinuityEquation"	RelError: 1.08479e-01	AbsError: 8.39463e+11
      Equation: "PotentialEquation"	RelError: 3.80932e-01	AbsError: 1.71055e-04
    Region: "oxide"	RelError: 2.48411e-04	AbsError: 1.59460e-04
      Equation: "PotentialEquation"	RelError: 2.48411e-04	AbsError: 1.59460e-04
Iteration: 2
  Device: "part1_baseline"	RelError: 4.92441e-04	AbsError: 1.72945e+12
    Region: "bulk"	RelError: 4.92398e-04	AbsError: 1.72945e+12
      Equation: "ElectronContinuityEquation"	RelError: 8.39235e-05	AbsError: 1.72913e+12
      Equation: "HoleContinuityEquation"	RelError: 2.26260e-04	AbsError: 3.26609e+08
      Equation: "PotentialEquation"	RelError: 1.82214e-04	AbsError: 7.17344e-08
    Region: "oxide"	RelError: 4.33052e-08	AbsError: 3.00396e-08
      Equation: "PotentialEquation"	RelError: 4.33052e-08	AbsError: 3.00396e-08
Iteration: 3
  Device: "part1_baseline"	RelError: 4.55192e-10	AbsError: 1.59177e+05
    Region: "bulk"	RelError: 4.55184e-10	AbsError: 1.59177e+05
      Equation: "ElectronContinuityEquation"	RelError: 9.18701e-12	AbsError: 1.59166e+05
      Equation: "HoleContinuityEquation"	RelError: 4.42740e-10	AbsError: 1.15073e+01
      Equation: "PotentialEquation"	RelError: 3.25675e-12	AbsError: 1.01465e-14
    Region: "oxide"	RelError: 7.96288e-15	AbsError: 5.29617e-15
      Equation: "PotentialEquation"	RelError: 7.96288e-15	AbsError: 5.29617e-15
number of equations 6873
Iteration: 0
  Device: "part1_baseline"	RelError: 3.54563e+00	AbsError: 3.86712e+17
    Region: "bulk"	RelError: 3.51942e+00	AbsError: 3.86712e+17
      Equation: "ElectronContinuityEquation"	RelError: 2.85829e-01	AbsError: 3.86661e+17
      Equation: "HoleContinuityEquation"	RelError: 6.17845e-01	AbsError: 5.13720e+13
      Equation: "PotentialEquation"	RelError: 2.61574e+00	AbsError: 1.69066e-02
    Region: "oxide"	RelError: 2.62082e-02	AbsError: 2.00000e-02
      Equation: "PotentialEquation"	RelError: 2.62082e-02	AbsError: 2.00000e-02
Iteration: 1
  Device: "part1_baseline"	RelError: 1.82229e-01	AbsError: 8.84506e+15
    Region: "bulk"	RelError: 1.82006e-01	AbsError: 8.84506e+15
      Equation: "ElectronContinuityEquation"	RelError: 5.69587e-02	AbsError: 8.84432e+15
      Equation: "HoleContinuityEquation"	RelError: 1.00309e-01	AbsError: 7.48128e+11
      Equation: "PotentialEquation"	RelError: 2.47378e-02	AbsError: 1.60887e-04
    Region: "oxide"	RelError: 2.23488e-04	AbsError: 1.49663e-04
      Equation: "PotentialEquation"	RelError: 2.23488e-04	AbsError: 1.49663e-04
Iteration: 2
  Device: "part1_baseline"	RelError: 2.88828e-04	AbsError: 1.43272e+12
    Region: "bulk"	RelError: 2.88791e-04	AbsError: 1.43272e+12
      Equation: "ElectronContinuityEquation"	RelError: 7.47819e-05	AbsError: 1.43245e+12
      Equation: "HoleContinuityEquation"	RelError: 2.00985e-04	AbsError: 2.68685e+08
      Equation: "PotentialEquation"	RelError: 1.30238e-05	AbsError: 6.27804e-08
    Region: "oxide"	RelError: 3.66242e-08	AbsError: 2.69807e-08
      Equation: "PotentialEquation"	RelError: 3.66242e-08	AbsError: 2.69807e-08
Iteration: 3
  Device: "part1_baseline"	RelError: 2.96865e-10	AbsError: 1.19930e+05
    Region: "bulk"	RelError: 2.96859e-10	AbsError: 1.19930e+05
      Equation: "ElectronContinuityEquation"	RelError: 7.14809e-12	AbsError: 1.19921e+05
      Equation: "HoleContinuityEquation"	RelError: 2.89293e-10	AbsError: 8.85778e+00
      Equation: "PotentialEquation"	RelError: 4.17631e-13	AbsError: 7.79776e-15
    Region: "oxide"	RelError: 5.64908e-15	AbsError: 3.85535e-15
      Equation: "PotentialEquation"	RelError: 5.64908e-15	AbsError: 3.85535e-15
number of equations 6873
Iteration: 0
  Device: "part1_baseline"	RelError: 2.55556e+00	AbsError: 4.04107e+17
    Region: "bulk"	RelError: 2.53002e+00	AbsError: 4.04107e+17
      Equation: "ElectronContinuityEquation"	RelError: 2.80877e-01	AbsError: 4.04057e+17
      Equation: "HoleContinuityEquation"	RelError: 5.83707e-01	AbsError: 5.02424e+13
      Equation: "PotentialEquation"	RelError: 1.66544e+00	AbsError: 1.68327e-02
    Region: "oxide"	RelError: 2.55388e-02	AbsError: 2.00000e-02
      Equation: "PotentialEquation"	RelError: 2.55388e-02	AbsError: 2.00000e-02
Iteration: 1
  Device: "part1_baseline"	RelError: 1.62250e-01	AbsError: 8.25712e+15
    Region: "bulk"	RelError: 1.62048e-01	AbsError: 8.25712e+15
      Equation: "ElectronContinuityEquation"	RelError: 5.46594e-02	AbsError: 8.25644e+15
      Equation: "HoleContinuityEquation"	RelError: 9.28896e-02	AbsError: 6.73475e+11
      Equation: "PotentialEquation"	RelError: 1.44986e-02	AbsError: 1.53530e-04
    Region: "oxide"	RelError: 2.02798e-04	AbsError: 1.42000e-04
      Equation: "PotentialEquation"	RelError: 2.02798e-04	AbsError: 1.42000e-04
Iteration: 2
  Device: "part1_baseline"	RelError: 2.53996e-04	AbsError: 1.18035e+12
    Region: "bulk"	RelError: 2.53964e-04	AbsError: 1.18035e+12
      Equation: "ElectronContinuityEquation"	RelError: 6.69119e-05	AbsError: 1.18013e+12
      Equation: "HoleContinuityEquation"	RelError: 1.79738e-04	AbsError: 2.23234e+08
      Equation: "PotentialEquation"	RelError: 7.31370e-06	AbsError: 5.50714e-08
    Region: "oxide"	RelError: 3.24033e-08	AbsError: 2.43485e-08
      Equation: "PotentialEquation"	RelError: 3.24033e-08	AbsError: 2.43485e-08
Iteration: 3
  Device: "part1_baseline"	RelError: 1.90436e-10	AbsError: 8.41369e+04
    Region: "bulk"	RelError: 1.90432e-10	AbsError: 8.41369e+04
      Equation: "ElectronContinuityEquation"	RelError: 5.63377e-12	AbsError: 8.41296e+04
      Equation: "HoleContinuityEquation"	RelError: 1.84551e-10	AbsError: 7.31339e+00
      Equation: "PotentialEquation"	RelError: 2.47149e-13	AbsError: 6.07238e-15
    Region: "oxide"	RelError: 3.88598e-15	AbsError: 2.80243e-15
      Equation: "PotentialEquation"	RelError: 3.88598e-15	AbsError: 2.80243e-15
number of equations 6873
Iteration: 0
  Device: "part1_baseline"	RelError: 3.48483e+00	AbsError: 4.20327e+17
    Region: "bulk"	RelError: 3.45993e+00	AbsError: 4.20327e+17
      Equation: "ElectronContinuityEquation"	RelError: 2.76151e-01	AbsError: 4.20278e+17
      Equation: "HoleContinuityEquation"	RelError: 5.52043e-01	AbsError: 4.92431e+13
      Equation: "PotentialEquation"	RelError: 2.63174e+00	AbsError: 1.67567e-02
    Region: "oxide"	RelError: 2.49028e-02	AbsError: 2.00000e-02
      Equation: "PotentialEquation"	RelError: 2.49028e-02	AbsError: 2.00000e-02
Iteration: 1
  Device: "part1_baseline"	RelError: 1.59818e-01	AbsError: 7.69493e+15
    Region: "bulk"	RelError: 1.59633e-01	AbsError: 7.69493e+15
      Equation: "ElectronContinuityEquation"	RelError: 5.25093e-02	AbsError: 7.69432e+15
      Equation: "HoleContinuityEquation"	RelError: 8.60944e-02	AbsError: 6.11481e+11
      Equation: "PotentialEquation"	RelError: 2.10292e-02	AbsError: 1.45762e-04
    Region: "oxide"	RelError: 1.85606e-04	AbsError: 1.34848e-04
      Equation: "PotentialEquation"	RelError: 1.85606e-04	AbsError: 1.34848e-04
Iteration: 2
  Device: "part1_baseline"	RelError: 2.27970e-04	AbsError: 9.69102e+11
    Region: "bulk"	RelError: 2.27943e-04	AbsError: 9.69102e+11
      Equation: "ElectronContinuityEquation"	RelError: 6.00906e-05	AbsError: 9.68915e+11
      Equation: "HoleContinuityEquation"	RelError: 1.59895e-04	AbsError: 1.86954e+08
      Equation: "PotentialEquation"	RelError: 7.95679e-06	AbsError: 4.89270e-08
    Region: "oxide"	RelError: 2.76985e-08	AbsError: 2.12138e-08
      Equation: "PotentialEquation"	RelError: 2.76985e-08	AbsError: 2.12138e-08
Iteration: 3
  Device: "part1_baseline"	RelError: 1.22944e-10	AbsError: 6.48381e+04
    Region: "bulk"	RelError: 1.22941e-10	AbsError: 6.48381e+04
      Equation: "ElectronContinuityEquation"	RelError: 4.48305e-12	AbsError: 6.48318e+04
      Equation: "HoleContinuityEquation"	RelError: 1.18228e-10	AbsError: 6.32258e+00
      Equation: "PotentialEquation"	RelError: 2.30615e-13	AbsError: 4.78821e-15
    Region: "oxide"	RelError: 2.74610e-15	AbsError: 2.01699e-15
      Equation: "PotentialEquation"	RelError: 2.74610e-15	AbsError: 2.01699e-15
number of equations 6873
Iteration: 0
  Device: "part1_baseline"	RelError: 2.46960e+00	AbsError: 4.35426e+17
    Region: "bulk"	RelError: 2.44530e+00	AbsError: 4.35426e+17
      Equation: "ElectronContinuityEquation"	RelError: 2.71622e-01	AbsError: 4.35378e+17
      Equation: "HoleContinuityEquation"	RelError: 5.22358e-01	AbsError: 4.83535e+13
      Equation: "PotentialEquation"	RelError: 1.65132e+00	AbsError: 1.66784e-02
    Region: "oxide"	RelError: 2.42978e-02	AbsError: 2.00000e-02
      Equation: "PotentialEquation"	RelError: 2.42978e-02	AbsError: 2.00000e-02
Iteration: 1
  Device: "part1_baseline"	RelError: 1.42517e-01	AbsError: 7.16301e+15
    Region: "bulk"	RelError: 1.42346e-01	AbsError: 7.16301e+15
      Equation: "ElectronContinuityEquation"	RelError: 5.04907e-02	AbsError: 7.16245e+15
      Equation: "HoleContinuityEquation"	RelError: 7.98204e-02	AbsError: 5.59136e+11
      Equation: "PotentialEquation"	RelError: 1.20354e-02	AbsError: 1.39077e-04
    Region: "oxide"	RelError: 1.70873e-04	AbsError: 1.28146e-04
      Equation: "PotentialEquation"	RelError: 1.70873e-04	AbsError: 1.28146e-04
Iteration: 2
  Device: "part1_baseline"	RelError: 2.00067e-04	AbsError: 7.94229e+11
    Region: "bulk"	RelError: 2.00044e-04	AbsError: 7.94229e+11
      Equation: "ElectronContinuityEquation"	RelError: 5.41419e-05	AbsError: 7.94072e+11
      Equation: "HoleContinuityEquation"	RelError: 1.41628e-04	AbsError: 1.57588e+08
      Equation: "PotentialEquation"	RelError: 4.27464e-06	AbsError: 4.47784e-08
    Region: "oxide"	RelError: 2.28996e-08	AbsError: 1.78637e-08
      Equation: "PotentialEquation"	RelError: 2.28996e-08	AbsError: 1.78637e-08
Iteration: 3
  Device: "part1_baseline"	RelError: 7.98902e-11	AbsError: 6.08739e+04
    Region: "bulk"	RelError: 7.98884e-11	AbsError: 6.08739e+04
      Equation: "ElectronContinuityEquation"	RelError: 3.59365e-12	AbsError: 6.08683e+04
      Equation: "HoleContinuityEquation"	RelError: 7.61459e-11	AbsError: 5.60808e+00
      Equation: "PotentialEquation"	RelError: 1.48796e-13	AbsError: 3.81119e-15
    Region: "oxide"	RelError: 1.78366e-15	AbsError: 1.36768e-15
      Equation: "PotentialEquation"	RelError: 1.78366e-15	AbsError: 1.36768e-15
number of equations 6873
Iteration: 0
  Device: "part1_baseline"	RelError: 1.43366e+00	AbsError: 4.49469e+17
    Region: "bulk"	RelError: 1.40994e+00	AbsError: 4.49469e+17
      Equation: "ElectronContinuityEquation"	RelError: 2.67266e-01	AbsError: 4.49421e+17
      Equation: "HoleContinuityEquation"	RelError: 4.94245e-01	AbsError: 4.75566e+13
      Equation: "PotentialEquation"	RelError: 6.48432e-01	AbsError: 1.65977e-02
    Region: "oxide"	RelError: 2.37214e-02	AbsError: 2.00000e-02
      Equation: "PotentialEquation"	RelError: 2.37214e-02	AbsError: 2.00000e-02
Iteration: 1
  Device: "part1_baseline"	RelError: 1.26726e-01	AbsError: 6.66371e+15
    Region: "bulk"	RelError: 1.26567e-01	AbsError: 6.66371e+15
      Equation: "ElectronContinuityEquation"	RelError: 4.85895e-02	AbsError: 6.66320e+15
      Equation: "HoleContinuityEquation"	RelError: 7.39822e-02	AbsError: 5.14724e+11
      Equation: "PotentialEquation"	RelError: 3.99553e-03	AbsError: 1.32513e-04
    Region: "oxide"	RelError: 1.58833e-04	AbsError: 1.23649e-04
      Equation: "PotentialEquation"	RelError: 1.58833e-04	AbsError: 1.23649e-04
Iteration: 2
  Device: "part1_baseline"	RelError: 1.75450e-04	AbsError: 6.50568e+11
    Region: "bulk"	RelError: 1.75429e-04	AbsError: 6.50568e+11
      Equation: "ElectronContinuityEquation"	RelError: 4.89255e-05	AbsError: 6.50435e+11
      Equation: "HoleContinuityEquation"	RelError: 1.24977e-04	AbsError: 1.33548e+08
      Equation: "PotentialEquation"	RelError: 1.52649e-06	AbsError: 4.10240e-08
    Region: "oxide"	RelError: 2.11660e-08	AbsError: 1.76341e-08
      Equation: "PotentialEquation"	RelError: 2.11660e-08	AbsError: 1.76341e-08
Iteration: 3
  Device: "part1_baseline"	RelError: 5.15397e-11	AbsError: 5.10994e+04
    Region: "bulk"	RelError: 5.15385e-11	AbsError: 5.10994e+04
      Equation: "ElectronContinuityEquation"	RelError: 2.89941e-12	AbsError: 5.10943e+04
      Equation: "HoleContinuityEquation"	RelError: 4.85753e-11	AbsError: 5.14972e+00
      Equation: "PotentialEquation"	RelError: 6.37067e-14	AbsError: 3.04512e-15
    Region: "oxide"	RelError: 1.26893e-15	AbsError: 1.00759e-15
      Equation: "PotentialEquation"	RelError: 1.26893e-15	AbsError: 1.00759e-15
number of equations 6873
Iteration: 0
  Device: "part1_baseline"	RelError: 2.51623e+00	AbsError: 4.62521e+17
    Region: "bulk"	RelError: 2.49306e+00	AbsError: 4.62521e+17
      Equation: "ElectronContinuityEquation"	RelError: 2.63064e-01	AbsError: 4.62474e+17
      Equation: "HoleContinuityEquation"	RelError: 4.67379e-01	AbsError: 4.68380e+13
      Equation: "PotentialEquation"	RelError: 1.76262e+00	AbsError: 1.65145e-02
    Region: "oxide"	RelError: 2.31717e-02	AbsError: 2.00000e-02
      Equation: "PotentialEquation"	RelError: 2.31717e-02	AbsError: 2.00000e-02
Iteration: 1
  Device: "part1_baseline"	RelError: 1.25056e-01	AbsError: 6.19784e+15
    Region: "bulk"	RelError: 1.24908e-01	AbsError: 6.19784e+15
      Equation: "ElectronContinuityEquation"	RelError: 4.67941e-02	AbsError: 6.19736e+15
      Equation: "HoleContinuityEquation"	RelError: 6.85096e-02	AbsError: 4.76858e+11
      Equation: "PotentialEquation"	RelError: 9.60434e-03	AbsError: 1.28024e-04
    Region: "oxide"	RelError: 1.47519e-04	AbsError: 1.18845e-04
      Equation: "PotentialEquation"	RelError: 1.47519e-04	AbsError: 1.18845e-04
Iteration: 2
  Device: "part1_baseline"	RelError: 1.57739e-04	AbsError: 5.33132e+11
    Region: "bulk"	RelError: 1.57719e-04	AbsError: 5.33132e+11
      Equation: "ElectronContinuityEquation"	RelError: 4.43293e-05	AbsError: 5.33019e+11
      Equation: "HoleContinuityEquation"	RelError: 1.09900e-04	AbsError: 1.13687e+08
      Equation: "PotentialEquation"	RelError: 3.48933e-06	AbsError: 3.75970e-08
    Region: "oxide"	RelError: 2.03110e-08	AbsError: 1.72253e-08
      Equation: "PotentialEquation"	RelError: 2.03110e-08	AbsError: 1.72253e-08
Iteration: 3
  Device: "part1_baseline"	RelError: 3.33958e-11	AbsError: 3.87296e+04
    Region: "bulk"	RelError: 3.33950e-11	AbsError: 3.87296e+04
      Equation: "ElectronContinuityEquation"	RelError: 2.35555e-12	AbsError: 3.87249e+04
      Equation: "HoleContinuityEquation"	RelError: 3.08790e-11	AbsError: 4.70242e+00
      Equation: "PotentialEquation"	RelError: 1.60409e-13	AbsError: 2.49747e-15
    Region: "oxide"	RelError: 8.37751e-16	AbsError: 6.76699e-16
      Equation: "PotentialEquation"	RelError: 8.37751e-16	AbsError: 6.76699e-16
number of equations 6873
Iteration: 0
  Device: "part1_baseline"	RelError: 3.10799e+00	AbsError: 4.74651e+17
    Region: "bulk"	RelError: 3.08535e+00	AbsError: 4.74651e+17
      Equation: "ElectronContinuityEquation"	RelError: 2.59001e-01	AbsError: 4.74605e+17
      Equation: "HoleContinuityEquation"	RelError: 4.50623e-01	AbsError: 4.61859e+13
      Equation: "PotentialEquation"	RelError: 2.37572e+00	AbsError: 1.64284e-02
    Region: "oxide"	RelError: 2.26469e-02	AbsError: 2.00000e-02
      Equation: "PotentialEquation"	RelError: 2.26469e-02	AbsError: 2.00000e-02
Iteration: 1
  Device: "part1_baseline"	RelError: 1.20371e-01	AbsError: 5.77817e+15
    Region: "bulk"	RelError: 1.20232e-01	AbsError: 5.77817e+15
      Equation: "ElectronContinuityEquation"	RelError: 4.50949e-02	AbsError: 5.77772e+15
      Equation: "HoleContinuityEquation"	RelError: 6.33462e-02	AbsError: 4.44419e+11
      Equation: "PotentialEquation"	RelError: 1.17913e-02	AbsError: 1.23627e-04
    Region: "oxide"	RelError: 1.38638e-04	AbsError: 1.13855e-04
      Equation: "PotentialEquation"	RelError: 1.38638e-04	AbsError: 1.13855e-04
Iteration: 2
  Device: "part1_baseline"	RelError: 1.40660e-04	AbsError: 4.37415e+11
    Region: "bulk"	RelError: 1.40641e-04	AbsError: 4.37415e+11
      Equation: "ElectronContinuityEquation"	RelError: 4.02627e-05	AbsError: 4.37318e+11
      Equation: "HoleContinuityEquation"	RelError: 9.63081e-05	AbsError: 9.71602e+07
      Equation: "PotentialEquation"	RelError: 4.06999e-06	AbsError: 3.44473e-08
    Region: "oxide"	RelError: 1.88364e-08	AbsError: 1.62520e-08
      Equation: "PotentialEquation"	RelError: 1.88364e-08	AbsError: 1.62520e-08
Iteration: 3
  Device: "part1_baseline"	RelError: 2.18511e-11	AbsError: 2.66434e+04
    Region: "bulk"	RelError: 2.18506e-11	AbsError: 2.66434e+04
      Equation: "ElectronContinuityEquation"	RelError: 1.92931e-12	AbsError: 2.66392e+04
      Equation: "HoleContinuityEquation"	RelError: 1.97209e-11	AbsError: 4.21903e+00
      Equation: "PotentialEquation"	RelError: 2.00402e-13	AbsError: 2.14616e-15
    Region: "oxide"	RelError: 4.84889e-16	AbsError: 3.98210e-16
      Equation: "PotentialEquation"	RelError: 4.84889e-16	AbsError: 3.98210e-16
number of equations 6873
Iteration: 0
  Device: "part1_baseline"	RelError: 3.23062e+02	AbsError: 4.85924e+17
    Region: "bulk"	RelError: 3.23040e+02	AbsError: 4.85924e+17
      Equation: "ElectronContinuityEquation"	RelError: 2.55065e-01	AbsError: 4.85879e+17
      Equation: "HoleContinuityEquation"	RelError: 4.36469e-01	AbsError: 4.55902e+13
      Equation: "PotentialEquation"	RelError: 3.22349e+02	AbsError: 1.63395e-02
    Region: "oxide"	RelError: 2.21454e-02	AbsError: 2.00000e-02
      Equation: "PotentialEquation"	RelError: 2.21454e-02	AbsError: 2.00000e-02
Iteration: 1
  Device: "part1_baseline"	RelError: 6.91461e-01	AbsError: 5.46701e+15
    Region: "bulk"	RelError: 6.91330e-01	AbsError: 5.46701e+15
      Equation: "ElectronContinuityEquation"	RelError: 4.34835e-02	AbsError: 5.46659e+15
      Equation: "HoleContinuityEquation"	RelError: 5.96497e-02	AbsError: 4.16493e+11
      Equation: "PotentialEquation"	RelError: 5.88197e-01	AbsError: 1.19249e-04
    Region: "oxide"	RelError: 1.30357e-04	AbsError: 1.08783e-04
      Equation: "PotentialEquation"	RelError: 1.30357e-04	AbsError: 1.08783e-04
Iteration: 2
  Device: "part1_baseline"	RelError: 2.79532e-04	AbsError: 3.62174e+11
    Region: "bulk"	RelError: 2.79515e-04	AbsError: 3.62174e+11
      Equation: "ElectronContinuityEquation"	RelError: 3.66518e-05	AbsError: 3.62090e+11
      Equation: "HoleContinuityEquation"	RelError: 8.40951e-05	AbsError: 8.33356e+07
      Equation: "PotentialEquation"	RelError: 1.58768e-04	AbsError: 3.15390e-08
    Region: "oxide"	RelError: 1.69147e-08	AbsError: 1.48392e-08
      Equation: "PotentialEquation"	RelError: 1.69147e-08	AbsError: 1.48392e-08
Iteration: 3
  Device: "part1_baseline"	RelError: 2.25176e-11	AbsError: 1.83866e+04
    Region: "bulk"	RelError: 2.25173e-11	AbsError: 1.83866e+04
      Equation: "ElectronContinuityEquation"	RelError: 1.59473e-12	AbsError: 1.83828e+04
      Equation: "HoleContinuityEquation"	RelError: 1.31636e-11	AbsError: 3.73912e+00
      Equation: "PotentialEquation"	RelError: 7.75890e-12	AbsError: 1.86154e-15
    Region: "oxide"	RelError: 3.41202e-16	AbsError: 3.16466e-16
      Equation: "PotentialEquation"	RelError: 3.41202e-16	AbsError: 3.16466e-16
number of equations 6873
Iteration: 0
  Device: "part1_baseline"	RelError: 2.00225e+00	AbsError: 4.96406e+17
    Region: "bulk"	RelError: 1.98058e+00	AbsError: 4.96406e+17
      Equation: "ElectronContinuityEquation"	RelError: 2.51245e-01	AbsError: 4.96361e+17
      Equation: "HoleContinuityEquation"	RelError: 4.23311e-01	AbsError: 4.50425e+13
      Equation: "PotentialEquation"	RelError: 1.30602e+00	AbsError: 1.62474e-02
    Region: "oxide"	RelError: 2.16656e-02	AbsError: 2.00000e-02
      Equation: "PotentialEquation"	RelError: 2.16656e-02	AbsError: 2.00000e-02
Iteration: 1
  Device: "part1_baseline"	RelError: 1.03896e-01	AbsError: 5.21058e+15
    Region: "bulk"	RelError: 1.03773e-01	AbsError: 5.21058e+15
      Equation: "ElectronContinuityEquation"	RelError: 4.19530e-02	AbsError: 5.21019e+15
      Equation: "HoleContinuityEquation"	RelError: 5.69095e-02	AbsError: 3.92337e+11
      Equation: "PotentialEquation"	RelError: 4.91092e-03	AbsError: 1.15465e-04
    Region: "oxide"	RelError: 1.22371e-04	AbsError: 1.06545e-04
      Equation: "PotentialEquation"	RelError: 1.22371e-04	AbsError: 1.06545e-04
Iteration: 2
  Device: "part1_baseline"	RelError: 1.09312e-04	AbsError: 3.52788e+11
    Region: "bulk"	RelError: 1.09297e-04	AbsError: 3.52788e+11
      Equation: "ElectronContinuityEquation"	RelError: 3.34353e-05	AbsError: 3.52717e+11
      Equation: "HoleContinuityEquation"	RelError: 7.36339e-05	AbsError: 7.17271e+07
      Equation: "PotentialEquation"	RelError: 2.22816e-06	AbsError: 2.88465e-08
    Region: "oxide"	RelError: 1.47374e-08	AbsError: 1.31396e-08
      Equation: "PotentialEquation"	RelError: 1.47374e-08	AbsError: 1.31396e-08
Iteration: 3
  Device: "part1_baseline"	RelError: 1.02373e-11	AbsError: 1.71237e+04
    Region: "bulk"	RelError: 1.02370e-11	AbsError: 1.71237e+04
      Equation: "ElectronContinuityEquation"	RelError: 1.33045e-12	AbsError: 1.71204e+04
      Equation: "HoleContinuityEquation"	RelError: 8.79303e-12	AbsError: 3.32252e+00
      Equation: "PotentialEquation"	RelError: 1.13505e-13	AbsError: 1.64140e-15
    Region: "oxide"	RelError: 2.70246e-16	AbsError: 2.54848e-16
      Equation: "PotentialEquation"	RelError: 2.70246e-16	AbsError: 2.54848e-16
number of equations 6873
Iteration: 0
  Device: "part1_baseline"	RelError: 8.47785e+00	AbsError: 5.06157e+17
    Region: "bulk"	RelError: 8.45664e+00	AbsError: 5.06157e+17
      Equation: "ElectronContinuityEquation"	RelError: 2.47533e-01	AbsError: 5.06112e+17
      Equation: "HoleContinuityEquation"	RelError: 4.10973e-01	AbsError: 4.45356e+13
      Equation: "PotentialEquation"	RelError: 7.79814e+00	AbsError: 1.61521e-02
    Region: "oxide"	RelError: 2.12062e-02	AbsError: 2.00000e-02
      Equation: "PotentialEquation"	RelError: 2.12062e-02	AbsError: 2.00000e-02
Iteration: 1
  Device: "part1_baseline"	RelError: 1.23369e-01	AbsError: 4.99660e+15
    Region: "bulk"	RelError: 1.23255e-01	AbsError: 4.99660e+15
      Equation: "ElectronContinuityEquation"	RelError: 4.04973e-02	AbsError: 4.99623e+15
      Equation: "HoleContinuityEquation"	RelError: 5.43823e-02	AbsError: 3.71338e+11
      Equation: "PotentialEquation"	RelError: 2.83749e-02	AbsError: 1.11206e-04
    Region: "oxide"	RelError: 1.14737e-04	AbsError: 1.03884e-04
      Equation: "PotentialEquation"	RelError: 1.14737e-04	AbsError: 1.03884e-04
Iteration: 2
  Device: "part1_baseline"	RelError: 1.03578e-04	AbsError: 3.52595e+11
    Region: "bulk"	RelError: 1.03565e-04	AbsError: 3.52595e+11
      Equation: "ElectronContinuityEquation"	RelError: 3.05616e-05	AbsError: 3.52533e+11
      Equation: "HoleContinuityEquation"	RelError: 6.65646e-05	AbsError: 6.19947e+07
      Equation: "PotentialEquation"	RelError: 6.43890e-06	AbsError: 2.63503e-08
    Region: "oxide"	RelError: 1.24830e-08	AbsError: 1.13054e-08
      Equation: "PotentialEquation"	RelError: 1.24830e-08	AbsError: 1.13054e-08
Iteration: 3
  Device: "part1_baseline"	RelError: 7.67418e-12	AbsError: 1.88663e+04
    Region: "bulk"	RelError: 7.67394e-12	AbsError: 1.88663e+04
      Equation: "ElectronContinuityEquation"	RelError: 1.11906e-12	AbsError: 1.88633e+04
      Equation: "HoleContinuityEquation"	RelError: 6.18104e-12	AbsError: 3.00155e+00
      Equation: "PotentialEquation"	RelError: 3.73842e-13	AbsError: 1.47642e-15
    Region: "oxide"	RelError: 2.36131e-16	AbsError: 1.93924e-16
      Equation: "PotentialEquation"	RelError: 2.36131e-16	AbsError: 1.93924e-16
number of equations 6873
Iteration: 0
  Device: "part1_baseline"	RelError: 1.55243e+00	AbsError: 5.15233e+17
    Region: "bulk"	RelError: 1.53166e+00	AbsError: 5.15233e+17
      Equation: "ElectronContinuityEquation"	RelError: 2.43922e-01	AbsError: 5.15189e+17
      Equation: "HoleContinuityEquation"	RelError: 3.99299e-01	AbsError: 4.40635e+13
      Equation: "PotentialEquation"	RelError: 8.88439e-01	AbsError: 1.60534e-02
    Region: "oxide"	RelError: 2.07658e-02	AbsError: 2.00000e-02
      Equation: "PotentialEquation"	RelError: 2.07658e-02	AbsError: 2.00000e-02
Iteration: 1
  Device: "part1_baseline"	RelError: 9.40766e-02	AbsError: 4.81130e+15
    Region: "bulk"	RelError: 9.39669e-02	AbsError: 4.81130e+15
      Equation: "ElectronContinuityEquation"	RelError: 3.91111e-02	AbsError: 4.81095e+15
      Equation: "HoleContinuityEquation"	RelError: 5.20341e-02	AbsError: 3.52992e+11
      Equation: "PotentialEquation"	RelError: 2.82170e-03	AbsError: 1.06597e-04
    Region: "oxide"	RelError: 1.09716e-04	AbsError: 1.00887e-04
      Equation: "PotentialEquation"	RelError: 1.09716e-04	AbsError: 1.00887e-04
Iteration: 2
  Device: "part1_baseline"	RelError: 8.88293e-05	AbsError: 3.41963e+11
    Region: "bulk"	RelError: 8.88181e-05	AbsError: 3.41963e+11
      Equation: "ElectronContinuityEquation"	RelError: 2.79864e-05	AbsError: 3.41909e+11
      Equation: "HoleContinuityEquation"	RelError: 6.02437e-05	AbsError: 5.38907e+07
      Equation: "PotentialEquation"	RelError: 5.88068e-07	AbsError: 2.49345e-08
    Region: "oxide"	RelError: 1.11557e-08	AbsError: 1.08605e-08
      Equation: "PotentialEquation"	RelError: 1.11557e-08	AbsError: 1.08605e-08
Iteration: 3
  Device: "part1_baseline"	RelError: 5.59073e-12	AbsError: 1.83038e+04
    Region: "bulk"	RelError: 5.59045e-12	AbsError: 1.83038e+04
      Equation: "ElectronContinuityEquation"	RelError: 9.46959e-13	AbsError: 1.83011e+04
      Equation: "HoleContinuityEquation"	RelError: 4.60537e-12	AbsError: 2.77063e+00
      Equation: "PotentialEquation"	RelError: 3.81190e-14	AbsError: 1.35417e-15
    Region: "oxide"	RelError: 2.79546e-16	AbsError: 2.32824e-16
      Equation: "PotentialEquation"	RelError: 2.79546e-16	AbsError: 2.32824e-16
number of equations 6873
Iteration: 0
  Device: "part1_baseline"	RelError: 1.17075e+00	AbsError: 5.23688e+17
    Region: "bulk"	RelError: 1.15041e+00	AbsError: 5.23688e+17
      Equation: "ElectronContinuityEquation"	RelError: 2.40405e-01	AbsError: 5.23645e+17
      Equation: "HoleContinuityEquation"	RelError: 3.88150e-01	AbsError: 4.36211e+13
      Equation: "PotentialEquation"	RelError: 5.21854e-01	AbsError: 1.59513e-02
    Region: "oxide"	RelError: 2.03434e-02	AbsError: 2.00000e-02
      Equation: "PotentialEquation"	RelError: 2.03434e-02	AbsError: 2.00000e-02
Iteration: 1
  Device: "part1_baseline"	RelError: 8.90663e-02	AbsError: 4.65398e+15
    Region: "bulk"	RelError: 8.89616e-02	AbsError: 4.65398e+15
      Equation: "ElectronContinuityEquation"	RelError: 3.77901e-02	AbsError: 4.65364e+15
      Equation: "HoleContinuityEquation"	RelError: 4.98348e-02	AbsError: 3.36879e+11
      Equation: "PotentialEquation"	RelError: 1.33679e-03	AbsError: 1.03079e-04
    Region: "oxide"	RelError: 1.04625e-04	AbsError: 9.76368e-05
      Equation: "PotentialEquation"	RelError: 1.04625e-04	AbsError: 9.76368e-05
Iteration: 2
  Device: "part1_baseline"	RelError: 8.09039e-05	AbsError: 3.20614e+11
    Region: "bulk"	RelError: 8.08924e-05	AbsError: 3.20614e+11
      Equation: "ElectronContinuityEquation"	RelError: 2.56712e-05	AbsError: 3.20567e+11
      Equation: "HoleContinuityEquation"	RelError: 5.45768e-05	AbsError: 4.70010e+07
      Equation: "PotentialEquation"	RelError: 6.44389e-07	AbsError: 2.36294e-08
    Region: "oxide"	RelError: 1.15822e-08	AbsError: 1.14494e-08
      Equation: "PotentialEquation"	RelError: 1.15822e-08	AbsError: 1.14494e-08
Iteration: 3
  Device: "part1_baseline"	RelError: 4.26680e-12	AbsError: 1.56537e+04
    Region: "bulk"	RelError: 4.26646e-12	AbsError: 1.56537e+04
      Equation: "ElectronContinuityEquation"	RelError: 8.04238e-13	AbsError: 1.56511e+04
      Equation: "HoleContinuityEquation"	RelError: 3.42767e-12	AbsError: 2.59518e+00
      Equation: "PotentialEquation"	RelError: 3.45446e-14	AbsError: 1.25389e-15
    Region: "oxide"	RelError: 3.41105e-16	AbsError: 3.02061e-16
      Equation: "PotentialEquation"	RelError: 3.41105e-16	AbsError: 3.02061e-16
number of equations 6873
Iteration: 0
  Device: "part1_baseline"	RelError: 1.71158e+00	AbsError: 5.31572e+17
    Region: "bulk"	RelError: 1.69164e+00	AbsError: 5.31572e+17
      Equation: "ElectronContinuityEquation"	RelError: 2.36979e-01	AbsError: 5.31529e+17
      Equation: "HoleContinuityEquation"	RelError: 3.77399e-01	AbsError: 4.32039e+13
      Equation: "PotentialEquation"	RelError: 1.07726e+00	AbsError: 1.58457e-02
    Region: "oxide"	RelError: 1.99378e-02	AbsError: 2.00000e-02
      Equation: "PotentialEquation"	RelError: 1.99378e-02	AbsError: 2.00000e-02
Iteration: 1
  Device: "part1_baseline"	RelError: 8.67905e-02	AbsError: 4.52018e+15
    Region: "bulk"	RelError: 8.66910e-02	AbsError: 4.52018e+15
      Equation: "ElectronContinuityEquation"	RelError: 3.65302e-02	AbsError: 4.51986e+15
      Equation: "HoleContinuityEquation"	RelError: 4.77580e-02	AbsError: 3.22653e+11
      Equation: "PotentialEquation"	RelError: 2.40279e-03	AbsError: 1.01270e-04
    Region: "oxide"	RelError: 9.95165e-05	AbsError: 9.42113e-05
      Equation: "PotentialEquation"	RelError: 9.95165e-05	AbsError: 9.42113e-05
Iteration: 2
  Device: "part1_baseline"	RelError: 7.40733e-05	AbsError: 2.89050e+11
    Region: "bulk"	RelError: 7.40616e-05	AbsError: 2.89050e+11
      Equation: "ElectronContinuityEquation"	RelError: 2.35828e-05	AbsError: 2.89009e+11
      Equation: "HoleContinuityEquation"	RelError: 4.94815e-05	AbsError: 4.11142e+07
      Equation: "PotentialEquation"	RelError: 9.97303e-07	AbsError: 2.23691e-08
    Region: "oxide"	RelError: 1.17035e-08	AbsError: 1.17428e-08
      Equation: "PotentialEquation"	RelError: 1.17035e-08	AbsError: 1.17428e-08
Iteration: 3
  Device: "part1_baseline"	RelError: 3.28867e-12	AbsError: 1.15921e+04
    Region: "bulk"	RelError: 3.28828e-12	AbsError: 1.15921e+04
      Equation: "ElectronContinuityEquation"	RelError: 6.84110e-13	AbsError: 1.15897e+04
      Equation: "HoleContinuityEquation"	RelError: 2.54865e-12	AbsError: 2.43150e+00
      Equation: "PotentialEquation"	RelError: 5.55184e-14	AbsError: 1.15343e-15
    Region: "oxide"	RelError: 3.93431e-16	AbsError: 3.53239e-16
      Equation: "PotentialEquation"	RelError: 3.93431e-16	AbsError: 3.53239e-16
number of equations 6873
Iteration: 0
  Device: "part1_baseline"	RelError: 1.59128e+01	AbsError: 5.38928e+17
    Region: "bulk"	RelError: 1.58933e+01	AbsError: 5.38928e+17
      Equation: "ElectronContinuityEquation"	RelError: 2.33639e-01	AbsError: 5.38886e+17
      Equation: "HoleContinuityEquation"	RelError: 3.66933e-01	AbsError: 4.28083e+13
      Equation: "PotentialEquation"	RelError: 1.52927e+01	AbsError: 1.57364e-02
    Region: "oxide"	RelError: 1.95480e-02	AbsError: 2.00000e-02
      Equation: "PotentialEquation"	RelError: 1.95480e-02	AbsError: 2.00000e-02
Iteration: 1
  Device: "part1_baseline"	RelError: 1.12543e-01	AbsError: 4.39387e+15
    Region: "bulk"	RelError: 1.12449e-01	AbsError: 4.39387e+15
      Equation: "ElectronContinuityEquation"	RelError: 3.53280e-02	AbsError: 4.39356e+15
      Equation: "HoleContinuityEquation"	RelError: 4.57802e-02	AbsError: 3.10021e+11
      Equation: "PotentialEquation"	RelError: 3.13405e-02	AbsError: 9.88589e-05
    Region: "oxide"	RelError: 9.44564e-05	AbsError: 9.06773e-05
      Equation: "PotentialEquation"	RelError: 9.44564e-05	AbsError: 9.06773e-05
Iteration: 2
  Device: "part1_baseline"	RelError: 7.29428e-05	AbsError: 2.48515e+11
    Region: "bulk"	RelError: 7.29313e-05	AbsError: 2.48515e+11
      Equation: "ElectronContinuityEquation"	RelError: 2.16926e-05	AbsError: 2.48479e+11
      Equation: "HoleContinuityEquation"	RelError: 4.48860e-05	AbsError: 3.60540e+07
      Equation: "PotentialEquation"	RelError: 6.35259e-06	AbsError: 2.11384e-08
    Region: "oxide"	RelError: 1.15053e-08	AbsError: 1.17123e-08
      Equation: "PotentialEquation"	RelError: 1.15053e-08	AbsError: 1.17123e-08
Iteration: 3
  Device: "part1_baseline"	RelError: 3.02009e-12	AbsError: 9.20982e+03
    Region: "bulk"	RelError: 3.01967e-12	AbsError: 9.20982e+03
      Equation: "ElectronContinuityEquation"	RelError: 5.82158e-13	AbsError: 9.20757e+03
      Equation: "HoleContinuityEquation"	RelError: 1.89367e-12	AbsError: 2.24602e+00
      Equation: "PotentialEquation"	RelError: 5.43849e-13	AbsError: 1.04347e-15
    Region: "oxide"	RelError: 4.13225e-16	AbsError: 3.76029e-16
      Equation: "PotentialEquation"	RelError: 4.13225e-16	AbsError: 3.76029e-16
number of equations 6873
Iteration: 0
  Device: "part1_baseline"	RelError: 2.22451e+00	AbsError: 5.45800e+17
    Region: "bulk"	RelError: 2.20534e+00	AbsError: 5.45800e+17
      Equation: "ElectronContinuityEquation"	RelError: 2.30381e-01	AbsError: 5.45757e+17
      Equation: "HoleContinuityEquation"	RelError: 3.56649e-01	AbsError: 4.24311e+13
      Equation: "PotentialEquation"	RelError: 1.61831e+00	AbsError: 1.56779e-02
    Region: "oxide"	RelError: 1.91732e-02	AbsError: 2.00000e-02
      Equation: "PotentialEquation"	RelError: 1.91732e-02	AbsError: 2.00000e-02
Iteration: 1
  Device: "part1_baseline"	RelError: 8.12530e-02	AbsError: 4.29114e+15
    Region: "bulk"	RelError: 8.11635e-02	AbsError: 4.29114e+15
      Equation: "ElectronContinuityEquation"	RelError: 3.41801e-02	AbsError: 4.29085e+15
      Equation: "HoleContinuityEquation"	RelError: 4.38809e-02	AbsError: 2.98743e+11
      Equation: "PotentialEquation"	RelError: 3.10247e-03	AbsError: 9.73327e-05
    Region: "oxide"	RelError: 8.94975e-05	AbsError: 8.88307e-05
      Equation: "PotentialEquation"	RelError: 8.94975e-05	AbsError: 8.88307e-05
Iteration: 2
  Device: "part1_baseline"	RelError: 6.25251e-05	AbsError: 2.36154e+11
    Region: "bulk"	RelError: 6.25141e-05	AbsError: 2.36154e+11
      Equation: "ElectronContinuityEquation"	RelError: 1.99764e-05	AbsError: 2.36123e+11
      Equation: "HoleContinuityEquation"	RelError: 4.07283e-05	AbsError: 3.16778e+07
      Equation: "PotentialEquation"	RelError: 1.80943e-06	AbsError: 1.99290e-08
    Region: "oxide"	RelError: 1.10061e-08	AbsError: 1.13632e-08
      Equation: "PotentialEquation"	RelError: 1.10061e-08	AbsError: 1.13632e-08
Iteration: 3
  Device: "part1_baseline"	RelError: 2.01887e-12	AbsError: 8.74187e+03
    Region: "bulk"	RelError: 2.01847e-12	AbsError: 8.74187e+03
      Equation: "ElectronContinuityEquation"	RelError: 4.95513e-13	AbsError: 8.73984e+03
      Equation: "HoleContinuityEquation"	RelError: 1.41984e-12	AbsError: 2.02618e+00
      Equation: "PotentialEquation"	RelError: 1.03117e-13	AbsError: 9.23690e-16
    Region: "oxide"	RelError: 4.03222e-16	AbsError: 3.71760e-16
      Equation: "PotentialEquation"	RelError: 4.03222e-16	AbsError: 3.71760e-16
number of equations 6873
Iteration: 0
  Device: "part1_baseline"	RelError: 7.35644e+00	AbsError: 5.52224e+17
    Region: "bulk"	RelError: 7.33762e+00	AbsError: 5.52224e+17
      Equation: "ElectronContinuityEquation"	RelError: 2.27202e-01	AbsError: 5.52182e+17
      Equation: "HoleContinuityEquation"	RelError: 3.46454e-01	AbsError: 4.20696e+13
      Equation: "PotentialEquation"	RelError: 6.76397e+00	AbsError: 1.56215e-02
    Region: "oxide"	RelError: 1.88125e-02	AbsError: 2.00000e-02
      Equation: "PotentialEquation"	RelError: 1.88125e-02	AbsError: 2.00000e-02
Iteration: 1
  Device: "part1_baseline"	RelError: 8.85710e-02	AbsError: 4.19974e+15
    Region: "bulk"	RelError: 8.84863e-02	AbsError: 4.19974e+15
      Equation: "ElectronContinuityEquation"	RelError: 3.30835e-02	AbsError: 4.19945e+15
      Equation: "HoleContinuityEquation"	RelError: 4.20418e-02	AbsError: 2.88618e+11
      Equation: "PotentialEquation"	RelError: 1.33611e-02	AbsError: 9.53540e-05
    Region: "oxide"	RelError: 8.46805e-05	AbsError: 8.79975e-05
      Equation: "PotentialEquation"	RelError: 8.46805e-05	AbsError: 8.79975e-05
Iteration: 2
  Device: "part1_baseline"	RelError: 5.88933e-05	AbsError: 2.40718e+11
    Region: "bulk"	RelError: 5.88830e-05	AbsError: 2.40718e+11
      Equation: "ElectronContinuityEquation"	RelError: 1.84138e-05	AbsError: 2.40690e+11
      Equation: "HoleContinuityEquation"	RelError: 3.69544e-05	AbsError: 2.78752e+07
      Equation: "PotentialEquation"	RelError: 3.51483e-06	AbsError: 1.87394e-08
    Region: "oxide"	RelError: 1.02534e-08	AbsError: 1.07326e-08
      Equation: "PotentialEquation"	RelError: 1.02534e-08	AbsError: 1.07326e-08
Iteration: 3
  Device: "part1_baseline"	RelError: 1.83980e-12	AbsError: 7.87057e+03
    Region: "bulk"	RelError: 1.83943e-12	AbsError: 7.87057e+03
      Equation: "ElectronContinuityEquation"	RelError: 4.22155e-13	AbsError: 7.86879e+03
      Equation: "HoleContinuityEquation"	RelError: 1.13663e-12	AbsError: 1.78053e+00
      Equation: "PotentialEquation"	RelError: 2.80646e-13	AbsError: 8.00828e-16
    Region: "oxide"	RelError: 3.70375e-16	AbsError: 3.50964e-16
      Equation: "PotentialEquation"	RelError: 3.70375e-16	AbsError: 3.50964e-16
number of equations 6873
Iteration: 0
  Device: "part1_baseline"	RelError: 8.60968e+00	AbsError: 5.58236e+17
    Region: "bulk"	RelError: 8.59122e+00	AbsError: 5.58236e+17
      Equation: "ElectronContinuityEquation"	RelError: 2.24101e-01	AbsError: 5.58194e+17
      Equation: "HoleContinuityEquation"	RelError: 3.36268e-01	AbsError: 4.17215e+13
      Equation: "PotentialEquation"	RelError: 8.03085e+00	AbsError: 1.55633e-02
    Region: "oxide"	RelError: 1.84652e-02	AbsError: 2.00000e-02
      Equation: "PotentialEquation"	RelError: 1.84652e-02	AbsError: 2.00000e-02
Iteration: 1
  Device: "part1_baseline"	RelError: 8.70961e-02	AbsError: 4.09992e+15
    Region: "bulk"	RelError: 8.70143e-02	AbsError: 4.09992e+15
      Equation: "ElectronContinuityEquation"	RelError: 3.20349e-02	AbsError: 4.09964e+15
      Equation: "HoleContinuityEquation"	RelError: 4.02472e-02	AbsError: 2.79478e+11
      Equation: "PotentialEquation"	RelError: 1.47321e-02	AbsError: 9.29173e-05
    Region: "oxide"	RelError: 8.18008e-05	AbsError: 8.67779e-05
      Equation: "PotentialEquation"	RelError: 8.18008e-05	AbsError: 8.67779e-05
Iteration: 2
  Device: "part1_baseline"	RelError: 5.29304e-05	AbsError: 2.38762e+11
    Region: "bulk"	RelError: 5.29211e-05	AbsError: 2.38762e+11
      Equation: "ElectronContinuityEquation"	RelError: 1.69881e-05	AbsError: 2.38737e+11
      Equation: "HoleContinuityEquation"	RelError: 3.35182e-05	AbsError: 2.45634e+07
      Equation: "PotentialEquation"	RelError: 2.41480e-06	AbsError: 1.75736e-08
    Region: "oxide"	RelError: 9.31532e-09	AbsError: 9.88210e-09
      Equation: "PotentialEquation"	RelError: 9.31532e-09	AbsError: 9.88210e-09
Iteration: 3
  Device: "part1_baseline"	RelError: 1.51896e-12	AbsError: 7.40854e+03
    Region: "bulk"	RelError: 1.51862e-12	AbsError: 7.40854e+03
      Equation: "ElectronContinuityEquation"	RelError: 3.60436e-13	AbsError: 7.40701e+03
      Equation: "HoleContinuityEquation"	RelError: 9.12386e-13	AbsError: 1.53137e+00
      Equation: "PotentialEquation"	RelError: 2.45796e-13	AbsError: 6.84935e-16
    Region: "oxide"	RelError: 3.44437e-16	AbsError: 3.44046e-16
      Equation: "PotentialEquation"	RelError: 3.44437e-16	AbsError: 3.44046e-16
number of equations 6873
Iteration: 0
  Device: "part1_baseline"	RelError: 1.45558e+00	AbsError: 5.63867e+17
    Region: "bulk"	RelError: 1.43745e+00	AbsError: 5.63867e+17
      Equation: "ElectronContinuityEquation"	RelError: 2.21073e-01	AbsError: 5.63826e+17
      Equation: "HoleContinuityEquation"	RelError: 3.26023e-01	AbsError: 4.13846e+13
      Equation: "PotentialEquation"	RelError: 8.90352e-01	AbsError: 1.55034e-02
    Region: "oxide"	RelError: 1.81304e-02	AbsError: 2.00000e-02
      Equation: "PotentialEquation"	RelError: 1.81304e-02	AbsError: 2.00000e-02
Iteration: 1
  Device: "part1_baseline"	RelError: 7.10792e-02	AbsError: 4.03076e+15
    Region: "bulk"	RelError: 7.09999e-02	AbsError: 4.03076e+15
      Equation: "ElectronContinuityEquation"	RelError: 3.10315e-02	AbsError: 4.03049e+15
      Equation: "HoleContinuityEquation"	RelError: 3.84836e-02	AbsError: 2.71185e+11
      Equation: "PotentialEquation"	RelError: 1.48475e-03	AbsError: 9.00961e-05
    Region: "oxide"	RelError: 7.92896e-05	AbsError: 8.52191e-05
      Equation: "PotentialEquation"	RelError: 7.92896e-05	AbsError: 8.52191e-05
Iteration: 2
  Device: "part1_baseline"	RelError: 4.63744e-05	AbsError: 2.31688e+11
    Region: "bulk"	RelError: 4.63662e-05	AbsError: 2.31688e+11
      Equation: "ElectronContinuityEquation"	RelError: 1.56855e-05	AbsError: 2.31666e+11
      Equation: "HoleContinuityEquation"	RelError: 3.03803e-05	AbsError: 2.16815e+07
      Equation: "PotentialEquation"	RelError: 3.00349e-07	AbsError: 1.64797e-08
    Region: "oxide"	RelError: 8.26871e-09	AbsError: 8.88707e-09
      Equation: "PotentialEquation"	RelError: 8.26871e-09	AbsError: 8.88707e-09
Iteration: 3
  Device: "part1_baseline"	RelError: 1.18676e-12	AbsError: 7.73710e+03
    Region: "bulk"	RelError: 1.18645e-12	AbsError: 7.73710e+03
      Equation: "ElectronContinuityEquation"	RelError: 3.08833e-13	AbsError: 7.73580e+03
      Equation: "HoleContinuityEquation"	RelError: 8.54637e-13	AbsError: 1.30423e+00
      Equation: "PotentialEquation"	RelError: 2.29779e-14	AbsError: 5.85376e-16
    Region: "oxide"	RelError: 3.16964e-16	AbsError: 3.20609e-16
      Equation: "PotentialEquation"	RelError: 3.16964e-16	AbsError: 3.20609e-16
number of equations 6873
Iteration: 0
  Device: "part1_baseline"	RelError: 1.37437e+00	AbsError: 5.69147e+17
    Region: "bulk"	RelError: 1.35656e+00	AbsError: 5.69147e+17
      Equation: "ElectronContinuityEquation"	RelError: 2.18115e-01	AbsError: 5.69106e+17
      Equation: "HoleContinuityEquation"	RelError: 3.15662e-01	AbsError: 4.10574e+13
      Equation: "PotentialEquation"	RelError: 8.22781e-01	AbsError: 1.54416e-02
    Region: "oxide"	RelError: 1.78075e-02	AbsError: 2.00000e-02
      Equation: "PotentialEquation"	RelError: 1.78075e-02	AbsError: 2.00000e-02
Iteration: 1
  Device: "part1_baseline"	RelError: 6.80451e-02	AbsError: 3.97389e+15
    Region: "bulk"	RelError: 6.79685e-02	AbsError: 3.97389e+15
      Equation: "ElectronContinuityEquation"	RelError: 3.00701e-02	AbsError: 3.97362e+15
      Equation: "HoleContinuityEquation"	RelError: 3.67402e-02	AbsError: 2.63622e+11
      Equation: "PotentialEquation"	RelError: 1.15822e-03	AbsError: 8.69719e-05
    Region: "oxide"	RelError: 7.65932e-05	AbsError: 8.33757e-05
      Equation: "PotentialEquation"	RelError: 7.65932e-05	AbsError: 8.33757e-05
Iteration: 2
  Device: "part1_baseline"	RelError: 4.24983e-05	AbsError: 2.27873e+11
    Region: "bulk"	RelError: 4.24911e-05	AbsError: 2.27873e+11
      Equation: "ElectronContinuityEquation"	RelError: 1.44944e-05	AbsError: 2.27854e+11
      Equation: "HoleContinuityEquation"	RelError: 2.75073e-05	AbsError: 1.92636e+07
      Equation: "PotentialEquation"	RelError: 4.89397e-07	AbsError: 1.54359e-08
    Region: "oxide"	RelError: 7.18801e-09	AbsError: 7.82453e-09
      Equation: "PotentialEquation"	RelError: 7.18801e-09	AbsError: 7.82453e-09
Iteration: 3
  Device: "part1_baseline"	RelError: 1.12605e-12	AbsError: 7.59734e+03
    Region: "bulk"	RelError: 1.12576e-12	AbsError: 7.59734e+03
      Equation: "ElectronContinuityEquation"	RelError: 2.65856e-13	AbsError: 7.59622e+03
      Equation: "HoleContinuityEquation"	RelError: 8.33019e-13	AbsError: 1.11893e+00
      Equation: "PotentialEquation"	RelError: 2.68849e-14	AbsError: 5.07993e-16
    Region: "oxide"	RelError: 2.85504e-16	AbsError: 2.92353e-16
      Equation: "PotentialEquation"	RelError: 2.85504e-16	AbsError: 2.92353e-16
number of equations 6873
Iteration: 0
  Device: "part1_baseline"	RelError: 5.08306e+00	AbsError: 5.74102e+17
    Region: "bulk"	RelError: 5.06556e+00	AbsError: 5.74102e+17
      Equation: "ElectronContinuityEquation"	RelError: 2.15225e-01	AbsError: 5.74061e+17
      Equation: "HoleContinuityEquation"	RelError: 3.08840e-01	AbsError: 4.07383e+13
      Equation: "PotentialEquation"	RelError: 4.54150e+00	AbsError: 1.53779e-02
    Region: "oxide"	RelError: 1.74960e-02	AbsError: 2.00000e-02
      Equation: "PotentialEquation"	RelError: 1.74960e-02	AbsError: 2.00000e-02
Iteration: 1
  Device: "part1_baseline"	RelError: 7.01353e-02	AbsError: 3.90645e+15
    Region: "bulk"	RelError: 7.00615e-02	AbsError: 3.90645e+15
      Equation: "ElectronContinuityEquation"	RelError: 2.91479e-02	AbsError: 3.90619e+15
      Equation: "HoleContinuityEquation"	RelError: 3.50084e-02	AbsError: 2.56693e+11
      Equation: "PotentialEquation"	RelError: 5.90526e-03	AbsError: 8.36278e-05
    Region: "oxide"	RelError: 7.37692e-05	AbsError: 8.13054e-05
      Equation: "PotentialEquation"	RelError: 7.37692e-05	AbsError: 8.13054e-05
Iteration: 2
  Device: "part1_baseline"	RelError: 4.26052e-05	AbsError: 2.39246e+11
    Region: "bulk"	RelError: 4.25991e-05	AbsError: 2.39246e+11
      Equation: "ElectronContinuityEquation"	RelError: 1.34051e-05	AbsError: 2.39228e+11
      Equation: "HoleContinuityEquation"	RelError: 2.67746e-05	AbsError: 1.72986e+07
      Equation: "PotentialEquation"	RelError: 2.41947e-06	AbsError: 1.44294e-08
    Region: "oxide"	RelError: 6.13611e-09	AbsError: 6.76297e-09
      Equation: "PotentialEquation"	RelError: 6.13611e-09	AbsError: 6.76297e-09
Iteration: 3
  Device: "part1_baseline"	RelError: 1.16507e-12	AbsError: 7.19764e+03
    Region: "bulk"	RelError: 1.16481e-12	AbsError: 7.19764e+03
      Equation: "ElectronContinuityEquation"	RelError: 2.30073e-13	AbsError: 7.19665e+03
      Equation: "HoleContinuityEquation"	RelError: 8.03692e-13	AbsError: 9.84750e-01
      Equation: "PotentialEquation"	RelError: 1.31046e-13	AbsError: 4.60536e-16
    Region: "oxide"	RelError: 2.58319e-16	AbsError: 2.67706e-16
      Equation: "PotentialEquation"	RelError: 2.58319e-16	AbsError: 2.67706e-16
number of equations 6873
Iteration: 0
  Device: "part1_baseline"	RelError: 1.81947e+00	AbsError: 5.78756e+17
    Region: "bulk"	RelError: 1.80228e+00	AbsError: 5.78756e+17
      Equation: "ElectronContinuityEquation"	RelError: 2.12398e-01	AbsError: 5.78716e+17
      Equation: "HoleContinuityEquation"	RelError: 3.04410e-01	AbsError: 4.04260e+13
      Equation: "PotentialEquation"	RelError: 1.28547e+00	AbsError: 1.53121e-02
    Region: "oxide"	RelError: 1.71951e-02	AbsError: 2.00000e-02
      Equation: "PotentialEquation"	RelError: 1.71951e-02	AbsError: 2.00000e-02
Iteration: 1
  Device: "part1_baseline"	RelError: 6.31863e-02	AbsError: 3.83037e+15
    Region: "bulk"	RelError: 6.31154e-02	AbsError: 3.83037e+15
      Equation: "ElectronContinuityEquation"	RelError: 2.82622e-02	AbsError: 3.83012e+15
      Equation: "HoleContinuityEquation"	RelError: 3.32825e-02	AbsError: 2.50312e+11
      Equation: "PotentialEquation"	RelError: 1.57063e-03	AbsError: 8.01432e-05
    Region: "oxide"	RelError: 7.08714e-05	AbsError: 7.90645e-05
      Equation: "PotentialEquation"	RelError: 7.08714e-05	AbsError: 7.90645e-05
Iteration: 2
  Device: "part1_baseline"	RelError: 4.05407e-05	AbsError: 2.44412e+11
    Region: "bulk"	RelError: 4.05352e-05	AbsError: 2.44412e+11
      Equation: "ElectronContinuityEquation"	RelError: 1.24087e-05	AbsError: 2.44396e+11
      Equation: "HoleContinuityEquation"	RelError: 2.75034e-05	AbsError: 1.55894e+07
      Equation: "PotentialEquation"	RelError: 6.23050e-07	AbsError: 1.34704e-08
    Region: "oxide"	RelError: 5.50320e-09	AbsError: 6.57200e-09
      Equation: "PotentialEquation"	RelError: 5.50320e-09	AbsError: 6.57200e-09
Iteration: 3
  Device: "part1_baseline"	RelError: 1.00442e-12	AbsError: 6.70757e+03
    Region: "bulk"	RelError: 1.00418e-12	AbsError: 6.70757e+03
      Equation: "ElectronContinuityEquation"	RelError: 2.00155e-13	AbsError: 6.70667e+03
      Equation: "HoleContinuityEquation"	RelError: 7.69663e-13	AbsError: 8.99744e-01
      Equation: "PotentialEquation"	RelError: 3.43651e-14	AbsError: 4.43004e-16
    Region: "oxide"	RelError: 2.39153e-16	AbsError: 2.50764e-16
      Equation: "PotentialEquation"	RelError: 2.39153e-16	AbsError: 2.50764e-16
number of equations 6873
Iteration: 0
  Device: "part1_baseline"	RelError: 1.90274e+00	AbsError: 5.83132e+17
    Region: "bulk"	RelError: 1.88584e+00	AbsError: 5.83132e+17
      Equation: "ElectronContinuityEquation"	RelError: 2.09631e-01	AbsError: 5.83092e+17
      Equation: "HoleContinuityEquation"	RelError: 3.00140e-01	AbsError: 4.01388e+13
      Equation: "PotentialEquation"	RelError: 1.37607e+00	AbsError: 1.52442e-02
    Region: "oxide"	RelError: 1.69044e-02	AbsError: 2.00000e-02
      Equation: "PotentialEquation"	RelError: 1.69044e-02	AbsError: 2.00000e-02
Iteration: 1
  Device: "part1_baseline"	RelError: 6.11684e-02	AbsError: 3.76613e+15
    Region: "bulk"	RelError: 6.11005e-02	AbsError: 3.76613e+15
      Equation: "ElectronContinuityEquation"	RelError: 2.74109e-02	AbsError: 3.76588e+15
      Equation: "HoleContinuityEquation"	RelError: 3.23009e-02	AbsError: 2.44408e+11
      Equation: "PotentialEquation"	RelError: 1.38877e-03	AbsError: 7.92023e-05
    Region: "oxide"	RelError: 6.79464e-05	AbsError: 7.67044e-05
      Equation: "PotentialEquation"	RelError: 6.79464e-05	AbsError: 7.67044e-05
Iteration: 2
  Device: "part1_baseline"	RelError: 4.05728e-05	AbsError: 2.44326e+11
    Region: "bulk"	RelError: 4.05668e-05	AbsError: 2.44326e+11
      Equation: "ElectronContinuityEquation"	RelError: 1.14973e-05	AbsError: 2.44312e+11
      Equation: "HoleContinuityEquation"	RelError: 2.81460e-05	AbsError: 1.41070e+07
      Equation: "PotentialEquation"	RelError: 9.23468e-07	AbsError: 1.30515e-08
    Region: "oxide"	RelError: 5.91058e-09	AbsError: 7.14517e-09
      Equation: "PotentialEquation"	RelError: 5.91058e-09	AbsError: 7.14517e-09
Iteration: 3
  Device: "part1_baseline"	RelError: 9.50261e-13	AbsError: 6.23456e+03
    Region: "bulk"	RelError: 9.50033e-13	AbsError: 6.23456e+03
      Equation: "ElectronContinuityEquation"	RelError: 1.74944e-13	AbsError: 6.23371e+03
      Equation: "HoleContinuityEquation"	RelError: 7.32956e-13	AbsError: 8.53344e-01
      Equation: "PotentialEquation"	RelError: 4.21321e-14	AbsError: 4.37663e-16
    Region: "oxide"	RelError: 2.27898e-16	AbsError: 2.41715e-16
      Equation: "PotentialEquation"	RelError: 2.27898e-16	AbsError: 2.41715e-16
number of equations 6873
Iteration: 0
  Device: "part1_baseline"	RelError: 4.21195e+00	AbsError: 5.87249e+17
    Region: "bulk"	RelError: 4.19533e+00	AbsError: 5.87249e+17
      Equation: "ElectronContinuityEquation"	RelError: 2.06921e-01	AbsError: 5.87209e+17
      Equation: "HoleContinuityEquation"	RelError: 2.95998e-01	AbsError: 3.99204e+13
      Equation: "PotentialEquation"	RelError: 3.69241e+00	AbsError: 1.51741e-02
    Region: "oxide"	RelError: 1.66234e-02	AbsError: 2.00000e-02
      Equation: "PotentialEquation"	RelError: 1.66234e-02	AbsError: 2.00000e-02
Iteration: 1
  Device: "part1_baseline"	RelError: 6.17322e-02	AbsError: 3.74910e+15
    Region: "bulk"	RelError: 6.16672e-02	AbsError: 3.74910e+15
      Equation: "ElectronContinuityEquation"	RelError: 2.65918e-02	AbsError: 3.74887e+15
      Equation: "HoleContinuityEquation"	RelError: 3.15712e-02	AbsError: 2.38916e+11
      Equation: "PotentialEquation"	RelError: 3.50418e-03	AbsError: 7.86309e-05
    Region: "oxide"	RelError: 6.50326e-05	AbsError: 7.42697e-05
      Equation: "PotentialEquation"	RelError: 6.50326e-05	AbsError: 7.42697e-05
Iteration: 2
  Device: "part1_baseline"	RelError: 4.16685e-05	AbsError: 2.39949e+11
    Region: "bulk"	RelError: 4.16622e-05	AbsError: 2.39949e+11
      Equation: "ElectronContinuityEquation"	RelError: 1.06633e-05	AbsError: 2.39937e+11
      Equation: "HoleContinuityEquation"	RelError: 2.86994e-05	AbsError: 1.28195e+07
      Equation: "PotentialEquation"	RelError: 2.29948e-06	AbsError: 1.26396e-08
    Region: "oxide"	RelError: 6.25030e-09	AbsError: 7.64665e-09
      Equation: "PotentialEquation"	RelError: 6.25030e-09	AbsError: 7.64665e-09
Iteration: 3
  Device: "part1_baseline"	RelError: 9.70092e-13	AbsError: 5.82248e+03
    Region: "bulk"	RelError: 9.69870e-13	AbsError: 5.82248e+03
      Equation: "ElectronContinuityEquation"	RelError: 1.53488e-13	AbsError: 5.82165e+03
      Equation: "HoleContinuityEquation"	RelError: 7.05794e-13	AbsError: 8.30331e-01
      Equation: "PotentialEquation"	RelError: 1.10588e-13	AbsError: 4.34475e-16
    Region: "oxide"	RelError: 2.21974e-16	AbsError: 2.38088e-16
      Equation: "PotentialEquation"	RelError: 2.21974e-16	AbsError: 2.38088e-16
number of equations 6873
Iteration: 0
  Device: "part1_baseline"	RelError: 1.29973e+00	AbsError: 5.91126e+17
    Region: "bulk"	RelError: 1.28338e+00	AbsError: 5.91126e+17
      Equation: "ElectronContinuityEquation"	RelError: 2.04265e-01	AbsError: 5.91086e+17
      Equation: "HoleContinuityEquation"	RelError: 2.91951e-01	AbsError: 3.97048e+13
      Equation: "PotentialEquation"	RelError: 7.87162e-01	AbsError: 1.51017e-02
    Region: "oxide"	RelError: 1.63516e-02	AbsError: 2.00000e-02
      Equation: "PotentialEquation"	RelError: 1.63516e-02	AbsError: 2.00000e-02
Iteration: 1
  Device: "part1_baseline"	RelError: 5.74379e-02	AbsError: 3.71939e+15
    Region: "bulk"	RelError: 5.73757e-02	AbsError: 3.71939e+15
      Equation: "ElectronContinuityEquation"	RelError: 2.58035e-02	AbsError: 3.71916e+15
      Equation: "HoleContinuityEquation"	RelError: 3.08709e-02	AbsError: 2.34144e+11
      Equation: "PotentialEquation"	RelError: 7.01417e-04	AbsError: 7.85722e-05
    Region: "oxide"	RelError: 6.21599e-05	AbsError: 7.17968e-05
      Equation: "PotentialEquation"	RelError: 6.21599e-05	AbsError: 7.17968e-05
Iteration: 2
  Device: "part1_baseline"	RelError: 3.96657e-05	AbsError: 2.32190e+11
    Region: "bulk"	RelError: 3.96592e-05	AbsError: 2.32190e+11
      Equation: "ElectronContinuityEquation"	RelError: 9.89938e-06	AbsError: 2.32179e+11
      Equation: "HoleContinuityEquation"	RelError: 2.93072e-05	AbsError: 1.16936e+07
      Equation: "PotentialEquation"	RelError: 4.52683e-07	AbsError: 1.22274e-08
    Region: "oxide"	RelError: 6.49523e-09	AbsError: 8.03973e-09
      Equation: "PotentialEquation"	RelError: 6.49523e-09	AbsError: 8.03973e-09
Iteration: 3
  Device: "part1_baseline"	RelError: 8.48031e-13	AbsError: 5.46581e+03
    Region: "bulk"	RelError: 8.47814e-13	AbsError: 5.46581e+03
      Equation: "ElectronContinuityEquation"	RelError: 1.35052e-13	AbsError: 5.46500e+03
      Equation: "HoleContinuityEquation"	RelError: 6.89734e-13	AbsError: 8.15018e-01
      Equation: "PotentialEquation"	RelError: 2.30279e-14	AbsError: 4.28563e-16
    Region: "oxide"	RelError: 2.17835e-16	AbsError: 2.36227e-16
      Equation: "PotentialEquation"	RelError: 2.17835e-16	AbsError: 2.36227e-16
number of equations 6873
Iteration: 0
  Device: "part1_baseline"	RelError: 1.13271e+00	AbsError: 5.94780e+17
    Region: "bulk"	RelError: 1.11662e+00	AbsError: 5.94780e+17
      Equation: "ElectronContinuityEquation"	RelError: 2.01661e-01	AbsError: 5.94741e+17
      Equation: "HoleContinuityEquation"	RelError: 2.87970e-01	AbsError: 3.94912e+13
      Equation: "PotentialEquation"	RelError: 6.26990e-01	AbsError: 1.50270e-02
    Region: "oxide"	RelError: 1.60885e-02	AbsError: 2.00000e-02
      Equation: "PotentialEquation"	RelError: 1.60885e-02	AbsError: 2.00000e-02
Iteration: 1
  Device: "part1_baseline"	RelError: 5.59190e-02	AbsError: 3.67861e+15
    Region: "bulk"	RelError: 5.58597e-02	AbsError: 3.67861e+15
      Equation: "ElectronContinuityEquation"	RelError: 2.50447e-02	AbsError: 3.67838e+15
      Equation: "HoleContinuityEquation"	RelError: 3.01945e-02	AbsError: 2.30075e+11
      Equation: "PotentialEquation"	RelError: 6.20425e-04	AbsError: 7.84120e-05
    Region: "oxide"	RelError: 5.93504e-05	AbsError: 7.16665e-05
      Equation: "PotentialEquation"	RelError: 5.93504e-05	AbsError: 7.16665e-05
Iteration: 2
  Device: "part1_baseline"	RelError: 3.96053e-05	AbsError: 2.39120e+11
    Region: "bulk"	RelError: 3.95987e-05	AbsError: 2.39120e+11
      Equation: "ElectronContinuityEquation"	RelError: 9.19836e-06	AbsError: 2.39109e+11
      Equation: "HoleContinuityEquation"	RelError: 3.01655e-05	AbsError: 1.06961e+07
      Equation: "PotentialEquation"	RelError: 2.34806e-07	AbsError: 1.18587e-08
    Region: "oxide"	RelError: 6.62473e-09	AbsError: 8.29436e-09
      Equation: "PotentialEquation"	RelError: 6.62473e-09	AbsError: 8.29436e-09
Iteration: 3
  Device: "part1_baseline"	RelError: 8.01420e-13	AbsError: 5.51310e+03
    Region: "bulk"	RelError: 8.01193e-13	AbsError: 5.51310e+03
      Equation: "ElectronContinuityEquation"	RelError: 1.19103e-13	AbsError: 5.51231e+03
      Equation: "HoleContinuityEquation"	RelError: 6.69574e-13	AbsError: 7.94451e-01
      Equation: "PotentialEquation"	RelError: 1.25161e-14	AbsError: 4.18055e-16
    Region: "oxide"	RelError: 2.26911e-16	AbsError: 2.65007e-16
      Equation: "PotentialEquation"	RelError: 2.26911e-16	AbsError: 2.65007e-16
number of equations 6873
Iteration: 0
  Device: "part1_baseline"	RelError: 2.16828e+00	AbsError: 5.98227e+17
    Region: "bulk"	RelError: 2.15245e+00	AbsError: 5.98227e+17
      Equation: "ElectronContinuityEquation"	RelError: 1.99107e-01	AbsError: 5.98188e+17
      Equation: "HoleContinuityEquation"	RelError: 2.84026e-01	AbsError: 3.92791e+13
      Equation: "PotentialEquation"	RelError: 1.66931e+00	AbsError: 1.49499e-02
    Region: "oxide"	RelError: 1.58338e-02	AbsError: 2.00000e-02
      Equation: "PotentialEquation"	RelError: 1.58338e-02	AbsError: 2.00000e-02
Iteration: 1
  Device: "part1_baseline"	RelError: 5.54724e-02	AbsError: 3.62831e+15
    Region: "bulk"	RelError: 5.54156e-02	AbsError: 3.62831e+15
      Equation: "ElectronContinuityEquation"	RelError: 2.43147e-02	AbsError: 3.62808e+15
      Equation: "HoleContinuityEquation"	RelError: 2.95371e-02	AbsError: 2.26268e+11
      Equation: "PotentialEquation"	RelError: 1.56378e-03	AbsError: 7.78830e-05
    Region: "oxide"	RelError: 5.68190e-05	AbsError: 7.19401e-05
      Equation: "PotentialEquation"	RelError: 5.68190e-05	AbsError: 7.19401e-05
Iteration: 2
  Device: "part1_baseline"	RelError: 3.96972e-05	AbsError: 2.55775e+11
    Region: "bulk"	RelError: 3.96906e-05	AbsError: 2.55775e+11
      Equation: "ElectronContinuityEquation"	RelError: 8.55347e-06	AbsError: 2.55765e+11
      Equation: "HoleContinuityEquation"	RelError: 3.09458e-05	AbsError: 9.79715e+06
      Equation: "PotentialEquation"	RelError: 1.91376e-07	AbsError: 1.14991e-08
    Region: "oxide"	RelError: 6.62725e-09	AbsError: 8.39094e-09
      Equation: "PotentialEquation"	RelError: 6.62725e-09	AbsError: 8.39094e-09
Iteration: 3
  Device: "part1_baseline"	RelError: 7.83838e-13	AbsError: 6.31412e+03
    Region: "bulk"	RelError: 7.83600e-13	AbsError: 6.31412e+03
      Equation: "ElectronContinuityEquation"	RelError: 1.05260e-13	AbsError: 6.31336e+03
      Equation: "HoleContinuityEquation"	RelError: 6.52851e-13	AbsError: 7.60373e-01
      Equation: "PotentialEquation"	RelError: 2.54897e-14	AbsError: 4.00983e-16
    Region: "oxide"	RelError: 2.38188e-16	AbsError: 2.81207e-16
      Equation: "PotentialEquation"	RelError: 2.38188e-16	AbsError: 2.81207e-16
number of equations 6873
Iteration: 0
  Device: "part1_baseline"	RelError: 1.04799e+01	AbsError: 6.01481e+17
    Region: "bulk"	RelError: 1.04643e+01	AbsError: 6.01481e+17
      Equation: "ElectronContinuityEquation"	RelError: 1.96603e-01	AbsError: 6.01442e+17
      Equation: "HoleContinuityEquation"	RelError: 2.80091e-01	AbsError: 3.90679e+13
      Equation: "PotentialEquation"	RelError: 9.98765e+00	AbsError: 1.48703e-02
    Region: "oxide"	RelError: 1.55870e-02	AbsError: 2.00000e-02
      Equation: "PotentialEquation"	RelError: 1.55870e-02	AbsError: 2.00000e-02
Iteration: 1
  Device: "part1_baseline"	RelError: 6.18120e-02	AbsError: 3.56996e+15
    Region: "bulk"	RelError: 6.17558e-02	AbsError: 3.56996e+15
      Equation: "ElectronContinuityEquation"	RelError: 2.36128e-02	AbsError: 3.56974e+15
      Equation: "HoleContinuityEquation"	RelError: 2.88938e-02	AbsError: 2.22683e+11
      Equation: "PotentialEquation"	RelError: 9.24921e-03	AbsError: 7.69862e-05
    Region: "oxide"	RelError: 5.61888e-05	AbsError: 7.19263e-05
      Equation: "PotentialEquation"	RelError: 5.61888e-05	AbsError: 7.19263e-05
Iteration: 2
  Device: "part1_baseline"	RelError: 4.14095e-05	AbsError: 2.66733e+11
    Region: "bulk"	RelError: 4.14030e-05	AbsError: 2.66733e+11
      Equation: "ElectronContinuityEquation"	RelError: 7.95832e-06	AbsError: 2.66724e+11
      Equation: "HoleContinuityEquation"	RelError: 3.16392e-05	AbsError: 8.97200e+06
      Equation: "PotentialEquation"	RelError: 1.80554e-06	AbsError: 1.11132e-08
    Region: "oxide"	RelError: 6.50166e-09	AbsError: 8.32265e-09
      Equation: "PotentialEquation"	RelError: 6.50166e-09	AbsError: 8.32265e-09
Iteration: 3
  Device: "part1_baseline"	RelError: 9.15937e-13	AbsError: 6.70980e+03
    Region: "bulk"	RelError: 9.15700e-13	AbsError: 6.70980e+03
      Equation: "ElectronContinuityEquation"	RelError: 9.32381e-14	AbsError: 6.70909e+03
      Equation: "HoleContinuityEquation"	RelError: 6.34708e-13	AbsError: 7.09818e-01
      Equation: "PotentialEquation"	RelError: 1.87754e-13	AbsError: 3.75083e-16
    Region: "oxide"	RelError: 2.36687e-16	AbsError: 2.82415e-16
      Equation: "PotentialEquation"	RelError: 2.36687e-16	AbsError: 2.82415e-16
number of equations 6873
Iteration: 0
  Device: "part1_baseline"	RelError: 1.59828e+00	AbsError: 6.04554e+17
    Region: "bulk"	RelError: 1.58294e+00	AbsError: 6.04554e+17
      Equation: "ElectronContinuityEquation"	RelError: 1.94148e-01	AbsError: 6.04515e+17
      Equation: "HoleContinuityEquation"	RelError: 2.76136e-01	AbsError: 3.88572e+13
      Equation: "PotentialEquation"	RelError: 1.11265e+00	AbsError: 1.47882e-02
    Region: "oxide"	RelError: 1.53478e-02	AbsError: 2.00000e-02
      Equation: "PotentialEquation"	RelError: 1.53478e-02	AbsError: 2.00000e-02
Iteration: 1
  Device: "part1_baseline"	RelError: 5.22581e-02	AbsError: 3.50495e+15
    Region: "bulk"	RelError: 5.22027e-02	AbsError: 3.50495e+15
      Equation: "ElectronContinuityEquation"	RelError: 2.29382e-02	AbsError: 3.50473e+15
      Equation: "HoleContinuityEquation"	RelError: 2.82604e-02	AbsError: 2.19286e+11
      Equation: "PotentialEquation"	RelError: 1.00416e-03	AbsError: 7.57361e-05
    Region: "oxide"	RelError: 5.53569e-05	AbsError: 7.16258e-05
      Equation: "PotentialEquation"	RelError: 5.53569e-05	AbsError: 7.16258e-05
Iteration: 2
  Device: "part1_baseline"	RelError: 3.99912e-05	AbsError: 2.72381e+11
    Region: "bulk"	RelError: 3.99849e-05	AbsError: 2.72381e+11
      Equation: "ElectronContinuityEquation"	RelError: 7.40707e-06	AbsError: 2.72373e+11
      Equation: "HoleContinuityEquation"	RelError: 3.22378e-05	AbsError: 8.20261e+06
      Equation: "PotentialEquation"	RelError: 3.40107e-07	AbsError: 1.06991e-08
    Region: "oxide"	RelError: 6.25708e-09	AbsError: 8.09598e-09
      Equation: "PotentialEquation"	RelError: 6.25708e-09	AbsError: 8.09598e-09
Iteration: 3
  Device: "part1_baseline"	RelError: 7.15716e-13	AbsError: 6.72237e+03
    Region: "bulk"	RelError: 7.15492e-13	AbsError: 6.72237e+03
      Equation: "ElectronContinuityEquation"	RelError: 8.27962e-14	AbsError: 6.72173e+03
      Equation: "HoleContinuityEquation"	RelError: 6.13373e-13	AbsError: 6.44540e-01
      Equation: "PotentialEquation"	RelError: 1.93229e-14	AbsError: 3.42269e-16
    Region: "oxide"	RelError: 2.24026e-16	AbsError: 2.70100e-16
      Equation: "PotentialEquation"	RelError: 2.24026e-16	AbsError: 2.70100e-16
number of equations 6873
Iteration: 0
  Device: "part1_baseline"	RelError: 1.53057e+00	AbsError: 6.07459e+17
    Region: "bulk"	RelError: 1.51546e+00	AbsError: 6.07459e+17
      Equation: "ElectronContinuityEquation"	RelError: 1.91742e-01	AbsError: 6.07421e+17
      Equation: "HoleContinuityEquation"	RelError: 2.72136e-01	AbsError: 3.86466e+13
      Equation: "PotentialEquation"	RelError: 1.05158e+00	AbsError: 1.47034e-02
    Region: "oxide"	RelError: 1.51158e-02	AbsError: 2.00000e-02
      Equation: "PotentialEquation"	RelError: 1.51158e-02	AbsError: 2.00000e-02
Iteration: 1
  Device: "part1_baseline"	RelError: 5.06662e-02	AbsError: 3.51024e+15
    Region: "bulk"	RelError: 5.06119e-02	AbsError: 3.51024e+15
      Equation: "ElectronContinuityEquation"	RelError: 2.22903e-02	AbsError: 3.51002e+15
      Equation: "HoleContinuityEquation"	RelError: 2.76324e-02	AbsError: 2.16048e+11
      Equation: "PotentialEquation"	RelError: 6.89222e-04	AbsError: 7.41599e-05
    Region: "oxide"	RelError: 5.43373e-05	AbsError: 7.10493e-05
      Equation: "PotentialEquation"	RelError: 5.43373e-05	AbsError: 7.10493e-05
Iteration: 2
  Device: "part1_baseline"	RelError: 4.02878e-05	AbsError: 2.73213e+11
    Region: "bulk"	RelError: 4.02818e-05	AbsError: 2.73213e+11
      Equation: "ElectronContinuityEquation"	RelError: 6.89449e-06	AbsError: 2.73206e+11
      Equation: "HoleContinuityEquation"	RelError: 3.27356e-05	AbsError: 7.47807e+06
      Equation: "PotentialEquation"	RelError: 6.51776e-07	AbsError: 1.02585e-08
    Region: "oxide"	RelError: 5.91128e-09	AbsError: 7.72935e-09
      Equation: "PotentialEquation"	RelError: 5.91128e-09	AbsError: 7.72935e-09
Iteration: 3
  Device: "part1_baseline"	RelError: 6.88825e-13	AbsError: 6.41379e+03
    Region: "bulk"	RelError: 6.88622e-13	AbsError: 6.41379e+03
      Equation: "ElectronContinuityEquation"	RelError: 7.36989e-14	AbsError: 6.41322e+03
      Equation: "HoleContinuityEquation"	RelError: 5.89308e-13	AbsError: 5.69630e-01
      Equation: "PotentialEquation"	RelError: 2.56152e-14	AbsError: 3.05519e-16
    Region: "oxide"	RelError: 2.03262e-16	AbsError: 2.47574e-16
      Equation: "PotentialEquation"	RelError: 2.03262e-16	AbsError: 2.47574e-16
number of equations 6873
Iteration: 0
  Device: "part1_baseline"	RelError: 2.16640e+01	AbsError: 6.10208e+17
    Region: "bulk"	RelError: 2.16491e+01	AbsError: 6.10208e+17
      Equation: "ElectronContinuityEquation"	RelError: 1.89387e-01	AbsError: 6.10169e+17
      Equation: "HoleContinuityEquation"	RelError: 2.68064e-01	AbsError: 3.84357e+13
      Equation: "PotentialEquation"	RelError: 2.11916e+01	AbsError: 1.46160e-02
    Region: "oxide"	RelError: 1.48907e-02	AbsError: 2.00000e-02
      Equation: "PotentialEquation"	RelError: 1.48907e-02	AbsError: 2.00000e-02
Iteration: 1
  Device: "part1_baseline"	RelError: 6.20834e-02	AbsError: 3.52063e+15
    Region: "bulk"	RelError: 6.20302e-02	AbsError: 3.52063e+15
      Equation: "ElectronContinuityEquation"	RelError: 2.16682e-02	AbsError: 3.52041e+15
      Equation: "HoleContinuityEquation"	RelError: 2.70059e-02	AbsError: 2.12948e+11
      Equation: "PotentialEquation"	RelError: 1.33561e-02	AbsError: 7.22957e-05
    Region: "oxide"	RelError: 5.31508e-05	AbsError: 7.02167e-05
      Equation: "PotentialEquation"	RelError: 5.31508e-05	AbsError: 7.02167e-05
Iteration: 2
  Device: "part1_baseline"	RelError: 5.19971e-05	AbsError: 2.69815e+11
    Region: "bulk"	RelError: 5.19916e-05	AbsError: 2.69815e+11
      Equation: "ElectronContinuityEquation"	RelError: 6.41608e-06	AbsError: 2.69809e+11
      Equation: "HoleContinuityEquation"	RelError: 3.31295e-05	AbsError: 6.79409e+06
      Equation: "PotentialEquation"	RelError: 1.24460e-05	AbsError: 9.79593e-09
    Region: "oxide"	RelError: 5.48813e-09	AbsError: 7.25030e-09
      Equation: "PotentialEquation"	RelError: 5.48813e-09	AbsError: 7.25030e-09
Iteration: 3
  Device: "part1_baseline"	RelError: 1.08500e-12	AbsError: 5.87186e+03
    Region: "bulk"	RelError: 1.08482e-12	AbsError: 5.87186e+03
      Equation: "ElectronContinuityEquation"	RelError: 6.57057e-14	AbsError: 5.87137e+03
      Equation: "HoleContinuityEquation"	RelError: 5.63078e-13	AbsError: 4.91791e-01
      Equation: "PotentialEquation"	RelError: 4.56039e-13	AbsError: 2.68149e-16
    Region: "oxide"	RelError: 1.78040e-16	AbsError: 2.19031e-16
      Equation: "PotentialEquation"	RelError: 1.78040e-16	AbsError: 2.19031e-16
number of equations 6873
Iteration: 0
  Device: "part1_baseline"	RelError: 1.81976e+00	AbsError: 6.12809e+17
    Region: "bulk"	RelError: 1.80509e+00	AbsError: 6.12809e+17
      Equation: "ElectronContinuityEquation"	RelError: 1.88549e-01	AbsError: 6.12771e+17
      Equation: "HoleContinuityEquation"	RelError: 2.63896e-01	AbsError: 3.82243e+13
      Equation: "PotentialEquation"	RelError: 1.35264e+00	AbsError: 1.45258e-02
    Region: "oxide"	RelError: 1.46722e-02	AbsError: 2.00000e-02
      Equation: "PotentialEquation"	RelError: 1.46722e-02	AbsError: 2.00000e-02
Iteration: 1
  Device: "part1_baseline"	RelError: 4.86024e-02	AbsError: 3.51772e+15
    Region: "bulk"	RelError: 4.85506e-02	AbsError: 3.51772e+15
      Equation: "ElectronContinuityEquation"	RelError: 2.10708e-02	AbsError: 3.51751e+15
      Equation: "HoleContinuityEquation"	RelError: 2.63772e-02	AbsError: 2.09968e+11
      Equation: "PotentialEquation"	RelError: 1.10264e-03	AbsError: 7.01906e-05
    Region: "oxide"	RelError: 5.18226e-05	AbsError: 6.91559e-05
      Equation: "PotentialEquation"	RelError: 5.18226e-05	AbsError: 6.91559e-05
Iteration: 2
  Device: "part1_baseline"	RelError: 3.99100e-05	AbsError: 2.62841e+11
    Region: "bulk"	RelError: 3.99050e-05	AbsError: 2.62841e+11
      Equation: "ElectronContinuityEquation"	RelError: 5.96802e-06	AbsError: 2.62835e+11
      Equation: "HoleContinuityEquation"	RelError: 3.34199e-05	AbsError: 6.15163e+06
      Equation: "PotentialEquation"	RelError: 5.17012e-07	AbsError: 9.32447e-09
    Region: "oxide"	RelError: 5.01450e-09	AbsError: 6.69171e-09
      Equation: "PotentialEquation"	RelError: 5.01450e-09	AbsError: 6.69171e-09
Iteration: 3
  Device: "part1_baseline"	RelError: 6.11551e-13	AbsError: 5.19445e+03
    Region: "bulk"	RelError: 6.11399e-13	AbsError: 5.19445e+03
      Equation: "ElectronContinuityEquation"	RelError: 5.85789e-14	AbsError: 5.19403e+03
      Equation: "HoleContinuityEquation"	RelError: 5.35339e-13	AbsError: 4.17678e-01
      Equation: "PotentialEquation"	RelError: 1.74813e-14	AbsError: 2.33165e-16
    Region: "oxide"	RelError: 1.51847e-16	AbsError: 1.88648e-16
      Equation: "PotentialEquation"	RelError: 1.51847e-16	AbsError: 1.88648e-16
number of equations 6873
Iteration: 0
  Device: "part1_baseline"	RelError: 1.03657e+00	AbsError: 6.15273e+17
    Region: "bulk"	RelError: 1.02211e+00	AbsError: 6.15273e+17
      Equation: "ElectronContinuityEquation"	RelError: 1.87681e-01	AbsError: 6.15235e+17
      Equation: "HoleContinuityEquation"	RelError: 2.59609e-01	AbsError: 3.80121e+13
      Equation: "PotentialEquation"	RelError: 5.74819e-01	AbsError: 1.44329e-02
    Region: "oxide"	RelError: 1.44600e-02	AbsError: 2.00000e-02
      Equation: "PotentialEquation"	RelError: 1.44600e-02	AbsError: 2.00000e-02
Iteration: 1
  Device: "part1_baseline"	RelError: 4.67461e-02	AbsError: 3.50277e+15
    Region: "bulk"	RelError: 4.66957e-02	AbsError: 3.50277e+15
      Equation: "ElectronContinuityEquation"	RelError: 2.04967e-02	AbsError: 3.50256e+15
      Equation: "HoleContinuityEquation"	RelError: 2.57427e-02	AbsError: 2.07095e+11
      Equation: "PotentialEquation"	RelError: 4.56339e-04	AbsError: 6.79003e-05
    Region: "oxide"	RelError: 5.03815e-05	AbsError: 6.79003e-05
      Equation: "PotentialEquation"	RelError: 5.03815e-05	AbsError: 6.79003e-05
Iteration: 2
  Device: "part1_baseline"	RelError: 3.94086e-05	AbsError: 2.52986e+11
    Region: "bulk"	RelError: 3.94041e-05	AbsError: 2.52986e+11
      Equation: "ElectronContinuityEquation"	RelError: 5.54721e-06	AbsError: 2.52980e+11
      Equation: "HoleContinuityEquation"	RelError: 3.36105e-05	AbsError: 5.55508e+06
      Equation: "PotentialEquation"	RelError: 2.46346e-07	AbsError: 8.87856e-09
    Region: "oxide"	RelError: 4.51721e-09	AbsError: 6.08796e-09
      Equation: "PotentialEquation"	RelError: 4.51721e-09	AbsError: 6.08796e-09
Iteration: 3
  Device: "part1_baseline"	RelError: 5.66701e-13	AbsError: 4.47469e+03
    Region: "bulk"	RelError: 5.66574e-13	AbsError: 4.47469e+03
      Equation: "ElectronContinuityEquation"	RelError: 5.21010e-14	AbsError: 4.47434e+03
      Equation: "HoleContinuityEquation"	RelError: 5.06793e-13	AbsError: 3.52638e-01
      Equation: "PotentialEquation"	RelError: 7.67951e-15	AbsError: 2.02799e-16
    Region: "oxide"	RelError: 1.27492e-16	AbsError: 1.59920e-16
      Equation: "PotentialEquation"	RelError: 1.27492e-16	AbsError: 1.59920e-16
number of equations 6873
Iteration: 0
  Device: "part1_baseline"	RelError: 8.75105e-01	AbsError: 6.17608e+17
    Region: "bulk"	RelError: 8.60852e-01	AbsError: 6.17608e+17
      Equation: "ElectronContinuityEquation"	RelError: 1.86588e-01	AbsError: 6.17570e+17
      Equation: "HoleContinuityEquation"	RelError: 2.55180e-01	AbsError: 3.77990e+13
      Equation: "PotentialEquation"	RelError: 4.19084e-01	AbsError: 1.43371e-02
    Region: "oxide"	RelError: 1.42539e-02	AbsError: 2.00000e-02
      Equation: "PotentialEquation"	RelError: 1.42539e-02	AbsError: 2.00000e-02
Iteration: 1
  Device: "part1_baseline"	RelError: 4.53756e-02	AbsError: 3.47711e+15
    Region: "bulk"	RelError: 4.53267e-02	AbsError: 3.47711e+15
      Equation: "ElectronContinuityEquation"	RelError: 1.99442e-02	AbsError: 3.47690e+15
      Equation: "HoleContinuityEquation"	RelError: 2.50993e-02	AbsError: 2.04321e+11
      Equation: "PotentialEquation"	RelError: 2.83173e-04	AbsError: 6.64868e-05
    Region: "oxide"	RelError: 4.88572e-05	AbsError: 6.64868e-05
      Equation: "PotentialEquation"	RelError: 4.88572e-05	AbsError: 6.64868e-05
Iteration: 2
  Device: "part1_baseline"	RelError: 3.90177e-05	AbsError: 2.40954e+11
    Region: "bulk"	RelError: 3.90137e-05	AbsError: 2.40954e+11
      Equation: "ElectronContinuityEquation"	RelError: 5.15118e-06	AbsError: 2.40949e+11
      Equation: "HoleContinuityEquation"	RelError: 3.37083e-05	AbsError: 5.01035e+06
      Equation: "PotentialEquation"	RelError: 1.54196e-07	AbsError: 8.42708e-09
    Region: "oxide"	RelError: 4.02055e-09	AbsError: 5.47133e-09
      Equation: "PotentialEquation"	RelError: 4.02055e-09	AbsError: 5.47133e-09
Iteration: 3
  Device: "part1_baseline"	RelError: 5.28812e-13	AbsError: 3.78964e+03
    Region: "bulk"	RelError: 5.28706e-13	AbsError: 3.78964e+03
      Equation: "ElectronContinuityEquation"	RelError: 4.60936e-14	AbsError: 3.78934e+03
      Equation: "HoleContinuityEquation"	RelError: 4.78134e-13	AbsError: 3.00041e-01
      Equation: "PotentialEquation"	RelError: 4.47792e-15	AbsError: 1.78307e-16
    Region: "oxide"	RelError: 1.06841e-16	AbsError: 1.35288e-16
      Equation: "PotentialEquation"	RelError: 1.06841e-16	AbsError: 1.35288e-16
number of equations 6873
Iteration: 0
  Device: "part1_baseline"	RelError: 1.17065e+00	AbsError: 6.19822e+17
    Region: "bulk"	RelError: 1.15659e+00	AbsError: 6.19822e+17
      Equation: "ElectronContinuityEquation"	RelError: 1.85795e-01	AbsError: 6.19785e+17
      Equation: "HoleContinuityEquation"	RelError: 2.50589e-01	AbsError: 3.75846e+13
      Equation: "PotentialEquation"	RelError: 7.20208e-01	AbsError: 1.42384e-02
    Region: "oxide"	RelError: 1.40536e-02	AbsError: 2.00000e-02
      Equation: "PotentialEquation"	RelError: 1.40536e-02	AbsError: 2.00000e-02
Iteration: 1
  Device: "part1_baseline"	RelError: 4.43562e-02	AbsError: 3.44212e+15
    Region: "bulk"	RelError: 4.43089e-02	AbsError: 3.44212e+15
      Equation: "ElectronContinuityEquation"	RelError: 1.94115e-02	AbsError: 3.44192e+15
      Equation: "HoleContinuityEquation"	RelError: 2.44441e-02	AbsError: 2.01637e+11
      Equation: "PotentialEquation"	RelError: 4.53255e-04	AbsError: 6.49537e-05
    Region: "oxide"	RelError: 4.72794e-05	AbsError: 6.49537e-05
      Equation: "PotentialEquation"	RelError: 4.72794e-05	AbsError: 6.49537e-05
Iteration: 2
  Device: "part1_baseline"	RelError: 3.86127e-05	AbsError: 2.56009e+11
    Region: "bulk"	RelError: 3.86092e-05	AbsError: 2.56009e+11
      Equation: "ElectronContinuityEquation"	RelError: 4.77800e-06	AbsError: 2.56004e+11
      Equation: "HoleContinuityEquation"	RelError: 3.37229e-05	AbsError: 4.52311e+06
      Equation: "PotentialEquation"	RelError: 1.08296e-07	AbsError: 7.97843e-09
    Region: "oxide"	RelError: 3.54442e-09	AbsError: 4.86942e-09
      Equation: "PotentialEquation"	RelError: 3.54442e-09	AbsError: 4.86942e-09
Iteration: 3
  Device: "part1_baseline"	RelError: 4.94327e-13	AbsError: 3.19382e+03
    Region: "bulk"	RelError: 4.94236e-13	AbsError: 3.19382e+03
      Equation: "ElectronContinuityEquation"	RelError: 4.04285e-14	AbsError: 3.19356e+03
      Equation: "HoleContinuityEquation"	RelError: 4.49986e-13	AbsError: 2.61145e-01
      Equation: "PotentialEquation"	RelError: 3.82154e-15	AbsError: 1.59998e-16
    Region: "oxide"	RelError: 9.07963e-17	AbsError: 1.16044e-16
      Equation: "PotentialEquation"	RelError: 9.07963e-17	AbsError: 1.16044e-16
number of equations 6873
Iteration: 0
  Device: "part1_baseline"	RelError: 3.00994e+00	AbsError: 6.21923e+17
    Region: "bulk"	RelError: 2.99608e+00	AbsError: 6.21923e+17
      Equation: "ElectronContinuityEquation"	RelError: 1.85885e-01	AbsError: 6.21886e+17
      Equation: "HoleContinuityEquation"	RelError: 2.45821e-01	AbsError: 3.73689e+13
      Equation: "PotentialEquation"	RelError: 2.56437e+00	AbsError: 1.41369e-02
    Region: "oxide"	RelError: 1.38589e-02	AbsError: 2.00000e-02
      Equation: "PotentialEquation"	RelError: 1.38589e-02	AbsError: 2.00000e-02
Iteration: 1
  Device: "part1_baseline"	RelError: 4.42439e-02	AbsError: 3.39918e+15
    Region: "bulk"	RelError: 4.41982e-02	AbsError: 3.39918e+15
      Equation: "ElectronContinuityEquation"	RelError: 1.88967e-02	AbsError: 3.39898e+15
      Equation: "HoleContinuityEquation"	RelError: 2.37746e-02	AbsError: 1.99039e+11
      Equation: "PotentialEquation"	RelError: 1.52692e-03	AbsError: 6.33380e-05
    Region: "oxide"	RelError: 4.56758e-05	AbsError: 6.33380e-05
      Equation: "PotentialEquation"	RelError: 4.56758e-05	AbsError: 6.33380e-05
Iteration: 2
  Device: "part1_baseline"	RelError: 3.82592e-05	AbsError: 2.81674e+11
    Region: "bulk"	RelError: 3.82561e-05	AbsError: 2.81674e+11
      Equation: "ElectronContinuityEquation"	RelError: 4.42622e-06	AbsError: 2.81670e+11
      Equation: "HoleContinuityEquation"	RelError: 3.37466e-05	AbsError: 4.09795e+06
      Equation: "PotentialEquation"	RelError: 8.33155e-08	AbsError: 7.54009e-09
    Region: "oxide"	RelError: 3.10345e-09	AbsError: 4.30351e-09
      Equation: "PotentialEquation"	RelError: 3.10345e-09	AbsError: 4.30351e-09
Iteration: 3
  Device: "part1_baseline"	RelError: 4.69887e-13	AbsError: 3.42490e+03
    Region: "bulk"	RelError: 4.69807e-13	AbsError: 3.42490e+03
      Equation: "ElectronContinuityEquation"	RelError: 3.50294e-14	AbsError: 3.42466e+03
      Equation: "HoleContinuityEquation"	RelError: 4.22853e-13	AbsError: 2.35394e-01
      Equation: "PotentialEquation"	RelError: 1.19252e-14	AbsError: 1.47424e-16
    Region: "oxide"	RelError: 7.94395e-17	AbsError: 1.02459e-16
      Equation: "PotentialEquation"	RelError: 7.94395e-17	AbsError: 1.02459e-16
number of equations 6873
Iteration: 0
  Device: "part1_baseline"	RelError: 2.13222e+00	AbsError: 6.23918e+17
    Region: "bulk"	RelError: 2.11856e+00	AbsError: 6.23918e+17
      Equation: "ElectronContinuityEquation"	RelError: 1.85855e-01	AbsError: 6.23881e+17
      Equation: "HoleContinuityEquation"	RelError: 2.40862e-01	AbsError: 3.71517e+13
      Equation: "PotentialEquation"	RelError: 1.69184e+00	AbsError: 1.40325e-02
    Region: "oxide"	RelError: 1.36694e-02	AbsError: 2.00000e-02
      Equation: "PotentialEquation"	RelError: 1.36694e-02	AbsError: 2.00000e-02
Iteration: 1
  Device: "part1_baseline"	RelError: 4.25692e-02	AbsError: 3.34964e+15
    Region: "bulk"	RelError: 4.25252e-02	AbsError: 3.34964e+15
      Equation: "ElectronContinuityEquation"	RelError: 1.83976e-02	AbsError: 3.34944e+15
      Equation: "HoleContinuityEquation"	RelError: 2.30889e-02	AbsError: 1.96520e+11
      Equation: "PotentialEquation"	RelError: 1.03869e-03	AbsError: 6.16742e-05
    Region: "oxide"	RelError: 4.40713e-05	AbsError: 6.16742e-05
      Equation: "PotentialEquation"	RelError: 4.40713e-05	AbsError: 6.16742e-05
Iteration: 2
  Device: "part1_baseline"	RelError: 3.81960e-05	AbsError: 3.01324e+11
    Region: "bulk"	RelError: 3.81933e-05	AbsError: 3.01324e+11
      Equation: "ElectronContinuityEquation"	RelError: 4.09474e-06	AbsError: 3.01321e+11
      Equation: "HoleContinuityEquation"	RelError: 3.40349e-05	AbsError: 3.74075e+06
      Equation: "PotentialEquation"	RelError: 6.36016e-08	AbsError: 7.11808e-09
    Region: "oxide"	RelError: 2.73894e-09	AbsError: 4.15819e-09
      Equation: "PotentialEquation"	RelError: 2.73894e-09	AbsError: 4.15819e-09
Iteration: 3
  Device: "part1_baseline"	RelError: 4.34836e-13	AbsError: 4.07241e+03
    Region: "bulk"	RelError: 4.34764e-13	AbsError: 4.07241e+03
      Equation: "ElectronContinuityEquation"	RelError: 2.98675e-14	AbsError: 4.07219e+03
      Equation: "HoleContinuityEquation"	RelError: 3.97085e-13	AbsError: 2.20938e-01
      Equation: "PotentialEquation"	RelError: 7.81128e-15	AbsError: 1.40197e-16
    Region: "oxide"	RelError: 7.22594e-17	AbsError: 9.66328e-17
      Equation: "PotentialEquation"	RelError: 7.22594e-17	AbsError: 9.66328e-17
number of equations 6873
Iteration: 0
  Device: "part1_baseline"	RelError: 1.06347e+00	AbsError: 6.25812e+17
    Region: "bulk"	RelError: 1.04998e+00	AbsError: 6.25812e+17
      Equation: "ElectronContinuityEquation"	RelError: 1.85695e-01	AbsError: 6.25776e+17
      Equation: "HoleContinuityEquation"	RelError: 2.35826e-01	AbsError: 3.69326e+13
      Equation: "PotentialEquation"	RelError: 6.28463e-01	AbsError: 1.39252e-02
    Region: "oxide"	RelError: 1.34851e-02	AbsError: 2.00000e-02
      Equation: "PotentialEquation"	RelError: 1.34851e-02	AbsError: 2.00000e-02
Iteration: 1
  Device: "part1_baseline"	RelError: 4.07214e-02	AbsError: 3.29479e+15
    Region: "bulk"	RelError: 4.06789e-02	AbsError: 3.29479e+15
      Equation: "ElectronContinuityEquation"	RelError: 1.79125e-02	AbsError: 3.29459e+15
      Equation: "HoleContinuityEquation"	RelError: 2.23853e-02	AbsError: 1.94076e+11
      Equation: "PotentialEquation"	RelError: 3.81175e-04	AbsError: 6.07797e-05
    Region: "oxide"	RelError: 4.24869e-05	AbsError: 5.99928e-05
      Equation: "PotentialEquation"	RelError: 4.24869e-05	AbsError: 5.99928e-05
Iteration: 2
  Device: "part1_baseline"	RelError: 3.81302e-05	AbsError: 3.15076e+11
    Region: "bulk"	RelError: 3.81272e-05	AbsError: 3.15076e+11
      Equation: "ElectronContinuityEquation"	RelError: 3.78276e-06	AbsError: 3.15073e+11
      Equation: "HoleContinuityEquation"	RelError: 3.42861e-05	AbsError: 3.44175e+06
      Equation: "PotentialEquation"	RelError: 5.83667e-08	AbsError: 6.71663e-09
    Region: "oxide"	RelError: 2.98053e-09	AbsError: 4.56630e-09
      Equation: "PotentialEquation"	RelError: 2.98053e-09	AbsError: 4.56630e-09
Iteration: 3
  Device: "part1_baseline"	RelError: 4.00752e-13	AbsError: 4.55971e+03
    Region: "bulk"	RelError: 4.00677e-13	AbsError: 4.55971e+03
      Equation: "ElectronContinuityEquation"	RelError: 2.49521e-14	AbsError: 4.55950e+03
      Equation: "HoleContinuityEquation"	RelError: 3.72866e-13	AbsError: 2.15253e-01
      Equation: "PotentialEquation"	RelError: 2.85894e-15	AbsError: 1.37400e-16
    Region: "oxide"	RelError: 7.55679e-17	AbsError: 1.06704e-16
      Equation: "PotentialEquation"	RelError: 7.55679e-17	AbsError: 1.06704e-16
number of equations 6873
Iteration: 0
  Device: "part1_baseline"	RelError: 8.18663e-01	AbsError: 6.27613e+17
    Region: "bulk"	RelError: 8.05358e-01	AbsError: 6.27613e+17
      Equation: "ElectronContinuityEquation"	RelError: 1.85388e-01	AbsError: 6.27576e+17
      Equation: "HoleContinuityEquation"	RelError: 2.34242e-01	AbsError: 3.67117e+13
      Equation: "PotentialEquation"	RelError: 3.85727e-01	AbsError: 1.38151e-02
    Region: "oxide"	RelError: 1.33056e-02	AbsError: 2.00000e-02
      Equation: "PotentialEquation"	RelError: 1.33056e-02	AbsError: 2.00000e-02
Iteration: 1
  Device: "part1_baseline"	RelError: 3.93760e-02	AbsError: 3.29196e+15
    Region: "bulk"	RelError: 3.93351e-02	AbsError: 3.29196e+15
      Equation: "ElectronContinuityEquation"	RelError: 1.74396e-02	AbsError: 3.29177e+15
      Equation: "HoleContinuityEquation"	RelError: 2.16630e-02	AbsError: 1.91699e+11
      Equation: "PotentialEquation"	RelError: 2.32460e-04	AbsError: 6.17385e-05
    Region: "oxide"	RelError: 4.09393e-05	AbsError: 5.83191e-05
      Equation: "PotentialEquation"	RelError: 4.09393e-05	AbsError: 5.83191e-05
Iteration: 2
  Device: "part1_baseline"	RelError: 3.80668e-05	AbsError: 3.23286e+11
    Region: "bulk"	RelError: 3.80636e-05	AbsError: 3.23286e+11
      Equation: "ElectronContinuityEquation"	RelError: 3.48966e-06	AbsError: 3.23283e+11
      Equation: "HoleContinuityEquation"	RelError: 3.45033e-05	AbsError: 3.19683e+06
      Equation: "PotentialEquation"	RelError: 7.05944e-08	AbsError: 6.82464e-09
    Region: "oxide"	RelError: 3.22301e-09	AbsError: 4.98215e-09
      Equation: "PotentialEquation"	RelError: 3.22301e-09	AbsError: 4.98215e-09
Iteration: 3
  Device: "part1_baseline"	RelError: 3.79694e-13	AbsError: 4.88393e+03
    Region: "bulk"	RelError: 3.79611e-13	AbsError: 4.88393e+03
      Equation: "ElectronContinuityEquation"	RelError: 2.03219e-14	AbsError: 4.88371e+03
      Equation: "HoleContinuityEquation"	RelError: 3.56698e-13	AbsError: 2.15885e-01
      Equation: "PotentialEquation"	RelError: 2.59107e-15	AbsError: 1.36789e-16
    Region: "oxide"	RelError: 8.26557e-17	AbsError: 1.17745e-16
      Equation: "PotentialEquation"	RelError: 8.26557e-17	AbsError: 1.17745e-16
number of equations 6873
Iteration: 0
  Device: "part1_baseline"	RelError: 8.27299e-01	AbsError: 6.29325e+17
    Region: "bulk"	RelError: 8.14168e-01	AbsError: 6.29325e+17
      Equation: "ElectronContinuityEquation"	RelError: 1.84919e-01	AbsError: 6.29289e+17
      Equation: "HoleContinuityEquation"	RelError: 2.32674e-01	AbsError: 3.64887e+13
      Equation: "PotentialEquation"	RelError: 3.96575e-01	AbsError: 1.37024e-02
    Region: "oxide"	RelError: 1.31309e-02	AbsError: 2.00000e-02
      Equation: "PotentialEquation"	RelError: 1.31309e-02	AbsError: 2.00000e-02
Iteration: 1
  Device: "part1_baseline"	RelError: 3.82083e-02	AbsError: 3.34603e+15
    Region: "bulk"	RelError: 3.81688e-02	AbsError: 3.34603e+15
      Equation: "ElectronContinuityEquation"	RelError: 1.69776e-02	AbsError: 3.34584e+15
      Equation: "HoleContinuityEquation"	RelError: 2.09219e-02	AbsError: 1.89382e+11
      Equation: "PotentialEquation"	RelError: 2.69351e-04	AbsError: 6.25477e-05
    Region: "oxide"	RelError: 3.94412e-05	AbsError: 5.74020e-05
      Equation: "PotentialEquation"	RelError: 3.94412e-05	AbsError: 5.74020e-05
Iteration: 2
  Device: "part1_baseline"	RelError: 3.79985e-05	AbsError: 3.26481e+11
    Region: "bulk"	RelError: 3.79950e-05	AbsError: 3.26481e+11
      Equation: "ElectronContinuityEquation"	RelError: 3.21490e-06	AbsError: 3.26478e+11
      Equation: "HoleContinuityEquation"	RelError: 3.46867e-05	AbsError: 2.99959e+06
      Equation: "PotentialEquation"	RelError: 9.34479e-08	AbsError: 7.03924e-09
    Region: "oxide"	RelError: 3.45655e-09	AbsError: 5.39031e-09
      Equation: "PotentialEquation"	RelError: 3.45655e-09	AbsError: 5.39031e-09
Iteration: 3
  Device: "part1_baseline"	RelError: 3.66612e-13	AbsError: 5.05416e+03
    Region: "bulk"	RelError: 3.66523e-13	AbsError: 5.05416e+03
      Equation: "ElectronContinuityEquation"	RelError: 1.60370e-14	AbsError: 5.05394e+03
      Equation: "HoleContinuityEquation"	RelError: 3.46824e-13	AbsError: 2.19638e-01
      Equation: "PotentialEquation"	RelError: 3.66263e-15	AbsError: 1.37135e-16
    Region: "oxide"	RelError: 8.91013e-17	AbsError: 1.28030e-16
      Equation: "PotentialEquation"	RelError: 8.91013e-17	AbsError: 1.28030e-16
number of equations 6873
Iteration: 0
  Device: "part1_baseline"	RelError: 1.08402e+00	AbsError: 6.30954e+17
    Region: "bulk"	RelError: 1.07106e+00	AbsError: 6.30954e+17
      Equation: "ElectronContinuityEquation"	RelError: 1.84517e-01	AbsError: 6.30918e+17
      Equation: "HoleContinuityEquation"	RelError: 2.31114e-01	AbsError: 3.62634e+13
      Equation: "PotentialEquation"	RelError: 6.55429e-01	AbsError: 1.35872e-02
    Region: "oxide"	RelError: 1.29607e-02	AbsError: 2.00000e-02
      Equation: "PotentialEquation"	RelError: 1.29607e-02	AbsError: 2.00000e-02
Iteration: 1
  Device: "part1_baseline"	RelError: 3.75109e-02	AbsError: 3.38606e+15
    Region: "bulk"	RelError: 3.74729e-02	AbsError: 3.38606e+15
      Equation: "ElectronContinuityEquation"	RelError: 1.65253e-02	AbsError: 3.38587e+15
      Equation: "HoleContinuityEquation"	RelError: 2.04893e-02	AbsError: 1.87117e+11
      Equation: "PotentialEquation"	RelError: 4.58316e-04	AbsError: 6.31823e-05
    Region: "oxide"	RelError: 3.80010e-05	AbsError: 5.85587e-05
      Equation: "PotentialEquation"	RelError: 3.80010e-05	AbsError: 5.85587e-05
Iteration: 2
  Device: "part1_baseline"	RelError: 3.79410e-05	AbsError: 3.25291e+11
    Region: "bulk"	RelError: 3.79373e-05	AbsError: 3.25291e+11
      Equation: "ElectronContinuityEquation"	RelError: 2.95800e-06	AbsError: 3.25288e+11
      Equation: "HoleContinuityEquation"	RelError: 3.48318e-05	AbsError: 2.84679e+06
      Equation: "PotentialEquation"	RelError: 1.47523e-07	AbsError: 7.18068e-09
    Region: "oxide"	RelError: 3.67114e-09	AbsError: 5.77463e-09
      Equation: "PotentialEquation"	RelError: 3.67114e-09	AbsError: 5.77463e-09
Iteration: 3
  Device: "part1_baseline"	RelError: 3.55238e-13	AbsError: 5.08684e+03
    Region: "bulk"	RelError: 3.55144e-13	AbsError: 5.08684e+03
      Equation: "ElectronContinuityEquation"	RelError: 1.21706e-14	AbsError: 5.08662e+03
      Equation: "HoleContinuityEquation"	RelError: 3.36821e-13	AbsError: 2.24068e-01
      Equation: "PotentialEquation"	RelError: 6.15184e-15	AbsError: 1.38815e-16
    Region: "oxide"	RelError: 9.40154e-17	AbsError: 1.36245e-16
      Equation: "PotentialEquation"	RelError: 9.40154e-17	AbsError: 1.36245e-16
number of equations 6873
Iteration: 0
  Device: "part1_baseline"	RelError: 2.31850e+00	AbsError: 6.32504e+17
    Region: "bulk"	RelError: 2.30571e+00	AbsError: 6.32504e+17
      Equation: "ElectronContinuityEquation"	RelError: 1.84245e-01	AbsError: 6.32468e+17
      Equation: "HoleContinuityEquation"	RelError: 2.29552e-01	AbsError: 3.60358e+13
      Equation: "PotentialEquation"	RelError: 1.89191e+00	AbsError: 1.34698e-02
    Region: "oxide"	RelError: 1.27949e-02	AbsError: 2.00000e-02
      Equation: "PotentialEquation"	RelError: 1.27949e-02	AbsError: 2.00000e-02
Iteration: 1
  Device: "part1_baseline"	RelError: 3.77456e-02	AbsError: 3.41288e+15
    Region: "bulk"	RelError: 3.77080e-02	AbsError: 3.41288e+15
      Equation: "ElectronContinuityEquation"	RelError: 1.60821e-02	AbsError: 3.41269e+15
      Equation: "HoleContinuityEquation"	RelError: 2.02605e-02	AbsError: 1.84896e+11
      Equation: "PotentialEquation"	RelError: 1.36536e-03	AbsError: 6.36189e-05
    Region: "oxide"	RelError: 3.75631e-05	AbsError: 5.95896e-05
      Equation: "PotentialEquation"	RelError: 3.75631e-05	AbsError: 5.95896e-05
Iteration: 2
  Device: "part1_baseline"	RelError: 3.80607e-05	AbsError: 3.20385e+11
    Region: "bulk"	RelError: 3.80569e-05	AbsError: 3.20385e+11
      Equation: "ElectronContinuityEquation"	RelError: 2.71841e-06	AbsError: 3.20382e+11
      Equation: "HoleContinuityEquation"	RelError: 3.49298e-05	AbsError: 2.72823e+06
      Equation: "PotentialEquation"	RelError: 4.08657e-07	AbsError: 7.45473e-09
    Region: "oxide"	RelError: 3.85740e-09	AbsError: 6.11934e-09
      Equation: "PotentialEquation"	RelError: 3.85740e-09	AbsError: 6.11934e-09
Iteration: 3
  Device: "part1_baseline"	RelError: 3.56996e-13	AbsError: 5.00171e+03
    Region: "bulk"	RelError: 3.56899e-13	AbsError: 5.00171e+03
      Equation: "ElectronContinuityEquation"	RelError: 1.24519e-14	AbsError: 5.00148e+03
      Equation: "HoleContinuityEquation"	RelError: 3.26504e-13	AbsError: 2.27216e-01
      Equation: "PotentialEquation"	RelError: 1.79432e-14	AbsError: 1.44319e-16
    Region: "oxide"	RelError: 9.68384e-17	AbsError: 1.41514e-16
      Equation: "PotentialEquation"	RelError: 9.68384e-17	AbsError: 1.41514e-16
number of equations 6873
Iteration: 0
  Device: "part1_baseline"	RelError: 2.55239e+00	AbsError: 6.33981e+17
    Region: "bulk"	RelError: 2.53975e+00	AbsError: 6.33981e+17
      Equation: "ElectronContinuityEquation"	RelError: 1.83844e-01	AbsError: 6.33945e+17
      Equation: "HoleContinuityEquation"	RelError: 2.27982e-01	AbsError: 3.58057e+13
      Equation: "PotentialEquation"	RelError: 2.12793e+00	AbsError: 1.33503e-02
    Region: "oxide"	RelError: 1.26333e-02	AbsError: 2.00000e-02
      Equation: "PotentialEquation"	RelError: 1.26333e-02	AbsError: 2.00000e-02
Iteration: 1
  Device: "part1_baseline"	RelError: 3.73145e-02	AbsError: 3.42748e+15
    Region: "bulk"	RelError: 3.72767e-02	AbsError: 3.42748e+15
      Equation: "ElectronContinuityEquation"	RelError: 1.56479e-02	AbsError: 3.42730e+15
      Equation: "HoleContinuityEquation"	RelError: 2.00340e-02	AbsError: 1.82710e+11
      Equation: "PotentialEquation"	RelError: 1.59478e-03	AbsError: 6.38381e-05
    Region: "oxide"	RelError: 3.78030e-05	AbsError: 6.04726e-05
      Equation: "PotentialEquation"	RelError: 3.78030e-05	AbsError: 6.04726e-05
Iteration: 2
  Device: "part1_baseline"	RelError: 3.80525e-05	AbsError: 3.12430e+11
    Region: "bulk"	RelError: 3.80485e-05	AbsError: 3.12430e+11
      Equation: "ElectronContinuityEquation"	RelError: 2.49549e-06	AbsError: 3.12427e+11
      Equation: "HoleContinuityEquation"	RelError: 3.51085e-05	AbsError: 2.63156e+06
      Equation: "PotentialEquation"	RelError: 4.44586e-07	AbsError: 7.64606e-09
    Region: "oxide"	RelError: 4.00716e-09	AbsError: 6.41016e-09
      Equation: "PotentialEquation"	RelError: 4.00716e-09	AbsError: 6.41016e-09
Iteration: 3
  Device: "part1_baseline"	RelError: 3.50695e-13	AbsError: 4.81913e+03
    Region: "bulk"	RelError: 3.50598e-13	AbsError: 4.81913e+03
      Equation: "ElectronContinuityEquation"	RelError: 1.47037e-14	AbsError: 4.81890e+03
      Equation: "HoleContinuityEquation"	RelError: 3.15636e-13	AbsError: 2.27656e-01
      Equation: "PotentialEquation"	RelError: 2.02580e-14	AbsError: 1.47447e-16
    Region: "oxide"	RelError: 9.73145e-17	AbsError: 1.43383e-16
      Equation: "PotentialEquation"	RelError: 9.73145e-17	AbsError: 1.43383e-16
number of equations 6873
Iteration: 0
  Device: "part1_baseline"	RelError: 7.71024e+00	AbsError: 6.35388e+17
    Region: "bulk"	RelError: 7.69777e+00	AbsError: 6.35388e+17
      Equation: "ElectronContinuityEquation"	RelError: 1.83301e-01	AbsError: 6.35352e+17
      Equation: "HoleContinuityEquation"	RelError: 2.26394e-01	AbsError: 3.55731e+13
      Equation: "PotentialEquation"	RelError: 7.28807e+00	AbsError: 1.32291e-02
    Region: "oxide"	RelError: 1.24757e-02	AbsError: 2.00000e-02
      Equation: "PotentialEquation"	RelError: 1.24757e-02	AbsError: 2.00000e-02
Iteration: 1
  Device: "part1_baseline"	RelError: 3.92370e-02	AbsError: 3.43090e+15
    Region: "bulk"	RelError: 3.91990e-02	AbsError: 3.43090e+15
      Equation: "ElectronContinuityEquation"	RelError: 1.52225e-02	AbsError: 3.43072e+15
      Equation: "HoleContinuityEquation"	RelError: 1.98087e-02	AbsError: 1.80549e+11
      Equation: "PotentialEquation"	RelError: 4.16779e-03	AbsError: 6.38256e-05
    Region: "oxide"	RelError: 3.79381e-05	AbsError: 6.11884e-05
      Equation: "PotentialEquation"	RelError: 3.79381e-05	AbsError: 6.11884e-05
Iteration: 2
  Device: "part1_baseline"	RelError: 3.80266e-05	AbsError: 3.02049e+11
    Region: "bulk"	RelError: 3.80225e-05	AbsError: 3.02049e+11
      Equation: "ElectronContinuityEquation"	RelError: 2.28847e-06	AbsError: 3.02047e+11
      Equation: "HoleContinuityEquation"	RelError: 3.55874e-05	AbsError: 2.54687e+06
      Equation: "PotentialEquation"	RelError: 1.46634e-07	AbsError: 7.73279e-09
    Region: "oxide"	RelError: 4.11401e-09	AbsError: 6.63526e-09
      Equation: "PotentialEquation"	RelError: 4.11401e-09	AbsError: 6.63526e-09
Iteration: 3
  Device: "part1_baseline"	RelError: 3.55734e-13	AbsError: 4.55880e+03
    Region: "bulk"	RelError: 3.55639e-13	AbsError: 4.55880e+03
      Equation: "ElectronContinuityEquation"	RelError: 1.54570e-14	AbsError: 4.55857e+03
      Equation: "HoleContinuityEquation"	RelError: 3.03964e-13	AbsError: 2.24573e-01
      Equation: "PotentialEquation"	RelError: 3.62177e-14	AbsError: 1.48644e-16
    Region: "oxide"	RelError: 9.54532e-17	AbsError: 1.41781e-16
      Equation: "PotentialEquation"	RelError: 9.54532e-17	AbsError: 1.41781e-16
number of equations 6873
Iteration: 0
  Device: "part1_baseline"	RelError: 1.36748e+01	AbsError: 6.36729e+17
    Region: "bulk"	RelError: 1.36625e+01	AbsError: 6.36729e+17
      Equation: "ElectronContinuityEquation"	RelError: 1.82603e-01	AbsError: 6.36694e+17
      Equation: "HoleContinuityEquation"	RelError: 2.24781e-01	AbsError: 3.53380e+13
      Equation: "PotentialEquation"	RelError: 1.32551e+01	AbsError: 1.31065e-02
    Region: "oxide"	RelError: 1.23219e-02	AbsError: 2.00000e-02
      Equation: "PotentialEquation"	RelError: 1.23219e-02	AbsError: 2.00000e-02
Iteration: 1
  Device: "part1_baseline"	RelError: 4.54320e-02	AbsError: 3.42420e+15
    Region: "bulk"	RelError: 4.53941e-02	AbsError: 3.42420e+15
      Equation: "ElectronContinuityEquation"	RelError: 1.48065e-02	AbsError: 3.42402e+15
      Equation: "HoleContinuityEquation"	RelError: 1.95834e-02	AbsError: 1.78406e+11
      Equation: "PotentialEquation"	RelError: 1.10042e-02	AbsError: 6.35731e-05
    Region: "oxide"	RelError: 3.79615e-05	AbsError: 6.17212e-05
      Equation: "PotentialEquation"	RelError: 3.79615e-05	AbsError: 6.17212e-05
Iteration: 2
  Device: "part1_baseline"	RelError: 3.94569e-05	AbsError: 2.89810e+11
    Region: "bulk"	RelError: 3.94527e-05	AbsError: 2.89810e+11
      Equation: "ElectronContinuityEquation"	RelError: 2.09641e-06	AbsError: 2.89808e+11
      Equation: "HoleContinuityEquation"	RelError: 3.60092e-05	AbsError: 2.46522e+06
      Equation: "PotentialEquation"	RelError: 1.34704e-06	AbsError: 7.70831e-09
    Region: "oxide"	RelError: 4.17375e-09	AbsError: 6.78606e-09
      Equation: "PotentialEquation"	RelError: 4.17375e-09	AbsError: 6.78606e-09
Iteration: 3
  Device: "part1_baseline"	RelError: 4.08079e-13	AbsError: 4.23956e+03
    Region: "bulk"	RelError: 4.07988e-13	AbsError: 4.23956e+03
      Equation: "ElectronContinuityEquation"	RelError: 1.48020e-14	AbsError: 4.23935e+03
      Equation: "HoleContinuityEquation"	RelError: 2.91250e-13	AbsError: 2.17695e-01
      Equation: "PotentialEquation"	RelError: 1.01935e-13	AbsError: 1.50193e-16
    Region: "oxide"	RelError: 9.14841e-17	AbsError: 1.36970e-16
      Equation: "PotentialEquation"	RelError: 9.14841e-17	AbsError: 1.36970e-16
number of equations 6873
Iteration: 0
  Device: "part1_baseline"	RelError: 2.24112e+00	AbsError: 6.38008e+17
    Region: "bulk"	RelError: 2.22895e+00	AbsError: 6.38008e+17
      Equation: "ElectronContinuityEquation"	RelError: 1.81735e-01	AbsError: 6.37973e+17
      Equation: "HoleContinuityEquation"	RelError: 2.23134e-01	AbsError: 3.51002e+13
      Equation: "PotentialEquation"	RelError: 1.82408e+00	AbsError: 1.29830e-02
    Region: "oxide"	RelError: 1.21720e-02	AbsError: 2.00000e-02
      Equation: "PotentialEquation"	RelError: 1.21720e-02	AbsError: 2.00000e-02
Iteration: 1
  Device: "part1_baseline"	RelError: 3.52702e-02	AbsError: 3.40844e+15
    Region: "bulk"	RelError: 3.52323e-02	AbsError: 3.40844e+15
      Equation: "ElectronContinuityEquation"	RelError: 1.44003e-02	AbsError: 3.40827e+15
      Equation: "HoleContinuityEquation"	RelError: 1.93571e-02	AbsError: 1.76273e+11
      Equation: "PotentialEquation"	RelError: 1.47496e-03	AbsError: 6.30798e-05
    Region: "oxide"	RelError: 3.78691e-05	AbsError: 6.20603e-05
      Equation: "PotentialEquation"	RelError: 3.78691e-05	AbsError: 6.20603e-05
Iteration: 2
  Device: "part1_baseline"	RelError: 3.83762e-05	AbsError: 2.76209e+11
    Region: "bulk"	RelError: 3.83721e-05	AbsError: 2.76209e+11
      Equation: "ElectronContinuityEquation"	RelError: 1.91824e-06	AbsError: 2.76207e+11
      Equation: "HoleContinuityEquation"	RelError: 3.63632e-05	AbsError: 2.37925e+06
      Equation: "PotentialEquation"	RelError: 9.06101e-08	AbsError: 7.57205e-09
    Region: "oxide"	RelError: 4.18451e-09	AbsError: 6.85763e-09
      Equation: "PotentialEquation"	RelError: 4.18451e-09	AbsError: 6.85763e-09
Iteration: 3
  Device: "part1_baseline"	RelError: 3.01226e-13	AbsError: 3.87975e+03
    Region: "bulk"	RelError: 3.01140e-13	AbsError: 3.87975e+03
      Equation: "ElectronContinuityEquation"	RelError: 1.29987e-14	AbsError: 3.87955e+03
      Equation: "HoleContinuityEquation"	RelError: 2.77304e-13	AbsError: 2.07284e-01
      Equation: "PotentialEquation"	RelError: 1.08373e-14	AbsError: 1.47058e-16
    Region: "oxide"	RelError: 8.58052e-17	AbsError: 1.29477e-16
      Equation: "PotentialEquation"	RelError: 8.58052e-17	AbsError: 1.29477e-16
number of equations 6873
Iteration: 0
  Device: "part1_baseline"	RelError: 2.63600e+00	AbsError: 6.39229e+17
    Region: "bulk"	RelError: 2.62398e+00	AbsError: 6.39229e+17
      Equation: "ElectronContinuityEquation"	RelError: 1.80681e-01	AbsError: 6.39194e+17
      Equation: "HoleContinuityEquation"	RelError: 2.21445e-01	AbsError: 3.48599e+13
      Equation: "PotentialEquation"	RelError: 2.22185e+00	AbsError: 1.28588e-02
    Region: "oxide"	RelError: 1.20256e-02	AbsError: 2.00000e-02
      Equation: "PotentialEquation"	RelError: 1.20256e-02	AbsError: 2.00000e-02
Iteration: 1
  Device: "part1_baseline"	RelError: 3.50159e-02	AbsError: 3.38466e+15
    Region: "bulk"	RelError: 3.49782e-02	AbsError: 3.38466e+15
      Equation: "ElectronContinuityEquation"	RelError: 1.40047e-02	AbsError: 3.38448e+15
      Equation: "HoleContinuityEquation"	RelError: 1.91285e-02	AbsError: 1.74145e+11
      Equation: "PotentialEquation"	RelError: 1.84500e-03	AbsError: 6.23521e-05
    Region: "oxide"	RelError: 3.76604e-05	AbsError: 6.22003e-05
      Equation: "PotentialEquation"	RelError: 3.76604e-05	AbsError: 6.22003e-05
Iteration: 2
  Device: "part1_baseline"	RelError: 3.84603e-05	AbsError: 2.61675e+11
    Region: "bulk"	RelError: 3.84561e-05	AbsError: 2.61675e+11
      Equation: "ElectronContinuityEquation"	RelError: 1.75269e-06	AbsError: 2.61672e+11
      Equation: "HoleContinuityEquation"	RelError: 3.66400e-05	AbsError: 2.28344e+06
      Equation: "PotentialEquation"	RelError: 6.34382e-08	AbsError: 7.32941e-09
    Region: "oxide"	RelError: 4.14679e-09	AbsError: 6.84887e-09
      Equation: "PotentialEquation"	RelError: 4.14679e-09	AbsError: 6.84887e-09
Iteration: 3
  Device: "part1_baseline"	RelError: 2.85921e-13	AbsError: 3.49736e+03
    Region: "bulk"	RelError: 2.85842e-13	AbsError: 3.49736e+03
      Equation: "ElectronContinuityEquation"	RelError: 1.04183e-14	AbsError: 3.49717e+03
      Equation: "HoleContinuityEquation"	RelError: 2.62940e-13	AbsError: 1.94007e-01
      Equation: "PotentialEquation"	RelError: 1.24836e-14	AbsError: 1.40052e-16
    Region: "oxide"	RelError: 7.89226e-17	AbsError: 1.20012e-16
      Equation: "PotentialEquation"	RelError: 7.89226e-17	AbsError: 1.20012e-16
number of equations 6873
Iteration: 0
  Device: "part1_baseline"	RelError: 4.05957e+00	AbsError: 6.40394e+17
    Region: "bulk"	RelError: 4.04769e+00	AbsError: 6.40394e+17
      Equation: "ElectronContinuityEquation"	RelError: 1.79425e-01	AbsError: 6.40359e+17
      Equation: "HoleContinuityEquation"	RelError: 2.19704e-01	AbsError: 3.46171e+13
      Equation: "PotentialEquation"	RelError: 3.64856e+00	AbsError: 1.27344e-02
    Region: "oxide"	RelError: 1.18827e-02	AbsError: 2.00000e-02
      Equation: "PotentialEquation"	RelError: 1.18827e-02	AbsError: 2.00000e-02
Iteration: 1
  Device: "part1_baseline"	RelError: 3.43660e-02	AbsError: 3.35384e+15
    Region: "bulk"	RelError: 3.43287e-02	AbsError: 3.35384e+15
      Equation: "ElectronContinuityEquation"	RelError: 1.36204e-02	AbsError: 3.35367e+15
      Equation: "HoleContinuityEquation"	RelError: 1.88967e-02	AbsError: 1.72016e+11
      Equation: "PotentialEquation"	RelError: 1.81163e-03	AbsError: 6.21418e-05
    Region: "oxide"	RelError: 3.73385e-05	AbsError: 6.21418e-05
      Equation: "PotentialEquation"	RelError: 3.73385e-05	AbsError: 6.21418e-05
Iteration: 2
  Device: "part1_baseline"	RelError: 3.84989e-05	AbsError: 2.46570e+11
    Region: "bulk"	RelError: 3.84948e-05	AbsError: 2.46570e+11
      Equation: "ElectronContinuityEquation"	RelError: 1.59840e-06	AbsError: 2.46568e+11
      Equation: "HoleContinuityEquation"	RelError: 3.68324e-05	AbsError: 2.17431e+06
      Equation: "PotentialEquation"	RelError: 6.39881e-08	AbsError: 6.99113e-09
    Region: "oxide"	RelError: 4.06321e-09	AbsError: 6.76232e-09
      Equation: "PotentialEquation"	RelError: 4.06321e-09	AbsError: 6.76232e-09
Iteration: 3
  Device: "part1_baseline"	RelError: 2.73750e-13	AbsError: 3.10983e+03
    Region: "bulk"	RelError: 2.73678e-13	AbsError: 3.10983e+03
      Equation: "ElectronContinuityEquation"	RelError: 9.98268e-15	AbsError: 3.10965e+03
      Equation: "HoleContinuityEquation"	RelError: 2.49525e-13	AbsError: 1.78810e-01
      Equation: "PotentialEquation"	RelError: 1.41706e-14	AbsError: 1.31988e-16
    Region: "oxide"	RelError: 7.13836e-17	AbsError: 1.15017e-16
      Equation: "PotentialEquation"	RelError: 7.13836e-17	AbsError: 1.15017e-16
number of equations 6873
Iteration: 0
  Device: "part1_baseline"	RelError: 5.24081e+00	AbsError: 6.41507e+17
    Region: "bulk"	RelError: 5.22907e+00	AbsError: 6.41507e+17
      Equation: "ElectronContinuityEquation"	RelError: 1.77948e-01	AbsError: 6.41473e+17
      Equation: "HoleContinuityEquation"	RelError: 2.17905e-01	AbsError: 3.43717e+13
      Equation: "PotentialEquation"	RelError: 4.83321e+00	AbsError: 1.26624e-02
    Region: "oxide"	RelError: 1.17431e-02	AbsError: 2.00000e-02
      Equation: "PotentialEquation"	RelError: 1.17431e-02	AbsError: 2.00000e-02
Iteration: 1
  Device: "part1_baseline"	RelError: 3.48050e-02	AbsError: 3.31694e+15
    Region: "bulk"	RelError: 3.47681e-02	AbsError: 3.31694e+15
      Equation: "ElectronContinuityEquation"	RelError: 1.32478e-02	AbsError: 3.31677e+15
      Equation: "HoleContinuityEquation"	RelError: 1.86606e-02	AbsError: 1.69884e+11
      Equation: "PotentialEquation"	RelError: 2.85964e-03	AbsError: 6.18913e-05
    Region: "oxide"	RelError: 3.69098e-05	AbsError: 6.18913e-05
      Equation: "PotentialEquation"	RelError: 3.69098e-05	AbsError: 6.18913e-05
Iteration: 2
  Device: "part1_baseline"	RelError: 3.84692e-05	AbsError: 2.74745e+11
    Region: "bulk"	RelError: 3.84652e-05	AbsError: 2.74745e+11
      Equation: "ElectronContinuityEquation"	RelError: 1.45390e-06	AbsError: 2.74743e+11
      Equation: "HoleContinuityEquation"	RelError: 3.69364e-05	AbsError: 2.05036e+06
      Equation: "PotentialEquation"	RelError: 7.49685e-08	AbsError: 6.60368e-09
    Region: "oxide"	RelError: 3.93820e-09	AbsError: 6.60368e-09
      Equation: "PotentialEquation"	RelError: 3.93820e-09	AbsError: 6.60368e-09
Iteration: 3
  Device: "part1_baseline"	RelError: 2.61944e-13	AbsError: 2.73323e+03
    Region: "bulk"	RelError: 2.61878e-13	AbsError: 2.73323e+03
      Equation: "ElectronContinuityEquation"	RelError: 9.59693e-15	AbsError: 2.73307e+03
      Equation: "HoleContinuityEquation"	RelError: 2.34617e-13	AbsError: 1.62703e-01
      Equation: "PotentialEquation"	RelError: 1.76639e-14	AbsError: 1.23765e-16
    Region: "oxide"	RelError: 6.58609e-17	AbsError: 1.10437e-16
      Equation: "PotentialEquation"	RelError: 6.58609e-17	AbsError: 1.10437e-16
number of equations 6873
Iteration: 0
  Device: "part1_baseline"	RelError: 1.66609e+00	AbsError: 6.42571e+17
    Region: "bulk"	RelError: 1.65448e+00	AbsError: 6.42571e+17
      Equation: "ElectronContinuityEquation"	RelError: 1.76231e-01	AbsError: 6.42537e+17
      Equation: "HoleContinuityEquation"	RelError: 2.16037e-01	AbsError: 3.41239e+13
      Equation: "PotentialEquation"	RelError: 1.26222e+00	AbsError: 1.26006e-02
    Region: "oxide"	RelError: 1.16068e-02	AbsError: 2.00000e-02
      Equation: "PotentialEquation"	RelError: 1.16068e-02	AbsError: 2.00000e-02
Iteration: 1
  Device: "part1_baseline"	RelError: 3.23274e-02	AbsError: 3.27488e+15
    Region: "bulk"	RelError: 3.22910e-02	AbsError: 3.27488e+15
      Equation: "ElectronContinuityEquation"	RelError: 1.30997e-02	AbsError: 3.27471e+15
      Equation: "HoleContinuityEquation"	RelError: 1.84191e-02	AbsError: 1.67749e+11
      Equation: "PotentialEquation"	RelError: 7.72186e-04	AbsError: 6.14615e-05
    Region: "oxide"	RelError: 3.63838e-05	AbsError: 6.14615e-05
      Equation: "PotentialEquation"	RelError: 3.63838e-05	AbsError: 6.14615e-05
Iteration: 2
  Device: "part1_baseline"	RelError: 3.82935e-05	AbsError: 3.16558e+11
    Region: "bulk"	RelError: 3.82897e-05	AbsError: 3.16558e+11
      Equation: "ElectronContinuityEquation"	RelError: 1.31767e-06	AbsError: 3.16556e+11
      Equation: "HoleContinuityEquation"	RelError: 3.69512e-05	AbsError: 1.91190e+06
      Equation: "PotentialEquation"	RelError: 2.08937e-08	AbsError: 6.38119e-09
    Region: "oxide"	RelError: 3.77752e-09	AbsError: 6.38119e-09
      Equation: "PotentialEquation"	RelError: 3.77752e-09	AbsError: 6.38119e-09
Iteration: 3
  Device: "part1_baseline"	RelError: 2.31707e-13	AbsError: 3.79031e+03
    Region: "bulk"	RelError: 2.31644e-13	AbsError: 3.79031e+03
      Equation: "ElectronContinuityEquation"	RelError: 9.13434e-15	AbsError: 3.79017e+03
      Equation: "HoleContinuityEquation"	RelError: 2.18301e-13	AbsError: 1.46676e-01
      Equation: "PotentialEquation"	RelError: 4.20858e-15	AbsError: 1.14764e-16
    Region: "oxide"	RelError: 6.27197e-17	AbsError: 1.05949e-16
      Equation: "PotentialEquation"	RelError: 6.27197e-17	AbsError: 1.05949e-16
number of equations 6873
Iteration: 0
  Device: "part1_baseline"	RelError: 6.89337e+00	AbsError: 6.43588e+17
    Region: "bulk"	RelError: 6.88190e+00	AbsError: 6.43588e+17
      Equation: "ElectronContinuityEquation"	RelError: 1.75920e-01	AbsError: 6.43554e+17
      Equation: "HoleContinuityEquation"	RelError: 2.14093e-01	AbsError: 3.39195e+13
      Equation: "PotentialEquation"	RelError: 6.49188e+00	AbsError: 1.25365e-02
    Region: "oxide"	RelError: 1.14737e-02	AbsError: 2.00000e-02
      Equation: "PotentialEquation"	RelError: 1.14737e-02	AbsError: 2.00000e-02
Iteration: 1
  Device: "part1_baseline"	RelError: 3.49714e-02	AbsError: 3.22854e+15
    Region: "bulk"	RelError: 3.49356e-02	AbsError: 3.22854e+15
      Equation: "ElectronContinuityEquation"	RelError: 1.29536e-02	AbsError: 3.22838e+15
      Equation: "HoleContinuityEquation"	RelError: 1.81713e-02	AbsError: 1.66709e+11
      Equation: "PotentialEquation"	RelError: 3.81075e-03	AbsError: 6.08703e-05
    Region: "oxide"	RelError: 3.57733e-05	AbsError: 6.08703e-05
      Equation: "PotentialEquation"	RelError: 3.57733e-05	AbsError: 6.08703e-05
Iteration: 2
  Device: "part1_baseline"	RelError: 3.81831e-05	AbsError: 3.54051e+11
    Region: "bulk"	RelError: 3.81795e-05	AbsError: 3.54051e+11
      Equation: "ElectronContinuityEquation"	RelError: 1.18818e-06	AbsError: 3.54049e+11
      Equation: "HoleContinuityEquation"	RelError: 3.68798e-05	AbsError: 1.76073e+06
      Equation: "PotentialEquation"	RelError: 1.11588e-07	AbsError: 6.10493e-09
    Region: "oxide"	RelError: 3.58785e-09	AbsError: 6.10493e-09
      Equation: "PotentialEquation"	RelError: 3.58785e-09	AbsError: 6.10493e-09
Iteration: 3
  Device: "part1_baseline"	RelError: 2.28840e-13	AbsError: 4.88965e+03
    Region: "bulk"	RelError: 2.28780e-13	AbsError: 4.88965e+03
      Equation: "ElectronContinuityEquation"	RelError: 8.91904e-15	AbsError: 4.88952e+03
      Equation: "HoleContinuityEquation"	RelError: 2.00721e-13	AbsError: 1.31520e-01
      Equation: "PotentialEquation"	RelError: 1.91394e-14	AbsError: 1.05488e-16
    Region: "oxide"	RelError: 5.99029e-17	AbsError: 1.01928e-16
      Equation: "PotentialEquation"	RelError: 5.99029e-17	AbsError: 1.01928e-16
number of equations 6873
Iteration: 0
  Device: "part1_baseline"	RelError: 1.58216e+00	AbsError: 6.44561e+17
    Region: "bulk"	RelError: 1.57082e+00	AbsError: 6.44561e+17
      Equation: "ElectronContinuityEquation"	RelError: 1.75588e-01	AbsError: 6.44527e+17
      Equation: "HoleContinuityEquation"	RelError: 2.12063e-01	AbsError: 3.37316e+13
      Equation: "PotentialEquation"	RelError: 1.18317e+00	AbsError: 1.24699e-02
    Region: "oxide"	RelError: 1.13435e-02	AbsError: 2.00000e-02
      Equation: "PotentialEquation"	RelError: 1.13435e-02	AbsError: 2.00000e-02
Iteration: 1
  Device: "part1_baseline"	RelError: 3.14556e-02	AbsError: 3.20042e+15
    Region: "bulk"	RelError: 3.14205e-02	AbsError: 3.20042e+15
      Equation: "ElectronContinuityEquation"	RelError: 1.27831e-02	AbsError: 3.20025e+15
      Equation: "HoleContinuityEquation"	RelError: 1.79161e-02	AbsError: 1.66342e+11
      Equation: "PotentialEquation"	RelError: 7.21367e-04	AbsError: 6.01404e-05
    Region: "oxide"	RelError: 3.50931e-05	AbsError: 6.01404e-05
      Equation: "PotentialEquation"	RelError: 3.50931e-05	AbsError: 6.01404e-05
Iteration: 2
  Device: "part1_baseline"	RelError: 3.78174e-05	AbsError: 3.86031e+11
    Region: "bulk"	RelError: 3.78140e-05	AbsError: 3.86031e+11
      Equation: "ElectronContinuityEquation"	RelError: 1.06391e-06	AbsError: 3.86029e+11
      Equation: "HoleContinuityEquation"	RelError: 3.67286e-05	AbsError: 1.59982e+06
      Equation: "PotentialEquation"	RelError: 2.15603e-08	AbsError: 5.78611e-09
    Region: "oxide"	RelError: 3.37631e-09	AbsError: 5.78611e-09
      Equation: "PotentialEquation"	RelError: 3.37631e-09	AbsError: 5.78611e-09
Iteration: 3
  Device: "part1_baseline"	RelError: 1.94712e-13	AbsError: 5.84692e+03
    Region: "bulk"	RelError: 1.94654e-13	AbsError: 5.84692e+03
      Equation: "ElectronContinuityEquation"	RelError: 9.43402e-15	AbsError: 5.84680e+03
      Equation: "HoleContinuityEquation"	RelError: 1.82054e-13	AbsError: 1.17797e-01
      Equation: "PotentialEquation"	RelError: 3.16613e-15	AbsError: 9.84726e-17
    Region: "oxide"	RelError: 5.74607e-17	AbsError: 9.84726e-17
      Equation: "PotentialEquation"	RelError: 5.74607e-17	AbsError: 9.84726e-17
number of equations 6873
Iteration: 0
  Device: "part1_baseline"	RelError: 9.38105e-01	AbsError: 6.45492e+17
    Region: "bulk"	RelError: 9.26888e-01	AbsError: 6.45492e+17
      Equation: "ElectronContinuityEquation"	RelError: 1.75125e-01	AbsError: 6.45459e+17
      Equation: "HoleContinuityEquation"	RelError: 2.09939e-01	AbsError: 3.35407e+13
      Equation: "PotentialEquation"	RelError: 5.41825e-01	AbsError: 1.24007e-02
    Region: "oxide"	RelError: 1.12163e-02	AbsError: 2.00000e-02
      Equation: "PotentialEquation"	RelError: 1.12163e-02	AbsError: 2.00000e-02
Iteration: 1
  Device: "part1_baseline"	RelError: 3.06153e-02	AbsError: 3.31852e+15
    Region: "bulk"	RelError: 3.05810e-02	AbsError: 3.31852e+15
      Equation: "ElectronContinuityEquation"	RelError: 1.25869e-02	AbsError: 3.31836e+15
      Equation: "HoleContinuityEquation"	RelError: 1.76525e-02	AbsError: 1.65946e+11
      Equation: "PotentialEquation"	RelError: 3.41618e-04	AbsError: 5.92984e-05
    Region: "oxide"	RelError: 3.43599e-05	AbsError: 5.92984e-05
      Equation: "PotentialEquation"	RelError: 3.43599e-05	AbsError: 5.92984e-05
Iteration: 2
  Device: "part1_baseline"	RelError: 3.75418e-05	AbsError: 4.11628e+11
    Region: "bulk"	RelError: 3.75386e-05	AbsError: 4.11628e+11
      Equation: "ElectronContinuityEquation"	RelError: 1.01979e-06	AbsError: 4.11627e+11
      Equation: "HoleContinuityEquation"	RelError: 3.65067e-05	AbsError: 1.43291e+06
      Equation: "PotentialEquation"	RelError: 1.20995e-08	AbsError: 5.43641e-09
    Region: "oxide"	RelError: 3.15008e-09	AbsError: 5.43641e-09
      Equation: "PotentialEquation"	RelError: 3.15008e-09	AbsError: 5.43641e-09
Iteration: 3
  Device: "part1_baseline"	RelError: 1.73294e-13	AbsError: 6.58736e+03
    Region: "bulk"	RelError: 1.73238e-13	AbsError: 6.58736e+03
      Equation: "ElectronContinuityEquation"	RelError: 9.43919e-15	AbsError: 6.58725e+03
      Equation: "HoleContinuityEquation"	RelError: 1.62485e-13	AbsError: 1.05805e-01
      Equation: "PotentialEquation"	RelError: 1.31394e-15	AbsError: 9.54686e-17
    Region: "oxide"	RelError: 5.53184e-17	AbsError: 9.54686e-17
      Equation: "PotentialEquation"	RelError: 5.53184e-17	AbsError: 9.54686e-17
number of equations 6873
Iteration: 0
  Device: "part1_baseline"	RelError: 7.44527e-01	AbsError: 6.46384e+17
    Region: "bulk"	RelError: 7.33435e-01	AbsError: 6.46384e+17
      Equation: "ElectronContinuityEquation"	RelError: 1.74515e-01	AbsError: 6.46351e+17
      Equation: "HoleContinuityEquation"	RelError: 2.07713e-01	AbsError: 3.33468e+13
      Equation: "PotentialEquation"	RelError: 3.51207e-01	AbsError: 1.23287e-02
    Region: "oxide"	RelError: 1.10919e-02	AbsError: 2.00000e-02
      Equation: "PotentialEquation"	RelError: 1.10919e-02	AbsError: 2.00000e-02
Iteration: 1
  Device: "part1_baseline"	RelError: 3.01038e-02	AbsError: 3.42131e+15
    Region: "bulk"	RelError: 3.00702e-02	AbsError: 3.42131e+15
      Equation: "ElectronContinuityEquation"	RelError: 1.24613e-02	AbsError: 3.42115e+15
      Equation: "HoleContinuityEquation"	RelError: 1.73797e-02	AbsError: 1.65532e+11
      Equation: "PotentialEquation"	RelError: 2.29235e-04	AbsError: 5.83740e-05
    Region: "oxide"	RelError: 3.35917e-05	AbsError: 5.83740e-05
      Equation: "PotentialEquation"	RelError: 3.35917e-05	AbsError: 5.83740e-05
Iteration: 2
  Device: "part1_baseline"	RelError: 3.72709e-05	AbsError: 4.30338e+11
    Region: "bulk"	RelError: 3.72680e-05	AbsError: 4.30338e+11
      Equation: "ElectronContinuityEquation"	RelError: 1.03017e-06	AbsError: 4.30337e+11
      Equation: "HoleContinuityEquation"	RelError: 3.62253e-05	AbsError: 1.26422e+06
      Equation: "PotentialEquation"	RelError: 1.24715e-08	AbsError: 5.06745e-09
    Region: "oxide"	RelError: 2.91610e-09	AbsError: 5.06745e-09
      Equation: "PotentialEquation"	RelError: 2.91610e-09	AbsError: 5.06745e-09
Iteration: 3
  Device: "part1_baseline"	RelError: 1.52035e-13	AbsError: 7.06442e+03
    Region: "bulk"	RelError: 1.51982e-13	AbsError: 7.06442e+03
      Equation: "ElectronContinuityEquation"	RelError: 9.02510e-15	AbsError: 7.06432e+03
      Equation: "HoleContinuityEquation"	RelError: 1.42179e-13	AbsError: 9.56398e-02
      Equation: "PotentialEquation"	RelError: 7.77391e-16	AbsError: 9.26957e-17
    Region: "oxide"	RelError: 5.33424e-17	AbsError: 9.26957e-17
      Equation: "PotentialEquation"	RelError: 5.33424e-17	AbsError: 9.26957e-17
number of equations 6873
Iteration: 0
  Device: "part1_baseline"	RelError: 6.49821e-01	AbsError: 6.47238e+17
    Region: "bulk"	RelError: 6.38851e-01	AbsError: 6.47238e+17
      Equation: "ElectronContinuityEquation"	RelError: 1.73762e-01	AbsError: 6.47205e+17
      Equation: "HoleContinuityEquation"	RelError: 2.05377e-01	AbsError: 3.31500e+13
      Equation: "PotentialEquation"	RelError: 2.59712e-01	AbsError: 1.22536e-02
    Region: "oxide"	RelError: 1.09702e-02	AbsError: 2.00000e-02
      Equation: "PotentialEquation"	RelError: 1.09702e-02	AbsError: 2.00000e-02
Iteration: 1
  Device: "part1_baseline"	RelError: 2.97695e-02	AbsError: 3.50841e+15
    Region: "bulk"	RelError: 2.97367e-02	AbsError: 3.50841e+15
      Equation: "ElectronContinuityEquation"	RelError: 1.24299e-02	AbsError: 3.50825e+15
      Equation: "HoleContinuityEquation"	RelError: 1.70967e-02	AbsError: 1.65109e+11
      Equation: "PotentialEquation"	RelError: 2.10004e-04	AbsError: 5.73986e-05
    Region: "oxide"	RelError: 3.28071e-05	AbsError: 5.73986e-05
      Equation: "PotentialEquation"	RelError: 3.28071e-05	AbsError: 5.73986e-05
Iteration: 2
  Device: "part1_baseline"	RelError: 3.69501e-05	AbsError: 4.42031e+11
    Region: "bulk"	RelError: 3.69474e-05	AbsError: 4.42031e+11
      Equation: "ElectronContinuityEquation"	RelError: 1.03808e-06	AbsError: 4.42030e+11
      Equation: "HoleContinuityEquation"	RelError: 3.58960e-05	AbsError: 1.09814e+06
      Equation: "PotentialEquation"	RelError: 1.33221e-08	AbsError: 4.80597e-09
    Region: "oxide"	RelError: 2.68086e-09	AbsError: 4.69037e-09
      Equation: "PotentialEquation"	RelError: 2.68086e-09	AbsError: 4.69037e-09
Iteration: 3
  Device: "part1_baseline"	RelError: 1.30274e-13	AbsError: 7.26395e+03
    Region: "bulk"	RelError: 1.30222e-13	AbsError: 7.26395e+03
      Equation: "ElectronContinuityEquation"	RelError: 8.30555e-15	AbsError: 7.26387e+03
      Equation: "HoleContinuityEquation"	RelError: 1.21255e-13	AbsError: 8.72425e-02
      Equation: "PotentialEquation"	RelError: 6.61867e-16	AbsError: 8.99328e-17
    Region: "oxide"	RelError: 5.14026e-17	AbsError: 8.99328e-17
      Equation: "PotentialEquation"	RelError: 5.14026e-17	AbsError: 8.99328e-17
number of equations 6873
Iteration: 0
  Device: "part1_baseline"	RelError: 6.87837e-01	AbsError: 6.48057e+17
    Region: "bulk"	RelError: 6.76986e-01	AbsError: 6.48057e+17
      Equation: "ElectronContinuityEquation"	RelError: 1.73360e-01	AbsError: 6.48024e+17
      Equation: "HoleContinuityEquation"	RelError: 2.02922e-01	AbsError: 3.29501e+13
      Equation: "PotentialEquation"	RelError: 3.00704e-01	AbsError: 1.21752e-02
    Region: "oxide"	RelError: 1.08512e-02	AbsError: 2.00000e-02
      Equation: "PotentialEquation"	RelError: 1.08512e-02	AbsError: 2.00000e-02
Iteration: 1
  Device: "part1_baseline"	RelError: 2.94869e-02	AbsError: 3.57992e+15
    Region: "bulk"	RelError: 2.94548e-02	AbsError: 3.57992e+15
      Equation: "ElectronContinuityEquation"	RelError: 1.23846e-02	AbsError: 3.57975e+15
      Equation: "HoleContinuityEquation"	RelError: 1.68029e-02	AbsError: 1.64690e+11
      Equation: "PotentialEquation"	RelError: 2.67438e-04	AbsError: 5.64048e-05
    Region: "oxide"	RelError: 3.20246e-05	AbsError: 5.64048e-05
      Equation: "PotentialEquation"	RelError: 3.20246e-05	AbsError: 5.64048e-05
Iteration: 2
  Device: "part1_baseline"	RelError: 3.65907e-05	AbsError: 4.46933e+11
    Region: "bulk"	RelError: 3.65883e-05	AbsError: 4.46933e+11
      Equation: "ElectronContinuityEquation"	RelError: 1.04361e-06	AbsError: 4.46933e+11
      Equation: "HoleContinuityEquation"	RelError: 3.55300e-05	AbsError: 9.39024e+05
      Equation: "PotentialEquation"	RelError: 1.46427e-08	AbsError: 4.54508e-09
    Region: "oxide"	RelError: 2.45020e-09	AbsError: 4.31552e-09
      Equation: "PotentialEquation"	RelError: 2.45020e-09	AbsError: 4.31552e-09
Iteration: 3
  Device: "part1_baseline"	RelError: 1.15092e-13	AbsError: 7.20252e+03
    Region: "bulk"	RelError: 1.15043e-13	AbsError: 7.20252e+03
      Equation: "ElectronContinuityEquation"	RelError: 7.39826e-15	AbsError: 7.20244e+03
      Equation: "HoleContinuityEquation"	RelError: 1.06889e-13	AbsError: 8.04826e-02
      Equation: "PotentialEquation"	RelError: 7.55052e-16	AbsError: 8.70403e-17
    Region: "oxide"	RelError: 4.94184e-17	AbsError: 8.70403e-17
      Equation: "PotentialEquation"	RelError: 4.94184e-17	AbsError: 8.70403e-17
number of equations 6873
Iteration: 0
  Device: "part1_baseline"	RelError: 8.12689e-01	AbsError: 6.48843e+17
    Region: "bulk"	RelError: 8.01954e-01	AbsError: 6.48843e+17
      Equation: "ElectronContinuityEquation"	RelError: 1.72851e-01	AbsError: 6.48810e+17
      Equation: "HoleContinuityEquation"	RelError: 2.00341e-01	AbsError: 3.27473e+13
      Equation: "PotentialEquation"	RelError: 4.28762e-01	AbsError: 1.20934e-02
    Region: "oxide"	RelError: 1.07347e-02	AbsError: 2.00000e-02
      Equation: "PotentialEquation"	RelError: 1.07347e-02	AbsError: 2.00000e-02
Iteration: 1
  Device: "part1_baseline"	RelError: 2.92416e-02	AbsError: 3.63640e+15
    Region: "bulk"	RelError: 2.92104e-02	AbsError: 3.63640e+15
      Equation: "ElectronContinuityEquation"	RelError: 1.23237e-02	AbsError: 3.63623e+15
      Equation: "HoleContinuityEquation"	RelError: 1.64973e-02	AbsError: 1.64287e+11
      Equation: "PotentialEquation"	RelError: 3.89397e-04	AbsError: 5.54252e-05
    Region: "oxide"	RelError: 3.12624e-05	AbsError: 5.54252e-05
      Equation: "PotentialEquation"	RelError: 3.12624e-05	AbsError: 5.54252e-05
Iteration: 2
  Device: "part1_baseline"	RelError: 3.63555e-05	AbsError: 4.45574e+11
    Region: "bulk"	RelError: 3.63533e-05	AbsError: 4.45574e+11
      Equation: "ElectronContinuityEquation"	RelError: 1.05163e-06	AbsError: 4.45573e+11
      Equation: "HoleContinuityEquation"	RelError: 3.52848e-05	AbsError: 7.91007e+05
      Equation: "PotentialEquation"	RelError: 1.69191e-08	AbsError: 4.29549e-09
    Region: "oxide"	RelError: 2.22926e-09	AbsError: 3.95225e-09
      Equation: "PotentialEquation"	RelError: 2.22926e-09	AbsError: 3.95225e-09
Iteration: 3
  Device: "part1_baseline"	RelError: 1.24557e-13	AbsError: 6.92089e+03
    Region: "bulk"	RelError: 1.24510e-13	AbsError: 6.92089e+03
      Equation: "ElectronContinuityEquation"	RelError: 6.90951e-15	AbsError: 6.92082e+03
      Equation: "HoleContinuityEquation"	RelError: 1.16678e-13	AbsError: 7.52215e-02
      Equation: "PotentialEquation"	RelError: 9.22172e-16	AbsError: 8.39997e-17
    Region: "oxide"	RelError: 4.73798e-17	AbsError: 8.39997e-17
      Equation: "PotentialEquation"	RelError: 4.73798e-17	AbsError: 8.39997e-17
number of equations 6873
Iteration: 0
  Device: "part1_baseline"	RelError: 1.12815e+00	AbsError: 6.49597e+17
    Region: "bulk"	RelError: 1.11753e+00	AbsError: 6.49597e+17
      Equation: "ElectronContinuityEquation"	RelError: 1.72225e-01	AbsError: 6.49565e+17
      Equation: "HoleContinuityEquation"	RelError: 1.97629e-01	AbsError: 3.25414e+13
      Equation: "PotentialEquation"	RelError: 7.47676e-01	AbsError: 1.20077e-02
    Region: "oxide"	RelError: 1.06207e-02	AbsError: 2.00000e-02
      Equation: "PotentialEquation"	RelError: 1.06207e-02	AbsError: 2.00000e-02
Iteration: 1
  Device: "part1_baseline"	RelError: 2.91583e-02	AbsError: 3.67882e+15
    Region: "bulk"	RelError: 2.91277e-02	AbsError: 3.67882e+15
      Equation: "ElectronContinuityEquation"	RelError: 1.22457e-02	AbsError: 3.67866e+15
      Equation: "HoleContinuityEquation"	RelError: 1.61794e-02	AbsError: 1.63915e+11
      Equation: "PotentialEquation"	RelError: 7.02649e-04	AbsError: 5.44915e-05
    Region: "oxide"	RelError: 3.05378e-05	AbsError: 5.44915e-05
      Equation: "PotentialEquation"	RelError: 3.05378e-05	AbsError: 5.44915e-05
Iteration: 2
  Device: "part1_baseline"	RelError: 3.63508e-05	AbsError: 4.38717e+11
    Region: "bulk"	RelError: 3.63488e-05	AbsError: 4.38717e+11
      Equation: "ElectronContinuityEquation"	RelError: 1.08573e-06	AbsError: 4.38717e+11
      Equation: "HoleContinuityEquation"	RelError: 3.52416e-05	AbsError: 6.57932e+05
      Equation: "PotentialEquation"	RelError: 2.14738e-08	AbsError: 4.05355e-09
    Region: "oxide"	RelError: 2.02244e-09	AbsError: 3.60883e-09
      Equation: "PotentialEquation"	RelError: 2.02244e-09	AbsError: 3.60883e-09
Iteration: 3
  Device: "part1_baseline"	RelError: 1.34192e-13	AbsError: 6.47493e+03
    Region: "bulk"	RelError: 1.34147e-13	AbsError: 6.47493e+03
      Equation: "ElectronContinuityEquation"	RelError: 6.61186e-15	AbsError: 6.47486e+03
      Equation: "HoleContinuityEquation"	RelError: 1.26069e-13	AbsError: 7.13467e-02
      Equation: "PotentialEquation"	RelError: 1.46574e-15	AbsError: 8.09152e-17
    Region: "oxide"	RelError: 4.53460e-17	AbsError: 8.09152e-17
      Equation: "PotentialEquation"	RelError: 4.53460e-17	AbsError: 8.09152e-17
number of equations 6873
Iteration: 0
  Device: "part1_baseline"	RelError: 3.30970e+00	AbsError: 6.50322e+17
    Region: "bulk"	RelError: 3.29919e+00	AbsError: 6.50322e+17
      Equation: "ElectronContinuityEquation"	RelError: 1.71470e-01	AbsError: 6.50289e+17
      Equation: "HoleContinuityEquation"	RelError: 1.94778e-01	AbsError: 3.23322e+13
      Equation: "PotentialEquation"	RelError: 2.93294e+00	AbsError: 1.19180e-02
    Region: "oxide"	RelError: 1.05091e-02	AbsError: 2.00000e-02
      Equation: "PotentialEquation"	RelError: 1.05091e-02	AbsError: 2.00000e-02
Iteration: 1
  Device: "part1_baseline"	RelError: 3.08819e-02	AbsError: 3.70848e+15
    Region: "bulk"	RelError: 3.08520e-02	AbsError: 3.70848e+15
      Equation: "ElectronContinuityEquation"	RelError: 1.21489e-02	AbsError: 3.70832e+15
      Equation: "HoleContinuityEquation"	RelError: 1.58486e-02	AbsError: 1.63586e+11
      Equation: "PotentialEquation"	RelError: 2.85449e-03	AbsError: 5.36341e-05
    Region: "oxide"	RelError: 2.98667e-05	AbsError: 5.36341e-05
      Equation: "PotentialEquation"	RelError: 2.98667e-05	AbsError: 5.36341e-05
Iteration: 2
  Device: "part1_baseline"	RelError: 3.63620e-05	AbsError: 4.27288e+11
    Region: "bulk"	RelError: 3.63602e-05	AbsError: 4.27288e+11
      Equation: "ElectronContinuityEquation"	RelError: 1.12094e-06	AbsError: 4.27287e+11
      Equation: "HoleContinuityEquation"	RelError: 3.51776e-05	AbsError: 6.37992e+05
      Equation: "PotentialEquation"	RelError: 6.16095e-08	AbsError: 4.34654e-09
    Region: "oxide"	RelError: 1.83341e-09	AbsError: 3.49863e-09
      Equation: "PotentialEquation"	RelError: 1.83341e-09	AbsError: 3.49863e-09
Iteration: 3
  Device: "part1_baseline"	RelError: 1.52198e-13	AbsError: 5.92602e+03
    Region: "bulk"	RelError: 1.52154e-13	AbsError: 5.92602e+03
      Equation: "ElectronContinuityEquation"	RelError: 6.35778e-15	AbsError: 5.92596e+03
      Equation: "HoleContinuityEquation"	RelError: 1.40207e-13	AbsError: 6.88069e-02
      Equation: "PotentialEquation"	RelError: 5.59004e-15	AbsError: 7.79873e-17
    Region: "oxide"	RelError: 4.34280e-17	AbsError: 7.79873e-17
      Equation: "PotentialEquation"	RelError: 4.34280e-17	AbsError: 7.79873e-17
number of equations 6873
Iteration: 0
  Device: "part1_baseline"	RelError: 3.60354e+00	AbsError: 6.51018e+17
    Region: "bulk"	RelError: 3.59314e+00	AbsError: 6.51018e+17
      Equation: "ElectronContinuityEquation"	RelError: 1.70575e-01	AbsError: 6.50986e+17
      Equation: "HoleContinuityEquation"	RelError: 1.91784e-01	AbsError: 3.21197e+13
      Equation: "PotentialEquation"	RelError: 3.23078e+00	AbsError: 1.18239e-02
    Region: "oxide"	RelError: 1.03998e-02	AbsError: 2.00000e-02
      Equation: "PotentialEquation"	RelError: 1.03998e-02	AbsError: 2.00000e-02
Iteration: 1
  Device: "part1_baseline"	RelError: 3.19164e-02	AbsError: 3.72695e+15
    Region: "bulk"	RelError: 3.18871e-02	AbsError: 3.72695e+15
      Equation: "ElectronContinuityEquation"	RelError: 1.20748e-02	AbsError: 3.72678e+15
      Equation: "HoleContinuityEquation"	RelError: 1.55046e-02	AbsError: 1.63313e+11
      Equation: "PotentialEquation"	RelError: 4.30765e-03	AbsError: 5.28810e-05
    Region: "oxide"	RelError: 2.92635e-05	AbsError: 5.28810e-05
      Equation: "PotentialEquation"	RelError: 2.92635e-05	AbsError: 5.28810e-05
Iteration: 2
  Device: "part1_baseline"	RelError: 3.63708e-05	AbsError: 4.12293e+11
    Region: "bulk"	RelError: 3.63689e-05	AbsError: 4.12293e+11
      Equation: "ElectronContinuityEquation"	RelError: 1.15738e-06	AbsError: 4.12292e+11
      Equation: "HoleContinuityEquation"	RelError: 3.50841e-05	AbsError: 6.81679e+05
      Equation: "PotentialEquation"	RelError: 1.27351e-07	AbsError: 4.77187e-09
    Region: "oxide"	RelError: 1.95424e-09	AbsError: 3.89500e-09
      Equation: "PotentialEquation"	RelError: 1.95424e-09	AbsError: 3.89500e-09
Iteration: 3
  Device: "part1_baseline"	RelError: 1.74871e-13	AbsError: 5.33298e+03
    Region: "bulk"	RelError: 1.74829e-13	AbsError: 5.33298e+03
      Equation: "ElectronContinuityEquation"	RelError: 6.16399e-15	AbsError: 5.33292e+03
      Equation: "HoleContinuityEquation"	RelError: 1.59747e-13	AbsError: 6.76015e-02
      Equation: "PotentialEquation"	RelError: 8.91834e-15	AbsError: 7.54737e-17
    Region: "oxide"	RelError: 4.17659e-17	AbsError: 7.54737e-17
      Equation: "PotentialEquation"	RelError: 4.17659e-17	AbsError: 7.54737e-17
number of equations 6873
Iteration: 0
  Device: "part1_baseline"	RelError: 1.82145e+00	AbsError: 6.51688e+17
    Region: "bulk"	RelError: 1.81116e+00	AbsError: 6.51688e+17
      Equation: "ElectronContinuityEquation"	RelError: 1.69525e-01	AbsError: 6.51656e+17
      Equation: "HoleContinuityEquation"	RelError: 1.88777e-01	AbsError: 3.19036e+13
      Equation: "PotentialEquation"	RelError: 1.45286e+00	AbsError: 1.17253e-02
    Region: "oxide"	RelError: 1.02927e-02	AbsError: 2.00000e-02
      Equation: "PotentialEquation"	RelError: 1.02927e-02	AbsError: 2.00000e-02
Iteration: 1
  Device: "part1_baseline"	RelError: 2.92238e-02	AbsError: 3.73595e+15
    Region: "bulk"	RelError: 2.91951e-02	AbsError: 3.73595e+15
      Equation: "ElectronContinuityEquation"	RelError: 1.20068e-02	AbsError: 3.73579e+15
      Equation: "HoleContinuityEquation"	RelError: 1.51471e-02	AbsError: 1.63109e+11
      Equation: "PotentialEquation"	RelError: 2.04112e-03	AbsError: 5.43380e-05
    Region: "oxide"	RelError: 2.87409e-05	AbsError: 5.22579e-05
      Equation: "PotentialEquation"	RelError: 2.87409e-05	AbsError: 5.22579e-05
Iteration: 2
  Device: "part1_baseline"	RelError: 3.62028e-05	AbsError: 3.94754e+11
    Region: "bulk"	RelError: 3.62006e-05	AbsError: 3.94754e+11
      Equation: "ElectronContinuityEquation"	RelError: 1.19922e-06	AbsError: 3.94754e+11
      Equation: "HoleContinuityEquation"	RelError: 3.49484e-05	AbsError: 7.21157e+05
      Equation: "PotentialEquation"	RelError: 5.30289e-08	AbsError: 5.24060e-09
    Region: "oxide"	RelError: 2.16798e-09	AbsError: 4.34632e-09
      Equation: "PotentialEquation"	RelError: 2.16798e-09	AbsError: 4.34632e-09
Iteration: 3
  Device: "part1_baseline"	RelError: 1.91414e-13	AbsError: 4.74635e+03
    Region: "bulk"	RelError: 1.91373e-13	AbsError: 4.74635e+03
      Equation: "ElectronContinuityEquation"	RelError: 7.22037e-15	AbsError: 4.74628e+03
      Equation: "HoleContinuityEquation"	RelError: 1.80076e-13	AbsError: 6.78030e-02
      Equation: "PotentialEquation"	RelError: 4.07710e-15	AbsError: 7.36526e-17
    Region: "oxide"	RelError: 4.05076e-17	AbsError: 7.36526e-17
      Equation: "PotentialEquation"	RelError: 4.05076e-17	AbsError: 7.36526e-17
number of equations 6873
Iteration: 0
  Device: "part1_baseline"	RelError: 9.58567e-01	AbsError: 6.52333e+17
    Region: "bulk"	RelError: 9.48379e-01	AbsError: 6.52333e+17
      Equation: "ElectronContinuityEquation"	RelError: 1.68306e-01	AbsError: 6.52301e+17
      Equation: "HoleContinuityEquation"	RelError: 1.87951e-01	AbsError: 3.16838e+13
      Equation: "PotentialEquation"	RelError: 5.92122e-01	AbsError: 1.16217e-02
    Region: "oxide"	RelError: 1.01879e-02	AbsError: 2.00000e-02
      Equation: "PotentialEquation"	RelError: 1.01879e-02	AbsError: 2.00000e-02
Iteration: 1
  Device: "part1_baseline"	RelError: 2.76017e-02	AbsError: 3.73734e+15
    Region: "bulk"	RelError: 2.75734e-02	AbsError: 3.73734e+15
      Equation: "ElectronContinuityEquation"	RelError: 1.19248e-02	AbsError: 3.73717e+15
      Equation: "HoleContinuityEquation"	RelError: 1.47760e-02	AbsError: 1.62983e+11
      Equation: "PotentialEquation"	RelError: 8.72580e-04	AbsError: 5.65087e-05
    Region: "oxide"	RelError: 2.83097e-05	AbsError: 5.39420e-05
      Equation: "PotentialEquation"	RelError: 2.83097e-05	AbsError: 5.39420e-05
Iteration: 2
  Device: "part1_baseline"	RelError: 3.60241e-05	AbsError: 3.75656e+11
    Region: "bulk"	RelError: 3.60217e-05	AbsError: 3.75656e+11
      Equation: "ElectronContinuityEquation"	RelError: 1.24716e-06	AbsError: 3.75655e+11
      Equation: "HoleContinuityEquation"	RelError: 3.47540e-05	AbsError: 7.56462e+05
      Equation: "PotentialEquation"	RelError: 2.05141e-08	AbsError: 5.75344e-09
    Region: "oxide"	RelError: 2.40888e-09	AbsError: 4.85713e-09
      Equation: "PotentialEquation"	RelError: 2.40888e-09	AbsError: 4.85713e-09
Iteration: 3
  Device: "part1_baseline"	RelError: 2.12164e-13	AbsError: 4.20548e+03
    Region: "bulk"	RelError: 2.12124e-13	AbsError: 4.20548e+03
      Equation: "ElectronContinuityEquation"	RelError: 8.88846e-15	AbsError: 4.20541e+03
      Equation: "HoleContinuityEquation"	RelError: 2.01520e-13	AbsError: 6.97770e-02
      Equation: "PotentialEquation"	RelError: 1.71542e-15	AbsError: 7.27943e-17
    Region: "oxide"	RelError: 3.97932e-17	AbsError: 7.27943e-17
      Equation: "PotentialEquation"	RelError: 3.97932e-17	AbsError: 7.27943e-17
Adding 660 nodes
Adding 1560 edges with 0 duplicates removed
Adding 900 triangles  with 0 duplicate removed
Adding 2268 nodes
Adding 6607 edges with 0 duplicates removed
Adding 4340 triangles  with 0 duplicate removed
Adding 115 nodes
Adding 290 edges with 0 duplicates removed
Adding 176 triangles  with 0 duplicate removed
Adding 69 nodes
Adding 156 edges with 0 duplicates removed
Adding 88 triangles  with 0 duplicate removed
Contact body in region bulk with 63 nodes
Contact drain in region bulk with 21 nodes
Contact gate in region oxide with 23 nodes
Contact source in region bulk with 21 nodes
Adding interface bulk_oxide with 21, 21 nodes
Replacing Node Model DrainDoping in region bulk of material Silicon
Replacing Node Model NetDoping in region bulk of material Silicon
Replacing Node Model SourceDoping in region bulk of material Silicon
Replacing Node Model gatenodemodel in region oxide of material Oxide
number of equations 2337
Iteration: 0
  Device: "part1_baseline"	RelError: 2.00000e+00	AbsError: 2.02936e-01
    Region: "bulk"	RelError: 1.00000e+00	AbsError: 2.02936e-01
      Equation: "PotentialEquation"	RelError: 1.00000e+00	AbsError: 2.02936e-01
    Region: "oxide"	RelError: 1.00000e+00	AbsError: 1.30331e-01
      Equation: "PotentialEquation"	RelError: 1.00000e+00	AbsError: 1.30331e-01
Iteration: 1
  Device: "part1_baseline"	RelError: 9.97423e-01	AbsError: 2.02490e-01
    Region: "bulk"	RelError: 4.99589e-01	AbsError: 2.02490e-01
      Equation: "PotentialEquation"	RelError: 4.99589e-01	AbsError: 2.02490e-01
    Region: "oxide"	RelError: 4.97834e-01	AbsError: 1.29207e-01
      Equation: "PotentialEquation"	RelError: 4.97834e-01	AbsError: 1.29207e-01
Iteration: 2
  Device: "part1_baseline"	RelError: 9.67069e+00	AbsError: 1.49470e-01
    Region: "bulk"	RelError: 5.74603e-01	AbsError: 1.49470e-01
      Equation: "PotentialEquation"	RelError: 5.74603e-01	AbsError: 1.49470e-01
    Region: "oxide"	RelError: 9.09609e+00	AbsError: 8.35598e-02
      Equation: "PotentialEquation"	RelError: 9.09609e+00	AbsError: 8.35598e-02
Iteration: 3
  Device: "part1_baseline"	RelError: 3.85565e+00	AbsError: 8.09054e-02
    Region: "bulk"	RelError: 1.34714e+00	AbsError: 8.09054e-02
      Equation: "PotentialEquation"	RelError: 1.34714e+00	AbsError: 8.09054e-02
    Region: "oxide"	RelError: 2.50852e+00	AbsError: 5.74791e-02
      Equation: "PotentialEquation"	RelError: 2.50852e+00	AbsError: 5.74791e-02
Iteration: 4
  Device: "part1_baseline"	RelError: 5.72677e+01	AbsError: 8.06119e-02
    Region: "bulk"	RelError: 5.00866e+01	AbsError: 8.06119e-02
      Equation: "PotentialEquation"	RelError: 5.00866e+01	AbsError: 8.06119e-02
    Region: "oxide"	RelError: 7.18115e+00	AbsError: 5.46437e-02
      Equation: "PotentialEquation"	RelError: 7.18115e+00	AbsError: 5.46437e-02
Iteration: 5
  Device: "part1_baseline"	RelError: 1.63689e+02	AbsError: 7.94942e-02
    Region: "bulk"	RelError: 1.46855e+02	AbsError: 7.94942e-02
      Equation: "PotentialEquation"	RelError: 1.46855e+02	AbsError: 7.94942e-02
    Region: "oxide"	RelError: 1.68335e+01	AbsError: 4.99660e-02
      Equation: "PotentialEquation"	RelError: 1.68335e+01	AbsError: 4.99660e-02
Iteration: 6
  Device: "part1_baseline"	RelError: 1.41561e+02	AbsError: 7.77223e-02
    Region: "bulk"	RelError: 1.36578e+02	AbsError: 7.77223e-02
      Equation: "PotentialEquation"	RelError: 1.36578e+02	AbsError: 7.77223e-02
    Region: "oxide"	RelError: 4.98317e+00	AbsError: 4.38644e-02
      Equation: "PotentialEquation"	RelError: 4.98317e+00	AbsError: 4.38644e-02
Iteration: 7
  Device: "part1_baseline"	RelError: 1.26293e+02	AbsError: 7.52067e-02
    Region: "bulk"	RelError: 1.24396e+02	AbsError: 7.52067e-02
      Equation: "PotentialEquation"	RelError: 1.24396e+02	AbsError: 7.52067e-02
    Region: "oxide"	RelError: 1.89727e+00	AbsError: 3.60173e-02
      Equation: "PotentialEquation"	RelError: 1.89727e+00	AbsError: 3.60173e-02
Iteration: 8
  Device: "part1_baseline"	RelError: 1.04117e+02	AbsError: 7.14004e-02
    Region: "bulk"	RelError: 5.53988e+01	AbsError: 7.14004e-02
      Equation: "PotentialEquation"	RelError: 5.53988e+01	AbsError: 7.14004e-02
    Region: "oxide"	RelError: 4.87182e+01	AbsError: 2.60530e-02
      Equation: "PotentialEquation"	RelError: 4.87182e+01	AbsError: 2.60530e-02
Iteration: 9
  Device: "part1_baseline"	RelError: 1.02634e+02	AbsError: 6.47653e-02
    Region: "bulk"	RelError: 1.01601e+02	AbsError: 6.47653e-02
      Equation: "PotentialEquation"	RelError: 1.01601e+02	AbsError: 6.47653e-02
    Region: "oxide"	RelError: 1.03302e+00	AbsError: 1.92905e-02
      Equation: "PotentialEquation"	RelError: 1.03302e+00	AbsError: 1.92905e-02
Iteration: 10
  Device: "part1_baseline"	RelError: 1.76214e+01	AbsError: 5.22713e-02
    Region: "bulk"	RelError: 1.74378e+01	AbsError: 5.22713e-02
      Equation: "PotentialEquation"	RelError: 1.74378e+01	AbsError: 5.22713e-02
    Region: "oxide"	RelError: 1.83567e-01	AbsError: 3.20475e-03
      Equation: "PotentialEquation"	RelError: 1.83567e-01	AbsError: 3.20475e-03
Iteration: 11
  Device: "part1_baseline"	RelError: 6.14415e+00	AbsError: 3.98850e-02
    Region: "bulk"	RelError: 5.94239e+00	AbsError: 3.98850e-02
      Equation: "PotentialEquation"	RelError: 5.94239e+00	AbsError: 3.98850e-02
    Region: "oxide"	RelError: 2.01764e-01	AbsError: 2.63285e-03
      Equation: "PotentialEquation"	RelError: 2.01764e-01	AbsError: 2.63285e-03
Iteration: 12
  Device: "part1_baseline"	RelError: 7.35287e+00	AbsError: 2.58914e-02
    Region: "bulk"	RelError: 7.31202e+00	AbsError: 2.58914e-02
      Equation: "PotentialEquation"	RelError: 7.31202e+00	AbsError: 2.58914e-02
    Region: "oxide"	RelError: 4.08432e-02	AbsError: 4.35059e-04
      Equation: "PotentialEquation"	RelError: 4.08432e-02	AbsError: 4.35059e-04
Iteration: 13
  Device: "part1_baseline"	RelError: 8.89912e-01	AbsError: 8.94480e-03
    Region: "bulk"	RelError: 8.86401e-01	AbsError: 8.94480e-03
      Equation: "PotentialEquation"	RelError: 8.86401e-01	AbsError: 8.94480e-03
    Region: "oxide"	RelError: 3.51063e-03	AbsError: 2.94086e-05
      Equation: "PotentialEquation"	RelError: 3.51063e-03	AbsError: 2.94086e-05
Iteration: 14
  Device: "part1_baseline"	RelError: 3.22418e-02	AbsError: 3.51952e-04
    Region: "bulk"	RelError: 3.21806e-02	AbsError: 3.51952e-04
      Equation: "PotentialEquation"	RelError: 3.21806e-02	AbsError: 3.51952e-04
    Region: "oxide"	RelError: 6.12469e-05	AbsError: 4.14770e-07
      Equation: "PotentialEquation"	RelError: 6.12469e-05	AbsError: 4.14770e-07
Iteration: 15
  Device: "part1_baseline"	RelError: 5.15419e-05	AbsError: 9.48037e-07
    Region: "bulk"	RelError: 5.14724e-05	AbsError: 9.48037e-07
      Equation: "PotentialEquation"	RelError: 5.14724e-05	AbsError: 9.48037e-07
    Region: "oxide"	RelError: 6.94549e-08	AbsError: 4.26203e-10
      Equation: "PotentialEquation"	RelError: 6.94549e-08	AbsError: 4.26203e-10
Iteration: 16
  Device: "part1_baseline"	RelError: 2.50761e-10	AbsError: 7.17488e-12
    Region: "bulk"	RelError: 2.50456e-10	AbsError: 7.17488e-12
      Equation: "PotentialEquation"	RelError: 2.50456e-10	AbsError: 7.17488e-12
    Region: "oxide"	RelError: 3.04545e-13	AbsError: 1.84504e-15
      Equation: "PotentialEquation"	RelError: 3.04545e-13	AbsError: 1.84504e-15
Iteration: 17
  Device: "part1_baseline"	RelError: 1.03998e-20	AbsError: 4.32967e-22
    Region: "bulk"	RelError: 1.03876e-20	AbsError: 4.32967e-22
      Equation: "PotentialEquation"	RelError: 1.03876e-20	AbsError: 4.32967e-22
    Region: "oxide"	RelError: 1.21567e-23	AbsError: 7.34182e-26
      Equation: "PotentialEquation"	RelError: 1.21567e-23	AbsError: 7.34182e-26
Warning: Replacing equation with equation of the same name.
Region: bulk, Equation: PotentialEquation, Variable: Potential
number of equations 6873
Iteration: 0
  Device: "part1_baseline"	RelError: 1.84537e-28	AbsError: 1.43901e-13
    Region: "bulk"	RelError: 1.84533e-28	AbsError: 1.43901e-13
      Equation: "ElectronContinuityEquation"	RelError: 1.40389e-28	AbsError: 1.43885e-13
      Equation: "HoleContinuityEquation"	RelError: 4.41100e-29	AbsError: 1.62639e-17
      Equation: "PotentialEquation"	RelError: 3.32866e-32	AbsError: 2.95934e-34
    Region: "oxide"	RelError: 4.31482e-33	AbsError: 4.15083e-35
      Equation: "PotentialEquation"	RelError: 4.31482e-33	AbsError: 4.15083e-35
number of equations 6873
Iteration: 0
  Device: "part1_baseline"	RelError: 2.06646e+03	AbsError: 4.77477e+16
    Region: "bulk"	RelError: 2.06620e+03	AbsError: 4.77477e+16
      Equation: "ElectronContinuityEquation"	RelError: 9.99000e+02	AbsError: 4.50777e+16
      Equation: "HoleContinuityEquation"	RelError: 9.99000e+02	AbsError: 2.66995e+15
      Equation: "PotentialEquation"	RelError: 6.81968e+01	AbsError: 4.09542e-02
    Region: "oxide"	RelError: 2.59587e-01	AbsError: 4.29503e-03
      Equation: "PotentialEquation"	RelError: 2.59587e-01	AbsError: 4.29503e-03
Iteration: 1
  Device: "part1_baseline"	RelError: 8.56554e+00	AbsError: 2.35586e+15
    Region: "bulk"	RelError: 8.54875e+00	AbsError: 2.35586e+15
      Equation: "ElectronContinuityEquation"	RelError: 9.98728e-01	AbsError: 1.64493e+15
      Equation: "HoleContinuityEquation"	RelError: 9.98677e-01	AbsError: 7.10925e+14
      Equation: "PotentialEquation"	RelError: 6.55135e+00	AbsError: 3.07632e-02
    Region: "oxide"	RelError: 1.67881e-02	AbsError: 4.09418e-04
      Equation: "PotentialEquation"	RelError: 1.67881e-02	AbsError: 4.09418e-04
Iteration: 2
  Device: "part1_baseline"	RelError: 1.00800e+03	AbsError: 3.63522e+14
    Region: "bulk"	RelError: 1.00800e+03	AbsError: 3.63522e+14
      Equation: "ElectronContinuityEquation"	RelError: 9.99000e+02	AbsError: 1.94635e+14
      Equation: "HoleContinuityEquation"	RelError: 8.60189e+00	AbsError: 1.68887e+14
      Equation: "PotentialEquation"	RelError: 3.97975e-01	AbsError: 2.58041e-02
    Region: "oxide"	RelError: 1.76788e-03	AbsError: 4.61191e-05
      Equation: "PotentialEquation"	RelError: 1.76788e-03	AbsError: 4.61191e-05
Iteration: 3
  Device: "part1_baseline"	RelError: 1.52773e+00	AbsError: 5.79257e+13
    Region: "bulk"	RelError: 1.52758e+00	AbsError: 5.79257e+13
      Equation: "ElectronContinuityEquation"	RelError: 9.97027e-01	AbsError: 5.23162e+12
      Equation: "HoleContinuityEquation"	RelError: 5.00566e-01	AbsError: 5.26941e+13
      Equation: "PotentialEquation"	RelError: 2.99899e-02	AbsError: 9.16533e-03
    Region: "oxide"	RelError: 1.46942e-04	AbsError: 5.59952e-06
      Equation: "PotentialEquation"	RelError: 1.46942e-04	AbsError: 5.59952e-06
Iteration: 4
  Device: "part1_baseline"	RelError: 1.47134e-01	AbsError: 3.93498e+13
    Region: "bulk"	RelError: 1.46992e-01	AbsError: 3.93498e+13
      Equation: "ElectronContinuityEquation"	RelError: 1.03751e-01	AbsError: 2.58060e+13
      Equation: "HoleContinuityEquation"	RelError: 5.49909e-03	AbsError: 1.35437e+13
      Equation: "PotentialEquation"	RelError: 3.77424e-02	AbsError: 6.58666e-05
    Region: "oxide"	RelError: 1.41687e-04	AbsError: 2.19385e-06
      Equation: "PotentialEquation"	RelError: 1.41687e-04	AbsError: 2.19385e-06
Iteration: 5
  Device: "part1_baseline"	RelError: 3.18923e-05	AbsError: 4.84015e+09
    Region: "bulk"	RelError: 3.18916e-05	AbsError: 4.84015e+09
      Equation: "ElectronContinuityEquation"	RelError: 2.07051e-05	AbsError: 1.47993e+09
      Equation: "HoleContinuityEquation"	RelError: 9.62175e-06	AbsError: 3.36023e+09
      Equation: "PotentialEquation"	RelError: 1.56474e-06	AbsError: 1.25262e-08
    Region: "oxide"	RelError: 7.62444e-10	AbsError: 5.37621e-11
      Equation: "PotentialEquation"	RelError: 7.62444e-10	AbsError: 5.37621e-11
Iteration: 6
  Device: "part1_baseline"	RelError: 2.29553e-12	AbsError: 1.97386e+02
    Region: "bulk"	RelError: 2.29552e-12	AbsError: 1.97386e+02
      Equation: "ElectronContinuityEquation"	RelError: 5.12825e-13	AbsError: 6.57439e+01
      Equation: "HoleContinuityEquation"	RelError: 1.72937e-12	AbsError: 1.31642e+02
      Equation: "PotentialEquation"	RelError: 5.33287e-14	AbsError: 5.89467e-16
    Region: "oxide"	RelError: 7.64372e-18	AbsError: 5.38980e-19
      Equation: "PotentialEquation"	RelError: 7.64372e-18	AbsError: 5.38980e-19
number of equations 6873
Iteration: 0
  Device: "part1_baseline"	RelError: 4.22299e+03	AbsError: 4.44755e+16
    Region: "bulk"	RelError: 4.22280e+03	AbsError: 4.44755e+16
      Equation: "ElectronContinuityEquation"	RelError: 9.99000e+02	AbsError: 4.22050e+16
      Equation: "HoleContinuityEquation"	RelError: 3.14595e+03	AbsError: 2.27047e+15
      Equation: "PotentialEquation"	RelError: 7.78528e+01	AbsError: 4.09542e-02
    Region: "oxide"	RelError: 1.90138e-01	AbsError: 3.61692e-03
      Equation: "PotentialEquation"	RelError: 1.90138e-01	AbsError: 3.61692e-03
Iteration: 1
  Device: "part1_baseline"	RelError: 1.00252e+03	AbsError: 2.01123e+15
    Region: "bulk"	RelError: 1.00252e+03	AbsError: 2.01123e+15
      Equation: "ElectronContinuityEquation"	RelError: 9.99000e+02	AbsError: 1.36013e+15
      Equation: "HoleContinuityEquation"	RelError: 9.99125e-01	AbsError: 6.51099e+14
      Equation: "PotentialEquation"	RelError: 2.51597e+00	AbsError: 3.07632e-02
    Region: "oxide"	RelError: 9.63667e-03	AbsError: 2.43892e-04
      Equation: "PotentialEquation"	RelError: 9.63667e-03	AbsError: 2.43892e-04
Iteration: 2
  Device: "part1_baseline"	RelError: 1.17738e+01	AbsError: 2.59290e+14
    Region: "bulk"	RelError: 1.17728e+01	AbsError: 2.59290e+14
      Equation: "ElectronContinuityEquation"	RelError: 3.05913e+00	AbsError: 1.53130e+14
      Equation: "HoleContinuityEquation"	RelError: 8.66648e+00	AbsError: 1.06159e+14
      Equation: "PotentialEquation"	RelError: 4.72072e-02	AbsError: 2.56487e-02
    Region: "oxide"	RelError: 9.99909e-04	AbsError: 2.70555e-05
      Equation: "PotentialEquation"	RelError: 9.99909e-04	AbsError: 2.70555e-05
Iteration: 3
  Device: "part1_baseline"	RelError: 1.00838e+00	AbsError: 3.28436e+13
    Region: "bulk"	RelError: 1.00833e+00	AbsError: 3.28436e+13
      Equation: "ElectronContinuityEquation"	RelError: 4.89230e-01	AbsError: 3.61436e+12
      Equation: "HoleContinuityEquation"	RelError: 5.02662e-01	AbsError: 2.92292e+13
      Equation: "PotentialEquation"	RelError: 1.64358e-02	AbsError: 9.16533e-03
    Region: "oxide"	RelError: 4.91332e-05	AbsError: 2.49046e-06
      Equation: "PotentialEquation"	RelError: 4.91332e-05	AbsError: 2.49046e-06
Iteration: 4
  Device: "part1_baseline"	RelError: 1.57850e-02	AbsError: 4.10500e+13
    Region: "bulk"	RelError: 1.56693e-02	AbsError: 4.10500e+13
      Equation: "ElectronContinuityEquation"	RelError: 2.54962e-03	AbsError: 2.67632e+13
      Equation: "HoleContinuityEquation"	RelError: 7.39003e-03	AbsError: 1.42868e+13
      Equation: "PotentialEquation"	RelError: 5.72965e-03	AbsError: 6.63139e-05
    Region: "oxide"	RelError: 1.15659e-04	AbsError: 2.10711e-06
      Equation: "PotentialEquation"	RelError: 1.15659e-04	AbsError: 2.10711e-06
Iteration: 5
  Device: "part1_baseline"	RelError: 1.43823e-05	AbsError: 6.57145e+09
    Region: "bulk"	RelError: 1.43785e-05	AbsError: 6.57145e+09
      Equation: "ElectronContinuityEquation"	RelError: 1.11323e-06	AbsError: 1.93184e+09
      Equation: "HoleContinuityEquation"	RelError: 1.26683e-05	AbsError: 4.63961e+09
      Equation: "PotentialEquation"	RelError: 5.96952e-07	AbsError: 1.65115e-08
    Region: "oxide"	RelError: 3.78871e-09	AbsError: 3.68815e-11
      Equation: "PotentialEquation"	RelError: 3.78871e-09	AbsError: 3.68815e-11
Iteration: 6
  Device: "part1_baseline"	RelError: 2.93957e-12	AbsError: 5.46207e+02
    Region: "bulk"	RelError: 2.93948e-12	AbsError: 5.46207e+02
      Equation: "ElectronContinuityEquation"	RelError: 1.54012e-13	AbsError: 1.56032e+02
      Equation: "HoleContinuityEquation"	RelError: 2.73578e-12	AbsError: 3.90175e+02
      Equation: "PotentialEquation"	RelError: 4.96841e-14	AbsError: 1.43349e-15
    Region: "oxide"	RelError: 9.34686e-17	AbsError: 8.04022e-19
      Equation: "PotentialEquation"	RelError: 9.34686e-17	AbsError: 8.04022e-19
number of equations 6873
Iteration: 0
  Device: "part1_baseline"	RelError: 5.08125e+03	AbsError: 4.18524e+16
    Region: "bulk"	RelError: 5.08110e+03	AbsError: 4.18524e+16
      Equation: "ElectronContinuityEquation"	RelError: 9.99000e+02	AbsError: 3.98108e+16
      Equation: "HoleContinuityEquation"	RelError: 4.04278e+03	AbsError: 2.04153e+15
      Equation: "PotentialEquation"	RelError: 3.93147e+01	AbsError: 4.09542e-02
    Region: "oxide"	RelError: 1.48993e-01	AbsError: 3.20293e-03
      Equation: "PotentialEquation"	RelError: 1.48993e-01	AbsError: 3.20293e-03
Iteration: 1
  Device: "part1_baseline"	RelError: 1.00095e+03	AbsError: 1.64814e+15
    Region: "bulk"	RelError: 1.00094e+03	AbsError: 1.64814e+15
      Equation: "ElectronContinuityEquation"	RelError: 9.99000e+02	AbsError: 1.13377e+15
      Equation: "HoleContinuityEquation"	RelError: 9.99339e-01	AbsError: 5.14367e+14
      Equation: "PotentialEquation"	RelError: 9.42831e-01	AbsError: 3.07632e-02
    Region: "oxide"	RelError: 6.12722e-03	AbsError: 1.64496e-04
      Equation: "PotentialEquation"	RelError: 6.12722e-03	AbsError: 1.64496e-04
Iteration: 2
  Device: "part1_baseline"	RelError: 1.04778e+01	AbsError: 1.97032e+14
    Region: "bulk"	RelError: 1.04772e+01	AbsError: 1.97032e+14
      Equation: "ElectronContinuityEquation"	RelError: 9.99999e-01	AbsError: 1.19152e+14
      Equation: "HoleContinuityEquation"	RelError: 9.43692e+00	AbsError: 7.78801e+13
      Equation: "PotentialEquation"	RelError: 4.02560e-02	AbsError: 2.58899e-02
    Region: "oxide"	RelError: 6.04524e-04	AbsError: 1.70997e-05
      Equation: "PotentialEquation"	RelError: 6.04524e-04	AbsError: 1.70997e-05
Iteration: 3
  Device: "part1_baseline"	RelError: 7.95414e-01	AbsError: 2.95942e+13
    Region: "bulk"	RelError: 7.95404e-01	AbsError: 2.95942e+13
      Equation: "ElectronContinuityEquation"	RelError: 2.45545e-01	AbsError: 6.89296e+12
      Equation: "HoleContinuityEquation"	RelError: 5.35922e-01	AbsError: 2.27012e+13
      Equation: "PotentialEquation"	RelError: 1.39366e-02	AbsError: 9.16533e-03
    Region: "oxide"	RelError: 1.03554e-05	AbsError: 7.96985e-07
      Equation: "PotentialEquation"	RelError: 1.03554e-05	AbsError: 7.96985e-07
Iteration: 4
  Device: "part1_baseline"	RelError: 1.80139e-02	AbsError: 5.02125e+13
    Region: "bulk"	RelError: 1.79129e-02	AbsError: 5.02125e+13
      Equation: "ElectronContinuityEquation"	RelError: 6.16857e-03	AbsError: 2.78753e+13
      Equation: "HoleContinuityEquation"	RelError: 6.97028e-03	AbsError: 2.23372e+13
      Equation: "PotentialEquation"	RelError: 4.77408e-03	AbsError: 8.46009e-05
    Region: "oxide"	RelError: 1.00984e-04	AbsError: 2.11682e-06
      Equation: "PotentialEquation"	RelError: 1.00984e-04	AbsError: 2.11682e-06
Iteration: 5
  Device: "part1_baseline"	RelError: 1.35907e-05	AbsError: 2.19516e+10
    Region: "bulk"	RelError: 1.35820e-05	AbsError: 2.19516e+10
      Equation: "ElectronContinuityEquation"	RelError: 1.85829e-06	AbsError: 6.03164e+09
      Equation: "HoleContinuityEquation"	RelError: 1.10528e-05	AbsError: 1.59200e+10
      Equation: "PotentialEquation"	RelError: 6.70985e-07	AbsError: 6.30740e-08
    Region: "oxide"	RelError: 8.66567e-09	AbsError: 1.16948e-10
      Equation: "PotentialEquation"	RelError: 8.66567e-09	AbsError: 1.16948e-10
Iteration: 6
  Device: "part1_baseline"	RelError: 7.15030e-12	AbsError: 1.12015e+04
    Region: "bulk"	RelError: 7.14919e-12	AbsError: 1.12015e+04
      Equation: "ElectronContinuityEquation"	RelError: 1.50265e-12	AbsError: 2.79330e+03
      Equation: "HoleContinuityEquation"	RelError: 5.42600e-12	AbsError: 8.40824e+03
      Equation: "PotentialEquation"	RelError: 2.20538e-13	AbsError: 3.28659e-14
    Region: "oxide"	RelError: 1.10604e-15	AbsError: 1.32039e-17
      Equation: "PotentialEquation"	RelError: 1.10604e-15	AbsError: 1.32039e-17
number of equations 6873
Iteration: 0
  Device: "part1_baseline"	RelError: 2.03135e+03	AbsError: 3.96178e+16
    Region: "bulk"	RelError: 2.03123e+03	AbsError: 3.96178e+16
      Equation: "ElectronContinuityEquation"	RelError: 9.99000e+02	AbsError: 3.77966e+16
      Equation: "HoleContinuityEquation"	RelError: 9.99000e+02	AbsError: 1.82113e+15
      Equation: "PotentialEquation"	RelError: 3.32271e+01	AbsError: 4.09542e-02
    Region: "oxide"	RelError: 1.22082e-01	AbsError: 2.91796e-03
      Equation: "PotentialEquation"	RelError: 1.22082e-01	AbsError: 2.91796e-03
Iteration: 1
  Device: "part1_baseline"	RelError: 1.00715e+03	AbsError: 1.36397e+15
    Region: "bulk"	RelError: 1.00714e+03	AbsError: 1.36397e+15
      Equation: "ElectronContinuityEquation"	RelError: 9.99000e+02	AbsError: 9.49507e+14
      Equation: "HoleContinuityEquation"	RelError: 9.98548e-01	AbsError: 4.14462e+14
      Equation: "PotentialEquation"	RelError: 7.14508e+00	AbsError: 3.07632e-02
    Region: "oxide"	RelError: 4.16551e-03	AbsError: 1.19713e-04
      Equation: "PotentialEquation"	RelError: 4.16551e-03	AbsError: 1.19713e-04
Iteration: 2
  Device: "part1_baseline"	RelError: 1.18044e+01	AbsError: 1.53071e+14
    Region: "bulk"	RelError: 1.18040e+01	AbsError: 1.53071e+14
      Equation: "ElectronContinuityEquation"	RelError: 9.99998e-01	AbsError: 9.33544e+13
      Equation: "HoleContinuityEquation"	RelError: 8.82941e+00	AbsError: 5.97168e+13
      Equation: "PotentialEquation"	RelError: 1.97456e+00	AbsError: 2.58689e-02
    Region: "oxide"	RelError: 3.89294e-04	AbsError: 1.15612e-05
      Equation: "PotentialEquation"	RelError: 3.89294e-04	AbsError: 1.15612e-05
Iteration: 3
  Device: "part1_baseline"	RelError: 8.75922e-01	AbsError: 3.73578e+13
    Region: "bulk"	RelError: 8.75900e-01	AbsError: 3.73578e+13
      Equation: "ElectronContinuityEquation"	RelError: 2.11122e-01	AbsError: 1.16000e+13
      Equation: "HoleContinuityEquation"	RelError: 5.48001e-01	AbsError: 2.57578e+13
      Equation: "PotentialEquation"	RelError: 1.16776e-01	AbsError: 9.16533e-03
    Region: "oxide"	RelError: 2.26642e-05	AbsError: 3.07902e-07
      Equation: "PotentialEquation"	RelError: 2.26642e-05	AbsError: 3.07902e-07
Iteration: 4
  Device: "part1_baseline"	RelError: 3.59924e-01	AbsError: 5.66085e+13
    Region: "bulk"	RelError: 3.59833e-01	AbsError: 5.66085e+13
      Equation: "ElectronContinuityEquation"	RelError: 1.59642e-02	AbsError: 2.94331e+13
      Equation: "HoleContinuityEquation"	RelError: 8.20047e-03	AbsError: 2.71755e+13
      Equation: "PotentialEquation"	RelError: 3.35668e-01	AbsError: 9.27407e-05
    Region: "oxide"	RelError: 9.16157e-05	AbsError: 2.12993e-06
      Equation: "PotentialEquation"	RelError: 9.16157e-05	AbsError: 2.12993e-06
Iteration: 5
  Device: "part1_baseline"	RelError: 6.96623e-05	AbsError: 3.25608e+10
    Region: "bulk"	RelError: 6.96463e-05	AbsError: 3.25608e+10
      Equation: "ElectronContinuityEquation"	RelError: 1.82204e-06	AbsError: 8.69358e+09
      Equation: "HoleContinuityEquation"	RelError: 1.11704e-05	AbsError: 2.38672e+10
      Equation: "PotentialEquation"	RelError: 5.66538e-05	AbsError: 8.14306e-08
    Region: "oxide"	RelError: 1.60621e-08	AbsError: 2.68168e-10
      Equation: "PotentialEquation"	RelError: 1.60621e-08	AbsError: 2.68168e-10
Iteration: 6
  Device: "part1_baseline"	RelError: 2.74286e-11	AbsError: 2.47439e+04
    Region: "bulk"	RelError: 2.74241e-11	AbsError: 2.47439e+04
      Equation: "ElectronContinuityEquation"	RelError: 1.85047e-12	AbsError: 6.15992e+03
      Equation: "HoleContinuityEquation"	RelError: 1.00272e-11	AbsError: 1.85840e+04
      Equation: "PotentialEquation"	RelError: 1.55464e-11	AbsError: 6.14288e-14
    Region: "oxide"	RelError: 4.51917e-15	AbsError: 6.52221e-17
      Equation: "PotentialEquation"	RelError: 4.51917e-15	AbsError: 6.52221e-17
number of equations 6873
Iteration: 0
  Device: "part1_baseline"	RelError: 2.76191e+03	AbsError: 3.78018e+16
    Region: "bulk"	RelError: 2.76181e+03	AbsError: 3.78018e+16
      Equation: "ElectronContinuityEquation"	RelError: 1.51482e+03	AbsError: 3.60971e+16
      Equation: "HoleContinuityEquation"	RelError: 9.99000e+02	AbsError: 1.70471e+15
      Equation: "PotentialEquation"	RelError: 2.47990e+02	AbsError: 4.09542e-02
    Region: "oxide"	RelError: 1.03265e-01	AbsError: 2.70747e-03
      Equation: "PotentialEquation"	RelError: 1.03265e-01	AbsError: 2.70747e-03
Iteration: 1
  Device: "part1_baseline"	RelError: 1.00116e+03	AbsError: 1.14168e+15
    Region: "bulk"	RelError: 1.00116e+03	AbsError: 1.14168e+15
      Equation: "ElectronContinuityEquation"	RelError: 9.99000e+02	AbsError: 7.91615e+14
      Equation: "HoleContinuityEquation"	RelError: 9.98591e-01	AbsError: 3.50062e+14
      Equation: "PotentialEquation"	RelError: 1.16026e+00	AbsError: 3.07632e-02
    Region: "oxide"	RelError: 2.94415e-03	AbsError: 9.08486e-05
      Equation: "PotentialEquation"	RelError: 2.94415e-03	AbsError: 9.08486e-05
Iteration: 2
  Device: "part1_baseline"	RelError: 9.31731e+00	AbsError: 1.13944e+14
    Region: "bulk"	RelError: 9.31706e+00	AbsError: 1.13944e+14
      Equation: "ElectronContinuityEquation"	RelError: 9.99998e-01	AbsError: 7.22419e+13
      Equation: "HoleContinuityEquation"	RelError: 8.20480e+00	AbsError: 4.17016e+13
      Equation: "PotentialEquation"	RelError: 1.12252e-01	AbsError: 2.58675e-02
    Region: "oxide"	RelError: 2.58107e-04	AbsError: 8.08950e-06
      Equation: "PotentialEquation"	RelError: 2.58107e-04	AbsError: 8.08950e-06
Iteration: 3
  Device: "part1_baseline"	RelError: 7.85514e-01	AbsError: 4.19897e+13
    Region: "bulk"	RelError: 7.85479e-01	AbsError: 4.19897e+13
      Equation: "ElectronContinuityEquation"	RelError: 2.00595e-01	AbsError: 1.53929e+13
      Equation: "HoleContinuityEquation"	RelError: 5.57259e-01	AbsError: 2.65968e+13
      Equation: "PotentialEquation"	RelError: 2.76245e-02	AbsError: 9.16533e-03
    Region: "oxide"	RelError: 3.52516e-05	AbsError: 7.11003e-07
      Equation: "PotentialEquation"	RelError: 3.52516e-05	AbsError: 7.11003e-07
Iteration: 4
  Device: "part1_baseline"	RelError: 7.92378e-02	AbsError: 6.11058e+13
    Region: "bulk"	RelError: 7.91526e-02	AbsError: 6.11058e+13
      Equation: "ElectronContinuityEquation"	RelError: 2.27320e-02	AbsError: 3.09055e+13
      Equation: "HoleContinuityEquation"	RelError: 1.11042e-02	AbsError: 3.02003e+13
      Equation: "PotentialEquation"	RelError: 4.53164e-02	AbsError: 9.52921e-05
    Region: "oxide"	RelError: 8.52435e-05	AbsError: 2.17940e-06
      Equation: "PotentialEquation"	RelError: 8.52435e-05	AbsError: 2.17940e-06
Iteration: 5
  Device: "part1_baseline"	RelError: 5.13817e-05	AbsError: 4.14218e+10
    Region: "bulk"	RelError: 5.13578e-05	AbsError: 4.14218e+10
      Equation: "ElectronContinuityEquation"	RelError: 2.41375e-06	AbsError: 1.17575e+10
      Equation: "HoleContinuityEquation"	RelError: 1.33263e-05	AbsError: 2.96643e+10
      Equation: "PotentialEquation"	RelError: 3.56178e-05	AbsError: 9.20171e-08
    Region: "oxide"	RelError: 2.39427e-08	AbsError: 4.64944e-10
      Equation: "PotentialEquation"	RelError: 2.39427e-08	AbsError: 4.64944e-10
Iteration: 6
  Device: "part1_baseline"	RelError: 4.18040e-11	AbsError: 3.74312e+04
    Region: "bulk"	RelError: 4.17942e-11	AbsError: 3.74312e+04
      Equation: "ElectronContinuityEquation"	RelError: 1.79835e-12	AbsError: 9.01328e+03
      Equation: "HoleContinuityEquation"	RelError: 1.22414e-11	AbsError: 2.84179e+04
      Equation: "PotentialEquation"	RelError: 2.77544e-11	AbsError: 8.64411e-14
    Region: "oxide"	RelError: 9.83049e-15	AbsError: 1.65026e-16
      Equation: "PotentialEquation"	RelError: 9.83049e-15	AbsError: 1.65026e-16
number of equations 6873
Iteration: 0
  Device: "part1_baseline"	RelError: 2.00723e+03	AbsError: 3.71484e+16
    Region: "bulk"	RelError: 2.00514e+03	AbsError: 3.71484e+16
      Equation: "ElectronContinuityEquation"	RelError: 9.99000e+02	AbsError: 3.66823e+16
      Equation: "HoleContinuityEquation"	RelError: 9.99000e+02	AbsError: 4.66113e+14
      Equation: "PotentialEquation"	RelError: 7.13891e+00	AbsError: 2.78470e-02
    Region: "oxide"	RelError: 2.09135e+00	AbsError: 1.34923e-02
      Equation: "PotentialEquation"	RelError: 2.09135e+00	AbsError: 1.34923e-02
Iteration: 1
  Device: "part1_baseline"	RelError: 1.00530e+03	AbsError: 1.68555e+14
    Region: "bulk"	RelError: 1.00530e+03	AbsError: 1.68555e+14
      Equation: "ElectronContinuityEquation"	RelError: 9.98188e-01	AbsError: 1.42287e+14
      Equation: "HoleContinuityEquation"	RelError: 9.99000e+02	AbsError: 2.62680e+13
      Equation: "PotentialEquation"	RelError: 5.30183e+00	AbsError: 2.21530e-02
    Region: "oxide"	RelError: 1.76425e-03	AbsError: 8.75171e-06
      Equation: "PotentialEquation"	RelError: 1.76425e-03	AbsError: 8.75171e-06
Iteration: 2
  Device: "part1_baseline"	RelError: 1.39702e+00	AbsError: 4.32381e+13
    Region: "bulk"	RelError: 1.39643e+00	AbsError: 4.32381e+13
      Equation: "ElectronContinuityEquation"	RelError: 3.95792e-01	AbsError: 4.31888e+13
      Equation: "HoleContinuityEquation"	RelError: 9.99162e-01	AbsError: 4.93471e+10
      Equation: "PotentialEquation"	RelError: 1.47886e-03	AbsError: 1.64289e-05
    Region: "oxide"	RelError: 5.89478e-04	AbsError: 2.42675e-06
      Equation: "PotentialEquation"	RelError: 5.89478e-04	AbsError: 2.42675e-06
Iteration: 3
  Device: "part1_baseline"	RelError: 8.52428e-03	AbsError: 3.53485e+09
    Region: "bulk"	RelError: 8.52425e-03	AbsError: 3.53485e+09
      Equation: "ElectronContinuityEquation"	RelError: 1.86283e-05	AbsError: 3.53335e+09
      Equation: "HoleContinuityEquation"	RelError: 8.50554e-03	AbsError: 1.50862e+06
      Equation: "PotentialEquation"	RelError: 8.35507e-08	AbsError: 1.18254e-09
    Region: "oxide"	RelError: 3.11676e-08	AbsError: 1.08066e-10
      Equation: "PotentialEquation"	RelError: 3.11676e-08	AbsError: 1.08066e-10
Iteration: 4
  Device: "part1_baseline"	RelError: 2.73365e-11	AbsError: 2.54916e+01
    Region: "bulk"	RelError: 2.73363e-11	AbsError: 2.54916e+01
      Equation: "ElectronContinuityEquation"	RelError: 5.10227e-14	AbsError: 2.54856e+01
      Equation: "HoleContinuityEquation"	RelError: 2.72850e-11	AbsError: 6.00742e-03
      Equation: "PotentialEquation"	RelError: 3.53101e-16	AbsError: 6.12652e-18
    Region: "oxide"	RelError: 1.27134e-16	AbsError: 4.41418e-19
      Equation: "PotentialEquation"	RelError: 1.27134e-16	AbsError: 4.41418e-19
number of equations 6873
Iteration: 0
  Device: "part1_baseline"	RelError: 2.22427e-25	AbsError: 1.43415e-10
    Region: "bulk"	RelError: 2.06957e-25	AbsError: 1.43415e-10
      Equation: "ElectronContinuityEquation"	RelError: 1.35737e-26	AbsError: 1.42902e-10
      Equation: "HoleContinuityEquation"	RelError: 9.92656e-26	AbsError: 5.12708e-13
      Equation: "PotentialEquation"	RelError: 9.41182e-26	AbsError: 2.69651e-28
    Region: "oxide"	RelError: 1.54699e-26	AbsError: 2.41693e-28
      Equation: "PotentialEquation"	RelError: 1.54699e-26	AbsError: 2.41693e-28
number of equations 6873
Iteration: 0
  Device: "part1_baseline"	RelError: 4.61481e+01	AbsError: 1.13195e+16
    Region: "bulk"	RelError: 3.81173e+01	AbsError: 1.13195e+16
      Equation: "ElectronContinuityEquation"	RelError: 4.25556e-01	AbsError: 1.11495e+16
      Equation: "HoleContinuityEquation"	RelError: 2.30088e+00	AbsError: 1.69985e+14
      Equation: "PotentialEquation"	RelError: 3.53908e+01	AbsError: 1.90757e-02
    Region: "oxide"	RelError: 8.03086e+00	AbsError: 2.00000e-02
      Equation: "PotentialEquation"	RelError: 8.03086e+00	AbsError: 2.00000e-02
Iteration: 1
  Device: "part1_baseline"	RelError: 5.75924e-01	AbsError: 2.79384e+13
    Region: "bulk"	RelError: 5.75629e-01	AbsError: 2.79384e+13
      Equation: "ElectronContinuityEquation"	RelError: 1.70128e-01	AbsError: 2.43905e+13
      Equation: "HoleContinuityEquation"	RelError: 4.01136e-01	AbsError: 3.54784e+12
      Equation: "PotentialEquation"	RelError: 4.36504e-03	AbsError: 2.24235e-05
    Region: "oxide"	RelError: 2.95109e-04	AbsError: 1.96696e-06
      Equation: "PotentialEquation"	RelError: 2.95109e-04	AbsError: 1.96696e-06
Iteration: 2
  Device: "part1_baseline"	RelError: 4.46276e-03	AbsError: 2.13024e+09
    Region: "bulk"	RelError: 4.46274e-03	AbsError: 2.13024e+09
      Equation: "ElectronContinuityEquation"	RelError: 2.02924e-04	AbsError: 1.61346e+09
      Equation: "HoleContinuityEquation"	RelError: 4.25975e-03	AbsError: 5.16781e+08
      Equation: "PotentialEquation"	RelError: 7.30794e-08	AbsError: 1.24496e-09
    Region: "oxide"	RelError: 1.31389e-08	AbsError: 5.49820e-11
      Equation: "PotentialEquation"	RelError: 1.31389e-08	AbsError: 5.49820e-11
Iteration: 3
  Device: "part1_baseline"	RelError: 3.63777e-11	AbsError: 1.09479e+01
    Region: "bulk"	RelError: 3.63777e-11	AbsError: 1.09479e+01
      Equation: "ElectronContinuityEquation"	RelError: 5.52874e-12	AbsError: 5.26531e+00
      Equation: "HoleContinuityEquation"	RelError: 3.08478e-11	AbsError: 5.68258e+00
      Equation: "PotentialEquation"	RelError: 1.08204e-15	AbsError: 8.22581e-18
    Region: "oxide"	RelError: 1.67420e-17	AbsError: 9.97464e-20
      Equation: "PotentialEquation"	RelError: 1.67420e-17	AbsError: 9.97464e-20
number of equations 6873
Iteration: 0
  Device: "part1_baseline"	RelError: 1.34572e+02	AbsError: 1.13183e+16
    Region: "bulk"	RelError: 8.92937e+00	AbsError: 1.13183e+16
      Equation: "ElectronContinuityEquation"	RelError: 4.25579e-01	AbsError: 1.11503e+16
      Equation: "HoleContinuityEquation"	RelError: 1.96363e+00	AbsError: 1.67951e+14
      Equation: "PotentialEquation"	RelError: 6.54016e+00	AbsError: 1.90767e-02
    Region: "oxide"	RelError: 1.25643e+02	AbsError: 2.00000e-02
      Equation: "PotentialEquation"	RelError: 1.25643e+02	AbsError: 2.00000e-02
Iteration: 1
  Device: "part1_baseline"	RelError: 5.38564e-01	AbsError: 3.32885e+13
    Region: "bulk"	RelError: 5.38250e-01	AbsError: 3.32885e+13
      Equation: "ElectronContinuityEquation"	RelError: 1.70126e-01	AbsError: 2.97792e+13
      Equation: "HoleContinuityEquation"	RelError: 3.62400e-01	AbsError: 3.50928e+12
      Equation: "PotentialEquation"	RelError: 5.72347e-03	AbsError: 2.18000e-05
    Region: "oxide"	RelError: 3.14284e-04	AbsError: 2.54013e-06
      Equation: "PotentialEquation"	RelError: 3.14284e-04	AbsError: 2.54013e-06
Iteration: 2
  Device: "part1_baseline"	RelError: 4.68035e-03	AbsError: 2.85651e+09
    Region: "bulk"	RelError: 4.68033e-03	AbsError: 2.85651e+09
      Equation: "ElectronContinuityEquation"	RelError: 1.83392e-04	AbsError: 2.36554e+09
      Equation: "HoleContinuityEquation"	RelError: 4.49688e-03	AbsError: 4.90972e+08
      Equation: "PotentialEquation"	RelError: 6.45416e-08	AbsError: 1.18618e-09
    Region: "oxide"	RelError: 1.52906e-08	AbsError: 8.67344e-11
      Equation: "PotentialEquation"	RelError: 1.52906e-08	AbsError: 8.67344e-11
Iteration: 3
  Device: "part1_baseline"	RelError: 7.10568e-11	AbsError: 1.66979e+01
    Region: "bulk"	RelError: 7.10567e-11	AbsError: 1.66979e+01
      Equation: "ElectronContinuityEquation"	RelError: 4.69318e-12	AbsError: 1.17085e+01
      Equation: "HoleContinuityEquation"	RelError: 6.63632e-11	AbsError: 4.98933e+00
      Equation: "PotentialEquation"	RelError: 3.05583e-16	AbsError: 7.33860e-18
    Region: "oxide"	RelError: 1.03845e-16	AbsError: 2.52828e-19
      Equation: "PotentialEquation"	RelError: 1.03845e-16	AbsError: 2.52828e-19
number of equations 6873
Iteration: 0
  Device: "part1_baseline"	RelError: 3.40246e+02	AbsError: 1.13159e+16
    Region: "bulk"	RelError: 3.02328e+02	AbsError: 1.13159e+16
      Equation: "ElectronContinuityEquation"	RelError: 4.25586e-01	AbsError: 1.11504e+16
      Equation: "HoleContinuityEquation"	RelError: 1.80170e+00	AbsError: 1.65586e+14
      Equation: "PotentialEquation"	RelError: 3.00101e+02	AbsError: 1.90777e-02
    Region: "oxide"	RelError: 3.79182e+01	AbsError: 2.00000e-02
      Equation: "PotentialEquation"	RelError: 3.79182e+01	AbsError: 2.00000e-02
Iteration: 1
  Device: "part1_baseline"	RelError: 5.20448e-01	AbsError: 3.96651e+13
    Region: "bulk"	RelError: 5.20045e-01	AbsError: 3.96651e+13
      Equation: "ElectronContinuityEquation"	RelError: 1.70117e-01	AbsError: 3.62134e+13
      Equation: "HoleContinuityEquation"	RelError: 3.28763e-01	AbsError: 3.45166e+12
      Equation: "PotentialEquation"	RelError: 2.11643e-02	AbsError: 2.13042e-05
    Region: "oxide"	RelError: 4.03194e-04	AbsError: 3.28238e-06
      Equation: "PotentialEquation"	RelError: 4.03194e-04	AbsError: 3.28238e-06
Iteration: 2
  Device: "part1_baseline"	RelError: 6.02000e-03	AbsError: 4.02578e+09
    Region: "bulk"	RelError: 6.01997e-03	AbsError: 4.02578e+09
      Equation: "ElectronContinuityEquation"	RelError: 1.62188e-04	AbsError: 3.56405e+09
      Equation: "HoleContinuityEquation"	RelError: 5.85607e-03	AbsError: 4.61729e+08
      Equation: "PotentialEquation"	RelError: 1.70763e-06	AbsError: 1.13999e-09
    Region: "oxide"	RelError: 2.50598e-08	AbsError: 1.35948e-10
      Equation: "PotentialEquation"	RelError: 2.50598e-08	AbsError: 1.35948e-10
Iteration: 3
  Device: "part1_baseline"	RelError: 1.50548e-10	AbsError: 2.96710e+01
    Region: "bulk"	RelError: 1.50548e-10	AbsError: 2.96710e+01
      Equation: "ElectronContinuityEquation"	RelError: 3.93951e-12	AbsError: 2.53741e+01
      Equation: "HoleContinuityEquation"	RelError: 1.46600e-10	AbsError: 4.29687e+00
      Equation: "PotentialEquation"	RelError: 7.89360e-15	AbsError: 6.46953e-18
    Region: "oxide"	RelError: 1.13351e-16	AbsError: 6.05720e-19
      Equation: "PotentialEquation"	RelError: 1.13351e-16	AbsError: 6.05720e-19
number of equations 6873
Iteration: 0
  Device: "part1_baseline"	RelError: 9.42796e+01	AbsError: 1.13122e+16
    Region: "bulk"	RelError: 5.02132e+01	AbsError: 1.13122e+16
      Equation: "ElectronContinuityEquation"	RelError: 4.25584e-01	AbsError: 1.11493e+16
      Equation: "HoleContinuityEquation"	RelError: 1.67353e+00	AbsError: 1.62904e+14
      Equation: "PotentialEquation"	RelError: 4.81141e+01	AbsError: 1.90786e-02
    Region: "oxide"	RelError: 4.40664e+01	AbsError: 2.00000e-02
      Equation: "PotentialEquation"	RelError: 4.40664e+01	AbsError: 2.00000e-02
Iteration: 1
  Device: "part1_baseline"	RelError: 4.84943e-01	AbsError: 4.71987e+13
    Region: "bulk"	RelError: 4.84192e-01	AbsError: 4.71987e+13
      Equation: "ElectronContinuityEquation"	RelError: 1.70104e-01	AbsError: 4.38216e+13
      Equation: "HoleContinuityEquation"	RelError: 3.08157e-01	AbsError: 3.37712e+12
      Equation: "PotentialEquation"	RelError: 5.93155e-03	AbsError: 2.07822e-05
    Region: "oxide"	RelError: 7.51367e-04	AbsError: 4.24701e-06
      Equation: "PotentialEquation"	RelError: 7.51367e-04	AbsError: 4.24701e-06
Iteration: 2
  Device: "part1_baseline"	RelError: 7.30359e-03	AbsError: 5.79911e+09
    Region: "bulk"	RelError: 7.30358e-03	AbsError: 5.79911e+09
      Equation: "ElectronContinuityEquation"	RelError: 1.41714e-04	AbsError: 5.36917e+09
      Equation: "HoleContinuityEquation"	RelError: 7.16175e-03	AbsError: 4.29945e+08
      Equation: "PotentialEquation"	RelError: 1.17188e-07	AbsError: 1.70211e-09
    Region: "oxide"	RelError: 7.04703e-09	AbsError: 2.12081e-10
      Equation: "PotentialEquation"	RelError: 7.04703e-09	AbsError: 2.12081e-10
Iteration: 3
  Device: "part1_baseline"	RelError: 2.82424e-10	AbsError: 6.02032e+01
    Region: "bulk"	RelError: 2.82424e-10	AbsError: 6.02032e+01
      Equation: "ElectronContinuityEquation"	RelError: 3.25319e-12	AbsError: 5.65768e+01
      Equation: "HoleContinuityEquation"	RelError: 2.79170e-10	AbsError: 3.62642e+00
      Equation: "PotentialEquation"	RelError: 8.61254e-16	AbsError: 1.34312e-17
    Region: "oxide"	RelError: 4.81115e-17	AbsError: 1.41772e-18
      Equation: "PotentialEquation"	RelError: 4.81115e-17	AbsError: 1.41772e-18
number of equations 6873
Iteration: 0
  Device: "part1_baseline"	RelError: 1.33418e+02	AbsError: 1.13068e+16
    Region: "bulk"	RelError: 1.32007e+02	AbsError: 1.13068e+16
      Equation: "ElectronContinuityEquation"	RelError: 4.25578e-01	AbsError: 1.11469e+16
      Equation: "HoleContinuityEquation"	RelError: 1.57117e+00	AbsError: 1.59925e+14
      Equation: "PotentialEquation"	RelError: 1.30010e+02	AbsError: 1.90793e-02
    Region: "oxide"	RelError: 1.41112e+00	AbsError: 2.00000e-02
      Equation: "PotentialEquation"	RelError: 1.41112e+00	AbsError: 2.00000e-02
Iteration: 1
  Device: "part1_baseline"	RelError: 4.60964e-01	AbsError: 5.66624e+13
    Region: "bulk"	RelError: 4.60930e-01	AbsError: 5.66624e+13
      Equation: "ElectronContinuityEquation"	RelError: 1.70087e-01	AbsError: 5.33745e+13
      Equation: "HoleContinuityEquation"	RelError: 2.89446e-01	AbsError: 3.28787e+12
      Equation: "PotentialEquation"	RelError: 1.39639e-03	AbsError: 2.31950e-05
    Region: "oxide"	RelError: 3.45077e-05	AbsError: 5.50470e-06
      Equation: "PotentialEquation"	RelError: 3.45077e-05	AbsError: 5.50470e-06
Iteration: 2
  Device: "part1_baseline"	RelError: 7.96241e-03	AbsError: 8.35995e+09
    Region: "bulk"	RelError: 7.96241e-03	AbsError: 8.35995e+09
      Equation: "ElectronContinuityEquation"	RelError: 1.23308e-04	AbsError: 7.96349e+09
      Equation: "HoleContinuityEquation"	RelError: 7.83894e-03	AbsError: 3.96452e+08
      Equation: "PotentialEquation"	RelError: 1.56312e-07	AbsError: 2.53576e-09
    Region: "oxide"	RelError: 2.73606e-09	AbsError: 3.29470e-10
      Equation: "PotentialEquation"	RelError: 2.73606e-09	AbsError: 3.29470e-10
Iteration: 3
  Device: "part1_baseline"	RelError: 5.47122e-10	AbsError: 1.31922e+02
    Region: "bulk"	RelError: 5.47122e-10	AbsError: 1.31922e+02
      Equation: "ElectronContinuityEquation"	RelError: 2.64720e-12	AbsError: 1.28927e+02
      Equation: "HoleContinuityEquation"	RelError: 5.44473e-10	AbsError: 2.99461e+00
      Equation: "PotentialEquation"	RelError: 1.72193e-15	AbsError: 2.97444e-17
    Region: "oxide"	RelError: 2.84354e-17	AbsError: 3.26674e-18
      Equation: "PotentialEquation"	RelError: 2.84354e-17	AbsError: 3.26674e-18
number of equations 6873
Iteration: 0
  Device: "part1_baseline"	RelError: 6.20782e+02	AbsError: 1.12993e+16
    Region: "bulk"	RelError: 6.20197e+02	AbsError: 1.12993e+16
      Equation: "ElectronContinuityEquation"	RelError: 4.25570e-01	AbsError: 1.11427e+16
      Equation: "HoleContinuityEquation"	RelError: 1.48355e+00	AbsError: 1.56666e+14
      Equation: "PotentialEquation"	RelError: 6.18288e+02	AbsError: 1.90800e-02
    Region: "oxide"	RelError: 5.85257e-01	AbsError: 2.00000e-02
      Equation: "PotentialEquation"	RelError: 5.85257e-01	AbsError: 2.00000e-02
Iteration: 1
  Device: "part1_baseline"	RelError: 5.88555e-01	AbsError: 6.85601e+13
    Region: "bulk"	RelError: 5.88517e-01	AbsError: 6.85601e+13
      Equation: "ElectronContinuityEquation"	RelError: 1.70068e-01	AbsError: 6.53741e+13
      Equation: "HoleContinuityEquation"	RelError: 2.73299e-01	AbsError: 3.18605e+12
      Equation: "PotentialEquation"	RelError: 1.45150e-01	AbsError: 2.82045e-05
    Region: "oxide"	RelError: 3.76494e-05	AbsError: 7.14912e-06
      Equation: "PotentialEquation"	RelError: 3.76494e-05	AbsError: 7.14912e-06
Iteration: 2
  Device: "part1_baseline"	RelError: 9.80849e-03	AbsError: 1.19513e+10
    Region: "bulk"	RelError: 9.80848e-03	AbsError: 1.19513e+10
      Equation: "ElectronContinuityEquation"	RelError: 1.08028e-04	AbsError: 1.15893e+10
      Equation: "HoleContinuityEquation"	RelError: 9.68565e-03	AbsError: 3.62008e+08
      Equation: "PotentialEquation"	RelError: 1.48019e-05	AbsError: 3.73499e-09
    Region: "oxide"	RelError: 3.53711e-09	AbsError: 5.09584e-10
      Equation: "PotentialEquation"	RelError: 3.53711e-09	AbsError: 5.09584e-10
Iteration: 3
  Device: "part1_baseline"	RelError: 1.03502e-09	AbsError: 2.84699e+02
    Region: "bulk"	RelError: 1.03502e-09	AbsError: 2.84699e+02
      Equation: "ElectronContinuityEquation"	RelError: 2.25056e-12	AbsError: 2.82285e+02
      Equation: "HoleContinuityEquation"	RelError: 1.03269e-09	AbsError: 2.41443e+00
      Equation: "PotentialEquation"	RelError: 8.87531e-14	AbsError: 6.48625e-17
    Region: "oxide"	RelError: 5.47362e-17	AbsError: 7.42720e-18
      Equation: "PotentialEquation"	RelError: 5.47362e-17	AbsError: 7.42720e-18
number of equations 6873
Iteration: 0
  Device: "part1_baseline"	RelError: 1.93027e+01	AbsError: 1.12893e+16
    Region: "bulk"	RelError: 1.89335e+01	AbsError: 1.12893e+16
      Equation: "ElectronContinuityEquation"	RelError: 4.25561e-01	AbsError: 1.11362e+16
      Equation: "HoleContinuityEquation"	RelError: 1.40709e+00	AbsError: 1.53148e+14
      Equation: "PotentialEquation"	RelError: 1.71009e+01	AbsError: 1.90806e-02
    Region: "oxide"	RelError: 3.69192e-01	AbsError: 2.00000e-02
      Equation: "PotentialEquation"	RelError: 3.69192e-01	AbsError: 2.00000e-02
Iteration: 1
  Device: "part1_baseline"	RelError: 4.33546e-01	AbsError: 8.24639e+13
    Region: "bulk"	RelError: 4.33501e-01	AbsError: 8.24639e+13
      Equation: "ElectronContinuityEquation"	RelError: 1.70047e-01	AbsError: 7.93901e+13
      Equation: "HoleContinuityEquation"	RelError: 2.59810e-01	AbsError: 3.07377e+12
      Equation: "PotentialEquation"	RelError: 3.64320e-03	AbsError: 3.43198e-05
    Region: "oxide"	RelError: 4.55403e-05	AbsError: 9.30424e-06
      Equation: "PotentialEquation"	RelError: 4.55403e-05	AbsError: 9.30424e-06
Iteration: 2
  Device: "part1_baseline"	RelError: 1.12305e-02	AbsError: 1.76244e+10
    Region: "bulk"	RelError: 1.12305e-02	AbsError: 1.76244e+10
      Equation: "ElectronContinuityEquation"	RelError: 9.90283e-05	AbsError: 1.72971e+10
      Equation: "HoleContinuityEquation"	RelError: 1.11309e-02	AbsError: 3.27277e+08
      Equation: "PotentialEquation"	RelError: 5.33800e-07	AbsError: 5.42491e-09
    Region: "oxide"	RelError: 4.60644e-09	AbsError: 7.84071e-10
      Equation: "PotentialEquation"	RelError: 4.60644e-09	AbsError: 7.84071e-10
Iteration: 3
  Device: "part1_baseline"	RelError: 1.95933e-09	AbsError: 5.90400e+02
    Region: "bulk"	RelError: 1.95933e-09	AbsError: 5.90400e+02
      Equation: "ElectronContinuityEquation"	RelError: 2.71407e-12	AbsError: 5.88504e+02
      Equation: "HoleContinuityEquation"	RelError: 1.95660e-09	AbsError: 1.89616e+00
      Equation: "PotentialEquation"	RelError: 1.25479e-14	AbsError: 1.37549e-16
    Region: "oxide"	RelError: 1.05874e-16	AbsError: 1.66438e-17
      Equation: "PotentialEquation"	RelError: 1.05874e-16	AbsError: 1.66438e-17
number of equations 6873
Iteration: 0
  Device: "part1_baseline"	RelError: 1.88375e+01	AbsError: 1.12761e+16
    Region: "bulk"	RelError: 1.85678e+01	AbsError: 1.12761e+16
      Equation: "ElectronContinuityEquation"	RelError: 4.25551e-01	AbsError: 1.11267e+16
      Equation: "HoleContinuityEquation"	RelError: 1.33841e+00	AbsError: 1.49394e+14
      Equation: "PotentialEquation"	RelError: 1.68039e+01	AbsError: 1.90810e-02
    Region: "oxide"	RelError: 2.69646e-01	AbsError: 2.00000e-02
      Equation: "PotentialEquation"	RelError: 2.69646e-01	AbsError: 2.00000e-02
Iteration: 1
  Device: "part1_baseline"	RelError: 4.24379e-01	AbsError: 9.99168e+13
    Region: "bulk"	RelError: 4.24324e-01	AbsError: 9.99168e+13
      Equation: "ElectronContinuityEquation"	RelError: 1.70022e-01	AbsError: 9.69638e+13
      Equation: "HoleContinuityEquation"	RelError: 2.48182e-01	AbsError: 2.95306e+12
      Equation: "PotentialEquation"	RelError: 6.11969e-03	AbsError: 4.17879e-05
    Region: "oxide"	RelError: 5.54792e-05	AbsError: 1.21337e-05
      Equation: "PotentialEquation"	RelError: 5.54792e-05	AbsError: 1.21337e-05
Iteration: 2
  Device: "part1_baseline"	RelError: 1.30220e-02	AbsError: 2.58841e+10
    Region: "bulk"	RelError: 1.30219e-02	AbsError: 2.58841e+10
      Equation: "ElectronContinuityEquation"	RelError: 1.01701e-04	AbsError: 2.55913e+10
      Equation: "HoleContinuityEquation"	RelError: 1.29192e-02	AbsError: 2.92828e+08
      Equation: "PotentialEquation"	RelError: 1.01178e-06	AbsError: 7.87276e-09
    Region: "oxide"	RelError: 5.99212e-09	AbsError: 1.19870e-09
      Equation: "PotentialEquation"	RelError: 5.99212e-09	AbsError: 1.19870e-09
Iteration: 3
  Device: "part1_baseline"	RelError: 3.55441e-09	AbsError: 1.26615e+03
    Region: "bulk"	RelError: 3.55441e-09	AbsError: 1.26615e+03
      Equation: "ElectronContinuityEquation"	RelError: 4.81175e-12	AbsError: 1.26445e+03
      Equation: "HoleContinuityEquation"	RelError: 3.54956e-09	AbsError: 1.69445e+00
      Equation: "PotentialEquation"	RelError: 3.42897e-14	AbsError: 2.81874e-16
    Region: "oxide"	RelError: 2.04645e-16	AbsError: 3.66753e-17
      Equation: "PotentialEquation"	RelError: 2.04645e-16	AbsError: 3.66753e-17
number of equations 6873
Iteration: 0
  Device: "part1_baseline"	RelError: 1.06857e+02	AbsError: 1.12587e+16
    Region: "bulk"	RelError: 1.06645e+02	AbsError: 1.12587e+16
      Equation: "ElectronContinuityEquation"	RelError: 4.25541e-01	AbsError: 1.11133e+16
      Equation: "HoleContinuityEquation"	RelError: 1.28597e+00	AbsError: 1.45424e+14
      Equation: "PotentialEquation"	RelError: 1.04933e+02	AbsError: 1.90813e-02
    Region: "oxide"	RelError: 2.12381e-01	AbsError: 2.00000e-02
      Equation: "PotentialEquation"	RelError: 2.12381e-01	AbsError: 2.00000e-02
Iteration: 1
  Device: "part1_baseline"	RelError: 5.62058e-01	AbsError: 1.21481e+14
    Region: "bulk"	RelError: 5.61990e-01	AbsError: 1.21481e+14
      Equation: "ElectronContinuityEquation"	RelError: 1.69994e-01	AbsError: 1.18655e+14
      Equation: "HoleContinuityEquation"	RelError: 2.37014e-01	AbsError: 2.82583e+12
      Equation: "PotentialEquation"	RelError: 1.54982e-01	AbsError: 5.05438e-05
    Region: "oxide"	RelError: 6.80128e-05	AbsError: 1.58522e-05
      Equation: "PotentialEquation"	RelError: 6.80128e-05	AbsError: 1.58522e-05
Iteration: 2
  Device: "part1_baseline"	RelError: 1.50736e-02	AbsError: 3.69281e+10
    Region: "bulk"	RelError: 1.50736e-02	AbsError: 3.69281e+10
      Equation: "ElectronContinuityEquation"	RelError: 1.21217e-04	AbsError: 3.66690e+10
      Equation: "HoleContinuityEquation"	RelError: 1.49251e-02	AbsError: 2.59116e+08
      Equation: "PotentialEquation"	RelError: 2.72339e-05	AbsError: 1.13159e-08
    Region: "oxide"	RelError: 7.80061e-09	AbsError: 1.81814e-09
      Equation: "PotentialEquation"	RelError: 7.80061e-09	AbsError: 1.81814e-09
Iteration: 3
  Device: "part1_baseline"	RelError: 6.34071e-09	AbsError: 2.69520e+03
    Region: "bulk"	RelError: 6.34071e-09	AbsError: 2.69520e+03
      Equation: "ElectronContinuityEquation"	RelError: 8.36652e-12	AbsError: 2.69326e+03
      Equation: "HoleContinuityEquation"	RelError: 6.33106e-09	AbsError: 1.94236e+00
      Equation: "PotentialEquation"	RelError: 1.28438e-12	AbsError: 5.82035e-16
    Region: "oxide"	RelError: 3.94066e-16	AbsError: 7.92748e-17
      Equation: "PotentialEquation"	RelError: 3.94066e-16	AbsError: 7.92748e-17
number of equations 6873
Iteration: 0
  Device: "part1_baseline"	RelError: 2.76397e+02	AbsError: 1.12360e+16
    Region: "bulk"	RelError: 2.76222e+02	AbsError: 1.12360e+16
      Equation: "ElectronContinuityEquation"	RelError: 4.25530e-01	AbsError: 1.10947e+16
      Equation: "HoleContinuityEquation"	RelError: 1.35619e+00	AbsError: 1.41264e+14
      Equation: "PotentialEquation"	RelError: 2.74440e+02	AbsError: 1.90814e-02
    Region: "oxide"	RelError: 1.75178e-01	AbsError: 2.00000e-02
      Equation: "PotentialEquation"	RelError: 1.75178e-01	AbsError: 2.00000e-02
Iteration: 1
  Device: "part1_baseline"	RelError: 4.01259e-01	AbsError: 1.47267e+14
    Region: "bulk"	RelError: 4.01175e-01	AbsError: 1.47267e+14
      Equation: "ElectronContinuityEquation"	RelError: 1.69962e-01	AbsError: 1.44573e+14
      Equation: "HoleContinuityEquation"	RelError: 2.25847e-01	AbsError: 2.69386e+12
      Equation: "PotentialEquation"	RelError: 5.36643e-03	AbsError: 6.10334e-05
    Region: "oxide"	RelError: 8.38271e-05	AbsError: 2.07395e-05
      Equation: "PotentialEquation"	RelError: 8.38271e-05	AbsError: 2.07395e-05
Iteration: 2
  Device: "part1_baseline"	RelError: 1.69228e-02	AbsError: 5.47516e+10
    Region: "bulk"	RelError: 1.69227e-02	AbsError: 5.47516e+10
      Equation: "ElectronContinuityEquation"	RelError: 1.45575e-04	AbsError: 5.45112e+10
      Equation: "HoleContinuityEquation"	RelError: 1.67746e-02	AbsError: 2.40444e+08
      Equation: "PotentialEquation"	RelError: 2.54729e-06	AbsError: 1.58703e-08
    Region: "oxide"	RelError: 1.10398e-08	AbsError: 2.73135e-09
      Equation: "PotentialEquation"	RelError: 1.10398e-08	AbsError: 2.73135e-09
Iteration: 3
  Device: "part1_baseline"	RelError: 1.09023e-08	AbsError: 5.27568e+03
    Region: "bulk"	RelError: 1.09023e-08	AbsError: 5.27568e+03
      Equation: "ElectronContinuityEquation"	RelError: 1.41542e-11	AbsError: 5.27342e+03
      Equation: "HoleContinuityEquation"	RelError: 1.08880e-08	AbsError: 2.26646e+00
      Equation: "PotentialEquation"	RelError: 1.88472e-13	AbsError: 1.15106e-15
    Region: "oxide"	RelError: 7.55378e-16	AbsError: 1.67741e-16
      Equation: "PotentialEquation"	RelError: 7.55378e-16	AbsError: 1.67741e-16
number of equations 6873
Iteration: 0
  Device: "part1_baseline"	RelError: 6.15309e+01	AbsError: 1.12064e+16
    Region: "bulk"	RelError: 6.13819e+01	AbsError: 1.12064e+16
      Equation: "ElectronContinuityEquation"	RelError: 4.25518e-01	AbsError: 1.10695e+16
      Equation: "HoleContinuityEquation"	RelError: 1.48861e+00	AbsError: 1.36935e+14
      Equation: "PotentialEquation"	RelError: 5.94677e+01	AbsError: 1.90814e-02
    Region: "oxide"	RelError: 1.49065e-01	AbsError: 2.00000e-02
      Equation: "PotentialEquation"	RelError: 1.49065e-01	AbsError: 2.00000e-02
Iteration: 1
  Device: "part1_baseline"	RelError: 4.24588e-01	AbsError: 1.80175e+14
    Region: "bulk"	RelError: 4.24485e-01	AbsError: 1.80175e+14
      Equation: "ElectronContinuityEquation"	RelError: 1.69923e-01	AbsError: 1.77616e+14
      Equation: "HoleContinuityEquation"	RelError: 2.50905e-01	AbsError: 2.55878e+12
      Equation: "PotentialEquation"	RelError: 3.65610e-03	AbsError: 7.36001e-05
    Region: "oxide"	RelError: 1.03770e-04	AbsError: 2.71557e-05
      Equation: "PotentialEquation"	RelError: 1.03770e-04	AbsError: 2.71557e-05
Iteration: 2
  Device: "part1_baseline"	RelError: 1.88080e-02	AbsError: 7.83088e+10
    Region: "bulk"	RelError: 1.88079e-02	AbsError: 7.83088e+10
      Equation: "ElectronContinuityEquation"	RelError: 1.78692e-04	AbsError: 7.80585e+10
      Equation: "HoleContinuityEquation"	RelError: 1.86283e-02	AbsError: 2.50254e+08
      Equation: "PotentialEquation"	RelError: 9.22120e-07	AbsError: 2.22475e-08
    Region: "oxide"	RelError: 1.55028e-08	AbsError: 4.05693e-09
      Equation: "PotentialEquation"	RelError: 1.55028e-08	AbsError: 4.05693e-09
Iteration: 3
  Device: "part1_baseline"	RelError: 1.80414e-08	AbsError: 1.10516e+04
    Region: "bulk"	RelError: 1.80414e-08	AbsError: 1.10516e+04
      Equation: "ElectronContinuityEquation"	RelError: 2.30184e-11	AbsError: 1.10489e+04
      Equation: "HoleContinuityEquation"	RelError: 1.80182e-08	AbsError: 2.74698e+00
      Equation: "PotentialEquation"	RelError: 1.12165e-13	AbsError: 2.19850e-15
    Region: "oxide"	RelError: 1.44585e-15	AbsError: 3.47120e-16
      Equation: "PotentialEquation"	RelError: 1.44585e-15	AbsError: 3.47120e-16
number of equations 6873
Iteration: 0
  Device: "part1_baseline"	RelError: 2.28254e+01	AbsError: 1.11714e+16
    Region: "bulk"	RelError: 2.26957e+01	AbsError: 1.11714e+16
      Equation: "ElectronContinuityEquation"	RelError: 4.25506e-01	AbsError: 1.10355e+16
      Equation: "HoleContinuityEquation"	RelError: 1.57897e+00	AbsError: 1.35951e+14
      Equation: "PotentialEquation"	RelError: 2.06912e+01	AbsError: 1.90811e-02
    Region: "oxide"	RelError: 1.29725e-01	AbsError: 2.00000e-02
      Equation: "PotentialEquation"	RelError: 1.29725e-01	AbsError: 2.00000e-02
Iteration: 1
  Device: "part1_baseline"	RelError: 4.49199e-01	AbsError: 2.20719e+14
    Region: "bulk"	RelError: 4.49070e-01	AbsError: 2.20719e+14
      Equation: "ElectronContinuityEquation"	RelError: 1.69878e-01	AbsError: 2.18297e+14
      Equation: "HoleContinuityEquation"	RelError: 2.69602e-01	AbsError: 2.42209e+12
      Equation: "PotentialEquation"	RelError: 9.58979e-03	AbsError: 8.80834e-05
    Region: "oxide"	RelError: 1.28869e-04	AbsError: 3.55558e-05
      Equation: "PotentialEquation"	RelError: 1.28869e-04	AbsError: 3.55558e-05
Iteration: 2
  Device: "part1_baseline"	RelError: 2.05334e-02	AbsError: 1.14701e+11
    Region: "bulk"	RelError: 2.05334e-02	AbsError: 1.14701e+11
      Equation: "ElectronContinuityEquation"	RelError: 2.19312e-04	AbsError: 1.14444e+11
      Equation: "HoleContinuityEquation"	RelError: 2.03123e-02	AbsError: 2.56578e+08
      Equation: "PotentialEquation"	RelError: 1.78578e-06	AbsError: 3.02650e-08
    Region: "oxide"	RelError: 2.15557e-08	AbsError: 5.94738e-09
      Equation: "PotentialEquation"	RelError: 2.15557e-08	AbsError: 5.94738e-09
Iteration: 3
  Device: "part1_baseline"	RelError: 2.91847e-08	AbsError: 2.10739e+04
    Region: "bulk"	RelError: 2.91847e-08	AbsError: 2.10739e+04
      Equation: "ElectronContinuityEquation"	RelError: 3.52983e-11	AbsError: 2.10704e+04
      Equation: "HoleContinuityEquation"	RelError: 2.91492e-08	AbsError: 3.53755e+00
      Equation: "PotentialEquation"	RelError: 1.85015e-13	AbsError: 4.14130e-15
    Region: "oxide"	RelError: 2.78668e-15	AbsError: 7.03292e-16
      Equation: "PotentialEquation"	RelError: 2.78668e-15	AbsError: 7.03292e-16
number of equations 6873
Iteration: 0
  Device: "part1_baseline"	RelError: 1.16078e+01	AbsError: 1.11261e+16
    Region: "bulk"	RelError: 1.14930e+01	AbsError: 1.11261e+16
      Equation: "ElectronContinuityEquation"	RelError: 4.25492e-01	AbsError: 1.09900e+16
      Equation: "HoleContinuityEquation"	RelError: 1.69514e+00	AbsError: 1.36126e+14
      Equation: "PotentialEquation"	RelError: 9.37237e+00	AbsError: 1.90806e-02
    Region: "oxide"	RelError: 1.14827e-01	AbsError: 2.00000e-02
      Equation: "PotentialEquation"	RelError: 1.14827e-01	AbsError: 2.00000e-02
Iteration: 1
  Device: "part1_baseline"	RelError: 4.59718e-01	AbsError: 2.69983e+14
    Region: "bulk"	RelError: 4.59557e-01	AbsError: 2.69983e+14
      Equation: "ElectronContinuityEquation"	RelError: 1.69824e-01	AbsError: 2.67645e+14
      Equation: "HoleContinuityEquation"	RelError: 2.85870e-01	AbsError: 2.33721e+12
      Equation: "PotentialEquation"	RelError: 3.86428e-03	AbsError: 1.05511e-04
    Region: "oxide"	RelError: 1.60322e-04	AbsError: 4.64997e-05
      Equation: "PotentialEquation"	RelError: 1.60322e-04	AbsError: 4.64997e-05
Iteration: 2
  Device: "part1_baseline"	RelError: 2.17718e-02	AbsError: 1.61814e+11
    Region: "bulk"	RelError: 2.17717e-02	AbsError: 1.61814e+11
      Equation: "ElectronContinuityEquation"	RelError: 2.68239e-04	AbsError: 1.61556e+11
      Equation: "HoleContinuityEquation"	RelError: 2.15027e-02	AbsError: 2.58296e+08
      Equation: "PotentialEquation"	RelError: 7.53129e-07	AbsError: 4.07852e-08
    Region: "oxide"	RelError: 2.96168e-08	AbsError: 8.59001e-09
      Equation: "PotentialEquation"	RelError: 2.96168e-08	AbsError: 8.59001e-09
Iteration: 3
  Device: "part1_baseline"	RelError: 4.58607e-08	AbsError: 4.20925e+04
    Region: "bulk"	RelError: 4.58607e-08	AbsError: 4.20925e+04
      Equation: "ElectronContinuityEquation"	RelError: 4.91798e-11	AbsError: 4.20876e+04
      Equation: "HoleContinuityEquation"	RelError: 4.58113e-08	AbsError: 4.95272e+00
      Equation: "PotentialEquation"	RelError: 1.44317e-13	AbsError: 7.45643e-15
    Region: "oxide"	RelError: 5.48185e-15	AbsError: 1.40042e-15
      Equation: "PotentialEquation"	RelError: 5.48185e-15	AbsError: 1.40042e-15
number of equations 6873
Iteration: 0
  Device: "part1_baseline"	RelError: 1.75659e+01	AbsError: 1.10655e+16
    Region: "bulk"	RelError: 1.74629e+01	AbsError: 1.10655e+16
      Equation: "ElectronContinuityEquation"	RelError: 4.25475e-01	AbsError: 1.09294e+16
      Equation: "HoleContinuityEquation"	RelError: 1.78769e+00	AbsError: 1.36090e+14
      Equation: "PotentialEquation"	RelError: 1.52497e+01	AbsError: 1.90798e-02
    Region: "oxide"	RelError: 1.02996e-01	AbsError: 2.00000e-02
      Equation: "PotentialEquation"	RelError: 1.02996e-01	AbsError: 2.00000e-02
Iteration: 1
  Device: "part1_baseline"	RelError: 4.78406e-01	AbsError: 3.37164e+14
    Region: "bulk"	RelError: 4.78206e-01	AbsError: 3.37164e+14
      Equation: "ElectronContinuityEquation"	RelError: 1.69757e-01	AbsError: 3.34788e+14
      Equation: "HoleContinuityEquation"	RelError: 3.02337e-01	AbsError: 2.37547e+12
      Equation: "PotentialEquation"	RelError: 6.11131e-03	AbsError: 1.25526e-04
    Region: "oxide"	RelError: 1.99459e-04	AbsError: 6.06472e-05
      Equation: "PotentialEquation"	RelError: 1.99459e-04	AbsError: 6.06472e-05
Iteration: 2
  Device: "part1_baseline"	RelError: 2.25480e-02	AbsError: 2.38683e+11
    Region: "bulk"	RelError: 2.25480e-02	AbsError: 2.38683e+11
      Equation: "ElectronContinuityEquation"	RelError: 3.26817e-04	AbsError: 2.38429e+11
      Equation: "HoleContinuityEquation"	RelError: 2.22207e-02	AbsError: 2.53374e+08
      Equation: "PotentialEquation"	RelError: 4.91657e-07	AbsError: 5.29621e-08
    Region: "oxide"	RelError: 4.01191e-08	AbsError: 1.21985e-08
      Equation: "PotentialEquation"	RelError: 4.01191e-08	AbsError: 1.21985e-08
Iteration: 3
  Device: "part1_baseline"	RelError: 7.07997e-08	AbsError: 7.58073e+04
    Region: "bulk"	RelError: 7.07996e-08	AbsError: 7.58073e+04
      Equation: "ElectronContinuityEquation"	RelError: 6.11318e-11	AbsError: 7.57990e+04
      Equation: "HoleContinuityEquation"	RelError: 7.07380e-08	AbsError: 8.33798e+00
      Equation: "PotentialEquation"	RelError: 5.25160e-13	AbsError: 1.32663e-14
    Region: "oxide"	RelError: 1.11772e-14	AbsError: 2.83939e-15
      Equation: "PotentialEquation"	RelError: 1.11772e-14	AbsError: 2.83939e-15
number of equations 6873
Iteration: 0
  Device: "part1_baseline"	RelError: 6.62879e+01	AbsError: 1.09851e+16
    Region: "bulk"	RelError: 6.61945e+01	AbsError: 1.09851e+16
      Equation: "ElectronContinuityEquation"	RelError: 4.25455e-01	AbsError: 1.08492e+16
      Equation: "HoleContinuityEquation"	RelError: 1.85690e+00	AbsError: 1.35837e+14
      Equation: "PotentialEquation"	RelError: 6.39122e+01	AbsError: 1.90785e-02
    Region: "oxide"	RelError: 9.33726e-02	AbsError: 2.00000e-02
      Equation: "PotentialEquation"	RelError: 9.33726e-02	AbsError: 2.00000e-02
Iteration: 1
  Device: "part1_baseline"	RelError: 5.01770e-01	AbsError: 4.24200e+14
    Region: "bulk"	RelError: 5.01522e-01	AbsError: 4.24200e+14
      Equation: "ElectronContinuityEquation"	RelError: 1.69675e-01	AbsError: 4.21797e+14
      Equation: "HoleContinuityEquation"	RelError: 3.14544e-01	AbsError: 2.40277e+12
      Equation: "PotentialEquation"	RelError: 1.73029e-02	AbsError: 1.48641e-04
    Region: "oxide"	RelError: 2.47612e-04	AbsError: 7.87243e-05
      Equation: "PotentialEquation"	RelError: 2.47612e-04	AbsError: 7.87243e-05
Iteration: 2
  Device: "part1_baseline"	RelError: 2.29957e-02	AbsError: 3.43916e+11
    Region: "bulk"	RelError: 2.29957e-02	AbsError: 3.43916e+11
      Equation: "ElectronContinuityEquation"	RelError: 3.96523e-04	AbsError: 3.43678e+11
      Equation: "HoleContinuityEquation"	RelError: 2.25960e-02	AbsError: 2.38103e+08
      Equation: "PotentialEquation"	RelError: 3.16569e-06	AbsError: 6.79379e-08
    Region: "oxide"	RelError: 5.34085e-08	AbsError: 1.69803e-08
      Equation: "PotentialEquation"	RelError: 5.34085e-08	AbsError: 1.69803e-08
Iteration: 3
  Device: "part1_baseline"	RelError: 1.07278e-07	AbsError: 1.46999e+05
    Region: "bulk"	RelError: 1.07278e-07	AbsError: 1.46999e+05
      Equation: "ElectronContinuityEquation"	RelError: 8.28083e-11	AbsError: 1.46983e+05
      Equation: "HoleContinuityEquation"	RelError: 1.07193e-07	AbsError: 1.59019e+01
      Equation: "PotentialEquation"	RelError: 2.43977e-12	AbsError: 2.30113e-14
    Region: "oxide"	RelError: 2.38403e-14	AbsError: 6.45103e-15
      Equation: "PotentialEquation"	RelError: 2.38403e-14	AbsError: 6.45103e-15
number of equations 6873
Iteration: 0
  Device: "part1_baseline"	RelError: 9.52699e+00	AbsError: 1.08792e+16
    Region: "bulk"	RelError: 9.44160e+00	AbsError: 1.08792e+16
      Equation: "ElectronContinuityEquation"	RelError: 4.25428e-01	AbsError: 1.07438e+16
      Equation: "HoleContinuityEquation"	RelError: 1.93699e+00	AbsError: 1.35363e+14
      Equation: "PotentialEquation"	RelError: 7.07918e+00	AbsError: 1.90765e-02
    Region: "oxide"	RelError: 8.53910e-02	AbsError: 2.00000e-02
      Equation: "PotentialEquation"	RelError: 8.53910e-02	AbsError: 2.00000e-02
Iteration: 1
  Device: "part1_baseline"	RelError: 5.08802e-01	AbsError: 5.41847e+14
    Region: "bulk"	RelError: 5.08496e-01	AbsError: 5.41847e+14
      Equation: "ElectronContinuityEquation"	RelError: 1.69568e-01	AbsError: 5.39427e+14
      Equation: "HoleContinuityEquation"	RelError: 3.25259e-01	AbsError: 2.42034e+12
      Equation: "PotentialEquation"	RelError: 1.36695e-02	AbsError: 1.75870e-04
    Region: "oxide"	RelError: 3.05878e-04	AbsError: 1.01436e-04
      Equation: "PotentialEquation"	RelError: 3.05878e-04	AbsError: 1.01436e-04
Iteration: 2
  Device: "part1_baseline"	RelError: 2.31750e-02	AbsError: 4.85109e+11
    Region: "bulk"	RelError: 2.31749e-02	AbsError: 4.85109e+11
      Equation: "ElectronContinuityEquation"	RelError: 4.78956e-04	AbsError: 4.84904e+11
      Equation: "HoleContinuityEquation"	RelError: 2.26944e-02	AbsError: 2.05681e+08
      Equation: "PotentialEquation"	RelError: 1.52690e-06	AbsError: 8.38445e-08
    Region: "oxide"	RelError: 6.94931e-08	AbsError: 2.30454e-08
      Equation: "PotentialEquation"	RelError: 6.94931e-08	AbsError: 2.30454e-08
Iteration: 3
  Device: "part1_baseline"	RelError: 1.59663e-07	AbsError: 2.65658e+05
    Region: "bulk"	RelError: 1.59663e-07	AbsError: 2.65658e+05
      Equation: "ElectronContinuityEquation"	RelError: 1.25946e-10	AbsError: 2.65629e+05
      Equation: "HoleContinuityEquation"	RelError: 1.59536e-07	AbsError: 2.89606e+01
      Equation: "PotentialEquation"	RelError: 1.02841e-12	AbsError: 3.83151e-14
    Region: "oxide"	RelError: 5.28306e-14	AbsError: 1.51654e-14
      Equation: "PotentialEquation"	RelError: 5.28306e-14	AbsError: 1.51654e-14
number of equations 6873
Iteration: 0
  Device: "part1_baseline"	RelError: 2.07578e+01	AbsError: 1.07406e+16
    Region: "bulk"	RelError: 2.06791e+01	AbsError: 1.07406e+16
      Equation: "ElectronContinuityEquation"	RelError: 4.25389e-01	AbsError: 1.06060e+16
      Equation: "HoleContinuityEquation"	RelError: 2.00328e+00	AbsError: 1.34660e+14
      Equation: "PotentialEquation"	RelError: 1.82505e+01	AbsError: 1.90734e-02
    Region: "oxide"	RelError: 7.86619e-02	AbsError: 2.00000e-02
      Equation: "PotentialEquation"	RelError: 7.86619e-02	AbsError: 2.00000e-02
Iteration: 1
  Device: "part1_baseline"	RelError: 5.35838e-01	AbsError: 7.09042e+14
    Region: "bulk"	RelError: 5.35463e-01	AbsError: 7.09042e+14
      Equation: "ElectronContinuityEquation"	RelError: 1.69422e-01	AbsError: 7.06612e+14
      Equation: "HoleContinuityEquation"	RelError: 3.35978e-01	AbsError: 2.43042e+12
      Equation: "PotentialEquation"	RelError: 3.00629e-02	AbsError: 2.06317e-04
    Region: "oxide"	RelError: 3.74704e-04	AbsError: 1.29299e-04
      Equation: "PotentialEquation"	RelError: 3.74704e-04	AbsError: 1.29299e-04
Iteration: 2
  Device: "part1_baseline"	RelError: 2.31779e-02	AbsError: 7.10954e+11
    Region: "bulk"	RelError: 2.31778e-02	AbsError: 7.10954e+11
      Equation: "ElectronContinuityEquation"	RelError: 5.75802e-04	AbsError: 7.10810e+11
      Equation: "HoleContinuityEquation"	RelError: 2.25777e-02	AbsError: 1.43582e+08
      Equation: "PotentialEquation"	RelError: 2.42789e-05	AbsError: 9.84311e-08
    Region: "oxide"	RelError: 1.14531e-07	AbsError: 3.22929e-08
      Equation: "PotentialEquation"	RelError: 1.14531e-07	AbsError: 3.22929e-08
Iteration: 3
  Device: "part1_baseline"	RelError: 2.34038e-07	AbsError: 4.34259e+05
    Region: "bulk"	RelError: 2.34038e-07	AbsError: 4.34259e+05
      Equation: "ElectronContinuityEquation"	RelError: 3.82316e-10	AbsError: 4.34216e+05
      Equation: "HoleContinuityEquation"	RelError: 2.33648e-07	AbsError: 4.30712e+01
      Equation: "PotentialEquation"	RelError: 7.30274e-12	AbsError: 6.39123e-14
    Region: "oxide"	RelError: 1.18094e-13	AbsError: 3.58294e-14
      Equation: "PotentialEquation"	RelError: 1.18094e-13	AbsError: 3.58294e-14
number of equations 6873
Iteration: 0
  Device: "part1_baseline"	RelError: 1.59560e+02	AbsError: 1.05610e+16
    Region: "bulk"	RelError: 1.59487e+02	AbsError: 1.05610e+16
      Equation: "ElectronContinuityEquation"	RelError: 4.25324e-01	AbsError: 1.04273e+16
      Equation: "HoleContinuityEquation"	RelError: 2.05677e+00	AbsError: 1.33715e+14
      Equation: "PotentialEquation"	RelError: 1.57005e+02	AbsError: 1.90685e-02
    Region: "oxide"	RelError: 7.29085e-02	AbsError: 2.00000e-02
      Equation: "PotentialEquation"	RelError: 7.29085e-02	AbsError: 2.00000e-02
Iteration: 1
  Device: "part1_baseline"	RelError: 7.46396e-01	AbsError: 9.60784e+14
    Region: "bulk"	RelError: 7.45943e-01	AbsError: 9.60784e+14
      Equation: "ElectronContinuityEquation"	RelError: 1.69207e-01	AbsError: 9.58348e+14
      Equation: "HoleContinuityEquation"	RelError: 3.44624e-01	AbsError: 2.43679e+12
      Equation: "PotentialEquation"	RelError: 2.32112e-01	AbsError: 2.39638e-04
    Region: "oxide"	RelError: 4.53303e-04	AbsError: 1.62380e-04
      Equation: "PotentialEquation"	RelError: 4.53303e-04	AbsError: 1.62380e-04
Iteration: 2
  Device: "part1_baseline"	RelError: 2.30640e-02	AbsError: 1.12986e+12
    Region: "bulk"	RelError: 2.30638e-02	AbsError: 1.12986e+12
      Equation: "ElectronContinuityEquation"	RelError: 6.89665e-04	AbsError: 1.12962e+12
      Equation: "HoleContinuityEquation"	RelError: 2.22870e-02	AbsError: 2.41147e+08
      Equation: "PotentialEquation"	RelError: 8.71415e-05	AbsError: 1.10240e-07
    Region: "oxide"	RelError: 2.29517e-07	AbsError: 6.87254e-08
      Equation: "PotentialEquation"	RelError: 2.29517e-07	AbsError: 6.87254e-08
Iteration: 3
  Device: "part1_baseline"	RelError: 3.39082e-07	AbsError: 7.37456e+05
    Region: "bulk"	RelError: 3.39082e-07	AbsError: 7.37456e+05
      Equation: "ElectronContinuityEquation"	RelError: 1.04669e-09	AbsError: 7.37424e+05
      Equation: "HoleContinuityEquation"	RelError: 3.38013e-07	AbsError: 3.23098e+01
      Equation: "PotentialEquation"	RelError: 2.27946e-11	AbsError: 1.24374e-13
    Region: "oxide"	RelError: 2.52011e-13	AbsError: 8.05355e-14
      Equation: "PotentialEquation"	RelError: 2.52011e-13	AbsError: 8.05355e-14
number of equations 6873
Iteration: 0
  Device: "part1_baseline"	RelError: 6.61219e+00	AbsError: 1.03306e+16
    Region: "bulk"	RelError: 6.54427e+00	AbsError: 1.03306e+16
      Equation: "ElectronContinuityEquation"	RelError: 4.25210e-01	AbsError: 1.01981e+16
      Equation: "HoleContinuityEquation"	RelError: 2.11282e+00	AbsError: 1.32506e+14
      Equation: "PotentialEquation"	RelError: 4.00624e+00	AbsError: 1.90600e-02
    Region: "oxide"	RelError: 6.79268e-02	AbsError: 2.00000e-02
      Equation: "PotentialEquation"	RelError: 6.79268e-02	AbsError: 2.00000e-02
Iteration: 1
  Device: "part1_baseline"	RelError: 5.47054e-01	AbsError: 1.39835e+15
    Region: "bulk"	RelError: 5.46515e-01	AbsError: 1.39835e+15
      Equation: "ElectronContinuityEquation"	RelError: 1.68870e-01	AbsError: 1.39590e+15
      Equation: "HoleContinuityEquation"	RelError: 3.51407e-01	AbsError: 2.44577e+12
      Equation: "PotentialEquation"	RelError: 2.62380e-02	AbsError: 2.76949e-04
    Region: "oxide"	RelError: 5.38971e-04	AbsError: 1.99952e-04
      Equation: "PotentialEquation"	RelError: 5.38971e-04	AbsError: 1.99952e-04
Iteration: 2
  Device: "part1_baseline"	RelError: 2.26760e-02	AbsError: 1.74337e+12
    Region: "bulk"	RelError: 2.26756e-02	AbsError: 1.74337e+12
      Equation: "ElectronContinuityEquation"	RelError: 8.20692e-04	AbsError: 1.74287e+12
      Equation: "HoleContinuityEquation"	RelError: 2.18218e-02	AbsError: 4.96670e+08
      Equation: "PotentialEquation"	RelError: 3.30987e-05	AbsError: 1.77741e-07
    Region: "oxide"	RelError: 4.18780e-07	AbsError: 1.32664e-07
      Equation: "PotentialEquation"	RelError: 4.18780e-07	AbsError: 1.32664e-07
Iteration: 3
  Device: "part1_baseline"	RelError: 4.81143e-07	AbsError: 1.12215e+06
    Region: "bulk"	RelError: 4.81142e-07	AbsError: 1.12215e+06
      Equation: "ElectronContinuityEquation"	RelError: 2.24150e-09	AbsError: 1.12190e+06
      Equation: "HoleContinuityEquation"	RelError: 4.78886e-07	AbsError: 2.59195e+02
      Equation: "PotentialEquation"	RelError: 1.46280e-11	AbsError: 2.41524e-13
    Region: "oxide"	RelError: 4.71042e-13	AbsError: 1.58044e-13
      Equation: "PotentialEquation"	RelError: 4.71042e-13	AbsError: 1.58044e-13
number of equations 6873
Iteration: 0
  Device: "part1_baseline"	RelError: 7.79461e+00	AbsError: 1.00390e+16
    Region: "bulk"	RelError: 7.73105e+00	AbsError: 1.00390e+16
      Equation: "ElectronContinuityEquation"	RelError: 4.24999e-01	AbsError: 9.90803e+15
      Equation: "HoleContinuityEquation"	RelError: 2.16643e+00	AbsError: 1.30986e+14
      Equation: "PotentialEquation"	RelError: 5.13962e+00	AbsError: 1.90447e-02
    Region: "oxide"	RelError: 6.35599e-02	AbsError: 2.00000e-02
      Equation: "PotentialEquation"	RelError: 6.35599e-02	AbsError: 2.00000e-02
Iteration: 1
  Device: "part1_baseline"	RelError: 5.41711e-01	AbsError: 2.08004e+15
    Region: "bulk"	RelError: 5.41084e-01	AbsError: 2.08004e+15
      Equation: "ElectronContinuityEquation"	RelError: 1.68336e-01	AbsError: 2.07758e+15
      Equation: "HoleContinuityEquation"	RelError: 3.59078e-01	AbsError: 2.46757e+12
      Equation: "PotentialEquation"	RelError: 1.36702e-02	AbsError: 3.13489e-04
    Region: "oxide"	RelError: 6.26530e-04	AbsError: 2.40153e-04
      Equation: "PotentialEquation"	RelError: 6.26530e-04	AbsError: 2.40153e-04
Iteration: 2
  Device: "part1_baseline"	RelError: 2.21627e-02	AbsError: 2.50704e+12
    Region: "bulk"	RelError: 2.21620e-02	AbsError: 2.50704e+12
      Equation: "ElectronContinuityEquation"	RelError: 9.68540e-04	AbsError: 2.50605e+12
      Equation: "HoleContinuityEquation"	RelError: 2.11469e-02	AbsError: 9.91279e+08
      Equation: "PotentialEquation"	RelError: 4.65800e-05	AbsError: 2.98451e-07
    Region: "oxide"	RelError: 6.87187e-07	AbsError: 2.29487e-07
      Equation: "PotentialEquation"	RelError: 6.87187e-07	AbsError: 2.29487e-07
Iteration: 3
  Device: "part1_baseline"	RelError: 6.64632e-07	AbsError: 3.31965e+06
    Region: "bulk"	RelError: 6.64631e-07	AbsError: 3.31965e+06
      Equation: "ElectronContinuityEquation"	RelError: 3.94374e-09	AbsError: 3.31876e+06
      Equation: "HoleContinuityEquation"	RelError: 6.60636e-07	AbsError: 8.91473e+02
      Equation: "PotentialEquation"	RelError: 5.13765e-11	AbsError: 5.95059e-13
    Region: "oxide"	RelError: 1.19321e-12	AbsError: 3.98474e-13
      Equation: "PotentialEquation"	RelError: 1.19321e-12	AbsError: 3.98474e-13
number of equations 6873
Iteration: 0
  Device: "part1_baseline"	RelError: 1.80127e+01	AbsError: 1.28121e+16
    Region: "bulk"	RelError: 1.79531e+01	AbsError: 1.28121e+16
      Equation: "ElectronContinuityEquation"	RelError: 4.24594e-01	AbsError: 1.26831e+16
      Equation: "HoleContinuityEquation"	RelError: 2.20863e+00	AbsError: 1.29072e+14
      Equation: "PotentialEquation"	RelError: 1.53198e+01	AbsError: 1.90161e-02
    Region: "oxide"	RelError: 5.96795e-02	AbsError: 2.00000e-02
      Equation: "PotentialEquation"	RelError: 5.96795e-02	AbsError: 2.00000e-02
Iteration: 1
  Device: "part1_baseline"	RelError: 5.78820e-01	AbsError: 2.97577e+15
    Region: "bulk"	RelError: 5.78112e-01	AbsError: 2.97577e+15
      Equation: "ElectronContinuityEquation"	RelError: 1.67484e-01	AbsError: 2.97326e+15
      Equation: "HoleContinuityEquation"	RelError: 3.66066e-01	AbsError: 2.51795e+12
      Equation: "PotentialEquation"	RelError: 4.45612e-02	AbsError: 3.47561e-04
    Region: "oxide"	RelError: 7.08240e-04	AbsError: 2.79820e-04
      Equation: "PotentialEquation"	RelError: 7.08240e-04	AbsError: 2.79820e-04
Iteration: 2
  Device: "part1_baseline"	RelError: 2.15195e-02	AbsError: 4.05973e+12
    Region: "bulk"	RelError: 2.15184e-02	AbsError: 4.05973e+12
      Equation: "ElectronContinuityEquation"	RelError: 1.12388e-03	AbsError: 4.05783e+12
      Equation: "HoleContinuityEquation"	RelError: 2.01874e-02	AbsError: 1.89856e+09
      Equation: "PotentialEquation"	RelError: 2.07152e-04	AbsError: 4.82974e-07
    Region: "oxide"	RelError: 1.10123e-06	AbsError: 3.74773e-07
      Equation: "PotentialEquation"	RelError: 1.10123e-06	AbsError: 3.74773e-07
Iteration: 3
  Device: "part1_baseline"	RelError: 8.80725e-07	AbsError: 7.56846e+06
    Region: "bulk"	RelError: 8.80722e-07	AbsError: 7.56846e+06
      Equation: "ElectronContinuityEquation"	RelError: 5.92075e-09	AbsError: 7.56727e+06
      Equation: "HoleContinuityEquation"	RelError: 8.74451e-07	AbsError: 1.18976e+03
      Equation: "PotentialEquation"	RelError: 3.50435e-10	AbsError: 1.56886e-12
    Region: "oxide"	RelError: 3.21538e-12	AbsError: 1.09427e-12
      Equation: "PotentialEquation"	RelError: 3.21538e-12	AbsError: 1.09427e-12
number of equations 6873
Iteration: 0
  Device: "part1_baseline"	RelError: 1.35645e+01	AbsError: 1.89830e+16
    Region: "bulk"	RelError: 1.35084e+01	AbsError: 1.89830e+16
      Equation: "ElectronContinuityEquation"	RelError: 4.23923e-01	AbsError: 1.88564e+16
      Equation: "HoleContinuityEquation"	RelError: 2.23187e+00	AbsError: 1.26616e+14
      Equation: "PotentialEquation"	RelError: 1.08526e+01	AbsError: 1.89646e-02
    Region: "oxide"	RelError: 5.61700e-02	AbsError: 2.00000e-02
      Equation: "PotentialEquation"	RelError: 5.61700e-02	AbsError: 2.00000e-02
Iteration: 1
  Device: "part1_baseline"	RelError: 6.10641e-01	AbsError: 4.07660e+15
    Region: "bulk"	RelError: 6.09831e-01	AbsError: 4.07660e+15
      Equation: "ElectronContinuityEquation"	RelError: 1.65931e-01	AbsError: 4.07398e+15
      Equation: "HoleContinuityEquation"	RelError: 3.70878e-01	AbsError: 2.61930e+12
      Equation: "PotentialEquation"	RelError: 7.30217e-02	AbsError: 4.05905e-04
    Region: "oxide"	RelError: 8.09661e-04	AbsError: 3.14686e-04
      Equation: "PotentialEquation"	RelError: 8.09661e-04	AbsError: 3.14686e-04
Iteration: 2
  Device: "part1_baseline"	RelError: 2.03578e-02	AbsError: 6.81688e+12
    Region: "bulk"	RelError: 2.03561e-02	AbsError: 6.81688e+12
      Equation: "ElectronContinuityEquation"	RelError: 1.26425e-03	AbsError: 6.81347e+12
      Equation: "HoleContinuityEquation"	RelError: 1.88420e-02	AbsError: 3.41392e+09
      Equation: "PotentialEquation"	RelError: 2.49849e-04	AbsError: 7.42135e-07
    Region: "oxide"	RelError: 1.67790e-06	AbsError: 5.88772e-07
      Equation: "PotentialEquation"	RelError: 1.67790e-06	AbsError: 5.88772e-07
Iteration: 3
  Device: "part1_baseline"	RelError: 1.07351e-06	AbsError: 2.31498e+07
    Region: "bulk"	RelError: 1.07350e-06	AbsError: 2.31498e+07
      Equation: "ElectronContinuityEquation"	RelError: 7.94064e-09	AbsError: 2.31420e+07
      Equation: "HoleContinuityEquation"	RelError: 1.06478e-06	AbsError: 7.80428e+03
      Equation: "PotentialEquation"	RelError: 7.85740e-10	AbsError: 4.83655e-12
    Region: "oxide"	RelError: 1.00677e-11	AbsError: 3.53276e-12
      Equation: "PotentialEquation"	RelError: 1.00677e-11	AbsError: 3.53276e-12
Iteration: 4
  Device: "part1_baseline"	RelError: 2.33634e-17	AbsError: 9.62825e-04
    Region: "bulk"	RelError: 2.33631e-17	AbsError: 9.62825e-04
      Equation: "ElectronContinuityEquation"	RelError: 3.00627e-19	AbsError: 9.62673e-04
      Equation: "HoleContinuityEquation"	RelError: 2.30373e-17	AbsError: 1.52258e-07
      Equation: "PotentialEquation"	RelError: 2.50866e-20	AbsError: 1.86550e-22
    Region: "oxide"	RelError: 3.85131e-22	AbsError: 1.37785e-22
      Equation: "PotentialEquation"	RelError: 3.85131e-22	AbsError: 1.37785e-22
number of equations 6873
Iteration: 0
  Device: "part1_baseline"	RelError: 2.39108e+01	AbsError: 2.75423e+16
    Region: "bulk"	RelError: 2.38579e+01	AbsError: 2.75423e+16
      Equation: "ElectronContinuityEquation"	RelError: 4.22619e-01	AbsError: 2.74189e+16
      Equation: "HoleContinuityEquation"	RelError: 2.22649e+00	AbsError: 1.23369e+14
      Equation: "PotentialEquation"	RelError: 2.12088e+01	AbsError: 1.88706e-02
    Region: "oxide"	RelError: 5.29119e-02	AbsError: 2.00000e-02
      Equation: "PotentialEquation"	RelError: 5.29119e-02	AbsError: 2.00000e-02
Iteration: 1
  Device: "part1_baseline"	RelError: 8.54355e-01	AbsError: 5.33628e+15
    Region: "bulk"	RelError: 8.53357e-01	AbsError: 5.33628e+15
      Equation: "ElectronContinuityEquation"	RelError: 1.63106e-01	AbsError: 5.33348e+15
      Equation: "HoleContinuityEquation"	RelError: 3.72629e-01	AbsError: 2.79859e+12
      Equation: "PotentialEquation"	RelError: 3.17622e-01	AbsError: 4.99178e-04
    Region: "oxide"	RelError: 9.98533e-04	AbsError: 3.94399e-04
      Equation: "PotentialEquation"	RelError: 9.98533e-04	AbsError: 3.94399e-04
Iteration: 2
  Device: "part1_baseline"	RelError: 1.92498e-02	AbsError: 1.09713e+13
    Region: "bulk"	RelError: 1.92474e-02	AbsError: 1.09713e+13
      Equation: "ElectronContinuityEquation"	RelError: 1.34675e-03	AbsError: 1.09658e+13
      Equation: "HoleContinuityEquation"	RelError: 1.69930e-02	AbsError: 5.50128e+09
      Equation: "PotentialEquation"	RelError: 9.07710e-04	AbsError: 1.08152e-06
    Region: "oxide"	RelError: 2.40337e-06	AbsError: 8.68975e-07
      Equation: "PotentialEquation"	RelError: 2.40337e-06	AbsError: 8.68975e-07
Iteration: 3
  Device: "part1_baseline"	RelError: 1.13873e-06	AbsError: 6.42192e+07
    Region: "bulk"	RelError: 1.13870e-06	AbsError: 6.42192e+07
      Equation: "ElectronContinuityEquation"	RelError: 1.30318e-08	AbsError: 6.41804e+07
      Equation: "HoleContinuityEquation"	RelError: 1.11704e-06	AbsError: 3.88592e+04
      Equation: "PotentialEquation"	RelError: 8.62717e-09	AbsError: 1.24446e-11
    Region: "oxide"	RelError: 2.58255e-11	AbsError: 9.40044e-12
      Equation: "PotentialEquation"	RelError: 2.58255e-11	AbsError: 9.40044e-12
Iteration: 4
  Device: "part1_baseline"	RelError: 1.07545e-16	AbsError: 8.10383e-03
    Region: "bulk"	RelError: 1.07542e-16	AbsError: 8.10383e-03
      Equation: "ElectronContinuityEquation"	RelError: 1.67540e-18	AbsError: 8.10159e-03
      Equation: "HoleContinuityEquation"	RelError: 1.05044e-16	AbsError: 2.24451e-06
      Equation: "PotentialEquation"	RelError: 8.22648e-19	AbsError: 1.54825e-21
    Region: "oxide"	RelError: 3.24920e-21	AbsError: 1.18271e-21
      Equation: "PotentialEquation"	RelError: 3.24920e-21	AbsError: 1.18271e-21
number of equations 6873
Iteration: 0
  Device: "part1_baseline"	RelError: 1.70215e+01	AbsError: 3.86584e+16
    Region: "bulk"	RelError: 1.69717e+01	AbsError: 3.86584e+16
      Equation: "ElectronContinuityEquation"	RelError: 4.20115e-01	AbsError: 3.85395e+16
      Equation: "HoleContinuityEquation"	RelError: 2.17664e+00	AbsError: 1.18958e+14
      Equation: "PotentialEquation"	RelError: 1.43749e+01	AbsError: 1.86928e-02
    Region: "oxide"	RelError: 4.97793e-02	AbsError: 2.00000e-02
      Equation: "PotentialEquation"	RelError: 4.97793e-02	AbsError: 2.00000e-02
Iteration: 1
  Device: "part1_baseline"	RelError: 8.32865e-01	AbsError: 6.68062e+15
    Region: "bulk"	RelError: 8.31683e-01	AbsError: 6.68062e+15
      Equation: "ElectronContinuityEquation"	RelError: 1.58162e-01	AbsError: 6.67755e+15
      Equation: "HoleContinuityEquation"	RelError: 3.69574e-01	AbsError: 3.07622e+12
      Equation: "PotentialEquation"	RelError: 3.03946e-01	AbsError: 5.97033e-04
    Region: "oxide"	RelError: 1.18239e-03	AbsError: 4.71623e-04
      Equation: "PotentialEquation"	RelError: 1.18239e-03	AbsError: 4.71623e-04
Iteration: 2
  Device: "part1_baseline"	RelError: 1.61565e-02	AbsError: 1.59892e+13
    Region: "bulk"	RelError: 1.61534e-02	AbsError: 1.59892e+13
      Equation: "ElectronContinuityEquation"	RelError: 1.31525e-03	AbsError: 1.59820e+13
      Equation: "HoleContinuityEquation"	RelError: 1.44971e-02	AbsError: 7.25907e+09
      Equation: "PotentialEquation"	RelError: 3.41030e-04	AbsError: 1.43091e-06
    Region: "oxide"	RelError: 3.10582e-06	AbsError: 1.16598e-06
      Equation: "PotentialEquation"	RelError: 3.10582e-06	AbsError: 1.16598e-06
Iteration: 3
  Device: "part1_baseline"	RelError: 9.45109e-07	AbsError: 1.12500e+08
    Region: "bulk"	RelError: 9.45066e-07	AbsError: 1.12500e+08
      Equation: "ElectronContinuityEquation"	RelError: 1.77676e-08	AbsError: 1.12409e+08
      Equation: "HoleContinuityEquation"	RelError: 9.20710e-07	AbsError: 9.07675e+04
      Equation: "PotentialEquation"	RelError: 6.58821e-09	AbsError: 2.12634e-11
    Region: "oxide"	RelError: 4.27639e-11	AbsError: 1.60659e-11
      Equation: "PotentialEquation"	RelError: 4.27639e-11	AbsError: 1.60659e-11
number of equations 6873
Iteration: 0
  Device: "part1_baseline"	RelError: 1.06561e+01	AbsError: 5.24724e+16
    Region: "bulk"	RelError: 1.06094e+01	AbsError: 5.24724e+16
      Equation: "ElectronContinuityEquation"	RelError: 4.15507e-01	AbsError: 5.23596e+16
      Equation: "HoleContinuityEquation"	RelError: 2.06277e+00	AbsError: 1.12896e+14
      Equation: "PotentialEquation"	RelError: 8.13118e+00	AbsError: 1.83895e-02
    Region: "oxide"	RelError: 4.66444e-02	AbsError: 2.00000e-02
      Equation: "PotentialEquation"	RelError: 4.66444e-02	AbsError: 2.00000e-02
Iteration: 1
  Device: "part1_baseline"	RelError: 7.34674e-01	AbsError: 8.02975e+15
    Region: "bulk"	RelError: 7.33275e-01	AbsError: 8.02975e+15
      Equation: "ElectronContinuityEquation"	RelError: 1.50295e-01	AbsError: 8.02585e+15
      Equation: "HoleContinuityEquation"	RelError: 3.58976e-01	AbsError: 3.90005e+12
      Equation: "PotentialEquation"	RelError: 2.24004e-01	AbsError: 7.10010e-04
    Region: "oxide"	RelError: 1.39925e-03	AbsError: 5.76465e-04
      Equation: "PotentialEquation"	RelError: 1.39925e-03	AbsError: 5.76465e-04
Iteration: 2
  Device: "part1_baseline"	RelError: 1.33063e-02	AbsError: 1.98741e+13
    Region: "bulk"	RelError: 1.33028e-02	AbsError: 1.98741e+13
      Equation: "ElectronContinuityEquation"	RelError: 1.12275e-03	AbsError: 1.98678e+13
      Equation: "HoleContinuityEquation"	RelError: 1.13651e-02	AbsError: 6.30249e+09
      Equation: "PotentialEquation"	RelError: 8.14900e-04	AbsError: 2.09054e-06
    Region: "oxide"	RelError: 3.54060e-06	AbsError: 1.45867e-06
      Equation: "PotentialEquation"	RelError: 3.54060e-06	AbsError: 1.45867e-06
Iteration: 3
  Device: "part1_baseline"	RelError: 5.30779e-07	AbsError: 2.14968e+08
    Region: "bulk"	RelError: 5.30732e-07	AbsError: 2.14968e+08
      Equation: "ElectronContinuityEquation"	RelError: 1.63814e-08	AbsError: 2.14887e+08
      Equation: "HoleContinuityEquation"	RelError: 5.03335e-07	AbsError: 8.11851e+04
      Equation: "PotentialEquation"	RelError: 1.10158e-08	AbsError: 2.64111e-11
    Region: "oxide"	RelError: 4.68648e-11	AbsError: 1.93075e-11
      Equation: "PotentialEquation"	RelError: 4.68648e-11	AbsError: 1.93075e-11
number of equations 6873
Iteration: 0
  Device: "part1_baseline"	RelError: 1.02852e+01	AbsError: 6.89664e+16
    Region: "bulk"	RelError: 1.02419e+01	AbsError: 6.89664e+16
      Equation: "ElectronContinuityEquation"	RelError: 4.08000e-01	AbsError: 6.88617e+16
      Equation: "HoleContinuityEquation"	RelError: 1.87264e+00	AbsError: 1.04720e+14
      Equation: "PotentialEquation"	RelError: 7.96123e+00	AbsError: 1.78656e-02
    Region: "oxide"	RelError: 4.32935e-02	AbsError: 2.00000e-02
      Equation: "PotentialEquation"	RelError: 4.32935e-02	AbsError: 2.00000e-02
Iteration: 1
  Device: "part1_baseline"	RelError: 8.82677e-01	AbsError: 9.31363e+15
    Region: "bulk"	RelError: 8.81096e-01	AbsError: 9.31363e+15
      Equation: "ElectronContinuityEquation"	RelError: 1.37860e-01	AbsError: 9.30859e+15
      Equation: "HoleContinuityEquation"	RelError: 3.37697e-01	AbsError: 5.04076e+12
      Equation: "PotentialEquation"	RelError: 4.05538e-01	AbsError: 8.10991e-04
    Region: "oxide"	RelError: 1.58162e-03	AbsError: 6.64244e-04
      Equation: "PotentialEquation"	RelError: 1.58162e-03	AbsError: 6.64244e-04
Iteration: 2
  Device: "part1_baseline"	RelError: 9.14125e-03	AbsError: 2.20157e+13
    Region: "bulk"	RelError: 9.13576e-03	AbsError: 2.20157e+13
      Equation: "ElectronContinuityEquation"	RelError: 7.75190e-04	AbsError: 2.20125e+13
      Equation: "HoleContinuityEquation"	RelError: 7.98748e-03	AbsError: 3.26426e+09
      Equation: "PotentialEquation"	RelError: 3.73089e-04	AbsError: 3.22411e-06
    Region: "oxide"	RelError: 5.48677e-06	AbsError: 2.30433e-06
      Equation: "PotentialEquation"	RelError: 5.48677e-06	AbsError: 2.30433e-06
Iteration: 3
  Device: "part1_baseline"	RelError: 1.86993e-07	AbsError: 4.00067e+08
    Region: "bulk"	RelError: 1.86875e-07	AbsError: 4.00067e+08
      Equation: "ElectronContinuityEquation"	RelError: 1.10373e-08	AbsError: 4.00053e+08
      Equation: "HoleContinuityEquation"	RelError: 1.71875e-07	AbsError: 1.42429e+04
      Equation: "PotentialEquation"	RelError: 3.96284e-09	AbsError: 6.65600e-11
    Region: "oxide"	RelError: 1.17841e-10	AbsError: 4.94909e-11
      Equation: "PotentialEquation"	RelError: 1.17841e-10	AbsError: 4.94909e-11
number of equations 6873
Iteration: 0
  Device: "part1_baseline"	RelError: 7.86917e+00	AbsError: 8.79865e+16
    Region: "bulk"	RelError: 7.82942e+00	AbsError: 8.79865e+16
      Equation: "ElectronContinuityEquation"	RelError: 3.95851e-01	AbsError: 8.78922e+16
      Equation: "HoleContinuityEquation"	RelError: 1.61804e+00	AbsError: 9.42799e+13
      Equation: "PotentialEquation"	RelError: 5.81553e+00	AbsError: 1.70492e-02
    Region: "oxide"	RelError: 3.97519e-02	AbsError: 2.00000e-02
      Equation: "PotentialEquation"	RelError: 3.97519e-02	AbsError: 2.00000e-02
Iteration: 1
  Device: "part1_baseline"	RelError: 9.00868e-01	AbsError: 1.04916e+16
    Region: "bulk"	RelError: 8.99172e-01	AbsError: 1.04916e+16
      Equation: "ElectronContinuityEquation"	RelError: 1.20342e-01	AbsError: 1.04855e+16
      Equation: "HoleContinuityEquation"	RelError: 3.04184e-01	AbsError: 6.02551e+12
      Equation: "PotentialEquation"	RelError: 4.74645e-01	AbsError: 8.84014e-04
    Region: "oxide"	RelError: 1.69645e-03	AbsError: 7.25925e-04
      Equation: "PotentialEquation"	RelError: 1.69645e-03	AbsError: 7.25925e-04
Iteration: 2
  Device: "part1_baseline"	RelError: 6.54135e-03	AbsError: 2.05164e+13
    Region: "bulk"	RelError: 6.53469e-03	AbsError: 2.05164e+13
      Equation: "ElectronContinuityEquation"	RelError: 4.36049e-04	AbsError: 2.05033e+13
      Equation: "HoleContinuityEquation"	RelError: 4.97015e-03	AbsError: 1.30482e+10
      Equation: "PotentialEquation"	RelError: 1.12849e-03	AbsError: 3.94918e-06
    Region: "oxide"	RelError: 6.65773e-06	AbsError: 2.86182e-06
      Equation: "PotentialEquation"	RelError: 6.65773e-06	AbsError: 2.86182e-06
Iteration: 3
  Device: "part1_baseline"	RelError: 1.71047e-07	AbsError: 5.11447e+08
    Region: "bulk"	RelError: 1.70856e-07	AbsError: 5.11447e+08
      Equation: "ElectronContinuityEquation"	RelError: 1.30913e-08	AbsError: 5.11309e+08
      Equation: "HoleContinuityEquation"	RelError: 1.49447e-07	AbsError: 1.37666e+05
      Equation: "PotentialEquation"	RelError: 8.31776e-09	AbsError: 1.09783e-10
    Region: "oxide"	RelError: 1.90972e-10	AbsError: 8.20888e-11
      Equation: "PotentialEquation"	RelError: 1.90972e-10	AbsError: 8.20888e-11
number of equations 6873
Iteration: 0
  Device: "part1_baseline"	RelError: 1.07553e+01	AbsError: 1.09265e+17
    Region: "bulk"	RelError: 1.07171e+01	AbsError: 1.09265e+17
      Equation: "ElectronContinuityEquation"	RelError: 3.77962e-01	AbsError: 1.09183e+17
      Equation: "HoleContinuityEquation"	RelError: 1.33712e+00	AbsError: 8.20259e+13
      Equation: "PotentialEquation"	RelError: 9.00200e+00	AbsError: 1.58696e-02
    Region: "oxide"	RelError: 3.82321e-02	AbsError: 2.00000e-02
      Equation: "PotentialEquation"	RelError: 3.82321e-02	AbsError: 2.00000e-02
Iteration: 1
  Device: "part1_baseline"	RelError: 2.44645e+00	AbsError: 1.18734e+16
    Region: "bulk"	RelError: 2.44470e+00	AbsError: 1.18734e+16
      Equation: "ElectronContinuityEquation"	RelError: 9.89740e-02	AbsError: 1.18669e+16
      Equation: "HoleContinuityEquation"	RelError: 2.60711e-01	AbsError: 6.51679e+12
      Equation: "PotentialEquation"	RelError: 2.08502e+00	AbsError: 9.30747e-04
    Region: "oxide"	RelError: 1.74997e-03	AbsError: 7.69200e-04
      Equation: "PotentialEquation"	RelError: 1.74997e-03	AbsError: 7.69200e-04
Iteration: 2
  Device: "part1_baseline"	RelError: 1.16074e-02	AbsError: 2.16963e+13
    Region: "bulk"	RelError: 1.16005e-02	AbsError: 2.16963e+13
      Equation: "ElectronContinuityEquation"	RelError: 5.01345e-04	AbsError: 2.16735e+13
      Equation: "HoleContinuityEquation"	RelError: 2.79277e-03	AbsError: 2.28338e+10
      Equation: "PotentialEquation"	RelError: 8.30640e-03	AbsError: 4.17778e-06
    Region: "oxide"	RelError: 6.84633e-06	AbsError: 3.01135e-06
      Equation: "PotentialEquation"	RelError: 6.84633e-06	AbsError: 3.01135e-06
Iteration: 3
  Device: "part1_baseline"	RelError: 3.60835e-07	AbsError: 4.42359e+08
    Region: "bulk"	RelError: 3.60652e-07	AbsError: 4.42359e+08
      Equation: "ElectronContinuityEquation"	RelError: 1.45408e-08	AbsError: 4.41893e+08
      Equation: "HoleContinuityEquation"	RelError: 1.75793e-07	AbsError: 4.66301e+05
      Equation: "PotentialEquation"	RelError: 1.70319e-07	AbsError: 1.09835e-10
    Region: "oxide"	RelError: 1.82234e-10	AbsError: 8.01552e-11
      Equation: "PotentialEquation"	RelError: 1.82234e-10	AbsError: 8.01552e-11
number of equations 6873
Iteration: 0
  Device: "part1_baseline"	RelError: 5.98090e+00	AbsError: 1.32436e+17
    Region: "bulk"	RelError: 5.94407e+00	AbsError: 1.32436e+17
      Equation: "ElectronContinuityEquation"	RelError: 3.54451e-01	AbsError: 1.32367e+17
      Equation: "HoleContinuityEquation"	RelError: 1.07553e+00	AbsError: 6.90220e+13
      Equation: "PotentialEquation"	RelError: 4.51409e+00	AbsError: 1.43792e-02
    Region: "oxide"	RelError: 3.68242e-02	AbsError: 2.00000e-02
      Equation: "PotentialEquation"	RelError: 3.68242e-02	AbsError: 2.00000e-02
Iteration: 1
  Device: "part1_baseline"	RelError: 5.74678e-01	AbsError: 1.30260e+16
    Region: "bulk"	RelError: 5.72889e-01	AbsError: 1.30260e+16
      Equation: "ElectronContinuityEquation"	RelError: 7.68324e-02	AbsError: 1.30196e+16
      Equation: "HoleContinuityEquation"	RelError: 2.13172e-01	AbsError: 6.35254e+12
      Equation: "PotentialEquation"	RelError: 2.82884e-01	AbsError: 9.91521e-04
    Region: "oxide"	RelError: 1.78910e-03	AbsError: 8.20084e-04
      Equation: "PotentialEquation"	RelError: 1.78910e-03	AbsError: 8.20084e-04
Iteration: 2
  Device: "part1_baseline"	RelError: 3.37791e-03	AbsError: 2.61478e+13
    Region: "bulk"	RelError: 3.36969e-03	AbsError: 2.61478e+13
      Equation: "ElectronContinuityEquation"	RelError: 4.25882e-04	AbsError: 2.61222e+13
      Equation: "HoleContinuityEquation"	RelError: 1.51384e-03	AbsError: 2.55697e+10
      Equation: "PotentialEquation"	RelError: 1.42997e-03	AbsError: 5.30650e-06
    Region: "oxide"	RelError: 8.21887e-06	AbsError: 3.82031e-06
      Equation: "PotentialEquation"	RelError: 8.21887e-06	AbsError: 3.82031e-06
Iteration: 3
  Device: "part1_baseline"	RelError: 1.72856e-07	AbsError: 7.52445e+08
    Region: "bulk"	RelError: 1.72558e-07	AbsError: 7.52445e+08
      Equation: "ElectronContinuityEquation"	RelError: 1.89211e-08	AbsError: 7.51767e+08
      Equation: "HoleContinuityEquation"	RelError: 1.09449e-07	AbsError: 6.77893e+05
      Equation: "PotentialEquation"	RelError: 4.41879e-08	AbsError: 1.91952e-10
    Region: "oxide"	RelError: 2.98136e-10	AbsError: 1.38580e-10
      Equation: "PotentialEquation"	RelError: 2.98136e-10	AbsError: 1.38580e-10
number of equations 6873
Iteration: 0
  Device: "part1_baseline"	RelError: 4.58209e+00	AbsError: 1.57059e+17
    Region: "bulk"	RelError: 4.54657e+00	AbsError: 1.57059e+17
      Equation: "ElectronContinuityEquation"	RelError: 3.26977e-01	AbsError: 1.57002e+17
      Equation: "HoleContinuityEquation"	RelError: 8.59046e-01	AbsError: 5.65556e+13
      Equation: "PotentialEquation"	RelError: 3.36055e+00	AbsError: 1.27374e-02
    Region: "oxide"	RelError: 3.55163e-02	AbsError: 2.00000e-02
      Equation: "PotentialEquation"	RelError: 3.55163e-02	AbsError: 2.00000e-02
Iteration: 1
  Device: "part1_baseline"	RelError: 7.38239e-01	AbsError: 1.40542e+16
    Region: "bulk"	RelError: 7.36506e-01	AbsError: 1.40542e+16
      Equation: "ElectronContinuityEquation"	RelError: 5.72579e-02	AbsError: 1.40485e+16
      Equation: "HoleContinuityEquation"	RelError: 1.69273e-01	AbsError: 5.64680e+12
      Equation: "PotentialEquation"	RelError: 5.09975e-01	AbsError: 9.53967e-04
    Region: "oxide"	RelError: 1.73291e-03	AbsError: 8.16492e-04
      Equation: "PotentialEquation"	RelError: 1.73291e-03	AbsError: 8.16492e-04
Iteration: 2
  Device: "part1_baseline"	RelError: 3.42399e-03	AbsError: 2.75733e+13
    Region: "bulk"	RelError: 3.41618e-03	AbsError: 2.75733e+13
      Equation: "ElectronContinuityEquation"	RelError: 2.58720e-04	AbsError: 2.75521e+13
      Equation: "HoleContinuityEquation"	RelError: 8.48549e-04	AbsError: 2.11464e+10
      Equation: "PotentialEquation"	RelError: 2.30891e-03	AbsError: 4.94580e-06
    Region: "oxide"	RelError: 7.81099e-06	AbsError: 3.69976e-06
      Equation: "PotentialEquation"	RelError: 7.81099e-06	AbsError: 3.69976e-06
Iteration: 3
  Device: "part1_baseline"	RelError: 1.15303e-07	AbsError: 7.49476e+08
    Region: "bulk"	RelError: 1.15053e-07	AbsError: 7.49476e+08
      Equation: "ElectronContinuityEquation"	RelError: 1.03894e-08	AbsError: 7.48985e+08
      Equation: "HoleContinuityEquation"	RelError: 4.37951e-08	AbsError: 4.90545e+05
      Equation: "PotentialEquation"	RelError: 6.08682e-08	AbsError: 1.59151e-10
    Region: "oxide"	RelError: 2.50483e-10	AbsError: 1.19126e-10
      Equation: "PotentialEquation"	RelError: 2.50483e-10	AbsError: 1.19126e-10
number of equations 6873
Iteration: 0
  Device: "part1_baseline"	RelError: 2.25004e+00	AbsError: 1.82655e+17
    Region: "bulk"	RelError: 2.21575e+00	AbsError: 1.82655e+17
      Equation: "ElectronContinuityEquation"	RelError: 2.98114e-01	AbsError: 1.82609e+17
      Equation: "HoleContinuityEquation"	RelError: 6.87681e-01	AbsError: 4.56098e+13
      Equation: "PotentialEquation"	RelError: 1.22995e+00	AbsError: 1.11307e-02
    Region: "oxide"	RelError: 3.42982e-02	AbsError: 2.00000e-02
      Equation: "PotentialEquation"	RelError: 3.42982e-02	AbsError: 2.00000e-02
Iteration: 1
  Device: "part1_baseline"	RelError: 2.85468e-01	AbsError: 1.49487e+16
    Region: "bulk"	RelError: 2.83928e-01	AbsError: 1.49487e+16
      Equation: "ElectronContinuityEquation"	RelError: 4.19606e-02	AbsError: 1.49440e+16
      Equation: "HoleContinuityEquation"	RelError: 1.31524e-01	AbsError: 4.68471e+12
      Equation: "PotentialEquation"	RelError: 1.10444e-01	AbsError: 8.33653e-04
    Region: "oxide"	RelError: 1.53988e-03	AbsError: 7.41548e-04
      Equation: "PotentialEquation"	RelError: 1.53988e-03	AbsError: 7.41548e-04
Iteration: 2
  Device: "part1_baseline"	RelError: 1.11461e-03	AbsError: 2.15687e+13
    Region: "bulk"	RelError: 1.10902e-03	AbsError: 2.15687e+13
      Equation: "ElectronContinuityEquation"	RelError: 1.86225e-04	AbsError: 2.15545e+13
      Equation: "HoleContinuityEquation"	RelError: 5.00182e-04	AbsError: 1.42193e+10
      Equation: "PotentialEquation"	RelError: 4.22612e-04	AbsError: 3.50755e-06
    Region: "oxide"	RelError: 5.58787e-06	AbsError: 2.70465e-06
      Equation: "PotentialEquation"	RelError: 5.58787e-06	AbsError: 2.70465e-06
Iteration: 3
  Device: "part1_baseline"	RelError: 2.73045e-08	AbsError: 3.83575e+08
    Region: "bulk"	RelError: 2.71875e-08	AbsError: 3.83575e+08
      Equation: "ElectronContinuityEquation"	RelError: 5.62017e-09	AbsError: 3.83359e+08
      Equation: "HoleContinuityEquation"	RelError: 1.44080e-08	AbsError: 2.15776e+05
      Equation: "PotentialEquation"	RelError: 7.15942e-09	AbsError: 7.41688e-11
    Region: "oxide"	RelError: 1.16968e-10	AbsError: 5.66151e-11
      Equation: "PotentialEquation"	RelError: 1.16968e-10	AbsError: 5.66151e-11
number of equations 6873
Iteration: 0
  Device: "part1_baseline"	RelError: 8.30478e+00	AbsError: 2.08743e+17
    Region: "bulk"	RelError: 8.27162e+00	AbsError: 2.08743e+17
      Equation: "ElectronContinuityEquation"	RelError: 2.70165e-01	AbsError: 2.08706e+17
      Equation: "HoleContinuityEquation"	RelError: 5.57571e-01	AbsError: 3.65967e+13
      Equation: "PotentialEquation"	RelError: 7.44389e+00	AbsError: 9.68599e-03
    Region: "oxide"	RelError: 3.31608e-02	AbsError: 2.00000e-02
      Equation: "PotentialEquation"	RelError: 3.31608e-02	AbsError: 2.00000e-02
Iteration: 1
  Device: "part1_baseline"	RelError: 5.62958e-01	AbsError: 1.53938e+16
    Region: "bulk"	RelError: 5.61659e-01	AbsError: 1.53938e+16
      Equation: "ElectronContinuityEquation"	RelError: 3.08251e-02	AbsError: 1.53901e+16
      Equation: "HoleContinuityEquation"	RelError: 1.01492e-01	AbsError: 3.72418e+12
      Equation: "PotentialEquation"	RelError: 4.29342e-01	AbsError: 6.90429e-04
    Region: "oxide"	RelError: 1.29902e-03	AbsError: 6.37317e-04
      Equation: "PotentialEquation"	RelError: 1.29902e-03	AbsError: 6.37317e-04
Iteration: 2
  Device: "part1_baseline"	RelError: 1.69235e-03	AbsError: 1.39285e+13
    Region: "bulk"	RelError: 1.68894e-03	AbsError: 1.39285e+13
      Equation: "ElectronContinuityEquation"	RelError: 1.32995e-04	AbsError: 1.39200e+13
      Equation: "HoleContinuityEquation"	RelError: 3.22364e-04	AbsError: 8.44864e+09
      Equation: "PotentialEquation"	RelError: 1.23358e-03	AbsError: 2.11195e-06
    Region: "oxide"	RelError: 3.40752e-06	AbsError: 1.67477e-06
      Equation: "PotentialEquation"	RelError: 3.40752e-06	AbsError: 1.67477e-06
Iteration: 3
  Device: "part1_baseline"	RelError: 1.89134e-08	AbsError: 1.35293e+08
    Region: "bulk"	RelError: 1.88751e-08	AbsError: 1.35293e+08
      Equation: "ElectronContinuityEquation"	RelError: 2.63031e-09	AbsError: 1.35223e+08
      Equation: "HoleContinuityEquation"	RelError: 4.73144e-09	AbsError: 7.01830e+04
      Equation: "PotentialEquation"	RelError: 1.15134e-08	AbsError: 2.43246e-11
    Region: "oxide"	RelError: 3.82450e-11	AbsError: 1.88565e-11
      Equation: "PotentialEquation"	RelError: 3.82450e-11	AbsError: 1.88565e-11
number of equations 6873
Iteration: 0
  Device: "part1_baseline"	RelError: 3.19301e+00	AbsError: 2.34875e+17
    Region: "bulk"	RelError: 3.16091e+00	AbsError: 2.34875e+17
      Equation: "ElectronContinuityEquation"	RelError: 2.44490e-01	AbsError: 2.34846e+17
      Equation: "HoleContinuityEquation"	RelError: 4.59926e-01	AbsError: 2.94570e+13
      Equation: "PotentialEquation"	RelError: 2.45649e+00	AbsError: 8.45003e-03
    Region: "oxide"	RelError: 3.20965e-02	AbsError: 2.00000e-02
      Equation: "PotentialEquation"	RelError: 3.20965e-02	AbsError: 2.00000e-02
Iteration: 1
  Device: "part1_baseline"	RelError: 4.02707e-01	AbsError: 1.54086e+16
    Region: "bulk"	RelError: 4.01637e-01	AbsError: 1.54086e+16
      Equation: "ElectronContinuityEquation"	RelError: 2.29224e-02	AbsError: 1.54057e+16
      Equation: "HoleContinuityEquation"	RelError: 7.86704e-02	AbsError: 2.89973e+12
      Equation: "PotentialEquation"	RelError: 3.00044e-01	AbsError: 5.59375e-04
    Region: "oxide"	RelError: 1.07032e-03	AbsError: 5.33588e-04
      Equation: "PotentialEquation"	RelError: 1.07032e-03	AbsError: 5.33588e-04
Iteration: 2
  Device: "part1_baseline"	RelError: 8.26462e-04	AbsError: 9.93131e+12
    Region: "bulk"	RelError: 8.24526e-04	AbsError: 9.93131e+12
      Equation: "ElectronContinuityEquation"	RelError: 8.86816e-05	AbsError: 9.92658e+12
      Equation: "HoleContinuityEquation"	RelError: 2.23690e-04	AbsError: 4.73483e+09
      Equation: "PotentialEquation"	RelError: 5.12155e-04	AbsError: 1.18398e-06
    Region: "oxide"	RelError: 1.93648e-06	AbsError: 9.65398e-07
      Equation: "PotentialEquation"	RelError: 1.93648e-06	AbsError: 9.65398e-07
Iteration: 3
  Device: "part1_baseline"	RelError: 4.66017e-09	AbsError: 4.06520e+07
    Region: "bulk"	RelError: 4.64959e-09	AbsError: 4.06520e+07
      Equation: "ElectronContinuityEquation"	RelError: 1.05012e-09	AbsError: 4.06324e+07
      Equation: "HoleContinuityEquation"	RelError: 1.66182e-09	AbsError: 1.95725e+04
      Equation: "PotentialEquation"	RelError: 1.93765e-09	AbsError: 6.74383e-12
    Region: "oxide"	RelError: 1.05780e-11	AbsError: 5.29697e-12
      Equation: "PotentialEquation"	RelError: 1.05780e-11	AbsError: 5.29697e-12
number of equations 6873
Iteration: 0
  Device: "part1_baseline"	RelError: 1.67494e+01	AbsError: 2.60663e+17
    Region: "bulk"	RelError: 1.67183e+01	AbsError: 2.60663e+17
      Equation: "ElectronContinuityEquation"	RelError: 2.21579e-01	AbsError: 2.60639e+17
      Equation: "HoleContinuityEquation"	RelError: 3.86120e-01	AbsError: 2.39031e+13
      Equation: "PotentialEquation"	RelError: 1.61106e+01	AbsError: 7.41649e-03
    Region: "oxide"	RelError: 3.10983e-02	AbsError: 2.00000e-02
      Equation: "PotentialEquation"	RelError: 3.10983e-02	AbsError: 2.00000e-02
Iteration: 1
  Device: "part1_baseline"	RelError: 4.82286e+00	AbsError: 1.51282e+16
    Region: "bulk"	RelError: 4.82198e+00	AbsError: 1.51282e+16
      Equation: "ElectronContinuityEquation"	RelError: 1.73029e-02	AbsError: 1.51260e+16
      Equation: "HoleContinuityEquation"	RelError: 6.16412e-02	AbsError: 2.24450e+12
      Equation: "PotentialEquation"	RelError: 4.74303e+00	AbsError: 4.52838e-04
    Region: "oxide"	RelError: 8.76880e-04	AbsError: 4.43268e-04
      Equation: "PotentialEquation"	RelError: 8.76880e-04	AbsError: 4.43268e-04
Iteration: 2
  Device: "part1_baseline"	RelError: 5.80710e-03	AbsError: 7.79086e+12
    Region: "bulk"	RelError: 5.80603e-03	AbsError: 7.79086e+12
      Equation: "ElectronContinuityEquation"	RelError: 5.76902e-05	AbsError: 7.78824e+12
      Equation: "HoleContinuityEquation"	RelError: 1.60422e-04	AbsError: 2.61734e+09
      Equation: "PotentialEquation"	RelError: 5.58792e-03	AbsError: 6.44022e-07
    Region: "oxide"	RelError: 1.07157e-06	AbsError: 5.41683e-07
      Equation: "PotentialEquation"	RelError: 1.07157e-06	AbsError: 5.41683e-07
Iteration: 3
  Device: "part1_baseline"	RelError: 9.71212e-09	AbsError: 1.24548e+07
    Region: "bulk"	RelError: 9.70930e-09	AbsError: 1.24548e+07
      Equation: "ElectronContinuityEquation"	RelError: 3.95242e-10	AbsError: 1.24497e+07
      Equation: "HoleContinuityEquation"	RelError: 6.99079e-10	AbsError: 5.13065e+03
      Equation: "PotentialEquation"	RelError: 8.61498e-09	AbsError: 1.78403e-12
    Region: "oxide"	RelError: 2.81879e-12	AbsError: 1.42492e-12
      Equation: "PotentialEquation"	RelError: 2.81879e-12	AbsError: 1.42492e-12
number of equations 6873
Iteration: 0
  Device: "part1_baseline"	RelError: 9.24784e+01	AbsError: 2.85791e+17
    Region: "bulk"	RelError: 9.24483e+01	AbsError: 2.85791e+17
      Equation: "ElectronContinuityEquation"	RelError: 2.01404e-01	AbsError: 2.85771e+17
      Equation: "HoleContinuityEquation"	RelError: 3.29425e-01	AbsError: 1.96018e+13
      Equation: "PotentialEquation"	RelError: 9.19174e+01	AbsError: 6.55745e-03
    Region: "oxide"	RelError: 3.01604e-02	AbsError: 2.00000e-02
      Equation: "PotentialEquation"	RelError: 3.01604e-02	AbsError: 2.00000e-02
Iteration: 1
  Device: "part1_baseline"	RelError: 9.53672e-01	AbsError: 1.46572e+16
    Region: "bulk"	RelError: 9.52951e-01	AbsError: 1.46572e+16
      Equation: "ElectronContinuityEquation"	RelError: 1.33009e-02	AbsError: 1.46555e+16
      Equation: "HoleContinuityEquation"	RelError: 4.89458e-02	AbsError: 1.74237e+12
      Equation: "PotentialEquation"	RelError: 8.90704e-01	AbsError: 3.68991e-04
    Region: "oxide"	RelError: 7.21163e-04	AbsError: 3.68991e-04
      Equation: "PotentialEquation"	RelError: 7.21163e-04	AbsError: 3.68991e-04
Iteration: 2
  Device: "part1_baseline"	RelError: 1.08451e-03	AbsError: 6.23037e+12
    Region: "bulk"	RelError: 1.08392e-03	AbsError: 6.23037e+12
      Equation: "ElectronContinuityEquation"	RelError: 3.74873e-05	AbsError: 6.22890e+12
      Equation: "HoleContinuityEquation"	RelError: 1.18944e-04	AbsError: 1.46851e+09
      Equation: "PotentialEquation"	RelError: 9.27486e-04	AbsError: 3.50728e-07
    Region: "oxide"	RelError: 5.94602e-07	AbsError: 3.04255e-07
      Equation: "PotentialEquation"	RelError: 5.94602e-07	AbsError: 3.04255e-07
Iteration: 3
  Device: "part1_baseline"	RelError: 1.43801e-09	AbsError: 4.24619e+06
    Region: "bulk"	RelError: 1.43726e-09	AbsError: 4.24619e+06
      Equation: "ElectronContinuityEquation"	RelError: 1.48282e-10	AbsError: 4.24486e+06
      Equation: "HoleContinuityEquation"	RelError: 3.12448e-10	AbsError: 1.32811e+03
      Equation: "PotentialEquation"	RelError: 9.76526e-10	AbsError: 4.69421e-13
    Region: "oxide"	RelError: 7.51289e-13	AbsError: 3.84431e-13
      Equation: "PotentialEquation"	RelError: 7.51289e-13	AbsError: 3.84431e-13
number of equations 6873
Iteration: 0
  Device: "part1_baseline"	RelError: 4.65310e+00	AbsError: 3.10019e+17
    Region: "bulk"	RelError: 4.62382e+00	AbsError: 3.10019e+17
      Equation: "ElectronContinuityEquation"	RelError: 1.83719e-01	AbsError: 3.10003e+17
      Equation: "HoleContinuityEquation"	RelError: 2.86247e-01	AbsError: 1.62582e+13
      Equation: "PotentialEquation"	RelError: 4.15386e+00	AbsError: 5.84144e-03
    Region: "oxide"	RelError: 2.92774e-02	AbsError: 2.00000e-02
      Equation: "PotentialEquation"	RelError: 2.92774e-02	AbsError: 2.00000e-02
Iteration: 1
  Device: "part1_baseline"	RelError: 5.61894e-01	AbsError: 1.40570e+16
    Region: "bulk"	RelError: 5.61296e-01	AbsError: 1.40570e+16
      Equation: "ElectronContinuityEquation"	RelError: 1.03533e-02	AbsError: 1.40557e+16
      Equation: "HoleContinuityEquation"	RelError: 3.94022e-02	AbsError: 1.36292e+12
      Equation: "PotentialEquation"	RelError: 5.11541e-01	AbsError: 3.09186e-04
    Region: "oxide"	RelError: 5.98149e-04	AbsError: 3.09186e-04
      Equation: "PotentialEquation"	RelError: 5.98149e-04	AbsError: 3.09186e-04
Iteration: 2
  Device: "part1_baseline"	RelError: 4.77494e-04	AbsError: 5.04218e+12
    Region: "bulk"	RelError: 4.77158e-04	AbsError: 5.04218e+12
      Equation: "ElectronContinuityEquation"	RelError: 2.46395e-05	AbsError: 5.04133e+12
      Equation: "HoleContinuityEquation"	RelError: 9.42629e-05	AbsError: 8.51450e+08
      Equation: "PotentialEquation"	RelError: 3.58255e-04	AbsError: 1.94644e-07
    Region: "oxide"	RelError: 3.36079e-07	AbsError: 1.73829e-07
      Equation: "PotentialEquation"	RelError: 3.36079e-07	AbsError: 1.73829e-07
Iteration: 3
  Device: "part1_baseline"	RelError: 3.54528e-10	AbsError: 1.64948e+06
    Region: "bulk"	RelError: 3.54321e-10	AbsError: 1.64948e+06
      Equation: "ElectronContinuityEquation"	RelError: 5.71358e-11	AbsError: 1.64912e+06
      Equation: "HoleContinuityEquation"	RelError: 1.44544e-10	AbsError: 3.56963e+02
      Equation: "PotentialEquation"	RelError: 1.52641e-10	AbsError: 1.25889e-13
    Region: "oxide"	RelError: 2.06917e-13	AbsError: 1.07023e-13
      Equation: "PotentialEquation"	RelError: 2.06917e-13	AbsError: 1.07023e-13
number of equations 6873
Iteration: 0
  Device: "part1_baseline"	RelError: 3.86933e+00	AbsError: 3.33180e+17
    Region: "bulk"	RelError: 3.84088e+00	AbsError: 3.33180e+17
      Equation: "ElectronContinuityEquation"	RelError: 1.68212e-01	AbsError: 3.33167e+17
      Equation: "HoleContinuityEquation"	RelError: 2.52226e-01	AbsError: 1.36383e+13
      Equation: "PotentialEquation"	RelError: 3.42044e+00	AbsError: 5.24055e-03
    Region: "oxide"	RelError: 2.84446e-02	AbsError: 2.00000e-02
      Equation: "PotentialEquation"	RelError: 2.84446e-02	AbsError: 2.00000e-02
Iteration: 1
  Device: "part1_baseline"	RelError: 2.52175e-01	AbsError: 1.33789e+16
    Region: "bulk"	RelError: 2.51675e-01	AbsError: 1.33789e+16
      Equation: "ElectronContinuityEquation"	RelError: 8.14709e-03	AbsError: 1.33778e+16
      Equation: "HoleContinuityEquation"	RelError: 3.22615e-02	AbsError: 1.07665e+12
      Equation: "PotentialEquation"	RelError: 2.11266e-01	AbsError: 2.61206e-04
    Region: "oxide"	RelError: 5.00660e-04	AbsError: 2.61206e-04
      Equation: "PotentialEquation"	RelError: 5.00660e-04	AbsError: 2.61206e-04
Iteration: 2
  Device: "part1_baseline"	RelError: 2.09374e-04	AbsError: 4.10952e+12
    Region: "bulk"	RelError: 2.09179e-04	AbsError: 4.10952e+12
      Equation: "ElectronContinuityEquation"	RelError: 1.64706e-05	AbsError: 4.10900e+12
      Equation: "HoleContinuityEquation"	RelError: 7.36347e-05	AbsError: 5.15810e+08
      Equation: "PotentialEquation"	RelError: 1.19074e-04	AbsError: 1.12333e-07
    Region: "oxide"	RelError: 1.95041e-07	AbsError: 1.01852e-07
      Equation: "PotentialEquation"	RelError: 1.95041e-07	AbsError: 1.01852e-07
Iteration: 3
  Device: "part1_baseline"	RelError: 1.19927e-10	AbsError: 7.11937e+05
    Region: "bulk"	RelError: 1.19867e-10	AbsError: 7.11937e+05
      Equation: "ElectronContinuityEquation"	RelError: 2.29669e-11	AbsError: 7.11831e+05
      Equation: "HoleContinuityEquation"	RelError: 6.91828e-11	AbsError: 1.06340e+02
      Equation: "PotentialEquation"	RelError: 2.77177e-11	AbsError: 3.47380e-14
    Region: "oxide"	RelError: 5.98677e-14	AbsError: 3.12633e-14
      Equation: "PotentialEquation"	RelError: 5.98677e-14	AbsError: 3.12633e-14
number of equations 6873
Iteration: 0
  Device: "part1_baseline"	RelError: 5.17322e+00	AbsError: 3.55169e+17
    Region: "bulk"	RelError: 5.14556e+00	AbsError: 3.55169e+17
      Equation: "ElectronContinuityEquation"	RelError: 1.54619e-01	AbsError: 3.55157e+17
      Equation: "HoleContinuityEquation"	RelError: 2.24172e-01	AbsError: 1.15650e+13
      Equation: "PotentialEquation"	RelError: 4.76677e+00	AbsError: 4.73213e-03
    Region: "oxide"	RelError: 2.76579e-02	AbsError: 2.00000e-02
      Equation: "PotentialEquation"	RelError: 2.76579e-02	AbsError: 2.00000e-02
Iteration: 1
  Device: "part1_baseline"	RelError: 5.69224e-01	AbsError: 1.26590e+16
    Region: "bulk"	RelError: 5.68801e-01	AbsError: 1.26590e+16
      Equation: "ElectronContinuityEquation"	RelError: 6.49535e-03	AbsError: 1.26581e+16
      Equation: "HoleContinuityEquation"	RelError: 2.68587e-02	AbsError: 8.59644e+11
      Equation: "PotentialEquation"	RelError: 5.35447e-01	AbsError: 2.22538e-04
    Region: "oxide"	RelError: 4.22947e-04	AbsError: 2.22538e-04
      Equation: "PotentialEquation"	RelError: 4.22947e-04	AbsError: 2.22538e-04
Iteration: 2
  Device: "part1_baseline"	RelError: 2.98986e-04	AbsError: 3.38871e+12
    Region: "bulk"	RelError: 2.98869e-04	AbsError: 3.38871e+12
      Equation: "ElectronContinuityEquation"	RelError: 1.12127e-05	AbsError: 3.38838e+12
      Equation: "HoleContinuityEquation"	RelError: 5.72761e-05	AbsError: 3.28388e+08
      Equation: "PotentialEquation"	RelError: 2.30380e-04	AbsError: 6.77697e-08
    Region: "oxide"	RelError: 1.16763e-07	AbsError: 6.14547e-08
      Equation: "PotentialEquation"	RelError: 1.16763e-07	AbsError: 6.14547e-08
Iteration: 3
  Device: "part1_baseline"	RelError: 6.90953e-11	AbsError: 3.25257e+05
    Region: "bulk"	RelError: 6.90769e-11	AbsError: 3.25257e+05
      Equation: "ElectronContinuityEquation"	RelError: 9.70747e-12	AbsError: 3.25222e+05
      Equation: "HoleContinuityEquation"	RelError: 3.42145e-11	AbsError: 3.50337e+01
      Equation: "PotentialEquation"	RelError: 2.51550e-11	AbsError: 9.90350e-15
    Region: "oxide"	RelError: 1.83272e-14	AbsError: 9.65324e-15
      Equation: "PotentialEquation"	RelError: 1.83272e-14	AbsError: 9.65324e-15
number of equations 6873
Iteration: 0
  Device: "part1_baseline"	RelError: 2.86418e+00	AbsError: 3.75932e+17
    Region: "bulk"	RelError: 2.83726e+00	AbsError: 3.75932e+17
      Equation: "ElectronContinuityEquation"	RelError: 1.42688e-01	AbsError: 3.75922e+17
      Equation: "HoleContinuityEquation"	RelError: 2.00778e-01	AbsError: 9.90649e+12
      Equation: "PotentialEquation"	RelError: 2.49380e+00	AbsError: 4.29836e-03
    Region: "oxide"	RelError: 2.69135e-02	AbsError: 2.00000e-02
      Equation: "PotentialEquation"	RelError: 2.69135e-02	AbsError: 2.00000e-02
Iteration: 1
  Device: "part1_baseline"	RelError: 2.46248e-01	AbsError: 1.19264e+16
    Region: "bulk"	RelError: 2.45888e-01	AbsError: 1.19264e+16
      Equation: "ElectronContinuityEquation"	RelError: 5.22238e-03	AbsError: 1.19257e+16
      Equation: "HoleContinuityEquation"	RelError: 2.25630e-02	AbsError: 6.93801e+11
      Equation: "PotentialEquation"	RelError: 2.18103e-01	AbsError: 1.91123e-04
    Region: "oxide"	RelError: 3.60442e-04	AbsError: 1.91123e-04
      Equation: "PotentialEquation"	RelError: 3.60442e-04	AbsError: 1.91123e-04
Iteration: 2
  Device: "part1_baseline"	RelError: 1.42745e-04	AbsError: 2.91277e+12
    Region: "bulk"	RelError: 1.42672e-04	AbsError: 2.91277e+12
      Equation: "ElectronContinuityEquation"	RelError: 7.77757e-06	AbsError: 2.91255e+12
      Equation: "HoleContinuityEquation"	RelError: 4.44248e-05	AbsError: 2.20000e+08
      Equation: "PotentialEquation"	RelError: 9.04701e-05	AbsError: 4.29574e-08
    Region: "oxide"	RelError: 7.22764e-08	AbsError: 3.82599e-08
      Equation: "PotentialEquation"	RelError: 7.22764e-08	AbsError: 3.82599e-08
Iteration: 3
  Device: "part1_baseline"	RelError: 2.81031e-11	AbsError: 1.50853e+05
    Region: "bulk"	RelError: 2.80972e-11	AbsError: 1.50853e+05
      Equation: "ElectronContinuityEquation"	RelError: 4.33046e-12	AbsError: 1.50840e+05
      Equation: "HoleContinuityEquation"	RelError: 1.74552e-11	AbsError: 1.34141e+01
      Equation: "PotentialEquation"	RelError: 6.31152e-12	AbsError: 3.53521e-15
    Region: "oxide"	RelError: 5.93263e-15	AbsError: 3.14918e-15
      Equation: "PotentialEquation"	RelError: 5.93263e-15	AbsError: 3.14918e-15
number of equations 6873
Iteration: 0
  Device: "part1_baseline"	RelError: 1.06333e+00	AbsError: 3.95455e+17
    Region: "bulk"	RelError: 1.03712e+00	AbsError: 3.95455e+17
      Equation: "ElectronContinuityEquation"	RelError: 1.32110e-01	AbsError: 3.95447e+17
      Equation: "HoleContinuityEquation"	RelError: 1.81546e-01	AbsError: 8.56560e+12
      Equation: "PotentialEquation"	RelError: 7.23465e-01	AbsError: 3.92533e-03
    Region: "oxide"	RelError: 2.62082e-02	AbsError: 2.00000e-02
      Equation: "PotentialEquation"	RelError: 2.62082e-02	AbsError: 2.00000e-02
Iteration: 1
  Device: "part1_baseline"	RelError: 7.52314e-02	AbsError: 1.11969e+16
    Region: "bulk"	RelError: 7.49218e-02	AbsError: 1.11969e+16
      Equation: "ElectronContinuityEquation"	RelError: 4.23312e-03	AbsError: 1.11963e+16
      Equation: "HoleContinuityEquation"	RelError: 1.91151e-02	AbsError: 5.65831e+11
      Equation: "PotentialEquation"	RelError: 5.15736e-02	AbsError: 1.65367e-04
    Region: "oxide"	RelError: 3.09670e-04	AbsError: 1.65367e-04
      Equation: "PotentialEquation"	RelError: 3.09670e-04	AbsError: 1.65367e-04
Iteration: 2
  Device: "part1_baseline"	RelError: 5.83878e-05	AbsError: 2.51167e+12
    Region: "bulk"	RelError: 5.83416e-05	AbsError: 2.51167e+12
      Equation: "ElectronContinuityEquation"	RelError: 5.49458e-06	AbsError: 2.51152e+12
      Equation: "HoleContinuityEquation"	RelError: 3.44956e-05	AbsError: 1.54705e+08
      Equation: "PotentialEquation"	RelError: 1.83514e-05	AbsError: 2.89206e-08
    Region: "oxide"	RelError: 4.61961e-08	AbsError: 2.46000e-08
      Equation: "PotentialEquation"	RelError: 4.61961e-08	AbsError: 2.46000e-08
Iteration: 3
  Device: "part1_baseline"	RelError: 1.29602e-11	AbsError: 9.09970e+04
    Region: "bulk"	RelError: 1.29578e-11	AbsError: 9.09970e+04
      Equation: "ElectronContinuityEquation"	RelError: 2.04130e-12	AbsError: 9.09908e+04
      Equation: "HoleContinuityEquation"	RelError: 1.00501e-11	AbsError: 6.19492e+00
      Equation: "PotentialEquation"	RelError: 8.66387e-13	AbsError: 2.25421e-15
    Region: "oxide"	RelError: 2.34216e-15	AbsError: 1.29709e-15
      Equation: "PotentialEquation"	RelError: 2.34216e-15	AbsError: 1.29709e-15
number of equations 6873
Iteration: 0
  Device: "part1_baseline"	RelError: 1.23708e+00	AbsError: 4.13757e+17
    Region: "bulk"	RelError: 1.21154e+00	AbsError: 4.13757e+17
      Equation: "ElectronContinuityEquation"	RelError: 1.22699e-01	AbsError: 4.13750e+17
      Equation: "HoleContinuityEquation"	RelError: 1.65129e-01	AbsError: 7.47021e+12
      Equation: "PotentialEquation"	RelError: 9.23715e-01	AbsError: 3.60218e-03
    Region: "oxide"	RelError: 2.55388e-02	AbsError: 2.00000e-02
      Equation: "PotentialEquation"	RelError: 2.55388e-02	AbsError: 2.00000e-02
Iteration: 1
  Device: "part1_baseline"	RelError: 7.50863e-02	AbsError: 1.04716e+16
    Region: "bulk"	RelError: 7.48183e-02	AbsError: 1.04716e+16
      Equation: "ElectronContinuityEquation"	RelError: 3.46553e-03	AbsError: 1.04711e+16
      Equation: "HoleContinuityEquation"	RelError: 1.63358e-02	AbsError: 4.66076e+11
      Equation: "PotentialEquation"	RelError: 5.50170e-02	AbsError: 1.44060e-04
    Region: "oxide"	RelError: 2.68027e-04	AbsError: 1.44060e-04
      Equation: "PotentialEquation"	RelError: 2.68027e-04	AbsError: 1.44060e-04
Iteration: 2
  Device: "part1_baseline"	RelError: 4.58505e-05	AbsError: 2.13499e+12
    Region: "bulk"	RelError: 4.58200e-05	AbsError: 2.13499e+12
      Equation: "ElectronContinuityEquation"	RelError: 3.95009e-06	AbsError: 2.13488e+12
      Equation: "HoleContinuityEquation"	RelError: 2.68806e-05	AbsError: 1.13596e+08
      Equation: "PotentialEquation"	RelError: 1.49893e-05	AbsError: 2.14708e-08
    Region: "oxide"	RelError: 3.04989e-08	AbsError: 1.63409e-08
      Equation: "PotentialEquation"	RelError: 3.04989e-08	AbsError: 1.63409e-08
Iteration: 3
  Device: "part1_baseline"	RelError: 7.64553e-12	AbsError: 5.72996e+04
    Region: "bulk"	RelError: 7.64403e-12	AbsError: 5.72996e+04
      Equation: "ElectronContinuityEquation"	RelError: 1.01617e-12	AbsError: 5.72962e+04
      Equation: "HoleContinuityEquation"	RelError: 6.21075e-12	AbsError: 3.39751e+00
      Equation: "PotentialEquation"	RelError: 4.17112e-13	AbsError: 1.48931e-15
    Region: "oxide"	RelError: 1.50080e-15	AbsError: 8.35814e-16
      Equation: "PotentialEquation"	RelError: 1.50080e-15	AbsError: 8.35814e-16
number of equations 6873
Iteration: 0
  Device: "part1_baseline"	RelError: 3.56823e+00	AbsError: 4.30876e+17
    Region: "bulk"	RelError: 3.54332e+00	AbsError: 4.30876e+17
      Equation: "ElectronContinuityEquation"	RelError: 1.14297e-01	AbsError: 4.30869e+17
      Equation: "HoleContinuityEquation"	RelError: 1.50951e-01	AbsError: 6.56652e+12
      Equation: "PotentialEquation"	RelError: 3.27807e+00	AbsError: 3.32037e-03
    Region: "oxide"	RelError: 2.49028e-02	AbsError: 2.00000e-02
      Equation: "PotentialEquation"	RelError: 2.49028e-02	AbsError: 2.00000e-02
Iteration: 1
  Device: "part1_baseline"	RelError: 1.80747e-01	AbsError: 9.78098e+15
    Region: "bulk"	RelError: 1.80514e-01	AbsError: 9.78098e+15
      Equation: "ElectronContinuityEquation"	RelError: 2.85647e-03	AbsError: 9.78059e+15
      Equation: "HoleContinuityEquation"	RelError: 1.41052e-02	AbsError: 3.87518e+11
      Equation: "PotentialEquation"	RelError: 1.63552e-01	AbsError: 1.26282e-04
    Region: "oxide"	RelError: 2.33555e-04	AbsError: 1.26282e-04
      Equation: "PotentialEquation"	RelError: 2.33555e-04	AbsError: 1.26282e-04
Iteration: 2
  Device: "part1_baseline"	RelError: 6.37233e-05	AbsError: 1.79706e+12
    Region: "bulk"	RelError: 6.37025e-05	AbsError: 1.79706e+12
      Equation: "ElectronContinuityEquation"	RelError: 2.88675e-06	AbsError: 1.79698e+12
      Equation: "HoleContinuityEquation"	RelError: 2.10517e-05	AbsError: 8.65195e+07
      Equation: "PotentialEquation"	RelError: 3.97641e-05	AbsError: 1.69429e-08
    Region: "oxide"	RelError: 2.07976e-08	AbsError: 1.12130e-08
      Equation: "PotentialEquation"	RelError: 2.07976e-08	AbsError: 1.12130e-08
Iteration: 3
  Device: "part1_baseline"	RelError: 5.27245e-12	AbsError: 3.52126e+04
    Region: "bulk"	RelError: 5.27150e-12	AbsError: 3.52126e+04
      Equation: "ElectronContinuityEquation"	RelError: 5.33095e-13	AbsError: 3.52105e+04
      Equation: "HoleContinuityEquation"	RelError: 3.85497e-12	AbsError: 2.09568e+00
      Equation: "PotentialEquation"	RelError: 8.83435e-13	AbsError: 9.95870e-16
    Region: "oxide"	RelError: 9.49235e-16	AbsError: 5.31396e-16
      Equation: "PotentialEquation"	RelError: 9.49235e-16	AbsError: 5.31396e-16
number of equations 6873
Iteration: 0
  Device: "part1_baseline"	RelError: 1.97170e+00	AbsError: 4.46863e+17
    Region: "bulk"	RelError: 1.94740e+00	AbsError: 4.46863e+17
      Equation: "ElectronContinuityEquation"	RelError: 1.06773e-01	AbsError: 4.46857e+17
      Equation: "HoleContinuityEquation"	RelError: 1.38631e-01	AbsError: 5.81404e+12
      Equation: "PotentialEquation"	RelError: 1.70200e+00	AbsError: 3.07310e-03
    Region: "oxide"	RelError: 2.42978e-02	AbsError: 2.00000e-02
      Equation: "PotentialEquation"	RelError: 2.42978e-02	AbsError: 2.00000e-02
Iteration: 1
  Device: "part1_baseline"	RelError: 1.21298e-01	AbsError: 9.11508e+15
    Region: "bulk"	RelError: 1.21093e-01	AbsError: 9.11508e+15
      Equation: "ElectronContinuityEquation"	RelError: 2.37013e-03	AbsError: 9.11475e+15
      Equation: "HoleContinuityEquation"	RelError: 1.22529e-02	AbsError: 3.25036e+11
      Equation: "PotentialEquation"	RelError: 1.06470e-01	AbsError: 1.11332e-04
    Region: "oxide"	RelError: 2.04779e-04	AbsError: 1.11332e-04
      Equation: "PotentialEquation"	RelError: 2.04779e-04	AbsError: 1.11332e-04
Iteration: 2
  Device: "part1_baseline"	RelError: 4.23926e-05	AbsError: 1.50304e+12
    Region: "bulk"	RelError: 4.23780e-05	AbsError: 1.50304e+12
      Equation: "ElectronContinuityEquation"	RelError: 2.14225e-06	AbsError: 1.50298e+12
      Equation: "HoleContinuityEquation"	RelError: 1.65839e-05	AbsError: 6.78917e+07
      Equation: "PotentialEquation"	RelError: 2.36518e-05	AbsError: 1.35910e-08
    Region: "oxide"	RelError: 1.46416e-08	AbsError: 7.94411e-09
      Equation: "PotentialEquation"	RelError: 1.46416e-08	AbsError: 7.94411e-09
Iteration: 3
  Device: "part1_baseline"	RelError: 3.15423e-12	AbsError: 2.12421e+04
    Region: "bulk"	RelError: 3.15363e-12	AbsError: 2.12421e+04
      Equation: "ElectronContinuityEquation"	RelError: 2.97285e-13	AbsError: 2.12408e+04
      Equation: "HoleContinuityEquation"	RelError: 2.40932e-12	AbsError: 1.37991e+00
      Equation: "PotentialEquation"	RelError: 4.47032e-13	AbsError: 6.68620e-16
    Region: "oxide"	RelError: 5.94784e-16	AbsError: 3.34586e-16
      Equation: "PotentialEquation"	RelError: 5.94784e-16	AbsError: 3.34586e-16
number of equations 6873
Iteration: 0
  Device: "part1_baseline"	RelError: 9.19269e-01	AbsError: 4.61781e+17
    Region: "bulk"	RelError: 8.95547e-01	AbsError: 4.61781e+17
      Equation: "ElectronContinuityEquation"	RelError: 1.00012e-01	AbsError: 4.61776e+17
      Equation: "HoleContinuityEquation"	RelError: 1.27864e-01	AbsError: 5.18203e+12
      Equation: "PotentialEquation"	RelError: 6.67671e-01	AbsError: 2.85490e-03
    Region: "oxide"	RelError: 2.37214e-02	AbsError: 2.00000e-02
      Equation: "PotentialEquation"	RelError: 2.37214e-02	AbsError: 2.00000e-02
Iteration: 1
  Device: "part1_baseline"	RelError: 4.76505e-02	AbsError: 8.48148e+15
    Region: "bulk"	RelError: 4.74699e-02	AbsError: 8.48148e+15
      Equation: "ElectronContinuityEquation"	RelError: 1.97933e-03	AbsError: 8.48121e+15
      Equation: "HoleContinuityEquation"	RelError: 1.07053e-02	AbsError: 2.74867e+11
      Equation: "PotentialEquation"	RelError: 3.47853e-02	AbsError: 9.86703e-05
    Region: "oxide"	RelError: 1.80570e-04	AbsError: 9.86703e-05
      Equation: "PotentialEquation"	RelError: 1.80570e-04	AbsError: 9.86703e-05
Iteration: 2
  Device: "part1_baseline"	RelError: 2.19658e-05	AbsError: 1.25254e+12
    Region: "bulk"	RelError: 2.19552e-05	AbsError: 1.25254e+12
      Equation: "ElectronContinuityEquation"	RelError: 1.61258e-06	AbsError: 1.25248e+12
      Equation: "HoleContinuityEquation"	RelError: 1.31478e-05	AbsError: 5.45523e+07
      Equation: "PotentialEquation"	RelError: 7.19478e-06	AbsError: 1.10471e-08
    Region: "oxide"	RelError: 1.06319e-08	AbsError: 5.80502e-09
      Equation: "PotentialEquation"	RelError: 1.06319e-08	AbsError: 5.80502e-09
Iteration: 3
  Device: "part1_baseline"	RelError: 1.81088e-12	AbsError: 1.26330e+04
    Region: "bulk"	RelError: 1.81051e-12	AbsError: 1.26330e+04
      Equation: "ElectronContinuityEquation"	RelError: 1.73545e-13	AbsError: 1.26320e+04
      Equation: "HoleContinuityEquation"	RelError: 1.51886e-12	AbsError: 9.38697e-01
      Equation: "PotentialEquation"	RelError: 1.18110e-13	AbsError: 4.49950e-16
    Region: "oxide"	RelError: 3.70397e-16	AbsError: 2.09305e-16
      Equation: "PotentialEquation"	RelError: 3.70397e-16	AbsError: 2.09305e-16
number of equations 6873
Iteration: 0
  Device: "part1_baseline"	RelError: 1.62164e+00	AbsError: 4.75695e+17
    Region: "bulk"	RelError: 1.59847e+00	AbsError: 4.75695e+17
      Equation: "ElectronContinuityEquation"	RelError: 9.39388e-02	AbsError: 4.75690e+17
      Equation: "HoleContinuityEquation"	RelError: 1.18403e-01	AbsError: 4.64689e+12
      Equation: "PotentialEquation"	RelError: 1.38613e+00	AbsError: 2.66136e-03
    Region: "oxide"	RelError: 2.31717e-02	AbsError: 2.00000e-02
      Equation: "PotentialEquation"	RelError: 2.31717e-02	AbsError: 2.00000e-02
Iteration: 1
  Device: "part1_baseline"	RelError: 7.46164e-02	AbsError: 7.88503e+15
    Region: "bulk"	RelError: 7.44563e-02	AbsError: 7.88503e+15
      Equation: "ElectronContinuityEquation"	RelError: 1.66555e-03	AbsError: 7.88480e+15
      Equation: "HoleContinuityEquation"	RelError: 9.40437e-03	AbsError: 2.34218e+11
      Equation: "PotentialEquation"	RelError: 6.33864e-02	AbsError: 8.78989e-05
    Region: "oxide"	RelError: 1.60060e-04	AbsError: 8.78989e-05
      Equation: "PotentialEquation"	RelError: 1.60060e-04	AbsError: 8.78989e-05
Iteration: 2
  Device: "part1_baseline"	RelError: 2.35776e-05	AbsError: 1.04216e+12
    Region: "bulk"	RelError: 2.35696e-05	AbsError: 1.04216e+12
      Equation: "ElectronContinuityEquation"	RelError: 1.23005e-06	AbsError: 1.04212e+12
      Equation: "HoleContinuityEquation"	RelError: 1.05257e-05	AbsError: 4.46574e+07
      Equation: "PotentialEquation"	RelError: 1.18139e-05	AbsError: 9.07736e-09
    Region: "oxide"	RelError: 7.95139e-09	AbsError: 4.36842e-09
      Equation: "PotentialEquation"	RelError: 7.95139e-09	AbsError: 4.36842e-09
Iteration: 3
  Device: "part1_baseline"	RelError: 1.21946e-12	AbsError: 7.42841e+03
    Region: "bulk"	RelError: 1.21923e-12	AbsError: 7.42841e+03
      Equation: "ElectronContinuityEquation"	RelError: 1.05215e-13	AbsError: 7.42776e+03
      Equation: "HoleContinuityEquation"	RelError: 9.66928e-13	AbsError: 6.48914e-01
      Equation: "PotentialEquation"	RelError: 1.47087e-13	AbsError: 3.03607e-16
    Region: "oxide"	RelError: 2.29844e-16	AbsError: 1.30431e-16
      Equation: "PotentialEquation"	RelError: 2.29844e-16	AbsError: 1.30431e-16
number of equations 6873
Iteration: 0
  Device: "part1_baseline"	RelError: 6.94642e+00	AbsError: 4.88672e+17
    Region: "bulk"	RelError: 6.92377e+00	AbsError: 4.88672e+17
      Equation: "ElectronContinuityEquation"	RelError: 8.84579e-02	AbsError: 4.88668e+17
      Equation: "HoleContinuityEquation"	RelError: 1.10045e-01	AbsError: 4.19034e+12
      Equation: "PotentialEquation"	RelError: 6.72527e+00	AbsError: 2.48887e-03
    Region: "oxide"	RelError: 2.26469e-02	AbsError: 2.00000e-02
      Equation: "PotentialEquation"	RelError: 2.26469e-02	AbsError: 2.00000e-02
Iteration: 1
  Device: "part1_baseline"	RelError: 4.64227e-01	AbsError: 7.32800e+15
    Region: "bulk"	RelError: 4.64085e-01	AbsError: 7.32800e+15
      Equation: "ElectronContinuityEquation"	RelError: 1.41045e-03	AbsError: 7.32780e+15
      Equation: "HoleContinuityEquation"	RelError: 8.30436e-03	AbsError: 2.01001e+11
      Equation: "PotentialEquation"	RelError: 4.54370e-01	AbsError: 7.86535e-05
    Region: "oxide"	RelError: 1.42569e-04	AbsError: 7.86535e-05
      Equation: "PotentialEquation"	RelError: 1.42569e-04	AbsError: 7.86535e-05
Iteration: 2
  Device: "part1_baseline"	RelError: 9.04369e-05	AbsError: 8.67190e+11
    Region: "bulk"	RelError: 9.04307e-05	AbsError: 8.67190e+11
      Equation: "ElectronContinuityEquation"	RelError: 9.49874e-07	AbsError: 8.67153e+11
      Equation: "HoleContinuityEquation"	RelError: 8.47765e-06	AbsError: 3.70957e+07
      Equation: "PotentialEquation"	RelError: 8.10032e-05	AbsError: 7.52708e-09
    Region: "oxide"	RelError: 6.16084e-09	AbsError: 3.51005e-09
      Equation: "PotentialEquation"	RelError: 6.16084e-09	AbsError: 3.51005e-09
Iteration: 3
  Device: "part1_baseline"	RelError: 1.56057e-12	AbsError: 5.22410e+03
    Region: "bulk"	RelError: 1.56042e-12	AbsError: 5.22410e+03
      Equation: "ElectronContinuityEquation"	RelError: 6.59339e-14	AbsError: 5.22365e+03
      Equation: "HoleContinuityEquation"	RelError: 6.22066e-13	AbsError: 4.52568e-01
      Equation: "PotentialEquation"	RelError: 8.72424e-13	AbsError: 2.05605e-16
    Region: "oxide"	RelError: 1.42411e-16	AbsError: 8.11364e-17
      Equation: "PotentialEquation"	RelError: 1.42411e-16	AbsError: 8.11364e-17
number of equations 6873
Iteration: 0
  Device: "part1_baseline"	RelError: 1.10718e+00	AbsError: 5.00778e+17
    Region: "bulk"	RelError: 1.08503e+00	AbsError: 5.00778e+17
      Equation: "ElectronContinuityEquation"	RelError: 8.34831e-02	AbsError: 5.00775e+17
      Equation: "HoleContinuityEquation"	RelError: 1.02627e-01	AbsError: 3.79811e+12
      Equation: "PotentialEquation"	RelError: 8.98921e-01	AbsError: 2.33444e-03
    Region: "oxide"	RelError: 2.21454e-02	AbsError: 2.00000e-02
      Equation: "PotentialEquation"	RelError: 2.21454e-02	AbsError: 2.00000e-02
Iteration: 1
  Device: "part1_baseline"	RelError: 5.01318e-02	AbsError: 6.81082e+15
    Region: "bulk"	RelError: 5.00043e-02	AbsError: 6.81082e+15
      Equation: "ElectronContinuityEquation"	RelError: 1.20104e-03	AbsError: 6.81064e+15
      Equation: "HoleContinuityEquation"	RelError: 7.36896e-03	AbsError: 1.73638e+11
      Equation: "PotentialEquation"	RelError: 4.14343e-02	AbsError: 7.06745e-05
    Region: "oxide"	RelError: 1.27564e-04	AbsError: 7.06745e-05
      Equation: "PotentialEquation"	RelError: 1.27564e-04	AbsError: 7.06745e-05
Iteration: 2
  Device: "part1_baseline"	RelError: 1.47327e-05	AbsError: 7.22567e+11
    Region: "bulk"	RelError: 1.47273e-05	AbsError: 7.22567e+11
      Equation: "ElectronContinuityEquation"	RelError: 7.41936e-07	AbsError: 7.22536e+11
      Equation: "HoleContinuityEquation"	RelError: 6.87003e-06	AbsError: 3.11732e+07
      Equation: "PotentialEquation"	RelError: 7.11536e-06	AbsError: 6.29061e-09
    Region: "oxide"	RelError: 5.35067e-09	AbsError: 3.05986e-09
      Equation: "PotentialEquation"	RelError: 5.35067e-09	AbsError: 3.05986e-09
Iteration: 3
  Device: "part1_baseline"	RelError: 5.12906e-13	AbsError: 3.73022e+03
    Region: "bulk"	RelError: 5.12818e-13	AbsError: 3.73022e+03
      Equation: "ElectronContinuityEquation"	RelError: 4.25232e-14	AbsError: 3.72990e+03
      Equation: "HoleContinuityEquation"	RelError: 4.04592e-13	AbsError: 3.17540e-01
      Equation: "PotentialEquation"	RelError: 6.57026e-14	AbsError: 1.39882e-16
    Region: "oxide"	RelError: 8.82420e-17	AbsError: 5.04624e-17
      Equation: "PotentialEquation"	RelError: 8.82420e-17	AbsError: 5.04624e-17
number of equations 6873
Iteration: 0
  Device: "part1_baseline"	RelError: 6.57605e-01	AbsError: 5.12079e+17
    Region: "bulk"	RelError: 6.35939e-01	AbsError: 5.12079e+17
      Equation: "ElectronContinuityEquation"	RelError: 7.89556e-02	AbsError: 5.12075e+17
      Equation: "HoleContinuityEquation"	RelError: 9.60124e-02	AbsError: 3.45893e+12
      Equation: "PotentialEquation"	RelError: 4.60971e-01	AbsError: 2.19561e-03
    Region: "oxide"	RelError: 2.16656e-02	AbsError: 2.00000e-02
      Equation: "PotentialEquation"	RelError: 2.16656e-02	AbsError: 2.00000e-02
Iteration: 1
  Device: "part1_baseline"	RelError: 2.75625e-02	AbsError: 6.34731e+15
    Region: "bulk"	RelError: 2.74479e-02	AbsError: 6.34731e+15
      Equation: "ElectronContinuityEquation"	RelError: 1.02819e-03	AbsError: 6.34716e+15
      Equation: "HoleContinuityEquation"	RelError: 6.56917e-03	AbsError: 1.50927e+11
      Equation: "PotentialEquation"	RelError: 1.98505e-02	AbsError: 6.37533e-05
    Region: "oxide"	RelError: 1.14620e-04	AbsError: 6.37533e-05
      Equation: "PotentialEquation"	RelError: 1.14620e-04	AbsError: 6.37533e-05
Iteration: 2
  Device: "part1_baseline"	RelError: 9.49095e-06	AbsError: 6.03462e+11
    Region: "bulk"	RelError: 9.48630e-06	AbsError: 6.03462e+11
      Equation: "ElectronContinuityEquation"	RelError: 5.85700e-07	AbsError: 6.03435e+11
      Equation: "HoleContinuityEquation"	RelError: 5.60130e-06	AbsError: 2.64414e+07
      Equation: "PotentialEquation"	RelError: 3.29930e-06	AbsError: 5.29347e-09
    Region: "oxide"	RelError: 4.64897e-09	AbsError: 2.66794e-09
      Equation: "PotentialEquation"	RelError: 4.64897e-09	AbsError: 2.66794e-09
Iteration: 3
  Device: "part1_baseline"	RelError: 3.20167e-13	AbsError: 2.65916e+03
    Region: "bulk"	RelError: 3.20112e-13	AbsError: 2.65916e+03
      Equation: "ElectronContinuityEquation"	RelError: 2.81177e-14	AbsError: 2.65893e+03
      Equation: "HoleContinuityEquation"	RelError: 2.66079e-13	AbsError: 2.23934e-01
      Equation: "PotentialEquation"	RelError: 2.59156e-14	AbsError: 9.56864e-17
    Region: "oxide"	RelError: 5.47418e-17	AbsError: 3.14151e-17
      Equation: "PotentialEquation"	RelError: 5.47418e-17	AbsError: 3.14151e-17
number of equations 6873
Iteration: 0
  Device: "part1_baseline"	RelError: 4.87449e-01	AbsError: 5.22634e+17
    Region: "bulk"	RelError: 4.66243e-01	AbsError: 5.22634e+17
      Equation: "ElectronContinuityEquation"	RelError: 7.48244e-02	AbsError: 5.22630e+17
      Equation: "HoleContinuityEquation"	RelError: 9.00881e-02	AbsError: 3.16383e+12
      Equation: "PotentialEquation"	RelError: 3.01330e-01	AbsError: 2.07052e-03
    Region: "oxide"	RelError: 2.12062e-02	AbsError: 2.00000e-02
      Equation: "PotentialEquation"	RelError: 2.12062e-02	AbsError: 2.00000e-02
Iteration: 1
  Device: "part1_baseline"	RelError: 1.91733e-02	AbsError: 5.91849e+15
    Region: "bulk"	RelError: 1.90700e-02	AbsError: 5.91849e+15
      Equation: "ElectronContinuityEquation"	RelError: 8.84765e-04	AbsError: 5.91836e+15
      Equation: "HoleContinuityEquation"	RelError: 5.88176e-03	AbsError: 1.31942e+11
      Equation: "PotentialEquation"	RelError: 1.23034e-02	AbsError: 5.77211e-05
    Region: "oxide"	RelError: 1.03396e-04	AbsError: 5.77211e-05
      Equation: "PotentialEquation"	RelError: 1.03396e-04	AbsError: 5.77211e-05
Iteration: 2
  Device: "part1_baseline"	RelError: 7.05120e-06	AbsError: 5.05531e+11
    Region: "bulk"	RelError: 7.04716e-06	AbsError: 5.05531e+11
      Equation: "ElectronContinuityEquation"	RelError: 4.66951e-07	AbsError: 5.05508e+11
      Equation: "HoleContinuityEquation"	RelError: 4.59439e-06	AbsError: 2.25999e+07
      Equation: "PotentialEquation"	RelError: 1.98581e-06	AbsError: 4.48180e-09
    Region: "oxide"	RelError: 4.04518e-09	AbsError: 2.32915e-09
      Equation: "PotentialEquation"	RelError: 4.04518e-09	AbsError: 2.32915e-09
Iteration: 3
  Device: "part1_baseline"	RelError: 2.09162e-13	AbsError: 1.89664e+03
    Region: "bulk"	RelError: 2.09128e-13	AbsError: 1.89664e+03
      Equation: "ElectronContinuityEquation"	RelError: 1.90001e-14	AbsError: 1.89648e+03
      Equation: "HoleContinuityEquation"	RelError: 1.76935e-13	AbsError: 1.58740e-01
      Equation: "PotentialEquation"	RelError: 1.31925e-14	AbsError: 6.58558e-17
    Region: "oxide"	RelError: 3.40284e-17	AbsError: 1.95930e-17
      Equation: "PotentialEquation"	RelError: 3.40284e-17	AbsError: 1.95930e-17
number of equations 6873
Iteration: 0
  Device: "part1_baseline"	RelError: 3.95901e-01	AbsError: 5.32501e+17
    Region: "bulk"	RelError: 3.75135e-01	AbsError: 5.32501e+17
      Equation: "ElectronContinuityEquation"	RelError: 7.10452e-02	AbsError: 5.32498e+17
      Equation: "HoleContinuityEquation"	RelError: 8.47605e-02	AbsError: 2.90562e+12
      Equation: "PotentialEquation"	RelError: 2.19329e-01	AbsError: 1.95737e-03
    Region: "oxide"	RelError: 2.07658e-02	AbsError: 2.00000e-02
      Equation: "PotentialEquation"	RelError: 2.07658e-02	AbsError: 2.00000e-02
Iteration: 1
  Device: "part1_baseline"	RelError: 1.46799e-02	AbsError: 5.52208e+15
    Region: "bulk"	RelError: 1.45862e-02	AbsError: 5.52208e+15
      Equation: "ElectronContinuityEquation"	RelError: 7.65116e-04	AbsError: 5.52196e+15
      Equation: "HoleContinuityEquation"	RelError: 5.28798e-03	AbsError: 1.15965e+11
      Equation: "PotentialEquation"	RelError: 8.53315e-03	AbsError: 5.24403e-05
    Region: "oxide"	RelError: 9.36156e-05	AbsError: 5.24403e-05
      Equation: "PotentialEquation"	RelError: 9.36156e-05	AbsError: 5.24403e-05
Iteration: 2
  Device: "part1_baseline"	RelError: 5.51042e-06	AbsError: 4.25019e+11
    Region: "bulk"	RelError: 5.50689e-06	AbsError: 4.25019e+11
      Equation: "ElectronContinuityEquation"	RelError: 3.75717e-07	AbsError: 4.24999e+11
      Equation: "HoleContinuityEquation"	RelError: 3.79068e-06	AbsError: 1.94409e+07
      Equation: "PotentialEquation"	RelError: 1.34049e-06	AbsError: 3.81577e-09
    Region: "oxide"	RelError: 3.52742e-09	AbsError: 2.03742e-09
      Equation: "PotentialEquation"	RelError: 3.52742e-09	AbsError: 2.03742e-09
Iteration: 3
  Device: "part1_baseline"	RelError: 1.39562e-13	AbsError: 1.35571e+03
    Region: "bulk"	RelError: 1.39541e-13	AbsError: 1.35571e+03
      Equation: "ElectronContinuityEquation"	RelError: 1.30851e-14	AbsError: 1.35560e+03
      Equation: "HoleContinuityEquation"	RelError: 1.18954e-13	AbsError: 1.13172e-01
      Equation: "PotentialEquation"	RelError: 7.50142e-15	AbsError: 4.56228e-17
    Region: "oxide"	RelError: 2.12073e-17	AbsError: 1.22492e-17
      Equation: "PotentialEquation"	RelError: 2.12073e-17	AbsError: 1.22492e-17
number of equations 6873
Iteration: 0
  Device: "part1_baseline"	RelError: 3.37641e-01	AbsError: 5.41734e+17
    Region: "bulk"	RelError: 3.17297e-01	AbsError: 5.41734e+17
      Equation: "ElectronContinuityEquation"	RelError: 6.75795e-02	AbsError: 5.41731e+17
      Equation: "HoleContinuityEquation"	RelError: 7.99508e-02	AbsError: 2.67848e+12
      Equation: "PotentialEquation"	RelError: 1.69767e-01	AbsError: 1.85452e-03
    Region: "oxide"	RelError: 2.03434e-02	AbsError: 2.00000e-02
      Equation: "PotentialEquation"	RelError: 2.03434e-02	AbsError: 2.00000e-02
Iteration: 1
  Device: "part1_baseline"	RelError: 1.18331e-02	AbsError: 5.15630e+15
    Region: "bulk"	RelError: 1.17481e-02	AbsError: 5.15630e+15
      Equation: "ElectronContinuityEquation"	RelError: 6.64790e-04	AbsError: 5.15620e+15
      Equation: "HoleContinuityEquation"	RelError: 4.77260e-03	AbsError: 1.02435e+11
      Equation: "PotentialEquation"	RelError: 6.31069e-03	AbsError: 4.77978e-05
    Region: "oxide"	RelError: 8.50555e-05	AbsError: 4.77978e-05
      Equation: "PotentialEquation"	RelError: 8.50555e-05	AbsError: 4.77978e-05
Iteration: 2
  Device: "part1_baseline"	RelError: 4.41979e-06	AbsError: 3.58758e+11
    Region: "bulk"	RelError: 4.41670e-06	AbsError: 3.58758e+11
      Equation: "ElectronContinuityEquation"	RelError: 3.04913e-07	AbsError: 3.58741e+11
      Equation: "HoleContinuityEquation"	RelError: 3.14547e-06	AbsError: 1.68158e+07
      Equation: "PotentialEquation"	RelError: 9.66322e-07	AbsError: 3.26535e-09
    Region: "oxide"	RelError: 3.08400e-09	AbsError: 1.78661e-09
      Equation: "PotentialEquation"	RelError: 3.08400e-09	AbsError: 1.78661e-09
Iteration: 3
  Device: "part1_baseline"	RelError: 9.45590e-14	AbsError: 9.72344e+02
    Region: "bulk"	RelError: 9.45457e-14	AbsError: 9.72344e+02
      Equation: "ElectronContinuityEquation"	RelError: 9.16356e-15	AbsError: 9.72263e+02
      Equation: "HoleContinuityEquation"	RelError: 8.08382e-14	AbsError: 8.12143e-02
      Equation: "PotentialEquation"	RelError: 4.54400e-15	AbsError: 3.18245e-17
    Region: "oxide"	RelError: 1.32569e-17	AbsError: 7.67990e-18
      Equation: "PotentialEquation"	RelError: 1.32569e-17	AbsError: 7.67990e-18
number of equations 6873
Iteration: 0
  Device: "part1_baseline"	RelError: 2.96712e-01	AbsError: 5.50383e+17
    Region: "bulk"	RelError: 2.76774e-01	AbsError: 5.50383e+17
      Equation: "ElectronContinuityEquation"	RelError: 6.43935e-02	AbsError: 5.50381e+17
      Equation: "HoleContinuityEquation"	RelError: 7.55929e-02	AbsError: 2.47769e+12
      Equation: "PotentialEquation"	RelError: 1.36788e-01	AbsError: 1.76072e-03
    Region: "oxide"	RelError: 1.99378e-02	AbsError: 2.00000e-02
      Equation: "PotentialEquation"	RelError: 1.99378e-02	AbsError: 2.00000e-02
Iteration: 1
  Device: "part1_baseline"	RelError: 9.84865e-03	AbsError: 4.81919e+15
    Region: "bulk"	RelError: 9.77111e-03	AbsError: 4.81919e+15
      Equation: "ElectronContinuityEquation"	RelError: 5.80242e-04	AbsError: 4.81910e+15
      Equation: "HoleContinuityEquation"	RelError: 4.32324e-03	AbsError: 9.09093e+10
      Equation: "PotentialEquation"	RelError: 4.86763e-03	AbsError: 4.37004e-05
    Region: "oxide"	RelError: 7.75311e-05	AbsError: 4.37004e-05
      Equation: "PotentialEquation"	RelError: 7.75311e-05	AbsError: 4.37004e-05
Iteration: 2
  Device: "part1_baseline"	RelError: 3.60390e-06	AbsError: 3.04119e+11
    Region: "bulk"	RelError: 3.60119e-06	AbsError: 3.04119e+11
      Equation: "ElectronContinuityEquation"	RelError: 2.49443e-07	AbsError: 3.04105e+11
      Equation: "HoleContinuityEquation"	RelError: 2.62453e-06	AbsError: 1.46156e+07
      Equation: "PotentialEquation"	RelError: 7.27219e-07	AbsError: 2.80761e-09
    Region: "oxide"	RelError: 2.70418e-09	AbsError: 1.57100e-09
      Equation: "PotentialEquation"	RelError: 2.70418e-09	AbsError: 1.57100e-09
Iteration: 3
  Device: "part1_baseline"	RelError: 6.49077e-14	AbsError: 7.00386e+02
    Region: "bulk"	RelError: 6.48994e-14	AbsError: 7.00386e+02
      Equation: "ElectronContinuityEquation"	RelError: 6.51333e-15	AbsError: 7.00327e+02
      Equation: "HoleContinuityEquation"	RelError: 5.55152e-14	AbsError: 5.86327e-02
      Equation: "PotentialEquation"	RelError: 2.87083e-15	AbsError: 2.23580e-17
    Region: "oxide"	RelError: 8.31576e-18	AbsError: 4.83106e-18
      Equation: "PotentialEquation"	RelError: 8.31576e-18	AbsError: 4.83106e-18
number of equations 6873
Iteration: 0
  Device: "part1_baseline"	RelError: 2.66035e-01	AbsError: 5.58493e+17
    Region: "bulk"	RelError: 2.46487e-01	AbsError: 5.58493e+17
      Equation: "ElectronContinuityEquation"	RelError: 6.14580e-02	AbsError: 5.58491e+17
      Equation: "HoleContinuityEquation"	RelError: 7.16308e-02	AbsError: 2.29936e+12
      Equation: "PotentialEquation"	RelError: 1.13398e-01	AbsError: 1.67509e-03
    Region: "oxide"	RelError: 1.95480e-02	AbsError: 2.00000e-02
      Equation: "PotentialEquation"	RelError: 1.95480e-02	AbsError: 2.00000e-02
Iteration: 1
  Device: "part1_baseline"	RelError: 8.37824e-03	AbsError: 4.50870e+15
    Region: "bulk"	RelError: 8.30735e-03	AbsError: 4.50870e+15
      Equation: "ElectronContinuityEquation"	RelError: 5.08645e-04	AbsError: 4.50862e+15
      Equation: "HoleContinuityEquation"	RelError: 3.92974e-03	AbsError: 8.10360e+10
      Equation: "PotentialEquation"	RelError: 3.86896e-03	AbsError: 4.00704e-05
    Region: "oxide"	RelError: 7.08903e-05	AbsError: 4.00704e-05
      Equation: "PotentialEquation"	RelError: 7.08903e-05	AbsError: 4.00704e-05
Iteration: 2
  Device: "part1_baseline"	RelError: 2.97383e-06	AbsError: 2.58945e+11
    Region: "bulk"	RelError: 2.97145e-06	AbsError: 2.58945e+11
      Equation: "ElectronContinuityEquation"	RelError: 2.05598e-07	AbsError: 2.58933e+11
      Equation: "HoleContinuityEquation"	RelError: 2.20157e-06	AbsError: 1.27581e+07
      Equation: "PotentialEquation"	RelError: 5.64282e-07	AbsError: 2.42476e-09
    Region: "oxide"	RelError: 2.37842e-09	AbsError: 1.38547e-09
      Equation: "PotentialEquation"	RelError: 2.37842e-09	AbsError: 1.38547e-09
Iteration: 3
  Device: "part1_baseline"	RelError: 4.50826e-14	AbsError: 5.07000e+02
    Region: "bulk"	RelError: 4.50774e-14	AbsError: 5.07000e+02
      Equation: "ElectronContinuityEquation"	RelError: 4.69165e-15	AbsError: 5.06958e+02
      Equation: "HoleContinuityEquation"	RelError: 3.85155e-14	AbsError: 4.25945e-02
      Equation: "PotentialEquation"	RelError: 1.87027e-15	AbsError: 1.58213e-17
    Region: "oxide"	RelError: 5.23674e-18	AbsError: 3.05048e-18
      Equation: "PotentialEquation"	RelError: 5.23674e-18	AbsError: 3.05048e-18
number of equations 6873
Iteration: 0
  Device: "part1_baseline"	RelError: 2.48566e-01	AbsError: 5.66107e+17
    Region: "bulk"	RelError: 2.29393e-01	AbsError: 5.66107e+17
      Equation: "ElectronContinuityEquation"	RelError: 5.87479e-02	AbsError: 5.66105e+17
      Equation: "HoleContinuityEquation"	RelError: 6.80166e-02	AbsError: 2.14029e+12
      Equation: "PotentialEquation"	RelError: 1.02628e-01	AbsError: 1.59670e-03
    Region: "oxide"	RelError: 1.91732e-02	AbsError: 2.00000e-02
      Equation: "PotentialEquation"	RelError: 1.91732e-02	AbsError: 2.00000e-02
Iteration: 1
  Device: "part1_baseline"	RelError: 7.59190e-03	AbsError: 4.22281e+15
    Region: "bulk"	RelError: 7.52689e-03	AbsError: 4.22281e+15
      Equation: "ElectronContinuityEquation"	RelError: 4.49167e-04	AbsError: 4.22274e+15
      Equation: "HoleContinuityEquation"	RelError: 3.58371e-03	AbsError: 7.25337e+10
      Equation: "PotentialEquation"	RelError: 3.49401e-03	AbsError: 3.68432e-05
    Region: "oxide"	RelError: 6.50109e-05	AbsError: 3.68432e-05
      Equation: "PotentialEquation"	RelError: 6.50109e-05	AbsError: 3.68432e-05
Iteration: 2
  Device: "part1_baseline"	RelError: 2.53096e-06	AbsError: 2.21479e+11
    Region: "bulk"	RelError: 2.52887e-06	AbsError: 2.21479e+11
      Equation: "ElectronContinuityEquation"	RelError: 1.70654e-07	AbsError: 2.21468e+11
      Equation: "HoleContinuityEquation"	RelError: 1.85626e-06	AbsError: 1.11803e+07
      Equation: "PotentialEquation"	RelError: 5.01956e-07	AbsError: 2.10285e-09
    Region: "oxide"	RelError: 2.09850e-09	AbsError: 1.22554e-09
      Equation: "PotentialEquation"	RelError: 2.09850e-09	AbsError: 1.22554e-09
Iteration: 3
  Device: "part1_baseline"	RelError: 3.18791e-14	AbsError: 3.69010e+02
    Region: "bulk"	RelError: 3.18754e-14	AbsError: 3.69010e+02
      Equation: "ElectronContinuityEquation"	RelError: 3.42039e-15	AbsError: 3.68979e+02
      Equation: "HoleContinuityEquation"	RelError: 2.69865e-14	AbsError: 3.11393e-02
      Equation: "PotentialEquation"	RelError: 1.46850e-15	AbsError: 1.12773e-17
    Region: "oxide"	RelError: 3.68019e-18	AbsError: 2.07571e-18
      Equation: "PotentialEquation"	RelError: 3.68019e-18	AbsError: 2.07571e-18
number of equations 6873
Iteration: 0
  Device: "part1_baseline"	RelError: 2.45239e-01	AbsError: 5.73264e+17
    Region: "bulk"	RelError: 2.26426e-01	AbsError: 5.73264e+17
      Equation: "ElectronContinuityEquation"	RelError: 5.62473e-02	AbsError: 5.73262e+17
      Equation: "HoleContinuityEquation"	RelError: 6.47098e-02	AbsError: 1.99781e+12
      Equation: "PotentialEquation"	RelError: 1.05469e-01	AbsError: 1.52457e-03
    Region: "oxide"	RelError: 1.88125e-02	AbsError: 2.00000e-02
      Equation: "PotentialEquation"	RelError: 1.88125e-02	AbsError: 2.00000e-02
Iteration: 1
  Device: "part1_baseline"	RelError: 7.20727e-03	AbsError: 3.95954e+15
    Region: "bulk"	RelError: 7.14748e-03	AbsError: 3.95954e+15
      Equation: "ElectronContinuityEquation"	RelError: 4.11000e-04	AbsError: 3.95948e+15
      Equation: "HoleContinuityEquation"	RelError: 3.27823e-03	AbsError: 6.51756e+10
      Equation: "PotentialEquation"	RelError: 3.45825e-03	AbsError: 3.39642e-05
    Region: "oxide"	RelError: 5.97897e-05	AbsError: 3.39642e-05
      Equation: "PotentialEquation"	RelError: 5.97897e-05	AbsError: 3.39642e-05
Iteration: 2
  Device: "part1_baseline"	RelError: 2.20285e-06	AbsError: 1.90297e+11
    Region: "bulk"	RelError: 2.20100e-06	AbsError: 1.90297e+11
      Equation: "ElectronContinuityEquation"	RelError: 1.42585e-07	AbsError: 1.90287e+11
      Equation: "HoleContinuityEquation"	RelError: 1.57283e-06	AbsError: 9.83302e+06
      Equation: "PotentialEquation"	RelError: 4.85581e-07	AbsError: 1.83087e-09
    Region: "oxide"	RelError: 1.85736e-09	AbsError: 1.08736e-09
      Equation: "PotentialEquation"	RelError: 1.85736e-09	AbsError: 1.08736e-09
Iteration: 3
  Device: "part1_baseline"	RelError: 2.28071e-14	AbsError: 2.70129e+02
    Region: "bulk"	RelError: 2.28043e-14	AbsError: 2.70129e+02
      Equation: "ElectronContinuityEquation"	RelError: 2.52108e-15	AbsError: 2.70106e+02
      Equation: "HoleContinuityEquation"	RelError: 1.90897e-14	AbsError: 2.29150e-02
      Equation: "PotentialEquation"	RelError: 1.19356e-15	AbsError: 8.09727e-18
    Region: "oxide"	RelError: 2.76057e-18	AbsError: 1.56287e-18
      Equation: "PotentialEquation"	RelError: 2.76057e-18	AbsError: 1.56287e-18
number of equations 6873
Iteration: 0
  Device: "part1_baseline"	RelError: 2.43093e-01	AbsError: 5.79998e+17
    Region: "bulk"	RelError: 2.24628e-01	AbsError: 5.79998e+17
      Equation: "ElectronContinuityEquation"	RelError: 5.39270e-02	AbsError: 5.79996e+17
      Equation: "HoleContinuityEquation"	RelError: 6.16754e-02	AbsError: 1.86971e+12
      Equation: "PotentialEquation"	RelError: 1.09025e-01	AbsError: 1.45816e-03
    Region: "oxide"	RelError: 1.84652e-02	AbsError: 2.00000e-02
      Equation: "PotentialEquation"	RelError: 1.84652e-02	AbsError: 2.00000e-02
Iteration: 1
  Device: "part1_baseline"	RelError: 6.88606e-03	AbsError: 3.71702e+15
    Region: "bulk"	RelError: 6.83093e-03	AbsError: 3.71702e+15
      Equation: "ElectronContinuityEquation"	RelError: 3.76944e-04	AbsError: 3.71696e+15
      Equation: "HoleContinuityEquation"	RelError: 3.00754e-03	AbsError: 5.87779e+10
      Equation: "PotentialEquation"	RelError: 3.44645e-03	AbsError: 3.13877e-05
    Region: "oxide"	RelError: 5.51307e-05	AbsError: 3.13877e-05
      Equation: "PotentialEquation"	RelError: 5.51307e-05	AbsError: 3.13877e-05
Iteration: 2
  Device: "part1_baseline"	RelError: 1.93352e-06	AbsError: 1.64245e+11
    Region: "bulk"	RelError: 1.93187e-06	AbsError: 1.64245e+11
      Equation: "ElectronContinuityEquation"	RelError: 1.19871e-07	AbsError: 1.64237e+11
      Equation: "HoleContinuityEquation"	RelError: 1.33899e-06	AbsError: 8.67704e+06
      Equation: "PotentialEquation"	RelError: 4.73015e-07	AbsError: 1.60002e-09
    Region: "oxide"	RelError: 1.64906e-09	AbsError: 9.67671e-10
      Equation: "PotentialEquation"	RelError: 1.64906e-09	AbsError: 9.67671e-10
Iteration: 3
  Device: "part1_baseline"	RelError: 1.64865e-14	AbsError: 1.98930e+02
    Region: "bulk"	RelError: 1.64845e-14	AbsError: 1.98930e+02
      Equation: "ElectronContinuityEquation"	RelError: 1.87700e-15	AbsError: 1.98913e+02
      Equation: "HoleContinuityEquation"	RelError: 1.36283e-14	AbsError: 1.69761e-02
      Equation: "PotentialEquation"	RelError: 9.79151e-16	AbsError: 5.85636e-18
    Region: "oxide"	RelError: 2.07316e-18	AbsError: 1.17666e-18
      Equation: "PotentialEquation"	RelError: 2.07316e-18	AbsError: 1.17666e-18
number of equations 6873
Iteration: 0
  Device: "part1_baseline"	RelError: 2.42210e-01	AbsError: 5.86342e+17
    Region: "bulk"	RelError: 2.24080e-01	AbsError: 5.86342e+17
      Equation: "ElectronContinuityEquation"	RelError: 5.17699e-02	AbsError: 5.86340e+17
      Equation: "HoleContinuityEquation"	RelError: 5.88833e-02	AbsError: 1.75412e+12
      Equation: "PotentialEquation"	RelError: 1.13427e-01	AbsError: 1.39693e-03
    Region: "oxide"	RelError: 1.81304e-02	AbsError: 2.00000e-02
      Equation: "PotentialEquation"	RelError: 1.81304e-02	AbsError: 2.00000e-02
Iteration: 1
  Device: "part1_baseline"	RelError: 6.62439e-03	AbsError: 3.49348e+15
    Region: "bulk"	RelError: 6.57343e-03	AbsError: 3.49348e+15
      Equation: "ElectronContinuityEquation"	RelError: 3.46488e-04	AbsError: 3.49343e+15
      Equation: "HoleContinuityEquation"	RelError: 2.76680e-03	AbsError: 5.31906e+10
      Equation: "PotentialEquation"	RelError: 3.46014e-03	AbsError: 2.90747e-05
    Region: "oxide"	RelError: 5.09599e-05	AbsError: 2.90747e-05
      Equation: "PotentialEquation"	RelError: 5.09599e-05	AbsError: 2.90747e-05
Iteration: 2
  Device: "part1_baseline"	RelError: 1.71210e-06	AbsError: 1.42394e+11
    Region: "bulk"	RelError: 1.71064e-06	AbsError: 1.42394e+11
      Equation: "ElectronContinuityEquation"	RelError: 1.01363e-07	AbsError: 1.42387e+11
      Equation: "HoleContinuityEquation"	RelError: 1.14508e-06	AbsError: 7.68102e+06
      Equation: "PotentialEquation"	RelError: 4.64189e-07	AbsError: 1.40324e-09
    Region: "oxide"	RelError: 1.46860e-09	AbsError: 8.63697e-10
      Equation: "PotentialEquation"	RelError: 1.46860e-09	AbsError: 8.63697e-10
Iteration: 3
  Device: "part1_baseline"	RelError: 1.20396e-14	AbsError: 1.47394e+02
    Region: "bulk"	RelError: 1.20381e-14	AbsError: 1.47394e+02
      Equation: "ElectronContinuityEquation"	RelError: 1.41049e-15	AbsError: 1.47381e+02
      Equation: "HoleContinuityEquation"	RelError: 9.81584e-15	AbsError: 1.26645e-02
      Equation: "PotentialEquation"	RelError: 8.11742e-16	AbsError: 4.26654e-18
    Region: "oxide"	RelError: 1.55645e-18	AbsError: 8.85517e-19
      Equation: "PotentialEquation"	RelError: 1.55645e-18	AbsError: 8.85517e-19
number of equations 6873
Iteration: 0
  Device: "part1_baseline"	RelError: 2.42727e-01	AbsError: 5.92326e+17
    Region: "bulk"	RelError: 2.24919e-01	AbsError: 5.92326e+17
      Equation: "ElectronContinuityEquation"	RelError: 4.97607e-02	AbsError: 5.92324e+17
      Equation: "HoleContinuityEquation"	RelError: 5.63074e-02	AbsError: 1.64946e+12
      Equation: "PotentialEquation"	RelError: 1.18851e-01	AbsError: 1.34016e-03
    Region: "oxide"	RelError: 1.78075e-02	AbsError: 2.00000e-02
      Equation: "PotentialEquation"	RelError: 1.78075e-02	AbsError: 2.00000e-02
Iteration: 1
  Device: "part1_baseline"	RelError: 6.42228e-03	AbsError: 3.28730e+15
    Region: "bulk"	RelError: 6.37506e-03	AbsError: 3.28730e+15
      Equation: "ElectronContinuityEquation"	RelError: 3.21106e-04	AbsError: 3.28725e+15
      Equation: "HoleContinuityEquation"	RelError: 2.55198e-03	AbsError: 4.82905e+10
      Equation: "PotentialEquation"	RelError: 3.50198e-03	AbsError: 2.69923e-05
    Region: "oxide"	RelError: 4.72146e-05	AbsError: 2.69923e-05
      Equation: "PotentialEquation"	RelError: 4.72146e-05	AbsError: 2.69923e-05
Iteration: 2
  Device: "part1_baseline"	RelError: 1.53020e-06	AbsError: 1.23991e+11
    Region: "bulk"	RelError: 1.52889e-06	AbsError: 1.23991e+11
      Equation: "ElectronContinuityEquation"	RelError: 8.61879e-08	AbsError: 1.23984e+11
      Equation: "HoleContinuityEquation"	RelError: 9.83513e-07	AbsError: 6.81949e+06
      Equation: "PotentialEquation"	RelError: 4.59192e-07	AbsError: 1.23483e-09
    Region: "oxide"	RelError: 1.31176e-09	AbsError: 7.73111e-10
      Equation: "PotentialEquation"	RelError: 1.31176e-09	AbsError: 7.73111e-10
Iteration: 3
  Device: "part1_baseline"	RelError: 8.88069e-15	AbsError: 1.09885e+02
    Region: "bulk"	RelError: 8.87952e-15	AbsError: 1.09885e+02
      Equation: "ElectronContinuityEquation"	RelError: 1.06912e-15	AbsError: 1.09875e+02
      Equation: "HoleContinuityEquation"	RelError: 7.13029e-15	AbsError: 9.50841e-03
      Equation: "PotentialEquation"	RelError: 6.80110e-16	AbsError: 3.13039e-18
    Region: "oxide"	RelError: 1.17090e-18	AbsError: 6.67696e-19
      Equation: "PotentialEquation"	RelError: 1.17090e-18	AbsError: 6.67696e-19
number of equations 6873
Iteration: 0
  Device: "part1_baseline"	RelError: 2.44851e-01	AbsError: 5.97976e+17
    Region: "bulk"	RelError: 2.27355e-01	AbsError: 5.97976e+17
      Equation: "ElectronContinuityEquation"	RelError: 4.78858e-02	AbsError: 5.97975e+17
      Equation: "HoleContinuityEquation"	RelError: 5.39251e-02	AbsError: 1.55439e+12
      Equation: "PotentialEquation"	RelError: 1.25544e-01	AbsError: 1.28759e-03
    Region: "oxide"	RelError: 1.74960e-02	AbsError: 2.00000e-02
      Equation: "PotentialEquation"	RelError: 1.74960e-02	AbsError: 2.00000e-02
Iteration: 1
  Device: "part1_baseline"	RelError: 6.27981e-03	AbsError: 3.09696e+15
    Region: "bulk"	RelError: 6.23597e-03	AbsError: 3.09696e+15
      Equation: "ElectronContinuityEquation"	RelError: 3.00142e-04	AbsError: 3.09692e+15
      Equation: "HoleContinuityEquation"	RelError: 2.35966e-03	AbsError: 4.39760e+10
      Equation: "PotentialEquation"	RelError: 3.57617e-03	AbsError: 2.51122e-05
    Region: "oxide"	RelError: 4.38416e-05	AbsError: 2.51122e-05
      Equation: "PotentialEquation"	RelError: 4.38416e-05	AbsError: 2.51122e-05
Iteration: 2
  Device: "part1_baseline"	RelError: 1.38140e-06	AbsError: 1.08427e+11
    Region: "bulk"	RelError: 1.38022e-06	AbsError: 1.08427e+11
      Equation: "ElectronContinuityEquation"	RelError: 7.36665e-08	AbsError: 1.08421e+11
      Equation: "HoleContinuityEquation"	RelError: 8.48253e-07	AbsError: 6.07163e+06
      Equation: "PotentialEquation"	RelError: 4.58304e-07	AbsError: 1.09013e-09
    Region: "oxide"	RelError: 1.17504e-09	AbsError: 6.93950e-10
      Equation: "PotentialEquation"	RelError: 1.17504e-09	AbsError: 6.93950e-10
Iteration: 3
  Device: "part1_baseline"	RelError: 6.61681e-15	AbsError: 8.24273e+01
    Region: "bulk"	RelError: 6.61593e-15	AbsError: 8.24273e+01
      Equation: "ElectronContinuityEquation"	RelError: 8.16910e-16	AbsError: 8.24201e+01
      Equation: "HoleContinuityEquation"	RelError: 5.22200e-15	AbsError: 7.18856e-03
      Equation: "PotentialEquation"	RelError: 5.77022e-16	AbsError: 2.31315e-18
    Region: "oxide"	RelError: 8.80773e-19	AbsError: 5.03365e-19
      Equation: "PotentialEquation"	RelError: 8.80773e-19	AbsError: 5.03365e-19
number of equations 6873
Iteration: 0
  Device: "part1_baseline"	RelError: 2.48898e-01	AbsError: 6.03318e+17
    Region: "bulk"	RelError: 2.31703e-01	AbsError: 6.03318e+17
      Equation: "ElectronContinuityEquation"	RelError: 4.61332e-02	AbsError: 6.03316e+17
      Equation: "HoleContinuityEquation"	RelError: 5.17167e-02	AbsError: 1.46777e+12
      Equation: "PotentialEquation"	RelError: 1.33853e-01	AbsError: 1.23874e-03
    Region: "oxide"	RelError: 1.71951e-02	AbsError: 2.00000e-02
      Equation: "PotentialEquation"	RelError: 1.71951e-02	AbsError: 2.00000e-02
Iteration: 1
  Device: "part1_baseline"	RelError: 6.19775e-03	AbsError: 2.92109e+15
    Region: "bulk"	RelError: 6.15695e-03	AbsError: 2.92109e+15
      Equation: "ElectronContinuityEquation"	RelError: 2.80885e-04	AbsError: 2.92105e+15
      Equation: "HoleContinuityEquation"	RelError: 2.18694e-03	AbsError: 4.01629e+10
      Equation: "PotentialEquation"	RelError: 3.68912e-03	AbsError: 2.34101e-05
    Region: "oxide"	RelError: 4.07952e-05	AbsError: 2.34101e-05
      Equation: "PotentialEquation"	RelError: 4.07952e-05	AbsError: 2.34101e-05
Iteration: 2
  Device: "part1_baseline"	RelError: 1.26088e-06	AbsError: 9.52094e+10
    Region: "bulk"	RelError: 1.25982e-06	AbsError: 9.52094e+10
      Equation: "ElectronContinuityEquation"	RelError: 6.32715e-08	AbsError: 9.52040e+10
      Equation: "HoleContinuityEquation"	RelError: 7.34508e-07	AbsError: 5.42027e+06
      Equation: "PotentialEquation"	RelError: 4.62045e-07	AbsError: 9.65859e-10
    Region: "oxide"	RelError: 1.05547e-09	AbsError: 6.24567e-10
      Equation: "PotentialEquation"	RelError: 1.05547e-09	AbsError: 6.24567e-10
Iteration: 3
  Device: "part1_baseline"	RelError: 4.98065e-15	AbsError: 6.22110e+01
    Region: "bulk"	RelError: 4.97999e-15	AbsError: 6.22110e+01
      Equation: "ElectronContinuityEquation"	RelError: 6.28913e-16	AbsError: 6.22056e+01
      Equation: "HoleContinuityEquation"	RelError: 3.85457e-15	AbsError: 5.47298e-03
      Equation: "PotentialEquation"	RelError: 4.96498e-16	AbsError: 1.72144e-18
    Region: "oxide"	RelError: 6.62162e-19	AbsError: 3.79231e-19
      Equation: "PotentialEquation"	RelError: 6.62162e-19	AbsError: 3.79231e-19
number of equations 6873
Iteration: 0
  Device: "part1_baseline"	RelError: 2.55343e-01	AbsError: 6.08373e+17
    Region: "bulk"	RelError: 2.38439e-01	AbsError: 6.08373e+17
      Equation: "ElectronContinuityEquation"	RelError: 4.44922e-02	AbsError: 6.08372e+17
      Equation: "HoleContinuityEquation"	RelError: 4.96650e-02	AbsError: 1.38863e+12
      Equation: "PotentialEquation"	RelError: 1.44282e-01	AbsError: 1.19315e-03
    Region: "oxide"	RelError: 1.69044e-02	AbsError: 2.00000e-02
      Equation: "PotentialEquation"	RelError: 1.69044e-02	AbsError: 2.00000e-02
Iteration: 1
  Device: "part1_baseline"	RelError: 6.18314e-03	AbsError: 2.75841e+15
    Region: "bulk"	RelError: 6.14510e-03	AbsError: 2.75841e+15
      Equation: "ElectronContinuityEquation"	RelError: 2.63184e-04	AbsError: 2.75838e+15
      Equation: "HoleContinuityEquation"	RelError: 2.03138e-03	AbsError: 3.67808e+10
      Equation: "PotentialEquation"	RelError: 3.85053e-03	AbsError: 2.18654e-05
    Region: "oxide"	RelError: 3.80388e-05	AbsError: 2.18654e-05
      Equation: "PotentialEquation"	RelError: 3.80388e-05	AbsError: 2.18654e-05
Iteration: 2
  Device: "part1_baseline"	RelError: 1.16527e-06	AbsError: 8.39378e+10
    Region: "bulk"	RelError: 1.16432e-06	AbsError: 8.39378e+10
      Equation: "ElectronContinuityEquation"	RelError: 5.45941e-08	AbsError: 8.39330e+10
      Equation: "HoleContinuityEquation"	RelError: 6.38438e-07	AbsError: 4.85119e+06
      Equation: "PotentialEquation"	RelError: 4.71284e-07	AbsError: 8.58792e-10
    Region: "oxide"	RelError: 9.50593e-10	AbsError: 5.63571e-10
      Equation: "PotentialEquation"	RelError: 9.50593e-10	AbsError: 5.63571e-10
Iteration: 3
  Device: "part1_baseline"	RelError: 3.78871e-15	AbsError: 4.72384e+01
    Region: "bulk"	RelError: 3.78821e-15	AbsError: 4.72384e+01
      Equation: "ElectronContinuityEquation"	RelError: 4.87624e-16	AbsError: 4.72342e+01
      Equation: "HoleContinuityEquation"	RelError: 2.86674e-15	AbsError: 4.19456e-03
      Equation: "PotentialEquation"	RelError: 4.33840e-16	AbsError: 1.28997e-18
    Region: "oxide"	RelError: 4.97793e-19	AbsError: 2.85675e-19
      Equation: "PotentialEquation"	RelError: 4.97793e-19	AbsError: 2.85675e-19
number of equations 6873
Iteration: 0
  Device: "part1_baseline"	RelError: 2.64920e-01	AbsError: 6.13163e+17
    Region: "bulk"	RelError: 2.48297e-01	AbsError: 6.13163e+17
      Equation: "ElectronContinuityEquation"	RelError: 4.29532e-02	AbsError: 6.13162e+17
      Equation: "HoleContinuityEquation"	RelError: 4.77547e-02	AbsError: 1.31612e+12
      Equation: "PotentialEquation"	RelError: 1.57589e-01	AbsError: 1.15076e-03
    Region: "oxide"	RelError: 1.66234e-02	AbsError: 2.00000e-02
      Equation: "PotentialEquation"	RelError: 1.66234e-02	AbsError: 2.00000e-02
Iteration: 1
  Device: "part1_baseline"	RelError: 6.24868e-03	AbsError: 2.60779e+15
    Region: "bulk"	RelError: 6.21313e-03	AbsError: 2.60779e+15
      Equation: "ElectronContinuityEquation"	RelError: 2.46902e-04	AbsError: 2.60775e+15
      Equation: "HoleContinuityEquation"	RelError: 1.89087e-03	AbsError: 3.37709e+10
      Equation: "PotentialEquation"	RelError: 4.07536e-03	AbsError: 2.04601e-05
    Region: "oxide"	RelError: 3.55402e-05	AbsError: 2.04601e-05
      Equation: "PotentialEquation"	RelError: 3.55402e-05	AbsError: 2.04601e-05
Iteration: 2
  Device: "part1_baseline"	RelError: 1.09255e-06	AbsError: 7.42861e+10
    Region: "bulk"	RelError: 1.09170e-06	AbsError: 7.42861e+10
      Equation: "ElectronContinuityEquation"	RelError: 4.73124e-08	AbsError: 7.42818e+10
      Equation: "HoleContinuityEquation"	RelError: 5.56957e-07	AbsError: 4.35250e+06
      Equation: "PotentialEquation"	RelError: 4.87427e-07	AbsError: 7.65701e-10
    Region: "oxide"	RelError: 8.58318e-10	AbsError: 5.09793e-10
      Equation: "PotentialEquation"	RelError: 8.58318e-10	AbsError: 5.09793e-10
Iteration: 3
  Device: "part1_baseline"	RelError: 2.91446e-15	AbsError: 3.60840e+01
    Region: "bulk"	RelError: 2.91409e-15	AbsError: 3.60840e+01
      Equation: "ElectronContinuityEquation"	RelError: 3.80615e-16	AbsError: 3.60808e+01
      Equation: "HoleContinuityEquation"	RelError: 2.14755e-15	AbsError: 3.23642e-03
      Equation: "PotentialEquation"	RelError: 3.85920e-16	AbsError: 9.73284e-19
    Region: "oxide"	RelError: 3.74048e-19	AbsError: 2.15081e-19
      Equation: "PotentialEquation"	RelError: 3.74048e-19	AbsError: 2.15081e-19
number of equations 6873
Iteration: 0
  Device: "part1_baseline"	RelError: 2.78795e-01	AbsError: 6.17706e+17
    Region: "bulk"	RelError: 2.62443e-01	AbsError: 6.17706e+17
      Equation: "ElectronContinuityEquation"	RelError: 4.15075e-02	AbsError: 6.17705e+17
      Equation: "HoleContinuityEquation"	RelError: 4.59727e-02	AbsError: 1.24989e+12
      Equation: "PotentialEquation"	RelError: 1.74963e-01	AbsError: 1.11107e-03
    Region: "oxide"	RelError: 1.63516e-02	AbsError: 2.00000e-02
      Equation: "PotentialEquation"	RelError: 1.63516e-02	AbsError: 2.00000e-02
Iteration: 1
  Device: "part1_baseline"	RelError: 6.41623e-03	AbsError: 2.46816e+15
    Region: "bulk"	RelError: 6.38297e-03	AbsError: 2.46816e+15
      Equation: "ElectronContinuityEquation"	RelError: 2.31912e-04	AbsError: 2.46813e+15
      Equation: "HoleContinuityEquation"	RelError: 1.76361e-03	AbsError: 3.10835e+10
      Equation: "PotentialEquation"	RelError: 4.38744e-03	AbsError: 1.91785e-05
    Region: "oxide"	RelError: 3.32658e-05	AbsError: 1.91785e-05
      Equation: "PotentialEquation"	RelError: 3.32658e-05	AbsError: 1.91785e-05
Iteration: 2
  Device: "part1_baseline"	RelError: 1.04229e-06	AbsError: 6.59880e+10
    Region: "bulk"	RelError: 1.04151e-06	AbsError: 6.59880e+10
      Equation: "ElectronContinuityEquation"	RelError: 4.11716e-08	AbsError: 6.59841e+10
      Equation: "HoleContinuityEquation"	RelError: 4.87572e-07	AbsError: 3.91427e+06
      Equation: "PotentialEquation"	RelError: 5.12771e-07	AbsError: 6.84510e-10
    Region: "oxide"	RelError: 7.76894e-10	AbsError: 4.62242e-10
      Equation: "PotentialEquation"	RelError: 7.76894e-10	AbsError: 4.62242e-10
Iteration: 3
  Device: "part1_baseline"	RelError: 2.27043e-15	AbsError: 2.77253e+01
    Region: "bulk"	RelError: 2.27015e-15	AbsError: 2.77253e+01
      Equation: "ElectronContinuityEquation"	RelError: 2.98971e-16	AbsError: 2.77228e+01
      Equation: "HoleContinuityEquation"	RelError: 1.62036e-15	AbsError: 2.51470e-03
      Equation: "PotentialEquation"	RelError: 3.50816e-16	AbsError: 7.39400e-19
    Region: "oxide"	RelError: 2.80193e-19	AbsError: 1.61418e-19
      Equation: "PotentialEquation"	RelError: 2.80193e-19	AbsError: 1.61418e-19
number of equations 6873
Iteration: 0
  Device: "part1_baseline"	RelError: 2.98921e-01	AbsError: 6.22020e+17
    Region: "bulk"	RelError: 2.82833e-01	AbsError: 6.22020e+17
      Equation: "ElectronContinuityEquation"	RelError: 4.01476e-02	AbsError: 6.22019e+17
      Equation: "HoleContinuityEquation"	RelError: 4.43071e-02	AbsError: 1.18893e+12
      Equation: "PotentialEquation"	RelError: 1.98378e-01	AbsError: 1.07384e-03
    Region: "oxide"	RelError: 1.60885e-02	AbsError: 2.00000e-02
      Equation: "PotentialEquation"	RelError: 1.60885e-02	AbsError: 2.00000e-02
Iteration: 1
  Device: "part1_baseline"	RelError: 6.72401e-03	AbsError: 2.33858e+15
    Region: "bulk"	RelError: 6.69282e-03	AbsError: 2.33858e+15
      Equation: "ElectronContinuityEquation"	RelError: 2.18098e-04	AbsError: 2.33855e+15
      Equation: "HoleContinuityEquation"	RelError: 1.64806e-03	AbsError: 2.86768e+10
      Equation: "PotentialEquation"	RelError: 4.82666e-03	AbsError: 1.80072e-05
    Region: "oxide"	RelError: 3.11906e-05	AbsError: 1.80072e-05
      Equation: "PotentialEquation"	RelError: 3.11906e-05	AbsError: 1.80072e-05
Iteration: 2
  Device: "part1_baseline"	RelError: 1.01615e-06	AbsError: 5.88254e+10
    Region: "bulk"	RelError: 1.01544e-06	AbsError: 5.88254e+10
      Equation: "ElectronContinuityEquation"	RelError: 3.59683e-08	AbsError: 5.88219e+10
      Equation: "HoleContinuityEquation"	RelError: 4.28257e-07	AbsError: 3.52814e+06
      Equation: "PotentialEquation"	RelError: 5.51218e-07	AbsError: 6.13484e-10
    Region: "oxide"	RelError: 7.04840e-10	AbsError: 4.20081e-10
      Equation: "PotentialEquation"	RelError: 7.04840e-10	AbsError: 4.20081e-10
Iteration: 3
  Device: "part1_baseline"	RelError: 1.79621e-15	AbsError: 2.14253e+01
    Region: "bulk"	RelError: 1.79600e-15	AbsError: 2.14253e+01
      Equation: "ElectronContinuityEquation"	RelError: 2.36252e-16	AbsError: 2.14233e+01
      Equation: "HoleContinuityEquation"	RelError: 1.23247e-15	AbsError: 1.96798e-03
      Equation: "PotentialEquation"	RelError: 3.27282e-16	AbsError: 5.65517e-19
    Region: "oxide"	RelError: 2.09288e-19	AbsError: 1.20789e-19
      Equation: "PotentialEquation"	RelError: 2.09288e-19	AbsError: 1.20789e-19
number of equations 6873
Iteration: 0
  Device: "part1_baseline"	RelError: 3.28815e-01	AbsError: 6.26120e+17
    Region: "bulk"	RelError: 3.12981e-01	AbsError: 6.26120e+17
      Equation: "ElectronContinuityEquation"	RelError: 3.88664e-02	AbsError: 6.26118e+17
      Equation: "HoleContinuityEquation"	RelError: 4.27474e-02	AbsError: 1.13268e+12
      Equation: "PotentialEquation"	RelError: 2.31367e-01	AbsError: 1.03906e-03
    Region: "oxide"	RelError: 1.58338e-02	AbsError: 2.00000e-02
      Equation: "PotentialEquation"	RelError: 1.58338e-02	AbsError: 2.00000e-02
Iteration: 1
  Device: "part1_baseline"	RelError: 7.24213e-03	AbsError: 2.21820e+15
    Region: "bulk"	RelError: 7.21284e-03	AbsError: 2.21820e+15
      Equation: "ElectronContinuityEquation"	RelError: 2.05353e-04	AbsError: 2.21817e+15
      Equation: "HoleContinuityEquation"	RelError: 1.54288e-03	AbsError: 2.65150e+10
      Equation: "PotentialEquation"	RelError: 5.46460e-03	AbsError: 1.69343e-05
    Region: "oxide"	RelError: 2.92930e-05	AbsError: 1.69343e-05
      Equation: "PotentialEquation"	RelError: 2.92930e-05	AbsError: 1.69343e-05
Iteration: 2
  Device: "part1_baseline"	RelError: 1.01937e-06	AbsError: 5.26189e+10
    Region: "bulk"	RelError: 1.01872e-06	AbsError: 5.26189e+10
      Equation: "ElectronContinuityEquation"	RelError: 3.15397e-08	AbsError: 5.26157e+10
      Equation: "HoleContinuityEquation"	RelError: 3.77363e-07	AbsError: 3.18702e+06
      Equation: "PotentialEquation"	RelError: 6.09822e-07	AbsError: 5.51172e-10
    Region: "oxide"	RelError: 6.40901e-10	AbsError: 3.82599e-10
      Equation: "PotentialEquation"	RelError: 6.40901e-10	AbsError: 3.82599e-10
Iteration: 3
  Device: "part1_baseline"	RelError: 1.44692e-15	AbsError: 1.66497e+01
    Region: "bulk"	RelError: 1.44676e-15	AbsError: 1.66497e+01
      Equation: "ElectronContinuityEquation"	RelError: 1.87757e-16	AbsError: 1.66482e+01
      Equation: "HoleContinuityEquation"	RelError: 9.43406e-16	AbsError: 1.55048e-03
      Equation: "PotentialEquation"	RelError: 3.15600e-16	AbsError: 4.35448e-19
    Region: "oxide"	RelError: 1.55680e-19	AbsError: 9.00077e-20
      Equation: "PotentialEquation"	RelError: 1.55680e-19	AbsError: 9.00077e-20
number of equations 6873
Iteration: 0
  Device: "part1_baseline"	RelError: 3.75453e-01	AbsError: 6.30020e+17
    Region: "bulk"	RelError: 3.59866e-01	AbsError: 6.30020e+17
      Equation: "ElectronContinuityEquation"	RelError: 3.76578e-02	AbsError: 6.30019e+17
      Equation: "HoleContinuityEquation"	RelError: 4.12844e-02	AbsError: 1.08063e+12
      Equation: "PotentialEquation"	RelError: 2.80924e-01	AbsError: 1.00630e-03
    Region: "oxide"	RelError: 1.55870e-02	AbsError: 2.00000e-02
      Equation: "PotentialEquation"	RelError: 1.55870e-02	AbsError: 2.00000e-02
Iteration: 1
  Device: "part1_baseline"	RelError: 8.11113e-03	AbsError: 2.10622e+15
    Region: "bulk"	RelError: 8.08358e-03	AbsError: 2.10622e+15
      Equation: "ElectronContinuityEquation"	RelError: 1.93581e-04	AbsError: 2.10619e+15
      Equation: "HoleContinuityEquation"	RelError: 1.44692e-03	AbsError: 2.45679e+10
      Equation: "PotentialEquation"	RelError: 6.44308e-03	AbsError: 1.59496e-05
    Region: "oxide"	RelError: 2.75541e-05	AbsError: 1.59496e-05
      Equation: "PotentialEquation"	RelError: 2.75541e-05	AbsError: 1.59496e-05
Iteration: 2
  Device: "part1_baseline"	RelError: 1.06449e-06	AbsError: 4.72206e+10
    Region: "bulk"	RelError: 1.06391e-06	AbsError: 4.72206e+10
      Equation: "ElectronContinuityEquation"	RelError: 2.77543e-08	AbsError: 4.72177e+10
      Equation: "HoleContinuityEquation"	RelError: 3.33537e-07	AbsError: 2.88492e+06
      Equation: "PotentialEquation"	RelError: 7.02616e-07	AbsError: 4.96352e-10
    Region: "oxide"	RelError: 5.84014e-10	AbsError: 3.49190e-10
      Equation: "PotentialEquation"	RelError: 5.84014e-10	AbsError: 3.49190e-10
Iteration: 3
  Device: "part1_baseline"	RelError: 1.19502e-15	AbsError: 1.30093e+01
    Region: "bulk"	RelError: 1.19491e-15	AbsError: 1.30093e+01
      Equation: "ElectronContinuityEquation"	RelError: 1.50029e-16	AbsError: 1.30081e+01
      Equation: "HoleContinuityEquation"	RelError: 7.26563e-16	AbsError: 1.22933e-03
      Equation: "PotentialEquation"	RelError: 3.18317e-16	AbsError: 3.37493e-19
    Region: "oxide"	RelError: 1.15209e-19	AbsError: 6.66785e-20
      Equation: "PotentialEquation"	RelError: 1.15209e-19	AbsError: 6.66785e-20
number of equations 6873
Iteration: 0
  Device: "part1_baseline"	RelError: 4.54893e-01	AbsError: 6.33735e+17
    Region: "bulk"	RelError: 4.39545e-01	AbsError: 6.33735e+17
      Equation: "ElectronContinuityEquation"	RelError: 3.65160e-02	AbsError: 6.33734e+17
      Equation: "HoleContinuityEquation"	RelError: 3.99099e-02	AbsError: 1.03239e+12
      Equation: "PotentialEquation"	RelError: 3.63119e-01	AbsError: 9.75417e-04
    Region: "oxide"	RelError: 1.53478e-02	AbsError: 2.00000e-02
      Equation: "PotentialEquation"	RelError: 1.53478e-02	AbsError: 2.00000e-02
Iteration: 1
  Device: "part1_baseline"	RelError: 9.65487e-03	AbsError: 2.00194e+15
    Region: "bulk"	RelError: 9.62891e-03	AbsError: 2.00194e+15
      Equation: "ElectronContinuityEquation"	RelError: 1.82696e-04	AbsError: 2.00191e+15
      Equation: "HoleContinuityEquation"	RelError: 1.35917e-03	AbsError: 2.28096e+10
      Equation: "PotentialEquation"	RelError: 8.08705e-03	AbsError: 1.50440e-05
    Region: "oxide"	RelError: 2.59597e-05	AbsError: 1.50440e-05
      Equation: "PotentialEquation"	RelError: 2.59597e-05	AbsError: 1.50440e-05
Iteration: 2
  Device: "part1_baseline"	RelError: 1.18252e-06	AbsError: 4.25082e+10
    Region: "bulk"	RelError: 1.18199e-06	AbsError: 4.25082e+10
      Equation: "ElectronContinuityEquation"	RelError: 2.45054e-08	AbsError: 4.25056e+10
      Equation: "HoleContinuityEquation"	RelError: 2.95669e-07	AbsError: 2.61674e+06
      Equation: "PotentialEquation"	RelError: 8.61814e-07	AbsError: 4.47994e-10
    Region: "oxide"	RelError: 5.33269e-10	AbsError: 3.19336e-10
      Equation: "PotentialEquation"	RelError: 5.33269e-10	AbsError: 3.19336e-10
Iteration: 3
  Device: "part1_baseline"	RelError: 1.02717e-15	AbsError: 1.02190e+01
    Region: "bulk"	RelError: 1.02709e-15	AbsError: 1.02190e+01
      Equation: "ElectronContinuityEquation"	RelError: 1.20501e-16	AbsError: 1.02180e+01
      Equation: "HoleContinuityEquation"	RelError: 5.62853e-16	AbsError: 9.81889e-04
      Equation: "PotentialEquation"	RelError: 3.43737e-16	AbsError: 2.63364e-19
    Region: "oxide"	RelError: 8.43632e-20	AbsError: 4.88089e-20
      Equation: "PotentialEquation"	RelError: 8.43632e-20	AbsError: 4.88089e-20
number of equations 6873
Iteration: 0
  Device: "part1_baseline"	RelError: 6.14082e-01	AbsError: 6.37276e+17
    Region: "bulk"	RelError: 5.98966e-01	AbsError: 6.37276e+17
      Equation: "ElectronContinuityEquation"	RelError: 3.54360e-02	AbsError: 6.37275e+17
      Equation: "HoleContinuityEquation"	RelError: 3.86635e-02	AbsError: 9.87579e+11
      Equation: "PotentialEquation"	RelError: 5.24867e-01	AbsError: 9.46452e-04
    Region: "oxide"	RelError: 1.51158e-02	AbsError: 2.00000e-02
      Equation: "PotentialEquation"	RelError: 1.51158e-02	AbsError: 2.00000e-02
Iteration: 1
  Device: "part1_baseline"	RelError: 1.28152e-02	AbsError: 1.90472e+15
    Region: "bulk"	RelError: 1.27907e-02	AbsError: 1.90472e+15
      Equation: "ElectronContinuityEquation"	RelError: 1.72619e-04	AbsError: 1.90470e+15
      Equation: "HoleContinuityEquation"	RelError: 1.27875e-03	AbsError: 2.12175e+10
      Equation: "PotentialEquation"	RelError: 1.13393e-02	AbsError: 1.42096e-05
    Region: "oxide"	RelError: 2.44944e-05	AbsError: 1.42096e-05
      Equation: "PotentialEquation"	RelError: 2.44944e-05	AbsError: 1.42096e-05
Iteration: 2
  Device: "part1_baseline"	RelError: 1.46600e-06	AbsError: 3.83798e+10
    Region: "bulk"	RelError: 1.46551e-06	AbsError: 3.83798e+10
      Equation: "ElectronContinuityEquation"	RelError: 2.17063e-08	AbsError: 3.83774e+10
      Equation: "HoleContinuityEquation"	RelError: 2.62839e-07	AbsError: 2.37812e+06
      Equation: "PotentialEquation"	RelError: 1.18097e-06	AbsError: 4.05227e-10
    Region: "oxide"	RelError: 4.87893e-10	AbsError: 2.92596e-10
      Equation: "PotentialEquation"	RelError: 4.87893e-10	AbsError: 2.92596e-10
Iteration: 3
  Device: "part1_baseline"	RelError: 9.51881e-16	AbsError: 8.06873e+00
    Region: "bulk"	RelError: 9.51820e-16	AbsError: 8.06873e+00
      Equation: "ElectronContinuityEquation"	RelError: 9.72652e-17	AbsError: 8.06794e+00
      Equation: "HoleContinuityEquation"	RelError: 4.38494e-16	AbsError: 7.88399e-04
      Equation: "PotentialEquation"	RelError: 4.16061e-16	AbsError: 2.07388e-19
    Region: "oxide"	RelError: 6.12867e-20	AbsError: 3.54696e-20
      Equation: "PotentialEquation"	RelError: 6.12867e-20	AbsError: 3.54696e-20
number of equations 6873
Iteration: 0
  Device: "part1_baseline"	RelError: 1.07294e+00	AbsError: 6.40654e+17
    Region: "bulk"	RelError: 1.05804e+00	AbsError: 6.40654e+17
      Equation: "ElectronContinuityEquation"	RelError: 3.44133e-02	AbsError: 6.40653e+17
      Equation: "HoleContinuityEquation"	RelError: 3.75117e-02	AbsError: 9.45879e+11
      Equation: "PotentialEquation"	RelError: 9.86120e-01	AbsError: 9.19054e-04
    Region: "oxide"	RelError: 1.48907e-02	AbsError: 2.00000e-02
      Equation: "PotentialEquation"	RelError: 1.48907e-02	AbsError: 2.00000e-02
Iteration: 1
  Device: "part1_baseline"	RelError: 2.19447e-02	AbsError: 1.81398e+15
    Region: "bulk"	RelError: 2.19216e-02	AbsError: 1.81398e+15
      Equation: "ElectronContinuityEquation"	RelError: 1.63279e-04	AbsError: 1.81396e+15
      Equation: "HoleContinuityEquation"	RelError: 1.20490e-03	AbsError: 1.97726e+10
      Equation: "PotentialEquation"	RelError: 2.05534e-02	AbsError: 1.34394e-05
    Region: "oxide"	RelError: 2.31435e-05	AbsError: 1.34394e-05
      Equation: "PotentialEquation"	RelError: 2.31435e-05	AbsError: 1.34394e-05
Iteration: 2
  Device: "part1_baseline"	RelError: 2.34618e-06	AbsError: 3.47508e+10
    Region: "bulk"	RelError: 2.34573e-06	AbsError: 3.47508e+10
      Equation: "ElectronContinuityEquation"	RelError: 1.92857e-08	AbsError: 3.47486e+10
      Equation: "HoleContinuityEquation"	RelError: 2.34288e-07	AbsError: 2.16534e+06
      Equation: "PotentialEquation"	RelError: 2.09216e-06	AbsError: 3.67311e-10
    Region: "oxide"	RelError: 4.47221e-10	AbsError: 2.68589e-10
      Equation: "PotentialEquation"	RelError: 4.47221e-10	AbsError: 2.68589e-10
Iteration: 3
  Device: "part1_baseline"	RelError: 1.07749e-15	AbsError: 6.40292e+00
    Region: "bulk"	RelError: 1.07745e-15	AbsError: 6.40292e+00
      Equation: "ElectronContinuityEquation"	RelError: 7.88799e-17	AbsError: 6.40228e+00
      Equation: "HoleContinuityEquation"	RelError: 3.43466e-16	AbsError: 6.37819e-04
      Equation: "PotentialEquation"	RelError: 6.55102e-16	AbsError: 1.64534e-19
    Region: "oxide"	RelError: 4.35247e-20	AbsError: 2.52290e-20
      Equation: "PotentialEquation"	RelError: 4.35247e-20	AbsError: 2.52290e-20
number of equations 6873
Iteration: 0
  Device: "part1_baseline"	RelError: 1.24574e+01	AbsError: 6.43880e+17
    Region: "bulk"	RelError: 1.24427e+01	AbsError: 6.43880e+17
      Equation: "ElectronContinuityEquation"	RelError: 3.34435e-02	AbsError: 6.43879e+17
      Equation: "HoleContinuityEquation"	RelError: 3.64224e-02	AbsError: 9.07003e+11
      Equation: "PotentialEquation"	RelError: 1.23728e+01	AbsError: 8.93102e-04
    Region: "oxide"	RelError: 1.46722e-02	AbsError: 2.00000e-02
      Equation: "PotentialEquation"	RelError: 1.46722e-02	AbsError: 2.00000e-02
Iteration: 1
  Device: "part1_baseline"	RelError: 2.05484e-01	AbsError: 1.72918e+15
    Region: "bulk"	RelError: 2.05462e-01	AbsError: 1.72918e+15
      Equation: "ElectronContinuityEquation"	RelError: 1.54611e-04	AbsError: 1.72916e+15
      Equation: "HoleContinuityEquation"	RelError: 1.13695e-03	AbsError: 1.84583e+10
      Equation: "PotentialEquation"	RelError: 2.04170e-01	AbsError: 1.27272e-05
    Region: "oxide"	RelError: 2.18958e-05	AbsError: 1.27272e-05
      Equation: "PotentialEquation"	RelError: 2.18958e-05	AbsError: 1.27272e-05
Iteration: 2
  Device: "part1_baseline"	RelError: 2.05417e-05	AbsError: 3.15501e+10
    Region: "bulk"	RelError: 2.05413e-05	AbsError: 3.15501e+10
      Equation: "ElectronContinuityEquation"	RelError: 1.71850e-08	AbsError: 3.15481e+10
      Equation: "HoleContinuityEquation"	RelError: 2.09380e-07	AbsError: 1.97518e+06
      Equation: "PotentialEquation"	RelError: 2.03147e-05	AbsError: 3.33613e-10
    Region: "oxide"	RelError: 4.10682e-10	AbsError: 2.46987e-10
      Equation: "PotentialEquation"	RelError: 4.10682e-10	AbsError: 2.46987e-10
Iteration: 3
  Device: "part1_baseline"	RelError: 6.00202e-15	AbsError: 5.10584e+00
    Region: "bulk"	RelError: 6.00199e-15	AbsError: 5.10584e+00
      Equation: "ElectronContinuityEquation"	RelError: 6.42621e-17	AbsError: 5.10533e+00
      Equation: "HoleContinuityEquation"	RelError: 2.70437e-16	AbsError: 5.18334e-04
      Equation: "PotentialEquation"	RelError: 5.66729e-15	AbsError: 1.31316e-19
    Region: "oxide"	RelError: 3.68335e-20	AbsError: 2.21519e-20
      Equation: "PotentialEquation"	RelError: 3.68335e-20	AbsError: 2.21519e-20
number of equations 6873
Iteration: 0
  Device: "part1_baseline"	RelError: 1.20081e+00	AbsError: 6.46964e+17
    Region: "bulk"	RelError: 1.18635e+00	AbsError: 6.46964e+17
      Equation: "ElectronContinuityEquation"	RelError: 3.25230e-02	AbsError: 6.46963e+17
      Equation: "HoleContinuityEquation"	RelError: 3.53907e-02	AbsError: 8.70697e+11
      Equation: "PotentialEquation"	RelError: 1.11844e+00	AbsError: 8.68616e-04
    Region: "oxide"	RelError: 1.44600e-02	AbsError: 2.00000e-02
      Equation: "PotentialEquation"	RelError: 1.44600e-02	AbsError: 2.00000e-02
Iteration: 1
  Device: "part1_baseline"	RelError: 2.43738e-02	AbsError: 1.64986e+15
    Region: "bulk"	RelError: 2.43531e-02	AbsError: 1.64986e+15
      Equation: "ElectronContinuityEquation"	RelError: 1.46558e-04	AbsError: 1.64985e+15
      Equation: "HoleContinuityEquation"	RelError: 1.07432e-03	AbsError: 1.72599e+10
      Equation: "PotentialEquation"	RelError: 2.31322e-02	AbsError: 1.20676e-05
    Region: "oxide"	RelError: 2.07415e-05	AbsError: 1.20676e-05
      Equation: "PotentialEquation"	RelError: 2.07415e-05	AbsError: 1.20676e-05
Iteration: 2
  Device: "part1_baseline"	RelError: 2.45326e-06	AbsError: 2.87182e+10
    Region: "bulk"	RelError: 2.45288e-06	AbsError: 2.87182e+10
      Equation: "ElectronContinuityEquation"	RelError: 1.53558e-08	AbsError: 2.87164e+10
      Equation: "HoleContinuityEquation"	RelError: 1.87587e-07	AbsError: 1.80488e+06
      Equation: "PotentialEquation"	RelError: 2.24994e-06	AbsError: 3.03597e-10
    Region: "oxide"	RelError: 3.77784e-10	AbsError: 2.27508e-10
      Equation: "PotentialEquation"	RelError: 3.77784e-10	AbsError: 2.27508e-10
Iteration: 3
  Device: "part1_baseline"	RelError: 8.29721e-16	AbsError: 4.09074e+00
    Region: "bulk"	RelError: 8.29687e-16	AbsError: 4.09074e+00
      Equation: "ElectronContinuityEquation"	RelError: 5.25775e-17	AbsError: 4.09032e+00
      Equation: "HoleContinuityEquation"	RelError: 2.14005e-16	AbsError: 4.24535e-04
      Equation: "PotentialEquation"	RelError: 5.63104e-16	AbsError: 1.05565e-19
    Region: "oxide"	RelError: 3.38147e-20	AbsError: 2.03638e-20
      Equation: "PotentialEquation"	RelError: 3.38147e-20	AbsError: 2.03638e-20
number of equations 6873
Iteration: 0
  Device: "part1_baseline"	RelError: 6.03795e-01	AbsError: 6.49914e+17
    Region: "bulk"	RelError: 5.89542e-01	AbsError: 6.49914e+17
      Equation: "ElectronContinuityEquation"	RelError: 3.16482e-02	AbsError: 6.49913e+17
      Equation: "HoleContinuityEquation"	RelError: 3.44125e-02	AbsError: 8.36734e+11
      Equation: "PotentialEquation"	RelError: 5.23481e-01	AbsError: 8.45426e-04
    Region: "oxide"	RelError: 1.42539e-02	AbsError: 2.00000e-02
      Equation: "PotentialEquation"	RelError: 1.42539e-02	AbsError: 2.00000e-02
Iteration: 1
  Device: "part1_baseline"	RelError: 1.16051e-02	AbsError: 1.57558e+15
    Region: "bulk"	RelError: 1.15854e-02	AbsError: 1.57558e+15
      Equation: "ElectronContinuityEquation"	RelError: 1.39066e-04	AbsError: 1.57556e+15
      Equation: "HoleContinuityEquation"	RelError: 1.01647e-03	AbsError: 1.61651e+10
      Equation: "PotentialEquation"	RelError: 1.04299e-02	AbsError: 1.14556e-05
    Region: "oxide"	RelError: 1.96716e-05	AbsError: 1.14556e-05
      Equation: "PotentialEquation"	RelError: 1.96716e-05	AbsError: 1.14556e-05
Iteration: 2
  Device: "part1_baseline"	RelError: 1.17438e-06	AbsError: 2.62049e+10
    Region: "bulk"	RelError: 1.17403e-06	AbsError: 2.62049e+10
      Equation: "ElectronContinuityEquation"	RelError: 1.37578e-08	AbsError: 2.62032e+10
      Equation: "HoleContinuityEquation"	RelError: 1.68466e-07	AbsError: 1.65208e+06
      Equation: "PotentialEquation"	RelError: 9.91810e-07	AbsError: 2.76799e-10
    Region: "oxide"	RelError: 3.48101e-10	AbsError: 2.09906e-10
      Equation: "PotentialEquation"	RelError: 3.48101e-10	AbsError: 2.09906e-10
Iteration: 3
  Device: "part1_baseline"	RelError: 4.39117e-16	AbsError: 3.29252e+00
    Region: "bulk"	RelError: 4.39086e-16	AbsError: 3.29252e+00
      Equation: "ElectronContinuityEquation"	RelError: 4.31993e-17	AbsError: 3.29217e+00
      Equation: "HoleContinuityEquation"	RelError: 1.72761e-16	AbsError: 3.49122e-04
      Equation: "PotentialEquation"	RelError: 2.23125e-16	AbsError: 8.53255e-20
    Region: "oxide"	RelError: 3.10925e-20	AbsError: 1.87489e-20
      Equation: "PotentialEquation"	RelError: 3.10925e-20	AbsError: 1.87489e-20
number of equations 6873
Iteration: 0
  Device: "part1_baseline"	RelError: 4.15360e-01	AbsError: 6.52737e+17
    Region: "bulk"	RelError: 4.01306e-01	AbsError: 6.52737e+17
      Equation: "ElectronContinuityEquation"	RelError: 3.08160e-02	AbsError: 6.52737e+17
      Equation: "HoleContinuityEquation"	RelError: 3.34862e-02	AbsError: 8.04915e+11
      Equation: "PotentialEquation"	RelError: 3.37004e-01	AbsError: 8.23377e-04
    Region: "oxide"	RelError: 1.40536e-02	AbsError: 2.00000e-02
      Equation: "PotentialEquation"	RelError: 1.40536e-02	AbsError: 2.00000e-02
Iteration: 1
  Device: "part1_baseline"	RelError: 7.64128e-03	AbsError: 1.50594e+15
    Region: "bulk"	RelError: 7.62260e-03	AbsError: 1.50594e+15
      Equation: "ElectronContinuityEquation"	RelError: 1.32089e-04	AbsError: 1.50592e+15
      Equation: "HoleContinuityEquation"	RelError: 9.62948e-04	AbsError: 1.51627e+10
      Equation: "PotentialEquation"	RelError: 6.52756e-03	AbsError: 1.08869e-05
    Region: "oxide"	RelError: 1.86812e-05	AbsError: 1.08869e-05
      Equation: "PotentialEquation"	RelError: 1.86812e-05	AbsError: 1.08869e-05
Iteration: 2
  Device: "part1_baseline"	RelError: 7.71271e-07	AbsError: 2.39678e+10
    Region: "bulk"	RelError: 7.70949e-07	AbsError: 2.39678e+10
      Equation: "ElectronContinuityEquation"	RelError: 1.23575e-08	AbsError: 2.39662e+10
      Equation: "HoleContinuityEquation"	RelError: 1.51643e-07	AbsError: 1.51469e+06
      Equation: "PotentialEquation"	RelError: 6.06949e-07	AbsError: 2.52822e-10
    Region: "oxide"	RelError: 3.21265e-10	AbsError: 1.93970e-10
      Equation: "PotentialEquation"	RelError: 3.21265e-10	AbsError: 1.93970e-10
number of equations 6873
Iteration: 0
  Device: "part1_baseline"	RelError: 3.22507e-01	AbsError: 6.55443e+17
    Region: "bulk"	RelError: 3.08648e-01	AbsError: 6.55443e+17
      Equation: "ElectronContinuityEquation"	RelError: 3.00234e-02	AbsError: 6.55442e+17
      Equation: "HoleContinuityEquation"	RelError: 3.26103e-02	AbsError: 7.75058e+11
      Equation: "PotentialEquation"	RelError: 2.46015e-01	AbsError: 8.02391e-04
    Region: "oxide"	RelError: 1.38589e-02	AbsError: 2.00000e-02
      Equation: "PotentialEquation"	RelError: 1.38589e-02	AbsError: 2.00000e-02
Iteration: 1
  Device: "part1_baseline"	RelError: 5.70072e-03	AbsError: 1.44058e+15
    Region: "bulk"	RelError: 5.68296e-03	AbsError: 1.44058e+15
      Equation: "ElectronContinuityEquation"	RelError: 1.25583e-04	AbsError: 1.44057e+15
      Equation: "HoleContinuityEquation"	RelError: 9.13352e-04	AbsError: 1.42433e+10
      Equation: "PotentialEquation"	RelError: 4.64403e-03	AbsError: 1.03577e-05
    Region: "oxide"	RelError: 1.77606e-05	AbsError: 1.03577e-05
      Equation: "PotentialEquation"	RelError: 1.77606e-05	AbsError: 1.03577e-05
Iteration: 2
  Device: "part1_baseline"	RelError: 5.70511e-07	AbsError: 2.19708e+10
    Region: "bulk"	RelError: 5.70214e-07	AbsError: 2.19708e+10
      Equation: "ElectronContinuityEquation"	RelError: 1.11269e-08	AbsError: 2.19694e+10
      Equation: "HoleContinuityEquation"	RelError: 1.36802e-07	AbsError: 1.39094e+06
      Equation: "PotentialEquation"	RelError: 4.22285e-07	AbsError: 2.31326e-10
    Region: "oxide"	RelError: 2.96955e-10	AbsError: 1.79514e-10
      Equation: "PotentialEquation"	RelError: 2.96955e-10	AbsError: 1.79514e-10
number of equations 6873
Iteration: 0
  Device: "part1_baseline"	RelError: 2.66936e-01	AbsError: 6.58037e+17
    Region: "bulk"	RelError: 2.53267e-01	AbsError: 6.58037e+17
      Equation: "ElectronContinuityEquation"	RelError: 2.92680e-02	AbsError: 6.58037e+17
      Equation: "HoleContinuityEquation"	RelError: 3.17767e-02	AbsError: 7.47002e+11
      Equation: "PotentialEquation"	RelError: 1.92222e-01	AbsError: 7.82535e-04
    Region: "oxide"	RelError: 1.36694e-02	AbsError: 2.00000e-02
      Equation: "PotentialEquation"	RelError: 1.36694e-02	AbsError: 2.00000e-02
Iteration: 1
  Device: "part1_baseline"	RelError: 4.54449e-03	AbsError: 1.37918e+15
    Region: "bulk"	RelError: 4.52758e-03	AbsError: 1.37918e+15
      Equation: "ElectronContinuityEquation"	RelError: 1.19511e-04	AbsError: 1.37917e+15
      Equation: "HoleContinuityEquation"	RelError: 8.67317e-04	AbsError: 1.33983e+10
      Equation: "PotentialEquation"	RelError: 3.54076e-03	AbsError: 9.86452e-06
    Region: "oxide"	RelError: 1.69033e-05	AbsError: 9.86452e-06
      Equation: "PotentialEquation"	RelError: 1.69033e-05	AbsError: 9.86452e-06
Iteration: 2
  Device: "part1_baseline"	RelError: 4.48900e-07	AbsError: 2.01833e+10
    Region: "bulk"	RelError: 4.48625e-07	AbsError: 2.01833e+10
      Equation: "ElectronContinuityEquation"	RelError: 1.00422e-08	AbsError: 2.01820e+10
      Equation: "HoleContinuityEquation"	RelError: 1.23677e-07	AbsError: 1.27927e+06
      Equation: "PotentialEquation"	RelError: 3.14906e-07	AbsError: 2.12014e-10
    Region: "oxide"	RelError: 2.74892e-10	AbsError: 1.66377e-10
      Equation: "PotentialEquation"	RelError: 2.74892e-10	AbsError: 1.66377e-10
number of equations 6873
Iteration: 0
  Device: "part1_baseline"	RelError: 2.29768e-01	AbsError: 6.60527e+17
    Region: "bulk"	RelError: 2.16283e-01	AbsError: 6.60527e+17
      Equation: "ElectronContinuityEquation"	RelError: 2.85472e-02	AbsError: 6.60526e+17
      Equation: "HoleContinuityEquation"	RelError: 3.09825e-02	AbsError: 7.20601e+11
      Equation: "PotentialEquation"	RelError: 1.56753e-01	AbsError: 7.63619e-04
    Region: "oxide"	RelError: 1.34851e-02	AbsError: 2.00000e-02
      Equation: "PotentialEquation"	RelError: 1.34851e-02	AbsError: 2.00000e-02
Iteration: 1
  Device: "part1_baseline"	RelError: 3.77433e-03	AbsError: 1.32144e+15
    Region: "bulk"	RelError: 3.75823e-03	AbsError: 1.32144e+15
      Equation: "ElectronContinuityEquation"	RelError: 1.13836e-04	AbsError: 1.32143e+15
      Equation: "HoleContinuityEquation"	RelError: 8.24520e-04	AbsError: 1.26204e+10
      Equation: "PotentialEquation"	RelError: 2.81987e-03	AbsError: 9.40425e-06
    Region: "oxide"	RelError: 1.61039e-05	AbsError: 9.40425e-06
      Equation: "PotentialEquation"	RelError: 1.61039e-05	AbsError: 9.40425e-06
Iteration: 2
  Device: "part1_baseline"	RelError: 3.66710e-07	AbsError: 1.85791e+10
    Region: "bulk"	RelError: 3.66456e-07	AbsError: 1.85791e+10
      Equation: "ElectronContinuityEquation"	RelError: 9.08351e-09	AbsError: 1.85779e+10
      Equation: "HoleContinuityEquation"	RelError: 1.12041e-07	AbsError: 1.17832e+06
      Equation: "PotentialEquation"	RelError: 2.45331e-07	AbsError: 1.94631e-10
    Region: "oxide"	RelError: 2.54833e-10	AbsError: 1.54416e-10
      Equation: "PotentialEquation"	RelError: 2.54833e-10	AbsError: 1.54416e-10
number of equations 6873
Iteration: 0
  Device: "part1_baseline"	RelError: 2.05220e-01	AbsError: 6.62918e+17
    Region: "bulk"	RelError: 1.91914e-01	AbsError: 6.62918e+17
      Equation: "ElectronContinuityEquation"	RelError: 2.78587e-02	AbsError: 6.62917e+17
      Equation: "HoleContinuityEquation"	RelError: 3.02251e-02	AbsError: 6.95725e+11
      Equation: "PotentialEquation"	RelError: 1.33830e-01	AbsError: 7.45556e-04
    Region: "oxide"	RelError: 1.33056e-02	AbsError: 2.00000e-02
      Equation: "PotentialEquation"	RelError: 1.33056e-02	AbsError: 2.00000e-02
Iteration: 1
  Device: "part1_baseline"	RelError: 3.22298e-03	AbsError: 1.26708e+15
    Region: "bulk"	RelError: 3.20762e-03	AbsError: 1.26708e+15
      Equation: "ElectronContinuityEquation"	RelError: 1.08526e-04	AbsError: 1.26707e+15
      Equation: "HoleContinuityEquation"	RelError: 7.84675e-04	AbsError: 1.19029e+10
      Equation: "PotentialEquation"	RelError: 2.31442e-03	AbsError: 8.97463e-06
    Region: "oxide"	RelError: 1.53574e-05	AbsError: 8.97463e-06
      Equation: "PotentialEquation"	RelError: 1.53574e-05	AbsError: 8.97463e-06
Iteration: 2
  Device: "part1_baseline"	RelError: 3.07174e-07	AbsError: 1.71358e+10
    Region: "bulk"	RelError: 3.06937e-07	AbsError: 1.71358e+10
      Equation: "ElectronContinuityEquation"	RelError: 8.23405e-09	AbsError: 1.71347e+10
      Equation: "HoleContinuityEquation"	RelError: 1.01701e-07	AbsError: 1.08689e+06
      Equation: "PotentialEquation"	RelError: 1.97002e-07	AbsError: 1.78954e-10
    Region: "oxide"	RelError: 2.36562e-10	AbsError: 1.43508e-10
      Equation: "PotentialEquation"	RelError: 2.36562e-10	AbsError: 1.43508e-10
number of equations 6873
Iteration: 0
  Device: "part1_baseline"	RelError: 2.18182e-01	AbsError: 6.65215e+17
    Region: "bulk"	RelError: 2.05051e-01	AbsError: 6.65215e+17
      Equation: "ElectronContinuityEquation"	RelError: 2.72007e-02	AbsError: 6.65214e+17
      Equation: "HoleContinuityEquation"	RelError: 2.95020e-02	AbsError: 6.72256e+11
      Equation: "PotentialEquation"	RelError: 1.48348e-01	AbsError: 7.28292e-04
    Region: "oxide"	RelError: 1.31309e-02	AbsError: 2.00000e-02
      Equation: "PotentialEquation"	RelError: 1.31309e-02	AbsError: 2.00000e-02
Iteration: 1
  Device: "part1_baseline"	RelError: 3.24449e-03	AbsError: 1.21586e+15
    Region: "bulk"	RelError: 3.22983e-03	AbsError: 1.21586e+15
      Equation: "ElectronContinuityEquation"	RelError: 1.03554e-04	AbsError: 1.21585e+15
      Equation: "HoleContinuityEquation"	RelError: 7.48027e-04	AbsError: 1.12401e+10
      Equation: "PotentialEquation"	RelError: 2.37824e-03	AbsError: 8.57266e-06
    Region: "oxide"	RelError: 1.46594e-05	AbsError: 8.57266e-06
      Equation: "PotentialEquation"	RelError: 1.46594e-05	AbsError: 8.57266e-06
Iteration: 2
  Device: "part1_baseline"	RelError: 2.91738e-07	AbsError: 1.58340e+10
    Region: "bulk"	RelError: 2.91518e-07	AbsError: 1.58340e+10
      Equation: "ElectronContinuityEquation"	RelError: 7.47943e-09	AbsError: 1.58330e+10
      Equation: "HoleContinuityEquation"	RelError: 9.24914e-08	AbsError: 1.00397e+06
      Equation: "PotentialEquation"	RelError: 1.91547e-07	AbsError: 1.64790e-10
    Region: "oxide"	RelError: 2.19894e-10	AbsError: 1.33544e-10
      Equation: "PotentialEquation"	RelError: 2.19894e-10	AbsError: 1.33544e-10
number of equations 6873
Iteration: 0
  Device: "part1_baseline"	RelError: 2.35590e-01	AbsError: 6.67424e+17
    Region: "bulk"	RelError: 2.22629e-01	AbsError: 6.67424e+17
      Equation: "ElectronContinuityEquation"	RelError: 2.65711e-02	AbsError: 6.67423e+17
      Equation: "HoleContinuityEquation"	RelError: 2.88111e-02	AbsError: 6.50086e+11
      Equation: "PotentialEquation"	RelError: 1.67247e-01	AbsError: 7.11834e-04
    Region: "oxide"	RelError: 1.29607e-02	AbsError: 2.00000e-02
      Equation: "PotentialEquation"	RelError: 1.29607e-02	AbsError: 2.00000e-02
Iteration: 1
  Device: "part1_baseline"	RelError: 3.44693e-03	AbsError: 1.16755e+15
    Region: "bulk"	RelError: 3.43293e-03	AbsError: 1.16755e+15
      Equation: "ElectronContinuityEquation"	RelError: 9.88920e-05	AbsError: 1.16754e+15
      Equation: "HoleContinuityEquation"	RelError: 7.14809e-04	AbsError: 1.06268e+10
      Equation: "PotentialEquation"	RelError: 2.61923e-03	AbsError: 8.19603e-06
    Region: "oxide"	RelError: 1.40080e-05	AbsError: 8.19603e-06
      Equation: "PotentialEquation"	RelError: 1.40080e-05	AbsError: 8.19603e-06
Iteration: 2
  Device: "part1_baseline"	RelError: 2.97668e-07	AbsError: 1.46573e+10
    Region: "bulk"	RelError: 2.97463e-07	AbsError: 1.46573e+10
      Equation: "ElectronContinuityEquation"	RelError: 6.80746e-09	AbsError: 1.46564e+10
      Equation: "HoleContinuityEquation"	RelError: 8.42705e-08	AbsError: 9.28628e+05
      Equation: "PotentialEquation"	RelError: 2.06385e-07	AbsError: 1.51970e-10
    Region: "oxide"	RelError: 2.04662e-10	AbsError: 1.24428e-10
      Equation: "PotentialEquation"	RelError: 2.04662e-10	AbsError: 1.24428e-10
number of equations 6873
Iteration: 0
  Device: "part1_baseline"	RelError: 2.59688e-01	AbsError: 6.69550e+17
    Region: "bulk"	RelError: 2.46893e-01	AbsError: 6.69550e+17
      Equation: "ElectronContinuityEquation"	RelError: 2.59688e-02	AbsError: 6.69549e+17
      Equation: "HoleContinuityEquation"	RelError: 2.81504e-02	AbsError: 6.29120e+11
      Equation: "PotentialEquation"	RelError: 1.92774e-01	AbsError: 6.96162e-04
    Region: "oxide"	RelError: 1.27949e-02	AbsError: 2.00000e-02
      Equation: "PotentialEquation"	RelError: 1.27949e-02	AbsError: 2.00000e-02
Iteration: 1
  Device: "part1_baseline"	RelError: 3.74168e-03	AbsError: 1.12195e+15
    Region: "bulk"	RelError: 3.72828e-03	AbsError: 1.12195e+15
      Equation: "ElectronContinuityEquation"	RelError: 9.45166e-05	AbsError: 1.12194e+15
      Equation: "HoleContinuityEquation"	RelError: 6.83681e-04	AbsError: 1.00585e+10
      Equation: "PotentialEquation"	RelError: 2.95009e-03	AbsError: 7.84273e-06
    Region: "oxide"	RelError: 1.33973e-05	AbsError: 7.84273e-06
      Equation: "PotentialEquation"	RelError: 1.33973e-05	AbsError: 7.84273e-06
Iteration: 2
  Device: "part1_baseline"	RelError: 3.10771e-07	AbsError: 1.35911e+10
    Region: "bulk"	RelError: 3.10581e-07	AbsError: 1.35911e+10
      Equation: "ElectronContinuityEquation"	RelError: 6.20767e-09	AbsError: 1.35902e+10
      Equation: "HoleContinuityEquation"	RelError: 7.69165e-08	AbsError: 8.60069e+05
      Equation: "PotentialEquation"	RelError: 2.27456e-07	AbsError: 1.40347e-10
    Region: "oxide"	RelError: 1.90720e-10	AbsError: 1.16074e-10
      Equation: "PotentialEquation"	RelError: 1.90720e-10	AbsError: 1.16074e-10
number of equations 6873
Iteration: 0
  Device: "part1_baseline"	RelError: 2.94584e-01	AbsError: 6.71596e+17
    Region: "bulk"	RelError: 2.81951e-01	AbsError: 6.71596e+17
      Equation: "ElectronContinuityEquation"	RelError: 2.53918e-02	AbsError: 6.71596e+17
      Equation: "HoleContinuityEquation"	RelError: 2.75180e-02	AbsError: 6.09270e+11
      Equation: "PotentialEquation"	RelError: 2.29041e-01	AbsError: 6.81140e-04
    Region: "oxide"	RelError: 1.26333e-02	AbsError: 2.00000e-02
      Equation: "PotentialEquation"	RelError: 1.26333e-02	AbsError: 2.00000e-02
Iteration: 1
  Device: "part1_baseline"	RelError: 4.18360e-03	AbsError: 1.07886e+15
    Region: "bulk"	RelError: 4.17077e-03	AbsError: 1.07886e+15
      Equation: "ElectronContinuityEquation"	RelError: 9.04060e-05	AbsError: 1.07885e+15
      Equation: "HoleContinuityEquation"	RelError: 6.54478e-04	AbsError: 9.53103e+09
      Equation: "PotentialEquation"	RelError: 3.42589e-03	AbsError: 7.51093e-06
    Region: "oxide"	RelError: 1.28240e-05	AbsError: 7.51093e-06
      Equation: "PotentialEquation"	RelError: 1.28240e-05	AbsError: 7.51093e-06
Iteration: 2
  Device: "part1_baseline"	RelError: 3.34677e-07	AbsError: 1.26230e+10
    Region: "bulk"	RelError: 3.34499e-07	AbsError: 1.26230e+10
      Equation: "ElectronContinuityEquation"	RelError: 5.67113e-09	AbsError: 1.26222e+10
      Equation: "HoleContinuityEquation"	RelError: 7.03246e-08	AbsError: 7.97587e+05
      Equation: "PotentialEquation"	RelError: 2.58503e-07	AbsError: 1.29792e-10
    Region: "oxide"	RelError: 1.77942e-10	AbsError: 1.08408e-10
      Equation: "PotentialEquation"	RelError: 1.77942e-10	AbsError: 1.08408e-10
number of equations 6873
Iteration: 0
  Device: "part1_baseline"	RelError: 3.48690e-01	AbsError: 6.73568e+17
    Region: "bulk"	RelError: 3.36214e-01	AbsError: 6.73568e+17
      Equation: "ElectronContinuityEquation"	RelError: 2.48385e-02	AbsError: 6.73568e+17
      Equation: "HoleContinuityEquation"	RelError: 2.69122e-02	AbsError: 5.90455e+11
      Equation: "PotentialEquation"	RelError: 2.84464e-01	AbsError: 6.66731e-04
    Region: "oxide"	RelError: 1.24757e-02	AbsError: 2.00000e-02
      Equation: "PotentialEquation"	RelError: 1.24757e-02	AbsError: 2.00000e-02
Iteration: 1
  Device: "part1_baseline"	RelError: 4.88504e-03	AbsError: 1.03810e+15
    Region: "bulk"	RelError: 4.87276e-03	AbsError: 1.03810e+15
      Equation: "ElectronContinuityEquation"	RelError: 8.65403e-05	AbsError: 1.03809e+15
      Equation: "HoleContinuityEquation"	RelError: 6.27047e-04	AbsError: 9.04080e+09
      Equation: "PotentialEquation"	RelError: 4.15917e-03	AbsError: 7.19895e-06
    Region: "oxide"	RelError: 1.22853e-05	AbsError: 7.19895e-06
      Equation: "PotentialEquation"	RelError: 1.22853e-05	AbsError: 7.19895e-06
Iteration: 2
  Device: "part1_baseline"	RelError: 3.76946e-07	AbsError: 1.17423e+10
    Region: "bulk"	RelError: 3.76780e-07	AbsError: 1.17423e+10
      Equation: "ElectronContinuityEquation"	RelError: 5.19012e-09	AbsError: 1.17415e+10
      Equation: "HoleContinuityEquation"	RelError: 6.44041e-08	AbsError: 7.40559e+05
      Equation: "PotentialEquation"	RelError: 3.07185e-07	AbsError: 1.20190e-10
    Region: "oxide"	RelError: 1.66211e-10	AbsError: 1.01363e-10
      Equation: "PotentialEquation"	RelError: 1.66211e-10	AbsError: 1.01363e-10
number of equations 6873
Iteration: 0
  Device: "part1_baseline"	RelError: 4.42335e-01	AbsError: 6.75469e+17
    Region: "bulk"	RelError: 4.30013e-01	AbsError: 6.75469e+17
      Equation: "ElectronContinuityEquation"	RelError: 2.43073e-02	AbsError: 6.75469e+17
      Equation: "HoleContinuityEquation"	RelError: 2.63313e-02	AbsError: 5.72603e+11
      Equation: "PotentialEquation"	RelError: 3.79374e-01	AbsError: 6.52899e-04
    Region: "oxide"	RelError: 1.23219e-02	AbsError: 2.00000e-02
      Equation: "PotentialEquation"	RelError: 1.23219e-02	AbsError: 2.00000e-02
Iteration: 1
  Device: "part1_baseline"	RelError: 6.11708e-03	AbsError: 9.99527e+14
    Region: "bulk"	RelError: 6.10530e-03	AbsError: 9.99527e+14
      Equation: "ElectronContinuityEquation"	RelError: 8.29031e-05	AbsError: 9.99518e+14
      Equation: "HoleContinuityEquation"	RelError: 6.01252e-04	AbsError: 8.58455e+09
      Equation: "PotentialEquation"	RelError: 5.42114e-03	AbsError: 6.90530e-06
    Region: "oxide"	RelError: 1.17785e-05	AbsError: 6.90530e-06
      Equation: "PotentialEquation"	RelError: 1.17785e-05	AbsError: 6.90530e-06
Iteration: 2
  Device: "part1_baseline"	RelError: 4.55971e-07	AbsError: 1.09393e+10
    Region: "bulk"	RelError: 4.55815e-07	AbsError: 1.09393e+10
      Equation: "ElectronContinuityEquation"	RelError: 4.75799e-09	AbsError: 1.09386e+10
      Equation: "HoleContinuityEquation"	RelError: 5.90806e-08	AbsError: 6.88434e+05
      Equation: "PotentialEquation"	RelError: 3.91977e-07	AbsError: 1.11443e-10
    Region: "oxide"	RelError: 1.55427e-10	AbsError: 9.48796e-11
      Equation: "PotentialEquation"	RelError: 1.55427e-10	AbsError: 9.48796e-11
number of equations 6873
Iteration: 0
  Device: "part1_baseline"	RelError: 6.40442e-01	AbsError: 6.77303e+17
    Region: "bulk"	RelError: 6.28270e-01	AbsError: 6.77303e+17
      Equation: "ElectronContinuityEquation"	RelError: 2.37972e-02	AbsError: 6.77303e+17
      Equation: "HoleContinuityEquation"	RelError: 2.57740e-02	AbsError: 5.55647e+11
      Equation: "PotentialEquation"	RelError: 5.78699e-01	AbsError: 6.39610e-04
    Region: "oxide"	RelError: 1.21720e-02	AbsError: 2.00000e-02
      Equation: "PotentialEquation"	RelError: 1.21720e-02	AbsError: 2.00000e-02
Iteration: 1
  Device: "part1_baseline"	RelError: 8.74119e-03	AbsError: 9.62983e+14
    Region: "bulk"	RelError: 8.72989e-03	AbsError: 9.62983e+14
      Equation: "ElectronContinuityEquation"	RelError: 7.94769e-05	AbsError: 9.62975e+14
      Equation: "HoleContinuityEquation"	RelError: 5.76968e-04	AbsError: 8.15934e+09
      Equation: "PotentialEquation"	RelError: 8.07345e-03	AbsError: 6.62877e-06
    Region: "oxide"	RelError: 1.13012e-05	AbsError: 6.62877e-06
      Equation: "PotentialEquation"	RelError: 1.13012e-05	AbsError: 6.62877e-06
Iteration: 2
  Device: "part1_baseline"	RelError: 6.30401e-07	AbsError: 1.02058e+10
    Region: "bulk"	RelError: 6.30255e-07	AbsError: 1.02058e+10
      Equation: "ElectronContinuityEquation"	RelError: 4.36901e-09	AbsError: 1.02052e+10
      Equation: "HoleContinuityEquation"	RelError: 5.43057e-08	AbsError: 6.40723e+05
      Equation: "PotentialEquation"	RelError: 5.71581e-07	AbsError: 1.03462e-10
    Region: "oxide"	RelError: 1.45500e-10	AbsError: 8.89049e-11
      Equation: "PotentialEquation"	RelError: 1.45500e-10	AbsError: 8.89049e-11
number of equations 6873
Iteration: 0
  Device: "part1_baseline"	RelError: 1.32308e+00	AbsError: 6.79073e+17
    Region: "bulk"	RelError: 1.31106e+00	AbsError: 6.79073e+17
      Equation: "ElectronContinuityEquation"	RelError: 2.33068e-02	AbsError: 6.79073e+17
      Equation: "HoleContinuityEquation"	RelError: 2.52388e-02	AbsError: 5.39527e+11
      Equation: "PotentialEquation"	RelError: 1.26251e+00	AbsError: 6.26948e-04
    Region: "oxide"	RelError: 1.20256e-02	AbsError: 2.00000e-02
      Equation: "PotentialEquation"	RelError: 1.20256e-02	AbsError: 2.00000e-02
Iteration: 1
  Device: "part1_baseline"	RelError: 1.77321e-02	AbsError: 9.28335e+14
    Region: "bulk"	RelError: 1.77213e-02	AbsError: 9.28335e+14
      Equation: "ElectronContinuityEquation"	RelError: 7.62456e-05	AbsError: 9.28327e+14
      Equation: "HoleContinuityEquation"	RelError: 5.54176e-04	AbsError: 7.76256e+09
      Equation: "PotentialEquation"	RelError: 1.70909e-02	AbsError: 6.36822e-06
    Region: "oxide"	RelError: 1.08523e-05	AbsError: 6.36822e-06
      Equation: "PotentialEquation"	RelError: 1.08523e-05	AbsError: 6.36822e-06
Iteration: 2
  Device: "part1_baseline"	RelError: 1.23911e-06	AbsError: 9.53465e+09
    Region: "bulk"	RelError: 1.23898e-06	AbsError: 9.53465e+09
      Equation: "ElectronContinuityEquation"	RelError: 4.01818e-09	AbsError: 9.53405e+09
      Equation: "HoleContinuityEquation"	RelError: 4.99911e-08	AbsError: 5.96993e+05
      Equation: "PotentialEquation"	RelError: 1.18497e-06	AbsError: 9.61684e-11
    Region: "oxide"	RelError: 1.36350e-10	AbsError: 8.33919e-11
      Equation: "PotentialEquation"	RelError: 1.36350e-10	AbsError: 8.33919e-11
Iteration: 3
  Device: "part1_baseline"	RelError: 1.16025e-16	AbsError: 4.60657e-01
    Region: "bulk"	RelError: 1.16014e-16	AbsError: 4.60657e-01
      Equation: "ElectronContinuityEquation"	RelError: 4.59655e-18	AbsError: 4.60613e-01
      Equation: "HoleContinuityEquation"	RelError: 1.80140e-17	AbsError: 4.42260e-05
      Equation: "PotentialEquation"	RelError: 9.34037e-17	AbsError: 9.20033e-21
    Region: "oxide"	RelError: 1.04988e-20	AbsError: 6.42112e-21
      Equation: "PotentialEquation"	RelError: 1.04988e-20	AbsError: 6.42112e-21
number of equations 6873
Iteration: 0
  Device: "part1_baseline"	RelError: 5.88952e+00	AbsError: 6.80782e+17
    Region: "bulk"	RelError: 5.87764e+00	AbsError: 6.80782e+17
      Equation: "ElectronContinuityEquation"	RelError: 2.28352e-02	AbsError: 6.80782e+17
      Equation: "HoleContinuityEquation"	RelError: 2.47246e-02	AbsError: 5.24186e+11
      Equation: "PotentialEquation"	RelError: 5.83008e+00	AbsError: 6.14776e-04
    Region: "oxide"	RelError: 1.18827e-02	AbsError: 2.00000e-02
      Equation: "PotentialEquation"	RelError: 1.18827e-02	AbsError: 2.00000e-02
Iteration: 1
  Device: "part1_baseline"	RelError: 8.59843e-02	AbsError: 8.95458e+14
    Region: "bulk"	RelError: 8.59738e-02	AbsError: 8.95458e+14
      Equation: "ElectronContinuityEquation"	RelError: 7.31954e-05	AbsError: 8.95451e+14
      Equation: "HoleContinuityEquation"	RelError: 5.32709e-04	AbsError: 7.39184e+09
      Equation: "PotentialEquation"	RelError: 8.53679e-02	AbsError: 6.12221e-06
    Region: "oxide"	RelError: 1.04290e-05	AbsError: 6.12221e-06
      Equation: "PotentialEquation"	RelError: 1.04290e-05	AbsError: 6.12221e-06
Iteration: 2
  Device: "part1_baseline"	RelError: 5.84730e-06	AbsError: 8.91940e+09
    Region: "bulk"	RelError: 5.84717e-06	AbsError: 8.91940e+09
      Equation: "ElectronContinuityEquation"	RelError: 3.70116e-09	AbsError: 8.91884e+09
      Equation: "HoleContinuityEquation"	RelError: 4.60857e-08	AbsError: 5.56859e+05
      Equation: "PotentialEquation"	RelError: 5.79738e-06	AbsError: 8.94945e-11
    Region: "oxide"	RelError: 1.27905e-10	AbsError: 7.82985e-11
      Equation: "PotentialEquation"	RelError: 1.27905e-10	AbsError: 7.82985e-11
Iteration: 3
  Device: "part1_baseline"	RelError: 4.52313e-16	AbsError: 4.23551e-01
    Region: "bulk"	RelError: 4.52303e-16	AbsError: 4.23551e-01
      Equation: "ElectronContinuityEquation"	RelError: 3.94768e-18	AbsError: 4.23512e-01
      Equation: "HoleContinuityEquation"	RelError: 1.54941e-17	AbsError: 3.89038e-05
      Equation: "PotentialEquation"	RelError: 4.32862e-16	AbsError: 8.04075e-21
    Region: "oxide"	RelError: 9.63331e-21	AbsError: 5.89715e-21
      Equation: "PotentialEquation"	RelError: 9.63331e-21	AbsError: 5.89715e-21
number of equations 6873
Iteration: 0
  Device: "part1_baseline"	RelError: 9.18658e-01	AbsError: 6.82434e+17
    Region: "bulk"	RelError: 9.06915e-01	AbsError: 6.82434e+17
      Equation: "ElectronContinuityEquation"	RelError: 2.23812e-02	AbsError: 6.82433e+17
      Equation: "HoleContinuityEquation"	RelError: 2.42302e-02	AbsError: 5.09574e+11
      Equation: "PotentialEquation"	RelError: 8.60303e-01	AbsError: 6.03055e-04
    Region: "oxide"	RelError: 1.17431e-02	AbsError: 2.00000e-02
      Equation: "PotentialEquation"	RelError: 1.17431e-02	AbsError: 2.00000e-02
Iteration: 1
  Device: "part1_baseline"	RelError: 1.20962e-02	AbsError: 8.64238e+14
    Region: "bulk"	RelError: 1.20862e-02	AbsError: 8.64238e+14
      Equation: "ElectronContinuityEquation"	RelError: 7.03137e-05	AbsError: 8.64231e+14
      Equation: "HoleContinuityEquation"	RelError: 5.12430e-04	AbsError: 7.04506e+09
      Equation: "PotentialEquation"	RelError: 1.15034e-02	AbsError: 5.88970e-06
    Region: "oxide"	RelError: 1.00292e-05	AbsError: 5.88970e-06
      Equation: "PotentialEquation"	RelError: 1.00292e-05	AbsError: 5.88970e-06
Iteration: 2
  Device: "part1_baseline"	RelError: 8.11392e-07	AbsError: 8.35444e+09
    Region: "bulk"	RelError: 8.11272e-07	AbsError: 8.35444e+09
      Equation: "ElectronContinuityEquation"	RelError: 3.41419e-09	AbsError: 8.35392e+09
      Equation: "HoleContinuityEquation"	RelError: 4.25447e-08	AbsError: 5.19978e+05
      Equation: "PotentialEquation"	RelError: 7.65313e-07	AbsError: 8.33789e-11
    Region: "oxide"	RelError: 1.20101e-10	AbsError: 7.35871e-11
      Equation: "PotentialEquation"	RelError: 1.20101e-10	AbsError: 7.35871e-11
number of equations 6873
Iteration: 0
  Device: "part1_baseline"	RelError: 5.15996e-01	AbsError: 6.84031e+17
    Region: "bulk"	RelError: 5.04389e-01	AbsError: 6.84031e+17
      Equation: "ElectronContinuityEquation"	RelError: 2.19440e-02	AbsError: 6.84030e+17
      Equation: "HoleContinuityEquation"	RelError: 2.37544e-02	AbsError: 4.95645e+11
      Equation: "PotentialEquation"	RelError: 4.58691e-01	AbsError: 5.91761e-04
    Region: "oxide"	RelError: 1.16068e-02	AbsError: 2.00000e-02
      Equation: "PotentialEquation"	RelError: 1.16068e-02	AbsError: 2.00000e-02
Iteration: 1
  Device: "part1_baseline"	RelError: 6.54929e-03	AbsError: 8.34568e+14
    Region: "bulk"	RelError: 6.53963e-03	AbsError: 8.34568e+14
      Equation: "ElectronContinuityEquation"	RelError: 6.75888e-05	AbsError: 8.34561e+14
      Equation: "HoleContinuityEquation"	RelError: 4.93257e-04	AbsError: 6.72030e+09
      Equation: "PotentialEquation"	RelError: 5.97879e-03	AbsError: 5.66973e-06
    Region: "oxide"	RelError: 9.65104e-06	AbsError: 5.66973e-06
      Equation: "PotentialEquation"	RelError: 9.65104e-06	AbsError: 5.66973e-06
Iteration: 2
  Device: "part1_baseline"	RelError: 4.32334e-07	AbsError: 7.83482e+09
    Region: "bulk"	RelError: 4.32221e-07	AbsError: 7.83482e+09
      Equation: "ElectronContinuityEquation"	RelError: 3.15396e-09	AbsError: 7.83433e+09
      Equation: "HoleContinuityEquation"	RelError: 3.93289e-08	AbsError: 4.86043e+05
      Equation: "PotentialEquation"	RelError: 3.89738e-07	AbsError: 7.77673e-11
    Region: "oxide"	RelError: 1.12881e-10	AbsError: 6.92239e-11
      Equation: "PotentialEquation"	RelError: 1.12881e-10	AbsError: 6.92239e-11
number of equations 6873
Iteration: 0
  Device: "part1_baseline"	RelError: 3.66432e-01	AbsError: 6.85575e+17
    Region: "bulk"	RelError: 3.54958e-01	AbsError: 6.85575e+17
      Equation: "ElectronContinuityEquation"	RelError: 2.15227e-02	AbsError: 6.85574e+17
      Equation: "HoleContinuityEquation"	RelError: 2.32963e-02	AbsError: 4.82354e+11
      Equation: "PotentialEquation"	RelError: 3.10139e-01	AbsError: 5.80873e-04
    Region: "oxide"	RelError: 1.14737e-02	AbsError: 2.00000e-02
      Equation: "PotentialEquation"	RelError: 1.14737e-02	AbsError: 2.00000e-02
Iteration: 1
  Device: "part1_baseline"	RelError: 4.50490e-03	AbsError: 8.06350e+14
    Region: "bulk"	RelError: 4.49561e-03	AbsError: 8.06350e+14
      Equation: "ElectronContinuityEquation"	RelError: 6.50101e-05	AbsError: 8.06344e+14
      Equation: "HoleContinuityEquation"	RelError: 4.75112e-04	AbsError: 6.41580e+09
      Equation: "PotentialEquation"	RelError: 3.95549e-03	AbsError: 5.46146e-06
    Region: "oxide"	RelError: 9.29314e-06	AbsError: 5.46146e-06
      Equation: "PotentialEquation"	RelError: 9.29314e-06	AbsError: 5.46146e-06
Iteration: 2
  Device: "part1_baseline"	RelError: 2.92114e-07	AbsError: 7.35614e+09
    Region: "bulk"	RelError: 2.92008e-07	AbsError: 7.35614e+09
      Equation: "ElectronContinuityEquation"	RelError: 2.91759e-09	AbsError: 7.35569e+09
      Equation: "HoleContinuityEquation"	RelError: 3.64038e-08	AbsError: 4.54782e+05
      Equation: "PotentialEquation"	RelError: 2.52686e-07	AbsError: 7.26114e-11
    Region: "oxide"	RelError: 1.06193e-10	AbsError: 6.51785e-11
      Equation: "PotentialEquation"	RelError: 1.06193e-10	AbsError: 6.51785e-11
number of equations 6873
Iteration: 0
  Device: "part1_baseline"	RelError: 2.88158e-01	AbsError: 6.87069e+17
    Region: "bulk"	RelError: 2.76814e-01	AbsError: 6.87069e+17
      Equation: "ElectronContinuityEquation"	RelError: 2.11165e-02	AbsError: 6.87069e+17
      Equation: "HoleContinuityEquation"	RelError: 2.28549e-02	AbsError: 4.69662e+11
      Equation: "PotentialEquation"	RelError: 2.32843e-01	AbsError: 5.70369e-04
    Region: "oxide"	RelError: 1.13435e-02	AbsError: 2.00000e-02
      Equation: "PotentialEquation"	RelError: 1.13435e-02	AbsError: 2.00000e-02
Iteration: 1
  Device: "part1_baseline"	RelError: 3.43885e-03	AbsError: 7.79495e+14
    Region: "bulk"	RelError: 3.42989e-03	AbsError: 7.79495e+14
      Equation: "ElectronContinuityEquation"	RelError: 6.25678e-05	AbsError: 7.79489e+14
      Equation: "HoleContinuityEquation"	RelError: 4.57924e-04	AbsError: 6.13001e+09
      Equation: "PotentialEquation"	RelError: 2.90940e-03	AbsError: 5.26414e-06
    Region: "oxide"	RelError: 8.95409e-06	AbsError: 5.26414e-06
      Equation: "PotentialEquation"	RelError: 8.95409e-06	AbsError: 5.26414e-06
Iteration: 2
  Device: "part1_baseline"	RelError: 2.18714e-07	AbsError: 6.91451e+09
    Region: "bulk"	RelError: 2.18614e-07	AbsError: 6.91451e+09
      Equation: "ElectronContinuityEquation"	RelError: 2.70252e-09	AbsError: 6.91408e+09
      Equation: "HoleContinuityEquation"	RelError: 3.37390e-08	AbsError: 4.25948e+05
      Equation: "PotentialEquation"	RelError: 1.82172e-07	AbsError: 6.78682e-11
    Region: "oxide"	RelError: 9.99911e-11	AbsError: 6.14236e-11
      Equation: "PotentialEquation"	RelError: 9.99911e-11	AbsError: 6.14236e-11
number of equations 6873
Iteration: 0
  Device: "part1_baseline"	RelError: 2.39869e-01	AbsError: 6.88516e+17
    Region: "bulk"	RelError: 2.28652e-01	AbsError: 6.88516e+17
      Equation: "ElectronContinuityEquation"	RelError: 2.07245e-02	AbsError: 6.88516e+17
      Equation: "HoleContinuityEquation"	RelError: 2.24293e-02	AbsError: 4.57532e+11
      Equation: "PotentialEquation"	RelError: 1.85499e-01	AbsError: 5.60231e-04
    Region: "oxide"	RelError: 1.12163e-02	AbsError: 2.00000e-02
      Equation: "PotentialEquation"	RelError: 1.12163e-02	AbsError: 2.00000e-02
Iteration: 1
  Device: "part1_baseline"	RelError: 2.78286e-03	AbsError: 7.53918e+14
    Region: "bulk"	RelError: 2.77423e-03	AbsError: 7.53918e+14
      Equation: "ElectronContinuityEquation"	RelError: 6.02527e-05	AbsError: 7.53912e+14
      Equation: "HoleContinuityEquation"	RelError: 4.41629e-04	AbsError: 5.86148e+09
      Equation: "PotentialEquation"	RelError: 2.27235e-03	AbsError: 5.07730e-06
    Region: "oxide"	RelError: 8.63263e-06	AbsError: 5.07730e-06
      Equation: "PotentialEquation"	RelError: 8.63263e-06	AbsError: 5.07730e-06
Iteration: 2
  Device: "part1_baseline"	RelError: 1.73392e-07	AbsError: 6.50647e+09
    Region: "bulk"	RelError: 1.73298e-07	AbsError: 6.50647e+09
      Equation: "ElectronContinuityEquation"	RelError: 2.50653e-09	AbsError: 6.50607e+09
      Equation: "HoleContinuityEquation"	RelError: 3.13077e-08	AbsError: 3.99324e+05
      Equation: "PotentialEquation"	RelError: 1.39484e-07	AbsError: 6.34992e-11
    Region: "oxide"	RelError: 9.42337e-11	AbsError: 5.79345e-11
      Equation: "PotentialEquation"	RelError: 9.42337e-11	AbsError: 5.79345e-11
number of equations 6873
Iteration: 0
  Device: "part1_baseline"	RelError: 2.07010e-01	AbsError: 6.89918e+17
    Region: "bulk"	RelError: 1.95918e-01	AbsError: 6.89918e+17
      Equation: "ElectronContinuityEquation"	RelError: 2.03461e-02	AbsError: 6.89918e+17
      Equation: "HoleContinuityEquation"	RelError: 2.20189e-02	AbsError: 4.45932e+11
      Equation: "PotentialEquation"	RelError: 1.53553e-01	AbsError: 5.50439e-04
    Region: "oxide"	RelError: 1.10919e-02	AbsError: 2.00000e-02
      Equation: "PotentialEquation"	RelError: 1.10919e-02	AbsError: 2.00000e-02
Iteration: 1
  Device: "part1_baseline"	RelError: 2.33754e-03	AbsError: 7.29541e+14
    Region: "bulk"	RelError: 2.32922e-03	AbsError: 7.29541e+14
      Equation: "ElectronContinuityEquation"	RelError: 5.80565e-05	AbsError: 7.29535e+14
      Equation: "HoleContinuityEquation"	RelError: 4.26167e-04	AbsError: 5.60891e+09
      Equation: "PotentialEquation"	RelError: 1.84499e-03	AbsError: 4.89992e-06
    Region: "oxide"	RelError: 8.32827e-06	AbsError: 4.89992e-06
      Equation: "PotentialEquation"	RelError: 8.32827e-06	AbsError: 4.89992e-06
Iteration: 2
  Device: "part1_baseline"	RelError: 1.42568e-07	AbsError: 6.12892e+09
    Region: "bulk"	RelError: 1.42479e-07	AbsError: 6.12892e+09
      Equation: "ElectronContinuityEquation"	RelError: 2.32767e-09	AbsError: 6.12855e+09
      Equation: "HoleContinuityEquation"	RelError: 2.91094e-08	AbsError: 3.74712e+05
      Equation: "PotentialEquation"	RelError: 1.11042e-07	AbsError: 5.94701e-11
    Region: "oxide"	RelError: 8.88831e-11	AbsError: 5.46891e-11
      Equation: "PotentialEquation"	RelError: 8.88831e-11	AbsError: 5.46891e-11
number of equations 6873
Iteration: 0
  Device: "part1_baseline"	RelError: 1.83139e-01	AbsError: 6.91276e+17
    Region: "bulk"	RelError: 1.72169e-01	AbsError: 6.91276e+17
      Equation: "ElectronContinuityEquation"	RelError: 1.99807e-02	AbsError: 6.91276e+17
      Equation: "HoleContinuityEquation"	RelError: 2.16227e-02	AbsError: 4.34828e+11
      Equation: "PotentialEquation"	RelError: 1.30565e-01	AbsError: 5.41028e-04
    Region: "oxide"	RelError: 1.09702e-02	AbsError: 2.00000e-02
      Equation: "PotentialEquation"	RelError: 1.09702e-02	AbsError: 2.00000e-02
Iteration: 1
  Device: "part1_baseline"	RelError: 2.01483e-03	AbsError: 7.06292e+14
    Region: "bulk"	RelError: 2.00679e-03	AbsError: 7.06292e+14
      Equation: "ElectronContinuityEquation"	RelError: 5.59717e-05	AbsError: 7.06287e+14
      Equation: "HoleContinuityEquation"	RelError: 4.11484e-04	AbsError: 5.37112e+09
      Equation: "PotentialEquation"	RelError: 1.53934e-03	AbsError: 4.73139e-06
    Region: "oxide"	RelError: 8.03960e-06	AbsError: 4.73139e-06
      Equation: "PotentialEquation"	RelError: 8.03960e-06	AbsError: 4.73139e-06
Iteration: 2
  Device: "part1_baseline"	RelError: 1.20235e-07	AbsError: 5.77913e+09
    Region: "bulk"	RelError: 1.20151e-07	AbsError: 5.77913e+09
      Equation: "ElectronContinuityEquation"	RelError: 2.16418e-09	AbsError: 5.77878e+09
      Equation: "HoleContinuityEquation"	RelError: 2.71331e-08	AbsError: 3.51934e+05
      Equation: "PotentialEquation"	RelError: 9.08539e-08	AbsError: 5.57500e-11
    Region: "oxide"	RelError: 8.39054e-11	AbsError: 5.16672e-11
      Equation: "PotentialEquation"	RelError: 8.39054e-11	AbsError: 5.16672e-11
number of equations 6873
Iteration: 0
  Device: "part1_baseline"	RelError: 1.64965e-01	AbsError: 6.92593e+17
    Region: "bulk"	RelError: 1.54114e-01	AbsError: 6.92593e+17
      Equation: "ElectronContinuityEquation"	RelError: 1.96275e-02	AbsError: 6.92593e+17
      Equation: "HoleContinuityEquation"	RelError: 2.12400e-02	AbsError: 4.24193e+11
      Equation: "PotentialEquation"	RelError: 1.13247e-01	AbsError: 5.31977e-04
    Region: "oxide"	RelError: 1.08512e-02	AbsError: 2.00000e-02
      Equation: "PotentialEquation"	RelError: 1.08512e-02	AbsError: 2.00000e-02
Iteration: 1
  Device: "part1_baseline"	RelError: 1.76981e-03	AbsError: 6.84106e+14
    Region: "bulk"	RelError: 1.76205e-03	AbsError: 6.84106e+14
      Equation: "ElectronContinuityEquation"	RelError: 5.39910e-05	AbsError: 6.84100e+14
      Equation: "HoleContinuityEquation"	RelError: 3.97529e-04	AbsError: 5.14704e+09
      Equation: "PotentialEquation"	RelError: 1.31053e-03	AbsError: 4.57115e-06
    Region: "oxide"	RelError: 7.76519e-06	AbsError: 4.57115e-06
      Equation: "PotentialEquation"	RelError: 7.76519e-06	AbsError: 4.57115e-06
Iteration: 2
  Device: "part1_baseline"	RelError: 1.03278e-07	AbsError: 5.45461e+09
    Region: "bulk"	RelError: 1.03198e-07	AbsError: 5.45461e+09
      Equation: "ElectronContinuityEquation"	RelError: 2.01453e-09	AbsError: 5.45428e+09
      Equation: "HoleContinuityEquation"	RelError: 2.53182e-08	AbsError: 3.30832e+05
      Equation: "PotentialEquation"	RelError: 7.58656e-08	AbsError: 5.23114e-11
    Region: "oxide"	RelError: 7.92700e-11	AbsError: 4.88507e-11
      Equation: "PotentialEquation"	RelError: 7.92700e-11	AbsError: 4.88507e-11
number of equations 6873
Iteration: 0
  Device: "part1_baseline"	RelError: 1.50633e-01	AbsError: 6.93871e+17
    Region: "bulk"	RelError: 1.39898e-01	AbsError: 6.93871e+17
      Equation: "ElectronContinuityEquation"	RelError: 1.92860e-02	AbsError: 6.93870e+17
      Equation: "HoleContinuityEquation"	RelError: 2.08703e-02	AbsError: 4.13999e+11
      Equation: "PotentialEquation"	RelError: 9.97415e-02	AbsError: 5.23220e-04
    Region: "oxide"	RelError: 1.07347e-02	AbsError: 2.00000e-02
      Equation: "PotentialEquation"	RelError: 1.07347e-02	AbsError: 2.00000e-02
Iteration: 1
  Device: "part1_baseline"	RelError: 1.57716e-03	AbsError: 6.62919e+14
    Region: "bulk"	RelError: 1.56965e-03	AbsError: 6.62919e+14
      Equation: "ElectronContinuityEquation"	RelError: 5.21079e-05	AbsError: 6.62914e+14
      Equation: "HoleContinuityEquation"	RelError: 3.84256e-04	AbsError: 4.93567e+09
      Equation: "PotentialEquation"	RelError: 1.13329e-03	AbsError: 4.41867e-06
    Region: "oxide"	RelError: 7.50414e-06	AbsError: 4.41867e-06
      Equation: "PotentialEquation"	RelError: 7.50414e-06	AbsError: 4.41867e-06
Iteration: 2
  Device: "part1_baseline"	RelError: 8.99598e-08	AbsError: 5.15317e+09
    Region: "bulk"	RelError: 8.98848e-08	AbsError: 5.15317e+09
      Equation: "ElectronContinuityEquation"	RelError: 1.87735e-09	AbsError: 5.15285e+09
      Equation: "HoleContinuityEquation"	RelError: 2.36496e-08	AbsError: 3.11262e+05
      Equation: "PotentialEquation"	RelError: 6.43579e-08	AbsError: 4.91440e-11
    Region: "oxide"	RelError: 7.49490e-11	AbsError: 4.62230e-11
      Equation: "PotentialEquation"	RelError: 7.49490e-11	AbsError: 4.62230e-11
number of equations 6873
Iteration: 0
  Device: "part1_baseline"	RelError: 1.39013e-01	AbsError: 6.95110e+17
    Region: "bulk"	RelError: 1.28393e-01	AbsError: 6.95110e+17
      Equation: "ElectronContinuityEquation"	RelError: 1.89557e-02	AbsError: 6.95110e+17
      Equation: "HoleContinuityEquation"	RelError: 2.05128e-02	AbsError: 4.04221e+11
      Equation: "PotentialEquation"	RelError: 8.89242e-02	AbsError: 5.14743e-04
    Region: "oxide"	RelError: 1.06207e-02	AbsError: 2.00000e-02
      Equation: "PotentialEquation"	RelError: 1.06207e-02	AbsError: 2.00000e-02
Iteration: 1
  Device: "part1_baseline"	RelError: 1.42151e-03	AbsError: 6.42674e+14
    Region: "bulk"	RelError: 1.41425e-03	AbsError: 6.42674e+14
      Equation: "ElectronContinuityEquation"	RelError: 5.03164e-05	AbsError: 6.42669e+14
      Equation: "HoleContinuityEquation"	RelError: 3.71622e-04	AbsError: 4.73610e+09
      Equation: "PotentialEquation"	RelError: 9.92316e-04	AbsError: 4.27359e-06
    Region: "oxide"	RelError: 7.25562e-06	AbsError: 4.27359e-06
      Equation: "PotentialEquation"	RelError: 7.25562e-06	AbsError: 4.27359e-06
Iteration: 2
  Device: "part1_baseline"	RelError: 7.92254e-08	AbsError: 4.87281e+09
    Region: "bulk"	RelError: 7.91545e-08	AbsError: 4.87281e+09
      Equation: "ElectronContinuityEquation"	RelError: 1.75145e-09	AbsError: 4.87252e+09
      Equation: "HoleContinuityEquation"	RelError: 2.21134e-08	AbsError: 2.93095e+05
      Equation: "PotentialEquation"	RelError: 5.52897e-08	AbsError: 4.62142e-11
    Region: "oxide"	RelError: 7.09174e-11	AbsError: 4.37692e-11
      Equation: "PotentialEquation"	RelError: 7.09174e-11	AbsError: 4.37692e-11
number of equations 6873
Iteration: 0
  Device: "part1_baseline"	RelError: 1.29384e-01	AbsError: 6.96315e+17
    Region: "bulk"	RelError: 1.18875e-01	AbsError: 6.96315e+17
      Equation: "ElectronContinuityEquation"	RelError: 1.86359e-02	AbsError: 6.96314e+17
      Equation: "HoleContinuityEquation"	RelError: 2.01671e-02	AbsError: 3.94837e+11
      Equation: "PotentialEquation"	RelError: 8.00716e-02	AbsError: 5.06533e-04
    Region: "oxide"	RelError: 1.05091e-02	AbsError: 2.00000e-02
      Equation: "PotentialEquation"	RelError: 1.05091e-02	AbsError: 2.00000e-02
Iteration: 1
  Device: "part1_baseline"	RelError: 1.29300e-03	AbsError: 6.23317e+14
    Region: "bulk"	RelError: 1.28598e-03	AbsError: 6.23317e+14
      Equation: "ElectronContinuityEquation"	RelError: 4.86108e-05	AbsError: 6.23313e+14
      Equation: "HoleContinuityEquation"	RelError: 3.59587e-04	AbsError: 4.54753e+09
      Equation: "PotentialEquation"	RelError: 8.77784e-04	AbsError: 4.13553e-06
    Region: "oxide"	RelError: 7.01887e-06	AbsError: 4.13553e-06
      Equation: "PotentialEquation"	RelError: 7.01887e-06	AbsError: 4.13553e-06
Iteration: 2
  Device: "part1_baseline"	RelError: 7.03943e-08	AbsError: 4.61176e+09
    Region: "bulk"	RelError: 7.03271e-08	AbsError: 4.61176e+09
      Equation: "ElectronContinuityEquation"	RelError: 1.63574e-09	AbsError: 4.61148e+09
      Equation: "HoleContinuityEquation"	RelError: 2.06976e-08	AbsError: 2.76212e+05
      Equation: "PotentialEquation"	RelError: 4.79938e-08	AbsError: 4.34958e-11
    Region: "oxide"	RelError: 6.71522e-11	AbsError: 4.14757e-11
      Equation: "PotentialEquation"	RelError: 6.71522e-11	AbsError: 4.14757e-11
number of equations 6873
Iteration: 0
  Device: "part1_baseline"	RelError: 1.21257e-01	AbsError: 6.97555e+17
    Region: "bulk"	RelError: 1.10857e-01	AbsError: 6.97555e+17
      Equation: "ElectronContinuityEquation"	RelError: 1.83263e-02	AbsError: 6.97555e+17
      Equation: "HoleContinuityEquation"	RelError: 1.98325e-02	AbsError: 3.85825e+11
      Equation: "PotentialEquation"	RelError: 7.26985e-02	AbsError: 4.98577e-04
    Region: "oxide"	RelError: 1.03998e-02	AbsError: 2.00000e-02
      Equation: "PotentialEquation"	RelError: 1.03998e-02	AbsError: 2.00000e-02
Iteration: 1
  Device: "part1_baseline"	RelError: 1.18500e-03	AbsError: 6.04799e+14
    Region: "bulk"	RelError: 1.17821e-03	AbsError: 6.04799e+14
      Equation: "ElectronContinuityEquation"	RelError: 4.69860e-05	AbsError: 6.04794e+14
      Equation: "HoleContinuityEquation"	RelError: 3.48115e-04	AbsError: 4.36918e+09
      Equation: "PotentialEquation"	RelError: 7.83109e-04	AbsError: 4.00387e-06
    Region: "oxide"	RelError: 6.79316e-06	AbsError: 4.00387e-06
      Equation: "PotentialEquation"	RelError: 6.79316e-06	AbsError: 4.00387e-06
Iteration: 2
  Device: "part1_baseline"	RelError: 6.30076e-08	AbsError: 4.36841e+09
    Region: "bulk"	RelError: 6.29439e-08	AbsError: 4.36841e+09
      Equation: "ElectronContinuityEquation"	RelError: 1.52925e-09	AbsError: 4.36815e+09
      Equation: "HoleContinuityEquation"	RelError: 1.93910e-08	AbsError: 2.60509e+05
      Equation: "PotentialEquation"	RelError: 4.20237e-08	AbsError: 4.09710e-11
    Region: "oxide"	RelError: 6.36326e-11	AbsError: 3.93302e-11
      Equation: "PotentialEquation"	RelError: 6.36326e-11	AbsError: 3.93302e-11
number of equations 6873
Iteration: 0
  Device: "part1_baseline"	RelError: 1.14295e-01	AbsError: 6.98759e+17
    Region: "bulk"	RelError: 1.04002e-01	AbsError: 6.98759e+17
      Equation: "ElectronContinuityEquation"	RelError: 1.80264e-02	AbsError: 6.98758e+17
      Equation: "HoleContinuityEquation"	RelError: 1.95085e-02	AbsError: 3.77164e+11
      Equation: "PotentialEquation"	RelError: 6.64670e-02	AbsError: 4.90865e-04
    Region: "oxide"	RelError: 1.02927e-02	AbsError: 2.00000e-02
      Equation: "PotentialEquation"	RelError: 1.02927e-02	AbsError: 2.00000e-02
Iteration: 1
  Device: "part1_baseline"	RelError: 1.09290e-03	AbsError: 5.87072e+14
    Region: "bulk"	RelError: 1.08632e-03	AbsError: 5.87072e+14
      Equation: "ElectronContinuityEquation"	RelError: 4.54371e-05	AbsError: 5.87068e+14
      Equation: "HoleContinuityEquation"	RelError: 3.37172e-04	AbsError: 4.20037e+09
      Equation: "PotentialEquation"	RelError: 7.03710e-04	AbsError: 3.87823e-06
    Region: "oxide"	RelError: 6.57783e-06	AbsError: 3.87823e-06
      Equation: "PotentialEquation"	RelError: 6.57783e-06	AbsError: 3.87823e-06
Iteration: 2
  Device: "part1_baseline"	RelError: 5.67444e-08	AbsError: 4.14131e+09
    Region: "bulk"	RelError: 5.66840e-08	AbsError: 4.14131e+09
      Equation: "ElectronContinuityEquation"	RelError: 1.43114e-09	AbsError: 4.14106e+09
      Equation: "HoleContinuityEquation"	RelError: 1.81840e-08	AbsError: 2.45888e+05
      Equation: "PotentialEquation"	RelError: 3.70688e-08	AbsError: 3.86238e-11
    Region: "oxide"	RelError: 6.03397e-11	AbsError: 3.73213e-11
      Equation: "PotentialEquation"	RelError: 6.03397e-11	AbsError: 3.73213e-11
number of equations 6873
Iteration: 0
  Device: "part1_baseline"	RelError: 1.08253e-01	AbsError: 6.99927e+17
    Region: "bulk"	RelError: 9.80649e-02	AbsError: 6.99927e+17
      Equation: "ElectronContinuityEquation"	RelError: 1.77357e-02	AbsError: 6.99927e+17
      Equation: "HoleContinuityEquation"	RelError: 1.91946e-02	AbsError: 3.68836e+11
      Equation: "PotentialEquation"	RelError: 6.11346e-02	AbsError: 4.83385e-04
    Region: "oxide"	RelError: 1.01879e-02	AbsError: 2.00000e-02
      Equation: "PotentialEquation"	RelError: 1.01879e-02	AbsError: 2.00000e-02
Iteration: 1
  Device: "part1_baseline"	RelError: 1.01336e-03	AbsError: 5.70094e+14
    Region: "bulk"	RelError: 1.00699e-03	AbsError: 5.70094e+14
      Equation: "ElectronContinuityEquation"	RelError: 4.39596e-05	AbsError: 5.70090e+14
      Equation: "HoleContinuityEquation"	RelError: 3.26726e-04	AbsError: 4.04045e+09
      Equation: "PotentialEquation"	RelError: 6.36306e-04	AbsError: 3.75824e-06
    Region: "oxide"	RelError: 6.37274e-06	AbsError: 3.75824e-06
      Equation: "PotentialEquation"	RelError: 6.37274e-06	AbsError: 3.75824e-06
Iteration: 2
  Device: "part1_baseline"	RelError: 5.13730e-08	AbsError: 3.92914e+09
    Region: "bulk"	RelError: 5.13157e-08	AbsError: 3.92914e+09
      Equation: "ElectronContinuityEquation"	RelError: 1.34063e-09	AbsError: 3.92890e+09
      Equation: "HoleContinuityEquation"	RelError: 1.70678e-08	AbsError: 2.32263e+05
      Equation: "PotentialEquation"	RelError: 3.29073e-08	AbsError: 3.64396e-11
    Region: "oxide"	RelError: 5.72563e-11	AbsError: 3.54387e-11
      Equation: "PotentialEquation"	RelError: 5.72563e-11	AbsError: 3.54387e-11
Adding 660 nodes
Adding 1560 edges with 0 duplicates removed
Adding 900 triangles  with 0 duplicate removed
Adding 2268 nodes
Adding 6607 edges with 0 duplicates removed
Adding 4340 triangles  with 0 duplicate removed
Adding 115 nodes
Adding 290 edges with 0 duplicates removed
Adding 176 triangles  with 0 duplicate removed
Adding 69 nodes
Adding 156 edges with 0 duplicates removed
Adding 88 triangles  with 0 duplicate removed
Contact body in region bulk with 63 nodes
Contact drain in region bulk with 21 nodes
Contact gate in region oxide with 23 nodes
Contact source in region bulk with 21 nodes
Adding interface bulk_oxide with 21, 21 nodes
Replacing Node Model DrainDoping in region bulk of material Silicon
Replacing Node Model NetDoping in region bulk of material Silicon
Replacing Node Model SourceDoping in region bulk of material Silicon
Replacing Node Model gatenodemodel in region oxide of material Oxide
number of equations 2337
Iteration: 0
  Device: "part1_baseline"	RelError: 2.00000e+00	AbsError: 2.02794e-01
    Region: "bulk"	RelError: 1.00000e+00	AbsError: 2.02794e-01
      Equation: "PotentialEquation"	RelError: 1.00000e+00	AbsError: 2.02794e-01
    Region: "oxide"	RelError: 1.00000e+00	AbsError: 1.30071e-01
      Equation: "PotentialEquation"	RelError: 1.00000e+00	AbsError: 1.30071e-01
Iteration: 1
  Device: "part1_baseline"	RelError: 1.11668e+01	AbsError: 1.90614e-01
    Region: "bulk"	RelError: 4.91227e-01	AbsError: 1.90614e-01
      Equation: "PotentialEquation"	RelError: 4.91227e-01	AbsError: 1.90614e-01
    Region: "oxide"	RelError: 1.06755e+01	AbsError: 1.19417e-01
      Equation: "PotentialEquation"	RelError: 1.06755e+01	AbsError: 1.19417e-01
Iteration: 2
  Device: "part1_baseline"	RelError: 2.69291e+00	AbsError: 1.16528e-01
    Region: "bulk"	RelError: 6.87068e-01	AbsError: 1.16528e-01
      Equation: "PotentialEquation"	RelError: 6.87068e-01	AbsError: 1.16528e-01
    Region: "oxide"	RelError: 2.00585e+00	AbsError: 5.51100e-02
      Equation: "PotentialEquation"	RelError: 2.00585e+00	AbsError: 5.51100e-02
Iteration: 3
  Device: "part1_baseline"	RelError: 5.94892e+00	AbsError: 7.09674e-02
    Region: "bulk"	RelError: 2.23599e+00	AbsError: 7.09674e-02
      Equation: "PotentialEquation"	RelError: 2.23599e+00	AbsError: 7.09674e-02
    Region: "oxide"	RelError: 3.71293e+00	AbsError: 5.08462e-02
      Equation: "PotentialEquation"	RelError: 3.71293e+00	AbsError: 5.08462e-02
Iteration: 4
  Device: "part1_baseline"	RelError: 6.90493e+01	AbsError: 6.98887e-02
    Region: "bulk"	RelError: 3.45246e+01	AbsError: 6.98887e-02
      Equation: "PotentialEquation"	RelError: 3.45246e+01	AbsError: 6.98887e-02
    Region: "oxide"	RelError: 3.45246e+01	AbsError: 4.51418e-02
      Equation: "PotentialEquation"	RelError: 3.45246e+01	AbsError: 4.51418e-02
Iteration: 5
  Device: "part1_baseline"	RelError: 1.18323e+02	AbsError: 7.53820e-02
    Region: "bulk"	RelError: 9.99126e+01	AbsError: 7.53820e-02
      Equation: "PotentialEquation"	RelError: 9.99126e+01	AbsError: 7.53820e-02
    Region: "oxide"	RelError: 1.84100e+01	AbsError: 3.87873e-02
      Equation: "PotentialEquation"	RelError: 1.84100e+01	AbsError: 3.87873e-02
Iteration: 6
  Device: "part1_baseline"	RelError: 8.73228e+02	AbsError: 7.71251e-02
    Region: "bulk"	RelError: 8.36275e+02	AbsError: 7.71251e-02
      Equation: "PotentialEquation"	RelError: 8.36275e+02	AbsError: 7.71251e-02
    Region: "oxide"	RelError: 3.69534e+01	AbsError: 3.11364e-02
      Equation: "PotentialEquation"	RelError: 3.69534e+01	AbsError: 3.11364e-02
Iteration: 7
  Device: "part1_baseline"	RelError: 8.10742e+01	AbsError: 7.47320e-02
    Region: "bulk"	RelError: 7.98334e+01	AbsError: 7.47320e-02
      Equation: "PotentialEquation"	RelError: 7.98334e+01	AbsError: 7.47320e-02
    Region: "oxide"	RelError: 1.24076e+00	AbsError: 2.50913e-02
      Equation: "PotentialEquation"	RelError: 1.24076e+00	AbsError: 2.50913e-02
Iteration: 8
  Device: "part1_baseline"	RelError: 2.45053e+02	AbsError: 6.78574e-02
    Region: "bulk"	RelError: 2.43451e+02	AbsError: 6.78574e-02
      Equation: "PotentialEquation"	RelError: 2.43451e+02	AbsError: 6.78574e-02
    Region: "oxide"	RelError: 1.60239e+00	AbsError: 1.21410e-02
      Equation: "PotentialEquation"	RelError: 1.60239e+00	AbsError: 1.21410e-02
Iteration: 9
  Device: "part1_baseline"	RelError: 1.25783e+02	AbsError: 6.04179e-02
    Region: "bulk"	RelError: 1.25623e+02	AbsError: 6.04179e-02
      Equation: "PotentialEquation"	RelError: 1.25623e+02	AbsError: 6.04179e-02
    Region: "oxide"	RelError: 1.59863e-01	AbsError: 4.34747e-03
      Equation: "PotentialEquation"	RelError: 1.59863e-01	AbsError: 4.34747e-03
Iteration: 10
  Device: "part1_baseline"	RelError: 2.03504e+02	AbsError: 5.03858e-02
    Region: "bulk"	RelError: 2.03365e+02	AbsError: 5.03858e-02
      Equation: "PotentialEquation"	RelError: 2.03365e+02	AbsError: 5.03858e-02
    Region: "oxide"	RelError: 1.38467e-01	AbsError: 3.53460e-03
      Equation: "PotentialEquation"	RelError: 1.38467e-01	AbsError: 3.53460e-03
Iteration: 11
  Device: "part1_baseline"	RelError: 3.29738e+00	AbsError: 3.72166e-02
    Region: "bulk"	RelError: 3.25633e+00	AbsError: 3.72166e-02
      Equation: "PotentialEquation"	RelError: 3.25633e+00	AbsError: 3.72166e-02
    Region: "oxide"	RelError: 4.10539e-02	AbsError: 9.00606e-04
      Equation: "PotentialEquation"	RelError: 4.10539e-02	AbsError: 9.00606e-04
Iteration: 12
  Device: "part1_baseline"	RelError: 2.80049e+00	AbsError: 2.54374e-02
    Region: "bulk"	RelError: 2.79431e+00	AbsError: 2.54374e-02
      Equation: "PotentialEquation"	RelError: 2.79431e+00	AbsError: 2.54374e-02
    Region: "oxide"	RelError: 6.18392e-03	AbsError: 9.49140e-05
      Equation: "PotentialEquation"	RelError: 6.18392e-03	AbsError: 9.49140e-05
Iteration: 13
  Device: "part1_baseline"	RelError: 8.71581e-01	AbsError: 1.05566e-02
    Region: "bulk"	RelError: 8.71095e-01	AbsError: 1.05566e-02
      Equation: "PotentialEquation"	RelError: 8.71095e-01	AbsError: 1.05566e-02
    Region: "oxide"	RelError: 4.86117e-04	AbsError: 6.01169e-06
      Equation: "PotentialEquation"	RelError: 4.86117e-04	AbsError: 6.01169e-06
Iteration: 14
  Device: "part1_baseline"	RelError: 2.71608e-02	AbsError: 2.41045e-04
    Region: "bulk"	RelError: 2.71526e-02	AbsError: 2.41045e-04
      Equation: "PotentialEquation"	RelError: 2.71526e-02	AbsError: 2.41045e-04
    Region: "oxide"	RelError: 8.17313e-06	AbsError: 9.42006e-08
      Equation: "PotentialEquation"	RelError: 8.17313e-06	AbsError: 9.42006e-08
Iteration: 15
  Device: "part1_baseline"	RelError: 1.82652e-05	AbsError: 2.54010e-07
    Region: "bulk"	RelError: 1.82601e-05	AbsError: 2.54010e-07
      Equation: "PotentialEquation"	RelError: 1.82601e-05	AbsError: 2.54010e-07
    Region: "oxide"	RelError: 5.13438e-09	AbsError: 5.86406e-11
      Equation: "PotentialEquation"	RelError: 5.13438e-09	AbsError: 5.86406e-11
Iteration: 16
  Device: "part1_baseline"	RelError: 1.56119e-11	AbsError: 3.23099e-13
    Region: "bulk"	RelError: 1.56076e-11	AbsError: 3.23099e-13
      Equation: "PotentialEquation"	RelError: 1.56076e-11	AbsError: 3.23099e-13
    Region: "oxide"	RelError: 4.24820e-15	AbsError: 4.83642e-17
      Equation: "PotentialEquation"	RelError: 4.24820e-15	AbsError: 4.83642e-17
Iteration: 17
  Device: "part1_baseline"	RelError: 1.98600e-23	AbsError: 5.80911e-25
    Region: "bulk"	RelError: 1.98547e-23	AbsError: 5.80911e-25
      Equation: "PotentialEquation"	RelError: 1.98547e-23	AbsError: 5.80911e-25
    Region: "oxide"	RelError: 5.28871e-27	AbsError: 6.02958e-29
      Equation: "PotentialEquation"	RelError: 5.28871e-27	AbsError: 6.02958e-29
Warning: Replacing equation with equation of the same name.
Region: bulk, Equation: PotentialEquation, Variable: Potential
number of equations 6873
Iteration: 0
  Device: "part1_baseline"	RelError: 9.55015e-31	AbsError: 1.95537e-14
    Region: "bulk"	RelError: 9.53472e-31	AbsError: 1.95537e-14
      Equation: "ElectronContinuityEquation"	RelError: 7.44122e-31	AbsError: 1.95399e-14
      Equation: "HoleContinuityEquation"	RelError: 1.82558e-31	AbsError: 1.37722e-17
      Equation: "PotentialEquation"	RelError: 2.67914e-32	AbsError: 9.36385e-35
    Region: "oxide"	RelError: 1.54284e-33	AbsError: 1.66832e-35
      Equation: "PotentialEquation"	RelError: 1.54284e-33	AbsError: 1.66832e-35
number of equations 6873
Iteration: 0
  Device: "part1_baseline"	RelError: 2.04437e+03	AbsError: 6.16473e+16
    Region: "bulk"	RelError: 2.04347e+03	AbsError: 6.16473e+16
      Equation: "ElectronContinuityEquation"	RelError: 9.99000e+02	AbsError: 6.01011e+16
      Equation: "HoleContinuityEquation"	RelError: 9.99000e+02	AbsError: 1.54626e+15
      Equation: "PotentialEquation"	RelError: 4.54730e+01	AbsError: 4.09542e-02
    Region: "oxide"	RelError: 9.00532e-01	AbsError: 1.89187e-02
      Equation: "PotentialEquation"	RelError: 9.00532e-01	AbsError: 1.89187e-02
Iteration: 1
  Device: "part1_baseline"	RelError: 1.30226e+01	AbsError: 2.36579e+15
    Region: "bulk"	RelError: 1.29453e+01	AbsError: 2.36579e+15
      Equation: "ElectronContinuityEquation"	RelError: 9.98547e-01	AbsError: 2.08854e+15
      Equation: "HoleContinuityEquation"	RelError: 9.98644e-01	AbsError: 2.77250e+14
      Equation: "PotentialEquation"	RelError: 1.09481e+01	AbsError: 3.07636e-02
    Region: "oxide"	RelError: 7.72744e-02	AbsError: 8.69589e-03
      Equation: "PotentialEquation"	RelError: 7.72744e-02	AbsError: 8.69589e-03
Iteration: 2
  Device: "part1_baseline"	RelError: 1.00196e+03	AbsError: 6.40103e+14
    Region: "bulk"	RelError: 1.00196e+03	AbsError: 6.40103e+14
      Equation: "ElectronContinuityEquation"	RelError: 2.46857e+00	AbsError: 6.01391e+14
      Equation: "HoleContinuityEquation"	RelError: 9.99000e+02	AbsError: 3.87129e+13
      Equation: "PotentialEquation"	RelError: 4.91158e-01	AbsError: 2.58187e-02
    Region: "oxide"	RelError: 2.30688e-03	AbsError: 4.87543e-05
      Equation: "PotentialEquation"	RelError: 2.30688e-03	AbsError: 4.87543e-05
Iteration: 3
  Device: "part1_baseline"	RelError: 1.29872e+00	AbsError: 7.79257e+14
    Region: "bulk"	RelError: 1.29782e+00	AbsError: 7.79257e+14
      Equation: "ElectronContinuityEquation"	RelError: 2.80442e-01	AbsError: 7.78566e+14
      Equation: "HoleContinuityEquation"	RelError: 9.97463e-01	AbsError: 6.90710e+11
      Equation: "PotentialEquation"	RelError: 1.99160e-02	AbsError: 9.16537e-03
    Region: "oxide"	RelError: 9.00185e-04	AbsError: 2.20080e-05
      Equation: "PotentialEquation"	RelError: 9.00185e-04	AbsError: 2.20080e-05
Iteration: 4
  Device: "part1_baseline"	RelError: 3.44989e-01	AbsError: 8.82070e+14
    Region: "bulk"	RelError: 3.44064e-01	AbsError: 8.82070e+14
      Equation: "ElectronContinuityEquation"	RelError: 2.80395e-02	AbsError: 8.80807e+14
      Equation: "HoleContinuityEquation"	RelError: 2.85441e-01	AbsError: 1.26335e+12
      Equation: "PotentialEquation"	RelError: 3.05831e-02	AbsError: 1.42024e-04
    Region: "oxide"	RelError: 9.25018e-04	AbsError: 1.62050e-05
      Equation: "PotentialEquation"	RelError: 9.25018e-04	AbsError: 1.62050e-05
Iteration: 5
  Device: "part1_baseline"	RelError: 4.31446e-04	AbsError: 4.41546e+11
    Region: "bulk"	RelError: 4.31194e-04	AbsError: 4.41546e+11
      Equation: "ElectronContinuityEquation"	RelError: 5.94967e-05	AbsError: 4.41183e+11
      Equation: "HoleContinuityEquation"	RelError: 3.61404e-04	AbsError: 3.63026e+08
      Equation: "PotentialEquation"	RelError: 1.02939e-05	AbsError: 5.69975e-08
    Region: "oxide"	RelError: 2.52109e-07	AbsError: 4.27077e-09
      Equation: "PotentialEquation"	RelError: 2.52109e-07	AbsError: 4.27077e-09
Iteration: 6
  Device: "part1_baseline"	RelError: 8.78352e-11	AbsError: 1.05214e+05
    Region: "bulk"	RelError: 8.77990e-11	AbsError: 1.05214e+05
      Equation: "ElectronContinuityEquation"	RelError: 2.02729e-11	AbsError: 1.05161e+05
      Equation: "HoleContinuityEquation"	RelError: 6.58461e-11	AbsError: 5.26760e+01
      Equation: "PotentialEquation"	RelError: 1.67997e-12	AbsError: 1.26682e-14
    Region: "oxide"	RelError: 3.62382e-14	AbsError: 6.13870e-16
      Equation: "PotentialEquation"	RelError: 3.62382e-14	AbsError: 6.13870e-16
number of equations 6873
Iteration: 0
  Device: "part1_baseline"	RelError: 3.99245e+03	AbsError: 6.52921e+16
    Region: "bulk"	RelError: 3.98621e+03	AbsError: 6.52921e+16
      Equation: "ElectronContinuityEquation"	RelError: 2.95723e+03	AbsError: 6.38655e+16
      Equation: "HoleContinuityEquation"	RelError: 9.99000e+02	AbsError: 1.42661e+15
      Equation: "PotentialEquation"	RelError: 2.99745e+01	AbsError: 4.09542e-02
    Region: "oxide"	RelError: 6.24098e+00	AbsError: 1.86261e-02
      Equation: "PotentialEquation"	RelError: 6.24098e+00	AbsError: 1.86261e-02
Iteration: 1
  Device: "part1_baseline"	RelError: 1.20760e+02	AbsError: 1.48026e+15
    Region: "bulk"	RelError: 1.20699e+02	AbsError: 1.48026e+15
      Equation: "ElectronContinuityEquation"	RelError: 9.99477e-01	AbsError: 1.25895e+15
      Equation: "HoleContinuityEquation"	RelError: 9.98573e-01	AbsError: 2.21310e+14
      Equation: "PotentialEquation"	RelError: 1.18701e+02	AbsError: 3.07634e-02
    Region: "oxide"	RelError: 6.10942e-02	AbsError: 8.52877e-03
      Equation: "PotentialEquation"	RelError: 6.10942e-02	AbsError: 8.52877e-03
Iteration: 2
  Device: "part1_baseline"	RelError: 1.00068e+03	AbsError: 4.11652e+14
    Region: "bulk"	RelError: 1.00067e+03	AbsError: 4.11652e+14
      Equation: "ElectronContinuityEquation"	RelError: 1.33156e+00	AbsError: 3.83341e+14
      Equation: "HoleContinuityEquation"	RelError: 9.99000e+02	AbsError: 2.83118e+13
      Equation: "PotentialEquation"	RelError: 3.42630e-01	AbsError: 2.57684e-02
    Region: "oxide"	RelError: 9.01883e-03	AbsError: 2.45353e-05
      Equation: "PotentialEquation"	RelError: 9.01883e-03	AbsError: 2.45353e-05
Iteration: 3
  Device: "part1_baseline"	RelError: 1.35043e+00	AbsError: 6.53691e+14
    Region: "bulk"	RelError: 1.34704e+00	AbsError: 6.53691e+14
      Equation: "ElectronContinuityEquation"	RelError: 3.22670e-01	AbsError: 6.53132e+14
      Equation: "HoleContinuityEquation"	RelError: 9.97367e-01	AbsError: 5.59579e+11
      Equation: "PotentialEquation"	RelError: 2.69995e-02	AbsError: 9.16539e-03
    Region: "oxide"	RelError: 3.39215e-03	AbsError: 1.09147e-05
      Equation: "PotentialEquation"	RelError: 3.39215e-03	AbsError: 1.09147e-05
Iteration: 4
  Device: "part1_baseline"	RelError: 4.56935e-01	AbsError: 7.69062e+14
    Region: "bulk"	RelError: 4.53509e-01	AbsError: 7.69062e+14
      Equation: "ElectronContinuityEquation"	RelError: 2.89380e-02	AbsError: 7.68168e+14
      Equation: "HoleContinuityEquation"	RelError: 2.55346e-01	AbsError: 8.93972e+11
      Equation: "PotentialEquation"	RelError: 1.69225e-01	AbsError: 1.10301e-04
    Region: "oxide"	RelError: 3.42540e-03	AbsError: 8.41099e-06
      Equation: "PotentialEquation"	RelError: 3.42540e-03	AbsError: 8.41099e-06
Iteration: 5
  Device: "part1_baseline"	RelError: 2.23668e-04	AbsError: 3.55704e+11
    Region: "bulk"	RelError: 2.22952e-04	AbsError: 3.55704e+11
      Equation: "ElectronContinuityEquation"	RelError: 2.91017e-05	AbsError: 3.55482e+11
      Equation: "HoleContinuityEquation"	RelError: 1.46263e-04	AbsError: 2.21852e+08
      Equation: "PotentialEquation"	RelError: 4.75875e-05	AbsError: 4.42713e-08
    Region: "oxide"	RelError: 7.15730e-07	AbsError: 1.75812e-09
      Equation: "PotentialEquation"	RelError: 7.15730e-07	AbsError: 1.75812e-09
Iteration: 6
  Device: "part1_baseline"	RelError: 3.71026e-11	AbsError: 7.12068e+04
    Region: "bulk"	RelError: 3.70419e-11	AbsError: 7.12068e+04
      Equation: "ElectronContinuityEquation"	RelError: 3.52618e-12	AbsError: 7.11797e+04
      Equation: "HoleContinuityEquation"	RelError: 2.77615e-11	AbsError: 2.71214e+01
      Equation: "PotentialEquation"	RelError: 5.75418e-12	AbsError: 8.40530e-15
    Region: "oxide"	RelError: 6.07026e-14	AbsError: 1.49098e-16
      Equation: "PotentialEquation"	RelError: 6.07026e-14	AbsError: 1.49098e-16
number of equations 6873
Iteration: 0
  Device: "part1_baseline"	RelError: 2.02700e+03	AbsError: 6.76557e+16
    Region: "bulk"	RelError: 2.02195e+03	AbsError: 6.76557e+16
      Equation: "ElectronContinuityEquation"	RelError: 9.99000e+02	AbsError: 6.63819e+16
      Equation: "HoleContinuityEquation"	RelError: 9.99000e+02	AbsError: 1.27381e+15
      Equation: "PotentialEquation"	RelError: 2.39463e+01	AbsError: 4.09542e-02
    Region: "oxide"	RelError: 5.05018e+00	AbsError: 1.84942e-02
      Equation: "PotentialEquation"	RelError: 5.05018e+00	AbsError: 1.84942e-02
Iteration: 1
  Device: "part1_baseline"	RelError: 1.08210e+03	AbsError: 1.28738e+15
    Region: "bulk"	RelError: 1.08205e+03	AbsError: 1.28738e+15
      Equation: "ElectronContinuityEquation"	RelError: 9.99000e+02	AbsError: 1.10974e+15
      Equation: "HoleContinuityEquation"	RelError: 9.98554e-01	AbsError: 1.77634e+14
      Equation: "PotentialEquation"	RelError: 8.20533e+01	AbsError: 3.07633e-02
    Region: "oxide"	RelError: 5.07856e-02	AbsError: 8.45617e-03
      Equation: "PotentialEquation"	RelError: 5.07856e-02	AbsError: 8.45617e-03
Iteration: 2
  Device: "part1_baseline"	RelError: 1.00055e+03	AbsError: 2.49150e+14
    Region: "bulk"	RelError: 1.00054e+03	AbsError: 2.49150e+14
      Equation: "ElectronContinuityEquation"	RelError: 1.06049e+00	AbsError: 2.25224e+14
      Equation: "HoleContinuityEquation"	RelError: 9.99000e+02	AbsError: 2.39256e+13
      Equation: "PotentialEquation"	RelError: 4.80273e-01	AbsError: 2.58975e-02
    Region: "oxide"	RelError: 4.96327e-03	AbsError: 1.22398e-05
      Equation: "PotentialEquation"	RelError: 4.96327e-03	AbsError: 1.22398e-05
Iteration: 3
  Device: "part1_baseline"	RelError: 1.40503e+00	AbsError: 5.38031e+14
    Region: "bulk"	RelError: 1.40377e+00	AbsError: 5.38031e+14
      Equation: "ElectronContinuityEquation"	RelError: 3.32650e-01	AbsError: 5.37529e+14
      Equation: "HoleContinuityEquation"	RelError: 9.96716e-01	AbsError: 5.02756e+11
      Equation: "PotentialEquation"	RelError: 7.44023e-02	AbsError: 9.16540e-03
    Region: "oxide"	RelError: 1.26315e-03	AbsError: 4.64771e-06
      Equation: "PotentialEquation"	RelError: 1.26315e-03	AbsError: 4.64771e-06
Iteration: 4
  Device: "part1_baseline"	RelError: 2.87575e-01	AbsError: 6.52253e+14
    Region: "bulk"	RelError: 2.85363e-01	AbsError: 6.52253e+14
      Equation: "ElectronContinuityEquation"	RelError: 3.02511e-02	AbsError: 6.51543e+14
      Equation: "HoleContinuityEquation"	RelError: 1.53815e-01	AbsError: 7.09830e+11
      Equation: "PotentialEquation"	RelError: 1.01297e-01	AbsError: 9.13649e-05
    Region: "oxide"	RelError: 2.21207e-03	AbsError: 4.55838e-06
      Equation: "PotentialEquation"	RelError: 2.21207e-03	AbsError: 4.55838e-06
Iteration: 5
  Device: "part1_baseline"	RelError: 7.57875e-05	AbsError: 2.65103e+11
    Region: "bulk"	RelError: 7.53865e-05	AbsError: 2.65103e+11
      Equation: "ElectronContinuityEquation"	RelError: 1.35230e-05	AbsError: 2.64944e+11
      Equation: "HoleContinuityEquation"	RelError: 4.80130e-05	AbsError: 1.58921e+08
      Equation: "PotentialEquation"	RelError: 1.38505e-05	AbsError: 3.25547e-08
    Region: "oxide"	RelError: 4.01002e-07	AbsError: 7.18434e-10
      Equation: "PotentialEquation"	RelError: 4.01002e-07	AbsError: 7.18434e-10
Iteration: 6
  Device: "part1_baseline"	RelError: 8.76116e-12	AbsError: 4.07670e+04
    Region: "bulk"	RelError: 8.72762e-12	AbsError: 4.07670e+04
      Equation: "ElectronContinuityEquation"	RelError: 1.23181e-12	AbsError: 4.07506e+04
      Equation: "HoleContinuityEquation"	RelError: 6.77591e-12	AbsError: 1.64405e+01
      Equation: "PotentialEquation"	RelError: 7.19900e-13	AbsError: 4.83516e-15
    Region: "oxide"	RelError: 3.35378e-14	AbsError: 5.88394e-17
      Equation: "PotentialEquation"	RelError: 3.35378e-14	AbsError: 5.88394e-17
number of equations 6873
Iteration: 0
  Device: "part1_baseline"	RelError: 2.23967e+03	AbsError: 6.90560e+16
    Region: "bulk"	RelError: 2.23883e+03	AbsError: 6.90560e+16
      Equation: "ElectronContinuityEquation"	RelError: 9.99000e+02	AbsError: 6.78497e+16
      Equation: "HoleContinuityEquation"	RelError: 9.99000e+02	AbsError: 1.20629e+15
      Equation: "PotentialEquation"	RelError: 2.40833e+02	AbsError: 4.09542e-02
    Region: "oxide"	RelError: 8.36030e-01	AbsError: 1.84384e-02
      Equation: "PotentialEquation"	RelError: 8.36030e-01	AbsError: 1.84384e-02
Iteration: 1
  Device: "part1_baseline"	RelError: 1.00543e+03	AbsError: 1.13791e+15
    Region: "bulk"	RelError: 1.00539e+03	AbsError: 1.13791e+15
      Equation: "ElectronContinuityEquation"	RelError: 9.99000e+02	AbsError: 9.76419e+14
      Equation: "HoleContinuityEquation"	RelError: 9.98535e-01	AbsError: 1.61492e+14
      Equation: "PotentialEquation"	RelError: 5.38852e+00	AbsError: 3.07633e-02
    Region: "oxide"	RelError: 4.35828e-02	AbsError: 8.42681e-03
      Equation: "PotentialEquation"	RelError: 4.35828e-02	AbsError: 8.42681e-03
Iteration: 2
  Device: "part1_baseline"	RelError: 1.44827e+01	AbsError: 1.42873e+14
    Region: "bulk"	RelError: 1.44823e+01	AbsError: 1.42873e+14
      Equation: "ElectronContinuityEquation"	RelError: 9.99989e-01	AbsError: 1.27001e+14
      Equation: "HoleContinuityEquation"	RelError: 1.34158e+01	AbsError: 1.58719e+13
      Equation: "PotentialEquation"	RelError: 6.64745e-02	AbsError: 2.58644e-02
    Region: "oxide"	RelError: 4.26813e-04	AbsError: 5.91588e-06
      Equation: "PotentialEquation"	RelError: 4.26813e-04	AbsError: 5.91588e-06
Iteration: 3
  Device: "part1_baseline"	RelError: 1.14319e+00	AbsError: 4.36939e+14
    Region: "bulk"	RelError: 1.14312e+00	AbsError: 4.36939e+14
      Equation: "ElectronContinuityEquation"	RelError: 3.41657e-01	AbsError: 4.36528e+14
      Equation: "HoleContinuityEquation"	RelError: 7.89769e-01	AbsError: 4.10570e+11
      Equation: "PotentialEquation"	RelError: 1.16958e-02	AbsError: 9.16539e-03
    Region: "oxide"	RelError: 6.90248e-05	AbsError: 1.85604e-06
      Equation: "PotentialEquation"	RelError: 6.90248e-05	AbsError: 1.85604e-06
Iteration: 4
  Device: "part1_baseline"	RelError: 8.86547e-02	AbsError: 5.41098e+14
    Region: "bulk"	RelError: 8.84366e-02	AbsError: 5.41098e+14
      Equation: "ElectronContinuityEquation"	RelError: 3.13363e-02	AbsError: 5.40554e+14
      Equation: "HoleContinuityEquation"	RelError: 1.76012e-02	AbsError: 5.44726e+11
      Equation: "PotentialEquation"	RelError: 3.94991e-02	AbsError: 7.47707e-05
    Region: "oxide"	RelError: 2.18162e-04	AbsError: 2.57248e-06
      Equation: "PotentialEquation"	RelError: 2.18162e-04	AbsError: 2.57248e-06
Iteration: 5
  Device: "part1_baseline"	RelError: 2.21116e-05	AbsError: 1.86277e+11
    Region: "bulk"	RelError: 2.20770e-05	AbsError: 1.86277e+11
      Equation: "ElectronContinuityEquation"	RelError: 9.69752e-06	AbsError: 1.86169e+11
      Equation: "HoleContinuityEquation"	RelError: 4.20464e-06	AbsError: 1.08048e+08
      Equation: "PotentialEquation"	RelError: 8.17480e-06	AbsError: 2.28124e-08
    Region: "oxide"	RelError: 3.46028e-08	AbsError: 3.70105e-10
      Equation: "PotentialEquation"	RelError: 3.46028e-08	AbsError: 3.70105e-10
Iteration: 6
  Device: "part1_baseline"	RelError: 1.75121e-12	AbsError: 2.05734e+04
    Region: "bulk"	RelError: 1.74847e-12	AbsError: 2.05734e+04
      Equation: "ElectronContinuityEquation"	RelError: 6.33732e-13	AbsError: 2.05641e+04
      Equation: "HoleContinuityEquation"	RelError: 4.00986e-13	AbsError: 9.29280e+00
      Equation: "PotentialEquation"	RelError: 7.13751e-13	AbsError: 2.46822e-15
    Region: "oxide"	RelError: 2.74391e-15	AbsError: 2.93483e-17
      Equation: "PotentialEquation"	RelError: 2.74391e-15	AbsError: 2.93483e-17
number of equations 6873
Iteration: 0
  Device: "part1_baseline"	RelError: 2.01422e+03	AbsError: 6.95794e+16
    Region: "bulk"	RelError: 2.01377e+03	AbsError: 6.95794e+16
      Equation: "ElectronContinuityEquation"	RelError: 9.99000e+02	AbsError: 6.85430e+16
      Equation: "HoleContinuityEquation"	RelError: 1.00624e+03	AbsError: 1.03641e+15
      Equation: "PotentialEquation"	RelError: 8.52769e+00	AbsError: 4.09542e-02
    Region: "oxide"	RelError: 4.55335e-01	AbsError: 1.84169e-02
      Equation: "PotentialEquation"	RelError: 4.55335e-01	AbsError: 1.84169e-02
Iteration: 1
  Device: "part1_baseline"	RelError: 1.04358e+03	AbsError: 9.39265e+14
    Region: "bulk"	RelError: 1.04354e+03	AbsError: 9.39265e+14
      Equation: "ElectronContinuityEquation"	RelError: 9.99000e+02	AbsError: 8.17676e+14
      Equation: "HoleContinuityEquation"	RelError: 9.98624e-01	AbsError: 1.21589e+14
      Equation: "PotentialEquation"	RelError: 4.35450e+01	AbsError: 3.07633e-02
    Region: "oxide"	RelError: 3.82260e-02	AbsError: 8.41640e-03
      Equation: "PotentialEquation"	RelError: 3.82260e-02	AbsError: 8.41640e-03
Iteration: 2
  Device: "part1_baseline"	RelError: 8.13855e+00	AbsError: 1.07626e+14
    Region: "bulk"	RelError: 8.13842e+00	AbsError: 1.07626e+14
      Equation: "ElectronContinuityEquation"	RelError: 9.99989e-01	AbsError: 9.72856e+13
      Equation: "HoleContinuityEquation"	RelError: 7.03269e+00	AbsError: 1.03405e+13
      Equation: "PotentialEquation"	RelError: 1.05747e-01	AbsError: 2.58319e-02
    Region: "oxide"	RelError: 1.29796e-04	AbsError: 2.95876e-06
      Equation: "PotentialEquation"	RelError: 1.29796e-04	AbsError: 2.95876e-06
Iteration: 3
  Device: "part1_baseline"	RelError: 1.03586e+00	AbsError: 3.50472e+14
    Region: "bulk"	RelError: 1.03585e+00	AbsError: 3.50472e+14
      Equation: "ElectronContinuityEquation"	RelError: 3.49229e-01	AbsError: 3.50138e+14
      Equation: "HoleContinuityEquation"	RelError: 6.55778e-01	AbsError: 3.33948e+11
      Equation: "PotentialEquation"	RelError: 3.08405e-02	AbsError: 9.16539e-03
    Region: "oxide"	RelError: 1.11762e-05	AbsError: 6.57029e-07
      Equation: "PotentialEquation"	RelError: 1.11762e-05	AbsError: 6.57029e-07
Iteration: 4
  Device: "part1_baseline"	RelError: 7.36384e-02	AbsError: 4.40554e+14
    Region: "bulk"	RelError: 7.35425e-02	AbsError: 4.40554e+14
      Equation: "ElectronContinuityEquation"	RelError: 3.22335e-02	AbsError: 4.40127e+14
      Equation: "HoleContinuityEquation"	RelError: 1.49490e-03	AbsError: 4.27386e+11
      Equation: "PotentialEquation"	RelError: 3.98141e-02	AbsError: 6.56171e-05
    Region: "oxide"	RelError: 9.58989e-05	AbsError: 1.55211e-06
      Equation: "PotentialEquation"	RelError: 9.58989e-05	AbsError: 1.55211e-06
Iteration: 5
  Device: "part1_baseline"	RelError: 2.51414e-05	AbsError: 1.24866e+11
    Region: "bulk"	RelError: 2.51257e-05	AbsError: 1.24866e+11
      Equation: "ElectronContinuityEquation"	RelError: 7.23350e-06	AbsError: 1.24791e+11
      Equation: "HoleContinuityEquation"	RelError: 1.21001e-05	AbsError: 7.52579e+07
      Equation: "PotentialEquation"	RelError: 5.79214e-06	AbsError: 1.62041e-08
    Region: "oxide"	RelError: 1.56696e-08	AbsError: 2.24814e-10
      Equation: "PotentialEquation"	RelError: 1.56696e-08	AbsError: 2.24814e-10
Iteration: 6
  Device: "part1_baseline"	RelError: 8.97265e-13	AbsError: 9.38890e+03
    Region: "bulk"	RelError: 8.96232e-13	AbsError: 9.38890e+03
      Equation: "ElectronContinuityEquation"	RelError: 3.79765e-13	AbsError: 9.38379e+03
      Equation: "HoleContinuityEquation"	RelError: 1.79306e-13	AbsError: 5.11321e+00
      Equation: "PotentialEquation"	RelError: 3.37162e-13	AbsError: 1.42181e-15
    Region: "oxide"	RelError: 1.03268e-15	AbsError: 1.46126e-17
      Equation: "PotentialEquation"	RelError: 1.03268e-15	AbsError: 1.46126e-17
number of equations 6873
Iteration: 0
  Device: "part1_baseline"	RelError: 4.19509e+03	AbsError: 6.96128e+16
    Region: "bulk"	RelError: 4.19429e+03	AbsError: 6.96128e+16
      Equation: "ElectronContinuityEquation"	RelError: 9.99000e+02	AbsError: 6.86877e+16
      Equation: "HoleContinuityEquation"	RelError: 3.14757e+03	AbsError: 9.25105e+14
      Equation: "PotentialEquation"	RelError: 4.77114e+01	AbsError: 4.09542e-02
    Region: "oxide"	RelError: 8.06613e-01	AbsError: 1.84100e-02
      Equation: "PotentialEquation"	RelError: 8.06613e-01	AbsError: 1.84100e-02
Iteration: 1
  Device: "part1_baseline"	RelError: 1.01407e+03	AbsError: 7.82834e+14
    Region: "bulk"	RelError: 1.01404e+03	AbsError: 7.82834e+14
      Equation: "ElectronContinuityEquation"	RelError: 9.99000e+02	AbsError: 6.62042e+14
      Equation: "HoleContinuityEquation"	RelError: 9.99275e-01	AbsError: 1.20793e+14
      Equation: "PotentialEquation"	RelError: 1.40407e+01	AbsError: 3.07633e-02
    Region: "oxide"	RelError: 3.40655e-02	AbsError: 8.41398e-03
      Equation: "PotentialEquation"	RelError: 3.40655e-02	AbsError: 8.41398e-03
Iteration: 2
  Device: "part1_baseline"	RelError: 5.87232e+00	AbsError: 9.99443e+13
    Region: "bulk"	RelError: 5.87219e+00	AbsError: 9.99443e+13
      Equation: "ElectronContinuityEquation"	RelError: 9.99988e-01	AbsError: 9.33513e+13
      Equation: "HoleContinuityEquation"	RelError: 4.83357e+00	AbsError: 6.59302e+12
      Equation: "PotentialEquation"	RelError: 3.86381e-02	AbsError: 2.57986e-02
    Region: "oxide"	RelError: 1.27996e-04	AbsError: 1.49281e-06
      Equation: "PotentialEquation"	RelError: 1.27996e-04	AbsError: 1.49281e-06
Iteration: 3
  Device: "part1_baseline"	RelError: 9.24551e-01	AbsError: 2.77947e+14
    Region: "bulk"	RelError: 9.24511e-01	AbsError: 2.77947e+14
      Equation: "ElectronContinuityEquation"	RelError: 3.55153e-01	AbsError: 2.77683e+14
      Equation: "HoleContinuityEquation"	RelError: 5.60200e-01	AbsError: 2.63598e+11
      Equation: "PotentialEquation"	RelError: 9.15800e-03	AbsError: 9.16538e-03
    Region: "oxide"	RelError: 4.00679e-05	AbsError: 3.23617e-07
      Equation: "PotentialEquation"	RelError: 4.00679e-05	AbsError: 3.23617e-07
Iteration: 4
  Device: "part1_baseline"	RelError: 4.95031e-02	AbsError: 3.53123e+14
    Region: "bulk"	RelError: 4.93784e-02	AbsError: 3.53123e+14
      Equation: "ElectronContinuityEquation"	RelError: 3.29442e-02	AbsError: 3.52784e+14
      Equation: "HoleContinuityEquation"	RelError: 2.87163e-03	AbsError: 3.38806e+11
      Equation: "PotentialEquation"	RelError: 1.35626e-02	AbsError: 5.96139e-05
    Region: "oxide"	RelError: 1.24702e-04	AbsError: 1.03361e-06
      Equation: "PotentialEquation"	RelError: 1.24702e-04	AbsError: 1.03361e-06
Iteration: 5
  Device: "part1_baseline"	RelError: 8.73314e-05	AbsError: 8.05330e+10
    Region: "bulk"	RelError: 8.73127e-05	AbsError: 8.05330e+10
      Equation: "ElectronContinuityEquation"	RelError: 5.47754e-06	AbsError: 8.04806e+10
      Equation: "HoleContinuityEquation"	RelError: 7.95237e-05	AbsError: 5.24580e+07
      Equation: "PotentialEquation"	RelError: 2.31149e-06	AbsError: 1.35487e-08
    Region: "oxide"	RelError: 1.87065e-08	AbsError: 1.45541e-10
      Equation: "PotentialEquation"	RelError: 1.87065e-08	AbsError: 1.45541e-10
Iteration: 6
  Device: "part1_baseline"	RelError: 1.06585e-12	AbsError: 4.71885e+03
    Region: "bulk"	RelError: 1.06494e-12	AbsError: 4.71885e+03
      Equation: "ElectronContinuityEquation"	RelError: 2.54568e-13	AbsError: 4.71593e+03
      Equation: "HoleContinuityEquation"	RelError: 6.94551e-13	AbsError: 2.91534e+00
      Equation: "PotentialEquation"	RelError: 1.15821e-13	AbsError: 1.01156e-15
    Region: "oxide"	RelError: 9.13551e-16	AbsError: 7.05556e-18
      Equation: "PotentialEquation"	RelError: 9.13551e-16	AbsError: 7.05556e-18
number of equations 6873
Iteration: 0
  Device: "part1_baseline"	RelError: 2.05215e+03	AbsError: 6.93230e+16
    Region: "bulk"	RelError: 2.04783e+03	AbsError: 6.93230e+16
      Equation: "ElectronContinuityEquation"	RelError: 9.99000e+02	AbsError: 6.84395e+16
      Equation: "HoleContinuityEquation"	RelError: 9.99000e+02	AbsError: 8.83472e+14
      Equation: "PotentialEquation"	RelError: 4.98347e+01	AbsError: 4.09542e-02
    Region: "oxide"	RelError: 4.31250e+00	AbsError: 1.84093e-02
      Equation: "PotentialEquation"	RelError: 4.31250e+00	AbsError: 1.84093e-02
Iteration: 1
  Device: "part1_baseline"	RelError: 1.04604e+03	AbsError: 6.24758e+14
    Region: "bulk"	RelError: 1.04601e+03	AbsError: 6.24758e+14
      Equation: "ElectronContinuityEquation"	RelError: 9.99000e+02	AbsError: 5.23750e+14
      Equation: "HoleContinuityEquation"	RelError: 9.98601e-01	AbsError: 1.01008e+14
      Equation: "PotentialEquation"	RelError: 4.60115e+01	AbsError: 3.07633e-02
    Region: "oxide"	RelError: 3.07315e-02	AbsError: 8.41478e-03
      Equation: "PotentialEquation"	RelError: 3.07315e-02	AbsError: 8.41478e-03
Iteration: 2
  Device: "part1_baseline"	RelError: 3.76697e+00	AbsError: 9.67118e+13
    Region: "bulk"	RelError: 3.76656e+00	AbsError: 9.67118e+13
      Equation: "ElectronContinuityEquation"	RelError: 9.99988e-01	AbsError: 9.04590e+13
      Equation: "HoleContinuityEquation"	RelError: 2.68808e+00	AbsError: 6.25278e+12
      Equation: "PotentialEquation"	RelError: 7.84946e-02	AbsError: 2.58925e-02
    Region: "oxide"	RelError: 4.06372e-04	AbsError: 7.94327e-07
      Equation: "PotentialEquation"	RelError: 4.06372e-04	AbsError: 7.94327e-07
Iteration: 3
  Device: "part1_baseline"	RelError: 7.80505e-01	AbsError: 1.32624e+15
    Region: "bulk"	RelError: 7.79803e-01	AbsError: 1.32624e+15
      Equation: "ElectronContinuityEquation"	RelError: 3.58036e-01	AbsError: 1.32585e+15
      Equation: "HoleContinuityEquation"	RelError: 3.99416e-01	AbsError: 3.89471e+11
      Equation: "PotentialEquation"	RelError: 2.23504e-02	AbsError: 9.16567e-03
    Region: "oxide"	RelError: 7.02220e-04	AbsError: 9.86734e-07
      Equation: "PotentialEquation"	RelError: 7.02220e-04	AbsError: 9.86734e-07
Iteration: 4
  Device: "part1_baseline"	RelError: 7.09613e-02	AbsError: 1.40154e+15
    Region: "bulk"	RelError: 6.99883e-02	AbsError: 1.40154e+15
      Equation: "ElectronContinuityEquation"	RelError: 3.33773e-02	AbsError: 1.40108e+15
      Equation: "HoleContinuityEquation"	RelError: 7.56184e-03	AbsError: 4.53771e+11
      Equation: "PotentialEquation"	RelError: 2.90491e-02	AbsError: 1.70678e-04
    Region: "oxide"	RelError: 9.73022e-04	AbsError: 1.41602e-06
      Equation: "PotentialEquation"	RelError: 9.73022e-04	AbsError: 1.41602e-06
Iteration: 5
  Device: "part1_baseline"	RelError: 2.07052e-04	AbsError: 8.16102e+11
    Region: "bulk"	RelError: 2.06783e-04	AbsError: 8.16102e+11
      Equation: "ElectronContinuityEquation"	RelError: 2.31773e-05	AbsError: 8.15983e+11
      Equation: "HoleContinuityEquation"	RelError: 1.80106e-04	AbsError: 1.18477e+08
      Equation: "PotentialEquation"	RelError: 3.49945e-06	AbsError: 8.87457e-08
    Region: "oxide"	RelError: 2.69016e-07	AbsError: 3.80614e-10
      Equation: "PotentialEquation"	RelError: 2.69016e-07	AbsError: 3.80614e-10
Iteration: 6
  Device: "part1_baseline"	RelError: 1.82513e-11	AbsError: 2.60449e+05
    Region: "bulk"	RelError: 1.81818e-11	AbsError: 2.60449e+05
      Equation: "ElectronContinuityEquation"	RelError: 7.67860e-12	AbsError: 2.60420e+05
      Equation: "HoleContinuityEquation"	RelError: 1.00382e-11	AbsError: 2.96028e+01
      Equation: "PotentialEquation"	RelError: 4.64987e-13	AbsError: 2.79024e-14
    Region: "oxide"	RelError: 6.95300e-14	AbsError: 9.91032e-17
      Equation: "PotentialEquation"	RelError: 6.95300e-14	AbsError: 9.91032e-17
number of equations 6873
Iteration: 0
  Device: "part1_baseline"	RelError: 2.01958e+03	AbsError: 6.87019e+16
    Region: "bulk"	RelError: 2.01822e+03	AbsError: 6.87019e+16
      Equation: "ElectronContinuityEquation"	RelError: 9.99000e+02	AbsError: 6.79015e+16
      Equation: "HoleContinuityEquation"	RelError: 9.99000e+02	AbsError: 8.00386e+14
      Equation: "PotentialEquation"	RelError: 2.02230e+01	AbsError: 4.09542e-02
    Region: "oxide"	RelError: 1.35375e+00	AbsError: 1.84108e-02
      Equation: "PotentialEquation"	RelError: 1.35375e+00	AbsError: 1.84108e-02
Iteration: 1
  Device: "part1_baseline"	RelError: 1.00898e+03	AbsError: 5.19234e+14
    Region: "bulk"	RelError: 1.00895e+03	AbsError: 5.19234e+14
      Equation: "ElectronContinuityEquation"	RelError: 9.99000e+02	AbsError: 4.38204e+14
      Equation: "HoleContinuityEquation"	RelError: 9.98497e-01	AbsError: 8.10302e+13
      Equation: "PotentialEquation"	RelError: 8.95177e+00	AbsError: 3.07632e-02
    Region: "oxide"	RelError: 2.79958e-02	AbsError: 8.41673e-03
      Equation: "PotentialEquation"	RelError: 2.79958e-02	AbsError: 8.41673e-03
Iteration: 2
  Device: "part1_baseline"	RelError: 3.10212e+00	AbsError: 9.08670e+13
    Region: "bulk"	RelError: 3.10204e+00	AbsError: 9.08670e+13
      Equation: "ElectronContinuityEquation"	RelError: 9.99989e-01	AbsError: 8.70861e+13
      Equation: "HoleContinuityEquation"	RelError: 2.07245e+00	AbsError: 3.78083e+12
      Equation: "PotentialEquation"	RelError: 2.96039e-02	AbsError: 2.58738e-02
    Region: "oxide"	RelError: 7.32219e-05	AbsError: 4.40724e-07
      Equation: "PotentialEquation"	RelError: 7.32219e-05	AbsError: 4.40724e-07
Iteration: 3
  Device: "part1_baseline"	RelError: 6.98309e-01	AbsError: 1.23015e+15
    Region: "bulk"	RelError: 6.98112e-01	AbsError: 1.23015e+15
      Equation: "ElectronContinuityEquation"	RelError: 3.51422e-01	AbsError: 1.22981e+15
      Equation: "HoleContinuityEquation"	RelError: 3.38457e-01	AbsError: 3.44056e+11
      Equation: "PotentialEquation"	RelError: 8.23270e-03	AbsError: 9.16563e-03
    Region: "oxide"	RelError: 1.97545e-04	AbsError: 9.39873e-07
      Equation: "PotentialEquation"	RelError: 1.97545e-04	AbsError: 9.39873e-07
Iteration: 4
  Device: "part1_baseline"	RelError: 5.34801e-02	AbsError: 1.30584e+15
    Region: "bulk"	RelError: 5.32296e-02	AbsError: 1.30584e+15
      Equation: "ElectronContinuityEquation"	RelError: 3.39695e-02	AbsError: 1.30545e+15
      Equation: "HoleContinuityEquation"	RelError: 9.53657e-03	AbsError: 3.96434e+11
      Equation: "PotentialEquation"	RelError: 9.72345e-03	AbsError: 1.57502e-04
    Region: "oxide"	RelError: 2.50553e-04	AbsError: 1.21342e-06
      Equation: "PotentialEquation"	RelError: 2.50553e-04	AbsError: 1.21342e-06
Iteration: 5
  Device: "part1_baseline"	RelError: 2.23988e-04	AbsError: 7.41850e+11
    Region: "bulk"	RelError: 2.23915e-04	AbsError: 7.41850e+11
      Equation: "ElectronContinuityEquation"	RelError: 2.23802e-05	AbsError: 7.41747e+11
      Equation: "HoleContinuityEquation"	RelError: 1.99496e-04	AbsError: 1.02579e+08
      Equation: "PotentialEquation"	RelError: 2.03925e-06	AbsError: 8.08251e-08
    Region: "oxide"	RelError: 7.28030e-08	AbsError: 3.47506e-10
      Equation: "PotentialEquation"	RelError: 7.28030e-08	AbsError: 3.47506e-10
Iteration: 6
  Device: "part1_baseline"	RelError: 1.95984e-11	AbsError: 2.24465e+05
    Region: "bulk"	RelError: 1.95795e-11	AbsError: 2.24465e+05
      Equation: "ElectronContinuityEquation"	RelError: 6.99480e-12	AbsError: 2.24439e+05
      Equation: "HoleContinuityEquation"	RelError: 1.21575e-11	AbsError: 2.53301e+01
      Equation: "PotentialEquation"	RelError: 4.27216e-13	AbsError: 2.41869e-14
    Region: "oxide"	RelError: 1.88640e-14	AbsError: 9.09867e-17
      Equation: "PotentialEquation"	RelError: 1.88640e-14	AbsError: 9.09867e-17
number of equations 6873
Iteration: 0
  Device: "part1_baseline"	RelError: 2.04335e+03	AbsError: 6.78678e+16
    Region: "bulk"	RelError: 2.04278e+03	AbsError: 6.78678e+16
      Equation: "ElectronContinuityEquation"	RelError: 9.99000e+02	AbsError: 6.71428e+16
      Equation: "HoleContinuityEquation"	RelError: 9.99000e+02	AbsError: 7.25012e+14
      Equation: "PotentialEquation"	RelError: 4.47771e+01	AbsError: 4.09542e-02
    Region: "oxide"	RelError: 5.75305e-01	AbsError: 1.84130e-02
      Equation: "PotentialEquation"	RelError: 5.75305e-01	AbsError: 1.84130e-02
Iteration: 1
  Device: "part1_baseline"	RelError: 1.00476e+03	AbsError: 5.76219e+14
    Region: "bulk"	RelError: 1.00474e+03	AbsError: 5.76219e+14
      Equation: "ElectronContinuityEquation"	RelError: 9.99000e+02	AbsError: 5.07714e+14
      Equation: "HoleContinuityEquation"	RelError: 9.98465e-01	AbsError: 6.85046e+13
      Equation: "PotentialEquation"	RelError: 4.73979e+00	AbsError: 3.07632e-02
    Region: "oxide"	RelError: 2.57088e-02	AbsError: 8.41894e-03
      Equation: "PotentialEquation"	RelError: 2.57088e-02	AbsError: 8.41894e-03
Iteration: 2
  Device: "part1_baseline"	RelError: 2.61645e+00	AbsError: 8.57150e+13
    Region: "bulk"	RelError: 2.61643e+00	AbsError: 8.57150e+13
      Equation: "ElectronContinuityEquation"	RelError: 9.99990e-01	AbsError: 8.35502e+13
      Equation: "HoleContinuityEquation"	RelError: 1.59144e+00	AbsError: 2.16478e+12
      Equation: "PotentialEquation"	RelError: 2.49932e-02	AbsError: 2.58389e-02
    Region: "oxide"	RelError: 2.14591e-05	AbsError: 2.67975e-07
      Equation: "PotentialEquation"	RelError: 2.14591e-05	AbsError: 2.67975e-07
Iteration: 3
  Device: "part1_baseline"	RelError: 6.09373e-01	AbsError: 1.13240e+15
    Region: "bulk"	RelError: 6.09295e-01	AbsError: 1.13240e+15
      Equation: "ElectronContinuityEquation"	RelError: 3.24379e-01	AbsError: 1.13211e+15
      Equation: "HoleContinuityEquation"	RelError: 2.77277e-01	AbsError: 2.85875e+11
      Equation: "PotentialEquation"	RelError: 7.63908e-03	AbsError: 9.16559e-03
    Region: "oxide"	RelError: 7.80940e-05	AbsError: 8.54662e-07
      Equation: "PotentialEquation"	RelError: 7.80940e-05	AbsError: 8.54662e-07
Iteration: 4
  Device: "part1_baseline"	RelError: 5.26446e-02	AbsError: 1.20711e+15
    Region: "bulk"	RelError: 5.25498e-02	AbsError: 1.20711e+15
      Equation: "ElectronContinuityEquation"	RelError: 3.44516e-02	AbsError: 1.20678e+15
      Equation: "HoleContinuityEquation"	RelError: 9.11823e-03	AbsError: 3.30251e+11
      Equation: "PotentialEquation"	RelError: 8.97995e-03	AbsError: 1.44302e-04
    Region: "oxide"	RelError: 9.48864e-05	AbsError: 1.04708e-06
      Equation: "PotentialEquation"	RelError: 9.48864e-05	AbsError: 1.04708e-06
Iteration: 5
  Device: "part1_baseline"	RelError: 1.95060e-04	AbsError: 6.59158e+11
    Region: "bulk"	RelError: 1.95032e-04	AbsError: 6.59158e+11
      Equation: "ElectronContinuityEquation"	RelError: 2.15596e-05	AbsError: 6.59072e+11
      Equation: "HoleContinuityEquation"	RelError: 1.70754e-04	AbsError: 8.61561e+07
      Equation: "PotentialEquation"	RelError: 2.71792e-06	AbsError: 7.19408e-08
    Region: "oxide"	RelError: 2.82307e-08	AbsError: 3.09897e-10
      Equation: "PotentialEquation"	RelError: 2.82307e-08	AbsError: 3.09897e-10
Iteration: 6
  Device: "part1_baseline"	RelError: 2.17397e-11	AbsError: 1.84066e+05
    Region: "bulk"	RelError: 2.17326e-11	AbsError: 1.84066e+05
      Equation: "ElectronContinuityEquation"	RelError: 6.22018e-12	AbsError: 1.84045e+05
      Equation: "HoleContinuityEquation"	RelError: 1.48554e-11	AbsError: 2.01120e+01
      Equation: "PotentialEquation"	RelError: 6.57028e-13	AbsError: 1.99285e-14
    Region: "oxide"	RelError: 7.06163e-15	AbsError: 7.84012e-17
      Equation: "PotentialEquation"	RelError: 7.06163e-15	AbsError: 7.84012e-17
number of equations 6873
Iteration: 0
  Device: "part1_baseline"	RelError: 2.02219e+03	AbsError: 6.68878e+16
    Region: "bulk"	RelError: 2.02182e+03	AbsError: 6.68878e+16
      Equation: "ElectronContinuityEquation"	RelError: 9.99000e+02	AbsError: 6.62101e+16
      Equation: "HoleContinuityEquation"	RelError: 9.99000e+02	AbsError: 6.77718e+14
      Equation: "PotentialEquation"	RelError: 2.38218e+01	AbsError: 4.09542e-02
    Region: "oxide"	RelError: 3.65512e-01	AbsError: 1.84153e-02
      Equation: "PotentialEquation"	RelError: 3.65512e-01	AbsError: 1.84153e-02
Iteration: 1
  Device: "part1_baseline"	RelError: 6.65785e+01	AbsError: 6.22927e+14
    Region: "bulk"	RelError: 6.65548e+01	AbsError: 6.22927e+14
      Equation: "ElectronContinuityEquation"	RelError: 9.95801e-01	AbsError: 5.63937e+14
      Equation: "HoleContinuityEquation"	RelError: 9.98460e-01	AbsError: 5.89903e+13
      Equation: "PotentialEquation"	RelError: 6.45605e+01	AbsError: 3.07632e-02
    Region: "oxide"	RelError: 2.37675e-02	AbsError: 8.42107e-03
      Equation: "PotentialEquation"	RelError: 2.37675e-02	AbsError: 8.42107e-03
Iteration: 2
  Device: "part1_baseline"	RelError: 2.15165e+00	AbsError: 8.09935e+13
    Region: "bulk"	RelError: 2.15164e+00	AbsError: 8.09935e+13
      Equation: "ElectronContinuityEquation"	RelError: 7.55117e-01	AbsError: 7.97596e+13
      Equation: "HoleContinuityEquation"	RelError: 1.37098e+00	AbsError: 1.23390e+12
      Equation: "PotentialEquation"	RelError: 2.55416e-02	AbsError: 2.58028e-02
    Region: "oxide"	RelError: 1.21441e-05	AbsError: 1.84835e-07
      Equation: "PotentialEquation"	RelError: 1.21441e-05	AbsError: 1.84835e-07
Iteration: 3
  Device: "part1_baseline"	RelError: 5.63224e-01	AbsError: 1.03439e+15
    Region: "bulk"	RelError: 5.63166e-01	AbsError: 1.03439e+15
      Equation: "ElectronContinuityEquation"	RelError: 2.95207e-01	AbsError: 1.03415e+15
      Equation: "HoleContinuityEquation"	RelError: 2.47592e-01	AbsError: 2.35674e+11
      Equation: "PotentialEquation"	RelError: 2.03664e-02	AbsError: 9.16555e-03
    Region: "oxide"	RelError: 5.79102e-05	AbsError: 7.64513e-07
      Equation: "PotentialEquation"	RelError: 5.79102e-05	AbsError: 7.64513e-07
Iteration: 4
  Device: "part1_baseline"	RelError: 6.94602e-02	AbsError: 1.10699e+15
    Region: "bulk"	RelError: 6.93918e-02	AbsError: 1.10699e+15
      Equation: "ElectronContinuityEquation"	RelError: 3.48315e-02	AbsError: 1.10672e+15
      Equation: "HoleContinuityEquation"	RelError: 7.74579e-03	AbsError: 2.73631e+11
      Equation: "PotentialEquation"	RelError: 2.68145e-02	AbsError: 1.31371e-04
    Region: "oxide"	RelError: 6.84285e-05	AbsError: 9.12258e-07
      Equation: "PotentialEquation"	RelError: 6.84285e-05	AbsError: 9.12258e-07
Iteration: 5
  Device: "part1_baseline"	RelError: 1.67724e-04	AbsError: 5.72865e+11
    Region: "bulk"	RelError: 1.67703e-04	AbsError: 5.72865e+11
      Equation: "ElectronContinuityEquation"	RelError: 2.02749e-05	AbsError: 5.72795e+11
      Equation: "HoleContinuityEquation"	RelError: 1.44768e-04	AbsError: 6.96819e+07
      Equation: "PotentialEquation"	RelError: 2.66044e-06	AbsError: 6.26516e-08
    Region: "oxide"	RelError: 2.04126e-08	AbsError: 2.72293e-10
      Equation: "PotentialEquation"	RelError: 2.04126e-08	AbsError: 2.72293e-10
Iteration: 6
  Device: "part1_baseline"	RelError: 2.08166e-11	AbsError: 1.43797e+05
    Region: "bulk"	RelError: 2.08119e-11	AbsError: 1.43797e+05
      Equation: "ElectronContinuityEquation"	RelError: 5.24340e-12	AbsError: 1.43781e+05
      Equation: "HoleContinuityEquation"	RelError: 1.52617e-11	AbsError: 1.52199e+01
      Equation: "PotentialEquation"	RelError: 3.06807e-13	AbsError: 1.56315e-14
    Region: "oxide"	RelError: 4.69041e-15	AbsError: 6.38291e-17
      Equation: "PotentialEquation"	RelError: 4.69041e-15	AbsError: 6.38291e-17
number of equations 6873
Iteration: 0
  Device: "part1_baseline"	RelError: 2.08526e+03	AbsError: 6.57695e+16
    Region: "bulk"	RelError: 2.08468e+03	AbsError: 6.57695e+16
      Equation: "ElectronContinuityEquation"	RelError: 9.99000e+02	AbsError: 6.51357e+16
      Equation: "HoleContinuityEquation"	RelError: 9.99000e+02	AbsError: 6.33844e+14
      Equation: "PotentialEquation"	RelError: 8.66764e+01	AbsError: 4.09542e-02
    Region: "oxide"	RelError: 5.80228e-01	AbsError: 1.84175e-02
      Equation: "PotentialEquation"	RelError: 5.80228e-01	AbsError: 1.84175e-02
Iteration: 1
  Device: "part1_baseline"	RelError: 7.58453e+00	AbsError: 6.62785e+14
    Region: "bulk"	RelError: 7.56243e+00	AbsError: 6.62785e+14
      Equation: "ElectronContinuityEquation"	RelError: 9.95830e-01	AbsError: 6.11257e+14
      Equation: "HoleContinuityEquation"	RelError: 9.98277e-01	AbsError: 5.15281e+13
      Equation: "PotentialEquation"	RelError: 5.56833e+00	AbsError: 3.07632e-02
    Region: "oxide"	RelError: 2.20988e-02	AbsError: 8.42298e-03
      Equation: "PotentialEquation"	RelError: 2.20988e-02	AbsError: 8.42298e-03
Iteration: 2
  Device: "part1_baseline"	RelError: 1.63180e+00	AbsError: 7.65542e+13
    Region: "bulk"	RelError: 1.63179e+00	AbsError: 7.65542e+13
      Equation: "ElectronContinuityEquation"	RelError: 5.35547e-01	AbsError: 7.58337e+13
      Equation: "HoleContinuityEquation"	RelError: 1.07715e+00	AbsError: 7.20481e+11
      Equation: "PotentialEquation"	RelError: 1.90897e-02	AbsError: 2.58788e-02
    Region: "oxide"	RelError: 1.58840e-05	AbsError: 1.44997e-07
      Equation: "PotentialEquation"	RelError: 1.58840e-05	AbsError: 1.44997e-07
Iteration: 3
  Device: "part1_baseline"	RelError: 4.54503e-01	AbsError: 9.37659e+14
    Region: "bulk"	RelError: 4.54421e-01	AbsError: 9.37659e+14
      Equation: "ElectronContinuityEquation"	RelError: 2.59169e-01	AbsError: 9.37453e+14
      Equation: "HoleContinuityEquation"	RelError: 1.83044e-01	AbsError: 2.06109e+11
      Equation: "PotentialEquation"	RelError: 1.22078e-02	AbsError: 9.16552e-03
    Region: "oxide"	RelError: 8.26426e-05	AbsError: 6.88002e-07
      Equation: "PotentialEquation"	RelError: 8.26426e-05	AbsError: 6.88002e-07
Iteration: 4
  Device: "part1_baseline"	RelError: 5.61045e-02	AbsError: 1.00724e+15
    Region: "bulk"	RelError: 5.60075e-02	AbsError: 1.00724e+15
      Equation: "ElectronContinuityEquation"	RelError: 3.51167e-02	AbsError: 1.00700e+15
      Equation: "HoleContinuityEquation"	RelError: 6.46974e-03	AbsError: 2.39440e+11
      Equation: "PotentialEquation"	RelError: 1.44210e-02	AbsError: 1.18941e-04
    Region: "oxide"	RelError: 9.69855e-05	AbsError: 8.11418e-07
      Equation: "PotentialEquation"	RelError: 9.69855e-05	AbsError: 8.11418e-07
Iteration: 5
  Device: "part1_baseline"	RelError: 1.14956e-04	AbsError: 4.87572e+11
    Region: "bulk"	RelError: 1.14928e-04	AbsError: 4.87572e+11
      Equation: "ElectronContinuityEquation"	RelError: 1.91126e-05	AbsError: 4.87513e+11
      Equation: "HoleContinuityEquation"	RelError: 9.16391e-05	AbsError: 5.86633e+07
      Equation: "PotentialEquation"	RelError: 4.17610e-06	AbsError: 5.34657e-08
    Region: "oxide"	RelError: 2.82368e-08	AbsError: 2.37520e-10
      Equation: "PotentialEquation"	RelError: 2.82368e-08	AbsError: 2.37520e-10
Iteration: 6
  Device: "part1_baseline"	RelError: 1.74768e-11	AbsError: 1.07293e+05
    Region: "bulk"	RelError: 1.74710e-11	AbsError: 1.07293e+05
      Equation: "ElectronContinuityEquation"	RelError: 4.07380e-12	AbsError: 1.07282e+05
      Equation: "HoleContinuityEquation"	RelError: 1.25643e-11	AbsError: 1.10855e+01
      Equation: "PotentialEquation"	RelError: 8.32985e-13	AbsError: 1.17046e-14
    Region: "oxide"	RelError: 5.75250e-15	AbsError: 4.94104e-17
      Equation: "PotentialEquation"	RelError: 5.75250e-15	AbsError: 4.94104e-17
number of equations 6873
Iteration: 0
  Device: "part1_baseline"	RelError: 2.04910e+03	AbsError: 6.45436e+16
    Region: "bulk"	RelError: 2.04769e+03	AbsError: 6.45436e+16
      Equation: "ElectronContinuityEquation"	RelError: 9.99000e+02	AbsError: 6.39421e+16
      Equation: "HoleContinuityEquation"	RelError: 9.99000e+02	AbsError: 6.01477e+14
      Equation: "PotentialEquation"	RelError: 4.96942e+01	AbsError: 4.09542e-02
    Region: "oxide"	RelError: 1.40209e+00	AbsError: 1.84193e-02
      Equation: "PotentialEquation"	RelError: 1.40209e+00	AbsError: 1.84193e-02
Iteration: 1
  Device: "part1_baseline"	RelError: 7.38582e+00	AbsError: 6.97786e+14
    Region: "bulk"	RelError: 7.36517e+00	AbsError: 6.97786e+14
      Equation: "ElectronContinuityEquation"	RelError: 9.97543e-01	AbsError: 6.52276e+14
      Equation: "HoleContinuityEquation"	RelError: 9.98336e-01	AbsError: 4.55105e+13
      Equation: "PotentialEquation"	RelError: 5.36930e+00	AbsError: 3.07632e-02
    Region: "oxide"	RelError: 2.06489e-02	AbsError: 8.42462e-03
      Equation: "PotentialEquation"	RelError: 2.06489e-02	AbsError: 8.42462e-03
Iteration: 2
  Device: "part1_baseline"	RelError: 1.33127e+00	AbsError: 7.19642e+13
    Region: "bulk"	RelError: 1.33124e+00	AbsError: 7.19642e+13
      Equation: "ElectronContinuityEquation"	RelError: 3.98333e-01	AbsError: 7.16071e+13
      Equation: "HoleContinuityEquation"	RelError: 9.15127e-01	AbsError: 3.57118e+11
      Equation: "PotentialEquation"	RelError: 1.77803e-02	AbsError: 2.58433e-02
    Region: "oxide"	RelError: 3.32333e-05	AbsError: 1.21483e-07
      Equation: "PotentialEquation"	RelError: 3.32333e-05	AbsError: 1.21483e-07
Iteration: 3
  Device: "part1_baseline"	RelError: 4.00296e-01	AbsError: 8.44095e+14
    Region: "bulk"	RelError: 4.00121e-01	AbsError: 8.44095e+14
      Equation: "ElectronContinuityEquation"	RelError: 2.20451e-01	AbsError: 8.43925e+14
      Equation: "HoleContinuityEquation"	RelError: 1.52402e-01	AbsError: 1.69994e+11
      Equation: "PotentialEquation"	RelError: 2.72674e-02	AbsError: 9.16548e-03
    Region: "oxide"	RelError: 1.75406e-04	AbsError: 6.05049e-07
      Equation: "PotentialEquation"	RelError: 1.75406e-04	AbsError: 6.05049e-07
Iteration: 4
  Device: "part1_baseline"	RelError: 7.17124e-02	AbsError: 9.09946e+14
    Region: "bulk"	RelError: 7.15061e-02	AbsError: 9.09946e+14
      Equation: "ElectronContinuityEquation"	RelError: 3.53149e-02	AbsError: 9.09747e+14
      Equation: "HoleContinuityEquation"	RelError: 5.34171e-03	AbsError: 1.99292e+11
      Equation: "PotentialEquation"	RelError: 3.08495e-02	AbsError: 1.06944e-04
    Region: "oxide"	RelError: 2.06261e-04	AbsError: 7.14046e-07
      Equation: "PotentialEquation"	RelError: 2.06261e-04	AbsError: 7.14046e-07
Iteration: 5
  Device: "part1_baseline"	RelError: 1.12176e-04	AbsError: 4.06880e+11
    Region: "bulk"	RelError: 1.12118e-04	AbsError: 4.06880e+11
      Equation: "ElectronContinuityEquation"	RelError: 1.80418e-05	AbsError: 4.06833e+11
      Equation: "HoleContinuityEquation"	RelError: 8.57435e-05	AbsError: 4.62163e+07
      Equation: "PotentialEquation"	RelError: 8.33271e-06	AbsError: 4.47143e-08
    Region: "oxide"	RelError: 5.77030e-08	AbsError: 2.01427e-10
      Equation: "PotentialEquation"	RelError: 5.77030e-08	AbsError: 2.01427e-10
Iteration: 6
  Device: "part1_baseline"	RelError: 1.27938e-11	AbsError: 7.65907e+04
    Region: "bulk"	RelError: 1.27836e-11	AbsError: 7.65907e+04
      Equation: "ElectronContinuityEquation"	RelError: 2.91003e-12	AbsError: 7.65830e+04
      Equation: "HoleContinuityEquation"	RelError: 8.46910e-12	AbsError: 7.64638e+00
      Equation: "PotentialEquation"	RelError: 1.40451e-12	AbsError: 8.37996e-15
    Region: "oxide"	RelError: 1.01912e-14	AbsError: 3.63048e-17
      Equation: "PotentialEquation"	RelError: 1.01912e-14	AbsError: 3.63048e-17
number of equations 6873
Iteration: 0
  Device: "part1_baseline"	RelError: 2.01654e+03	AbsError: 6.32152e+16
    Region: "bulk"	RelError: 2.01312e+03	AbsError: 6.32152e+16
      Equation: "ElectronContinuityEquation"	RelError: 9.99000e+02	AbsError: 6.26454e+16
      Equation: "HoleContinuityEquation"	RelError: 9.99000e+02	AbsError: 5.69750e+14
      Equation: "PotentialEquation"	RelError: 1.51151e+01	AbsError: 4.09542e-02
    Region: "oxide"	RelError: 3.42781e+00	AbsError: 1.84210e-02
      Equation: "PotentialEquation"	RelError: 3.42781e+00	AbsError: 1.84210e-02
Iteration: 1
  Device: "part1_baseline"	RelError: 2.57135e+00	AbsError: 7.29289e+14
    Region: "bulk"	RelError: 2.55197e+00	AbsError: 7.29289e+14
      Equation: "ElectronContinuityEquation"	RelError: 9.96987e-01	AbsError: 6.88990e+14
      Equation: "HoleContinuityEquation"	RelError: 9.98200e-01	AbsError: 4.02990e+13
      Equation: "PotentialEquation"	RelError: 5.56785e-01	AbsError: 3.07632e-02
    Region: "oxide"	RelError: 1.93772e-02	AbsError: 8.42601e-03
      Equation: "PotentialEquation"	RelError: 1.93772e-02	AbsError: 8.42601e-03
Iteration: 2
  Device: "part1_baseline"	RelError: 9.84166e-01	AbsError: 6.74310e+13
    Region: "bulk"	RelError: 9.84094e-01	AbsError: 6.74310e+13
      Equation: "ElectronContinuityEquation"	RelError: 3.42808e-01	AbsError: 6.72108e+13
      Equation: "HoleContinuityEquation"	RelError: 6.24650e-01	AbsError: 2.20198e+11
      Equation: "PotentialEquation"	RelError: 1.66364e-02	AbsError: 2.58948e-02
    Region: "oxide"	RelError: 7.15604e-05	AbsError: 1.06463e-07
      Equation: "PotentialEquation"	RelError: 7.15604e-05	AbsError: 1.06463e-07
Iteration: 3
  Device: "part1_baseline"	RelError: 2.92352e-01	AbsError: 7.54638e+14
    Region: "bulk"	RelError: 2.91976e-01	AbsError: 7.54638e+14
      Equation: "ElectronContinuityEquation"	RelError: 1.81123e-01	AbsError: 7.54492e+14
      Equation: "HoleContinuityEquation"	RelError: 1.05554e-01	AbsError: 1.46060e+11
      Equation: "PotentialEquation"	RelError: 5.29887e-03	AbsError: 9.16546e-03
    Region: "oxide"	RelError: 3.76265e-04	AbsError: 5.36781e-07
      Equation: "PotentialEquation"	RelError: 3.76265e-04	AbsError: 5.36781e-07
Iteration: 4
  Device: "part1_baseline"	RelError: 4.66634e-02	AbsError: 8.16244e+14
    Region: "bulk"	RelError: 4.62188e-02	AbsError: 8.16244e+14
      Equation: "ElectronContinuityEquation"	RelError: 3.54585e-02	AbsError: 8.16072e+14
      Equation: "HoleContinuityEquation"	RelError: 5.59792e-03	AbsError: 1.72067e+11
      Equation: "PotentialEquation"	RelError: 5.16236e-03	AbsError: 9.56477e-05
    Region: "oxide"	RelError: 4.44604e-04	AbsError: 6.35778e-07
      Equation: "PotentialEquation"	RelError: 4.44604e-04	AbsError: 6.35778e-07
Iteration: 5
  Device: "part1_baseline"	RelError: 9.43993e-05	AbsError: 3.33325e+11
    Region: "bulk"	RelError: 9.42821e-05	AbsError: 3.33325e+11
      Equation: "ElectronContinuityEquation"	RelError: 1.66850e-05	AbsError: 3.33288e+11
      Equation: "HoleContinuityEquation"	RelError: 7.66635e-05	AbsError: 3.74359e+07
      Equation: "PotentialEquation"	RelError: 9.33605e-07	AbsError: 3.67231e-08
    Region: "oxide"	RelError: 1.17130e-07	AbsError: 1.69180e-10
      Equation: "PotentialEquation"	RelError: 1.17130e-07	AbsError: 1.69180e-10
Iteration: 6
  Device: "part1_baseline"	RelError: 6.74369e-12	AbsError: 5.24675e+04
    Region: "bulk"	RelError: 6.72637e-12	AbsError: 5.24675e+04
      Equation: "ElectronContinuityEquation"	RelError: 2.07772e-12	AbsError: 5.24624e+04
      Equation: "HoleContinuityEquation"	RelError: 4.55018e-12	AbsError: 5.08523e+00
      Equation: "PotentialEquation"	RelError: 9.84670e-14	AbsError: 5.75588e-15
    Region: "oxide"	RelError: 1.73242e-14	AbsError: 2.55464e-17
      Equation: "PotentialEquation"	RelError: 1.73242e-14	AbsError: 2.55464e-17
number of equations 6873
Iteration: 0
  Device: "part1_baseline"	RelError: 2.00945e+03	AbsError: 6.17950e+16
    Region: "bulk"	RelError: 2.00655e+03	AbsError: 6.17950e+16
      Equation: "ElectronContinuityEquation"	RelError: 9.99000e+02	AbsError: 6.12568e+16
      Equation: "HoleContinuityEquation"	RelError: 9.99000e+02	AbsError: 5.38131e+14
      Equation: "PotentialEquation"	RelError: 8.54834e+00	AbsError: 4.09542e-02
    Region: "oxide"	RelError: 2.90497e+00	AbsError: 1.84223e-02
      Equation: "PotentialEquation"	RelError: 2.90497e+00	AbsError: 1.84223e-02
Iteration: 1
  Device: "part1_baseline"	RelError: 2.21534e+00	AbsError: 7.59192e+14
    Region: "bulk"	RelError: 2.19709e+00	AbsError: 7.59192e+14
      Equation: "ElectronContinuityEquation"	RelError: 9.97267e-01	AbsError: 7.22693e+14
      Equation: "HoleContinuityEquation"	RelError: 9.98310e-01	AbsError: 3.64987e+13
      Equation: "PotentialEquation"	RelError: 2.01510e-01	AbsError: 3.07632e-02
    Region: "oxide"	RelError: 1.82528e-02	AbsError: 8.42715e-03
      Equation: "PotentialEquation"	RelError: 1.82528e-02	AbsError: 8.42715e-03
Iteration: 2
  Device: "part1_baseline"	RelError: 7.95172e-01	AbsError: 6.28124e+13
    Region: "bulk"	RelError: 7.95127e-01	AbsError: 6.28124e+13
      Equation: "ElectronContinuityEquation"	RelError: 2.88876e-01	AbsError: 6.27056e+13
      Equation: "HoleContinuityEquation"	RelError: 4.90623e-01	AbsError: 1.06848e+11
      Equation: "PotentialEquation"	RelError: 1.56288e-02	AbsError: 2.58606e-02
    Region: "oxide"	RelError: 4.42133e-05	AbsError: 9.70070e-08
      Equation: "PotentialEquation"	RelError: 4.42133e-05	AbsError: 9.70070e-08
Iteration: 3
  Device: "part1_baseline"	RelError: 1.79263e-01	AbsError: 6.70446e+14
    Region: "bulk"	RelError: 1.79048e-01	AbsError: 6.70446e+14
      Equation: "ElectronContinuityEquation"	RelError: 1.27661e-01	AbsError: 6.70325e+14
      Equation: "HoleContinuityEquation"	RelError: 4.63910e-02	AbsError: 1.20408e+11
      Equation: "PotentialEquation"	RelError: 4.99591e-03	AbsError: 9.16544e-03
    Region: "oxide"	RelError: 2.15657e-04	AbsError: 4.66865e-07
      Equation: "PotentialEquation"	RelError: 2.15657e-04	AbsError: 4.66865e-07
Iteration: 4
  Device: "part1_baseline"	RelError: 4.33518e-02	AbsError: 7.27469e+14
    Region: "bulk"	RelError: 4.30938e-02	AbsError: 7.27469e+14
      Equation: "ElectronContinuityEquation"	RelError: 3.55561e-02	AbsError: 7.27325e+14
      Equation: "HoleContinuityEquation"	RelError: 5.18939e-03	AbsError: 1.43686e+11
      Equation: "PotentialEquation"	RelError: 2.34832e-03	AbsError: 8.50004e-05
    Region: "oxide"	RelError: 2.58028e-04	AbsError: 5.58444e-07
      Equation: "PotentialEquation"	RelError: 2.58028e-04	AbsError: 5.58444e-07
Iteration: 5
  Device: "part1_baseline"	RelError: 7.33558e-05	AbsError: 2.68298e+11
    Region: "bulk"	RelError: 7.32920e-05	AbsError: 2.68298e+11
      Equation: "ElectronContinuityEquation"	RelError: 1.53404e-05	AbsError: 2.68269e+11
      Equation: "HoleContinuityEquation"	RelError: 5.74844e-05	AbsError: 2.88462e+07
      Equation: "PotentialEquation"	RelError: 4.67170e-07	AbsError: 2.96199e-08
    Region: "oxide"	RelError: 6.38049e-08	AbsError: 1.38441e-10
      Equation: "PotentialEquation"	RelError: 6.38049e-08	AbsError: 1.38441e-10
Iteration: 6
  Device: "part1_baseline"	RelError: 3.68211e-12	AbsError: 3.45376e+04
    Region: "bulk"	RelError: 3.67428e-12	AbsError: 3.45376e+04
      Equation: "ElectronContinuityEquation"	RelError: 1.55438e-12	AbsError: 3.45343e+04
      Equation: "HoleContinuityEquation"	RelError: 2.07144e-12	AbsError: 3.25359e+00
      Equation: "PotentialEquation"	RelError: 4.84541e-14	AbsError: 3.79756e-15
    Region: "oxide"	RelError: 7.83005e-15	AbsError: 1.71813e-17
      Equation: "PotentialEquation"	RelError: 7.83005e-15	AbsError: 1.71813e-17
number of equations 6873
Iteration: 0
  Device: "part1_baseline"	RelError: 2.01446e+03	AbsError: 6.02999e+16
    Region: "bulk"	RelError: 2.01372e+03	AbsError: 6.02999e+16
      Equation: "ElectronContinuityEquation"	RelError: 9.99000e+02	AbsError: 5.97846e+16
      Equation: "HoleContinuityEquation"	RelError: 9.99000e+02	AbsError: 5.15355e+14
      Equation: "PotentialEquation"	RelError: 1.57156e+01	AbsError: 4.09542e-02
    Region: "oxide"	RelError: 7.43741e-01	AbsError: 1.84234e-02
      Equation: "PotentialEquation"	RelError: 7.43741e-01	AbsError: 1.84234e-02
Iteration: 1
  Device: "part1_baseline"	RelError: 2.13678e+00	AbsError: 7.87262e+14
    Region: "bulk"	RelError: 2.11953e+00	AbsError: 7.87262e+14
      Equation: "ElectronContinuityEquation"	RelError: 9.96199e-01	AbsError: 7.54217e+14
      Equation: "HoleContinuityEquation"	RelError: 9.98226e-01	AbsError: 3.30451e+13
      Equation: "PotentialEquation"	RelError: 1.25106e-01	AbsError: 3.07632e-02
    Region: "oxide"	RelError: 1.72515e-02	AbsError: 8.42808e-03
      Equation: "PotentialEquation"	RelError: 1.72515e-02	AbsError: 8.42808e-03
Iteration: 2
  Device: "part1_baseline"	RelError: 6.93200e-01	AbsError: 5.82192e+13
    Region: "bulk"	RelError: 6.93189e-01	AbsError: 5.82192e+13
      Equation: "ElectronContinuityEquation"	RelError: 2.46181e-01	AbsError: 5.81600e+13
      Equation: "HoleContinuityEquation"	RelError: 4.32251e-01	AbsError: 5.91844e+10
      Equation: "PotentialEquation"	RelError: 1.47580e-02	AbsError: 2.58949e-02
    Region: "oxide"	RelError: 1.05646e-05	AbsError: 9.02680e-08
      Equation: "PotentialEquation"	RelError: 1.05646e-05	AbsError: 9.02680e-08
Iteration: 3
  Device: "part1_baseline"	RelError: 1.17014e-01	AbsError: 5.92043e+14
    Region: "bulk"	RelError: 1.16965e-01	AbsError: 5.92043e+14
      Equation: "ElectronContinuityEquation"	RelError: 9.96967e-02	AbsError: 5.91941e+14
      Equation: "HoleContinuityEquation"	RelError: 1.25432e-02	AbsError: 1.02539e+11
      Equation: "PotentialEquation"	RelError: 4.72519e-03	AbsError: 9.16543e-03
    Region: "oxide"	RelError: 4.84501e-05	AbsError: 4.09481e-07
      Equation: "PotentialEquation"	RelError: 4.84501e-05	AbsError: 4.09481e-07
Iteration: 4
  Device: "part1_baseline"	RelError: 4.20441e-02	AbsError: 6.44310e+14
    Region: "bulk"	RelError: 4.19855e-02	AbsError: 6.44310e+14
      Equation: "ElectronContinuityEquation"	RelError: 3.55937e-02	AbsError: 6.44187e+14
      Equation: "HoleContinuityEquation"	RelError: 4.32090e-03	AbsError: 1.23459e+11
      Equation: "PotentialEquation"	RelError: 2.07088e-03	AbsError: 7.51721e-05
    Region: "oxide"	RelError: 5.86037e-05	AbsError: 4.95262e-07
      Equation: "PotentialEquation"	RelError: 5.86037e-05	AbsError: 4.95262e-07
Iteration: 5
  Device: "part1_baseline"	RelError: 5.16510e-05	AbsError: 2.12513e+11
    Region: "bulk"	RelError: 5.16377e-05	AbsError: 2.12513e+11
      Equation: "ElectronContinuityEquation"	RelError: 1.37687e-05	AbsError: 2.12490e+11
      Equation: "HoleContinuityEquation"	RelError: 3.74131e-05	AbsError: 2.25429e+07
      Equation: "PotentialEquation"	RelError: 4.55964e-07	AbsError: 2.35157e-08
    Region: "oxide"	RelError: 1.32578e-08	AbsError: 1.12270e-10
      Equation: "PotentialEquation"	RelError: 1.32578e-08	AbsError: 1.12270e-10
Iteration: 6
  Device: "part1_baseline"	RelError: 1.99123e-12	AbsError: 2.19305e+04
    Region: "bulk"	RelError: 1.98993e-12	AbsError: 2.19305e+04
      Equation: "ElectronContinuityEquation"	RelError: 1.11129e-12	AbsError: 2.19285e+04
      Equation: "HoleContinuityEquation"	RelError: 8.34958e-13	AbsError: 1.98282e+00
      Equation: "PotentialEquation"	RelError: 4.36823e-14	AbsError: 2.41651e-15
    Region: "oxide"	RelError: 1.30094e-15	AbsError: 1.11428e-17
      Equation: "PotentialEquation"	RelError: 1.30094e-15	AbsError: 1.11428e-17
number of equations 6873
Iteration: 0
  Device: "part1_baseline"	RelError: 2.05204e+03	AbsError: 5.87233e+16
    Region: "bulk"	RelError: 2.05161e+03	AbsError: 5.87233e+16
      Equation: "ElectronContinuityEquation"	RelError: 9.99000e+02	AbsError: 5.82347e+16
      Equation: "HoleContinuityEquation"	RelError: 9.99000e+02	AbsError: 4.88565e+14
      Equation: "PotentialEquation"	RelError: 5.36137e+01	AbsError: 4.09542e-02
    Region: "oxide"	RelError: 4.26774e-01	AbsError: 1.84243e-02
      Equation: "PotentialEquation"	RelError: 4.26774e-01	AbsError: 1.84243e-02
Iteration: 1
  Device: "part1_baseline"	RelError: 2.22790e+00	AbsError: 8.13796e+14
    Region: "bulk"	RelError: 2.21155e+00	AbsError: 8.13796e+14
      Equation: "ElectronContinuityEquation"	RelError: 9.96552e-01	AbsError: 7.84080e+14
      Equation: "HoleContinuityEquation"	RelError: 9.97922e-01	AbsError: 2.97161e+13
      Equation: "PotentialEquation"	RelError: 2.17072e-01	AbsError: 3.07632e-02
    Region: "oxide"	RelError: 1.63541e-02	AbsError: 8.42881e-03
      Equation: "PotentialEquation"	RelError: 1.63541e-02	AbsError: 8.42881e-03
Iteration: 2
  Device: "part1_baseline"	RelError: 6.10614e-01	AbsError: 5.36768e+13
    Region: "bulk"	RelError: 6.10608e-01	AbsError: 5.36768e+13
      Equation: "ElectronContinuityEquation"	RelError: 2.12215e-01	AbsError: 5.36481e+13
      Equation: "HoleContinuityEquation"	RelError: 3.84414e-01	AbsError: 2.87416e+10
      Equation: "PotentialEquation"	RelError: 1.39782e-02	AbsError: 2.58624e-02
    Region: "oxide"	RelError: 5.96470e-06	AbsError: 8.51583e-08
      Equation: "PotentialEquation"	RelError: 5.96470e-06	AbsError: 8.51583e-08
Iteration: 3
  Device: "part1_baseline"	RelError: 9.28225e-02	AbsError: 5.19947e+14
    Region: "bulk"	RelError: 9.27967e-02	AbsError: 5.19947e+14
      Equation: "ElectronContinuityEquation"	RelError: 8.19971e-02	AbsError: 5.19863e+14
      Equation: "HoleContinuityEquation"	RelError: 3.03216e-03	AbsError: 8.39431e+10
      Equation: "PotentialEquation"	RelError: 7.76750e-03	AbsError: 9.16542e-03
    Region: "oxide"	RelError: 2.58002e-05	AbsError: 3.52469e-07
      Equation: "PotentialEquation"	RelError: 2.58002e-05	AbsError: 3.52469e-07
Iteration: 4
  Device: "part1_baseline"	RelError: 4.88688e-02	AbsError: 5.67424e+14
    Region: "bulk"	RelError: 4.88372e-02	AbsError: 5.67424e+14
      Equation: "ElectronContinuityEquation"	RelError: 3.55303e-02	AbsError: 5.67321e+14
      Equation: "HoleContinuityEquation"	RelError: 3.32291e-03	AbsError: 1.02823e+11
      Equation: "PotentialEquation"	RelError: 9.98398e-03	AbsError: 6.61023e-05
    Region: "oxide"	RelError: 3.15734e-05	AbsError: 4.33549e-07
      Equation: "PotentialEquation"	RelError: 3.15734e-05	AbsError: 4.33549e-07
Iteration: 5
  Device: "part1_baseline"	RelError: 3.62663e-05	AbsError: 1.65762e+11
    Region: "bulk"	RelError: 3.62599e-05	AbsError: 1.65762e+11
      Equation: "ElectronContinuityEquation"	RelError: 1.21314e-05	AbsError: 1.65745e+11
      Equation: "HoleContinuityEquation"	RelError: 2.30767e-05	AbsError: 1.70277e+07
      Equation: "PotentialEquation"	RelError: 1.05177e-06	AbsError: 1.83778e-08
    Region: "oxide"	RelError: 6.32525e-09	AbsError: 8.89650e-11
      Equation: "PotentialEquation"	RelError: 6.32525e-09	AbsError: 8.89650e-11
Iteration: 6
  Device: "part1_baseline"	RelError: 1.21414e-12	AbsError: 1.34490e+04
    Region: "bulk"	RelError: 1.21366e-12	AbsError: 1.34490e+04
      Equation: "ElectronContinuityEquation"	RelError: 7.69255e-13	AbsError: 1.34478e+04
      Equation: "HoleContinuityEquation"	RelError: 3.66650e-13	AbsError: 1.19394e+00
      Equation: "PotentialEquation"	RelError: 7.77534e-14	AbsError: 1.48472e-15
    Region: "oxide"	RelError: 4.80832e-16	AbsError: 6.95193e-18
      Equation: "PotentialEquation"	RelError: 4.80832e-16	AbsError: 6.95193e-18
number of equations 6873
Iteration: 0
  Device: "part1_baseline"	RelError: 1.61137e+03	AbsError: 5.95772e+16
    Region: "bulk"	RelError: 1.61094e+03	AbsError: 5.95772e+16
      Equation: "ElectronContinuityEquation"	RelError: 3.52235e+01	AbsError: 5.91075e+16
      Equation: "HoleContinuityEquation"	RelError: 1.50168e+03	AbsError: 4.69732e+14
      Equation: "PotentialEquation"	RelError: 7.40378e+01	AbsError: 4.09542e-02
    Region: "oxide"	RelError: 4.30042e-01	AbsError: 1.84250e-02
      Equation: "PotentialEquation"	RelError: 4.30042e-01	AbsError: 1.84250e-02
Iteration: 1
  Device: "part1_baseline"	RelError: 2.27199e+00	AbsError: 8.39971e+14
    Region: "bulk"	RelError: 2.25644e+00	AbsError: 8.39971e+14
      Equation: "ElectronContinuityEquation"	RelError: 9.04098e-01	AbsError: 8.12565e+14
      Equation: "HoleContinuityEquation"	RelError: 9.98522e-01	AbsError: 2.74061e+13
      Equation: "PotentialEquation"	RelError: 3.53821e-01	AbsError: 3.07632e-02
    Region: "oxide"	RelError: 1.55452e-02	AbsError: 8.42937e-03
      Equation: "PotentialEquation"	RelError: 1.55452e-02	AbsError: 8.42937e-03
Iteration: 2
  Device: "part1_baseline"	RelError: 5.41284e-01	AbsError: 4.98355e+13
    Region: "bulk"	RelError: 5.41276e-01	AbsError: 4.98355e+13
      Equation: "ElectronContinuityEquation"	RelError: 1.87054e-01	AbsError: 4.98138e+13
      Equation: "HoleContinuityEquation"	RelError: 3.40930e-01	AbsError: 2.16535e+10
      Equation: "PotentialEquation"	RelError: 1.32922e-02	AbsError: 2.58842e-02
    Region: "oxide"	RelError: 8.16548e-06	AbsError: 8.12023e-08
      Equation: "PotentialEquation"	RelError: 8.16548e-06	AbsError: 8.12023e-08
Iteration: 3
  Device: "part1_baseline"	RelError: 8.11583e-02	AbsError: 4.54260e+14
    Region: "bulk"	RelError: 8.11261e-02	AbsError: 4.54260e+14
      Equation: "ElectronContinuityEquation"	RelError: 7.04384e-02	AbsError: 4.54189e+14
      Equation: "HoleContinuityEquation"	RelError: 1.62790e-03	AbsError: 7.12390e+10
      Equation: "PotentialEquation"	RelError: 9.05979e-03	AbsError: 9.16541e-03
    Region: "oxide"	RelError: 3.22026e-05	AbsError: 3.05617e-07
      Equation: "PotentialEquation"	RelError: 3.22026e-05	AbsError: 3.05617e-07
Iteration: 4
  Device: "part1_baseline"	RelError: 4.92622e-02	AbsError: 4.97031e+14
    Region: "bulk"	RelError: 4.92221e-02	AbsError: 4.97031e+14
      Equation: "ElectronContinuityEquation"	RelError: 3.52483e-02	AbsError: 4.96942e+14
      Equation: "HoleContinuityEquation"	RelError: 2.45204e-03	AbsError: 8.84516e+10
      Equation: "PotentialEquation"	RelError: 1.15218e-02	AbsError: 5.78799e-05
    Region: "oxide"	RelError: 4.00786e-05	AbsError: 3.82797e-07
      Equation: "PotentialEquation"	RelError: 4.00786e-05	AbsError: 3.82797e-07
Iteration: 5
  Device: "part1_baseline"	RelError: 3.05988e-05	AbsError: 1.27543e+11
    Region: "bulk"	RelError: 3.05917e-05	AbsError: 1.27543e+11
      Equation: "ElectronContinuityEquation"	RelError: 1.02067e-05	AbsError: 1.27530e+11
      Equation: "HoleContinuityEquation"	RelError: 1.91109e-05	AbsError: 1.28228e+07
      Equation: "PotentialEquation"	RelError: 1.27411e-06	AbsError: 1.41712e-08
    Region: "oxide"	RelError: 7.14445e-09	AbsError: 6.99953e-11
      Equation: "PotentialEquation"	RelError: 7.14445e-09	AbsError: 6.99953e-11
Iteration: 6
  Device: "part1_baseline"	RelError: 8.45691e-13	AbsError: 7.99917e+03
    Region: "bulk"	RelError: 8.45273e-13	AbsError: 7.99917e+03
      Equation: "ElectronContinuityEquation"	RelError: 4.99549e-13	AbsError: 7.99848e+03
      Equation: "HoleContinuityEquation"	RelError: 2.75240e-13	AbsError: 6.92278e-01
      Equation: "PotentialEquation"	RelError: 7.04834e-14	AbsError: 8.84697e-16
    Region: "oxide"	RelError: 4.17715e-16	AbsError: 4.21060e-18
      Equation: "PotentialEquation"	RelError: 4.17715e-16	AbsError: 4.21060e-18
number of equations 6873
Iteration: 0
  Device: "part1_baseline"	RelError: 1.03116e+03	AbsError: 6.06036e+16
    Region: "bulk"	RelError: 1.03040e+03	AbsError: 6.06036e+16
      Equation: "ElectronContinuityEquation"	RelError: 8.20013e+00	AbsError: 6.01543e+16
      Equation: "HoleContinuityEquation"	RelError: 9.99000e+02	AbsError: 4.49288e+14
      Equation: "PotentialEquation"	RelError: 2.32017e+01	AbsError: 4.09542e-02
    Region: "oxide"	RelError: 7.60126e-01	AbsError: 1.84256e-02
      Equation: "PotentialEquation"	RelError: 7.60126e-01	AbsError: 1.84256e-02
Iteration: 1
  Device: "part1_baseline"	RelError: 1.77757e+00	AbsError: 8.64726e+14
    Region: "bulk"	RelError: 1.76275e+00	AbsError: 8.64726e+14
      Equation: "ElectronContinuityEquation"	RelError: 6.82815e-01	AbsError: 8.39759e+14
      Equation: "HoleContinuityEquation"	RelError: 9.98006e-01	AbsError: 2.49676e+13
      Equation: "PotentialEquation"	RelError: 8.19319e-02	AbsError: 3.07632e-02
    Region: "oxide"	RelError: 1.48123e-02	AbsError: 8.42976e-03
      Equation: "PotentialEquation"	RelError: 1.48123e-02	AbsError: 8.42976e-03
Iteration: 2
  Device: "part1_baseline"	RelError: 4.96500e-01	AbsError: 4.78521e+13
    Region: "bulk"	RelError: 4.96487e-01	AbsError: 4.78521e+13
      Equation: "ElectronContinuityEquation"	RelError: 1.65634e-01	AbsError: 4.78328e+13
      Equation: "HoleContinuityEquation"	RelError: 3.18185e-01	AbsError: 1.92162e+10
      Equation: "PotentialEquation"	RelError: 1.26679e-02	AbsError: 2.58958e-02
    Region: "oxide"	RelError: 1.38164e-05	AbsError: 7.79496e-08
      Equation: "PotentialEquation"	RelError: 1.38164e-05	AbsError: 7.79496e-08
Iteration: 3
  Device: "part1_baseline"	RelError: 6.51116e-02	AbsError: 3.94999e+14
    Region: "bulk"	RelError: 6.50624e-02	AbsError: 3.94999e+14
      Equation: "ElectronContinuityEquation"	RelError: 5.97630e-02	AbsError: 3.94940e+14
      Equation: "HoleContinuityEquation"	RelError: 1.23737e-03	AbsError: 5.91690e+10
      Equation: "PotentialEquation"	RelError: 4.06208e-03	AbsError: 9.16540e-03
    Region: "oxide"	RelError: 4.91543e-05	AbsError: 2.63182e-07
      Equation: "PotentialEquation"	RelError: 4.91543e-05	AbsError: 2.63182e-07
Iteration: 4
  Device: "part1_baseline"	RelError: 4.10620e-02	AbsError: 4.33239e+14
    Region: "bulk"	RelError: 4.09995e-02	AbsError: 4.33239e+14
      Equation: "ElectronContinuityEquation"	RelError: 3.44909e-02	AbsError: 4.33164e+14
      Equation: "HoleContinuityEquation"	RelError: 1.82199e-03	AbsError: 7.46759e+10
      Equation: "PotentialEquation"	RelError: 4.68666e-03	AbsError: 5.04532e-05
    Region: "oxide"	RelError: 6.24452e-05	AbsError: 3.37081e-07
      Equation: "PotentialEquation"	RelError: 6.24452e-05	AbsError: 3.37081e-07
Iteration: 5
  Device: "part1_baseline"	RelError: 3.53770e-05	AbsError: 9.68922e+10
    Region: "bulk"	RelError: 3.53671e-05	AbsError: 9.68922e+10
      Equation: "ElectronContinuityEquation"	RelError: 8.75397e-06	AbsError: 9.68825e+10
      Equation: "HoleContinuityEquation"	RelError: 2.61520e-05	AbsError: 9.76262e+06
      Equation: "PotentialEquation"	RelError: 4.61186e-07	AbsError: 1.07883e-08
    Region: "oxide"	RelError: 9.80336e-09	AbsError: 5.43347e-11
      Equation: "PotentialEquation"	RelError: 9.80336e-09	AbsError: 5.43347e-11
Iteration: 6
  Device: "part1_baseline"	RelError: 6.26414e-13	AbsError: 4.62300e+03
    Region: "bulk"	RelError: 6.25980e-13	AbsError: 4.62300e+03
      Equation: "ElectronContinuityEquation"	RelError: 2.99707e-13	AbsError: 4.62261e+03
      Equation: "HoleContinuityEquation"	RelError: 3.13996e-13	AbsError: 3.88336e-01
      Equation: "PotentialEquation"	RelError: 1.22778e-14	AbsError: 5.12186e-16
    Region: "oxide"	RelError: 4.33857e-16	AbsError: 2.47630e-18
      Equation: "PotentialEquation"	RelError: 4.33857e-16	AbsError: 2.47630e-18
number of equations 6873
Iteration: 0
  Device: "part1_baseline"	RelError: 2.58850e+03	AbsError: 6.16491e+16
    Region: "bulk"	RelError: 2.58528e+03	AbsError: 6.16491e+16
      Equation: "ElectronContinuityEquation"	RelError: 4.43120e+00	AbsError: 6.12195e+16
      Equation: "HoleContinuityEquation"	RelError: 2.53954e+03	AbsError: 4.29604e+14
      Equation: "PotentialEquation"	RelError: 4.13055e+01	AbsError: 4.09542e-02
    Region: "oxide"	RelError: 3.22637e+00	AbsError: 1.84260e-02
      Equation: "PotentialEquation"	RelError: 3.22637e+00	AbsError: 1.84260e-02
Iteration: 1
  Device: "part1_baseline"	RelError: 1.63917e+00	AbsError: 8.88796e+14
    Region: "bulk"	RelError: 1.62502e+00	AbsError: 8.88796e+14
      Equation: "ElectronContinuityEquation"	RelError: 5.11261e-01	AbsError: 8.65607e+14
      Equation: "HoleContinuityEquation"	RelError: 9.99159e-01	AbsError: 2.31888e+13
      Equation: "PotentialEquation"	RelError: 1.14602e-01	AbsError: 3.07632e-02
    Region: "oxide"	RelError: 1.41453e-02	AbsError: 8.43002e-03
      Equation: "PotentialEquation"	RelError: 1.41453e-02	AbsError: 8.43002e-03
Iteration: 2
  Device: "part1_baseline"	RelError: 4.36240e-01	AbsError: 4.57005e+13
    Region: "bulk"	RelError: 4.36184e-01	AbsError: 4.57005e+13
      Equation: "ElectronContinuityEquation"	RelError: 1.42989e-01	AbsError: 4.56832e+13
      Equation: "HoleContinuityEquation"	RelError: 2.81097e-01	AbsError: 1.73090e+10
      Equation: "PotentialEquation"	RelError: 1.20976e-02	AbsError: 2.58996e-02
    Region: "oxide"	RelError: 5.65321e-05	AbsError: 7.52488e-08
      Equation: "PotentialEquation"	RelError: 5.65321e-05	AbsError: 7.52488e-08
Iteration: 3
  Device: "part1_baseline"	RelError: 5.46699e-02	AbsError: 3.41981e+14
    Region: "bulk"	RelError: 5.44904e-02	AbsError: 3.41981e+14
      Equation: "ElectronContinuityEquation"	RelError: 4.95418e-02	AbsError: 3.41931e+14
      Equation: "HoleContinuityEquation"	RelError: 1.06870e-03	AbsError: 5.00045e+10
      Equation: "PotentialEquation"	RelError: 3.87987e-03	AbsError: 9.16539e-03
    Region: "oxide"	RelError: 1.79522e-04	AbsError: 2.25017e-07
      Equation: "PotentialEquation"	RelError: 1.79522e-04	AbsError: 2.25017e-07
Iteration: 4
  Device: "part1_baseline"	RelError: 3.79234e-02	AbsError: 3.75936e+14
    Region: "bulk"	RelError: 3.76897e-02	AbsError: 3.75936e+14
      Equation: "ElectronContinuityEquation"	RelError: 3.28928e-02	AbsError: 3.75872e+14
      Equation: "HoleContinuityEquation"	RelError: 1.43976e-03	AbsError: 6.43608e+10
      Equation: "PotentialEquation"	RelError: 3.35717e-03	AbsError: 4.37982e-05
    Region: "oxide"	RelError: 2.33757e-04	AbsError: 2.96143e-07
      Equation: "PotentialEquation"	RelError: 2.33757e-04	AbsError: 2.96143e-07
Iteration: 5
  Device: "part1_baseline"	RelError: 4.37130e-05	AbsError: 7.27561e+10
    Region: "bulk"	RelError: 4.36810e-05	AbsError: 7.27561e+10
      Equation: "ElectronContinuityEquation"	RelError: 7.78750e-06	AbsError: 7.27488e+10
      Equation: "HoleContinuityEquation"	RelError: 3.54424e-05	AbsError: 7.26902e+06
      Equation: "PotentialEquation"	RelError: 4.51111e-07	AbsError: 8.11760e-09
    Region: "oxide"	RelError: 3.20191e-08	AbsError: 4.16714e-11
      Equation: "PotentialEquation"	RelError: 3.20191e-08	AbsError: 4.16714e-11
Iteration: 6
  Device: "part1_baseline"	RelError: 5.17623e-13	AbsError: 2.60287e+03
    Region: "bulk"	RelError: 5.16565e-13	AbsError: 2.60287e+03
      Equation: "ElectronContinuityEquation"	RelError: 1.67367e-13	AbsError: 2.60266e+03
      Equation: "HoleContinuityEquation"	RelError: 3.34527e-13	AbsError: 2.16785e-01
      Equation: "PotentialEquation"	RelError: 1.46720e-14	AbsError: 2.88859e-16
    Region: "oxide"	RelError: 1.05739e-15	AbsError: 1.41842e-18
      Equation: "PotentialEquation"	RelError: 1.05739e-15	AbsError: 1.41842e-18
number of equations 6873
Iteration: 0
  Device: "part1_baseline"	RelError: 1.01194e+03	AbsError: 6.27154e+16
    Region: "bulk"	RelError: 1.01049e+03	AbsError: 6.27154e+16
      Equation: "ElectronContinuityEquation"	RelError: 2.80972e+00	AbsError: 6.22997e+16
      Equation: "HoleContinuityEquation"	RelError: 9.99000e+02	AbsError: 4.15725e+14
      Equation: "PotentialEquation"	RelError: 8.68285e+00	AbsError: 4.09542e-02
    Region: "oxide"	RelError: 1.44443e+00	AbsError: 1.84262e-02
      Equation: "PotentialEquation"	RelError: 1.44443e+00	AbsError: 1.84262e-02
Iteration: 1
  Device: "part1_baseline"	RelError: 1.44584e+00	AbsError: 9.11042e+14
    Region: "bulk"	RelError: 1.43230e+00	AbsError: 9.11042e+14
      Equation: "ElectronContinuityEquation"	RelError: 3.73529e-01	AbsError: 8.89944e+14
      Equation: "HoleContinuityEquation"	RelError: 9.97951e-01	AbsError: 2.10980e+13
      Equation: "PotentialEquation"	RelError: 6.08205e-02	AbsError: 3.07632e-02
    Region: "oxide"	RelError: 1.35355e-02	AbsError: 8.43015e-03
      Equation: "PotentialEquation"	RelError: 1.35355e-02	AbsError: 8.43015e-03
Iteration: 2
  Device: "part1_baseline"	RelError: 3.89733e-01	AbsError: 4.34173e+13
    Region: "bulk"	RelError: 3.89708e-01	AbsError: 4.34173e+13
      Equation: "ElectronContinuityEquation"	RelError: 1.19537e-01	AbsError: 4.34019e+13
      Equation: "HoleContinuityEquation"	RelError: 2.58596e-01	AbsError: 1.54157e+10
      Equation: "PotentialEquation"	RelError: 1.15749e-02	AbsError: 2.58972e-02
    Region: "oxide"	RelError: 2.42439e-05	AbsError: 7.29968e-08
      Equation: "PotentialEquation"	RelError: 2.42439e-05	AbsError: 7.29968e-08
Iteration: 3
  Device: "part1_baseline"	RelError: 4.49524e-02	AbsError: 2.94903e+14
    Region: "bulk"	RelError: 4.48844e-02	AbsError: 2.94903e+14
      Equation: "ElectronContinuityEquation"	RelError: 3.97640e-02	AbsError: 2.94862e+14
      Equation: "HoleContinuityEquation"	RelError: 1.40737e-03	AbsError: 4.14915e+10
      Equation: "PotentialEquation"	RelError: 3.71300e-03	AbsError: 9.16538e-03
    Region: "oxide"	RelError: 6.79709e-05	AbsError: 1.90905e-07
      Equation: "PotentialEquation"	RelError: 6.79709e-05	AbsError: 1.90905e-07
Iteration: 4
  Device: "part1_baseline"	RelError: 3.32648e-02	AbsError: 3.24866e+14
    Region: "bulk"	RelError: 3.31736e-02	AbsError: 3.24866e+14
      Equation: "ElectronContinuityEquation"	RelError: 2.99980e-02	AbsError: 3.24811e+14
      Equation: "HoleContinuityEquation"	RelError: 1.84138e-03	AbsError: 5.46565e+10
      Equation: "PotentialEquation"	RelError: 1.33417e-03	AbsError: 3.78778e-05
    Region: "oxide"	RelError: 9.12207e-05	AbsError: 2.59689e-07
      Equation: "PotentialEquation"	RelError: 9.12207e-05	AbsError: 2.59689e-07
Iteration: 5
  Device: "part1_baseline"	RelError: 5.44070e-05	AbsError: 5.40589e+10
    Region: "bulk"	RelError: 5.43961e-05	AbsError: 5.40589e+10
      Equation: "ElectronContinuityEquation"	RelError: 6.87894e-06	AbsError: 5.40536e+10
      Equation: "HoleContinuityEquation"	RelError: 4.73841e-05	AbsError: 5.31221e+06
      Equation: "PotentialEquation"	RelError: 1.33125e-07	AbsError: 6.04380e-09
    Region: "oxide"	RelError: 1.08106e-08	AbsError: 3.16202e-11
      Equation: "PotentialEquation"	RelError: 1.08106e-08	AbsError: 3.16202e-11
Iteration: 6
  Device: "part1_baseline"	RelError: 4.43585e-13	AbsError: 1.43125e+03
    Region: "bulk"	RelError: 4.43322e-13	AbsError: 1.43125e+03
      Equation: "ElectronContinuityEquation"	RelError: 1.09035e-13	AbsError: 1.43113e+03
      Equation: "HoleContinuityEquation"	RelError: 3.31478e-13	AbsError: 1.17299e-01
      Equation: "PotentialEquation"	RelError: 2.80952e-15	AbsError: 1.59097e-16
    Region: "oxide"	RelError: 2.63053e-16	AbsError: 7.93609e-19
      Equation: "PotentialEquation"	RelError: 2.63053e-16	AbsError: 7.93609e-19
number of equations 6873
Iteration: 0
  Device: "part1_baseline"	RelError: 5.05309e-20	AbsError: 1.06770e-12
    Region: "bulk"	RelError: 5.05309e-20	AbsError: 1.06770e-12
      Equation: "ElectronContinuityEquation"	RelError: 5.05309e-20	AbsError: 1.06750e-12
      Equation: "HoleContinuityEquation"	RelError: 2.21458e-28	AbsError: 2.05556e-16
      Equation: "PotentialEquation"	RelError: 3.05509e-30	AbsError: 1.08592e-31
    Region: "oxide"	RelError: 6.79603e-31	AbsError: 4.74700e-33
      Equation: "PotentialEquation"	RelError: 6.79603e-31	AbsError: 4.74700e-33
Vth          0.4841798796836077     V        PASS
Ion          595.1657934222595      uA/um    PASS
Ioff         0.03766112869795235    pA/um    PASS
SS           66.54977019632912      mV/dec   PASS
Ioff_398K    78.45488570922831      pA/um    PASS
DIBL         20.619840043167518     mV/V     PASS
Body_effect  0.018630743303099495   V        PASS
Eox          4.444444444444445      MV/cm    PASS
