Creating Region air
Creating Region bulk
Creating Region gate_metal
Creating Region oxide
Contact: source region bulk ni: 0 ci: 51 (0, 0, 0)
Contact: body region bulk ni: 70 ci: 86 (0, 5e-05, 0)
Contact: source region bulk ni: 2 ci: 95 (2.5e-06, 0, 0)
Contact: body region bulk ni: 71 ci: 130 (2.5e-06, 5e-05, 0)
Contact: source region bulk ni: 72 ci: 139 (5e-06, 0, 0)
Contact: body region bulk ni: 107 ci: 174 (5e-06, 5e-05, 0)
Contact: source region bulk ni: 108 ci: 183 (7.5e-06, 0, 0)
Contact: body region bulk ni: 143 ci: 218 (7.5e-06, 5e-05, 0)
Contact: source region bulk ni: 144 ci: 227 (1e-05, 0, 0)
Contact: body region bulk ni: 179 ci: 262 (1e-05, 5e-05, 0)
Contact: source region bulk ni: 180 ci: 271 (1.25e-05, 0, 0)
Contact: body region bulk ni: 215 ci: 306 (1.25e-05, 5e-05, 0)
Contact: source region bulk ni: 216 ci: 315 (1.5e-05, 0, 0)
Contact: body region bulk ni: 251 ci: 350 (1.5e-05, 5e-05, 0)
Contact: source region bulk ni: 252 ci: 359 (1.75e-05, 0, 0)
Contact: body region bulk ni: 287 ci: 394 (1.75e-05, 5e-05, 0)
Contact: source region bulk ni: 288 ci: 403 (2e-05, 0, 0)
Contact: body region bulk ni: 323 ci: 438 (2e-05, 5e-05, 0)
Contact: source region bulk ni: 324 ci: 447 (2.25e-05, 0, 0)
Contact: body region bulk ni: 359 ci: 482 (2.25e-05, 5e-05, 0)
Contact: source region bulk ni: 360 ci: 491 (2.5e-05, 0, 0)
Contact: body region bulk ni: 395 ci: 526 (2.5e-05, 5e-05, 0)
Contact: source region bulk ni: 396 ci: 535 (2.75e-05, 0, 0)
Contact: body region bulk ni: 431 ci: 570 (2.75e-05, 5e-05, 0)
Contact: source region bulk ni: 432 ci: 579 (3e-05, 0, 0)
Contact: body region bulk ni: 467 ci: 614 (3e-05, 5e-05, 0)
Contact: source region bulk ni: 468 ci: 623 (3.25e-05, 0, 0)
Contact: body region bulk ni: 503 ci: 658 (3.25e-05, 5e-05, 0)
Contact: source region bulk ni: 504 ci: 667 (3.5e-05, 0, 0)
Contact: body region bulk ni: 539 ci: 702 (3.5e-05, 5e-05, 0)
Contact: source region bulk ni: 540 ci: 711 (3.75e-05, 0, 0)
Contact: body region bulk ni: 575 ci: 746 (3.75e-05, 5e-05, 0)
Contact: source region bulk ni: 576 ci: 755 (4e-05, 0, 0)
Contact: body region bulk ni: 611 ci: 790 (4e-05, 5e-05, 0)
Contact: source region bulk ni: 612 ci: 799 (4.25e-05, 0, 0)
Contact: body region bulk ni: 647 ci: 834 (4.25e-05, 5e-05, 0)
Contact: source region bulk ni: 648 ci: 843 (4.5e-05, 0, 0)
Contact: body region bulk ni: 683 ci: 878 (4.5e-05, 5e-05, 0)
Contact: source region bulk ni: 684 ci: 887 (4.75e-05, 0, 0)
Contact: body region bulk ni: 719 ci: 922 (4.75e-05, 5e-05, 0)
Contact: gate region oxide ni: 0 ci: 929 (5e-05, -5e-07, 0)
Contact: source region bulk ni: 720 ci: 931 (5e-05, 0, 0)
Contact: body region bulk ni: 755 ci: 966 (5e-05, 5e-05, 0)
Contact: gate region oxide ni: 2 ci: 973 (5.25e-05, -5e-07, 0)
Contact: body region bulk ni: 791 ci: 1010 (5.25e-05, 5e-05, 0)
Contact: gate region oxide ni: 6 ci: 1017 (5.5e-05, -5e-07, 0)
Contact: body region bulk ni: 827 ci: 1054 (5.5e-05, 5e-05, 0)
Contact: gate region oxide ni: 9 ci: 1061 (5.75e-05, -5e-07, 0)
Contact: body region bulk ni: 863 ci: 1098 (5.75e-05, 5e-05, 0)
Contact: gate region oxide ni: 12 ci: 1105 (6e-05, -5e-07, 0)
Contact: body region bulk ni: 899 ci: 1142 (6e-05, 5e-05, 0)
Contact: gate region oxide ni: 15 ci: 1149 (6.25e-05, -5e-07, 0)
Contact: body region bulk ni: 935 ci: 1186 (6.25e-05, 5e-05, 0)
Contact: gate region oxide ni: 18 ci: 1193 (6.5e-05, -5e-07, 0)
Contact: body region bulk ni: 971 ci: 1230 (6.5e-05, 5e-05, 0)
Contact: gate region oxide ni: 21 ci: 1237 (6.75e-05, -5e-07, 0)
Contact: body region bulk ni: 1007 ci: 1274 (6.75e-05, 5e-05, 0)
Contact: gate region oxide ni: 24 ci: 1281 (7e-05, -5e-07, 0)
Contact: body region bulk ni: 1043 ci: 1318 (7e-05, 5e-05, 0)
Contact: gate region oxide ni: 27 ci: 1325 (7.25e-05, -5e-07, 0)
Contact: body region bulk ni: 1079 ci: 1362 (7.25e-05, 5e-05, 0)
Contact: gate region oxide ni: 30 ci: 1369 (7.5e-05, -5e-07, 0)
Contact: body region bulk ni: 1115 ci: 1406 (7.5e-05, 5e-05, 0)
Contact: gate region oxide ni: 33 ci: 1413 (7.75e-05, -5e-07, 0)
Contact: body region bulk ni: 1151 ci: 1450 (7.75e-05, 5e-05, 0)
Contact: gate region oxide ni: 36 ci: 1457 (8e-05, -5e-07, 0)
Contact: body region bulk ni: 1187 ci: 1494 (8e-05, 5e-05, 0)
Contact: gate region oxide ni: 39 ci: 1501 (8.25e-05, -5e-07, 0)
Contact: body region bulk ni: 1223 ci: 1538 (8.25e-05, 5e-05, 0)
Contact: gate region oxide ni: 42 ci: 1545 (8.5e-05, -5e-07, 0)
Contact: body region bulk ni: 1259 ci: 1582 (8.5e-05, 5e-05, 0)
Contact: gate region oxide ni: 45 ci: 1589 (8.75e-05, -5e-07, 0)
Contact: body region bulk ni: 1295 ci: 1626 (8.75e-05, 5e-05, 0)
Contact: gate region oxide ni: 48 ci: 1633 (9e-05, -5e-07, 0)
Contact: body region bulk ni: 1331 ci: 1670 (9e-05, 5e-05, 0)
Contact: gate region oxide ni: 51 ci: 1677 (9.25e-05, -5e-07, 0)
Contact: body region bulk ni: 1367 ci: 1714 (9.25e-05, 5e-05, 0)
Contact: gate region oxide ni: 54 ci: 1721 (9.5e-05, -5e-07, 0)
Contact: body region bulk ni: 1403 ci: 1758 (9.5e-05, 5e-05, 0)
Contact: gate region oxide ni: 57 ci: 1765 (9.75e-05, -5e-07, 0)
Contact: body region bulk ni: 1439 ci: 1802 (9.75e-05, 5e-05, 0)
Contact: gate region oxide ni: 60 ci: 1809 (0.0001, -5e-07, 0)
Contact: drain region bulk ni: 1440 ci: 1811 (0.0001, 0, 0)
Contact: body region bulk ni: 1475 ci: 1846 (0.0001, 5e-05, 0)
Contact: drain region bulk ni: 1476 ci: 1855 (0.0001025, 0, 0)
Contact: body region bulk ni: 1511 ci: 1890 (0.0001025, 5e-05, 0)
Contact: drain region bulk ni: 1512 ci: 1899 (0.000105, 0, 0)
Contact: body region bulk ni: 1547 ci: 1934 (0.000105, 5e-05, 0)
Contact: drain region bulk ni: 1548 ci: 1943 (0.0001075, 0, 0)
Contact: body region bulk ni: 1583 ci: 1978 (0.0001075, 5e-05, 0)
Contact: drain region bulk ni: 1584 ci: 1987 (0.00011, 0, 0)
Contact: body region bulk ni: 1619 ci: 2022 (0.00011, 5e-05, 0)
Contact: drain region bulk ni: 1620 ci: 2031 (0.0001125, 0, 0)
Contact: body region bulk ni: 1655 ci: 2066 (0.0001125, 5e-05, 0)
Contact: drain region bulk ni: 1656 ci: 2075 (0.000115, 0, 0)
Contact: body region bulk ni: 1691 ci: 2110 (0.000115, 5e-05, 0)
Contact: drain region bulk ni: 1692 ci: 2119 (0.0001175, 0, 0)
Contact: body region bulk ni: 1727 ci: 2154 (0.0001175, 5e-05, 0)
Contact: drain region bulk ni: 1728 ci: 2163 (0.00012, 0, 0)
Contact: body region bulk ni: 1763 ci: 2198 (0.00012, 5e-05, 0)
Contact: drain region bulk ni: 1764 ci: 2207 (0.0001225, 0, 0)
Contact: body region bulk ni: 1799 ci: 2242 (0.0001225, 5e-05, 0)
Contact: drain region bulk ni: 1800 ci: 2251 (0.000125, 0, 0)
Contact: body region bulk ni: 1835 ci: 2286 (0.000125, 5e-05, 0)
Contact: drain region bulk ni: 1836 ci: 2295 (0.0001275, 0, 0)
Contact: body region bulk ni: 1871 ci: 2330 (0.0001275, 5e-05, 0)
Contact: drain region bulk ni: 1872 ci: 2339 (0.00013, 0, 0)
Contact: body region bulk ni: 1907 ci: 2374 (0.00013, 5e-05, 0)
Contact: drain region bulk ni: 1908 ci: 2383 (0.0001325, 0, 0)
Contact: body region bulk ni: 1943 ci: 2418 (0.0001325, 5e-05, 0)
Contact: drain region bulk ni: 1944 ci: 2427 (0.000135, 0, 0)
Contact: body region bulk ni: 1979 ci: 2462 (0.000135, 5e-05, 0)
Contact: drain region bulk ni: 1980 ci: 2471 (0.0001375, 0, 0)
Contact: body region bulk ni: 2015 ci: 2506 (0.0001375, 5e-05, 0)
Contact: drain region bulk ni: 2016 ci: 2515 (0.00014, 0, 0)
Contact: body region bulk ni: 2051 ci: 2550 (0.00014, 5e-05, 0)
Contact: drain region bulk ni: 2052 ci: 2559 (0.0001425, 0, 0)
Contact: body region bulk ni: 2087 ci: 2594 (0.0001425, 5e-05, 0)
Contact: drain region bulk ni: 2088 ci: 2603 (0.000145, 0, 0)
Contact: body region bulk ni: 2123 ci: 2638 (0.000145, 5e-05, 0)
Contact: drain region bulk ni: 2124 ci: 2647 (0.0001475, 0, 0)
Contact: body region bulk ni: 2159 ci: 2682 (0.0001475, 5e-05, 0)
Contact: drain region bulk ni: 2160 ci: 2691 (0.00015, 0, 0)
Contact: body region bulk ni: 2195 ci: 2726 (0.00015, 5e-05, 0)
Adding 652 nodes
Adding 1544 edges with 1132 duplicates removed
Adding 892 triangles  with 0 duplicate removed
Adding 2196 nodes
Adding 6395 edges with 6205 duplicates removed
Adding 4200 triangles  with 0 duplicate removed
Adding 105 nodes
Adding 264 edges with 216 duplicates removed
Adding 160 triangles  with 0 duplicate removed
Adding 63 nodes
Adding 142 edges with 98 duplicates removed
Adding 80 triangles  with 0 duplicate removed
Contact body in region bulk with 61 nodes
Contact drain in region bulk with 21 nodes
Contact gate in region oxide with 21 nodes
Contact source in region bulk with 21 nodes
Interface bulk_oxide bulk oxide has 19 node pairs
Adding interface bulk_oxide with 19, 19 nodes
Replacing Node Model gatenodemodel in region oxide of material Oxide
Adding 652 nodes
Adding 1544 edges with 0 duplicates removed
Adding 892 triangles  with 0 duplicate removed
Adding 2196 nodes
Adding 6395 edges with 0 duplicates removed
Adding 4200 triangles  with 0 duplicate removed
Adding 105 nodes
Adding 264 edges with 0 duplicates removed
Adding 160 triangles  with 0 duplicate removed
Adding 63 nodes
Adding 142 edges with 0 duplicates removed
Adding 80 triangles  with 0 duplicate removed
Contact body in region bulk with 61 nodes
Contact drain in region bulk with 21 nodes
Contact gate in region oxide with 21 nodes
Contact source in region bulk with 21 nodes
Adding interface bulk_oxide with 19, 19 nodes
Replacing Node Model DrainDoping in region bulk of material Silicon
Replacing Node Model NetDoping in region bulk of material Silicon
Replacing Node Model SourceDoping in region bulk of material Silicon
Replacing Node Model gatenodemodel in region oxide of material Oxide
number of equations 2259
Iteration: 0
  Device: "part1_baseline"	RelError: 2.00000e+00	AbsError: 2.02943e-01
    Region: "bulk"	RelError: 1.00000e+00	AbsError: 2.02943e-01
      Equation: "PotentialEquation"	RelError: 1.00000e+00	AbsError: 2.02943e-01
    Region: "oxide"	RelError: 1.00000e+00	AbsError: 1.32426e-01
      Equation: "PotentialEquation"	RelError: 1.00000e+00	AbsError: 1.32426e-01
Iteration: 1
  Device: "part1_baseline"	RelError: 9.97546e-01	AbsError: 2.02496e-01
    Region: "bulk"	RelError: 4.99586e-01	AbsError: 2.02496e-01
      Equation: "PotentialEquation"	RelError: 4.99586e-01	AbsError: 2.02496e-01
    Region: "oxide"	RelError: 4.97960e-01	AbsError: 1.31350e-01
      Equation: "PotentialEquation"	RelError: 4.97960e-01	AbsError: 1.31350e-01
Iteration: 2
  Device: "part1_baseline"	RelError: 2.93681e+00	AbsError: 1.49376e-01
    Region: "bulk"	RelError: 5.36317e-01	AbsError: 1.49376e-01
      Equation: "PotentialEquation"	RelError: 5.36317e-01	AbsError: 1.49376e-01
    Region: "oxide"	RelError: 2.40050e+00	AbsError: 8.55526e-02
      Equation: "PotentialEquation"	RelError: 2.40050e+00	AbsError: 8.55526e-02
Iteration: 3
  Device: "part1_baseline"	RelError: 5.28143e+01	AbsError: 8.08443e-02
    Region: "bulk"	RelError: 1.15734e+00	AbsError: 8.08443e-02
      Equation: "PotentialEquation"	RelError: 1.15734e+00	AbsError: 8.08443e-02
    Region: "oxide"	RelError: 5.16570e+01	AbsError: 5.70157e-02
      Equation: "PotentialEquation"	RelError: 5.16570e+01	AbsError: 5.70157e-02
Iteration: 4
  Device: "part1_baseline"	RelError: 5.70345e+01	AbsError: 7.96551e-02
    Region: "bulk"	RelError: 5.42046e+01	AbsError: 7.96551e-02
      Equation: "PotentialEquation"	RelError: 5.42046e+01	AbsError: 7.96551e-02
    Region: "oxide"	RelError: 2.82987e+00	AbsError: 5.45113e-02
      Equation: "PotentialEquation"	RelError: 2.82987e+00	AbsError: 5.45113e-02
Iteration: 5
  Device: "part1_baseline"	RelError: 1.66077e+02	AbsError: 7.85406e-02
    Region: "bulk"	RelError: 1.08230e+02	AbsError: 7.85406e-02
      Equation: "PotentialEquation"	RelError: 1.08230e+02	AbsError: 7.85406e-02
    Region: "oxide"	RelError: 5.78470e+01	AbsError: 5.00632e-02
      Equation: "PotentialEquation"	RelError: 5.78470e+01	AbsError: 5.00632e-02
Iteration: 6
  Device: "part1_baseline"	RelError: 1.77376e+03	AbsError: 7.69417e-02
    Region: "bulk"	RelError: 1.74498e+03	AbsError: 7.69417e-02
      Equation: "PotentialEquation"	RelError: 1.74498e+03	AbsError: 7.69417e-02
    Region: "oxide"	RelError: 2.87790e+01	AbsError: 4.41922e-02
      Equation: "PotentialEquation"	RelError: 2.87790e+01	AbsError: 4.41922e-02
Iteration: 7
  Device: "part1_baseline"	RelError: 3.46144e+02	AbsError: 7.45767e-02
    Region: "bulk"	RelError: 3.42992e+02	AbsError: 7.45767e-02
      Equation: "PotentialEquation"	RelError: 3.42992e+02	AbsError: 7.45767e-02
    Region: "oxide"	RelError: 3.15193e+00	AbsError: 3.65722e-02
      Equation: "PotentialEquation"	RelError: 3.15193e+00	AbsError: 3.65722e-02
Iteration: 8
  Device: "part1_baseline"	RelError: 3.39044e+01	AbsError: 7.09147e-02
    Region: "bulk"	RelError: 2.75881e+01	AbsError: 7.09147e-02
      Equation: "PotentialEquation"	RelError: 2.75881e+01	AbsError: 7.09147e-02
    Region: "oxide"	RelError: 6.31632e+00	AbsError: 2.67943e-02
      Equation: "PotentialEquation"	RelError: 6.31632e+00	AbsError: 2.67943e-02
Iteration: 9
  Device: "part1_baseline"	RelError: 5.80020e+01	AbsError: 6.50361e-02
    Region: "bulk"	RelError: 5.63961e+01	AbsError: 6.50361e-02
      Equation: "PotentialEquation"	RelError: 5.63961e+01	AbsError: 6.50361e-02
    Region: "oxide"	RelError: 1.60591e+00	AbsError: 2.07822e-02
      Equation: "PotentialEquation"	RelError: 1.60591e+00	AbsError: 2.07822e-02
Iteration: 10
  Device: "part1_baseline"	RelError: 3.33493e+01	AbsError: 5.23112e-02
    Region: "bulk"	RelError: 3.32377e+01	AbsError: 5.23112e-02
      Equation: "PotentialEquation"	RelError: 3.32377e+01	AbsError: 5.23112e-02
    Region: "oxide"	RelError: 1.11636e-01	AbsError: 2.31048e-03
      Equation: "PotentialEquation"	RelError: 1.11636e-01	AbsError: 2.31048e-03
Iteration: 11
  Device: "part1_baseline"	RelError: 6.47436e+00	AbsError: 3.99276e-02
    Region: "bulk"	RelError: 6.30586e+00	AbsError: 3.99276e-02
      Equation: "PotentialEquation"	RelError: 6.30586e+00	AbsError: 3.99276e-02
    Region: "oxide"	RelError: 1.68501e-01	AbsError: 2.77213e-03
      Equation: "PotentialEquation"	RelError: 1.68501e-01	AbsError: 2.77213e-03
Iteration: 12
  Device: "part1_baseline"	RelError: 1.41560e+01	AbsError: 2.58971e-02
    Region: "bulk"	RelError: 1.41119e+01	AbsError: 2.58971e-02
      Equation: "PotentialEquation"	RelError: 1.41119e+01	AbsError: 2.58971e-02
    Region: "oxide"	RelError: 4.40823e-02	AbsError: 6.63097e-04
      Equation: "PotentialEquation"	RelError: 4.40823e-02	AbsError: 6.63097e-04
Iteration: 13
  Device: "part1_baseline"	RelError: 1.60645e+00	AbsError: 8.97053e-03
    Region: "bulk"	RelError: 1.60219e+00	AbsError: 8.97053e-03
      Equation: "PotentialEquation"	RelError: 1.60219e+00	AbsError: 8.97053e-03
    Region: "oxide"	RelError: 4.26242e-03	AbsError: 5.95612e-05
      Equation: "PotentialEquation"	RelError: 4.26242e-03	AbsError: 5.95612e-05
Iteration: 14
  Device: "part1_baseline"	RelError: 6.14043e-02	AbsError: 3.54916e-04
    Region: "bulk"	RelError: 6.13290e-02	AbsError: 3.54916e-04
      Equation: "PotentialEquation"	RelError: 6.13290e-02	AbsError: 3.54916e-04
    Region: "oxide"	RelError: 7.52797e-05	AbsError: 8.38544e-07
      Equation: "PotentialEquation"	RelError: 7.52797e-05	AbsError: 8.38544e-07
Iteration: 15
  Device: "part1_baseline"	RelError: 9.66058e-05	AbsError: 9.67592e-07
    Region: "bulk"	RelError: 9.65366e-05	AbsError: 9.67592e-07
      Equation: "PotentialEquation"	RelError: 9.65366e-05	AbsError: 9.67592e-07
    Region: "oxide"	RelError: 6.91272e-08	AbsError: 6.15656e-10
      Equation: "PotentialEquation"	RelError: 6.91272e-08	AbsError: 6.15656e-10
Iteration: 16
  Device: "part1_baseline"	RelError: 4.70539e-10	AbsError: 7.50021e-12
    Region: "bulk"	RelError: 4.70255e-10	AbsError: 7.50021e-12
      Equation: "PotentialEquation"	RelError: 4.70255e-10	AbsError: 7.50021e-12
    Region: "oxide"	RelError: 2.83213e-13	AbsError: 2.40249e-15
      Equation: "PotentialEquation"	RelError: 2.83213e-13	AbsError: 2.40249e-15
Iteration: 17
  Device: "part1_baseline"	RelError: 2.01371e-20	AbsError: 4.73490e-22
    Region: "bulk"	RelError: 2.01256e-20	AbsError: 4.73490e-22
      Equation: "PotentialEquation"	RelError: 2.01256e-20	AbsError: 4.73490e-22
    Region: "oxide"	RelError: 1.15668e-23	AbsError: 9.74676e-26
      Equation: "PotentialEquation"	RelError: 1.15668e-23	AbsError: 9.74676e-26
Warning: Replacing equation with equation of the same name.
Region: bulk, Equation: PotentialEquation, Variable: Potential
number of equations 6651
Iteration: 0
  Device: "part1_baseline"	RelError: 4.25222e-29	AbsError: 1.43898e-13
    Region: "bulk"	RelError: 4.25161e-29	AbsError: 1.43898e-13
      Equation: "ElectronContinuityEquation"	RelError: 1.53339e-29	AbsError: 1.43885e-13
      Equation: "HoleContinuityEquation"	RelError: 2.71220e-29	AbsError: 1.35334e-17
      Equation: "PotentialEquation"	RelError: 6.02066e-32	AbsError: 2.59677e-34
    Region: "oxide"	RelError: 6.10104e-33	AbsError: 3.55349e-35
      Equation: "PotentialEquation"	RelError: 6.10104e-33	AbsError: 3.55349e-35
number of equations 6651
Iteration: 0
  Device: "part1_baseline"	RelError: 2.02030e+03	AbsError: 3.82073e+16
    Region: "bulk"	RelError: 2.01600e+03	AbsError: 3.82073e+16
      Equation: "ElectronContinuityEquation"	RelError: 9.99000e+02	AbsError: 3.74766e+16
      Equation: "HoleContinuityEquation"	RelError: 9.99000e+02	AbsError: 7.30640e+14
      Equation: "PotentialEquation"	RelError: 1.79994e+01	AbsError: 2.78470e-02
    Region: "oxide"	RelError: 4.29782e+00	AbsError: 1.44106e-02
      Equation: "PotentialEquation"	RelError: 4.29782e+00	AbsError: 1.44106e-02
Iteration: 1
  Device: "part1_baseline"	RelError: 2.02642e+01	AbsError: 3.81570e+14
    Region: "bulk"	RelError: 2.02575e+01	AbsError: 3.81570e+14
      Equation: "ElectronContinuityEquation"	RelError: 9.98218e-01	AbsError: 3.21418e+14
      Equation: "HoleContinuityEquation"	RelError: 9.98451e-01	AbsError: 6.01519e+13
      Equation: "PotentialEquation"	RelError: 1.82609e+01	AbsError: 2.21530e-02
    Region: "oxide"	RelError: 6.64175e-03	AbsError: 1.71044e-05
      Equation: "PotentialEquation"	RelError: 6.64175e-03	AbsError: 1.71044e-05
Iteration: 2
  Device: "part1_baseline"	RelError: 1.64158e+00	AbsError: 7.37454e+13
    Region: "bulk"	RelError: 1.63914e+00	AbsError: 7.37454e+13
      Equation: "ElectronContinuityEquation"	RelError: 4.41820e-01	AbsError: 7.35735e+13
      Equation: "HoleContinuityEquation"	RelError: 1.19043e+00	AbsError: 1.71879e+11
      Equation: "PotentialEquation"	RelError: 6.89036e-03	AbsError: 3.53228e-05
    Region: "oxide"	RelError: 2.44539e-03	AbsError: 4.93815e-06
      Equation: "PotentialEquation"	RelError: 2.44539e-03	AbsError: 4.93815e-06
Iteration: 3
  Device: "part1_baseline"	RelError: 6.22431e-04	AbsError: 1.55402e+10
    Region: "bulk"	RelError: 6.22148e-04	AbsError: 1.55402e+10
      Equation: "ElectronContinuityEquation"	RelError: 7.22799e-05	AbsError: 1.55259e+10
      Equation: "HoleContinuityEquation"	RelError: 5.49094e-04	AbsError: 1.43190e+07
      Equation: "PotentialEquation"	RelError: 7.73347e-07	AbsError: 5.63331e-09
    Region: "oxide"	RelError: 2.82953e-07	AbsError: 5.12412e-10
      Equation: "PotentialEquation"	RelError: 2.82953e-07	AbsError: 5.12412e-10
Iteration: 4
  Device: "part1_baseline"	RelError: 1.31515e-11	AbsError: 5.48812e+02
    Region: "bulk"	RelError: 1.31455e-11	AbsError: 5.48812e+02
      Equation: "ElectronContinuityEquation"	RelError: 1.00233e-12	AbsError: 5.48509e+02
      Equation: "HoleContinuityEquation"	RelError: 1.21267e-11	AbsError: 3.03318e-01
      Equation: "PotentialEquation"	RelError: 1.64154e-14	AbsError: 1.45443e-16
    Region: "oxide"	RelError: 6.04556e-15	AbsError: 1.09481e-17
      Equation: "PotentialEquation"	RelError: 6.04556e-15	AbsError: 1.09481e-17
number of equations 6651
Iteration: 0
  Device: "part1_baseline"	RelError: 2.25637e-26	AbsError: 3.70775e-13
    Region: "bulk"	RelError: 2.25219e-26	AbsError: 3.70775e-13
      Equation: "ElectronContinuityEquation"	RelError: 7.81295e-27	AbsError: 3.68757e-13
      Equation: "HoleContinuityEquation"	RelError: 1.46643e-26	AbsError: 2.01813e-15
      Equation: "PotentialEquation"	RelError: 4.46986e-29	AbsError: 2.67993e-31
    Region: "oxide"	RelError: 4.17759e-29	AbsError: 8.86138e-32
      Equation: "PotentialEquation"	RelError: 4.17759e-29	AbsError: 8.86138e-32
number of equations 6651
Iteration: 0
  Device: "part1_baseline"	RelError: 1.23933e+02	AbsError: 1.11319e+16
    Region: "bulk"	RelError: 1.10543e+02	AbsError: 1.11319e+16
      Equation: "ElectronContinuityEquation"	RelError: 4.22329e-01	AbsError: 1.08304e+16
      Equation: "HoleContinuityEquation"	RelError: 2.62432e+00	AbsError: 3.01517e+14
      Equation: "PotentialEquation"	RelError: 1.07496e+02	AbsError: 1.87446e-02
    Region: "oxide"	RelError: 1.33895e+01	AbsError: 2.00000e-02
      Equation: "PotentialEquation"	RelError: 1.33895e+01	AbsError: 2.00000e-02
Iteration: 1
  Device: "part1_baseline"	RelError: 6.37320e-01	AbsError: 5.63355e+13
    Region: "bulk"	RelError: 6.37019e-01	AbsError: 5.63355e+13
      Equation: "ElectronContinuityEquation"	RelError: 1.66780e-01	AbsError: 4.24647e+13
      Equation: "HoleContinuityEquation"	RelError: 4.30476e-01	AbsError: 1.38708e+13
      Equation: "PotentialEquation"	RelError: 3.97625e-02	AbsError: 7.87707e-05
    Region: "oxide"	RelError: 3.01150e-04	AbsError: 5.45150e-06
      Equation: "PotentialEquation"	RelError: 3.01150e-04	AbsError: 5.45150e-06
Iteration: 2
  Device: "part1_baseline"	RelError: 6.13007e-04	AbsError: 1.22632e+10
    Region: "bulk"	RelError: 6.12988e-04	AbsError: 1.22632e+10
      Equation: "ElectronContinuityEquation"	RelError: 1.94739e-04	AbsError: 4.73942e+09
      Equation: "HoleContinuityEquation"	RelError: 4.15427e-04	AbsError: 7.52377e+09
      Equation: "PotentialEquation"	RelError: 2.82304e-06	AbsError: 1.33580e-08
    Region: "oxide"	RelError: 1.86064e-08	AbsError: 1.89599e-10
      Equation: "PotentialEquation"	RelError: 1.86064e-08	AbsError: 1.89599e-10
Iteration: 3
  Device: "part1_baseline"	RelError: 8.95986e-11	AbsError: 9.39254e+02
    Region: "bulk"	RelError: 8.95975e-11	AbsError: 9.39254e+02
      Equation: "ElectronContinuityEquation"	RelError: 7.40882e-11	AbsError: 4.61675e+01
      Equation: "HoleContinuityEquation"	RelError: 1.54281e-11	AbsError: 8.93087e+02
      Equation: "PotentialEquation"	RelError: 8.11767e-14	AbsError: 7.33698e-16
    Region: "oxide"	RelError: 1.15481e-15	AbsError: 1.64328e-17
      Equation: "PotentialEquation"	RelError: 1.15481e-15	AbsError: 1.64328e-17
number of equations 6651
Iteration: 0
  Device: "part1_baseline"	RelError: 2.98048e+01	AbsError: 1.11245e+16
    Region: "bulk"	RelError: 1.35033e+01	AbsError: 1.11245e+16
      Equation: "ElectronContinuityEquation"	RelError: 4.22415e-01	AbsError: 1.08299e+16
      Equation: "HoleContinuityEquation"	RelError: 2.62972e+00	AbsError: 2.94640e+14
      Equation: "PotentialEquation"	RelError: 1.04512e+01	AbsError: 1.87552e-02
    Region: "oxide"	RelError: 1.63015e+01	AbsError: 2.00000e-02
      Equation: "PotentialEquation"	RelError: 1.63015e+01	AbsError: 2.00000e-02
Iteration: 1
  Device: "part1_baseline"	RelError: 6.12060e-01	AbsError: 6.22868e+13
    Region: "bulk"	RelError: 6.11065e-01	AbsError: 6.22868e+13
      Equation: "ElectronContinuityEquation"	RelError: 1.66839e-01	AbsError: 4.95078e+13
      Equation: "HoleContinuityEquation"	RelError: 4.31133e-01	AbsError: 1.27789e+13
      Equation: "PotentialEquation"	RelError: 1.30921e-02	AbsError: 7.21676e-05
    Region: "oxide"	RelError: 9.95132e-04	AbsError: 4.64674e-06
      Equation: "PotentialEquation"	RelError: 9.95132e-04	AbsError: 4.64674e-06
Iteration: 2
  Device: "part1_baseline"	RelError: 5.53340e-04	AbsError: 1.30289e+10
    Region: "bulk"	RelError: 5.53319e-04	AbsError: 1.30289e+10
      Equation: "ElectronContinuityEquation"	RelError: 1.83494e-04	AbsError: 6.69044e+09
      Equation: "HoleContinuityEquation"	RelError: 3.69398e-04	AbsError: 6.33846e+09
      Equation: "PotentialEquation"	RelError: 4.26666e-07	AbsError: 1.13567e-08
    Region: "oxide"	RelError: 2.14665e-08	AbsError: 2.50792e-10
      Equation: "PotentialEquation"	RelError: 2.14665e-08	AbsError: 2.50792e-10
Iteration: 3
  Device: "part1_baseline"	RelError: 8.28807e-11	AbsError: 6.74292e+02
    Region: "bulk"	RelError: 8.28787e-11	AbsError: 6.74292e+02
      Equation: "ElectronContinuityEquation"	RelError: 6.10876e-11	AbsError: 9.38608e+01
      Equation: "HoleContinuityEquation"	RelError: 2.17693e-11	AbsError: 5.80431e+02
      Equation: "PotentialEquation"	RelError: 2.18147e-14	AbsError: 5.38083e-16
    Region: "oxide"	RelError: 2.04677e-15	AbsError: 1.11148e-17
      Equation: "PotentialEquation"	RelError: 2.04677e-15	AbsError: 1.11148e-17
number of equations 6651
Iteration: 0
  Device: "part1_baseline"	RelError: 6.35171e+01	AbsError: 1.11135e+16
    Region: "bulk"	RelError: 5.48866e+01	AbsError: 1.11135e+16
      Equation: "ElectronContinuityEquation"	RelError: 4.22482e-01	AbsError: 1.08278e+16
      Equation: "HoleContinuityEquation"	RelError: 2.63433e+00	AbsError: 2.85698e+14
      Equation: "PotentialEquation"	RelError: 5.18297e+01	AbsError: 1.87642e-02
    Region: "oxide"	RelError: 8.63055e+00	AbsError: 2.00000e-02
      Equation: "PotentialEquation"	RelError: 8.63055e+00	AbsError: 2.00000e-02
Iteration: 1
  Device: "part1_baseline"	RelError: 6.12062e-01	AbsError: 7.03899e+13
    Region: "bulk"	RelError: 6.10665e-01	AbsError: 7.03899e+13
      Equation: "ElectronContinuityEquation"	RelError: 1.66882e-01	AbsError: 5.83641e+13
      Equation: "HoleContinuityEquation"	RelError: 4.31694e-01	AbsError: 1.20257e+13
      Equation: "PotentialEquation"	RelError: 1.20889e-02	AbsError: 6.70645e-05
    Region: "oxide"	RelError: 1.39672e-03	AbsError: 5.21336e-06
      Equation: "PotentialEquation"	RelError: 1.39672e-03	AbsError: 5.21336e-06
Iteration: 2
  Device: "part1_baseline"	RelError: 5.23786e-04	AbsError: 1.43701e+10
    Region: "bulk"	RelError: 5.23754e-04	AbsError: 1.43701e+10
      Equation: "ElectronContinuityEquation"	RelError: 1.75570e-04	AbsError: 9.21924e+09
      Equation: "HoleContinuityEquation"	RelError: 3.47726e-04	AbsError: 5.15086e+09
      Equation: "PotentialEquation"	RelError: 4.58473e-07	AbsError: 9.69177e-09
    Region: "oxide"	RelError: 3.26132e-08	AbsError: 3.62030e-10
      Equation: "PotentialEquation"	RelError: 3.26132e-08	AbsError: 3.62030e-10
Iteration: 3
  Device: "part1_baseline"	RelError: 8.01570e-11	AbsError: 6.58533e+02
    Region: "bulk"	RelError: 8.01545e-11	AbsError: 6.58533e+02
      Equation: "ElectronContinuityEquation"	RelError: 5.08397e-11	AbsError: 1.82539e+02
      Equation: "HoleContinuityEquation"	RelError: 2.92936e-11	AbsError: 4.75994e+02
      Equation: "PotentialEquation"	RelError: 2.11431e-14	AbsError: 4.19371e-16
    Region: "oxide"	RelError: 2.45965e-15	AbsError: 7.60176e-18
      Equation: "PotentialEquation"	RelError: 2.45965e-15	AbsError: 7.60176e-18
number of equations 6651
Iteration: 0
  Device: "part1_baseline"	RelError: 8.92653e+01	AbsError: 1.10990e+16
    Region: "bulk"	RelError: 8.73250e+01	AbsError: 1.10990e+16
      Equation: "ElectronContinuityEquation"	RelError: 4.22533e-01	AbsError: 1.08240e+16
      Equation: "HoleContinuityEquation"	RelError: 2.63832e+00	AbsError: 2.74975e+14
      Equation: "PotentialEquation"	RelError: 8.42641e+01	AbsError: 1.87720e-02
    Region: "oxide"	RelError: 1.94031e+00	AbsError: 2.00000e-02
      Equation: "PotentialEquation"	RelError: 1.94031e+00	AbsError: 2.00000e-02
Iteration: 1
  Device: "part1_baseline"	RelError: 6.19248e-01	AbsError: 7.98175e+13
    Region: "bulk"	RelError: 6.18891e-01	AbsError: 7.98175e+13
      Equation: "ElectronContinuityEquation"	RelError: 1.66912e-01	AbsError: 6.86986e+13
      Equation: "HoleContinuityEquation"	RelError: 4.32176e-01	AbsError: 1.11188e+13
      Equation: "PotentialEquation"	RelError: 1.98026e-02	AbsError: 6.24490e-05
    Region: "oxide"	RelError: 3.56369e-04	AbsError: 6.68881e-06
      Equation: "PotentialEquation"	RelError: 3.56369e-04	AbsError: 6.68881e-06
Iteration: 2
  Device: "part1_baseline"	RelError: 5.11960e-04	AbsError: 1.71760e+10
    Region: "bulk"	RelError: 5.11955e-04	AbsError: 1.71760e+10
      Equation: "ElectronContinuityEquation"	RelError: 1.71402e-04	AbsError: 1.25604e+10
      Equation: "HoleContinuityEquation"	RelError: 3.39875e-04	AbsError: 4.61562e+09
      Equation: "PotentialEquation"	RelError: 6.78383e-07	AbsError: 8.62996e-09
    Region: "oxide"	RelError: 5.01877e-09	AbsError: 5.19913e-10
      Equation: "PotentialEquation"	RelError: 5.01877e-09	AbsError: 5.19913e-10
Iteration: 3
  Device: "part1_baseline"	RelError: 8.16980e-11	AbsError: 7.04608e+02
    Region: "bulk"	RelError: 8.16975e-11	AbsError: 7.04608e+02
      Equation: "ElectronContinuityEquation"	RelError: 4.29061e-11	AbsError: 3.37061e+02
      Equation: "HoleContinuityEquation"	RelError: 3.87656e-11	AbsError: 3.67547e+02
      Equation: "PotentialEquation"	RelError: 2.57072e-14	AbsError: 3.20365e-16
    Region: "oxide"	RelError: 5.33910e-16	AbsError: 7.66800e-18
      Equation: "PotentialEquation"	RelError: 5.33910e-16	AbsError: 7.66800e-18
number of equations 6651
Iteration: 0
  Device: "part1_baseline"	RelError: 7.57923e+01	AbsError: 1.10810e+16
    Region: "bulk"	RelError: 7.51324e+01	AbsError: 1.10810e+16
      Equation: "ElectronContinuityEquation"	RelError: 4.22573e-01	AbsError: 1.08180e+16
      Equation: "HoleContinuityEquation"	RelError: 2.64176e+00	AbsError: 2.63037e+14
      Equation: "PotentialEquation"	RelError: 7.20681e+01	AbsError: 1.87788e-02
    Region: "oxide"	RelError: 6.59900e-01	AbsError: 2.00000e-02
      Equation: "PotentialEquation"	RelError: 6.59900e-01	AbsError: 2.00000e-02
Iteration: 1
  Device: "part1_baseline"	RelError: 6.23063e-01	AbsError: 9.02376e+13
    Region: "bulk"	RelError: 6.22958e-01	AbsError: 9.02376e+13
      Equation: "ElectronContinuityEquation"	RelError: 1.66931e-01	AbsError: 8.01135e+13
      Equation: "HoleContinuityEquation"	RelError: 4.32594e-01	AbsError: 1.01240e+13
      Equation: "PotentialEquation"	RelError: 2.34333e-02	AbsError: 5.80008e-05
    Region: "oxide"	RelError: 1.04877e-04	AbsError: 8.52958e-06
      Equation: "PotentialEquation"	RelError: 1.04877e-04	AbsError: 8.52958e-06
Iteration: 2
  Device: "part1_baseline"	RelError: 5.12383e-04	AbsError: 2.16221e+10
    Region: "bulk"	RelError: 5.12377e-04	AbsError: 2.16221e+10
      Equation: "ElectronContinuityEquation"	RelError: 1.70186e-04	AbsError: 1.75002e+10
      Equation: "HoleContinuityEquation"	RelError: 3.40429e-04	AbsError: 4.12190e+09
      Equation: "PotentialEquation"	RelError: 1.76254e-06	AbsError: 7.59945e-09
    Region: "oxide"	RelError: 5.77878e-09	AbsError: 7.40475e-10
      Equation: "PotentialEquation"	RelError: 5.77878e-09	AbsError: 7.40475e-10
Iteration: 3
  Device: "part1_baseline"	RelError: 9.02311e-11	AbsError: 8.67347e+02
    Region: "bulk"	RelError: 9.02310e-11	AbsError: 8.67347e+02
      Equation: "ElectronContinuityEquation"	RelError: 3.89904e-11	AbsError: 5.99749e+02
      Equation: "HoleContinuityEquation"	RelError: 5.12144e-11	AbsError: 2.67598e+02
      Equation: "PotentialEquation"	RelError: 2.62168e-14	AbsError: 2.39500e-16
    Region: "oxide"	RelError: 1.23872e-16	AbsError: 1.51925e-17
      Equation: "PotentialEquation"	RelError: 1.23872e-16	AbsError: 1.51925e-17
number of equations 6651
Iteration: 0
  Device: "part1_baseline"	RelError: 2.50004e+01	AbsError: 1.10696e+16
    Region: "bulk"	RelError: 2.46028e+01	AbsError: 1.10696e+16
      Equation: "ElectronContinuityEquation"	RelError: 4.22602e-01	AbsError: 1.08092e+16
      Equation: "HoleContinuityEquation"	RelError: 2.64475e+00	AbsError: 2.60409e+14
      Equation: "PotentialEquation"	RelError: 2.15354e+01	AbsError: 1.87846e-02
    Region: "oxide"	RelError: 3.97603e-01	AbsError: 2.00000e-02
      Equation: "PotentialEquation"	RelError: 3.97603e-01	AbsError: 2.00000e-02
Iteration: 1
  Device: "part1_baseline"	RelError: 6.07514e-01	AbsError: 1.04116e+14
    Region: "bulk"	RelError: 6.07460e-01	AbsError: 1.04116e+14
      Equation: "ElectronContinuityEquation"	RelError: 1.66939e-01	AbsError: 9.43430e+13
      Equation: "HoleContinuityEquation"	RelError: 4.32956e-01	AbsError: 9.77302e+12
      Equation: "PotentialEquation"	RelError: 7.56482e-03	AbsError: 5.38570e-05
    Region: "oxide"	RelError: 5.45863e-05	AbsError: 1.08382e-05
      Equation: "PotentialEquation"	RelError: 5.45863e-05	AbsError: 1.08382e-05
Iteration: 2
  Device: "part1_baseline"	RelError: 5.21546e-04	AbsError: 2.72514e+10
    Region: "bulk"	RelError: 5.21539e-04	AbsError: 2.72514e+10
      Equation: "ElectronContinuityEquation"	RelError: 1.71951e-04	AbsError: 2.36766e+10
      Equation: "HoleContinuityEquation"	RelError: 3.49181e-04	AbsError: 3.57478e+09
      Equation: "PotentialEquation"	RelError: 4.06874e-07	AbsError: 7.66347e-09
    Region: "oxide"	RelError: 6.87126e-09	AbsError: 1.04475e-09
      Equation: "PotentialEquation"	RelError: 6.87126e-09	AbsError: 1.04475e-09
Iteration: 3
  Device: "part1_baseline"	RelError: 1.04888e-10	AbsError: 1.31685e+03
    Region: "bulk"	RelError: 1.04888e-10	AbsError: 1.31685e+03
      Equation: "ElectronContinuityEquation"	RelError: 3.64797e-11	AbsError: 1.13371e+03
      Equation: "HoleContinuityEquation"	RelError: 6.83987e-11	AbsError: 1.83132e+02
      Equation: "PotentialEquation"	RelError: 9.39087e-15	AbsError: 2.56897e-16
    Region: "oxide"	RelError: 2.04883e-16	AbsError: 2.88058e-17
      Equation: "PotentialEquation"	RelError: 2.04883e-16	AbsError: 2.88058e-17
number of equations 6651
Iteration: 0
  Device: "part1_baseline"	RelError: 2.89721e+02	AbsError: 1.10533e+16
    Region: "bulk"	RelError: 2.89437e+02	AbsError: 1.10533e+16
      Equation: "ElectronContinuityEquation"	RelError: 4.22622e-01	AbsError: 1.07969e+16
      Equation: "HoleContinuityEquation"	RelError: 2.64734e+00	AbsError: 2.56402e+14
      Equation: "PotentialEquation"	RelError: 2.86367e+02	AbsError: 1.87896e-02
    Region: "oxide"	RelError: 2.84533e-01	AbsError: 2.00000e-02
      Equation: "PotentialEquation"	RelError: 2.84533e-01	AbsError: 2.00000e-02
Iteration: 1
  Device: "part1_baseline"	RelError: 7.31416e-01	AbsError: 1.20056e+14
    Region: "bulk"	RelError: 7.31352e-01	AbsError: 1.20056e+14
      Equation: "ElectronContinuityEquation"	RelError: 1.66939e-01	AbsError: 1.10754e+14
      Equation: "HoleContinuityEquation"	RelError: 4.33269e-01	AbsError: 9.30227e+12
      Equation: "PotentialEquation"	RelError: 1.31144e-01	AbsError: 5.08059e-05
    Region: "oxide"	RelError: 6.42234e-05	AbsError: 1.37456e-05
      Equation: "PotentialEquation"	RelError: 6.42234e-05	AbsError: 1.37456e-05
Iteration: 2
  Device: "part1_baseline"	RelError: 5.46198e-04	AbsError: 3.46379e+10
    Region: "bulk"	RelError: 5.46190e-04	AbsError: 3.46379e+10
      Equation: "ElectronContinuityEquation"	RelError: 1.76864e-04	AbsError: 3.16226e+10
      Equation: "HoleContinuityEquation"	RelError: 3.66489e-04	AbsError: 3.01526e+09
      Equation: "PotentialEquation"	RelError: 2.83688e-06	AbsError: 1.01012e-08
    Region: "oxide"	RelError: 8.13980e-09	AbsError: 1.45984e-09
      Equation: "PotentialEquation"	RelError: 8.13980e-09	AbsError: 1.45984e-09
Iteration: 3
  Device: "part1_baseline"	RelError: 1.28871e-10	AbsError: 2.14593e+03
    Region: "bulk"	RelError: 1.28870e-10	AbsError: 2.14593e+03
      Equation: "ElectronContinuityEquation"	RelError: 3.50078e-11	AbsError: 1.99159e+03
      Equation: "HoleContinuityEquation"	RelError: 9.38452e-11	AbsError: 1.54344e+02
      Equation: "PotentialEquation"	RelError: 1.73009e-14	AbsError: 4.46429e-16
    Region: "oxide"	RelError: 3.31625e-16	AbsError: 5.31143e-17
      Equation: "PotentialEquation"	RelError: 3.31625e-16	AbsError: 5.31143e-17
number of equations 6651
Iteration: 0
  Device: "part1_baseline"	RelError: 2.35979e+01	AbsError: 1.10315e+16
    Region: "bulk"	RelError: 2.33764e+01	AbsError: 1.10315e+16
      Equation: "ElectronContinuityEquation"	RelError: 4.22635e-01	AbsError: 1.07804e+16
      Equation: "HoleContinuityEquation"	RelError: 2.64956e+00	AbsError: 2.51113e+14
      Equation: "PotentialEquation"	RelError: 2.03042e+01	AbsError: 1.87940e-02
    Region: "oxide"	RelError: 2.21541e-01	AbsError: 2.00000e-02
      Equation: "PotentialEquation"	RelError: 2.21541e-01	AbsError: 2.00000e-02
Iteration: 1
  Device: "part1_baseline"	RelError: 6.07151e-01	AbsError: 1.38516e+14
    Region: "bulk"	RelError: 6.07075e-01	AbsError: 1.38516e+14
      Equation: "ElectronContinuityEquation"	RelError: 1.66930e-01	AbsError: 1.29780e+14
      Equation: "HoleContinuityEquation"	RelError: 4.33540e-01	AbsError: 8.73672e+12
      Equation: "PotentialEquation"	RelError: 6.60522e-03	AbsError: 5.71787e-05
    Region: "oxide"	RelError: 7.64115e-05	AbsError: 1.74188e-05
      Equation: "PotentialEquation"	RelError: 7.64115e-05	AbsError: 1.74188e-05
Iteration: 2
  Device: "part1_baseline"	RelError: 5.78557e-04	AbsError: 4.58227e+10
    Region: "bulk"	RelError: 5.78548e-04	AbsError: 4.58227e+10
      Equation: "ElectronContinuityEquation"	RelError: 1.85438e-04	AbsError: 4.32114e+10
      Equation: "HoleContinuityEquation"	RelError: 3.92525e-04	AbsError: 2.61131e+09
      Equation: "PotentialEquation"	RelError: 5.84243e-07	AbsError: 1.31401e-08
    Region: "oxide"	RelError: 9.52058e-09	AbsError: 2.02041e-09
      Equation: "PotentialEquation"	RelError: 9.52058e-09	AbsError: 2.02041e-09
Iteration: 3
  Device: "part1_baseline"	RelError: 1.63313e-10	AbsError: 3.52662e+03
    Region: "bulk"	RelError: 1.63312e-10	AbsError: 3.52662e+03
      Equation: "ElectronContinuityEquation"	RelError: 3.46417e-11	AbsError: 3.39512e+03
      Equation: "HoleContinuityEquation"	RelError: 1.28638e-10	AbsError: 1.31501e+02
      Equation: "PotentialEquation"	RelError: 3.24057e-14	AbsError: 7.39044e-16
    Region: "oxide"	RelError: 5.31969e-16	AbsError: 9.60358e-17
      Equation: "PotentialEquation"	RelError: 5.31969e-16	AbsError: 9.60358e-17
number of equations 6651
Iteration: 0
  Device: "part1_baseline"	RelError: 1.25891e+03	AbsError: 1.10032e+16
    Region: "bulk"	RelError: 1.25873e+03	AbsError: 1.10032e+16
      Equation: "ElectronContinuityEquation"	RelError: 4.22643e-01	AbsError: 1.07585e+16
      Equation: "HoleContinuityEquation"	RelError: 2.65144e+00	AbsError: 2.44658e+14
      Equation: "PotentialEquation"	RelError: 1.25566e+03	AbsError: 1.87976e-02
    Region: "oxide"	RelError: 1.81387e-01	AbsError: 2.00000e-02
      Equation: "PotentialEquation"	RelError: 1.81387e-01	AbsError: 2.00000e-02
Iteration: 1
  Device: "part1_baseline"	RelError: 1.55265e+00	AbsError: 1.61221e+14
    Region: "bulk"	RelError: 1.55256e+00	AbsError: 1.61221e+14
      Equation: "ElectronContinuityEquation"	RelError: 1.66913e-01	AbsError: 1.53113e+14
      Equation: "HoleContinuityEquation"	RelError: 4.33771e-01	AbsError: 8.10853e+12
      Equation: "PotentialEquation"	RelError: 9.51878e-01	AbsError: 6.65368e-05
    Region: "oxide"	RelError: 9.12592e-05	AbsError: 2.20712e-05
      Equation: "PotentialEquation"	RelError: 9.12592e-05	AbsError: 2.20712e-05
Iteration: 2
  Device: "part1_baseline"	RelError: 8.17275e-04	AbsError: 5.90744e+10
    Region: "bulk"	RelError: 8.17263e-04	AbsError: 5.90744e+10
      Equation: "ElectronContinuityEquation"	RelError: 1.98052e-04	AbsError: 5.66170e+10
      Equation: "HoleContinuityEquation"	RelError: 4.27457e-04	AbsError: 2.45739e+09
      Equation: "PotentialEquation"	RelError: 1.91755e-04	AbsError: 1.70067e-08
    Region: "oxide"	RelError: 1.14564e-08	AbsError: 2.77076e-09
      Equation: "PotentialEquation"	RelError: 1.14564e-08	AbsError: 2.77076e-09
Iteration: 3
  Device: "part1_baseline"	RelError: 2.21333e-10	AbsError: 6.14781e+03
    Region: "bulk"	RelError: 2.21332e-10	AbsError: 6.14781e+03
      Equation: "ElectronContinuityEquation"	RelError: 3.54363e-11	AbsError: 6.04096e+03
      Equation: "HoleContinuityEquation"	RelError: 1.78702e-10	AbsError: 1.06843e+02
      Equation: "PotentialEquation"	RelError: 7.19329e-12	AbsError: 1.23431e-15
    Region: "oxide"	RelError: 8.53916e-16	AbsError: 1.71408e-16
      Equation: "PotentialEquation"	RelError: 8.53916e-16	AbsError: 1.71408e-16
number of equations 6651
Iteration: 0
  Device: "part1_baseline"	RelError: 4.82288e+01	AbsError: 1.09670e+16
    Region: "bulk"	RelError: 4.80753e+01	AbsError: 1.09670e+16
      Equation: "ElectronContinuityEquation"	RelError: 4.22644e-01	AbsError: 1.07298e+16
      Equation: "HoleContinuityEquation"	RelError: 2.65301e+00	AbsError: 2.37164e+14
      Equation: "PotentialEquation"	RelError: 4.49996e+01	AbsError: 1.88006e-02
    Region: "oxide"	RelError: 1.53557e-01	AbsError: 2.00000e-02
      Equation: "PotentialEquation"	RelError: 1.53557e-01	AbsError: 2.00000e-02
Iteration: 1
  Device: "part1_baseline"	RelError: 6.18241e-01	AbsError: 1.87998e+14
    Region: "bulk"	RelError: 6.18132e-01	AbsError: 1.87998e+14
      Equation: "ElectronContinuityEquation"	RelError: 1.66888e-01	AbsError: 1.80465e+14
      Equation: "HoleContinuityEquation"	RelError: 4.33965e-01	AbsError: 7.53288e+12
      Equation: "PotentialEquation"	RelError: 1.72785e-02	AbsError: 7.71781e-05
    Region: "oxide"	RelError: 1.09405e-04	AbsError: 2.79739e-05
      Equation: "PotentialEquation"	RelError: 1.09405e-04	AbsError: 2.79739e-05
Iteration: 2
  Device: "part1_baseline"	RelError: 6.87318e-04	AbsError: 8.02393e+10
    Region: "bulk"	RelError: 6.87304e-04	AbsError: 8.02393e+10
      Equation: "ElectronContinuityEquation"	RelError: 2.14911e-04	AbsError: 7.79843e+10
      Equation: "HoleContinuityEquation"	RelError: 4.71240e-04	AbsError: 2.25491e+09
      Equation: "PotentialEquation"	RelError: 1.15291e-06	AbsError: 2.15113e-08
    Region: "oxide"	RelError: 1.47374e-08	AbsError: 3.76823e-09
      Equation: "PotentialEquation"	RelError: 1.47374e-08	AbsError: 3.76823e-09
Iteration: 3
  Device: "part1_baseline"	RelError: 2.91435e-10	AbsError: 9.93755e+03
    Region: "bulk"	RelError: 2.91434e-10	AbsError: 9.93755e+03
      Equation: "ElectronContinuityEquation"	RelError: 3.82767e-11	AbsError: 9.85472e+03
      Equation: "HoleContinuityEquation"	RelError: 2.53025e-10	AbsError: 8.28365e+01
      Equation: "PotentialEquation"	RelError: 1.31956e-13	AbsError: 1.98173e-15
    Region: "oxide"	RelError: 1.38646e-15	AbsError: 3.04063e-16
      Equation: "PotentialEquation"	RelError: 1.38646e-15	AbsError: 3.04063e-16
number of equations 6651
Iteration: 0
  Device: "part1_baseline"	RelError: 1.92916e+02	AbsError: 1.09213e+16
    Region: "bulk"	RelError: 1.92783e+02	AbsError: 1.09213e+16
      Equation: "ElectronContinuityEquation"	RelError: 4.22641e-01	AbsError: 1.06925e+16
      Equation: "HoleContinuityEquation"	RelError: 2.65426e+00	AbsError: 2.28767e+14
      Equation: "PotentialEquation"	RelError: 1.89706e+02	AbsError: 1.88031e-02
    Region: "oxide"	RelError: 1.33130e-01	AbsError: 2.00000e-02
      Equation: "PotentialEquation"	RelError: 1.33130e-01	AbsError: 2.00000e-02
Iteration: 1
  Device: "part1_baseline"	RelError: 6.74663e-01	AbsError: 2.20633e+14
    Region: "bulk"	RelError: 6.74531e-01	AbsError: 2.20633e+14
      Equation: "ElectronContinuityEquation"	RelError: 1.66855e-01	AbsError: 2.13260e+14
      Equation: "HoleContinuityEquation"	RelError: 4.34124e-01	AbsError: 7.37217e+12
      Equation: "PotentialEquation"	RelError: 7.35522e-02	AbsError: 8.93564e-05
    Region: "oxide"	RelError: 1.31622e-04	AbsError: 3.54677e-05
      Equation: "PotentialEquation"	RelError: 1.31622e-04	AbsError: 3.54677e-05
Iteration: 2
  Device: "part1_baseline"	RelError: 7.69661e-04	AbsError: 1.05200e+11
    Region: "bulk"	RelError: 7.69642e-04	AbsError: 1.05200e+11
      Equation: "ElectronContinuityEquation"	RelError: 2.36565e-04	AbsError: 1.03181e+11
      Equation: "HoleContinuityEquation"	RelError: 5.28603e-04	AbsError: 2.01908e+09
      Equation: "PotentialEquation"	RelError: 4.47434e-06	AbsError: 2.72332e-08
    Region: "oxide"	RelError: 1.88829e-08	AbsError: 5.08829e-09
      Equation: "PotentialEquation"	RelError: 1.88829e-08	AbsError: 5.08829e-09
Iteration: 3
  Device: "part1_baseline"	RelError: 4.00329e-10	AbsError: 1.76163e+04
    Region: "bulk"	RelError: 4.00327e-10	AbsError: 1.76163e+04
      Equation: "ElectronContinuityEquation"	RelError: 4.18304e-11	AbsError: 1.75549e+04
      Equation: "HoleContinuityEquation"	RelError: 3.57302e-10	AbsError: 6.14113e+01
      Equation: "PotentialEquation"	RelError: 1.19478e-12	AbsError: 3.20872e-15
    Region: "oxide"	RelError: 2.30639e-15	AbsError: 5.39930e-16
      Equation: "PotentialEquation"	RelError: 2.30639e-15	AbsError: 5.39930e-16
number of equations 6651
Iteration: 0
  Device: "part1_baseline"	RelError: 7.85439e+01	AbsError: 1.08641e+16
    Region: "bulk"	RelError: 7.84264e+01	AbsError: 1.08641e+16
      Equation: "ElectronContinuityEquation"	RelError: 4.22633e-01	AbsError: 1.06444e+16
      Equation: "HoleContinuityEquation"	RelError: 2.65520e+00	AbsError: 2.19610e+14
      Equation: "PotentialEquation"	RelError: 7.53486e+01	AbsError: 1.88049e-02
    Region: "oxide"	RelError: 1.17498e-01	AbsError: 2.00000e-02
      Equation: "PotentialEquation"	RelError: 1.17498e-01	AbsError: 2.00000e-02
Iteration: 1
  Device: "part1_baseline"	RelError: 6.07219e-01	AbsError: 2.62304e+14
    Region: "bulk"	RelError: 6.07060e-01	AbsError: 2.62304e+14
      Equation: "ElectronContinuityEquation"	RelError: 1.66813e-01	AbsError: 2.55172e+14
      Equation: "HoleContinuityEquation"	RelError: 4.34247e-01	AbsError: 7.13159e+12
      Equation: "PotentialEquation"	RelError: 5.99967e-03	AbsError: 1.03257e-04
    Region: "oxide"	RelError: 1.58827e-04	AbsError: 4.49729e-05
      Equation: "PotentialEquation"	RelError: 1.58827e-04	AbsError: 4.49729e-05
Iteration: 2
  Device: "part1_baseline"	RelError: 8.77686e-04	AbsError: 1.43821e+11
    Region: "bulk"	RelError: 8.77662e-04	AbsError: 1.43821e+11
      Equation: "ElectronContinuityEquation"	RelError: 2.64059e-04	AbsError: 1.42058e+11
      Equation: "HoleContinuityEquation"	RelError: 5.95357e-04	AbsError: 1.76320e+09
      Equation: "PotentialEquation"	RelError: 1.82460e-05	AbsError: 3.38360e-08
    Region: "oxide"	RelError: 2.41260e-08	AbsError: 6.83145e-09
      Equation: "PotentialEquation"	RelError: 2.41260e-08	AbsError: 6.83145e-09
Iteration: 3
  Device: "part1_baseline"	RelError: 5.64656e-10	AbsError: 2.91801e+04
    Region: "bulk"	RelError: 5.64652e-10	AbsError: 2.91801e+04
      Equation: "ElectronContinuityEquation"	RelError: 4.42316e-11	AbsError: 2.91315e+04
      Equation: "HoleContinuityEquation"	RelError: 5.18621e-10	AbsError: 4.85752e+01
      Equation: "PotentialEquation"	RelError: 1.79945e-12	AbsError: 5.04783e-15
    Region: "oxide"	RelError: 3.98263e-15	AbsError: 9.66010e-16
      Equation: "PotentialEquation"	RelError: 3.98263e-15	AbsError: 9.66010e-16
number of equations 6651
Iteration: 0
  Device: "part1_baseline"	RelError: 1.21832e+02	AbsError: 1.08005e+16
    Region: "bulk"	RelError: 1.21727e+02	AbsError: 1.08005e+16
      Equation: "ElectronContinuityEquation"	RelError: 4.22621e-01	AbsError: 1.05826e+16
      Equation: "HoleContinuityEquation"	RelError: 2.65580e+00	AbsError: 2.17806e+14
      Equation: "PotentialEquation"	RelError: 1.18648e+02	AbsError: 1.88061e-02
    Region: "oxide"	RelError: 1.05149e-01	AbsError: 2.00000e-02
      Equation: "PotentialEquation"	RelError: 1.05149e-01	AbsError: 2.00000e-02
Iteration: 1
  Device: "part1_baseline"	RelError: 6.17633e-01	AbsError: 3.12364e+14
    Region: "bulk"	RelError: 6.17441e-01	AbsError: 3.12364e+14
      Equation: "ElectronContinuityEquation"	RelError: 1.66759e-01	AbsError: 3.05537e+14
      Equation: "HoleContinuityEquation"	RelError: 4.34334e-01	AbsError: 6.82741e+12
      Equation: "PotentialEquation"	RelError: 1.63485e-02	AbsError: 1.18894e-04
    Region: "oxide"	RelError: 1.92056e-04	AbsError: 5.69911e-05
      Equation: "PotentialEquation"	RelError: 1.92056e-04	AbsError: 5.69911e-05
Iteration: 2
  Device: "part1_baseline"	RelError: 9.75229e-04	AbsError: 1.94973e+11
    Region: "bulk"	RelError: 9.75199e-04	AbsError: 1.94973e+11
      Equation: "ElectronContinuityEquation"	RelError: 2.98155e-04	AbsError: 1.93475e+11
      Equation: "HoleContinuityEquation"	RelError: 6.73706e-04	AbsError: 1.49779e+09
      Equation: "PotentialEquation"	RelError: 3.33703e-06	AbsError: 4.15138e-08
    Region: "oxide"	RelError: 3.07655e-08	AbsError: 9.12943e-09
      Equation: "PotentialEquation"	RelError: 3.07655e-08	AbsError: 9.12943e-09
Iteration: 3
  Device: "part1_baseline"	RelError: 7.95293e-10	AbsError: 5.01102e+04
    Region: "bulk"	RelError: 7.95286e-10	AbsError: 5.01102e+04
      Equation: "ElectronContinuityEquation"	RelError: 4.13668e-11	AbsError: 5.00626e+04
      Equation: "HoleContinuityEquation"	RelError: 7.50584e-10	AbsError: 4.75735e+01
      Equation: "PotentialEquation"	RelError: 3.33526e-12	AbsError: 8.20890e-15
    Region: "oxide"	RelError: 7.20805e-15	AbsError: 1.76184e-15
      Equation: "PotentialEquation"	RelError: 7.20805e-15	AbsError: 1.76184e-15
number of equations 6651
Iteration: 0
  Device: "part1_baseline"	RelError: 8.08017e+00	AbsError: 1.07193e+16
    Region: "bulk"	RelError: 7.98502e+00	AbsError: 1.07193e+16
      Equation: "ElectronContinuityEquation"	RelError: 4.22602e-01	AbsError: 1.05036e+16
      Equation: "HoleContinuityEquation"	RelError: 2.65601e+00	AbsError: 2.15735e+14
      Equation: "PotentialEquation"	RelError: 4.90641e+00	AbsError: 1.88065e-02
    Region: "oxide"	RelError: 9.51464e-02	AbsError: 2.00000e-02
      Equation: "PotentialEquation"	RelError: 9.51464e-02	AbsError: 2.00000e-02
Iteration: 1
  Device: "part1_baseline"	RelError: 6.03208e-01	AbsError: 3.75007e+14
    Region: "bulk"	RelError: 6.02976e-01	AbsError: 3.75007e+14
      Equation: "ElectronContinuityEquation"	RelError: 1.66689e-01	AbsError: 3.68531e+14
      Equation: "HoleContinuityEquation"	RelError: 4.34378e-01	AbsError: 6.47541e+12
      Equation: "PotentialEquation"	RelError: 1.90842e-03	AbsError: 1.37561e-04
    Region: "oxide"	RelError: 2.32404e-04	AbsError: 7.20903e-05
      Equation: "PotentialEquation"	RelError: 2.32404e-04	AbsError: 7.20903e-05
Iteration: 2
  Device: "part1_baseline"	RelError: 1.10233e-03	AbsError: 2.62683e+11
    Region: "bulk"	RelError: 1.10229e-03	AbsError: 2.62683e+11
      Equation: "ElectronContinuityEquation"	RelError: 3.40054e-04	AbsError: 2.61401e+11
      Equation: "HoleContinuityEquation"	RelError: 7.61762e-04	AbsError: 1.28218e+09
      Equation: "PotentialEquation"	RelError: 4.70971e-07	AbsError: 5.07369e-08
    Region: "oxide"	RelError: 3.91434e-08	AbsError: 1.21420e-08
      Equation: "PotentialEquation"	RelError: 3.91434e-08	AbsError: 1.21420e-08
Iteration: 3
  Device: "part1_baseline"	RelError: 1.14796e-09	AbsError: 8.69369e+04
    Region: "bulk"	RelError: 1.14794e-09	AbsError: 8.69369e+04
      Equation: "ElectronContinuityEquation"	RelError: 4.34107e-11	AbsError: 8.68895e+04
      Equation: "HoleContinuityEquation"	RelError: 1.10430e-09	AbsError: 4.73833e+01
      Equation: "PotentialEquation"	RelError: 2.28628e-13	AbsError: 1.30468e-14
    Region: "oxide"	RelError: 1.37029e-14	AbsError: 3.57116e-15
      Equation: "PotentialEquation"	RelError: 1.37029e-14	AbsError: 3.57116e-15
number of equations 6651
Iteration: 0
  Device: "part1_baseline"	RelError: 3.12335e+01	AbsError: 1.06157e+16
    Region: "bulk"	RelError: 3.11466e+01	AbsError: 1.06157e+16
      Equation: "ElectronContinuityEquation"	RelError: 4.22574e-01	AbsError: 1.04028e+16
      Equation: "HoleContinuityEquation"	RelError: 2.65572e+00	AbsError: 2.12892e+14
      Equation: "PotentialEquation"	RelError: 2.80683e+01	AbsError: 1.88059e-02
    Region: "oxide"	RelError: 8.68777e-02	AbsError: 2.00000e-02
      Equation: "PotentialEquation"	RelError: 8.68777e-02	AbsError: 2.00000e-02
Iteration: 1
  Device: "part1_baseline"	RelError: 6.29592e-01	AbsError: 4.59748e+14
    Region: "bulk"	RelError: 6.29311e-01	AbsError: 4.59748e+14
      Equation: "ElectronContinuityEquation"	RelError: 1.66596e-01	AbsError: 4.53658e+14
      Equation: "HoleContinuityEquation"	RelError: 4.34371e-01	AbsError: 6.09050e+12
      Equation: "PotentialEquation"	RelError: 2.83446e-02	AbsError: 1.58601e-04
    Region: "oxide"	RelError: 2.80870e-04	AbsError: 9.08548e-05
      Equation: "PotentialEquation"	RelError: 2.80870e-04	AbsError: 9.08548e-05
Iteration: 2
  Device: "part1_baseline"	RelError: 1.24923e-03	AbsError: 3.69535e+11
    Region: "bulk"	RelError: 1.24918e-03	AbsError: 3.69535e+11
      Equation: "ElectronContinuityEquation"	RelError: 3.91239e-04	AbsError: 3.68338e+11
      Equation: "HoleContinuityEquation"	RelError: 8.52209e-04	AbsError: 1.19672e+09
      Equation: "PotentialEquation"	RelError: 5.73200e-06	AbsError: 6.03029e-08
    Region: "oxide"	RelError: 4.95391e-08	AbsError: 1.60247e-08
      Equation: "PotentialEquation"	RelError: 4.95391e-08	AbsError: 1.60247e-08
Iteration: 3
  Device: "part1_baseline"	RelError: 1.71211e-09	AbsError: 1.40030e+05
    Region: "bulk"	RelError: 1.71208e-09	AbsError: 1.40030e+05
      Equation: "ElectronContinuityEquation"	RelError: 6.94972e-11	AbsError: 1.39982e+05
      Equation: "HoleContinuityEquation"	RelError: 1.64012e-09	AbsError: 4.83731e+01
      Equation: "PotentialEquation"	RelError: 2.46052e-12	AbsError: 2.07972e-14
    Region: "oxide"	RelError: 2.71162e-14	AbsError: 7.50328e-15
      Equation: "PotentialEquation"	RelError: 2.71162e-14	AbsError: 7.50328e-15
number of equations 6651
Iteration: 0
  Device: "part1_baseline"	RelError: 3.08261e+01	AbsError: 1.04841e+16
    Region: "bulk"	RelError: 3.07462e+01	AbsError: 1.04841e+16
      Equation: "ElectronContinuityEquation"	RelError: 4.22531e-01	AbsError: 1.02748e+16
      Equation: "HoleContinuityEquation"	RelError: 2.65468e+00	AbsError: 2.09306e+14
      Equation: "PotentialEquation"	RelError: 2.76690e+01	AbsError: 1.88039e-02
    Region: "oxide"	RelError: 7.99258e-02	AbsError: 2.00000e-02
      Equation: "PotentialEquation"	RelError: 7.99258e-02	AbsError: 2.00000e-02
Iteration: 1
  Device: "part1_baseline"	RelError: 6.67945e-01	AbsError: 5.74675e+14
    Region: "bulk"	RelError: 6.67607e-01	AbsError: 5.74675e+14
      Equation: "ElectronContinuityEquation"	RelError: 1.66464e-01	AbsError: 5.68989e+14
      Equation: "HoleContinuityEquation"	RelError: 4.34290e-01	AbsError: 5.68661e+12
      Equation: "PotentialEquation"	RelError: 6.68526e-02	AbsError: 1.82329e-04
    Region: "oxide"	RelError: 3.38092e-04	AbsError: 1.13784e-04
      Equation: "PotentialEquation"	RelError: 3.38092e-04	AbsError: 1.13784e-04
Iteration: 2
  Device: "part1_baseline"	RelError: 1.45937e-03	AbsError: 5.09210e+11
    Region: "bulk"	RelError: 1.45928e-03	AbsError: 5.09210e+11
      Equation: "ElectronContinuityEquation"	RelError: 4.62070e-04	AbsError: 5.08161e+11
      Equation: "HoleContinuityEquation"	RelError: 9.44759e-04	AbsError: 1.04892e+09
      Equation: "PotentialEquation"	RelError: 5.24540e-05	AbsError: 6.97387e-08
    Region: "oxide"	RelError: 8.86945e-08	AbsError: 2.40288e-08
      Equation: "PotentialEquation"	RelError: 8.86945e-08	AbsError: 2.40288e-08
Iteration: 3
  Device: "part1_baseline"	RelError: 2.65689e-09	AbsError: 2.38799e+05
    Region: "bulk"	RelError: 2.65684e-09	AbsError: 2.38799e+05
      Equation: "ElectronContinuityEquation"	RelError: 2.33919e-10	AbsError: 2.38755e+05
      Equation: "HoleContinuityEquation"	RelError: 2.40473e-09	AbsError: 4.42327e+01
      Equation: "PotentialEquation"	RelError: 1.81860e-11	AbsError: 3.29647e-14
    Region: "oxide"	RelError: 5.45490e-14	AbsError: 1.59658e-14
      Equation: "PotentialEquation"	RelError: 5.45490e-14	AbsError: 1.59658e-14
number of equations 6651
Iteration: 0
  Device: "part1_baseline"	RelError: 6.00618e+01	AbsError: 1.03180e+16
    Region: "bulk"	RelError: 5.99878e+01	AbsError: 1.03180e+16
      Equation: "ElectronContinuityEquation"	RelError: 4.22461e-01	AbsError: 1.01130e+16
      Equation: "HoleContinuityEquation"	RelError: 2.65247e+00	AbsError: 2.05003e+14
      Equation: "PotentialEquation"	RelError: 5.69129e+01	AbsError: 1.87996e-02
    Region: "oxide"	RelError: 7.39953e-02	AbsError: 2.00000e-02
      Equation: "PotentialEquation"	RelError: 7.39953e-02	AbsError: 2.00000e-02
Iteration: 1
  Device: "part1_baseline"	RelError: 6.24636e-01	AbsError: 7.36772e+14
    Region: "bulk"	RelError: 6.24232e-01	AbsError: 7.36772e+14
      Equation: "ElectronContinuityEquation"	RelError: 1.66264e-01	AbsError: 7.31313e+14
      Equation: "HoleContinuityEquation"	RelError: 4.34096e-01	AbsError: 5.45878e+12
      Equation: "PotentialEquation"	RelError: 2.38718e-02	AbsError: 2.10387e-04
    Region: "oxide"	RelError: 4.03938e-04	AbsError: 1.41118e-04
      Equation: "PotentialEquation"	RelError: 4.03938e-04	AbsError: 1.41118e-04
Iteration: 2
  Device: "part1_baseline"	RelError: 1.64402e-03	AbsError: 6.82276e+11
    Region: "bulk"	RelError: 1.64385e-03	AbsError: 6.82276e+11
      Equation: "ElectronContinuityEquation"	RelError: 5.47961e-04	AbsError: 6.81463e+11
      Equation: "HoleContinuityEquation"	RelError: 1.01833e-03	AbsError: 8.13183e+08
      Equation: "PotentialEquation"	RelError: 7.75527e-05	AbsError: 7.91391e-08
    Region: "oxide"	RelError: 1.68179e-07	AbsError: 4.84508e-08
      Equation: "PotentialEquation"	RelError: 1.68179e-07	AbsError: 4.84508e-08
Iteration: 3
  Device: "part1_baseline"	RelError: 4.17906e-09	AbsError: 3.89267e+05
    Region: "bulk"	RelError: 4.17895e-09	AbsError: 3.89267e+05
      Equation: "ElectronContinuityEquation"	RelError: 5.61224e-10	AbsError: 3.89218e+05
      Equation: "HoleContinuityEquation"	RelError: 3.59791e-09	AbsError: 4.83327e+01
      Equation: "PotentialEquation"	RelError: 1.98233e-11	AbsError: 5.32227e-14
    Region: "oxide"	RelError: 1.06882e-13	AbsError: 3.29747e-14
      Equation: "PotentialEquation"	RelError: 1.06882e-13	AbsError: 3.29747e-14
number of equations 6651
Iteration: 0
  Device: "part1_baseline"	RelError: 1.37141e+03	AbsError: 1.01100e+16
    Region: "bulk"	RelError: 1.37134e+03	AbsError: 1.01100e+16
      Equation: "ElectronContinuityEquation"	RelError: 4.22339e-01	AbsError: 9.91000e+15
      Equation: "HoleContinuityEquation"	RelError: 2.64818e+00	AbsError: 1.99998e+14
      Equation: "PotentialEquation"	RelError: 1.36827e+03	AbsError: 1.87913e-02
    Region: "oxide"	RelError: 6.88698e-02	AbsError: 2.00000e-02
      Equation: "PotentialEquation"	RelError: 6.88698e-02	AbsError: 2.00000e-02
Iteration: 1
  Device: "part1_baseline"	RelError: 1.20282e+00	AbsError: 9.92095e+14
    Region: "bulk"	RelError: 1.20234e+00	AbsError: 9.92095e+14
      Equation: "ElectronContinuityEquation"	RelError: 1.65944e-01	AbsError: 9.86657e+14
      Equation: "HoleContinuityEquation"	RelError: 4.33705e-01	AbsError: 5.43803e+12
      Equation: "PotentialEquation"	RelError: 6.02690e-01	AbsError: 2.40675e-04
    Region: "oxide"	RelError: 4.76974e-04	AbsError: 1.72588e-04
      Equation: "PotentialEquation"	RelError: 4.76974e-04	AbsError: 1.72588e-04
Iteration: 2
  Device: "part1_baseline"	RelError: 3.18684e-03	AbsError: 1.03653e+12
    Region: "bulk"	RelError: 3.18655e-03	AbsError: 1.03653e+12
      Equation: "ElectronContinuityEquation"	RelError: 6.48668e-04	AbsError: 1.03577e+12
      Equation: "HoleContinuityEquation"	RelError: 1.06662e-03	AbsError: 7.56995e+08
      Equation: "PotentialEquation"	RelError: 1.47125e-03	AbsError: 1.24653e-07
    Region: "oxide"	RelError: 2.95330e-07	AbsError: 9.01197e-08
      Equation: "PotentialEquation"	RelError: 2.95330e-07	AbsError: 9.01197e-08
Iteration: 3
  Device: "part1_baseline"	RelError: 7.19237e-09	AbsError: 5.56648e+05
    Region: "bulk"	RelError: 7.19217e-09	AbsError: 5.56648e+05
      Equation: "ElectronContinuityEquation"	RelError: 1.12156e-09	AbsError: 5.56444e+05
      Equation: "HoleContinuityEquation"	RelError: 5.20112e-09	AbsError: 2.03563e+02
      Equation: "PotentialEquation"	RelError: 8.69487e-10	AbsError: 1.02425e-13
    Region: "oxide"	RelError: 1.98429e-13	AbsError: 6.18234e-14
      Equation: "PotentialEquation"	RelError: 1.98429e-13	AbsError: 6.18234e-14
number of equations 6651
Iteration: 0
  Device: "part1_baseline"	RelError: 4.58042e+01	AbsError: 9.85162e+15
    Region: "bulk"	RelError: 4.57398e+01	AbsError: 9.85162e+15
      Equation: "ElectronContinuityEquation"	RelError: 4.22117e-01	AbsError: 9.65734e+15
      Equation: "HoleContinuityEquation"	RelError: 2.64013e+00	AbsError: 1.94282e+14
      Equation: "PotentialEquation"	RelError: 4.26776e+01	AbsError: 1.87756e-02
    Region: "oxide"	RelError: 6.43835e-02	AbsError: 2.00000e-02
      Equation: "PotentialEquation"	RelError: 6.43835e-02	AbsError: 2.00000e-02
Iteration: 1
  Device: "part1_baseline"	RelError: 6.89662e-01	AbsError: 1.41787e+15
    Region: "bulk"	RelError: 6.89108e-01	AbsError: 1.41787e+15
      Equation: "ElectronContinuityEquation"	RelError: 1.65402e-01	AbsError: 1.41247e+15
      Equation: "HoleContinuityEquation"	RelError: 4.32956e-01	AbsError: 5.40126e+12
      Equation: "PotentialEquation"	RelError: 9.07502e-02	AbsError: 2.71651e-04
    Region: "oxide"	RelError: 5.53915e-04	AbsError: 2.07127e-04
      Equation: "PotentialEquation"	RelError: 5.53915e-04	AbsError: 2.07127e-04
Iteration: 2
  Device: "part1_baseline"	RelError: 2.14324e-03	AbsError: 1.50254e+12
    Region: "bulk"	RelError: 2.14276e-03	AbsError: 1.50254e+12
      Equation: "ElectronContinuityEquation"	RelError: 7.62437e-04	AbsError: 1.50128e+12
      Equation: "HoleContinuityEquation"	RelError: 1.07003e-03	AbsError: 1.26586e+09
      Equation: "PotentialEquation"	RelError: 3.10289e-04	AbsError: 2.05066e-07
    Region: "oxide"	RelError: 4.77241e-07	AbsError: 1.52561e-07
      Equation: "PotentialEquation"	RelError: 4.77241e-07	AbsError: 1.52561e-07
Iteration: 3
  Device: "part1_baseline"	RelError: 9.34065e-09	AbsError: 1.05235e+06
    Region: "bulk"	RelError: 9.34012e-09	AbsError: 1.05235e+06
      Equation: "ElectronContinuityEquation"	RelError: 2.10158e-09	AbsError: 1.05180e+06
      Equation: "HoleContinuityEquation"	RelError: 7.07740e-09	AbsError: 5.46602e+02
      Equation: "PotentialEquation"	RelError: 1.61138e-10	AbsError: 2.74764e-13
    Region: "oxide"	RelError: 5.36015e-13	AbsError: 1.72618e-13
      Equation: "PotentialEquation"	RelError: 5.36015e-13	AbsError: 1.72618e-13
number of equations 6651
Iteration: 0
  Device: "part1_baseline"	RelError: 1.00925e+01	AbsError: 9.88340e+15
    Region: "bulk"	RelError: 1.00321e+01	AbsError: 9.88340e+15
      Equation: "ElectronContinuityEquation"	RelError: 4.21704e-01	AbsError: 9.69560e+15
      Equation: "HoleContinuityEquation"	RelError: 2.62503e+00	AbsError: 1.87800e+14
      Equation: "PotentialEquation"	RelError: 6.98536e+00	AbsError: 1.87460e-02
    Region: "oxide"	RelError: 6.04019e-02	AbsError: 2.00000e-02
      Equation: "PotentialEquation"	RelError: 6.04019e-02	AbsError: 2.00000e-02
Iteration: 1
  Device: "part1_baseline"	RelError: 6.18479e-01	AbsError: 2.03864e+15
    Region: "bulk"	RelError: 6.17850e-01	AbsError: 2.03864e+15
      Equation: "ElectronContinuityEquation"	RelError: 1.64453e-01	AbsError: 2.03327e+15
      Equation: "HoleContinuityEquation"	RelError: 4.31536e-01	AbsError: 5.37122e+12
      Equation: "PotentialEquation"	RelError: 2.18614e-02	AbsError: 3.03991e-04
    Region: "oxide"	RelError: 6.29285e-04	AbsError: 2.42629e-04
      Equation: "PotentialEquation"	RelError: 6.29285e-04	AbsError: 2.42629e-04
Iteration: 2
  Device: "part1_baseline"	RelError: 2.03403e-03	AbsError: 2.11264e+12
    Region: "bulk"	RelError: 2.03325e-03	AbsError: 2.11264e+12
      Equation: "ElectronContinuityEquation"	RelError: 8.84946e-04	AbsError: 2.11045e+12
      Equation: "HoleContinuityEquation"	RelError: 1.06252e-03	AbsError: 2.18878e+09
      Equation: "PotentialEquation"	RelError: 8.57876e-05	AbsError: 3.36689e-07
    Region: "oxide"	RelError: 7.73954e-07	AbsError: 2.54265e-07
      Equation: "PotentialEquation"	RelError: 7.73954e-07	AbsError: 2.54265e-07
Iteration: 3
  Device: "part1_baseline"	RelError: 1.26987e-08	AbsError: 2.41678e+06
    Region: "bulk"	RelError: 1.26972e-08	AbsError: 2.41678e+06
      Equation: "ElectronContinuityEquation"	RelError: 3.63555e-09	AbsError: 2.41547e+06
      Equation: "HoleContinuityEquation"	RelError: 9.03418e-09	AbsError: 1.30868e+03
      Equation: "PotentialEquation"	RelError: 2.74421e-11	AbsError: 7.78722e-13
    Region: "oxide"	RelError: 1.56321e-12	AbsError: 5.13557e-13
      Equation: "PotentialEquation"	RelError: 1.56321e-12	AbsError: 5.13557e-13
number of equations 6651
Iteration: 0
  Device: "part1_baseline"	RelError: 1.18732e+01	AbsError: 1.31728e+16
    Region: "bulk"	RelError: 1.18164e+01	AbsError: 1.31728e+16
      Equation: "ElectronContinuityEquation"	RelError: 4.20923e-01	AbsError: 1.29923e+16
      Equation: "HoleContinuityEquation"	RelError: 2.59714e+00	AbsError: 1.80428e+14
      Equation: "PotentialEquation"	RelError: 8.79838e+00	AbsError: 1.86906e-02
    Region: "oxide"	RelError: 5.68053e-02	AbsError: 2.00000e-02
      Equation: "PotentialEquation"	RelError: 5.68053e-02	AbsError: 2.00000e-02
Iteration: 1
  Device: "part1_baseline"	RelError: 6.55074e-01	AbsError: 2.82183e+15
    Region: "bulk"	RelError: 6.54366e-01	AbsError: 2.82183e+15
      Equation: "ElectronContinuityEquation"	RelError: 1.62764e-01	AbsError: 2.81645e+15
      Equation: "HoleContinuityEquation"	RelError: 4.28847e-01	AbsError: 5.37579e+12
      Equation: "PotentialEquation"	RelError: 6.27542e-02	AbsError: 3.50275e-04
    Region: "oxide"	RelError: 7.08205e-04	AbsError: 2.75915e-04
      Equation: "PotentialEquation"	RelError: 7.08205e-04	AbsError: 2.75915e-04
Iteration: 2
  Device: "part1_baseline"	RelError: 2.35095e-03	AbsError: 3.51317e+12
    Region: "bulk"	RelError: 2.34976e-03	AbsError: 3.51317e+12
      Equation: "ElectronContinuityEquation"	RelError: 9.96109e-04	AbsError: 3.50948e+12
      Equation: "HoleContinuityEquation"	RelError: 1.16936e-03	AbsError: 3.69735e+09
      Equation: "PotentialEquation"	RelError: 1.84290e-04	AbsError: 5.21686e-07
    Region: "oxide"	RelError: 1.18865e-06	AbsError: 4.03436e-07
      Equation: "PotentialEquation"	RelError: 1.18865e-06	AbsError: 4.03436e-07
Iteration: 3
  Device: "part1_baseline"	RelError: 1.62148e-08	AbsError: 7.50954e+06
    Region: "bulk"	RelError: 1.62098e-08	AbsError: 7.50954e+06
      Equation: "ElectronContinuityEquation"	RelError: 5.75875e-09	AbsError: 7.50011e+06
      Equation: "HoleContinuityEquation"	RelError: 1.00584e-08	AbsError: 9.43199e+03
      Equation: "PotentialEquation"	RelError: 3.92704e-10	AbsError: 2.40063e-12
    Region: "oxide"	RelError: 4.92927e-12	AbsError: 1.67303e-12
      Equation: "PotentialEquation"	RelError: 4.92927e-12	AbsError: 1.67303e-12
number of equations 6651
Iteration: 0
  Device: "part1_baseline"	RelError: 4.75376e+02	AbsError: 1.90227e+16
    Region: "bulk"	RelError: 4.75323e+02	AbsError: 1.90227e+16
      Equation: "ElectronContinuityEquation"	RelError: 4.19457e-01	AbsError: 1.88508e+16
      Equation: "HoleContinuityEquation"	RelError: 2.55080e+00	AbsError: 1.71940e+14
      Equation: "PotentialEquation"	RelError: 4.72352e+02	AbsError: 1.85967e-02
    Region: "oxide"	RelError: 5.34727e-02	AbsError: 2.00000e-02
      Equation: "PotentialEquation"	RelError: 5.34727e-02	AbsError: 2.00000e-02
Iteration: 1
  Device: "part1_baseline"	RelError: 1.39363e+00	AbsError: 3.74878e+15
    Region: "bulk"	RelError: 1.39275e+00	AbsError: 3.74878e+15
      Equation: "ElectronContinuityEquation"	RelError: 1.60073e-01	AbsError: 3.74334e+15
      Equation: "HoleContinuityEquation"	RelError: 4.24276e-01	AbsError: 5.44356e+12
      Equation: "PotentialEquation"	RelError: 8.08405e-01	AbsError: 4.31447e-04
    Region: "oxide"	RelError: 8.75006e-04	AbsError: 3.35067e-04
      Equation: "PotentialEquation"	RelError: 8.75006e-04	AbsError: 3.35067e-04
Iteration: 2
  Device: "part1_baseline"	RelError: 5.75353e-03	AbsError: 5.76209e+12
    Region: "bulk"	RelError: 5.75181e-03	AbsError: 5.76209e+12
      Equation: "ElectronContinuityEquation"	RelError: 1.06324e-03	AbsError: 5.75634e+12
      Equation: "HoleContinuityEquation"	RelError: 1.31708e-03	AbsError: 5.74705e+09
      Equation: "PotentialEquation"	RelError: 3.37149e-03	AbsError: 7.69871e-07
    Region: "oxide"	RelError: 1.71819e-06	AbsError: 6.01615e-07
      Equation: "PotentialEquation"	RelError: 1.71819e-06	AbsError: 6.01615e-07
Iteration: 3
  Device: "part1_baseline"	RelError: 4.60970e-08	AbsError: 2.21083e+07
    Region: "bulk"	RelError: 4.60845e-08	AbsError: 2.21083e+07
      Equation: "ElectronContinuityEquation"	RelError: 8.23807e-09	AbsError: 2.20720e+07
      Equation: "HoleContinuityEquation"	RelError: 1.98521e-08	AbsError: 3.63170e+04
      Equation: "PotentialEquation"	RelError: 1.79943e-08	AbsError: 6.09786e-12
    Region: "oxide"	RelError: 1.25248e-11	AbsError: 4.41963e-12
      Equation: "PotentialEquation"	RelError: 1.25248e-11	AbsError: 4.41963e-12
number of equations 6651
Iteration: 0
  Device: "part1_baseline"	RelError: 1.89574e+01	AbsError: 2.68422e+16
    Region: "bulk"	RelError: 1.89071e+01	AbsError: 2.68422e+16
      Equation: "ElectronContinuityEquation"	RelError: 4.16963e-01	AbsError: 2.66786e+16
      Equation: "HoleContinuityEquation"	RelError: 2.46776e+00	AbsError: 1.63598e+14
      Equation: "PotentialEquation"	RelError: 1.60224e+01	AbsError: 1.84221e-02
    Region: "oxide"	RelError: 5.02663e-02	AbsError: 2.00000e-02
      Equation: "PotentialEquation"	RelError: 5.02663e-02	AbsError: 2.00000e-02
Iteration: 1
  Device: "part1_baseline"	RelError: 1.22501e+00	AbsError: 4.77735e+15
    Region: "bulk"	RelError: 1.22398e+00	AbsError: 4.77735e+15
      Equation: "ElectronContinuityEquation"	RelError: 1.55431e-01	AbsError: 4.77162e+15
      Equation: "HoleContinuityEquation"	RelError: 4.15940e-01	AbsError: 5.73515e+12
      Equation: "PotentialEquation"	RelError: 6.52603e-01	AbsError: 5.19836e-04
    Region: "oxide"	RelError: 1.03870e-03	AbsError: 4.07210e-04
      Equation: "PotentialEquation"	RelError: 1.03870e-03	AbsError: 4.07210e-04
Iteration: 2
  Device: "part1_baseline"	RelError: 3.49287e-03	AbsError: 8.54066e+12
    Region: "bulk"	RelError: 3.49065e-03	AbsError: 8.54066e+12
      Equation: "ElectronContinuityEquation"	RelError: 1.04153e-03	AbsError: 8.53317e+12
      Equation: "HoleContinuityEquation"	RelError: 1.54407e-03	AbsError: 7.49658e+09
      Equation: "PotentialEquation"	RelError: 9.05043e-04	AbsError: 1.02153e-06
    Region: "oxide"	RelError: 2.22109e-06	AbsError: 8.12273e-07
      Equation: "PotentialEquation"	RelError: 2.22109e-06	AbsError: 8.12273e-07
Iteration: 3
  Device: "part1_baseline"	RelError: 5.05542e-08	AbsError: 4.01617e+07
    Region: "bulk"	RelError: 5.05329e-08	AbsError: 4.01617e+07
      Equation: "ElectronContinuityEquation"	RelError: 1.02238e-08	AbsError: 4.00875e+07
      Equation: "HoleContinuityEquation"	RelError: 3.00339e-08	AbsError: 7.42105e+04
      Equation: "PotentialEquation"	RelError: 1.02752e-08	AbsError: 1.07575e-11
    Region: "oxide"	RelError: 2.13387e-11	AbsError: 7.80374e-12
      Equation: "PotentialEquation"	RelError: 2.13387e-11	AbsError: 7.80374e-12
number of equations 6651
Iteration: 0
  Device: "part1_baseline"	RelError: 7.51992e+00	AbsError: 3.67428e+16
    Region: "bulk"	RelError: 7.47282e+00	AbsError: 3.67428e+16
      Equation: "ElectronContinuityEquation"	RelError: 4.12648e-01	AbsError: 3.65861e+16
      Equation: "HoleContinuityEquation"	RelError: 2.33170e+00	AbsError: 1.56778e+14
      Equation: "PotentialEquation"	RelError: 4.72848e+00	AbsError: 1.81172e-02
    Region: "oxide"	RelError: 4.70953e-02	AbsError: 2.00000e-02
      Equation: "PotentialEquation"	RelError: 4.70953e-02	AbsError: 2.00000e-02
Iteration: 1
  Device: "part1_baseline"	RelError: 7.26264e-01	AbsError: 5.85348e+15
    Region: "bulk"	RelError: 7.25009e-01	AbsError: 5.85348e+15
      Equation: "ElectronContinuityEquation"	RelError: 1.47682e-01	AbsError: 5.84665e+15
      Equation: "HoleContinuityEquation"	RelError: 4.01242e-01	AbsError: 6.82492e+12
      Equation: "PotentialEquation"	RelError: 1.76085e-01	AbsError: 6.29139e-04
    Region: "oxide"	RelError: 1.25480e-03	AbsError: 5.01697e-04
      Equation: "PotentialEquation"	RelError: 1.25480e-03	AbsError: 5.01697e-04
Iteration: 2
  Device: "part1_baseline"	RelError: 2.85683e-03	AbsError: 1.10678e+13
    Region: "bulk"	RelError: 2.85428e-03	AbsError: 1.10678e+13
      Equation: "ElectronContinuityEquation"	RelError: 8.99094e-04	AbsError: 1.10613e+13
      Equation: "HoleContinuityEquation"	RelError: 1.80737e-03	AbsError: 6.56629e+09
      Equation: "PotentialEquation"	RelError: 1.47815e-04	AbsError: 1.53704e-06
    Region: "oxide"	RelError: 2.55256e-06	AbsError: 1.02057e-06
      Equation: "PotentialEquation"	RelError: 2.55256e-06	AbsError: 1.02057e-06
Iteration: 3
  Device: "part1_baseline"	RelError: 6.00166e-08	AbsError: 8.13624e+07
    Region: "bulk"	RelError: 5.99928e-08	AbsError: 8.13624e+07
      Equation: "ElectronContinuityEquation"	RelError: 9.12195e-09	AbsError: 8.13111e+07
      Equation: "HoleContinuityEquation"	RelError: 4.95986e-08	AbsError: 5.12905e+04
      Equation: "PotentialEquation"	RelError: 1.27224e-09	AbsError: 1.37153e-11
    Region: "oxide"	RelError: 2.38281e-11	AbsError: 9.52698e-12
      Equation: "PotentialEquation"	RelError: 2.38281e-11	AbsError: 9.52698e-12
number of equations 6651
Iteration: 0
  Device: "part1_baseline"	RelError: 1.80498e+01	AbsError: 4.87946e+16
    Region: "bulk"	RelError: 1.80061e+01	AbsError: 4.87946e+16
      Equation: "ElectronContinuityEquation"	RelError: 4.05251e-01	AbsError: 4.86478e+16
      Equation: "HoleContinuityEquation"	RelError: 2.13119e+00	AbsError: 1.46753e+14
      Equation: "PotentialEquation"	RelError: 1.54696e+01	AbsError: 1.76197e-02
    Region: "oxide"	RelError: 4.37402e-02	AbsError: 2.00000e-02
      Equation: "PotentialEquation"	RelError: 4.37402e-02	AbsError: 2.00000e-02
Iteration: 1
  Device: "part1_baseline"	RelError: 9.16543e-01	AbsError: 6.92317e+15
    Region: "bulk"	RelError: 9.15095e-01	AbsError: 6.92317e+15
      Equation: "ElectronContinuityEquation"	RelError: 1.35768e-01	AbsError: 6.91524e+15
      Equation: "HoleContinuityEquation"	RelError: 3.78308e-01	AbsError: 7.92803e+12
      Equation: "PotentialEquation"	RelError: 4.01019e-01	AbsError: 7.36479e-04
    Region: "oxide"	RelError: 1.44838e-03	AbsError: 5.91343e-04
      Equation: "PotentialEquation"	RelError: 1.44838e-03	AbsError: 5.91343e-04
Iteration: 2
  Device: "part1_baseline"	RelError: 3.14632e-03	AbsError: 1.25464e+13
    Region: "bulk"	RelError: 3.14199e-03	AbsError: 1.25464e+13
      Equation: "ElectronContinuityEquation"	RelError: 6.31334e-04	AbsError: 1.25392e+13
      Equation: "HoleContinuityEquation"	RelError: 1.99875e-03	AbsError: 7.11840e+09
      Equation: "PotentialEquation"	RelError: 5.11906e-04	AbsError: 2.57061e-06
    Region: "oxide"	RelError: 4.32266e-06	AbsError: 1.76486e-06
      Equation: "PotentialEquation"	RelError: 4.32266e-06	AbsError: 1.76486e-06
Iteration: 3
  Device: "part1_baseline"	RelError: 7.95513e-08	AbsError: 1.55877e+08
    Region: "bulk"	RelError: 7.94771e-08	AbsError: 1.55877e+08
      Equation: "ElectronContinuityEquation"	RelError: 7.62945e-09	AbsError: 1.55850e+08
      Equation: "HoleContinuityEquation"	RelError: 6.98929e-08	AbsError: 2.70681e+04
      Equation: "PotentialEquation"	RelError: 1.95472e-09	AbsError: 4.26152e-11
    Region: "oxide"	RelError: 7.42397e-11	AbsError: 3.03107e-11
      Equation: "PotentialEquation"	RelError: 7.42397e-11	AbsError: 3.03107e-11
number of equations 6651
Iteration: 0
  Device: "part1_baseline"	RelError: 7.92089e+00	AbsError: 6.29670e+16
    Region: "bulk"	RelError: 7.87949e+00	AbsError: 6.29670e+16
      Equation: "ElectronContinuityEquation"	RelError: 3.93536e-01	AbsError: 6.28337e+16
      Equation: "HoleContinuityEquation"	RelError: 1.85954e+00	AbsError: 1.33277e+14
      Equation: "PotentialEquation"	RelError: 5.62642e+00	AbsError: 1.68343e-02
    Region: "oxide"	RelError: 4.13975e-02	AbsError: 2.00000e-02
      Equation: "PotentialEquation"	RelError: 4.13975e-02	AbsError: 2.00000e-02
Iteration: 1
  Device: "part1_baseline"	RelError: 9.19636e-01	AbsError: 7.93948e+15
    Region: "bulk"	RelError: 9.18052e-01	AbsError: 7.93948e+15
      Equation: "ElectronContinuityEquation"	RelError: 1.19369e-01	AbsError: 7.93076e+15
      Equation: "HoleContinuityEquation"	RelError: 3.43590e-01	AbsError: 8.72157e+12
      Equation: "PotentialEquation"	RelError: 4.55092e-01	AbsError: 8.20936e-04
    Region: "oxide"	RelError: 1.58408e-03	AbsError: 6.63442e-04
      Equation: "PotentialEquation"	RelError: 1.58408e-03	AbsError: 6.63442e-04
Iteration: 2
  Device: "part1_baseline"	RelError: 3.74497e-03	AbsError: 1.23348e+13
    Region: "bulk"	RelError: 3.73925e-03	AbsError: 1.23348e+13
      Equation: "ElectronContinuityEquation"	RelError: 4.12958e-04	AbsError: 1.23127e+13
      Equation: "HoleContinuityEquation"	RelError: 2.04882e-03	AbsError: 2.20298e+10
      Equation: "PotentialEquation"	RelError: 1.27747e-03	AbsError: 3.42220e-06
    Region: "oxide"	RelError: 5.71930e-06	AbsError: 2.39536e-06
      Equation: "PotentialEquation"	RelError: 5.71930e-06	AbsError: 2.39536e-06
Iteration: 3
  Device: "part1_baseline"	RelError: 1.05631e-07	AbsError: 2.69968e+08
    Region: "bulk"	RelError: 1.05488e-07	AbsError: 2.69968e+08
      Equation: "ElectronContinuityEquation"	RelError: 1.13010e-08	AbsError: 2.69711e+08
      Equation: "HoleContinuityEquation"	RelError: 8.11257e-08	AbsError: 2.57405e+05
      Equation: "PotentialEquation"	RelError: 1.30611e-08	AbsError: 8.38159e-11
    Region: "oxide"	RelError: 1.43531e-10	AbsError: 6.01138e-11
      Equation: "PotentialEquation"	RelError: 1.43531e-10	AbsError: 6.01138e-11
number of equations 6651
Iteration: 0
  Device: "part1_baseline"	RelError: 3.68121e+01	AbsError: 7.91385e+16
    Region: "bulk"	RelError: 3.67723e+01	AbsError: 7.91385e+16
      Equation: "ElectronContinuityEquation"	RelError: 3.76662e-01	AbsError: 7.90216e+16
      Equation: "HoleContinuityEquation"	RelError: 1.55172e+00	AbsError: 1.16932e+14
      Equation: "PotentialEquation"	RelError: 3.48440e+01	AbsError: 1.57422e-02
    Region: "oxide"	RelError: 3.97519e-02	AbsError: 2.00000e-02
      Equation: "PotentialEquation"	RelError: 3.97519e-02	AbsError: 2.00000e-02
Iteration: 1
  Device: "part1_baseline"	RelError: 2.06442e+00	AbsError: 8.85962e+15
    Region: "bulk"	RelError: 2.06276e+00	AbsError: 8.85962e+15
      Equation: "ElectronContinuityEquation"	RelError: 9.96159e-02	AbsError: 8.85074e+15
      Equation: "HoleContinuityEquation"	RelError: 2.98366e-01	AbsError: 8.88362e+12
      Equation: "PotentialEquation"	RelError: 1.66478e+00	AbsError: 8.80673e-04
    Region: "oxide"	RelError: 1.66387e-03	AbsError: 7.15250e-04
      Equation: "PotentialEquation"	RelError: 1.66387e-03	AbsError: 7.15250e-04
Iteration: 2
  Device: "part1_baseline"	RelError: 9.34327e-03	AbsError: 1.41940e+13
    Region: "bulk"	RelError: 9.33695e-03	AbsError: 1.41940e+13
      Equation: "ElectronContinuityEquation"	RelError: 4.68121e-04	AbsError: 1.41591e+13
      Equation: "HoleContinuityEquation"	RelError: 1.98967e-03	AbsError: 3.49064e+10
      Equation: "PotentialEquation"	RelError: 6.87916e-03	AbsError: 3.89921e-06
    Region: "oxide"	RelError: 6.32163e-06	AbsError: 2.71750e-06
      Equation: "PotentialEquation"	RelError: 6.32163e-06	AbsError: 2.71750e-06
Iteration: 3
  Device: "part1_baseline"	RelError: 2.38047e-07	AbsError: 2.86168e+08
    Region: "bulk"	RelError: 2.37883e-07	AbsError: 2.86168e+08
      Equation: "ElectronContinuityEquation"	RelError: 1.28527e-08	AbsError: 2.85433e+08
      Equation: "HoleContinuityEquation"	RelError: 7.48786e-08	AbsError: 7.35724e+05
      Equation: "PotentialEquation"	RelError: 1.50151e-07	AbsError: 1.00764e-10
    Region: "oxide"	RelError: 1.63871e-10	AbsError: 7.04435e-11
      Equation: "PotentialEquation"	RelError: 1.63871e-10	AbsError: 7.04435e-11
number of equations 6651
Iteration: 0
  Device: "part1_baseline"	RelError: 4.24723e+00	AbsError: 9.71053e+16
    Region: "bulk"	RelError: 4.20900e+00	AbsError: 9.71053e+16
      Equation: "ElectronContinuityEquation"	RelError: 3.54778e-01	AbsError: 9.70061e+16
      Equation: "HoleContinuityEquation"	RelError: 1.24746e+00	AbsError: 9.91732e+13
      Equation: "PotentialEquation"	RelError: 2.60676e+00	AbsError: 1.43688e-02
    Region: "oxide"	RelError: 3.82321e-02	AbsError: 2.00000e-02
      Equation: "PotentialEquation"	RelError: 3.82321e-02	AbsError: 2.00000e-02
Iteration: 1
  Device: "part1_baseline"	RelError: 6.15768e-01	AbsError: 9.74663e+15
    Region: "bulk"	RelError: 6.14060e-01	AbsError: 9.74663e+15
      Equation: "ElectronContinuityEquation"	RelError: 7.90542e-02	AbsError: 9.73781e+15
      Equation: "HoleContinuityEquation"	RelError: 2.46968e-01	AbsError: 8.82021e+12
      Equation: "PotentialEquation"	RelError: 2.88038e-01	AbsError: 9.34288e-04
    Region: "oxide"	RelError: 1.70827e-03	AbsError: 7.62905e-04
      Equation: "PotentialEquation"	RelError: 1.70827e-03	AbsError: 7.62905e-04
Iteration: 2
  Device: "part1_baseline"	RelError: 3.60019e-03	AbsError: 1.66381e+13
    Region: "bulk"	RelError: 3.59285e-03	AbsError: 1.66381e+13
      Equation: "ElectronContinuityEquation"	RelError: 4.00849e-04	AbsError: 1.65999e+13
      Equation: "HoleContinuityEquation"	RelError: 1.78206e-03	AbsError: 3.81801e+10
      Equation: "PotentialEquation"	RelError: 1.40994e-03	AbsError: 4.76125e-06
    Region: "oxide"	RelError: 7.33974e-06	AbsError: 3.31617e-06
      Equation: "PotentialEquation"	RelError: 7.33974e-06	AbsError: 3.31617e-06
Iteration: 3
  Device: "part1_baseline"	RelError: 1.43443e-07	AbsError: 4.38809e+08
    Region: "bulk"	RelError: 1.43198e-07	AbsError: 4.38809e+08
      Equation: "ElectronContinuityEquation"	RelError: 1.66165e-08	AbsError: 4.37844e+08
      Equation: "HoleContinuityEquation"	RelError: 8.60189e-08	AbsError: 9.65421e+05
      Equation: "PotentialEquation"	RelError: 4.05624e-08	AbsError: 1.59669e-10
    Region: "oxide"	RelError: 2.45460e-10	AbsError: 1.11231e-10
      Equation: "PotentialEquation"	RelError: 2.45460e-10	AbsError: 1.11231e-10
number of equations 6651
Iteration: 0
  Device: "part1_baseline"	RelError: 6.10819e+00	AbsError: 1.16590e+17
    Region: "bulk"	RelError: 6.07136e+00	AbsError: 1.16590e+17
      Equation: "ElectronContinuityEquation"	RelError: 3.29255e-01	AbsError: 1.16508e+17
      Equation: "HoleContinuityEquation"	RelError: 9.84498e-01	AbsError: 8.18182e+13
      Equation: "PotentialEquation"	RelError: 4.75761e+00	AbsError: 1.28425e-02
    Region: "oxide"	RelError: 3.68242e-02	AbsError: 2.00000e-02
      Equation: "PotentialEquation"	RelError: 3.68242e-02	AbsError: 2.00000e-02
Iteration: 1
  Device: "part1_baseline"	RelError: 5.67957e-01	AbsError: 1.06613e+16
    Region: "bulk"	RelError: 5.66291e-01	AbsError: 1.06613e+16
      Equation: "ElectronContinuityEquation"	RelError: 6.04619e-02	AbsError: 1.06533e+16
      Equation: "HoleContinuityEquation"	RelError: 1.96152e-01	AbsError: 7.97586e+12
      Equation: "PotentialEquation"	RelError: 3.09678e-01	AbsError: 9.06981e-04
    Region: "oxide"	RelError: 1.66561e-03	AbsError: 7.68056e-04
      Equation: "PotentialEquation"	RelError: 1.66561e-03	AbsError: 7.68056e-04
Iteration: 2
  Device: "part1_baseline"	RelError: 2.71778e-03	AbsError: 1.90189e+13
    Region: "bulk"	RelError: 2.71070e-03	AbsError: 1.90189e+13
      Equation: "ElectronContinuityEquation"	RelError: 2.49208e-04	AbsError: 1.89871e+13
      Equation: "HoleContinuityEquation"	RelError: 1.34601e-03	AbsError: 3.18201e+10
      Equation: "PotentialEquation"	RelError: 1.11548e-03	AbsError: 4.49706e-06
    Region: "oxide"	RelError: 7.08359e-06	AbsError: 3.27505e-06
      Equation: "PotentialEquation"	RelError: 7.08359e-06	AbsError: 3.27505e-06
Iteration: 3
  Device: "part1_baseline"	RelError: 9.52180e-08	AbsError: 4.35112e+08
    Region: "bulk"	RelError: 9.50059e-08	AbsError: 4.35112e+08
      Equation: "ElectronContinuityEquation"	RelError: 1.15504e-08	AbsError: 4.34424e+08
      Equation: "HoleContinuityEquation"	RelError: 6.56266e-08	AbsError: 6.87999e+05
      Equation: "PotentialEquation"	RelError: 1.78289e-08	AbsError: 1.35687e-10
    Region: "oxide"	RelError: 2.12108e-10	AbsError: 9.86631e-11
      Equation: "PotentialEquation"	RelError: 2.12108e-10	AbsError: 9.86631e-11
number of equations 6651
Iteration: 0
  Device: "part1_baseline"	RelError: 2.70856e+00	AbsError: 1.37261e+17
    Region: "bulk"	RelError: 2.67304e+00	AbsError: 1.37261e+17
      Equation: "ElectronContinuityEquation"	RelError: 3.02222e-01	AbsError: 1.37195e+17
      Equation: "HoleContinuityEquation"	RelError: 7.77903e-01	AbsError: 6.63223e+13
      Equation: "PotentialEquation"	RelError: 1.59292e+00	AbsError: 1.13267e-02
    Region: "oxide"	RelError: 3.55163e-02	AbsError: 2.00000e-02
      Equation: "PotentialEquation"	RelError: 3.55163e-02	AbsError: 2.00000e-02
Iteration: 1
  Device: "part1_baseline"	RelError: 3.80455e-01	AbsError: 1.14467e+16
    Region: "bulk"	RelError: 3.78954e-01	AbsError: 1.14467e+16
      Equation: "ElectronContinuityEquation"	RelError: 4.55352e-02	AbsError: 1.14399e+16
      Equation: "HoleContinuityEquation"	RelError: 1.51900e-01	AbsError: 6.71485e+12
      Equation: "PotentialEquation"	RelError: 1.81518e-01	AbsError: 8.06061e-04
    Region: "oxide"	RelError: 1.50134e-03	AbsError: 7.09565e-04
      Equation: "PotentialEquation"	RelError: 1.50134e-03	AbsError: 7.09565e-04
Iteration: 2
  Device: "part1_baseline"	RelError: 1.64346e-03	AbsError: 1.61173e+13
    Region: "bulk"	RelError: 1.63824e-03	AbsError: 1.61173e+13
      Equation: "ElectronContinuityEquation"	RelError: 1.96851e-04	AbsError: 1.60953e+13
      Equation: "HoleContinuityEquation"	RelError: 9.11344e-04	AbsError: 2.19136e+10
      Equation: "PotentialEquation"	RelError: 5.30040e-04	AbsError: 3.28982e-06
    Region: "oxide"	RelError: 5.22771e-06	AbsError: 2.47251e-06
      Equation: "PotentialEquation"	RelError: 5.22771e-06	AbsError: 2.47251e-06
Iteration: 3
  Device: "part1_baseline"	RelError: 4.65024e-08	AbsError: 2.37816e+08
    Region: "bulk"	RelError: 4.63999e-08	AbsError: 2.37816e+08
      Equation: "ElectronContinuityEquation"	RelError: 7.09580e-09	AbsError: 2.37504e+08
      Equation: "HoleContinuityEquation"	RelError: 3.22453e-08	AbsError: 3.11713e+05
      Equation: "PotentialEquation"	RelError: 7.05877e-09	AbsError: 6.55034e-11
    Region: "oxide"	RelError: 1.02573e-10	AbsError: 4.85862e-11
      Equation: "PotentialEquation"	RelError: 1.02573e-10	AbsError: 4.85862e-11
number of equations 6651
Iteration: 0
  Device: "part1_baseline"	RelError: 1.91776e+01	AbsError: 1.58756e+17
    Region: "bulk"	RelError: 1.91433e+01	AbsError: 1.58756e+17
      Equation: "ElectronContinuityEquation"	RelError: 2.75756e-01	AbsError: 1.58703e+17
      Equation: "HoleContinuityEquation"	RelError: 6.23332e-01	AbsError: 5.33800e+13
      Equation: "PotentialEquation"	RelError: 1.82442e+01	AbsError: 9.94024e-03
    Region: "oxide"	RelError: 3.42982e-02	AbsError: 2.00000e-02
      Equation: "PotentialEquation"	RelError: 3.42982e-02	AbsError: 2.00000e-02
Iteration: 1
  Device: "part1_baseline"	RelError: 2.44230e+00	AbsError: 1.20593e+16
    Region: "bulk"	RelError: 2.44101e+00	AbsError: 1.20593e+16
      Equation: "ElectronContinuityEquation"	RelError: 3.42934e-02	AbsError: 1.20539e+16
      Equation: "HoleContinuityEquation"	RelError: 1.16637e-01	AbsError: 5.40015e+12
      Equation: "PotentialEquation"	RelError: 2.29008e+00	AbsError: 6.78282e-04
    Region: "oxide"	RelError: 1.28692e-03	AbsError: 6.20236e-04
      Equation: "PotentialEquation"	RelError: 1.28692e-03	AbsError: 6.20236e-04
Iteration: 2
  Device: "part1_baseline"	RelError: 6.42780e-03	AbsError: 1.13366e+13
    Region: "bulk"	RelError: 6.42451e-03	AbsError: 1.13366e+13
      Equation: "ElectronContinuityEquation"	RelError: 1.40844e-04	AbsError: 1.13231e+13
      Equation: "HoleContinuityEquation"	RelError: 5.86269e-04	AbsError: 1.34268e+10
      Equation: "PotentialEquation"	RelError: 5.69740e-03	AbsError: 2.05369e-06
    Region: "oxide"	RelError: 3.29026e-06	AbsError: 1.58685e-06
      Equation: "PotentialEquation"	RelError: 3.29026e-06	AbsError: 1.58685e-06
Iteration: 3
  Device: "part1_baseline"	RelError: 5.42637e-08	AbsError: 9.23234e+07
    Region: "bulk"	RelError: 5.42276e-08	AbsError: 9.23234e+07
      Equation: "ElectronContinuityEquation"	RelError: 3.35742e-09	AbsError: 9.22177e+07
      Equation: "HoleContinuityEquation"	RelError: 1.20392e-08	AbsError: 1.05770e+05
      Equation: "PotentialEquation"	RelError: 3.88310e-08	AbsError: 2.30733e-11
    Region: "oxide"	RelError: 3.60766e-11	AbsError: 1.73992e-11
      Equation: "PotentialEquation"	RelError: 3.60766e-11	AbsError: 1.73992e-11
number of equations 6651
Iteration: 0
  Device: "part1_baseline"	RelError: 2.04579e+00	AbsError: 1.80711e+17
    Region: "bulk"	RelError: 2.01263e+00	AbsError: 1.80711e+17
      Equation: "ElectronContinuityEquation"	RelError: 2.51182e-01	AbsError: 1.80668e+17
      Equation: "HoleContinuityEquation"	RelError: 5.09198e-01	AbsError: 4.30141e+13
      Equation: "PotentialEquation"	RelError: 1.25225e+00	AbsError: 8.73425e-03
    Region: "oxide"	RelError: 3.31608e-02	AbsError: 2.00000e-02
      Equation: "PotentialEquation"	RelError: 3.31608e-02	AbsError: 2.00000e-02
Iteration: 1
  Device: "part1_baseline"	RelError: 2.58125e-01	AbsError: 1.23995e+16
    Region: "bulk"	RelError: 2.57049e-01	AbsError: 1.23995e+16
      Equation: "ElectronContinuityEquation"	RelError: 2.60452e-02	AbsError: 1.23953e+16
      Equation: "HoleContinuityEquation"	RelError: 8.99169e-02	AbsError: 4.23949e+12
      Equation: "PotentialEquation"	RelError: 1.41087e-01	AbsError: 5.56921e-04
    Region: "oxide"	RelError: 1.07613e-03	AbsError: 5.27169e-04
      Equation: "PotentialEquation"	RelError: 1.07613e-03	AbsError: 5.27169e-04
Iteration: 2
  Device: "part1_baseline"	RelError: 7.73806e-04	AbsError: 7.01882e+12
    Region: "bulk"	RelError: 7.71899e-04	AbsError: 7.01882e+12
      Equation: "ElectronContinuityEquation"	RelError: 9.47598e-05	AbsError: 7.01105e+12
      Equation: "HoleContinuityEquation"	RelError: 3.75013e-04	AbsError: 7.77652e+09
      Equation: "PotentialEquation"	RelError: 3.02126e-04	AbsError: 1.17815e-06
    Region: "oxide"	RelError: 1.90656e-06	AbsError: 9.35156e-07
      Equation: "PotentialEquation"	RelError: 1.90656e-06	AbsError: 9.35156e-07
Iteration: 3
  Device: "part1_baseline"	RelError: 6.63357e-09	AbsError: 3.04532e+07
    Region: "bulk"	RelError: 6.62293e-09	AbsError: 3.04532e+07
      Equation: "ElectronContinuityEquation"	RelError: 1.38558e-09	AbsError: 3.04226e+07
      Equation: "HoleContinuityEquation"	RelError: 3.87414e-09	AbsError: 3.05888e+04
      Equation: "PotentialEquation"	RelError: 1.36321e-09	AbsError: 6.80871e-12
    Region: "oxide"	RelError: 1.06414e-11	AbsError: 5.21955e-12
      Equation: "PotentialEquation"	RelError: 1.06414e-11	AbsError: 5.21955e-12
number of equations 6651
Iteration: 0
  Device: "part1_baseline"	RelError: 1.22189e+00	AbsError: 2.02784e+17
    Region: "bulk"	RelError: 1.18980e+00	AbsError: 2.02784e+17
      Equation: "ElectronContinuityEquation"	RelError: 2.28941e-01	AbsError: 2.02749e+17
      Equation: "HoleContinuityEquation"	RelError: 4.24226e-01	AbsError: 3.48877e+13
      Equation: "PotentialEquation"	RelError: 5.36630e-01	AbsError: 7.71087e-03
    Region: "oxide"	RelError: 3.20965e-02	AbsError: 2.00000e-02
      Equation: "PotentialEquation"	RelError: 3.20965e-02	AbsError: 2.00000e-02
Iteration: 1
  Device: "part1_baseline"	RelError: 1.44688e-01	AbsError: 1.24933e+16
    Region: "bulk"	RelError: 1.43795e-01	AbsError: 1.24933e+16
      Equation: "ElectronContinuityEquation"	RelError: 2.00074e-02	AbsError: 1.24900e+16
      Equation: "HoleContinuityEquation"	RelError: 7.00843e-02	AbsError: 3.29899e+12
      Equation: "PotentialEquation"	RelError: 5.37032e-02	AbsError: 4.58001e-04
    Region: "oxide"	RelError: 8.92757e-04	AbsError: 4.43575e-04
      Equation: "PotentialEquation"	RelError: 8.92757e-04	AbsError: 4.43575e-04
Iteration: 2
  Device: "part1_baseline"	RelError: 3.95687e-04	AbsError: 4.66636e+12
    Region: "bulk"	RelError: 3.94618e-04	AbsError: 4.66636e+12
      Equation: "ElectronContinuityEquation"	RelError: 6.22791e-05	AbsError: 4.66191e+12
      Equation: "HoleContinuityEquation"	RelError: 2.47873e-04	AbsError: 4.44620e+09
      Equation: "PotentialEquation"	RelError: 8.44664e-05	AbsError: 6.52795e-07
    Region: "oxide"	RelError: 1.06829e-06	AbsError: 5.31753e-07
      Equation: "PotentialEquation"	RelError: 1.06829e-06	AbsError: 5.31753e-07
Iteration: 3
  Device: "part1_baseline"	RelError: 1.89044e-09	AbsError: 9.24478e+06
    Region: "bulk"	RelError: 1.88752e-09	AbsError: 9.24478e+06
      Equation: "ElectronContinuityEquation"	RelError: 5.42320e-10	AbsError: 9.23659e+06
      Equation: "HoleContinuityEquation"	RelError: 1.16117e-09	AbsError: 8.19156e+03
      Equation: "PotentialEquation"	RelError: 1.84037e-10	AbsError: 1.86009e-12
    Region: "oxide"	RelError: 2.91531e-12	AbsError: 1.45113e-12
      Equation: "PotentialEquation"	RelError: 2.91531e-12	AbsError: 1.45113e-12
number of equations 6651
Iteration: 0
  Device: "part1_baseline"	RelError: 1.28614e+00	AbsError: 2.24672e+17
    Region: "bulk"	RelError: 1.25504e+00	AbsError: 2.24672e+17
      Equation: "ElectronContinuityEquation"	RelError: 2.09103e-01	AbsError: 2.24643e+17
      Equation: "HoleContinuityEquation"	RelError: 3.59796e-01	AbsError: 2.85630e+13
      Equation: "PotentialEquation"	RelError: 6.86140e-01	AbsError: 6.84964e-03
    Region: "oxide"	RelError: 3.10983e-02	AbsError: 2.00000e-02
      Equation: "PotentialEquation"	RelError: 3.10983e-02	AbsError: 2.00000e-02
Iteration: 1
  Device: "part1_baseline"	RelError: 1.29731e-01	AbsError: 1.23914e+16
    Region: "bulk"	RelError: 1.28989e-01	AbsError: 1.23914e+16
      Equation: "ElectronContinuityEquation"	RelError: 1.55529e-02	AbsError: 1.23889e+16
      Equation: "HoleContinuityEquation"	RelError: 5.53912e-02	AbsError: 2.56867e+12
      Equation: "PotentialEquation"	RelError: 5.80453e-02	AbsError: 3.75779e-04
    Region: "oxide"	RelError: 7.41776e-04	AbsError: 3.73234e-04
      Equation: "PotentialEquation"	RelError: 7.41776e-04	AbsError: 3.73234e-04
Iteration: 2
  Device: "part1_baseline"	RelError: 2.71980e-04	AbsError: 4.10793e+12
    Region: "bulk"	RelError: 2.71385e-04	AbsError: 4.10793e+12
      Equation: "ElectronContinuityEquation"	RelError: 4.08131e-05	AbsError: 4.10535e+12
      Equation: "HoleContinuityEquation"	RelError: 1.64116e-04	AbsError: 2.58177e+09
      Equation: "PotentialEquation"	RelError: 6.64551e-05	AbsError: 3.61429e-07
    Region: "oxide"	RelError: 5.95745e-07	AbsError: 3.00397e-07
      Equation: "PotentialEquation"	RelError: 5.95745e-07	AbsError: 3.00397e-07
Iteration: 3
  Device: "part1_baseline"	RelError: 6.25807e-10	AbsError: 2.72143e+06
    Region: "bulk"	RelError: 6.25022e-10	AbsError: 2.72143e+06
      Equation: "ElectronContinuityEquation"	RelError: 2.11827e-10	AbsError: 2.71925e+06
      Equation: "HoleContinuityEquation"	RelError: 3.46548e-10	AbsError: 2.18127e+03
      Equation: "PotentialEquation"	RelError: 6.66464e-11	AbsError: 4.97083e-13
    Region: "oxide"	RelError: 7.85455e-13	AbsError: 3.96056e-13
      Equation: "PotentialEquation"	RelError: 7.85455e-13	AbsError: 3.96056e-13
number of equations 6651
Iteration: 0
  Device: "part1_baseline"	RelError: 1.68178e+00	AbsError: 2.46123e+17
    Region: "bulk"	RelError: 1.65162e+00	AbsError: 2.46123e+17
      Equation: "ElectronContinuityEquation"	RelError: 1.91511e-01	AbsError: 2.46100e+17
      Equation: "HoleContinuityEquation"	RelError: 3.09886e-01	AbsError: 2.36332e+13
      Equation: "PotentialEquation"	RelError: 1.15022e+00	AbsError: 6.12426e-03
    Region: "oxide"	RelError: 3.01604e-02	AbsError: 2.00000e-02
      Equation: "PotentialEquation"	RelError: 3.01604e-02	AbsError: 2.00000e-02
Iteration: 1
  Device: "part1_baseline"	RelError: 1.46479e-01	AbsError: 1.21412e+16
    Region: "bulk"	RelError: 1.45859e-01	AbsError: 1.21412e+16
      Equation: "ElectronContinuityEquation"	RelError: 1.22679e-02	AbsError: 1.21392e+16
      Equation: "HoleContinuityEquation"	RelError: 4.44141e-02	AbsError: 2.01189e+12
      Equation: "PotentialEquation"	RelError: 8.91768e-02	AbsError: 3.15586e-04
    Region: "oxide"	RelError: 6.20121e-04	AbsError: 3.15586e-04
      Equation: "PotentialEquation"	RelError: 6.20121e-04	AbsError: 3.15586e-04
Iteration: 2
  Device: "part1_baseline"	RelError: 2.23896e-04	AbsError: 3.63448e+12
    Region: "bulk"	RelError: 2.23560e-04	AbsError: 3.63448e+12
      Equation: "ElectronContinuityEquation"	RelError: 2.69882e-05	AbsError: 3.63293e+12
      Equation: "HoleContinuityEquation"	RelError: 1.18939e-04	AbsError: 1.54941e+09
      Equation: "PotentialEquation"	RelError: 7.76327e-05	AbsError: 2.05285e-07
    Region: "oxide"	RelError: 3.35973e-07	AbsError: 1.71362e-07
      Equation: "PotentialEquation"	RelError: 3.35973e-07	AbsError: 1.71362e-07
Iteration: 3
  Device: "part1_baseline"	RelError: 2.27494e-10	AbsError: 1.06704e+06
    Region: "bulk"	RelError: 2.27280e-10	AbsError: 1.06704e+06
      Equation: "ElectronContinuityEquation"	RelError: 8.49792e-11	AbsError: 1.06641e+06
      Equation: "HoleContinuityEquation"	RelError: 1.05912e-10	AbsError: 6.23816e+02
      Equation: "PotentialEquation"	RelError: 3.63886e-11	AbsError: 1.33341e-13
    Region: "oxide"	RelError: 2.14164e-13	AbsError: 1.09234e-13
      Equation: "PotentialEquation"	RelError: 2.14164e-13	AbsError: 1.09234e-13
number of equations 6651
Iteration: 0
  Device: "part1_baseline"	RelError: 7.55934e+00	AbsError: 2.66940e+17
    Region: "bulk"	RelError: 7.53006e+00	AbsError: 2.66940e+17
      Equation: "ElectronContinuityEquation"	RelError: 1.75927e-01	AbsError: 2.66920e+17
      Equation: "HoleContinuityEquation"	RelError: 2.70407e-01	AbsError: 1.97661e+13
      Equation: "PotentialEquation"	RelError: 7.08373e+00	AbsError: 5.51011e-03
    Region: "oxide"	RelError: 2.92774e-02	AbsError: 2.00000e-02
      Equation: "PotentialEquation"	RelError: 2.92774e-02	AbsError: 2.00000e-02
Iteration: 1
  Device: "part1_baseline"	RelError: 4.09480e-01	AbsError: 1.17815e+16
    Region: "bulk"	RelError: 4.08958e-01	AbsError: 1.17815e+16
      Equation: "ElectronContinuityEquation"	RelError: 9.75989e-03	AbsError: 1.17799e+16
      Equation: "HoleContinuityEquation"	RelError: 3.61054e-02	AbsError: 1.58944e+12
      Equation: "PotentialEquation"	RelError: 3.63093e-01	AbsError: 2.68679e-04
    Region: "oxide"	RelError: 5.22539e-04	AbsError: 2.68679e-04
      Equation: "PotentialEquation"	RelError: 5.22539e-04	AbsError: 2.68679e-04
Iteration: 2
  Device: "part1_baseline"	RelError: 3.54469e-04	AbsError: 3.24305e+12
    Region: "bulk"	RelError: 3.54275e-04	AbsError: 3.24305e+12
      Equation: "ElectronContinuityEquation"	RelError: 1.81150e-05	AbsError: 3.24208e+12
      Equation: "HoleContinuityEquation"	RelError: 8.83871e-05	AbsError: 9.70404e+08
      Equation: "PotentialEquation"	RelError: 2.47773e-04	AbsError: 1.21511e-07
    Region: "oxide"	RelError: 1.93607e-07	AbsError: 9.95922e-08
      Equation: "PotentialEquation"	RelError: 1.93607e-07	AbsError: 9.95922e-08
Iteration: 3
  Device: "part1_baseline"	RelError: 1.25405e-10	AbsError: 4.85506e+05
    Region: "bulk"	RelError: 1.25345e-10	AbsError: 4.85506e+05
      Equation: "ElectronContinuityEquation"	RelError: 3.55599e-11	AbsError: 4.85313e+05
      Equation: "HoleContinuityEquation"	RelError: 3.43321e-11	AbsError: 1.93286e+02
      Equation: "PotentialEquation"	RelError: 5.54532e-11	AbsError: 3.63125e-14
    Region: "oxide"	RelError: 5.98648e-14	AbsError: 3.08476e-14
      Equation: "PotentialEquation"	RelError: 5.98648e-14	AbsError: 3.08476e-14
number of equations 6651
Iteration: 0
  Device: "part1_baseline"	RelError: 4.82410e+00	AbsError: 2.86974e+17
    Region: "bulk"	RelError: 4.79565e+00	AbsError: 2.86974e+17
      Equation: "ElectronContinuityEquation"	RelError: 1.62107e-01	AbsError: 2.86957e+17
      Equation: "HoleContinuityEquation"	RelError: 2.38584e-01	AbsError: 1.67059e+13
      Equation: "PotentialEquation"	RelError: 4.39496e+00	AbsError: 4.98655e-03
    Region: "oxide"	RelError: 2.84446e-02	AbsError: 2.00000e-02
      Equation: "PotentialEquation"	RelError: 2.84446e-02	AbsError: 2.00000e-02
Iteration: 1
  Device: "part1_baseline"	RelError: 5.21354e-01	AbsError: 1.13426e+16
    Region: "bulk"	RelError: 5.20910e-01	AbsError: 1.13426e+16
      Equation: "ElectronContinuityEquation"	RelError: 7.82653e-03	AbsError: 1.13414e+16
      Equation: "HoleContinuityEquation"	RelError: 2.97243e-02	AbsError: 1.26809e+12
      Equation: "PotentialEquation"	RelError: 4.83360e-01	AbsError: 2.30426e-04
    Region: "oxide"	RelError: 4.43970e-04	AbsError: 2.30426e-04
      Equation: "PotentialEquation"	RelError: 4.43970e-04	AbsError: 2.30426e-04
Iteration: 2
  Device: "part1_baseline"	RelError: 3.31436e-04	AbsError: 2.99136e+12
    Region: "bulk"	RelError: 3.31321e-04	AbsError: 2.99136e+12
      Equation: "ElectronContinuityEquation"	RelError: 1.23736e-05	AbsError: 2.99072e+12
      Equation: "HoleContinuityEquation"	RelError: 6.61740e-05	AbsError: 6.36722e+08
      Equation: "PotentialEquation"	RelError: 2.52774e-04	AbsError: 7.57372e-08
    Region: "oxide"	RelError: 1.14493e-07	AbsError: 5.92620e-08
      Equation: "PotentialEquation"	RelError: 1.14493e-07	AbsError: 5.92620e-08
Iteration: 3
  Device: "part1_baseline"	RelError: 6.05244e-11	AbsError: 2.40033e+05
    Region: "bulk"	RelError: 6.05071e-11	AbsError: 2.40033e+05
      Equation: "ElectronContinuityEquation"	RelError: 1.57032e-11	AbsError: 2.39964e+05
      Equation: "HoleContinuityEquation"	RelError: 1.81373e-11	AbsError: 6.99138e+01
      Equation: "PotentialEquation"	RelError: 2.66666e-11	AbsError: 1.07135e-14
    Region: "oxide"	RelError: 1.72565e-14	AbsError: 8.97412e-15
      Equation: "PotentialEquation"	RelError: 1.72565e-14	AbsError: 8.97412e-15
number of equations 6651
Iteration: 0
  Device: "part1_baseline"	RelError: 1.23812e+00	AbsError: 3.06126e+17
    Region: "bulk"	RelError: 1.21046e+00	AbsError: 3.06126e+17
      Equation: "ElectronContinuityEquation"	RelError: 1.49824e-01	AbsError: 3.06112e+17
      Equation: "HoleContinuityEquation"	RelError: 2.12501e-01	AbsError: 1.42602e+13
      Equation: "PotentialEquation"	RelError: 8.48139e-01	AbsError: 4.53695e-03
    Region: "oxide"	RelError: 2.76579e-02	AbsError: 2.00000e-02
      Equation: "PotentialEquation"	RelError: 2.76579e-02	AbsError: 2.00000e-02
Iteration: 1
  Device: "part1_baseline"	RelError: 9.46382e-02	AbsError: 1.08469e+16
    Region: "bulk"	RelError: 9.42580e-02	AbsError: 1.08469e+16
      Equation: "ElectronContinuityEquation"	RelError: 6.33952e-03	AbsError: 1.08459e+16
      Equation: "HoleContinuityEquation"	RelError: 2.47524e-02	AbsError: 1.02203e+12
      Equation: "PotentialEquation"	RelError: 6.31661e-02	AbsError: 1.99032e-04
    Region: "oxide"	RelError: 3.80229e-04	AbsError: 1.99032e-04
      Equation: "PotentialEquation"	RelError: 3.80229e-04	AbsError: 1.99032e-04
Iteration: 2
  Device: "part1_baseline"	RelError: 8.65158e-05	AbsError: 2.66469e+12
    Region: "bulk"	RelError: 8.64463e-05	AbsError: 2.66469e+12
      Equation: "ElectronContinuityEquation"	RelError: 8.60685e-06	AbsError: 2.66426e+12
      Equation: "HoleContinuityEquation"	RelError: 4.99666e-05	AbsError: 4.37416e+08
      Equation: "PotentialEquation"	RelError: 2.78728e-05	AbsError: 5.00306e-08
    Region: "oxide"	RelError: 6.95297e-08	AbsError: 3.62840e-08
      Equation: "PotentialEquation"	RelError: 6.95297e-08	AbsError: 3.62840e-08
Iteration: 3
  Device: "part1_baseline"	RelError: 2.12566e-11	AbsError: 1.34910e+05
    Region: "bulk"	RelError: 2.12514e-11	AbsError: 1.34910e+05
      Equation: "ElectronContinuityEquation"	RelError: 7.32054e-12	AbsError: 1.34879e+05
      Equation: "HoleContinuityEquation"	RelError: 1.20667e-11	AbsError: 3.15904e+01
      Equation: "PotentialEquation"	RelError: 1.86418e-12	AbsError: 5.42626e-15
    Region: "oxide"	RelError: 5.14867e-15	AbsError: 2.69987e-15
      Equation: "PotentialEquation"	RelError: 5.14867e-15	AbsError: 2.69987e-15
number of equations 6651
Iteration: 0
  Device: "part1_baseline"	RelError: 1.22046e+00	AbsError: 3.24335e+17
    Region: "bulk"	RelError: 1.19355e+00	AbsError: 3.24335e+17
      Equation: "ElectronContinuityEquation"	RelError: 1.38962e-01	AbsError: 3.24323e+17
      Equation: "HoleContinuityEquation"	RelError: 1.90816e-01	AbsError: 1.22857e+13
      Equation: "PotentialEquation"	RelError: 8.63768e-01	AbsError: 4.14815e-03
    Region: "oxide"	RelError: 2.69135e-02	AbsError: 2.00000e-02
      Equation: "PotentialEquation"	RelError: 2.69135e-02	AbsError: 2.00000e-02
Iteration: 1
  Device: "part1_baseline"	RelError: 8.30259e-02	AbsError: 1.03226e+16
    Region: "bulk"	RelError: 8.26978e-02	AbsError: 1.03226e+16
      Equation: "ElectronContinuityEquation"	RelError: 5.17261e-03	AbsError: 1.03218e+16
      Equation: "HoleContinuityEquation"	RelError: 2.08255e-02	AbsError: 8.32012e+11
      Equation: "PotentialEquation"	RelError: 5.66997e-02	AbsError: 1.73063e-04
    Region: "oxide"	RelError: 3.28059e-04	AbsError: 1.73063e-04
      Equation: "PotentialEquation"	RelError: 3.28059e-04	AbsError: 1.73063e-04
Iteration: 2
  Device: "part1_baseline"	RelError: 7.17897e-05	AbsError: 2.31553e+12
    Region: "bulk"	RelError: 7.17462e-05	AbsError: 2.31553e+12
      Equation: "ElectronContinuityEquation"	RelError: 6.09489e-06	AbsError: 2.31522e+12
      Equation: "HoleContinuityEquation"	RelError: 3.80643e-05	AbsError: 3.13449e+08
      Equation: "PotentialEquation"	RelError: 2.75871e-05	AbsError: 3.52970e-08
    Region: "oxide"	RelError: 4.34436e-08	AbsError: 2.28434e-08
      Equation: "PotentialEquation"	RelError: 4.34436e-08	AbsError: 2.28434e-08
Iteration: 3
  Device: "part1_baseline"	RelError: 1.32052e-11	AbsError: 9.41804e+04
    Region: "bulk"	RelError: 1.32026e-11	AbsError: 9.41804e+04
      Equation: "ElectronContinuityEquation"	RelError: 3.59955e-12	AbsError: 9.41628e+04
      Equation: "HoleContinuityEquation"	RelError: 7.73207e-12	AbsError: 1.76726e+01
      Equation: "PotentialEquation"	RelError: 1.87093e-12	AbsError: 3.65749e-15
    Region: "oxide"	RelError: 2.66185e-15	AbsError: 1.45598e-15
      Equation: "PotentialEquation"	RelError: 2.66185e-15	AbsError: 1.45598e-15
number of equations 6651
Iteration: 0
  Device: "part1_baseline"	RelError: 2.71962e+00	AbsError: 3.41574e+17
    Region: "bulk"	RelError: 2.69341e+00	AbsError: 3.41574e+17
      Equation: "ElectronContinuityEquation"	RelError: 1.29255e-01	AbsError: 3.41563e+17
      Equation: "HoleContinuityEquation"	RelError: 1.72561e-01	AbsError: 1.06757e+13
      Equation: "PotentialEquation"	RelError: 2.39160e+00	AbsError: 3.80972e-03
    Region: "oxide"	RelError: 2.62082e-02	AbsError: 2.00000e-02
      Equation: "PotentialEquation"	RelError: 2.62082e-02	AbsError: 2.00000e-02
Iteration: 1
  Device: "part1_baseline"	RelError: 1.58399e-01	AbsError: 9.76847e+15
    Region: "bulk"	RelError: 1.58114e-01	AbsError: 9.76847e+15
      Equation: "ElectronContinuityEquation"	RelError: 4.24681e-03	AbsError: 9.76779e+15
      Equation: "HoleContinuityEquation"	RelError: 1.76850e-02	AbsError: 6.83880e+11
      Equation: "PotentialEquation"	RelError: 1.36182e-01	AbsError: 1.51405e-04
    Region: "oxide"	RelError: 2.84974e-04	AbsError: 1.51405e-04
      Equation: "PotentialEquation"	RelError: 2.84974e-04	AbsError: 1.51405e-04
Iteration: 2
  Device: "part1_baseline"	RelError: 9.37774e-05	AbsError: 2.02914e+12
    Region: "bulk"	RelError: 9.37494e-05	AbsError: 2.02914e+12
      Equation: "ElectronContinuityEquation"	RelError: 4.39069e-06	AbsError: 2.02891e+12
      Equation: "HoleContinuityEquation"	RelError: 2.92549e-05	AbsError: 2.33018e+08
      Equation: "PotentialEquation"	RelError: 6.01039e-05	AbsError: 2.65188e-08
    Region: "oxide"	RelError: 2.79699e-08	AbsError: 1.48092e-08
      Equation: "PotentialEquation"	RelError: 2.79699e-08	AbsError: 1.48092e-08
Iteration: 3
  Device: "part1_baseline"	RelError: 1.03855e-11	AbsError: 6.31039e+04
    Region: "bulk"	RelError: 1.03837e-11	AbsError: 6.31039e+04
      Equation: "ElectronContinuityEquation"	RelError: 1.86270e-12	AbsError: 6.30926e+04
      Equation: "HoleContinuityEquation"	RelError: 4.89539e-12	AbsError: 1.13258e+01
      Equation: "PotentialEquation"	RelError: 3.62558e-12	AbsError: 2.51944e-15
    Region: "oxide"	RelError: 1.78092e-15	AbsError: 9.79978e-16
      Equation: "PotentialEquation"	RelError: 1.78092e-15	AbsError: 9.79978e-16
number of equations 6651
Iteration: 0
  Device: "part1_baseline"	RelError: 4.26676e+00	AbsError: 3.57839e+17
    Region: "bulk"	RelError: 4.24122e+00	AbsError: 3.57839e+17
      Equation: "ElectronContinuityEquation"	RelError: 1.20536e-01	AbsError: 3.57829e+17
      Equation: "HoleContinuityEquation"	RelError: 1.57029e-01	AbsError: 9.35031e+12
      Equation: "PotentialEquation"	RelError: 3.96366e+00	AbsError: 3.51335e-03
    Region: "oxide"	RelError: 2.55388e-02	AbsError: 2.00000e-02
      Equation: "PotentialEquation"	RelError: 2.55388e-02	AbsError: 2.00000e-02
Iteration: 1
  Device: "part1_baseline"	RelError: 2.05636e-01	AbsError: 9.21163e+15
    Region: "bulk"	RelError: 2.05387e-01	AbsError: 9.21163e+15
      Equation: "ElectronContinuityEquation"	RelError: 3.50815e-03	AbsError: 9.21106e+15
      Equation: "HoleContinuityEquation"	RelError: 1.51447e-02	AbsError: 5.67289e+11
      Equation: "PotentialEquation"	RelError: 1.86734e-01	AbsError: 1.33203e-04
    Region: "oxide"	RelError: 2.49089e-04	AbsError: 1.33203e-04
      Equation: "PotentialEquation"	RelError: 2.49089e-04	AbsError: 1.33203e-04
Iteration: 2
  Device: "part1_baseline"	RelError: 9.25734e-05	AbsError: 1.75205e+12
    Region: "bulk"	RelError: 9.25548e-05	AbsError: 1.75205e+12
      Equation: "ElectronContinuityEquation"	RelError: 3.21460e-06	AbsError: 1.75187e+12
      Equation: "HoleContinuityEquation"	RelError: 2.26802e-05	AbsError: 1.78632e+08
      Equation: "PotentialEquation"	RelError: 6.66600e-05	AbsError: 2.04914e-08
    Region: "oxide"	RelError: 1.85786e-08	AbsError: 9.89950e-09
      Equation: "PotentialEquation"	RelError: 1.85786e-08	AbsError: 9.89950e-09
Iteration: 3
  Device: "part1_baseline"	RelError: 7.73130e-12	AbsError: 4.09150e+04
    Region: "bulk"	RelError: 7.73013e-12	AbsError: 4.09150e+04
      Equation: "ElectronContinuityEquation"	RelError: 1.01091e-12	AbsError: 4.09072e+04
      Equation: "HoleContinuityEquation"	RelError: 3.08793e-12	AbsError: 7.72865e+00
      Equation: "PotentialEquation"	RelError: 3.63129e-12	AbsError: 1.73845e-15
    Region: "oxide"	RelError: 1.17436e-15	AbsError: 6.49819e-16
      Equation: "PotentialEquation"	RelError: 1.17436e-15	AbsError: 6.49819e-16
number of equations 6651
Iteration: 0
  Device: "part1_baseline"	RelError: 5.25485e+00	AbsError: 3.73147e+17
    Region: "bulk"	RelError: 5.22995e+00	AbsError: 3.73147e+17
      Equation: "ElectronContinuityEquation"	RelError: 1.12686e-01	AbsError: 3.73139e+17
      Equation: "HoleContinuityEquation"	RelError: 1.43689e-01	AbsError: 8.24930e+12
      Equation: "PotentialEquation"	RelError: 4.97357e+00	AbsError: 3.25238e-03
    Region: "oxide"	RelError: 2.49028e-02	AbsError: 2.00000e-02
      Equation: "PotentialEquation"	RelError: 2.49028e-02	AbsError: 2.00000e-02
Iteration: 1
  Device: "part1_baseline"	RelError: 2.93184e-01	AbsError: 8.66467e+15
    Region: "bulk"	RelError: 2.92965e-01	AbsError: 8.66467e+15
      Equation: "ElectronContinuityEquation"	RelError: 2.91551e-03	AbsError: 8.66420e+15
      Equation: "HoleContinuityEquation"	RelError: 1.30688e-02	AbsError: 4.74646e+11
      Equation: "PotentialEquation"	RelError: 2.76981e-01	AbsError: 1.17796e-04
    Region: "oxide"	RelError: 2.18965e-04	AbsError: 1.17796e-04
      Equation: "PotentialEquation"	RelError: 2.18965e-04	AbsError: 1.17796e-04
Iteration: 2
  Device: "part1_baseline"	RelError: 1.36135e-04	AbsError: 1.49678e+12
    Region: "bulk"	RelError: 1.36122e-04	AbsError: 1.49678e+12
      Equation: "ElectronContinuityEquation"	RelError: 2.38946e-06	AbsError: 1.49664e+12
      Equation: "HoleContinuityEquation"	RelError: 1.77378e-05	AbsError: 1.40413e+08
      Equation: "PotentialEquation"	RelError: 1.15995e-04	AbsError: 1.63779e-08
    Region: "oxide"	RelError: 1.27443e-08	AbsError: 6.83062e-09
      Equation: "PotentialEquation"	RelError: 1.27443e-08	AbsError: 6.83062e-09
Iteration: 3
  Device: "part1_baseline"	RelError: 8.07417e-12	AbsError: 2.58329e+04
    Region: "bulk"	RelError: 8.07341e-12	AbsError: 2.58329e+04
      Equation: "ElectronContinuityEquation"	RelError: 5.72954e-13	AbsError: 2.58275e+04
      Equation: "HoleContinuityEquation"	RelError: 1.94241e-12	AbsError: 5.39686e+00
      Equation: "PotentialEquation"	RelError: 5.55804e-12	AbsError: 1.19552e-15
    Region: "oxide"	RelError: 7.64843e-16	AbsError: 4.25416e-16
      Equation: "PotentialEquation"	RelError: 7.64843e-16	AbsError: 4.25416e-16
number of equations 6651
Iteration: 0
  Device: "part1_baseline"	RelError: 7.04610e+00	AbsError: 3.87528e+17
    Region: "bulk"	RelError: 7.02180e+00	AbsError: 3.87528e+17
      Equation: "ElectronContinuityEquation"	RelError: 1.05601e-01	AbsError: 3.87521e+17
      Equation: "HoleContinuityEquation"	RelError: 1.32136e-01	AbsError: 7.32684e+12
      Equation: "PotentialEquation"	RelError: 6.78407e+00	AbsError: 3.02140e-03
    Region: "oxide"	RelError: 2.42978e-02	AbsError: 2.00000e-02
      Equation: "PotentialEquation"	RelError: 2.42978e-02	AbsError: 2.00000e-02
Iteration: 1
  Device: "part1_baseline"	RelError: 5.91214e-01	AbsError: 8.12833e+15
    Region: "bulk"	RelError: 5.91020e-01	AbsError: 8.12833e+15
      Equation: "ElectronContinuityEquation"	RelError: 2.43863e-03	AbsError: 8.12793e+15
      Equation: "HoleContinuityEquation"	RelError: 1.13563e-02	AbsError: 4.00354e+11
      Equation: "PotentialEquation"	RelError: 5.77225e-01	AbsError: 1.04679e-04
    Region: "oxide"	RelError: 1.93495e-04	AbsError: 1.04679e-04
      Equation: "PotentialEquation"	RelError: 1.93495e-04	AbsError: 1.04679e-04
Iteration: 2
  Device: "part1_baseline"	RelError: 1.73756e-04	AbsError: 1.26930e+12
    Region: "bulk"	RelError: 1.73747e-04	AbsError: 1.26930e+12
      Equation: "ElectronContinuityEquation"	RelError: 1.80137e-06	AbsError: 1.26919e+12
      Equation: "HoleContinuityEquation"	RelError: 1.39906e-05	AbsError: 1.12617e+08
      Equation: "PotentialEquation"	RelError: 1.57955e-04	AbsError: 1.32576e-08
    Region: "oxide"	RelError: 9.03289e-09	AbsError: 4.86772e-09
      Equation: "PotentialEquation"	RelError: 9.03289e-09	AbsError: 4.86772e-09
Iteration: 3
  Device: "part1_baseline"	RelError: 6.90503e-12	AbsError: 1.59572e+04
    Region: "bulk"	RelError: 6.90454e-12	AbsError: 1.59572e+04
      Equation: "ElectronContinuityEquation"	RelError: 3.37607e-13	AbsError: 1.59534e+04
      Equation: "HoleContinuityEquation"	RelError: 1.22528e-12	AbsError: 3.79401e+00
      Equation: "PotentialEquation"	RelError: 5.34166e-12	AbsError: 8.19574e-16
    Region: "oxide"	RelError: 4.93245e-16	AbsError: 2.75680e-16
      Equation: "PotentialEquation"	RelError: 4.93245e-16	AbsError: 2.75680e-16
number of equations 6651
Iteration: 0
  Device: "part1_baseline"	RelError: 1.15041e+00	AbsError: 4.01022e+17
    Region: "bulk"	RelError: 1.12669e+00	AbsError: 4.01022e+17
      Equation: "ElectronContinuityEquation"	RelError: 9.91911e-02	AbsError: 4.01016e+17
      Equation: "HoleContinuityEquation"	RelError: 1.22058e-01	AbsError: 6.54778e+12
      Equation: "PotentialEquation"	RelError: 9.05437e-01	AbsError: 2.81602e-03
    Region: "oxide"	RelError: 2.37214e-02	AbsError: 2.00000e-02
      Equation: "PotentialEquation"	RelError: 2.37214e-02	AbsError: 2.00000e-02
Iteration: 1
  Device: "part1_baseline"	RelError: 6.08726e-02	AbsError: 7.61070e+15
    Region: "bulk"	RelError: 6.07007e-02	AbsError: 7.61070e+15
      Equation: "ElectronContinuityEquation"	RelError: 2.05472e-03	AbsError: 7.61036e+15
      Equation: "HoleContinuityEquation"	RelError: 9.93165e-03	AbsError: 3.40251e+11
      Equation: "PotentialEquation"	RelError: 4.87144e-02	AbsError: 9.34633e-05
    Region: "oxide"	RelError: 1.71817e-04	AbsError: 9.34633e-05
      Equation: "PotentialEquation"	RelError: 1.71817e-04	AbsError: 9.34633e-05
Iteration: 2
  Device: "part1_baseline"	RelError: 2.51782e-05	AbsError: 1.07123e+12
    Region: "bulk"	RelError: 2.51716e-05	AbsError: 1.07123e+12
      Equation: "ElectronContinuityEquation"	RelError: 1.37597e-06	AbsError: 1.07114e+12
      Equation: "HoleContinuityEquation"	RelError: 1.11198e-05	AbsError: 9.17964e+07
      Equation: "PotentialEquation"	RelError: 1.26758e-05	AbsError: 1.08462e-08
    Region: "oxide"	RelError: 6.61431e-09	AbsError: 3.58802e-09
      Equation: "PotentialEquation"	RelError: 6.61431e-09	AbsError: 3.58802e-09
Iteration: 3
  Device: "part1_baseline"	RelError: 1.36170e-12	AbsError: 9.67445e+03
    Region: "bulk"	RelError: 1.36139e-12	AbsError: 9.67445e+03
      Equation: "ElectronContinuityEquation"	RelError: 2.05899e-13	AbsError: 9.67177e+03
      Equation: "HoleContinuityEquation"	RelError: 7.77606e-13	AbsError: 2.67120e+00
      Equation: "PotentialEquation"	RelError: 3.77882e-13	AbsError: 5.61076e-16
    Region: "oxide"	RelError: 3.15754e-16	AbsError: 1.77279e-16
      Equation: "PotentialEquation"	RelError: 3.15754e-16	AbsError: 1.77279e-16
number of equations 6651
Iteration: 0
  Device: "part1_baseline"	RelError: 6.90558e-01	AbsError: 4.13674e+17
    Region: "bulk"	RelError: 6.67386e-01	AbsError: 4.13674e+17
      Equation: "ElectronContinuityEquation"	RelError: 9.33774e-02	AbsError: 4.13668e+17
      Equation: "HoleContinuityEquation"	RelError: 1.13207e-01	AbsError: 5.88489e+12
      Equation: "PotentialEquation"	RelError: 4.60802e-01	AbsError: 2.63259e-03
    Region: "oxide"	RelError: 2.31717e-02	AbsError: 2.00000e-02
      Equation: "PotentialEquation"	RelError: 2.31717e-02	AbsError: 2.00000e-02
Iteration: 1
  Device: "part1_baseline"	RelError: 3.36609e-02	AbsError: 7.11709e+15
    Region: "bulk"	RelError: 3.35077e-02	AbsError: 7.11709e+15
      Equation: "ElectronContinuityEquation"	RelError: 1.74036e-03	AbsError: 7.11680e+15
      Equation: "HoleContinuityEquation"	RelError: 8.73710e-03	AbsError: 2.91220e+11
      Equation: "PotentialEquation"	RelError: 2.30302e-02	AbsError: 8.37879e-05
    Region: "oxide"	RelError: 1.53257e-04	AbsError: 8.37879e-05
      Equation: "PotentialEquation"	RelError: 1.53257e-04	AbsError: 8.37879e-05
Iteration: 2
  Device: "part1_baseline"	RelError: 1.57137e-05	AbsError: 9.01574e+11
    Region: "bulk"	RelError: 1.57086e-05	AbsError: 9.01574e+11
      Equation: "ElectronContinuityEquation"	RelError: 1.06394e-06	AbsError: 9.01498e+11
      Equation: "HoleContinuityEquation"	RelError: 8.90362e-06	AbsError: 7.58071e+07
      Equation: "PotentialEquation"	RelError: 5.74099e-06	AbsError: 8.95366e-09
    Region: "oxide"	RelError: 5.12956e-09	AbsError: 2.87210e-09
      Equation: "PotentialEquation"	RelError: 5.12956e-09	AbsError: 2.87210e-09
Iteration: 3
  Device: "part1_baseline"	RelError: 7.90905e-13	AbsError: 6.79941e+03
    Region: "bulk"	RelError: 7.90704e-13	AbsError: 6.79941e+03
      Equation: "ElectronContinuityEquation"	RelError: 1.29434e-13	AbsError: 6.79752e+03
      Equation: "HoleContinuityEquation"	RelError: 4.97477e-13	AbsError: 1.88185e+00
      Equation: "PotentialEquation"	RelError: 1.63793e-13	AbsError: 3.84318e-16
    Region: "oxide"	RelError: 2.01074e-16	AbsError: 1.13372e-16
      Equation: "PotentialEquation"	RelError: 2.01074e-16	AbsError: 1.13372e-16
number of equations 6651
Iteration: 0
  Device: "part1_baseline"	RelError: 5.15115e-01	AbsError: 4.25531e+17
    Region: "bulk"	RelError: 4.92468e-01	AbsError: 4.25531e+17
      Equation: "ElectronContinuityEquation"	RelError: 8.81043e-02	AbsError: 4.25525e+17
      Equation: "HoleContinuityEquation"	RelError: 1.05388e-01	AbsError: 5.31690e+12
      Equation: "PotentialEquation"	RelError: 2.98976e-01	AbsError: 2.46809e-03
    Region: "oxide"	RelError: 2.26469e-02	AbsError: 2.00000e-02
      Equation: "PotentialEquation"	RelError: 2.26469e-02	AbsError: 2.00000e-02
Iteration: 1
  Device: "part1_baseline"	RelError: 2.34708e-02	AbsError: 6.65062e+15
    Region: "bulk"	RelError: 2.33335e-02	AbsError: 6.65062e+15
      Equation: "ElectronContinuityEquation"	RelError: 1.48172e-03	AbsError: 6.65037e+15
      Equation: "HoleContinuityEquation"	RelError: 7.72827e-03	AbsError: 2.50904e+11
      Equation: "PotentialEquation"	RelError: 1.41235e-02	AbsError: 7.54001e-05
    Region: "oxide"	RelError: 1.37277e-04	AbsError: 7.54001e-05
      Equation: "PotentialEquation"	RelError: 1.37277e-04	AbsError: 7.54001e-05
Iteration: 2
  Device: "part1_baseline"	RelError: 1.18496e-05	AbsError: 7.57928e+11
    Region: "bulk"	RelError: 1.18451e-05	AbsError: 7.57928e+11
      Equation: "ElectronContinuityEquation"	RelError: 8.32059e-07	AbsError: 7.57865e+11
      Equation: "HoleContinuityEquation"	RelError: 7.18000e-06	AbsError: 6.32734e+07
      Equation: "PotentialEquation"	RelError: 3.83308e-06	AbsError: 7.44945e-09
    Region: "oxide"	RelError: 4.50803e-09	AbsError: 2.55192e-09
      Equation: "PotentialEquation"	RelError: 4.50803e-09	AbsError: 2.55192e-09
Iteration: 3
  Device: "part1_baseline"	RelError: 5.09398e-13	AbsError: 4.95216e+03
    Region: "bulk"	RelError: 5.09271e-13	AbsError: 4.95216e+03
      Equation: "ElectronContinuityEquation"	RelError: 8.35565e-14	AbsError: 4.95084e+03
      Equation: "HoleContinuityEquation"	RelError: 3.27552e-13	AbsError: 1.32746e+00
      Equation: "PotentialEquation"	RelError: 9.81623e-14	AbsError: 2.63830e-16
    Region: "oxide"	RelError: 1.27597e-16	AbsError: 7.22304e-17
      Equation: "PotentialEquation"	RelError: 1.27597e-16	AbsError: 7.22304e-17
number of equations 6651
Iteration: 0
  Device: "part1_baseline"	RelError: 5.34622e-01	AbsError: 4.36642e+17
    Region: "bulk"	RelError: 5.12477e-01	AbsError: 4.36642e+17
      Equation: "ElectronContinuityEquation"	RelError: 8.33154e-02	AbsError: 4.36638e+17
      Equation: "HoleContinuityEquation"	RelError: 9.84425e-02	AbsError: 4.82704e+12
      Equation: "PotentialEquation"	RelError: 3.30719e-01	AbsError: 2.32001e-03
    Region: "oxide"	RelError: 2.21454e-02	AbsError: 2.00000e-02
      Equation: "PotentialEquation"	RelError: 2.21454e-02	AbsError: 2.00000e-02
Iteration: 1
  Device: "part1_baseline"	RelError: 2.33980e-02	AbsError: 6.21282e+15
    Region: "bulk"	RelError: 2.32746e-02	AbsError: 6.21282e+15
      Equation: "ElectronContinuityEquation"	RelError: 1.26787e-03	AbsError: 6.21260e+15
      Equation: "HoleContinuityEquation"	RelError: 6.87062e-03	AbsError: 2.17507e+11
      Equation: "PotentialEquation"	RelError: 1.51361e-02	AbsError: 6.80956e-05
    Region: "oxide"	RelError: 1.23449e-04	AbsError: 6.80956e-05
      Equation: "PotentialEquation"	RelError: 1.23449e-04	AbsError: 6.80956e-05
Iteration: 2
  Device: "part1_baseline"	RelError: 1.06948e-05	AbsError: 6.37272e+11
    Region: "bulk"	RelError: 1.06908e-05	AbsError: 6.37272e+11
      Equation: "ElectronContinuityEquation"	RelError: 6.57887e-07	AbsError: 6.37218e+11
      Equation: "HoleContinuityEquation"	RelError: 5.82975e-06	AbsError: 5.32812e+07
      Equation: "PotentialEquation"	RelError: 4.20317e-06	AbsError: 6.24102e-09
    Region: "oxide"	RelError: 4.00105e-09	AbsError: 2.27344e-09
      Equation: "PotentialEquation"	RelError: 4.00105e-09	AbsError: 2.27344e-09
Iteration: 3
  Device: "part1_baseline"	RelError: 3.68969e-13	AbsError: 3.58961e+03
    Region: "bulk"	RelError: 3.68888e-13	AbsError: 3.58961e+03
      Equation: "ElectronContinuityEquation"	RelError: 5.52127e-14	AbsError: 3.58867e+03
      Equation: "HoleContinuityEquation"	RelError: 2.23303e-13	AbsError: 9.38573e-01
      Equation: "PotentialEquation"	RelError: 9.03731e-14	AbsError: 1.81763e-16
    Region: "oxide"	RelError: 8.07905e-17	AbsError: 4.59061e-17
      Equation: "PotentialEquation"	RelError: 8.07905e-17	AbsError: 4.59061e-17
number of equations 6651
Iteration: 0
  Device: "part1_baseline"	RelError: 6.13584e-01	AbsError: 4.47058e+17
    Region: "bulk"	RelError: 5.91919e-01	AbsError: 4.47058e+17
      Equation: "ElectronContinuityEquation"	RelError: 7.89358e-02	AbsError: 4.47053e+17
      Equation: "HoleContinuityEquation"	RelError: 9.22421e-02	AbsError: 4.40197e+12
      Equation: "PotentialEquation"	RelError: 4.20741e-01	AbsError: 2.18623e-03
    Region: "oxide"	RelError: 2.16656e-02	AbsError: 2.00000e-02
      Equation: "PotentialEquation"	RelError: 2.16656e-02	AbsError: 2.00000e-02
Iteration: 1
  Device: "part1_baseline"	RelError: 2.57185e-02	AbsError: 5.81234e+15
    Region: "bulk"	RelError: 2.56071e-02	AbsError: 5.81234e+15
      Equation: "ElectronContinuityEquation"	RelError: 1.09020e-03	AbsError: 5.81215e+15
      Equation: "HoleContinuityEquation"	RelError: 6.13699e-03	AbsError: 1.89645e+11
      Equation: "PotentialEquation"	RelError: 1.83799e-02	AbsError: 6.17074e-05
    Region: "oxide"	RelError: 1.11425e-04	AbsError: 6.17074e-05
      Equation: "PotentialEquation"	RelError: 1.11425e-04	AbsError: 6.17074e-05
Iteration: 2
  Device: "part1_baseline"	RelError: 1.02383e-05	AbsError: 5.36458e+11
    Region: "bulk"	RelError: 1.02348e-05	AbsError: 5.36458e+11
      Equation: "ElectronContinuityEquation"	RelError: 5.25886e-07	AbsError: 5.36413e+11
      Equation: "HoleContinuityEquation"	RelError: 4.76458e-06	AbsError: 4.52040e+07
      Equation: "PotentialEquation"	RelError: 4.94432e-06	AbsError: 5.26128e-09
    Region: "oxide"	RelError: 3.54177e-09	AbsError: 2.01961e-09
      Equation: "PotentialEquation"	RelError: 3.54177e-09	AbsError: 2.01961e-09
Iteration: 3
  Device: "part1_baseline"	RelError: 2.79109e-13	AbsError: 2.59647e+03
    Region: "bulk"	RelError: 2.79058e-13	AbsError: 2.59647e+03
      Equation: "ElectronContinuityEquation"	RelError: 3.72414e-14	AbsError: 2.59581e+03
      Equation: "HoleContinuityEquation"	RelError: 1.53034e-13	AbsError: 6.65803e-01
      Equation: "PotentialEquation"	RelError: 8.87825e-14	AbsError: 1.25796e-16
    Region: "oxide"	RelError: 5.10862e-17	AbsError: 2.91307e-17
      Equation: "PotentialEquation"	RelError: 5.10862e-17	AbsError: 2.91307e-17
number of equations 6651
Iteration: 0
  Device: "part1_baseline"	RelError: 7.88117e-01	AbsError: 4.56824e+17
    Region: "bulk"	RelError: 7.66911e-01	AbsError: 4.56824e+17
      Equation: "ElectronContinuityEquation"	RelError: 7.49219e-02	AbsError: 4.56820e+17
      Equation: "HoleContinuityEquation"	RelError: 8.66814e-02	AbsError: 4.03102e+12
      Equation: "PotentialEquation"	RelError: 6.05307e-01	AbsError: 2.06494e-03
    Region: "oxide"	RelError: 2.12062e-02	AbsError: 2.00000e-02
      Equation: "PotentialEquation"	RelError: 2.12062e-02	AbsError: 2.00000e-02
Iteration: 1
  Device: "part1_baseline"	RelError: 3.17292e-02	AbsError: 5.44353e+15
    Region: "bulk"	RelError: 3.16283e-02	AbsError: 5.44353e+15
      Equation: "ElectronContinuityEquation"	RelError: 9.41876e-04	AbsError: 5.44336e+15
      Equation: "HoleContinuityEquation"	RelError: 5.50583e-03	AbsError: 1.66246e+11
      Equation: "PotentialEquation"	RelError: 2.51806e-02	AbsError: 5.60982e-05
    Region: "oxide"	RelError: 1.00924e-04	AbsError: 5.60982e-05
      Equation: "PotentialEquation"	RelError: 1.00924e-04	AbsError: 5.60982e-05
Iteration: 2
  Device: "part1_baseline"	RelError: 1.09179e-05	AbsError: 4.52490e+11
    Region: "bulk"	RelError: 1.09148e-05	AbsError: 4.52490e+11
      Equation: "ElectronContinuityEquation"	RelError: 4.24231e-07	AbsError: 4.52451e+11
      Equation: "HoleContinuityEquation"	RelError: 3.91859e-06	AbsError: 3.85994e+07
      Equation: "PotentialEquation"	RelError: 6.57196e-06	AbsError: 4.46060e-09
    Region: "oxide"	RelError: 3.13216e-09	AbsError: 1.79203e-09
      Equation: "PotentialEquation"	RelError: 3.13216e-09	AbsError: 1.79203e-09
Iteration: 3
  Device: "part1_baseline"	RelError: 2.29392e-13	AbsError: 1.87797e+03
    Region: "bulk"	RelError: 2.29360e-13	AbsError: 1.87797e+03
      Equation: "ElectronContinuityEquation"	RelError: 2.55812e-14	AbsError: 1.87749e+03
      Equation: "HoleContinuityEquation"	RelError: 1.05540e-13	AbsError: 4.74277e-01
      Equation: "PotentialEquation"	RelError: 9.82382e-14	AbsError: 8.75259e-17
    Region: "oxide"	RelError: 3.22776e-17	AbsError: 1.84672e-17
      Equation: "PotentialEquation"	RelError: 3.22776e-17	AbsError: 1.84672e-17
number of equations 6651
Iteration: 0
  Device: "part1_baseline"	RelError: 1.35131e+00	AbsError: 4.65987e+17
    Region: "bulk"	RelError: 1.33055e+00	AbsError: 4.65987e+17
      Equation: "ElectronContinuityEquation"	RelError: 7.12354e-02	AbsError: 4.65983e+17
      Equation: "HoleContinuityEquation"	RelError: 8.16836e-02	AbsError: 3.70556e+12
      Equation: "PotentialEquation"	RelError: 1.17763e+00	AbsError: 1.95488e-03
    Region: "oxide"	RelError: 2.07658e-02	AbsError: 2.00000e-02
      Equation: "PotentialEquation"	RelError: 2.07658e-02	AbsError: 2.00000e-02
Iteration: 1
  Device: "part1_baseline"	RelError: 5.18993e-02	AbsError: 5.09968e+15
    Region: "bulk"	RelError: 5.18076e-02	AbsError: 5.09968e+15
      Equation: "ElectronContinuityEquation"	RelError: 8.17453e-04	AbsError: 5.09953e+15
      Equation: "HoleContinuityEquation"	RelError: 4.95990e-03	AbsError: 1.46473e+11
      Equation: "PotentialEquation"	RelError: 4.60302e-02	AbsError: 5.11544e-05
    Region: "oxide"	RelError: 9.17147e-05	AbsError: 5.11544e-05
      Equation: "PotentialEquation"	RelError: 9.17147e-05	AbsError: 5.11544e-05
Iteration: 2
  Device: "part1_baseline"	RelError: 1.52581e-05	AbsError: 3.82661e+11
    Region: "bulk"	RelError: 1.52554e-05	AbsError: 3.82661e+11
      Equation: "ElectronContinuityEquation"	RelError: 3.45158e-07	AbsError: 3.82628e+11
      Equation: "HoleContinuityEquation"	RelError: 3.24230e-06	AbsError: 3.31471e+07
      Equation: "PotentialEquation"	RelError: 1.16679e-05	AbsError: 3.80162e-09
    Region: "oxide"	RelError: 2.77044e-09	AbsError: 1.59010e-09
      Equation: "PotentialEquation"	RelError: 2.77044e-09	AbsError: 1.59010e-09
Iteration: 3
  Device: "part1_baseline"	RelError: 2.36139e-13	AbsError: 1.36031e+03
    Region: "bulk"	RelError: 2.36118e-13	AbsError: 1.36031e+03
      Equation: "ElectronContinuityEquation"	RelError: 1.78597e-14	AbsError: 1.35997e+03
      Equation: "HoleContinuityEquation"	RelError: 7.33022e-14	AbsError: 3.39480e-01
      Equation: "PotentialEquation"	RelError: 1.44957e-13	AbsError: 6.12550e-17
    Region: "oxide"	RelError: 2.03809e-17	AbsError: 1.16977e-17
      Equation: "PotentialEquation"	RelError: 2.03809e-17	AbsError: 1.16977e-17
number of equations 6651
Iteration: 0
  Device: "part1_baseline"	RelError: 3.12225e+01	AbsError: 4.74590e+17
    Region: "bulk"	RelError: 3.12021e+01	AbsError: 4.74590e+17
      Equation: "ElectronContinuityEquation"	RelError: 6.78425e-02	AbsError: 4.74587e+17
      Equation: "HoleContinuityEquation"	RelError: 7.71709e-02	AbsError: 3.41858e+12
      Equation: "PotentialEquation"	RelError: 3.10571e+01	AbsError: 1.85462e-03
    Region: "oxide"	RelError: 2.03434e-02	AbsError: 2.00000e-02
      Equation: "PotentialEquation"	RelError: 2.03434e-02	AbsError: 2.00000e-02
Iteration: 1
  Device: "part1_baseline"	RelError: 5.48258e+00	AbsError: 4.77992e+15
    Region: "bulk"	RelError: 5.48250e+00	AbsError: 4.77992e+15
      Equation: "ElectronContinuityEquation"	RelError: 7.12590e-04	AbsError: 4.77979e+15
      Equation: "HoleContinuityEquation"	RelError: 4.48532e-03	AbsError: 1.29665e+11
      Equation: "PotentialEquation"	RelError: 5.47730e+00	AbsError: 4.67815e-05
    Region: "oxide"	RelError: 8.36055e-05	AbsError: 4.67815e-05
      Equation: "PotentialEquation"	RelError: 8.36055e-05	AbsError: 4.67815e-05
Iteration: 2
  Device: "part1_baseline"	RelError: 1.35419e-03	AbsError: 3.24606e+11
    Region: "bulk"	RelError: 1.35419e-03	AbsError: 3.24606e+11
      Equation: "ElectronContinuityEquation"	RelError: 2.83068e-07	AbsError: 3.24577e+11
      Equation: "HoleContinuityEquation"	RelError: 2.69824e-06	AbsError: 2.86093e+07
      Equation: "PotentialEquation"	RelError: 1.35121e-03	AbsError: 3.25581e-09
    Region: "oxide"	RelError: 2.45294e-09	AbsError: 1.41211e-09
      Equation: "PotentialEquation"	RelError: 2.45294e-09	AbsError: 1.41211e-09
Iteration: 3
  Device: "part1_baseline"	RelError: 1.40090e-11	AbsError: 9.87986e+02
    Region: "bulk"	RelError: 1.40090e-11	AbsError: 9.87986e+02
      Equation: "ElectronContinuityEquation"	RelError: 1.26522e-14	AbsError: 9.87742e+02
      Equation: "HoleContinuityEquation"	RelError: 5.13002e-14	AbsError: 2.44273e-01
      Equation: "PotentialEquation"	RelError: 1.39451e-11	AbsError: 4.31350e-17
    Region: "oxide"	RelError: 1.28587e-17	AbsError: 7.40248e-18
      Equation: "PotentialEquation"	RelError: 1.28587e-17	AbsError: 7.40248e-18
number of equations 6651
Iteration: 0
  Device: "part1_baseline"	RelError: 1.16557e+00	AbsError: 4.82674e+17
    Region: "bulk"	RelError: 1.14563e+00	AbsError: 4.82674e+17
      Equation: "ElectronContinuityEquation"	RelError: 6.47134e-02	AbsError: 4.82670e+17
      Equation: "HoleContinuityEquation"	RelError: 7.30747e-02	AbsError: 3.16434e+12
      Equation: "PotentialEquation"	RelError: 1.00784e+00	AbsError: 1.76288e-03
    Region: "oxide"	RelError: 1.99378e-02	AbsError: 2.00000e-02
      Equation: "PotentialEquation"	RelError: 1.99378e-02	AbsError: 2.00000e-02
Iteration: 1
  Device: "part1_baseline"	RelError: 4.44962e-02	AbsError: 4.48309e+15
    Region: "bulk"	RelError: 4.44198e-02	AbsError: 4.48309e+15
      Equation: "ElectronContinuityEquation"	RelError: 6.23806e-04	AbsError: 4.48297e+15
      Equation: "HoleContinuityEquation"	RelError: 4.07081e-03	AbsError: 1.15297e+11
      Equation: "PotentialEquation"	RelError: 3.97252e-02	AbsError: 4.29002e-05
    Region: "oxide"	RelError: 7.64384e-05	AbsError: 4.29002e-05
      Equation: "PotentialEquation"	RelError: 7.64384e-05	AbsError: 4.29002e-05
Iteration: 2
  Device: "part1_baseline"	RelError: 1.20102e-05	AbsError: 2.76305e+11
    Region: "bulk"	RelError: 1.20080e-05	AbsError: 2.76305e+11
      Equation: "ElectronContinuityEquation"	RelError: 2.33881e-07	AbsError: 2.76280e+11
      Equation: "HoleContinuityEquation"	RelError: 2.25790e-06	AbsError: 2.48060e+07
      Equation: "PotentialEquation"	RelError: 9.51620e-06	AbsError: 2.80246e-09
    Region: "oxide"	RelError: 2.17521e-09	AbsError: 1.25580e-09
      Equation: "PotentialEquation"	RelError: 2.17521e-09	AbsError: 1.25580e-09
Iteration: 3
  Device: "part1_baseline"	RelError: 1.26904e-13	AbsError: 7.20140e+02
    Region: "bulk"	RelError: 1.26896e-13	AbsError: 7.20140e+02
      Equation: "ElectronContinuityEquation"	RelError: 9.08233e-15	AbsError: 7.19963e+02
      Equation: "HoleContinuityEquation"	RelError: 3.61896e-14	AbsError: 1.76758e-01
      Equation: "PotentialEquation"	RelError: 8.16239e-14	AbsError: 3.05704e-17
    Region: "oxide"	RelError: 8.10255e-18	AbsError: 4.67781e-18
      Equation: "PotentialEquation"	RelError: 8.10255e-18	AbsError: 4.67781e-18
number of equations 6651
Iteration: 0
  Device: "part1_baseline"	RelError: 6.43084e-01	AbsError: 4.90276e+17
    Region: "bulk"	RelError: 6.23536e-01	AbsError: 4.90276e+17
      Equation: "ElectronContinuityEquation"	RelError: 6.18218e-02	AbsError: 4.90273e+17
      Equation: "HoleContinuityEquation"	RelError: 6.93440e-02	AbsError: 2.93812e+12
      Equation: "PotentialEquation"	RelError: 4.92371e-01	AbsError: 1.67871e-03
    Region: "oxide"	RelError: 1.95480e-02	AbsError: 2.00000e-02
      Equation: "PotentialEquation"	RelError: 1.95480e-02	AbsError: 2.00000e-02
Iteration: 1
  Device: "part1_baseline"	RelError: 2.26406e-02	AbsError: 4.20788e+15
    Region: "bulk"	RelError: 2.25705e-02	AbsError: 4.20788e+15
      Equation: "ElectronContinuityEquation"	RelError: 5.48300e-04	AbsError: 4.20778e+15
      Equation: "HoleContinuityEquation"	RelError: 3.70715e-03	AbsError: 1.02951e+11
      Equation: "PotentialEquation"	RelError: 1.83151e-02	AbsError: 3.94469e-05
    Region: "oxide"	RelError: 7.00815e-05	AbsError: 3.94469e-05
      Equation: "PotentialEquation"	RelError: 7.00815e-05	AbsError: 3.94469e-05
Iteration: 2
  Device: "part1_baseline"	RelError: 6.36352e-06	AbsError: 2.36058e+11
    Region: "bulk"	RelError: 6.36159e-06	AbsError: 2.36058e+11
      Equation: "ElectronContinuityEquation"	RelError: 1.94593e-07	AbsError: 2.36037e+11
      Equation: "HoleContinuityEquation"	RelError: 1.89941e-06	AbsError: 2.15989e+07
      Equation: "PotentialEquation"	RelError: 4.26758e-06	AbsError: 2.42535e-09
    Region: "oxide"	RelError: 1.93266e-09	AbsError: 1.11881e-09
      Equation: "PotentialEquation"	RelError: 1.93266e-09	AbsError: 1.11881e-09
Iteration: 3
  Device: "part1_baseline"	RelError: 6.28035e-14	AbsError: 5.27143e+02
    Region: "bulk"	RelError: 6.27984e-14	AbsError: 5.27143e+02
      Equation: "ElectronContinuityEquation"	RelError: 6.59864e-15	AbsError: 5.27014e+02
      Equation: "HoleContinuityEquation"	RelError: 2.57402e-14	AbsError: 1.28666e-01
      Equation: "PotentialEquation"	RelError: 3.04596e-14	AbsError: 2.18083e-17
    Region: "oxide"	RelError: 5.09539e-18	AbsError: 2.94971e-18
      Equation: "PotentialEquation"	RelError: 5.09539e-18	AbsError: 2.94971e-18
number of equations 6651
Iteration: 0
  Device: "part1_baseline"	RelError: 4.61877e-01	AbsError: 4.97431e+17
    Region: "bulk"	RelError: 4.42704e-01	AbsError: 4.97431e+17
      Equation: "ElectronContinuityEquation"	RelError: 5.91444e-02	AbsError: 4.97429e+17
      Equation: "HoleContinuityEquation"	RelError: 6.59509e-02	AbsError: 2.73598e+12
      Equation: "PotentialEquation"	RelError: 3.17608e-01	AbsError: 1.60165e-03
    Region: "oxide"	RelError: 1.91732e-02	AbsError: 2.00000e-02
      Equation: "PotentialEquation"	RelError: 1.91732e-02	AbsError: 2.00000e-02
Iteration: 1
  Device: "part1_baseline"	RelError: 1.52530e-02	AbsError: 3.95292e+15
    Region: "bulk"	RelError: 1.51885e-02	AbsError: 3.95292e+15
      Equation: "ElectronContinuityEquation"	RelError: 4.83806e-04	AbsError: 3.95283e+15
      Equation: "HoleContinuityEquation"	RelError: 3.38675e-03	AbsError: 9.22886e+10
      Equation: "PotentialEquation"	RelError: 1.13180e-02	AbsError: 3.63635e-05
    Region: "oxide"	RelError: 6.44241e-05	AbsError: 3.63635e-05
      Equation: "PotentialEquation"	RelError: 6.44241e-05	AbsError: 3.63635e-05
Iteration: 2
  Device: "part1_baseline"	RelError: 4.33637e-06	AbsError: 2.02453e+11
    Region: "bulk"	RelError: 4.33465e-06	AbsError: 2.02453e+11
      Equation: "ElectronContinuityEquation"	RelError: 1.62966e-07	AbsError: 2.02434e+11
      Equation: "HoleContinuityEquation"	RelError: 1.60593e-06	AbsError: 1.88797e+07
      Equation: "PotentialEquation"	RelError: 2.56576e-06	AbsError: 2.10732e-09
    Region: "oxide"	RelError: 1.72090e-09	AbsError: 9.98806e-10
      Equation: "PotentialEquation"	RelError: 1.72090e-09	AbsError: 9.98806e-10
Iteration: 3
  Device: "part1_baseline"	RelError: 3.85764e-14	AbsError: 3.87706e+02
    Region: "bulk"	RelError: 3.85732e-14	AbsError: 3.87706e+02
      Equation: "ElectronContinuityEquation"	RelError: 4.84735e-15	AbsError: 3.87611e+02
      Equation: "HoleContinuityEquation"	RelError: 1.84610e-14	AbsError: 9.42276e-02
      Equation: "PotentialEquation"	RelError: 1.52649e-14	AbsError: 1.56609e-17
    Region: "oxide"	RelError: 3.24452e-18	AbsError: 1.85408e-18
      Equation: "PotentialEquation"	RelError: 3.24452e-18	AbsError: 1.85408e-18
number of equations 6651
Iteration: 0
  Device: "part1_baseline"	RelError: 3.68473e-01	AbsError: 5.04174e+17
    Region: "bulk"	RelError: 3.49661e-01	AbsError: 5.04174e+17
      Equation: "ElectronContinuityEquation"	RelError: 5.66605e-02	AbsError: 5.04171e+17
      Equation: "HoleContinuityEquation"	RelError: 6.28402e-02	AbsError: 2.55467e+12
      Equation: "PotentialEquation"	RelError: 2.30160e-01	AbsError: 1.53057e-03
    Region: "oxide"	RelError: 1.88125e-02	AbsError: 2.00000e-02
      Equation: "PotentialEquation"	RelError: 1.88125e-02	AbsError: 2.00000e-02
Iteration: 1
  Device: "part1_baseline"	RelError: 1.14844e-02	AbsError: 3.71680e+15
    Region: "bulk"	RelError: 1.14250e-02	AbsError: 3.71680e+15
      Equation: "ElectronContinuityEquation"	RelError: 4.28487e-04	AbsError: 3.71672e+15
      Equation: "HoleContinuityEquation"	RelError: 3.10346e-03	AbsError: 8.30378e+10
      Equation: "PotentialEquation"	RelError: 7.89306e-03	AbsError: 3.36000e-05
    Region: "oxide"	RelError: 5.93776e-05	AbsError: 3.36000e-05
      Equation: "PotentialEquation"	RelError: 5.93776e-05	AbsError: 3.36000e-05
Iteration: 2
  Device: "part1_baseline"	RelError: 3.24436e-06	AbsError: 1.74320e+11
    Region: "bulk"	RelError: 3.24282e-06	AbsError: 1.74320e+11
      Equation: "ElectronContinuityEquation"	RelError: 1.37318e-07	AbsError: 1.74304e+11
      Equation: "HoleContinuityEquation"	RelError: 1.36435e-06	AbsError: 1.65628e+07
      Equation: "PotentialEquation"	RelError: 1.74116e-06	AbsError: 1.83788e-09
    Region: "oxide"	RelError: 1.53591e-09	AbsError: 8.93649e-10
      Equation: "PotentialEquation"	RelError: 1.53591e-09	AbsError: 8.93649e-10
Iteration: 3
  Device: "part1_baseline"	RelError: 2.56035e-14	AbsError: 2.86612e+02
    Region: "bulk"	RelError: 2.56011e-14	AbsError: 2.86612e+02
      Equation: "ElectronContinuityEquation"	RelError: 3.59731e-15	AbsError: 2.86542e+02
      Equation: "HoleContinuityEquation"	RelError: 1.33515e-14	AbsError: 6.94268e-02
      Equation: "PotentialEquation"	RelError: 8.65227e-15	AbsError: 1.13205e-17
    Region: "oxide"	RelError: 2.48560e-18	AbsError: 1.39323e-18
      Equation: "PotentialEquation"	RelError: 2.48560e-18	AbsError: 1.39323e-18
number of equations 6651
Iteration: 0
  Device: "part1_baseline"	RelError: 3.10744e-01	AbsError: 5.10532e+17
    Region: "bulk"	RelError: 2.92279e-01	AbsError: 5.10532e+17
      Equation: "ElectronContinuityEquation"	RelError: 5.43519e-02	AbsError: 5.10530e+17
      Equation: "HoleContinuityEquation"	RelError: 5.99821e-02	AbsError: 2.39144e+12
      Equation: "PotentialEquation"	RelError: 1.77945e-01	AbsError: 1.46490e-03
    Region: "oxide"	RelError: 1.84652e-02	AbsError: 2.00000e-02
      Equation: "PotentialEquation"	RelError: 1.84652e-02	AbsError: 2.00000e-02
Iteration: 1
  Device: "part1_baseline"	RelError: 9.17515e-03	AbsError: 3.49816e+15
    Region: "bulk"	RelError: 9.12029e-03	AbsError: 3.49816e+15
      Equation: "ElectronContinuityEquation"	RelError: 3.80843e-04	AbsError: 3.49808e+15
      Equation: "HoleContinuityEquation"	RelError: 2.85256e-03	AbsError: 7.49757e+10
      Equation: "PotentialEquation"	RelError: 5.88688e-03	AbsError: 3.11163e-05
    Region: "oxide"	RelError: 5.48630e-05	AbsError: 3.11163e-05
      Equation: "PotentialEquation"	RelError: 5.48630e-05	AbsError: 3.11163e-05
Iteration: 2
  Device: "part1_baseline"	RelError: 2.54603e-06	AbsError: 1.50700e+11
    Region: "bulk"	RelError: 2.54466e-06	AbsError: 1.50700e+11
      Equation: "ElectronContinuityEquation"	RelError: 1.16376e-07	AbsError: 1.50685e+11
      Equation: "HoleContinuityEquation"	RelError: 1.16447e-06	AbsError: 1.45800e+07
      Equation: "PotentialEquation"	RelError: 1.26381e-06	AbsError: 1.60863e-09
    Region: "oxide"	RelError: 1.37412e-09	AbsError: 8.01401e-10
      Equation: "PotentialEquation"	RelError: 1.37412e-09	AbsError: 8.01401e-10
Iteration: 3
  Device: "part1_baseline"	RelError: 1.76920e-14	AbsError: 2.13016e+02
    Region: "bulk"	RelError: 1.76901e-14	AbsError: 2.13016e+02
      Equation: "ElectronContinuityEquation"	RelError: 2.69494e-15	AbsError: 2.12964e+02
      Equation: "HoleContinuityEquation"	RelError: 9.73689e-15	AbsError: 5.14723e-02
      Equation: "PotentialEquation"	RelError: 5.25828e-15	AbsError: 8.23701e-18
    Region: "oxide"	RelError: 1.90659e-18	AbsError: 1.07142e-18
      Equation: "PotentialEquation"	RelError: 1.90659e-18	AbsError: 1.07142e-18
number of equations 6651
Iteration: 0
  Device: "part1_baseline"	RelError: 2.71100e-01	AbsError: 5.16536e+17
    Region: "bulk"	RelError: 2.52969e-01	AbsError: 5.16536e+17
      Equation: "ElectronContinuityEquation"	RelError: 5.22023e-02	AbsError: 5.16534e+17
      Equation: "HoleContinuityEquation"	RelError: 5.73601e-02	AbsError: 2.24397e+12
      Equation: "PotentialEquation"	RelError: 1.43407e-01	AbsError: 1.40434e-03
    Region: "oxide"	RelError: 1.81304e-02	AbsError: 2.00000e-02
      Equation: "PotentialEquation"	RelError: 1.81304e-02	AbsError: 2.00000e-02
Iteration: 1
  Device: "part1_baseline"	RelError: 7.60396e-03	AbsError: 3.29565e+15
    Region: "bulk"	RelError: 7.55315e-03	AbsError: 3.29565e+15
      Equation: "ElectronContinuityEquation"	RelError: 3.39823e-04	AbsError: 3.29558e+15
      Equation: "HoleContinuityEquation"	RelError: 2.62897e-03	AbsError: 6.79198e+10
      Equation: "PotentialEquation"	RelError: 4.58436e-03	AbsError: 2.88780e-05
    Region: "oxide"	RelError: 5.08072e-05	AbsError: 2.88780e-05
      Equation: "PotentialEquation"	RelError: 5.08072e-05	AbsError: 2.88780e-05
Iteration: 2
  Device: "part1_baseline"	RelError: 2.05658e-06	AbsError: 1.30804e+11
    Region: "bulk"	RelError: 2.05535e-06	AbsError: 1.30804e+11
      Equation: "ElectronContinuityEquation"	RelError: 9.91642e-08	AbsError: 1.30792e+11
      Equation: "HoleContinuityEquation"	RelError: 9.98255e-07	AbsError: 1.28760e+07
      Equation: "PotentialEquation"	RelError: 9.57929e-07	AbsError: 1.41278e-09
    Region: "oxide"	RelError: 1.23236e-09	AbsError: 7.20354e-10
      Equation: "PotentialEquation"	RelError: 1.23236e-09	AbsError: 7.20354e-10
Iteration: 3
  Device: "part1_baseline"	RelError: 1.25434e-14	AbsError: 1.59194e+02
    Region: "bulk"	RelError: 1.25420e-14	AbsError: 1.59194e+02
      Equation: "ElectronContinuityEquation"	RelError: 2.03676e-15	AbsError: 1.59155e+02
      Equation: "HoleContinuityEquation"	RelError: 7.15959e-15	AbsError: 3.83955e-02
      Equation: "PotentialEquation"	RelError: 3.34563e-15	AbsError: 6.03235e-18
    Region: "oxide"	RelError: 1.46529e-18	AbsError: 8.25441e-19
      Equation: "PotentialEquation"	RelError: 1.46529e-18	AbsError: 8.25441e-19
number of equations 6651
Iteration: 0
  Device: "part1_baseline"	RelError: 2.41918e-01	AbsError: 5.22210e+17
    Region: "bulk"	RelError: 2.24111e-01	AbsError: 5.22210e+17
      Equation: "ElectronContinuityEquation"	RelError: 5.01973e-02	AbsError: 5.22207e+17
      Equation: "HoleContinuityEquation"	RelError: 5.49362e-02	AbsError: 2.11031e+12
      Equation: "PotentialEquation"	RelError: 1.18977e-01	AbsError: 1.34808e-03
    Region: "oxide"	RelError: 1.78075e-02	AbsError: 2.00000e-02
      Equation: "PotentialEquation"	RelError: 1.78075e-02	AbsError: 2.00000e-02
Iteration: 1
  Device: "part1_baseline"	RelError: 6.46997e-03	AbsError: 3.10803e+15
    Region: "bulk"	RelError: 6.42281e-03	AbsError: 3.10803e+15
      Equation: "ElectronContinuityEquation"	RelError: 3.13722e-04	AbsError: 3.10797e+15
      Equation: "HoleContinuityEquation"	RelError: 2.42904e-03	AbsError: 6.17199e+10
      Equation: "PotentialEquation"	RelError: 3.68005e-03	AbsError: 2.68556e-05
    Region: "oxide"	RelError: 4.71533e-05	AbsError: 2.68556e-05
      Equation: "PotentialEquation"	RelError: 4.71533e-05	AbsError: 2.68556e-05
Iteration: 2
  Device: "part1_baseline"	RelError: 1.69396e-06	AbsError: 1.13990e+11
    Region: "bulk"	RelError: 1.69285e-06	AbsError: 1.13990e+11
      Equation: "ElectronContinuityEquation"	RelError: 8.49313e-08	AbsError: 1.13978e+11
      Equation: "HoleContinuityEquation"	RelError: 8.59379e-07	AbsError: 1.14059e+07
      Equation: "PotentialEquation"	RelError: 7.48545e-07	AbsError: 1.24482e-09
    Region: "oxide"	RelError: 1.10791e-09	AbsError: 6.49015e-10
      Equation: "PotentialEquation"	RelError: 1.10791e-09	AbsError: 6.49015e-10
Iteration: 3
  Device: "part1_baseline"	RelError: 9.06117e-15	AbsError: 1.19640e+02
    Region: "bulk"	RelError: 9.06004e-15	AbsError: 1.19640e+02
      Equation: "ElectronContinuityEquation"	RelError: 1.55203e-15	AbsError: 1.19611e+02
      Equation: "HoleContinuityEquation"	RelError: 5.30735e-15	AbsError: 2.88174e-02
      Equation: "PotentialEquation"	RelError: 2.20066e-15	AbsError: 4.45212e-18
    Region: "oxide"	RelError: 1.12811e-18	AbsError: 6.36991e-19
      Equation: "PotentialEquation"	RelError: 1.12811e-18	AbsError: 6.36991e-19
number of equations 6651
Iteration: 0
  Device: "part1_baseline"	RelError: 2.19373e-01	AbsError: 5.27577e+17
    Region: "bulk"	RelError: 2.01877e-01	AbsError: 5.27577e+17
      Equation: "ElectronContinuityEquation"	RelError: 4.83239e-02	AbsError: 5.27575e+17
      Equation: "HoleContinuityEquation"	RelError: 5.26957e-02	AbsError: 1.98890e+12
      Equation: "PotentialEquation"	RelError: 1.00857e-01	AbsError: 1.29586e-03
    Region: "oxide"	RelError: 1.74960e-02	AbsError: 2.00000e-02
      Equation: "PotentialEquation"	RelError: 1.74960e-02	AbsError: 2.00000e-02
Iteration: 1
  Device: "part1_baseline"	RelError: 5.60954e-03	AbsError: 2.93411e+15
    Region: "bulk"	RelError: 5.56569e-03	AbsError: 2.93411e+15
      Equation: "ElectronContinuityEquation"	RelError: 2.94149e-04	AbsError: 2.93406e+15
      Equation: "HoleContinuityEquation"	RelError: 2.24968e-03	AbsError: 5.62514e+10
      Equation: "PotentialEquation"	RelError: 3.02186e-03	AbsError: 2.50238e-05
    Region: "oxide"	RelError: 4.38528e-05	AbsError: 2.50238e-05
      Equation: "PotentialEquation"	RelError: 4.38528e-05	AbsError: 2.50238e-05
Iteration: 2
  Device: "part1_baseline"	RelError: 1.41532e-06	AbsError: 9.97281e+10
    Region: "bulk"	RelError: 1.41433e-06	AbsError: 9.97281e+10
      Equation: "ElectronContinuityEquation"	RelError: 7.30931e-08	AbsError: 9.97180e+10
      Equation: "HoleContinuityEquation"	RelError: 7.42823e-07	AbsError: 1.01332e+07
      Equation: "PotentialEquation"	RelError: 5.98410e-07	AbsError: 1.10025e-09
    Region: "oxide"	RelError: 9.98413e-10	AbsError: 5.86090e-10
      Equation: "PotentialEquation"	RelError: 9.98413e-10	AbsError: 5.86090e-10
Iteration: 3
  Device: "part1_baseline"	RelError: 6.64359e-15	AbsError: 9.04238e+01
    Region: "bulk"	RelError: 6.64272e-15	AbsError: 9.04238e+01
      Equation: "ElectronContinuityEquation"	RelError: 1.19182e-15	AbsError: 9.04020e+01
      Equation: "HoleContinuityEquation"	RelError: 3.96567e-15	AbsError: 2.17616e-02
      Equation: "PotentialEquation"	RelError: 1.48523e-15	AbsError: 3.30958e-18
    Region: "oxide"	RelError: 8.69708e-19	AbsError: 4.92186e-19
      Equation: "PotentialEquation"	RelError: 8.69708e-19	AbsError: 4.92186e-19
number of equations 6651
Iteration: 0
  Device: "part1_baseline"	RelError: 2.01322e-01	AbsError: 5.32660e+17
    Region: "bulk"	RelError: 1.84126e-01	AbsError: 5.32660e+17
      Equation: "ElectronContinuityEquation"	RelError: 4.65706e-02	AbsError: 5.32658e+17
      Equation: "HoleContinuityEquation"	RelError: 5.06221e-02	AbsError: 1.87907e+12
      Equation: "PotentialEquation"	RelError: 8.69337e-02	AbsError: 1.24732e-03
    Region: "oxide"	RelError: 1.71951e-02	AbsError: 2.00000e-02
      Equation: "PotentialEquation"	RelError: 1.71951e-02	AbsError: 2.00000e-02
Iteration: 1
  Device: "part1_baseline"	RelError: 4.93134e-03	AbsError: 2.77279e+15
    Region: "bulk"	RelError: 4.89047e-03	AbsError: 2.77279e+15
      Equation: "ElectronContinuityEquation"	RelError: 2.76085e-04	AbsError: 2.77274e+15
      Equation: "HoleContinuityEquation"	RelError: 2.08875e-03	AbsError: 5.14107e+10
      Equation: "PotentialEquation"	RelError: 2.52564e-03	AbsError: 2.33606e-05
    Region: "oxide"	RelError: 4.08637e-05	AbsError: 2.33606e-05
      Equation: "PotentialEquation"	RelError: 4.08637e-05	AbsError: 2.33606e-05
Iteration: 2
  Device: "part1_baseline"	RelError: 1.19580e-06	AbsError: 8.75885e+10
    Region: "bulk"	RelError: 1.19490e-06	AbsError: 8.75885e+10
      Equation: "ElectronContinuityEquation"	RelError: 6.31924e-08	AbsError: 8.75794e+10
      Equation: "HoleContinuityEquation"	RelError: 6.44724e-07	AbsError: 9.02755e+06
      Equation: "PotentialEquation"	RelError: 4.86982e-07	AbsError: 9.75378e-10
    Region: "oxide"	RelError: 9.01848e-10	AbsError: 5.30464e-10
      Equation: "PotentialEquation"	RelError: 9.01848e-10	AbsError: 5.30464e-10
Iteration: 3
  Device: "part1_baseline"	RelError: 4.93218e-15	AbsError: 6.87292e+01
    Region: "bulk"	RelError: 4.93151e-15	AbsError: 6.87292e+01
      Equation: "ElectronContinuityEquation"	RelError: 9.21889e-16	AbsError: 6.87127e+01
      Equation: "HoleContinuityEquation"	RelError: 2.98623e-15	AbsError: 1.65316e-02
      Equation: "PotentialEquation"	RelError: 1.02339e-15	AbsError: 2.47555e-18
    Region: "oxide"	RelError: 6.71782e-19	AbsError: 3.80997e-19
      Equation: "PotentialEquation"	RelError: 6.71782e-19	AbsError: 3.80997e-19
number of equations 6651
Iteration: 0
  Device: "part1_baseline"	RelError: 1.86460e-01	AbsError: 5.37478e+17
    Region: "bulk"	RelError: 1.69555e-01	AbsError: 5.37478e+17
      Equation: "ElectronContinuityEquation"	RelError: 4.49272e-02	AbsError: 5.37476e+17
      Equation: "HoleContinuityEquation"	RelError: 4.86916e-02	AbsError: 1.77862e+12
      Equation: "PotentialEquation"	RelError: 7.59366e-02	AbsError: 1.20196e-03
    Region: "oxide"	RelError: 1.69044e-02	AbsError: 2.00000e-02
      Equation: "PotentialEquation"	RelError: 1.69044e-02	AbsError: 2.00000e-02
Iteration: 1
  Device: "part1_baseline"	RelError: 4.38234e-03	AbsError: 2.62304e+15
    Region: "bulk"	RelError: 4.34419e-03	AbsError: 2.62304e+15
      Equation: "ElectronContinuityEquation"	RelError: 2.59379e-04	AbsError: 2.62299e+15
      Equation: "HoleContinuityEquation"	RelError: 1.94363e-03	AbsError: 4.71110e+10
      Equation: "PotentialEquation"	RelError: 2.14119e-03	AbsError: 2.18470e-05
    Region: "oxide"	RelError: 3.81500e-05	AbsError: 2.18470e-05
      Equation: "PotentialEquation"	RelError: 3.81500e-05	AbsError: 2.18470e-05
Iteration: 2
  Device: "part1_baseline"	RelError: 1.01938e-06	AbsError: 7.72170e+10
    Region: "bulk"	RelError: 1.01856e-06	AbsError: 7.72170e+10
      Equation: "ElectronContinuityEquation"	RelError: 5.48690e-08	AbsError: 7.72090e+10
      Equation: "HoleContinuityEquation"	RelError: 5.61647e-07	AbsError: 8.06393e+06
      Equation: "PotentialEquation"	RelError: 4.02046e-07	AbsError: 8.67151e-10
    Region: "oxide"	RelError: 8.16483e-10	AbsError: 4.81177e-10
      Equation: "PotentialEquation"	RelError: 8.16483e-10	AbsError: 4.81177e-10
Iteration: 3
  Device: "part1_baseline"	RelError: 3.70183e-15	AbsError: 5.25336e+01
    Region: "bulk"	RelError: 3.70131e-15	AbsError: 5.25336e+01
      Equation: "ElectronContinuityEquation"	RelError: 7.18000e-16	AbsError: 5.25210e+01
      Equation: "HoleContinuityEquation"	RelError: 2.26573e-15	AbsError: 1.26408e-02
      Equation: "PotentialEquation"	RelError: 7.17586e-16	AbsError: 1.86311e-18
    Region: "oxide"	RelError: 5.19616e-19	AbsError: 2.95309e-19
      Equation: "PotentialEquation"	RelError: 5.19616e-19	AbsError: 2.95309e-19
number of equations 6651
Iteration: 0
  Device: "part1_baseline"	RelError: 1.73965e-01	AbsError: 5.42049e+17
    Region: "bulk"	RelError: 1.57342e-01	AbsError: 5.42049e+17
      Equation: "ElectronContinuityEquation"	RelError: 4.33843e-02	AbsError: 5.42048e+17
      Equation: "HoleContinuityEquation"	RelError: 4.68990e-02	AbsError: 1.68652e+12
      Equation: "PotentialEquation"	RelError: 6.70584e-02	AbsError: 1.15969e-03
    Region: "oxide"	RelError: 1.66234e-02	AbsError: 2.00000e-02
      Equation: "PotentialEquation"	RelError: 1.66234e-02	AbsError: 2.00000e-02
Iteration: 1
  Device: "part1_baseline"	RelError: 3.92865e-03	AbsError: 2.48391e+15
    Region: "bulk"	RelError: 3.89297e-03	AbsError: 2.48391e+15
      Equation: "ElectronContinuityEquation"	RelError: 2.43927e-04	AbsError: 2.48387e+15
      Equation: "HoleContinuityEquation"	RelError: 1.81227e-03	AbsError: 4.32793e+10
      Equation: "PotentialEquation"	RelError: 1.83677e-03	AbsError: 2.04665e-05
    Region: "oxide"	RelError: 3.56858e-05	AbsError: 2.04665e-05
      Equation: "PotentialEquation"	RelError: 3.56858e-05	AbsError: 2.04665e-05
Iteration: 2
  Device: "part1_baseline"	RelError: 8.75489e-07	AbsError: 6.83237e+10
    Region: "bulk"	RelError: 8.74748e-07	AbsError: 6.83237e+10
      Equation: "ElectronContinuityEquation"	RelError: 4.78369e-08	AbsError: 6.83164e+10
      Equation: "HoleContinuityEquation"	RelError: 4.91004e-07	AbsError: 7.22155e+06
      Equation: "PotentialEquation"	RelError: 3.35908e-07	AbsError: 7.73049e-10
    Region: "oxide"	RelError: 7.40834e-10	AbsError: 4.37404e-10
      Equation: "PotentialEquation"	RelError: 7.40834e-10	AbsError: 4.37404e-10
number of equations 6651
Iteration: 0
  Device: "part1_baseline"	RelError: 1.63273e-01	AbsError: 5.46391e+17
    Region: "bulk"	RelError: 1.46921e-01	AbsError: 5.46391e+17
      Equation: "ElectronContinuityEquation"	RelError: 4.19338e-02	AbsError: 5.46390e+17
      Equation: "HoleContinuityEquation"	RelError: 4.52266e-02	AbsError: 1.60186e+12
      Equation: "PotentialEquation"	RelError: 5.97611e-02	AbsError: 1.12013e-03
    Region: "oxide"	RelError: 1.63516e-02	AbsError: 2.00000e-02
      Equation: "PotentialEquation"	RelError: 1.63516e-02	AbsError: 2.00000e-02
Iteration: 1
  Device: "part1_baseline"	RelError: 3.54755e-03	AbsError: 2.35455e+15
    Region: "bulk"	RelError: 3.51412e-03	AbsError: 2.35455e+15
      Equation: "ElectronContinuityEquation"	RelError: 2.29629e-04	AbsError: 2.35451e+15
      Equation: "HoleContinuityEquation"	RelError: 1.69312e-03	AbsError: 3.98542e+10
      Equation: "PotentialEquation"	RelError: 1.59136e-03	AbsError: 1.92047e-05
    Region: "oxide"	RelError: 3.34391e-05	AbsError: 1.92047e-05
      Equation: "PotentialEquation"	RelError: 3.34391e-05	AbsError: 1.92047e-05
Iteration: 2
  Device: "part1_baseline"	RelError: 7.56739e-07	AbsError: 6.06697e+10
    Region: "bulk"	RelError: 7.56066e-07	AbsError: 6.06697e+10
      Equation: "ElectronContinuityEquation"	RelError: 4.18679e-08	AbsError: 6.06633e+10
      Equation: "HoleContinuityEquation"	RelError: 4.30698e-07	AbsError: 6.48298e+06
      Equation: "PotentialEquation"	RelError: 2.83500e-07	AbsError: 6.90976e-10
    Region: "oxide"	RelError: 6.73634e-10	AbsError: 3.98437e-10
      Equation: "PotentialEquation"	RelError: 6.73634e-10	AbsError: 3.98437e-10
number of equations 6651
Iteration: 0
  Device: "part1_baseline"	RelError: 1.53989e-01	AbsError: 5.50520e+17
    Region: "bulk"	RelError: 1.37901e-01	AbsError: 5.50520e+17
      Equation: "ElectronContinuityEquation"	RelError: 4.05680e-02	AbsError: 5.50518e+17
      Equation: "HoleContinuityEquation"	RelError: 4.36602e-02	AbsError: 1.52386e+12
      Equation: "PotentialEquation"	RelError: 5.36727e-02	AbsError: 1.08296e-03
    Region: "oxide"	RelError: 1.60885e-02	AbsError: 2.00000e-02
      Equation: "PotentialEquation"	RelError: 1.60885e-02	AbsError: 2.00000e-02
Iteration: 1
  Device: "part1_baseline"	RelError: 3.22346e-03	AbsError: 2.23416e+15
    Region: "bulk"	RelError: 3.19207e-03	AbsError: 2.23416e+15
      Equation: "ElectronContinuityEquation"	RelError: 2.16392e-04	AbsError: 2.23412e+15
      Equation: "HoleContinuityEquation"	RelError: 1.58513e-03	AbsError: 3.67834e+10
      Equation: "PotentialEquation"	RelError: 1.39055e-03	AbsError: 1.80490e-05
    Region: "oxide"	RelError: 3.13851e-05	AbsError: 1.80490e-05
      Equation: "PotentialEquation"	RelError: 3.13851e-05	AbsError: 1.80490e-05
Iteration: 2
  Device: "part1_baseline"	RelError: 6.57776e-07	AbsError: 5.40586e+10
    Region: "bulk"	RelError: 6.57162e-07	AbsError: 5.40586e+10
      Equation: "ElectronContinuityEquation"	RelError: 3.67786e-08	AbsError: 5.40527e+10
      Equation: "HoleContinuityEquation"	RelError: 3.79023e-07	AbsError: 5.83363e+06
      Equation: "PotentialEquation"	RelError: 2.41361e-07	AbsError: 6.19181e-10
    Region: "oxide"	RelError: 6.13796e-10	AbsError: 3.63670e-10
      Equation: "PotentialEquation"	RelError: 6.13796e-10	AbsError: 3.63670e-10
number of equations 6651
Iteration: 0
  Device: "part1_baseline"	RelError: 1.45841e-01	AbsError: 5.54448e+17
    Region: "bulk"	RelError: 1.30008e-01	AbsError: 5.54448e+17
      Equation: "ElectronContinuityEquation"	RelError: 3.92803e-02	AbsError: 5.54446e+17
      Equation: "HoleContinuityEquation"	RelError: 4.21992e-02	AbsError: 1.45182e+12
      Equation: "PotentialEquation"	RelError: 4.85281e-02	AbsError: 1.04819e-03
    Region: "oxide"	RelError: 1.58338e-02	AbsError: 2.00000e-02
      Equation: "PotentialEquation"	RelError: 1.58338e-02	AbsError: 2.00000e-02
Iteration: 1
  Device: "part1_baseline"	RelError: 2.94438e-03	AbsError: 2.12199e+15
    Region: "bulk"	RelError: 2.91487e-03	AbsError: 2.12199e+15
      Equation: "ElectronContinuityEquation"	RelError: 2.04130e-04	AbsError: 2.12196e+15
      Equation: "HoleContinuityEquation"	RelError: 1.48661e-03	AbsError: 3.40225e+10
      Equation: "PotentialEquation"	RelError: 1.22413e-03	AbsError: 1.69884e-05
    Region: "oxide"	RelError: 2.95032e-05	AbsError: 1.69884e-05
      Equation: "PotentialEquation"	RelError: 2.95032e-05	AbsError: 1.69884e-05
Iteration: 2
  Device: "part1_baseline"	RelError: 5.74725e-07	AbsError: 4.83276e+10
    Region: "bulk"	RelError: 5.74164e-07	AbsError: 4.83276e+10
      Equation: "ElectronContinuityEquation"	RelError: 3.24387e-08	AbsError: 4.83224e+10
      Equation: "HoleContinuityEquation"	RelError: 3.34672e-07	AbsError: 5.26117e+06
      Equation: "PotentialEquation"	RelError: 2.07054e-07	AbsError: 5.56196e-10
    Region: "oxide"	RelError: 5.60387e-10	AbsError: 3.32578e-10
      Equation: "PotentialEquation"	RelError: 5.60387e-10	AbsError: 3.32578e-10
number of equations 6651
Iteration: 0
  Device: "part1_baseline"	RelError: 1.38613e-01	AbsError: 5.58190e+17
    Region: "bulk"	RelError: 1.23026e-01	AbsError: 5.58190e+17
      Equation: "ElectronContinuityEquation"	RelError: 3.80656e-02	AbsError: 5.58188e+17
      Equation: "HoleContinuityEquation"	RelError: 4.08276e-02	AbsError: 1.38516e+12
      Equation: "PotentialEquation"	RelError: 4.41332e-02	AbsError: 1.01545e-03
    Region: "oxide"	RelError: 1.55870e-02	AbsError: 2.00000e-02
      Equation: "PotentialEquation"	RelError: 1.55870e-02	AbsError: 2.00000e-02
Iteration: 1
  Device: "part1_baseline"	RelError: 2.70176e-03	AbsError: 2.01740e+15
    Region: "bulk"	RelError: 2.67398e-03	AbsError: 2.01740e+15
      Equation: "ElectronContinuityEquation"	RelError: 1.92760e-04	AbsError: 2.01737e+15
      Equation: "HoleContinuityEquation"	RelError: 1.39654e-03	AbsError: 3.15335e+10
      Equation: "PotentialEquation"	RelError: 1.08468e-03	AbsError: 1.60132e-05
    Region: "oxide"	RelError: 2.77758e-05	AbsError: 1.60132e-05
      Equation: "PotentialEquation"	RelError: 2.77758e-05	AbsError: 1.60132e-05
Iteration: 2
  Device: "part1_baseline"	RelError: 5.04461e-07	AbsError: 4.33422e+10
    Region: "bulk"	RelError: 5.03948e-07	AbsError: 4.33422e+10
      Equation: "ElectronContinuityEquation"	RelError: 2.87111e-08	AbsError: 4.33374e+10
      Equation: "HoleContinuityEquation"	RelError: 2.96414e-07	AbsError: 4.75521e+06
      Equation: "PotentialEquation"	RelError: 1.78823e-07	AbsError: 5.00787e-10
    Region: "oxide"	RelError: 5.12608e-10	AbsError: 3.04710e-10
      Equation: "PotentialEquation"	RelError: 5.12608e-10	AbsError: 3.04710e-10
number of equations 6651
Iteration: 0
  Device: "part1_baseline"	RelError: 1.32146e-01	AbsError: 5.61757e+17
    Region: "bulk"	RelError: 1.16798e-01	AbsError: 5.61757e+17
      Equation: "ElectronContinuityEquation"	RelError: 3.69190e-02	AbsError: 5.61755e+17
      Equation: "HoleContinuityEquation"	RelError: 3.95362e-02	AbsError: 1.32335e+12
      Equation: "PotentialEquation"	RelError: 4.03430e-02	AbsError: 9.84557e-04
    Region: "oxide"	RelError: 1.53478e-02	AbsError: 2.00000e-02
      Equation: "PotentialEquation"	RelError: 1.53478e-02	AbsError: 2.00000e-02
Iteration: 1
  Device: "part1_baseline"	RelError: 2.48937e-03	AbsError: 1.91978e+15
    Region: "bulk"	RelError: 2.46318e-03	AbsError: 1.91978e+15
      Equation: "ElectronContinuityEquation"	RelError: 1.82211e-04	AbsError: 1.91975e+15
      Equation: "HoleContinuityEquation"	RelError: 1.31426e-03	AbsError: 2.92839e+10
      Equation: "PotentialEquation"	RelError: 9.66708e-04	AbsError: 1.51149e-05
    Region: "oxide"	RelError: 2.61877e-05	AbsError: 1.51149e-05
      Equation: "PotentialEquation"	RelError: 2.61877e-05	AbsError: 1.51149e-05
Iteration: 2
  Device: "part1_baseline"	RelError: 4.44611e-07	AbsError: 3.89903e+10
    Region: "bulk"	RelError: 4.44141e-07	AbsError: 3.89903e+10
      Equation: "ElectronContinuityEquation"	RelError: 2.54919e-08	AbsError: 3.89860e+10
      Equation: "HoleContinuityEquation"	RelError: 2.63277e-07	AbsError: 4.30690e+06
      Equation: "PotentialEquation"	RelError: 1.55372e-07	AbsError: 4.51914e-10
    Region: "oxide"	RelError: 4.69768e-10	AbsError: 2.79679e-10
      Equation: "PotentialEquation"	RelError: 4.69768e-10	AbsError: 2.79679e-10
number of equations 6651
Iteration: 0
  Device: "part1_baseline"	RelError: 1.26321e-01	AbsError: 5.65160e+17
    Region: "bulk"	RelError: 1.11205e-01	AbsError: 5.65160e+17
      Equation: "ElectronContinuityEquation"	RelError: 3.58335e-02	AbsError: 5.65159e+17
      Equation: "HoleContinuityEquation"	RelError: 3.83248e-02	AbsError: 1.26591e+12
      Equation: "PotentialEquation"	RelError: 3.70471e-02	AbsError: 9.55502e-04
    Region: "oxide"	RelError: 1.51158e-02	AbsError: 2.00000e-02
      Equation: "PotentialEquation"	RelError: 1.51158e-02	AbsError: 2.00000e-02
Iteration: 1
  Device: "part1_baseline"	RelError: 2.30202e-03	AbsError: 1.82856e+15
    Region: "bulk"	RelError: 2.27729e-03	AbsError: 1.82856e+15
      Equation: "ElectronContinuityEquation"	RelError: 1.72413e-04	AbsError: 1.82853e+15
      Equation: "HoleContinuityEquation"	RelError: 1.23882e-03	AbsError: 2.72456e+10
      Equation: "PotentialEquation"	RelError: 8.66055e-04	AbsError: 1.42859e-05
    Region: "oxide"	RelError: 2.47281e-05	AbsError: 1.42859e-05
      Equation: "PotentialEquation"	RelError: 2.47281e-05	AbsError: 1.42859e-05
Iteration: 2
  Device: "part1_baseline"	RelError: 3.93346e-07	AbsError: 3.51788e+10
    Region: "bulk"	RelError: 3.92914e-07	AbsError: 3.51788e+10
      Equation: "ElectronContinuityEquation"	RelError: 2.27015e-08	AbsError: 3.51749e+10
      Equation: "HoleContinuityEquation"	RelError: 2.34483e-07	AbsError: 3.90873e+06
      Equation: "PotentialEquation"	RelError: 1.35730e-07	AbsError: 4.08695e-10
    Region: "oxide"	RelError: 4.31274e-10	AbsError: 2.57148e-10
      Equation: "PotentialEquation"	RelError: 4.31274e-10	AbsError: 2.57148e-10
number of equations 6651
Iteration: 0
  Device: "part1_baseline"	RelError: 1.21039e-01	AbsError: 5.68411e+17
    Region: "bulk"	RelError: 1.06148e-01	AbsError: 5.68411e+17
      Equation: "ElectronContinuityEquation"	RelError: 3.48047e-02	AbsError: 5.68409e+17
      Equation: "HoleContinuityEquation"	RelError: 3.71837e-02	AbsError: 1.21245e+12
      Equation: "PotentialEquation"	RelError: 3.41597e-02	AbsError: 9.28073e-04
    Region: "oxide"	RelError: 1.48907e-02	AbsError: 2.00000e-02
      Equation: "PotentialEquation"	RelError: 1.48907e-02	AbsError: 2.00000e-02
Iteration: 1
  Device: "part1_baseline"	RelError: 2.13561e-03	AbsError: 1.74324e+15
    Region: "bulk"	RelError: 2.11223e-03	AbsError: 1.74324e+15
      Equation: "ElectronContinuityEquation"	RelError: 1.63304e-04	AbsError: 1.74322e+15
      Equation: "HoleContinuityEquation"	RelError: 1.16939e-03	AbsError: 2.53944e+10
      Equation: "PotentialEquation"	RelError: 7.79531e-04	AbsError: 1.35196e-05
    Region: "oxide"	RelError: 2.33804e-05	AbsError: 1.35196e-05
      Equation: "PotentialEquation"	RelError: 2.33804e-05	AbsError: 1.35196e-05
Iteration: 2
  Device: "part1_baseline"	RelError: 3.49266e-07	AbsError: 3.18295e+10
    Region: "bulk"	RelError: 3.48870e-07	AbsError: 3.18295e+10
      Equation: "ElectronContinuityEquation"	RelError: 2.02744e-08	AbsError: 3.18259e+10
      Equation: "HoleContinuityEquation"	RelError: 2.09440e-07	AbsError: 3.55428e+06
      Equation: "PotentialEquation"	RelError: 1.19155e-07	AbsError: 3.70382e-10
    Region: "oxide"	RelError: 3.96612e-10	AbsError: 2.36825e-10
      Equation: "PotentialEquation"	RelError: 3.96612e-10	AbsError: 2.36825e-10
number of equations 6651
Iteration: 0
  Device: "part1_baseline"	RelError: 1.16219e-01	AbsError: 5.71517e+17
    Region: "bulk"	RelError: 1.01546e-01	AbsError: 5.71517e+17
      Equation: "ElectronContinuityEquation"	RelError: 3.38285e-02	AbsError: 5.71516e+17
      Equation: "HoleContinuityEquation"	RelError: 3.61044e-02	AbsError: 1.16260e+12
      Equation: "PotentialEquation"	RelError: 3.16134e-02	AbsError: 9.02073e-04
    Region: "oxide"	RelError: 1.46722e-02	AbsError: 2.00000e-02
      Equation: "PotentialEquation"	RelError: 1.46722e-02	AbsError: 2.00000e-02
Iteration: 1
  Device: "part1_baseline"	RelError: 1.98703e-03	AbsError: 1.66336e+15
    Region: "bulk"	RelError: 1.96490e-03	AbsError: 1.66336e+15
      Equation: "ElectronContinuityEquation"	RelError: 1.54828e-04	AbsError: 1.66334e+15
      Equation: "HoleContinuityEquation"	RelError: 1.10542e-03	AbsError: 2.37094e+10
      Equation: "PotentialEquation"	RelError: 7.04648e-04	AbsError: 1.28101e-05
    Region: "oxide"	RelError: 2.21340e-05	AbsError: 1.28101e-05
      Equation: "PotentialEquation"	RelError: 2.21340e-05	AbsError: 1.28101e-05
Iteration: 2
  Device: "part1_baseline"	RelError: 3.11162e-07	AbsError: 2.88770e+10
    Region: "bulk"	RelError: 3.10796e-07	AbsError: 2.88770e+10
      Equation: "ElectronContinuityEquation"	RelError: 1.81562e-08	AbsError: 2.88737e+10
      Equation: "HoleContinuityEquation"	RelError: 1.87564e-07	AbsError: 3.23803e+06
      Equation: "PotentialEquation"	RelError: 1.05076e-07	AbsError: 3.36336e-10
    Region: "oxide"	RelError: 3.65337e-10	AbsError: 2.18458e-10
      Equation: "PotentialEquation"	RelError: 3.65337e-10	AbsError: 2.18458e-10
number of equations 6651
Iteration: 0
  Device: "part1_baseline"	RelError: 1.11799e-01	AbsError: 5.74489e+17
    Region: "bulk"	RelError: 9.73388e-02	AbsError: 5.74489e+17
      Equation: "ElectronContinuityEquation"	RelError: 3.29013e-02	AbsError: 5.74488e+17
      Equation: "HoleContinuityEquation"	RelError: 3.50828e-02	AbsError: 1.11603e+12
      Equation: "PotentialEquation"	RelError: 2.93548e-02	AbsError: 8.77414e-04
    Region: "oxide"	RelError: 1.44600e-02	AbsError: 2.00000e-02
      Equation: "PotentialEquation"	RelError: 1.44600e-02	AbsError: 2.00000e-02
Iteration: 1
  Device: "part1_baseline"	RelError: 1.85395e-03	AbsError: 1.58850e+15
    Region: "bulk"	RelError: 1.83297e-03	AbsError: 1.58850e+15
      Equation: "ElectronContinuityEquation"	RelError: 1.46934e-04	AbsError: 1.58848e+15
      Equation: "HoleContinuityEquation"	RelError: 1.04659e-03	AbsError: 2.21723e+10
      Equation: "PotentialEquation"	RelError: 6.39443e-04	AbsError: 1.21521e-05
    Region: "oxide"	RelError: 2.09795e-05	AbsError: 1.21521e-05
      Equation: "PotentialEquation"	RelError: 2.09795e-05	AbsError: 1.21521e-05
Iteration: 2
  Device: "part1_baseline"	RelError: 2.78061e-07	AbsError: 2.62662e+10
    Region: "bulk"	RelError: 2.77724e-07	AbsError: 2.62662e+10
      Equation: "ElectronContinuityEquation"	RelError: 1.63017e-08	AbsError: 2.62632e+10
      Equation: "HoleContinuityEquation"	RelError: 1.68378e-07	AbsError: 2.95527e+06
      Equation: "PotentialEquation"	RelError: 9.30440e-08	AbsError: 3.06012e-10
    Region: "oxide"	RelError: 3.37062e-10	AbsError: 2.01827e-10
      Equation: "PotentialEquation"	RelError: 3.37062e-10	AbsError: 2.01827e-10
number of equations 6651
Iteration: 0
  Device: "part1_baseline"	RelError: 1.07736e-01	AbsError: 5.77334e+17
    Region: "bulk"	RelError: 9.34817e-02	AbsError: 5.77334e+17
      Equation: "ElectronContinuityEquation"	RelError: 3.20195e-02	AbsError: 5.77333e+17
      Equation: "HoleContinuityEquation"	RelError: 3.41218e-02	AbsError: 1.07247e+12
      Equation: "PotentialEquation"	RelError: 2.73404e-02	AbsError: 8.54171e-04
    Region: "oxide"	RelError: 1.42539e-02	AbsError: 2.00000e-02
      Equation: "PotentialEquation"	RelError: 1.42539e-02	AbsError: 2.00000e-02
Iteration: 1
  Device: "part1_baseline"	RelError: 1.73396e-03	AbsError: 1.51828e+15
    Region: "bulk"	RelError: 1.71406e-03	AbsError: 1.51828e+15
      Equation: "ElectronContinuityEquation"	RelError: 1.39573e-04	AbsError: 1.51826e+15
      Equation: "HoleContinuityEquation"	RelError: 9.92133e-04	AbsError: 2.07673e+10
      Equation: "PotentialEquation"	RelError: 5.82349e-04	AbsError: 1.15409e-05
    Region: "oxide"	RelError: 1.99082e-05	AbsError: 1.15409e-05
      Equation: "PotentialEquation"	RelError: 1.99082e-05	AbsError: 1.15409e-05
Iteration: 2
  Device: "part1_baseline"	RelError: 2.49194e-07	AbsError: 2.39507e+10
    Region: "bulk"	RelError: 2.48883e-07	AbsError: 2.39507e+10
      Equation: "ElectronContinuityEquation"	RelError: 1.46733e-08	AbsError: 2.39480e+10
      Equation: "HoleContinuityEquation"	RelError: 1.51505e-07	AbsError: 2.70192e+06
      Equation: "PotentialEquation"	RelError: 8.27049e-08	AbsError: 2.78943e-10
    Region: "oxide"	RelError: 3.11450e-10	AbsError: 1.86739e-10
      Equation: "PotentialEquation"	RelError: 3.11450e-10	AbsError: 1.86739e-10
number of equations 6651
Iteration: 0
  Device: "part1_baseline"	RelError: 1.03978e-01	AbsError: 5.80059e+17
    Region: "bulk"	RelError: 8.99245e-02	AbsError: 5.80059e+17
      Equation: "ElectronContinuityEquation"	RelError: 3.11802e-02	AbsError: 5.80058e+17
      Equation: "HoleContinuityEquation"	RelError: 3.32091e-02	AbsError: 1.03164e+12
      Equation: "PotentialEquation"	RelError: 2.55352e-02	AbsError: 8.32058e-04
    Region: "oxide"	RelError: 1.40536e-02	AbsError: 2.00000e-02
      Equation: "PotentialEquation"	RelError: 1.40536e-02	AbsError: 2.00000e-02
Iteration: 1
  Device: "part1_baseline"	RelError: 1.62536e-03	AbsError: 1.45234e+15
    Region: "bulk"	RelError: 1.60645e-03	AbsError: 1.45234e+15
      Equation: "ElectronContinuityEquation"	RelError: 1.32702e-04	AbsError: 1.45232e+15
      Equation: "HoleContinuityEquation"	RelError: 9.41642e-04	AbsError: 1.94804e+10
      Equation: "PotentialEquation"	RelError: 5.32104e-04	AbsError: 1.09729e-05
    Region: "oxide"	RelError: 1.89146e-05	AbsError: 1.09729e-05
      Equation: "PotentialEquation"	RelError: 1.89146e-05	AbsError: 1.09729e-05
Iteration: 2
  Device: "part1_baseline"	RelError: 2.23981e-07	AbsError: 2.18912e+10
    Region: "bulk"	RelError: 2.23692e-07	AbsError: 2.18912e+10
      Equation: "ElectronContinuityEquation"	RelError: 1.32390e-08	AbsError: 2.18887e+10
      Equation: "HoleContinuityEquation"	RelError: 1.36678e-07	AbsError: 2.47446e+06
      Equation: "PotentialEquation"	RelError: 7.37755e-08	AbsError: 2.54728e-10
    Region: "oxide"	RelError: 2.88209e-10	AbsError: 1.73028e-10
      Equation: "PotentialEquation"	RelError: 2.88209e-10	AbsError: 1.73028e-10
number of equations 6651
Iteration: 0
  Device: "part1_baseline"	RelError: 1.00491e-01	AbsError: 5.82673e+17
    Region: "bulk"	RelError: 8.66322e-02	AbsError: 5.82673e+17
      Equation: "ElectronContinuityEquation"	RelError: 3.03805e-02	AbsError: 5.82672e+17
      Equation: "HoleContinuityEquation"	RelError: 3.23414e-02	AbsError: 9.93335e+11
      Equation: "PotentialEquation"	RelError: 2.39102e-02	AbsError: 8.10998e-04
    Region: "oxide"	RelError: 1.38589e-02	AbsError: 2.00000e-02
      Equation: "PotentialEquation"	RelError: 1.38589e-02	AbsError: 2.00000e-02
Iteration: 1
  Device: "part1_baseline"	RelError: 1.52681e-03	AbsError: 1.39036e+15
    Region: "bulk"	RelError: 1.50882e-03	AbsError: 1.39036e+15
      Equation: "ElectronContinuityEquation"	RelError: 1.26284e-04	AbsError: 1.39034e+15
      Equation: "HoleContinuityEquation"	RelError: 8.94856e-04	AbsError: 1.82995e+10
      Equation: "PotentialEquation"	RelError: 4.87680e-04	AbsError: 1.04439e-05
    Region: "oxide"	RelError: 1.79912e-05	AbsError: 1.04439e-05
      Equation: "PotentialEquation"	RelError: 1.79912e-05	AbsError: 1.04439e-05
Iteration: 2
  Device: "part1_baseline"	RelError: 2.01834e-07	AbsError: 2.00542e+10
    Region: "bulk"	RelError: 2.01567e-07	AbsError: 2.00542e+10
      Equation: "ElectronContinuityEquation"	RelError: 1.19723e-08	AbsError: 2.00519e+10
      Equation: "HoleContinuityEquation"	RelError: 1.23567e-07	AbsError: 2.26986e+06
      Equation: "PotentialEquation"	RelError: 6.60277e-08	AbsError: 2.33109e-10
    Region: "oxide"	RelError: 2.67080e-10	AbsError: 1.60544e-10
      Equation: "PotentialEquation"	RelError: 2.67080e-10	AbsError: 1.60544e-10
number of equations 6651
Iteration: 0
  Device: "part1_baseline"	RelError: 9.72444e-02	AbsError: 5.85180e+17
    Region: "bulk"	RelError: 8.35750e-02	AbsError: 5.85180e+17
      Equation: "ElectronContinuityEquation"	RelError: 2.96179e-02	AbsError: 5.85179e+17
      Equation: "HoleContinuityEquation"	RelError: 3.15155e-02	AbsError: 9.57334e+11
      Equation: "PotentialEquation"	RelError: 2.24416e-02	AbsError: 7.90922e-04
    Region: "oxide"	RelError: 1.36694e-02	AbsError: 2.00000e-02
      Equation: "PotentialEquation"	RelError: 1.36694e-02	AbsError: 2.00000e-02
Iteration: 1
  Device: "part1_baseline"	RelError: 1.43713e-03	AbsError: 1.33204e+15
    Region: "bulk"	RelError: 1.41999e-03	AbsError: 1.33204e+15
      Equation: "ElectronContinuityEquation"	RelError: 1.20281e-04	AbsError: 1.33203e+15
      Equation: "HoleContinuityEquation"	RelError: 8.51481e-04	AbsError: 1.72138e+10
      Equation: "PotentialEquation"	RelError: 4.48233e-04	AbsError: 9.95049e-06
    Region: "oxide"	RelError: 1.71304e-05	AbsError: 9.95049e-06
      Equation: "PotentialEquation"	RelError: 1.71304e-05	AbsError: 9.95049e-06
Iteration: 2
  Device: "part1_baseline"	RelError: 1.82319e-07	AbsError: 1.84112e+10
    Region: "bulk"	RelError: 1.82071e-07	AbsError: 1.84112e+10
      Equation: "ElectronContinuityEquation"	RelError: 1.08505e-08	AbsError: 1.84091e+10
      Equation: "HoleContinuityEquation"	RelError: 1.11944e-07	AbsError: 2.08546e+06
      Equation: "PotentialEquation"	RelError: 5.92762e-08	AbsError: 2.13763e-10
    Region: "oxide"	RelError: 2.47840e-10	AbsError: 1.49161e-10
      Equation: "PotentialEquation"	RelError: 2.47840e-10	AbsError: 1.49161e-10
number of equations 6651
Iteration: 0
  Device: "part1_baseline"	RelError: 9.42187e-02	AbsError: 5.87588e+17
    Region: "bulk"	RelError: 8.07336e-02	AbsError: 5.87588e+17
      Equation: "ElectronContinuityEquation"	RelError: 2.88899e-02	AbsError: 5.87587e+17
      Equation: "HoleContinuityEquation"	RelError: 3.07346e-02	AbsError: 9.23456e+11
      Equation: "PotentialEquation"	RelError: 2.11091e-02	AbsError: 7.71908e-04
    Region: "oxide"	RelError: 1.34851e-02	AbsError: 2.00000e-02
      Equation: "PotentialEquation"	RelError: 1.34851e-02	AbsError: 2.00000e-02
Iteration: 1
  Device: "part1_baseline"	RelError: 1.35512e-03	AbsError: 1.27713e+15
    Region: "bulk"	RelError: 1.33879e-03	AbsError: 1.27713e+15
      Equation: "ElectronContinuityEquation"	RelError: 1.14661e-04	AbsError: 1.27711e+15
      Equation: "HoleContinuityEquation"	RelError: 8.11065e-04	AbsError: 1.62139e+10
      Equation: "PotentialEquation"	RelError: 4.13067e-04	AbsError: 9.48959e-06
    Region: "oxide"	RelError: 1.63270e-05	AbsError: 9.48959e-06
      Equation: "PotentialEquation"	RelError: 1.63270e-05	AbsError: 9.48959e-06
Iteration: 2
  Device: "part1_baseline"	RelError: 1.65082e-07	AbsError: 1.69379e+10
    Region: "bulk"	RelError: 1.64851e-07	AbsError: 1.69379e+10
      Equation: "ElectronContinuityEquation"	RelError: 9.85457e-09	AbsError: 1.69360e+10
      Equation: "HoleContinuityEquation"	RelError: 1.01627e-07	AbsError: 1.91898e+06
      Equation: "PotentialEquation"	RelError: 5.33693e-08	AbsError: 1.96336e-10
    Region: "oxide"	RelError: 2.30289e-10	AbsError: 1.38763e-10
      Equation: "PotentialEquation"	RelError: 2.30289e-10	AbsError: 1.38763e-10
number of equations 6651
Iteration: 0
  Device: "part1_baseline"	RelError: 9.13870e-02	AbsError: 5.89901e+17
    Region: "bulk"	RelError: 7.80813e-02	AbsError: 5.89901e+17
      Equation: "ElectronContinuityEquation"	RelError: 2.81943e-02	AbsError: 5.89900e+17
      Equation: "HoleContinuityEquation"	RelError: 2.99909e-02	AbsError: 8.91534e+11
      Equation: "PotentialEquation"	RelError: 1.98961e-02	AbsError: 7.53774e-04
    Region: "oxide"	RelError: 1.33056e-02	AbsError: 2.00000e-02
      Equation: "PotentialEquation"	RelError: 1.33056e-02	AbsError: 2.00000e-02
Iteration: 1
  Device: "part1_baseline"	RelError: 1.27993e-03	AbsError: 1.22537e+15
    Region: "bulk"	RelError: 1.26435e-03	AbsError: 1.22537e+15
      Equation: "ElectronContinuityEquation"	RelError: 1.09395e-04	AbsError: 1.22536e+15
      Equation: "HoleContinuityEquation"	RelError: 7.73353e-04	AbsError: 1.52915e+10
      Equation: "PotentialEquation"	RelError: 3.81601e-04	AbsError: 9.05852e-06
    Region: "oxide"	RelError: 1.55762e-05	AbsError: 9.05852e-06
      Equation: "PotentialEquation"	RelError: 1.55762e-05	AbsError: 9.05852e-06
Iteration: 2
  Device: "part1_baseline"	RelError: 1.49828e-07	AbsError: 1.56134e+10
    Region: "bulk"	RelError: 1.49613e-07	AbsError: 1.56134e+10
      Equation: "ElectronContinuityEquation"	RelError: 8.96813e-09	AbsError: 1.56117e+10
      Equation: "HoleContinuityEquation"	RelError: 9.24631e-08	AbsError: 1.76840e+06
      Equation: "PotentialEquation"	RelError: 4.81820e-08	AbsError: 1.80607e-10
    Region: "oxide"	RelError: 2.14255e-10	AbsError: 1.29251e-10
      Equation: "PotentialEquation"	RelError: 2.14255e-10	AbsError: 1.29251e-10
number of equations 6651
Iteration: 0
  Device: "part1_baseline"	RelError: 8.87291e-02	AbsError: 5.92125e+17
    Region: "bulk"	RelError: 7.55982e-02	AbsError: 5.92125e+17
      Equation: "ElectronContinuityEquation"	RelError: 2.75292e-02	AbsError: 5.92124e+17
      Equation: "HoleContinuityEquation"	RelError: 2.92808e-02	AbsError: 8.61416e+11
      Equation: "PotentialEquation"	RelError: 1.87882e-02	AbsError: 7.36434e-04
    Region: "oxide"	RelError: 1.31309e-02	AbsError: 2.00000e-02
      Equation: "PotentialEquation"	RelError: 1.31309e-02	AbsError: 2.00000e-02
Iteration: 1
  Device: "part1_baseline"	RelError: 1.21086e-03	AbsError: 1.17654e+15
    Region: "bulk"	RelError: 1.19598e-03	AbsError: 1.17654e+15
      Equation: "ElectronContinuityEquation"	RelError: 1.04456e-04	AbsError: 1.17653e+15
      Equation: "HoleContinuityEquation"	RelError: 7.38178e-04	AbsError: 1.44392e+10
      Equation: "PotentialEquation"	RelError: 3.53348e-04	AbsError: 8.65486e-06
    Region: "oxide"	RelError: 1.48736e-05	AbsError: 8.65486e-06
      Equation: "PotentialEquation"	RelError: 1.48736e-05	AbsError: 8.65486e-06
Iteration: 2
  Device: "part1_baseline"	RelError: 1.36267e-07	AbsError: 1.44199e+10
    Region: "bulk"	RelError: 1.36068e-07	AbsError: 1.44199e+10
      Equation: "ElectronContinuityEquation"	RelError: 8.17728e-09	AbsError: 1.44183e+10
      Equation: "HoleContinuityEquation"	RelError: 8.42797e-08	AbsError: 1.63196e+06
      Equation: "PotentialEquation"	RelError: 4.36107e-08	AbsError: 1.66385e-10
    Region: "oxide"	RelError: 1.99583e-10	AbsError: 1.20535e-10
      Equation: "PotentialEquation"	RelError: 1.99583e-10	AbsError: 1.20535e-10
number of equations 6651
Iteration: 0
  Device: "part1_baseline"	RelError: 8.62288e-02	AbsError: 5.94265e+17
    Region: "bulk"	RelError: 7.32681e-02	AbsError: 5.94265e+17
      Equation: "ElectronContinuityEquation"	RelError: 2.68927e-02	AbsError: 5.94264e+17
      Equation: "HoleContinuityEquation"	RelError: 2.86021e-02	AbsError: 8.32967e+11
      Equation: "PotentialEquation"	RelError: 1.77733e-02	AbsError: 7.19839e-04
    Region: "oxide"	RelError: 1.29607e-02	AbsError: 2.00000e-02
      Equation: "PotentialEquation"	RelError: 1.29607e-02	AbsError: 2.00000e-02
Iteration: 1
  Device: "part1_baseline"	RelError: 1.14734e-03	AbsError: 1.13044e+15
    Region: "bulk"	RelError: 1.13312e-03	AbsError: 1.13044e+15
      Equation: "ElectronContinuityEquation"	RelError: 9.98180e-05	AbsError: 1.13042e+15
      Equation: "HoleContinuityEquation"	RelError: 7.05405e-04	AbsError: 1.36503e+10
      Equation: "PotentialEquation"	RelError: 3.27900e-04	AbsError: 8.27641e-06
    Region: "oxide"	RelError: 1.42167e-05	AbsError: 8.27641e-06
      Equation: "PotentialEquation"	RelError: 1.42167e-05	AbsError: 8.27641e-06
Iteration: 2
  Device: "part1_baseline"	RelError: 1.24182e-07	AbsError: 1.33419e+10
    Region: "bulk"	RelError: 1.23996e-07	AbsError: 1.33419e+10
      Equation: "ElectronContinuityEquation"	RelError: 7.47009e-09	AbsError: 1.33404e+10
      Equation: "HoleContinuityEquation"	RelError: 7.69567e-08	AbsError: 1.50815e+06
      Equation: "PotentialEquation"	RelError: 3.95690e-08	AbsError: 1.53505e-10
    Region: "oxide"	RelError: 1.86137e-10	AbsError: 1.12539e-10
      Equation: "PotentialEquation"	RelError: 1.86137e-10	AbsError: 1.12539e-10
number of equations 6651
Iteration: 0
  Device: "part1_baseline"	RelError: 8.38718e-02	AbsError: 5.96324e+17
    Region: "bulk"	RelError: 7.10769e-02	AbsError: 5.96324e+17
      Equation: "ElectronContinuityEquation"	RelError: 2.62830e-02	AbsError: 5.96324e+17
      Equation: "HoleContinuityEquation"	RelError: 2.79528e-02	AbsError: 8.06062e+11
      Equation: "PotentialEquation"	RelError: 1.68411e-02	AbsError: 7.03943e-04
    Region: "oxide"	RelError: 1.27949e-02	AbsError: 2.00000e-02
      Equation: "PotentialEquation"	RelError: 1.27949e-02	AbsError: 2.00000e-02
Iteration: 1
  Device: "part1_baseline"	RelError: 1.08866e-03	AbsError: 1.08686e+15
    Region: "bulk"	RelError: 1.07506e-03	AbsError: 1.08686e+15
      Equation: "ElectronContinuityEquation"	RelError: 9.54597e-05	AbsError: 1.08685e+15
      Equation: "HoleContinuityEquation"	RelError: 6.74693e-04	AbsError: 1.29191e+10
      Equation: "PotentialEquation"	RelError: 3.04907e-04	AbsError: 7.92124e-06
    Region: "oxide"	RelError: 1.36013e-05	AbsError: 7.92124e-06
      Equation: "PotentialEquation"	RelError: 1.36013e-05	AbsError: 7.92124e-06
Iteration: 2
  Device: "part1_baseline"	RelError: 1.13398e-07	AbsError: 1.23659e+10
    Region: "bulk"	RelError: 1.13224e-07	AbsError: 1.23659e+10
      Equation: "ElectronContinuityEquation"	RelError: 6.83632e-09	AbsError: 1.23645e+10
      Equation: "HoleContinuityEquation"	RelError: 7.04036e-08	AbsError: 1.39560e+06
      Equation: "PotentialEquation"	RelError: 3.59845e-08	AbsError: 1.41820e-10
    Region: "oxide"	RelError: 1.73798e-10	AbsError: 1.05191e-10
      Equation: "PotentialEquation"	RelError: 1.73798e-10	AbsError: 1.05191e-10
number of equations 6651
Iteration: 0
  Device: "part1_baseline"	RelError: 8.16475e-02	AbsError: 5.98309e+17
    Region: "bulk"	RelError: 6.90142e-02	AbsError: 5.98309e+17
      Equation: "ElectronContinuityEquation"	RelError: 2.56985e-02	AbsError: 5.98308e+17
      Equation: "HoleContinuityEquation"	RelError: 2.73333e-02	AbsError: 7.80590e+11
      Equation: "PotentialEquation"	RelError: 1.59824e-02	AbsError: 6.88755e-04
    Region: "oxide"	RelError: 1.26333e-02	AbsError: 2.00000e-02
      Equation: "PotentialEquation"	RelError: 1.26333e-02	AbsError: 2.00000e-02
Iteration: 1
  Device: "part1_baseline"	RelError: 1.03434e-03	AbsError: 1.04565e+15
    Region: "bulk"	RelError: 1.02131e-03	AbsError: 1.04565e+15
      Equation: "ElectronContinuityEquation"	RelError: 9.13600e-05	AbsError: 1.04563e+15
      Equation: "HoleContinuityEquation"	RelError: 6.45879e-04	AbsError: 1.22404e+10
      Equation: "PotentialEquation"	RelError: 2.84075e-04	AbsError: 7.58797e-06
    Region: "oxide"	RelError: 1.30232e-05	AbsError: 7.58797e-06
      Equation: "PotentialEquation"	RelError: 1.30232e-05	AbsError: 7.58797e-06
Iteration: 2
  Device: "part1_baseline"	RelError: 1.03753e-07	AbsError: 1.14805e+10
    Region: "bulk"	RelError: 1.03591e-07	AbsError: 1.14805e+10
      Equation: "ElectronContinuityEquation"	RelError: 6.26715e-09	AbsError: 1.14792e+10
      Equation: "HoleContinuityEquation"	RelError: 6.45276e-08	AbsError: 1.29313e+06
      Equation: "PotentialEquation"	RelError: 3.27962e-08	AbsError: 1.31201e-10
    Region: "oxide"	RelError: 1.62457e-10	AbsError: 9.84301e-11
      Equation: "PotentialEquation"	RelError: 1.62457e-10	AbsError: 9.84301e-11
number of equations 6651
Iteration: 0
  Device: "part1_baseline"	RelError: 7.95468e-02	AbsError: 6.00222e+17
    Region: "bulk"	RelError: 6.70712e-02	AbsError: 6.00222e+17
      Equation: "ElectronContinuityEquation"	RelError: 2.51379e-02	AbsError: 6.00221e+17
      Equation: "HoleContinuityEquation"	RelError: 2.67435e-02	AbsError: 7.56447e+11
      Equation: "PotentialEquation"	RelError: 1.51897e-02	AbsError: 6.74283e-04
    Region: "oxide"	RelError: 1.24757e-02	AbsError: 2.00000e-02
      Equation: "PotentialEquation"	RelError: 1.24757e-02	AbsError: 2.00000e-02
Iteration: 1
  Device: "part1_baseline"	RelError: 9.83943e-04	AbsError: 1.00663e+15
    Region: "bulk"	RelError: 9.71464e-04	AbsError: 1.00663e+15
      Equation: "ElectronContinuityEquation"	RelError: 8.75002e-05	AbsError: 1.00662e+15
      Equation: "HoleContinuityEquation"	RelError: 6.18814e-04	AbsError: 1.16095e+10
      Equation: "PotentialEquation"	RelError: 2.65150e-04	AbsError: 7.27444e-06
    Region: "oxide"	RelError: 1.24796e-05	AbsError: 7.27444e-06
      Equation: "PotentialEquation"	RelError: 1.24796e-05	AbsError: 7.27444e-06
Iteration: 2
  Device: "part1_baseline"	RelError: 9.50954e-08	AbsError: 1.06755e+10
    Region: "bulk"	RelError: 9.49434e-08	AbsError: 1.06755e+10
      Equation: "ElectronContinuityEquation"	RelError: 5.75494e-09	AbsError: 1.06743e+10
      Equation: "HoleContinuityEquation"	RelError: 5.92360e-08	AbsError: 1.19971e+06
      Equation: "PotentialEquation"	RelError: 2.99525e-08	AbsError: 1.21537e-10
    Region: "oxide"	RelError: 1.52021e-10	AbsError: 9.22010e-11
      Equation: "PotentialEquation"	RelError: 1.52021e-10	AbsError: 9.22010e-11
number of equations 6651
Iteration: 0
  Device: "part1_baseline"	RelError: 7.75556e-02	AbsError: 6.02066e+17
    Region: "bulk"	RelError: 6.52337e-02	AbsError: 6.02066e+17
      Equation: "ElectronContinuityEquation"	RelError: 2.45997e-02	AbsError: 6.02066e+17
      Equation: "HoleContinuityEquation"	RelError: 2.61779e-02	AbsError: 7.33541e+11
      Equation: "PotentialEquation"	RelError: 1.44561e-02	AbsError: 6.60384e-04
    Region: "oxide"	RelError: 1.23219e-02	AbsError: 2.00000e-02
      Equation: "PotentialEquation"	RelError: 1.23219e-02	AbsError: 2.00000e-02
Iteration: 1
  Device: "part1_baseline"	RelError: 9.37207e-04	AbsError: 9.69666e+14
    Region: "bulk"	RelError: 9.25240e-04	AbsError: 9.69666e+14
      Equation: "ElectronContinuityEquation"	RelError: 8.38629e-05	AbsError: 9.69655e+14
      Equation: "HoleContinuityEquation"	RelError: 5.93463e-04	AbsError: 1.10222e+10
      Equation: "PotentialEquation"	RelError: 2.47914e-04	AbsError: 6.97916e-06
    Region: "oxide"	RelError: 1.19679e-05	AbsError: 6.97916e-06
      Equation: "PotentialEquation"	RelError: 1.19679e-05	AbsError: 6.97916e-06
Iteration: 2
  Device: "part1_baseline"	RelError: 8.73068e-08	AbsError: 9.94211e+09
    Region: "bulk"	RelError: 8.71644e-08	AbsError: 9.94211e+09
      Equation: "ElectronContinuityEquation"	RelError: 5.29308e-09	AbsError: 9.94099e+09
      Equation: "HoleContinuityEquation"	RelError: 5.44618e-08	AbsError: 1.11439e+06
      Equation: "PotentialEquation"	RelError: 2.74095e-08	AbsError: 1.12727e-10
    Region: "oxide"	RelError: 1.42404e-10	AbsError: 8.64545e-11
      Equation: "PotentialEquation"	RelError: 1.42404e-10	AbsError: 8.64545e-11
number of equations 6651
Iteration: 0
  Device: "part1_baseline"	RelError: 7.56653e-02	AbsError: 6.03846e+17
    Region: "bulk"	RelError: 6.34933e-02	AbsError: 6.03846e+17
      Equation: "ElectronContinuityEquation"	RelError: 2.40827e-02	AbsError: 6.03846e+17
      Equation: "HoleContinuityEquation"	RelError: 2.56348e-02	AbsError: 7.11787e+11
      Equation: "PotentialEquation"	RelError: 1.37758e-02	AbsError: 6.47027e-04
    Region: "oxide"	RelError: 1.21720e-02	AbsError: 2.00000e-02
      Equation: "PotentialEquation"	RelError: 1.21720e-02	AbsError: 2.00000e-02
Iteration: 1
  Device: "part1_baseline"	RelError: 8.93748e-04	AbsError: 9.34617e+14
    Region: "bulk"	RelError: 8.82262e-04	AbsError: 9.34617e+14
      Equation: "ElectronContinuityEquation"	RelError: 8.04322e-05	AbsError: 9.34606e+14
      Equation: "HoleContinuityEquation"	RelError: 5.69651e-04	AbsError: 1.04749e+10
      Equation: "PotentialEquation"	RelError: 2.32179e-04	AbsError: 6.70078e-06
    Region: "oxide"	RelError: 1.14858e-05	AbsError: 6.70078e-06
      Equation: "PotentialEquation"	RelError: 1.14858e-05	AbsError: 6.70078e-06
Iteration: 2
  Device: "part1_baseline"	RelError: 8.02939e-08	AbsError: 9.27274e+09
    Region: "bulk"	RelError: 8.01604e-08	AbsError: 9.27274e+09
      Equation: "ElectronContinuityEquation"	RelError: 4.87583e-09	AbsError: 9.27170e+09
      Equation: "HoleContinuityEquation"	RelError: 5.01548e-08	AbsError: 1.03637e+06
      Equation: "PotentialEquation"	RelError: 2.51298e-08	AbsError: 1.04685e-10
    Region: "oxide"	RelError: 1.33531e-10	AbsError: 8.11466e-11
      Equation: "PotentialEquation"	RelError: 1.33531e-10	AbsError: 8.11466e-11
number of equations 6651
Iteration: 0
  Device: "part1_baseline"	RelError: 7.38679e-02	AbsError: 6.05565e+17
    Region: "bulk"	RelError: 6.18424e-02	AbsError: 6.05565e+17
      Equation: "ElectronContinuityEquation"	RelError: 2.35857e-02	AbsError: 6.05565e+17
      Equation: "HoleContinuityEquation"	RelError: 2.51131e-02	AbsError: 6.91106e+11
      Equation: "PotentialEquation"	RelError: 1.31435e-02	AbsError: 6.34181e-04
    Region: "oxide"	RelError: 1.20256e-02	AbsError: 2.00000e-02
      Equation: "PotentialEquation"	RelError: 1.20256e-02	AbsError: 2.00000e-02
Iteration: 1
  Device: "part1_baseline"	RelError: 8.53209e-04	AbsError: 9.01359e+14
    Region: "bulk"	RelError: 8.42178e-04	AbsError: 9.01359e+14
      Equation: "ElectronContinuityEquation"	RelError: 7.71937e-05	AbsError: 9.01349e+14
      Equation: "HoleContinuityEquation"	RelError: 5.47203e-04	AbsError: 9.96408e+09
      Equation: "PotentialEquation"	RelError: 2.17781e-04	AbsError: 6.43808e-06
    Region: "oxide"	RelError: 1.10311e-05	AbsError: 6.43808e-06
      Equation: "PotentialEquation"	RelError: 1.10311e-05	AbsError: 6.43808e-06
Iteration: 2
  Device: "part1_baseline"	RelError: 7.39701e-08	AbsError: 8.66064e+09
    Region: "bulk"	RelError: 7.38447e-08	AbsError: 8.66064e+09
      Equation: "ElectronContinuityEquation"	RelError: 4.49819e-09	AbsError: 8.65967e+09
      Equation: "HoleContinuityEquation"	RelError: 4.62654e-08	AbsError: 9.64931e+05
      Equation: "PotentialEquation"	RelError: 2.30812e-08	AbsError: 9.73334e-11
    Region: "oxide"	RelError: 1.25334e-10	AbsError: 7.62378e-11
      Equation: "PotentialEquation"	RelError: 1.25334e-10	AbsError: 7.62378e-11
number of equations 6651
Iteration: 0
  Device: "part1_baseline"	RelError: 7.21567e-02	AbsError: 6.07226e+17
    Region: "bulk"	RelError: 6.02741e-02	AbsError: 6.07226e+17
      Equation: "ElectronContinuityEquation"	RelError: 2.31076e-02	AbsError: 6.07225e+17
      Equation: "HoleContinuityEquation"	RelError: 2.46115e-02	AbsError: 6.71427e+11
      Equation: "PotentialEquation"	RelError: 1.25549e-02	AbsError: 6.21820e-04
    Region: "oxide"	RelError: 1.18827e-02	AbsError: 2.00000e-02
      Equation: "PotentialEquation"	RelError: 1.18827e-02	AbsError: 2.00000e-02
Iteration: 1
  Device: "part1_baseline"	RelError: 8.15336e-04	AbsError: 8.69776e+14
    Region: "bulk"	RelError: 8.04733e-04	AbsError: 8.69776e+14
      Equation: "ElectronContinuityEquation"	RelError: 7.41340e-05	AbsError: 8.69766e+14
      Equation: "HoleContinuityEquation"	RelError: 5.26019e-04	AbsError: 9.48679e+09
      Equation: "PotentialEquation"	RelError: 2.04579e-04	AbsError: 6.19001e-06
    Region: "oxide"	RelError: 1.06033e-05	AbsError: 6.19001e-06
      Equation: "PotentialEquation"	RelError: 1.06033e-05	AbsError: 6.19001e-06
Iteration: 2
  Device: "part1_baseline"	RelError: 6.82463e-08	AbsError: 8.09989e+09
    Region: "bulk"	RelError: 6.81286e-08	AbsError: 8.09989e+09
      Equation: "ElectronContinuityEquation"	RelError: 4.15579e-09	AbsError: 8.09899e+09
      Equation: "HoleContinuityEquation"	RelError: 4.27367e-08	AbsError: 8.99419e+05
      Equation: "PotentialEquation"	RelError: 2.12361e-08	AbsError: 9.06026e-11
    Region: "oxide"	RelError: 1.17753e-10	AbsError: 7.16929e-11
      Equation: "PotentialEquation"	RelError: 1.17753e-10	AbsError: 7.16929e-11
number of equations 6651
Iteration: 0
  Device: "part1_baseline"	RelError: 7.05254e-02	AbsError: 6.08831e+17
    Region: "bulk"	RelError: 5.87823e-02	AbsError: 6.08831e+17
      Equation: "ElectronContinuityEquation"	RelError: 2.26474e-02	AbsError: 6.08830e+17
      Equation: "HoleContinuityEquation"	RelError: 2.41290e-02	AbsError: 6.52684e+11
      Equation: "PotentialEquation"	RelError: 1.20058e-02	AbsError: 6.09916e-04
    Region: "oxide"	RelError: 1.17431e-02	AbsError: 2.00000e-02
      Equation: "PotentialEquation"	RelError: 1.17431e-02	AbsError: 2.00000e-02
Iteration: 1
  Device: "part1_baseline"	RelError: 7.79898e-04	AbsError: 8.39762e+14
    Region: "bulk"	RelError: 7.69699e-04	AbsError: 8.39762e+14
      Equation: "ElectronContinuityEquation"	RelError: 7.12409e-05	AbsError: 8.39753e+14
      Equation: "HoleContinuityEquation"	RelError: 5.06009e-04	AbsError: 9.04030e+09
      Equation: "PotentialEquation"	RelError: 1.92450e-04	AbsError: 5.95586e-06
    Region: "oxide"	RelError: 1.01989e-05	AbsError: 5.95586e-06
      Equation: "PotentialEquation"	RelError: 1.01989e-05	AbsError: 5.95586e-06
Iteration: 2
  Device: "part1_baseline"	RelError: 6.30565e-08	AbsError: 7.58530e+09
    Region: "bulk"	RelError: 6.29458e-08	AbsError: 7.58530e+09
      Equation: "ElectronContinuityEquation"	RelError: 3.84481e-09	AbsError: 7.58446e+09
      Equation: "HoleContinuityEquation"	RelError: 3.95301e-08	AbsError: 8.39268e+05
      Equation: "PotentialEquation"	RelError: 1.95709e-08	AbsError: 8.44322e-11
    Region: "oxide"	RelError: 1.10732e-10	AbsError: 6.74801e-11
      Equation: "PotentialEquation"	RelError: 1.10732e-10	AbsError: 6.74801e-11
number of equations 6651
Iteration: 0
  Device: "part1_baseline"	RelError: 6.89683e-02	AbsError: 6.10383e+17
    Region: "bulk"	RelError: 5.73614e-02	AbsError: 6.10383e+17
      Equation: "ElectronContinuityEquation"	RelError: 2.22042e-02	AbsError: 6.10382e+17
      Equation: "HoleContinuityEquation"	RelError: 2.36645e-02	AbsError: 6.34819e+11
      Equation: "PotentialEquation"	RelError: 1.14927e-02	AbsError: 5.98447e-04
    Region: "oxide"	RelError: 1.16068e-02	AbsError: 2.00000e-02
      Equation: "PotentialEquation"	RelError: 1.16068e-02	AbsError: 2.00000e-02
Iteration: 1
  Device: "part1_baseline"	RelError: 7.46700e-04	AbsError: 8.11218e+14
    Region: "bulk"	RelError: 7.36884e-04	AbsError: 8.11218e+14
      Equation: "ElectronContinuityEquation"	RelError: 6.85031e-05	AbsError: 8.11209e+14
      Equation: "HoleContinuityEquation"	RelError: 4.87098e-04	AbsError: 8.62213e+09
      Equation: "PotentialEquation"	RelError: 1.81283e-04	AbsError: 5.73427e-06
    Region: "oxide"	RelError: 9.81635e-06	AbsError: 5.73427e-06
      Equation: "PotentialEquation"	RelError: 9.81635e-06	AbsError: 5.73427e-06
Iteration: 2
  Device: "part1_baseline"	RelError: 5.83425e-08	AbsError: 7.11228e+09
    Region: "bulk"	RelError: 5.82383e-08	AbsError: 7.11228e+09
      Equation: "ElectronContinuityEquation"	RelError: 3.56190e-09	AbsError: 7.11149e+09
      Equation: "HoleContinuityEquation"	RelError: 3.66116e-08	AbsError: 7.83968e+05
      Equation: "PotentialEquation"	RelError: 1.80648e-08	AbsError: 7.87681e-11
    Region: "oxide"	RelError: 1.04224e-10	AbsError: 6.35707e-11
      Equation: "PotentialEquation"	RelError: 1.04224e-10	AbsError: 6.35707e-11
number of equations 6651
Iteration: 0
  Device: "part1_baseline"	RelError: 6.74803e-02	AbsError: 6.11884e+17
    Region: "bulk"	RelError: 5.60066e-02	AbsError: 6.11884e+17
      Equation: "ElectronContinuityEquation"	RelError: 2.17770e-02	AbsError: 6.11884e+17
      Equation: "HoleContinuityEquation"	RelError: 2.32171e-02	AbsError: 6.17774e+11
      Equation: "PotentialEquation"	RelError: 1.10125e-02	AbsError: 5.87388e-04
    Region: "oxide"	RelError: 1.14737e-02	AbsError: 2.00000e-02
      Equation: "PotentialEquation"	RelError: 1.14737e-02	AbsError: 2.00000e-02
Iteration: 1
  Device: "part1_baseline"	RelError: 7.15665e-04	AbsError: 7.84052e+14
    Region: "bulk"	RelError: 7.06211e-04	AbsError: 7.84052e+14
      Equation: "ElectronContinuityEquation"	RelError: 6.59102e-05	AbsError: 7.84044e+14
      Equation: "HoleContinuityEquation"	RelError: 4.69317e-04	AbsError: 8.23006e+09
      Equation: "PotentialEquation"	RelError: 1.70984e-04	AbsError: 5.52436e-06
    Region: "oxide"	RelError: 9.45409e-06	AbsError: 5.52436e-06
      Equation: "PotentialEquation"	RelError: 9.45409e-06	AbsError: 5.52436e-06
Iteration: 2
  Device: "part1_baseline"	RelError: 5.40652e-08	AbsError: 6.67677e+09
    Region: "bulk"	RelError: 5.39670e-08	AbsError: 6.67677e+09
      Equation: "ElectronContinuityEquation"	RelError: 3.30411e-09	AbsError: 6.67603e+09
      Equation: "HoleContinuityEquation"	RelError: 3.39629e-08	AbsError: 7.33065e+05
      Equation: "PotentialEquation"	RelError: 1.67000e-08	AbsError: 7.35620e-11
    Region: "oxide"	RelError: 9.81845e-11	AbsError: 5.99391e-11
      Equation: "PotentialEquation"	RelError: 9.81845e-11	AbsError: 5.99391e-11
number of equations 6651
Iteration: 0
  Device: "part1_baseline"	RelError: 6.60580e-02	AbsError: 6.13338e+17
    Region: "bulk"	RelError: 5.47144e-02	AbsError: 6.13338e+17
      Equation: "ElectronContinuityEquation"	RelError: 2.13650e-02	AbsError: 6.13337e+17
      Equation: "HoleContinuityEquation"	RelError: 2.27870e-02	AbsError: 6.01499e+11
      Equation: "PotentialEquation"	RelError: 1.05624e-02	AbsError: 5.76750e-04
    Region: "oxide"	RelError: 1.13435e-02	AbsError: 2.00000e-02
      Equation: "PotentialEquation"	RelError: 1.13435e-02	AbsError: 2.00000e-02
Iteration: 1
  Device: "part1_baseline"	RelError: 6.86501e-04	AbsError: 7.58181e+14
    Region: "bulk"	RelError: 6.77390e-04	AbsError: 7.58181e+14
      Equation: "ElectronContinuityEquation"	RelError: 6.34526e-05	AbsError: 7.58173e+14
      Equation: "HoleContinuityEquation"	RelError: 4.52469e-04	AbsError: 7.86205e+09
      Equation: "PotentialEquation"	RelError: 1.61468e-04	AbsError: 5.32537e-06
    Region: "oxide"	RelError: 9.11077e-06	AbsError: 5.32537e-06
      Equation: "PotentialEquation"	RelError: 9.11077e-06	AbsError: 5.32537e-06
Iteration: 2
  Device: "part1_baseline"	RelError: 5.01678e-08	AbsError: 6.27517e+09
    Region: "bulk"	RelError: 5.00752e-08	AbsError: 6.27517e+09
      Equation: "ElectronContinuityEquation"	RelError: 3.06885e-09	AbsError: 6.27448e+09
      Equation: "HoleContinuityEquation"	RelError: 3.15456e-08	AbsError: 6.86151e+05
      Equation: "PotentialEquation"	RelError: 1.54608e-08	AbsError: 6.87708e-11
    Region: "oxide"	RelError: 9.25733e-11	AbsError: 5.65619e-11
      Equation: "PotentialEquation"	RelError: 9.25733e-11	AbsError: 5.65619e-11
number of equations 6651
Iteration: 0
  Device: "part1_baseline"	RelError: 6.46994e-02	AbsError: 6.14746e+17
    Region: "bulk"	RelError: 5.34831e-02	AbsError: 6.14746e+17
      Equation: "ElectronContinuityEquation"	RelError: 2.09675e-02	AbsError: 6.14745e+17
      Equation: "HoleContinuityEquation"	RelError: 2.23758e-02	AbsError: 5.85947e+11
      Equation: "PotentialEquation"	RelError: 1.01398e-02	AbsError: 5.66569e-04
    Region: "oxide"	RelError: 1.12163e-02	AbsError: 2.00000e-02
      Equation: "PotentialEquation"	RelError: 1.12163e-02	AbsError: 2.00000e-02
Iteration: 1
  Device: "part1_baseline"	RelError: 6.59059e-04	AbsError: 7.33526e+14
    Region: "bulk"	RelError: 6.50274e-04	AbsError: 7.33526e+14
      Equation: "ElectronContinuityEquation"	RelError: 6.11216e-05	AbsError: 7.33519e+14
      Equation: "HoleContinuityEquation"	RelError: 4.36491e-04	AbsError: 7.51628e+09
      Equation: "PotentialEquation"	RelError: 1.52662e-04	AbsError: 5.13655e-06
    Region: "oxide"	RelError: 8.78513e-06	AbsError: 5.13655e-06
      Equation: "PotentialEquation"	RelError: 8.78513e-06	AbsError: 5.13655e-06
Iteration: 2
  Device: "part1_baseline"	RelError: 4.66097e-08	AbsError: 5.90430e+09
    Region: "bulk"	RelError: 4.65224e-08	AbsError: 5.90430e+09
      Equation: "ElectronContinuityEquation"	RelError: 2.85382e-09	AbsError: 5.90365e+09
      Equation: "HoleContinuityEquation"	RelError: 2.93348e-08	AbsError: 6.42864e+05
      Equation: "PotentialEquation"	RelError: 1.43337e-08	AbsError: 6.43562e-11
    Region: "oxide"	RelError: 8.73550e-11	AbsError: 5.34182e-11
      Equation: "PotentialEquation"	RelError: 8.73550e-11	AbsError: 5.34182e-11
number of equations 6651
Iteration: 0
  Device: "part1_baseline"	RelError: 6.33969e-02	AbsError: 6.16110e+17
    Region: "bulk"	RelError: 5.23051e-02	AbsError: 6.16110e+17
      Equation: "ElectronContinuityEquation"	RelError: 2.05838e-02	AbsError: 6.16109e+17
      Equation: "HoleContinuityEquation"	RelError: 2.19788e-02	AbsError: 5.71075e+11
      Equation: "PotentialEquation"	RelError: 9.74248e-03	AbsError: 5.56733e-04
    Region: "oxide"	RelError: 1.10919e-02	AbsError: 2.00000e-02
      Equation: "PotentialEquation"	RelError: 1.10919e-02	AbsError: 2.00000e-02
Iteration: 1
  Device: "part1_baseline"	RelError: 6.33209e-04	AbsError: 7.10014e+14
    Region: "bulk"	RelError: 6.24733e-04	AbsError: 7.10014e+14
      Equation: "ElectronContinuityEquation"	RelError: 5.89090e-05	AbsError: 7.10007e+14
      Equation: "HoleContinuityEquation"	RelError: 4.21325e-04	AbsError: 7.19107e+09
      Equation: "PotentialEquation"	RelError: 1.44498e-04	AbsError: 4.95753e-06
    Region: "oxide"	RelError: 8.47600e-06	AbsError: 4.95753e-06
      Equation: "PotentialEquation"	RelError: 8.47600e-06	AbsError: 4.95753e-06
Iteration: 2
  Device: "part1_baseline"	RelError: 4.33565e-08	AbsError: 5.56130e+09
    Region: "bulk"	RelError: 4.32740e-08	AbsError: 5.56130e+09
      Equation: "ElectronContinuityEquation"	RelError: 2.65700e-09	AbsError: 5.56069e+09
      Equation: "HoleContinuityEquation"	RelError: 2.73102e-08	AbsError: 6.02877e+05
      Equation: "PotentialEquation"	RelError: 1.33068e-08	AbsError: 6.02836e-11
    Region: "oxide"	RelError: 8.24970e-11	AbsError: 5.04889e-11
      Equation: "PotentialEquation"	RelError: 8.24970e-11	AbsError: 5.04889e-11
number of equations 6651
Iteration: 0
  Device: "part1_baseline"	RelError: 6.21471e-02	AbsError: 6.17432e+17
    Region: "bulk"	RelError: 5.11769e-02	AbsError: 6.17432e+17
      Equation: "ElectronContinuityEquation"	RelError: 2.02131e-02	AbsError: 6.17431e+17
      Equation: "HoleContinuityEquation"	RelError: 2.15954e-02	AbsError: 5.56842e+11
      Equation: "PotentialEquation"	RelError: 9.36846e-03	AbsError: 5.47226e-04
    Region: "oxide"	RelError: 1.09702e-02	AbsError: 2.00000e-02
      Equation: "PotentialEquation"	RelError: 1.09702e-02	AbsError: 2.00000e-02
Iteration: 1
  Device: "part1_baseline"	RelError: 6.08829e-04	AbsError: 6.87578e+14
    Region: "bulk"	RelError: 6.00646e-04	AbsError: 6.87578e+14
      Equation: "ElectronContinuityEquation"	RelError: 5.68073e-05	AbsError: 6.87572e+14
      Equation: "HoleContinuityEquation"	RelError: 4.06919e-04	AbsError: 6.88489e+09
      Equation: "PotentialEquation"	RelError: 1.36920e-04	AbsError: 4.78752e-06
    Region: "oxide"	RelError: 8.18292e-06	AbsError: 4.78752e-06
      Equation: "PotentialEquation"	RelError: 8.18292e-06	AbsError: 4.78752e-06
Iteration: 2
  Device: "part1_baseline"	RelError: 4.03777e-08	AbsError: 5.24364e+09
    Region: "bulk"	RelError: 4.02997e-08	AbsError: 5.24364e+09
      Equation: "ElectronContinuityEquation"	RelError: 2.47659e-09	AbsError: 5.24307e+09
      Equation: "HoleContinuityEquation"	RelError: 2.54536e-08	AbsError: 5.65897e+05
      Equation: "PotentialEquation"	RelError: 1.23695e-08	AbsError: 5.65223e-11
    Region: "oxide"	RelError: 7.79701e-11	AbsError: 4.77568e-11
      Equation: "PotentialEquation"	RelError: 7.79701e-11	AbsError: 4.77568e-11
number of equations 6651
Iteration: 0
  Device: "part1_baseline"	RelError: 6.09468e-02	AbsError: 6.18714e+17
    Region: "bulk"	RelError: 5.00956e-02	AbsError: 6.18714e+17
      Equation: "ElectronContinuityEquation"	RelError: 1.98549e-02	AbsError: 6.18714e+17
      Equation: "HoleContinuityEquation"	RelError: 2.12248e-02	AbsError: 5.43211e+11
      Equation: "PotentialEquation"	RelError: 9.01590e-03	AbsError: 5.38031e-04
    Region: "oxide"	RelError: 1.08512e-02	AbsError: 2.00000e-02
      Equation: "PotentialEquation"	RelError: 1.08512e-02	AbsError: 2.00000e-02
Iteration: 1
  Device: "part1_baseline"	RelError: 5.85811e-04	AbsError: 6.66155e+14
    Region: "bulk"	RelError: 5.77906e-04	AbsError: 6.66155e+14
      Equation: "ElectronContinuityEquation"	RelError: 5.48094e-05	AbsError: 6.66149e+14
      Equation: "HoleContinuityEquation"	RelError: 3.93223e-04	AbsError: 6.59636e+09
      Equation: "PotentialEquation"	RelError: 1.29873e-04	AbsError: 4.62582e-06
    Region: "oxide"	RelError: 7.90480e-06	AbsError: 4.62582e-06
      Equation: "PotentialEquation"	RelError: 7.90480e-06	AbsError: 4.62582e-06
Iteration: 2
  Device: "part1_baseline"	RelError: 3.76529e-08	AbsError: 4.94905e+09
    Region: "bulk"	RelError: 3.75791e-08	AbsError: 4.94905e+09
      Equation: "ElectronContinuityEquation"	RelError: 2.31100e-09	AbsError: 4.94852e+09
      Equation: "HoleContinuityEquation"	RelError: 2.37553e-08	AbsError: 5.31661e+05
      Equation: "PotentialEquation"	RelError: 1.15128e-08	AbsError: 5.30446e-11
    Region: "oxide"	RelError: 7.37477e-11	AbsError: 4.52062e-11
      Equation: "PotentialEquation"	RelError: 7.37477e-11	AbsError: 4.52062e-11
number of equations 6651
Iteration: 0
  Device: "part1_baseline"	RelError: 5.97929e-02	AbsError: 6.19958e+17
    Region: "bulk"	RelError: 4.90582e-02	AbsError: 6.19958e+17
      Equation: "ElectronContinuityEquation"	RelError: 1.95085e-02	AbsError: 6.19958e+17
      Equation: "HoleContinuityEquation"	RelError: 2.08665e-02	AbsError: 5.30147e+11
      Equation: "PotentialEquation"	RelError: 8.68316e-03	AbsError: 5.29135e-04
    Region: "oxide"	RelError: 1.07347e-02	AbsError: 2.00000e-02
      Equation: "PotentialEquation"	RelError: 1.07347e-02	AbsError: 2.00000e-02
Iteration: 1
  Device: "part1_baseline"	RelError: 5.64054e-04	AbsError: 6.45687e+14
    Region: "bulk"	RelError: 5.56414e-04	AbsError: 6.45687e+14
      Equation: "ElectronContinuityEquation"	RelError: 5.29090e-05	AbsError: 6.45681e+14
      Equation: "HoleContinuityEquation"	RelError: 3.80193e-04	AbsError: 6.32422e+09
      Equation: "PotentialEquation"	RelError: 1.23312e-04	AbsError: 4.47191e-06
    Region: "oxide"	RelError: 7.64013e-06	AbsError: 4.47191e-06
      Equation: "PotentialEquation"	RelError: 7.64013e-06	AbsError: 4.47191e-06
Iteration: 2
  Device: "part1_baseline"	RelError: 3.51528e-08	AbsError: 4.67551e+09
    Region: "bulk"	RelError: 3.50830e-08	AbsError: 4.67551e+09
      Equation: "ElectronContinuityEquation"	RelError: 2.15880e-09	AbsError: 4.67501e+09
      Equation: "HoleContinuityEquation"	RelError: 2.21959e-08	AbsError: 4.99932e+05
      Equation: "PotentialEquation"	RelError: 1.07283e-08	AbsError: 4.98255e-11
    Region: "oxide"	RelError: 6.98057e-11	AbsError: 4.28229e-11
      Equation: "PotentialEquation"	RelError: 6.98057e-11	AbsError: 4.28229e-11
number of equations 6651
Iteration: 0
  Device: "part1_baseline"	RelError: 5.86828e-02	AbsError: 6.21166e+17
    Region: "bulk"	RelError: 4.80621e-02	AbsError: 6.21166e+17
      Equation: "ElectronContinuityEquation"	RelError: 1.91734e-02	AbsError: 6.21165e+17
      Equation: "HoleContinuityEquation"	RelError: 2.05200e-02	AbsError: 5.17618e+11
      Equation: "PotentialEquation"	RelError: 8.36875e-03	AbsError: 5.20523e-04
    Region: "oxide"	RelError: 1.06207e-02	AbsError: 2.00000e-02
      Equation: "PotentialEquation"	RelError: 1.06207e-02	AbsError: 2.00000e-02
Iteration: 1
  Device: "part1_baseline"	RelError: 5.43557e-04	AbsError: 6.26119e+14
    Region: "bulk"	RelError: 5.36169e-04	AbsError: 6.26119e+14
      Equation: "ElectronContinuityEquation"	RelError: 5.11001e-05	AbsError: 6.26113e+14
      Equation: "HoleContinuityEquation"	RelError: 3.67874e-04	AbsError: 6.06729e+09
      Equation: "PotentialEquation"	RelError: 1.17194e-04	AbsError: 4.32531e-06
    Region: "oxide"	RelError: 7.38809e-06	AbsError: 4.32531e-06
      Equation: "PotentialEquation"	RelError: 7.38809e-06	AbsError: 4.32531e-06
Iteration: 2
  Device: "part1_baseline"	RelError: 3.28538e-08	AbsError: 4.42118e+09
    Region: "bulk"	RelError: 3.27876e-08	AbsError: 4.42118e+09
      Equation: "ElectronContinuityEquation"	RelError: 2.01874e-09	AbsError: 4.42071e+09
      Equation: "HoleContinuityEquation"	RelError: 2.07598e-08	AbsError: 4.70495e+05
      Equation: "PotentialEquation"	RelError: 1.00091e-08	AbsError: 4.68427e-11
    Region: "oxide"	RelError: 6.61221e-11	AbsError: 4.05940e-11
      Equation: "PotentialEquation"	RelError: 6.61221e-11	AbsError: 4.05940e-11
number of equations 6651
Iteration: 0
  Device: "part1_baseline"	RelError: 5.76139e-02	AbsError: 6.22338e+17
    Region: "bulk"	RelError: 4.71049e-02	AbsError: 6.22338e+17
      Equation: "ElectronContinuityEquation"	RelError: 1.88490e-02	AbsError: 6.22337e+17
      Equation: "HoleContinuityEquation"	RelError: 2.01845e-02	AbsError: 5.05596e+11
      Equation: "PotentialEquation"	RelError: 8.07132e-03	AbsError: 5.12182e-04
    Region: "oxide"	RelError: 1.05091e-02	AbsError: 2.00000e-02
      Equation: "PotentialEquation"	RelError: 1.05091e-02	AbsError: 2.00000e-02
Iteration: 1
  Device: "part1_baseline"	RelError: 5.24149e-04	AbsError: 6.07401e+14
    Region: "bulk"	RelError: 5.17001e-04	AbsError: 6.07401e+14
      Equation: "ElectronContinuityEquation"	RelError: 4.93772e-05	AbsError: 6.07395e+14
      Equation: "HoleContinuityEquation"	RelError: 3.56141e-04	AbsError: 5.82452e+09
      Equation: "PotentialEquation"	RelError: 1.11483e-04	AbsError: 4.18565e-06
    Region: "oxide"	RelError: 7.14790e-06	AbsError: 4.18565e-06
      Equation: "PotentialEquation"	RelError: 7.14790e-06	AbsError: 4.18565e-06
Iteration: 2
  Device: "part1_baseline"	RelError: 3.07368e-08	AbsError: 4.18444e+09
    Region: "bulk"	RelError: 3.06741e-08	AbsError: 4.18444e+09
      Equation: "ElectronContinuityEquation"	RelError: 1.88968e-09	AbsError: 4.18400e+09
      Equation: "HoleContinuityEquation"	RelError: 1.94358e-08	AbsError: 4.43159e+05
      Equation: "PotentialEquation"	RelError: 9.34863e-09	AbsError: 4.40759e-11
    Region: "oxide"	RelError: 6.26770e-11	AbsError: 3.85076e-11
      Equation: "PotentialEquation"	RelError: 6.26770e-11	AbsError: 3.85076e-11
number of equations 6651
Iteration: 0
  Device: "part1_baseline"	RelError: 5.65840e-02	AbsError: 6.23477e+17
    Region: "bulk"	RelError: 4.61843e-02	AbsError: 6.23477e+17
      Equation: "ElectronContinuityEquation"	RelError: 1.85350e-02	AbsError: 6.23476e+17
      Equation: "HoleContinuityEquation"	RelError: 1.98597e-02	AbsError: 4.94050e+11
      Equation: "PotentialEquation"	RelError: 7.78965e-03	AbsError: 5.04100e-04
    Region: "oxide"	RelError: 1.03998e-02	AbsError: 2.00000e-02
      Equation: "PotentialEquation"	RelError: 1.03998e-02	AbsError: 2.00000e-02
Iteration: 1
  Device: "part1_baseline"	RelError: 5.05749e-04	AbsError: 5.89486e+14
    Region: "bulk"	RelError: 4.98830e-04	AbsError: 5.89486e+14
      Equation: "ElectronContinuityEquation"	RelError: 4.77351e-05	AbsError: 5.89480e+14
      Equation: "HoleContinuityEquation"	RelError: 3.44950e-04	AbsError: 5.59493e+09
      Equation: "PotentialEquation"	RelError: 1.06145e-04	AbsError: 4.05271e-06
    Region: "oxide"	RelError: 6.91886e-06	AbsError: 4.05271e-06
      Equation: "PotentialEquation"	RelError: 6.91886e-06	AbsError: 4.05271e-06
Iteration: 2
  Device: "part1_baseline"	RelError: 2.87851e-08	AbsError: 3.96381e+09
    Region: "bulk"	RelError: 2.87256e-08	AbsError: 3.96381e+09
      Equation: "ElectronContinuityEquation"	RelError: 1.77061e-09	AbsError: 3.96339e+09
      Equation: "HoleContinuityEquation"	RelError: 1.82137e-08	AbsError: 4.17746e+05
      Equation: "PotentialEquation"	RelError: 8.74132e-09	AbsError: 4.15069e-11
    Region: "oxide"	RelError: 5.94521e-11	AbsError: 3.65530e-11
      Equation: "PotentialEquation"	RelError: 5.94521e-11	AbsError: 3.65530e-11
number of equations 6651
Iteration: 0
  Device: "part1_baseline"	RelError: 5.55910e-02	AbsError: 6.24583e+17
    Region: "bulk"	RelError: 4.52983e-02	AbsError: 6.24583e+17
      Equation: "ElectronContinuityEquation"	RelError: 1.82307e-02	AbsError: 6.24583e+17
      Equation: "HoleContinuityEquation"	RelError: 1.95450e-02	AbsError: 4.82957e+11
      Equation: "PotentialEquation"	RelError: 7.52263e-03	AbsError: 4.96265e-04
    Region: "oxide"	RelError: 1.02927e-02	AbsError: 2.00000e-02
      Equation: "PotentialEquation"	RelError: 1.02927e-02	AbsError: 2.00000e-02
Iteration: 1
  Device: "part1_baseline"	RelError: 4.88287e-04	AbsError: 5.72328e+14
    Region: "bulk"	RelError: 4.81587e-04	AbsError: 5.72328e+14
      Equation: "ElectronContinuityEquation"	RelError: 4.61691e-05	AbsError: 5.72323e+14
      Equation: "HoleContinuityEquation"	RelError: 3.34270e-04	AbsError: 5.37764e+09
      Equation: "PotentialEquation"	RelError: 1.01148e-04	AbsError: 3.92580e-06
    Region: "oxide"	RelError: 6.70029e-06	AbsError: 3.92580e-06
      Equation: "PotentialEquation"	RelError: 6.70029e-06	AbsError: 3.92580e-06
Iteration: 2
  Device: "part1_baseline"	RelError: 2.69835e-08	AbsError: 3.75795e+09
    Region: "bulk"	RelError: 2.69271e-08	AbsError: 3.75795e+09
      Equation: "ElectronContinuityEquation"	RelError: 1.66064e-09	AbsError: 3.75756e+09
      Equation: "HoleContinuityEquation"	RelError: 1.70843e-08	AbsError: 3.94101e+05
      Equation: "PotentialEquation"	RelError: 8.18213e-09	AbsError: 3.91192e-11
    Region: "oxide"	RelError: 5.64308e-11	AbsError: 3.47203e-11
      Equation: "PotentialEquation"	RelError: 5.64308e-11	AbsError: 3.47203e-11
number of equations 6651
Iteration: 0
  Device: "part1_baseline"	RelError: 5.46328e-02	AbsError: 6.25711e+17
    Region: "bulk"	RelError: 4.44450e-02	AbsError: 6.25711e+17
      Equation: "ElectronContinuityEquation"	RelError: 1.79358e-02	AbsError: 6.25711e+17
      Equation: "HoleContinuityEquation"	RelError: 1.92399e-02	AbsError: 4.72292e+11
      Equation: "PotentialEquation"	RelError: 7.26923e-03	AbsError: 4.88666e-04
    Region: "oxide"	RelError: 1.01879e-02	AbsError: 2.00000e-02
      Equation: "PotentialEquation"	RelError: 1.01879e-02	AbsError: 2.00000e-02
Iteration: 1
  Device: "part1_baseline"	RelError: 4.71702e-04	AbsError: 5.55889e+14
    Region: "bulk"	RelError: 4.65210e-04	AbsError: 5.55889e+14
      Equation: "ElectronContinuityEquation"	RelError: 4.46746e-05	AbsError: 5.55884e+14
      Equation: "HoleContinuityEquation"	RelError: 3.24069e-04	AbsError: 5.17181e+09
      Equation: "PotentialEquation"	RelError: 9.64664e-05	AbsError: 3.80459e-06
    Region: "oxide"	RelError: 6.49159e-06	AbsError: 3.80459e-06
      Equation: "PotentialEquation"	RelError: 6.49159e-06	AbsError: 3.80459e-06
Iteration: 2
  Device: "part1_baseline"	RelError: 2.53218e-08	AbsError: 3.56568e+09
    Region: "bulk"	RelError: 2.52682e-08	AbsError: 3.56568e+09
      Equation: "ElectronContinuityEquation"	RelError: 1.55895e-09	AbsError: 3.56531e+09
      Equation: "HoleContinuityEquation"	RelError: 1.60427e-08	AbsError: 3.72079e+05
      Equation: "PotentialEquation"	RelError: 7.66657e-09	AbsError: 3.68979e-11
    Region: "oxide"	RelError: 5.35980e-11	AbsError: 3.30007e-11
      Equation: "PotentialEquation"	RelError: 5.35980e-11	AbsError: 3.30007e-11
Adding 652 nodes
Adding 1544 edges with 0 duplicates removed
Adding 892 triangles  with 0 duplicate removed
Adding 2196 nodes
Adding 6395 edges with 0 duplicates removed
Adding 4200 triangles  with 0 duplicate removed
Adding 105 nodes
Adding 264 edges with 0 duplicates removed
Adding 160 triangles  with 0 duplicate removed
Adding 63 nodes
Adding 142 edges with 0 duplicates removed
Adding 80 triangles  with 0 duplicate removed
Contact body in region bulk with 61 nodes
Contact drain in region bulk with 21 nodes
Contact gate in region oxide with 21 nodes
Contact source in region bulk with 21 nodes
Adding interface bulk_oxide with 19, 19 nodes
Replacing Node Model DrainDoping in region bulk of material Silicon
Replacing Node Model NetDoping in region bulk of material Silicon
Replacing Node Model SourceDoping in region bulk of material Silicon
Replacing Node Model gatenodemodel in region oxide of material Oxide
number of equations 2259
Iteration: 0
  Device: "part1_baseline"	RelError: 2.00000e+00	AbsError: 2.02943e-01
    Region: "bulk"	RelError: 1.00000e+00	AbsError: 2.02943e-01
      Equation: "PotentialEquation"	RelError: 1.00000e+00	AbsError: 2.02943e-01
    Region: "oxide"	RelError: 1.00000e+00	AbsError: 1.32426e-01
      Equation: "PotentialEquation"	RelError: 1.00000e+00	AbsError: 1.32426e-01
Iteration: 1
  Device: "part1_baseline"	RelError: 9.97546e-01	AbsError: 2.02496e-01
    Region: "bulk"	RelError: 4.99586e-01	AbsError: 2.02496e-01
      Equation: "PotentialEquation"	RelError: 4.99586e-01	AbsError: 2.02496e-01
    Region: "oxide"	RelError: 4.97960e-01	AbsError: 1.31350e-01
      Equation: "PotentialEquation"	RelError: 4.97960e-01	AbsError: 1.31350e-01
Iteration: 2
  Device: "part1_baseline"	RelError: 2.93681e+00	AbsError: 1.49376e-01
    Region: "bulk"	RelError: 5.36317e-01	AbsError: 1.49376e-01
      Equation: "PotentialEquation"	RelError: 5.36317e-01	AbsError: 1.49376e-01
    Region: "oxide"	RelError: 2.40050e+00	AbsError: 8.55526e-02
      Equation: "PotentialEquation"	RelError: 2.40050e+00	AbsError: 8.55526e-02
Iteration: 3
  Device: "part1_baseline"	RelError: 5.28143e+01	AbsError: 8.08443e-02
    Region: "bulk"	RelError: 1.15734e+00	AbsError: 8.08443e-02
      Equation: "PotentialEquation"	RelError: 1.15734e+00	AbsError: 8.08443e-02
    Region: "oxide"	RelError: 5.16570e+01	AbsError: 5.70157e-02
      Equation: "PotentialEquation"	RelError: 5.16570e+01	AbsError: 5.70157e-02
Iteration: 4
  Device: "part1_baseline"	RelError: 5.70345e+01	AbsError: 7.96551e-02
    Region: "bulk"	RelError: 5.42046e+01	AbsError: 7.96551e-02
      Equation: "PotentialEquation"	RelError: 5.42046e+01	AbsError: 7.96551e-02
    Region: "oxide"	RelError: 2.82987e+00	AbsError: 5.45113e-02
      Equation: "PotentialEquation"	RelError: 2.82987e+00	AbsError: 5.45113e-02
Iteration: 5
  Device: "part1_baseline"	RelError: 1.66077e+02	AbsError: 7.85406e-02
    Region: "bulk"	RelError: 1.08230e+02	AbsError: 7.85406e-02
      Equation: "PotentialEquation"	RelError: 1.08230e+02	AbsError: 7.85406e-02
    Region: "oxide"	RelError: 5.78470e+01	AbsError: 5.00632e-02
      Equation: "PotentialEquation"	RelError: 5.78470e+01	AbsError: 5.00632e-02
Iteration: 6
  Device: "part1_baseline"	RelError: 1.77376e+03	AbsError: 7.69417e-02
    Region: "bulk"	RelError: 1.74498e+03	AbsError: 7.69417e-02
      Equation: "PotentialEquation"	RelError: 1.74498e+03	AbsError: 7.69417e-02
    Region: "oxide"	RelError: 2.87790e+01	AbsError: 4.41922e-02
      Equation: "PotentialEquation"	RelError: 2.87790e+01	AbsError: 4.41922e-02
Iteration: 7
  Device: "part1_baseline"	RelError: 3.46144e+02	AbsError: 7.45767e-02
    Region: "bulk"	RelError: 3.42992e+02	AbsError: 7.45767e-02
      Equation: "PotentialEquation"	RelError: 3.42992e+02	AbsError: 7.45767e-02
    Region: "oxide"	RelError: 3.15193e+00	AbsError: 3.65722e-02
      Equation: "PotentialEquation"	RelError: 3.15193e+00	AbsError: 3.65722e-02
Iteration: 8
  Device: "part1_baseline"	RelError: 3.39044e+01	AbsError: 7.09147e-02
    Region: "bulk"	RelError: 2.75881e+01	AbsError: 7.09147e-02
      Equation: "PotentialEquation"	RelError: 2.75881e+01	AbsError: 7.09147e-02
    Region: "oxide"	RelError: 6.31632e+00	AbsError: 2.67943e-02
      Equation: "PotentialEquation"	RelError: 6.31632e+00	AbsError: 2.67943e-02
Iteration: 9
  Device: "part1_baseline"	RelError: 5.80020e+01	AbsError: 6.50361e-02
    Region: "bulk"	RelError: 5.63961e+01	AbsError: 6.50361e-02
      Equation: "PotentialEquation"	RelError: 5.63961e+01	AbsError: 6.50361e-02
    Region: "oxide"	RelError: 1.60591e+00	AbsError: 2.07822e-02
      Equation: "PotentialEquation"	RelError: 1.60591e+00	AbsError: 2.07822e-02
Iteration: 10
  Device: "part1_baseline"	RelError: 3.33493e+01	AbsError: 5.23112e-02
    Region: "bulk"	RelError: 3.32377e+01	AbsError: 5.23112e-02
      Equation: "PotentialEquation"	RelError: 3.32377e+01	AbsError: 5.23112e-02
    Region: "oxide"	RelError: 1.11636e-01	AbsError: 2.31048e-03
      Equation: "PotentialEquation"	RelError: 1.11636e-01	AbsError: 2.31048e-03
Iteration: 11
  Device: "part1_baseline"	RelError: 6.47436e+00	AbsError: 3.99276e-02
    Region: "bulk"	RelError: 6.30586e+00	AbsError: 3.99276e-02
      Equation: "PotentialEquation"	RelError: 6.30586e+00	AbsError: 3.99276e-02
    Region: "oxide"	RelError: 1.68501e-01	AbsError: 2.77213e-03
      Equation: "PotentialEquation"	RelError: 1.68501e-01	AbsError: 2.77213e-03
Iteration: 12
  Device: "part1_baseline"	RelError: 1.41560e+01	AbsError: 2.58971e-02
    Region: "bulk"	RelError: 1.41119e+01	AbsError: 2.58971e-02
      Equation: "PotentialEquation"	RelError: 1.41119e+01	AbsError: 2.58971e-02
    Region: "oxide"	RelError: 4.40823e-02	AbsError: 6.63097e-04
      Equation: "PotentialEquation"	RelError: 4.40823e-02	AbsError: 6.63097e-04
Iteration: 13
  Device: "part1_baseline"	RelError: 1.60645e+00	AbsError: 8.97053e-03
    Region: "bulk"	RelError: 1.60219e+00	AbsError: 8.97053e-03
      Equation: "PotentialEquation"	RelError: 1.60219e+00	AbsError: 8.97053e-03
    Region: "oxide"	RelError: 4.26242e-03	AbsError: 5.95612e-05
      Equation: "PotentialEquation"	RelError: 4.26242e-03	AbsError: 5.95612e-05
Iteration: 14
  Device: "part1_baseline"	RelError: 6.14043e-02	AbsError: 3.54916e-04
    Region: "bulk"	RelError: 6.13290e-02	AbsError: 3.54916e-04
      Equation: "PotentialEquation"	RelError: 6.13290e-02	AbsError: 3.54916e-04
    Region: "oxide"	RelError: 7.52797e-05	AbsError: 8.38544e-07
      Equation: "PotentialEquation"	RelError: 7.52797e-05	AbsError: 8.38544e-07
Iteration: 15
  Device: "part1_baseline"	RelError: 9.66058e-05	AbsError: 9.67592e-07
    Region: "bulk"	RelError: 9.65366e-05	AbsError: 9.67592e-07
      Equation: "PotentialEquation"	RelError: 9.65366e-05	AbsError: 9.67592e-07
    Region: "oxide"	RelError: 6.91272e-08	AbsError: 6.15656e-10
      Equation: "PotentialEquation"	RelError: 6.91272e-08	AbsError: 6.15656e-10
Iteration: 16
  Device: "part1_baseline"	RelError: 4.70539e-10	AbsError: 7.50021e-12
    Region: "bulk"	RelError: 4.70255e-10	AbsError: 7.50021e-12
      Equation: "PotentialEquation"	RelError: 4.70255e-10	AbsError: 7.50021e-12
    Region: "oxide"	RelError: 2.83213e-13	AbsError: 2.40249e-15
      Equation: "PotentialEquation"	RelError: 2.83213e-13	AbsError: 2.40249e-15
Iteration: 17
  Device: "part1_baseline"	RelError: 2.01372e-20	AbsError: 4.73489e-22
    Region: "bulk"	RelError: 2.01257e-20	AbsError: 4.73489e-22
      Equation: "PotentialEquation"	RelError: 2.01257e-20	AbsError: 4.73489e-22
    Region: "oxide"	RelError: 1.15668e-23	AbsError: 9.74674e-26
      Equation: "PotentialEquation"	RelError: 1.15668e-23	AbsError: 9.74674e-26
Warning: Replacing equation with equation of the same name.
Region: bulk, Equation: PotentialEquation, Variable: Potential
number of equations 6651
Iteration: 0
  Device: "part1_baseline"	RelError: 4.24161e-29	AbsError: 1.43898e-13
    Region: "bulk"	RelError: 4.24099e-29	AbsError: 1.43898e-13
      Equation: "ElectronContinuityEquation"	RelError: 1.53335e-29	AbsError: 1.43885e-13
      Equation: "HoleContinuityEquation"	RelError: 2.70193e-29	AbsError: 1.34811e-17
      Equation: "PotentialEquation"	RelError: 5.70859e-32	AbsError: 2.60927e-34
    Region: "oxide"	RelError: 6.21145e-33	AbsError: 3.31650e-35
      Equation: "PotentialEquation"	RelError: 6.21145e-33	AbsError: 3.31650e-35
number of equations 6651
Iteration: 0
  Device: "part1_baseline"	RelError: 2.12692e+03	AbsError: 7.64145e+16
    Region: "bulk"	RelError: 2.11988e+03	AbsError: 7.64145e+16
      Equation: "ElectronContinuityEquation"	RelError: 9.99000e+02	AbsError: 7.49532e+16
      Equation: "HoleContinuityEquation"	RelError: 9.99000e+02	AbsError: 1.46128e+15
      Equation: "PotentialEquation"	RelError: 1.21881e+02	AbsError: 4.09542e-02
    Region: "oxide"	RelError: 7.04290e+00	AbsError: 1.93735e-02
      Equation: "PotentialEquation"	RelError: 7.04290e+00	AbsError: 1.93735e-02
Iteration: 1
  Device: "part1_baseline"	RelError: 1.01071e+03	AbsError: 1.41355e+15
    Region: "bulk"	RelError: 1.01065e+03	AbsError: 1.41355e+15
      Equation: "ElectronContinuityEquation"	RelError: 9.99000e+02	AbsError: 1.17149e+15
      Equation: "HoleContinuityEquation"	RelError: 9.98712e-01	AbsError: 2.42057e+14
      Equation: "PotentialEquation"	RelError: 1.06488e+01	AbsError: 3.07633e-02
    Region: "oxide"	RelError: 6.49715e-02	AbsError: 9.39759e-03
      Equation: "PotentialEquation"	RelError: 6.49715e-02	AbsError: 9.39759e-03
Iteration: 2
  Device: "part1_baseline"	RelError: 5.38470e+03	AbsError: 2.44284e+14
    Region: "bulk"	RelError: 5.38469e+03	AbsError: 2.44284e+14
      Equation: "ElectronContinuityEquation"	RelError: 1.09960e+01	AbsError: 2.09924e+14
      Equation: "HoleContinuityEquation"	RelError: 5.37210e+03	AbsError: 3.43605e+13
      Equation: "PotentialEquation"	RelError: 1.59555e+00	AbsError: 2.58497e-02
    Region: "oxide"	RelError: 6.82426e-03	AbsError: 1.48140e-05
      Equation: "PotentialEquation"	RelError: 6.82426e-03	AbsError: 1.48140e-05
Iteration: 3
  Device: "part1_baseline"	RelError: 1.74865e+00	AbsError: 5.69736e+14
    Region: "bulk"	RelError: 1.74714e+00	AbsError: 5.69736e+14
      Equation: "ElectronContinuityEquation"	RelError: 7.30700e-01	AbsError: 5.69044e+14
      Equation: "HoleContinuityEquation"	RelError: 9.99344e-01	AbsError: 6.91622e+11
      Equation: "PotentialEquation"	RelError: 1.70935e-02	AbsError: 9.16539e-03
    Region: "oxide"	RelError: 1.51415e-03	AbsError: 4.73091e-06
      Equation: "PotentialEquation"	RelError: 1.51415e-03	AbsError: 4.73091e-06
Iteration: 4
  Device: "part1_baseline"	RelError: 5.24911e-01	AbsError: 7.13859e+14
    Region: "bulk"	RelError: 5.22188e-01	AbsError: 7.13859e+14
      Equation: "ElectronContinuityEquation"	RelError: 5.56750e-02	AbsError: 7.12964e+14
      Equation: "HoleContinuityEquation"	RelError: 4.05549e-01	AbsError: 8.94589e+11
      Equation: "PotentialEquation"	RelError: 6.09641e-02	AbsError: 9.45142e-05
    Region: "oxide"	RelError: 2.72283e-03	AbsError: 4.37671e-06
      Equation: "PotentialEquation"	RelError: 2.72283e-03	AbsError: 4.37671e-06
Iteration: 5
  Device: "part1_baseline"	RelError: 5.01196e-04	AbsError: 4.03089e+11
    Region: "bulk"	RelError: 5.00516e-04	AbsError: 4.03089e+11
      Equation: "ElectronContinuityEquation"	RelError: 5.47952e-05	AbsError: 4.02767e+11
      Equation: "HoleContinuityEquation"	RelError: 4.28146e-04	AbsError: 3.22790e+08
      Equation: "PotentialEquation"	RelError: 1.75739e-05	AbsError: 4.81644e-08
    Region: "oxide"	RelError: 6.80846e-07	AbsError: 9.40185e-10
      Equation: "PotentialEquation"	RelError: 6.80846e-07	AbsError: 9.40185e-10
Iteration: 6
  Device: "part1_baseline"	RelError: 1.54750e-10	AbsError: 1.20476e+05
    Region: "bulk"	RelError: 1.54615e-10	AbsError: 1.20476e+05
      Equation: "ElectronContinuityEquation"	RelError: 1.52924e-11	AbsError: 1.20397e+05
      Equation: "HoleContinuityEquation"	RelError: 1.35537e-10	AbsError: 7.91781e+01
      Equation: "PotentialEquation"	RelError: 3.78590e-12	AbsError: 1.41858e-14
    Region: "oxide"	RelError: 1.35012e-13	AbsError: 1.86439e-16
      Equation: "PotentialEquation"	RelError: 1.35012e-13	AbsError: 1.86439e-16
number of equations 6651
Iteration: 0
  Device: "part1_baseline"	RelError: 2.12715e+03	AbsError: 7.75518e+16
    Region: "bulk"	RelError: 2.12628e+03	AbsError: 7.75518e+16
      Equation: "ElectronContinuityEquation"	RelError: 9.99000e+02	AbsError: 7.61264e+16
      Equation: "HoleContinuityEquation"	RelError: 9.99000e+02	AbsError: 1.42536e+15
      Equation: "PotentialEquation"	RelError: 1.28276e+02	AbsError: 4.09542e-02
    Region: "oxide"	RelError: 8.77300e-01	AbsError: 1.93156e-02
      Equation: "PotentialEquation"	RelError: 8.77300e-01	AbsError: 1.93156e-02
Iteration: 1
  Device: "part1_baseline"	RelError: 1.05820e+03	AbsError: 1.11274e+15
    Region: "bulk"	RelError: 1.05815e+03	AbsError: 1.11274e+15
      Equation: "ElectronContinuityEquation"	RelError: 9.99000e+02	AbsError: 9.02329e+14
      Equation: "HoleContinuityEquation"	RelError: 9.98617e-01	AbsError: 2.10408e+14
      Equation: "PotentialEquation"	RelError: 5.81494e+01	AbsError: 3.07633e-02
    Region: "oxide"	RelError: 5.40805e-02	AbsError: 9.37250e-03
      Equation: "PotentialEquation"	RelError: 5.40805e-02	AbsError: 9.37250e-03
Iteration: 2
  Device: "part1_baseline"	RelError: 1.50674e+03	AbsError: 1.63782e+14
    Region: "bulk"	RelError: 1.50674e+03	AbsError: 1.63782e+14
      Equation: "ElectronContinuityEquation"	RelError: 6.85990e+00	AbsError: 1.45018e+14
      Equation: "HoleContinuityEquation"	RelError: 1.49830e+03	AbsError: 1.87639e+13
      Equation: "PotentialEquation"	RelError: 1.58640e+00	AbsError: 2.58507e-02
    Region: "oxide"	RelError: 3.37577e-04	AbsError: 5.18850e-06
      Equation: "PotentialEquation"	RelError: 3.37577e-04	AbsError: 5.18850e-06
Iteration: 3
  Device: "part1_baseline"	RelError: 1.80254e+00	AbsError: 4.19468e+14
    Region: "bulk"	RelError: 1.80250e+00	AbsError: 4.19468e+14
      Equation: "ElectronContinuityEquation"	RelError: 7.42839e-01	AbsError: 4.18913e+14
      Equation: "HoleContinuityEquation"	RelError: 9.97734e-01	AbsError: 5.54619e+11
      Equation: "PotentialEquation"	RelError: 6.19292e-02	AbsError: 9.16538e-03
    Region: "oxide"	RelError: 3.47427e-05	AbsError: 1.27607e-06
      Equation: "PotentialEquation"	RelError: 3.47427e-05	AbsError: 1.27607e-06
Iteration: 4
  Device: "part1_baseline"	RelError: 4.66856e-01	AbsError: 5.33845e+14
    Region: "bulk"	RelError: 4.66681e-01	AbsError: 5.33845e+14
      Equation: "ElectronContinuityEquation"	RelError: 5.81266e-02	AbsError: 5.33154e+14
      Equation: "HoleContinuityEquation"	RelError: 3.29470e-01	AbsError: 6.91055e+11
      Equation: "PotentialEquation"	RelError: 7.90837e-02	AbsError: 8.10708e-05
    Region: "oxide"	RelError: 1.75470e-04	AbsError: 2.09836e-06
      Equation: "PotentialEquation"	RelError: 1.75470e-04	AbsError: 2.09836e-06
Iteration: 5
  Device: "part1_baseline"	RelError: 2.16090e-04	AbsError: 2.26596e+11
    Region: "bulk"	RelError: 2.16052e-04	AbsError: 2.26596e+11
      Equation: "ElectronContinuityEquation"	RelError: 3.56418e-05	AbsError: 2.26385e+11
      Equation: "HoleContinuityEquation"	RelError: 1.53953e-04	AbsError: 2.10732e+08
      Equation: "PotentialEquation"	RelError: 2.64565e-05	AbsError: 3.26856e-08
    Region: "oxide"	RelError: 3.88351e-08	AbsError: 4.37120e-10
      Equation: "PotentialEquation"	RelError: 3.88351e-08	AbsError: 4.37120e-10
Iteration: 6
  Device: "part1_baseline"	RelError: 6.18014e-11	AbsError: 3.85197e+04
    Region: "bulk"	RelError: 6.17955e-11	AbsError: 3.85197e+04
      Equation: "ElectronContinuityEquation"	RelError: 8.29260e-12	AbsError: 3.84787e+04
      Equation: "HoleContinuityEquation"	RelError: 4.80313e-11	AbsError: 4.09161e+01
      Equation: "PotentialEquation"	RelError: 5.47167e-12	AbsError: 7.85755e-15
    Region: "oxide"	RelError: 5.89973e-15	AbsError: 6.64062e-17
      Equation: "PotentialEquation"	RelError: 5.89973e-15	AbsError: 6.64062e-17
number of equations 6651
Iteration: 0
  Device: "part1_baseline"	RelError: 2.03435e+03	AbsError: 7.75717e+16
    Region: "bulk"	RelError: 2.03370e+03	AbsError: 7.75717e+16
      Equation: "ElectronContinuityEquation"	RelError: 9.99000e+02	AbsError: 7.63527e+16
      Equation: "HoleContinuityEquation"	RelError: 9.99000e+02	AbsError: 1.21899e+15
      Equation: "PotentialEquation"	RelError: 3.57003e+01	AbsError: 4.09542e-02
    Region: "oxide"	RelError: 6.49446e-01	AbsError: 1.93010e-02
      Equation: "PotentialEquation"	RelError: 6.49446e-01	AbsError: 1.93010e-02
Iteration: 1
  Device: "part1_baseline"	RelError: 2.00604e+03	AbsError: 8.25769e+14
    Region: "bulk"	RelError: 2.00599e+03	AbsError: 8.25769e+14
      Equation: "ElectronContinuityEquation"	RelError: 9.99000e+02	AbsError: 6.61525e+14
      Equation: "HoleContinuityEquation"	RelError: 9.99000e+02	AbsError: 1.64244e+14
      Equation: "PotentialEquation"	RelError: 7.99094e+00	AbsError: 3.07633e-02
    Region: "oxide"	RelError: 4.63834e-02	AbsError: 9.36792e-03
      Equation: "PotentialEquation"	RelError: 4.63834e-02	AbsError: 9.36792e-03
Iteration: 2
  Device: "part1_baseline"	RelError: 2.44079e+03	AbsError: 1.47639e+14
    Region: "bulk"	RelError: 2.44079e+03	AbsError: 1.47639e+14
      Equation: "ElectronContinuityEquation"	RelError: 5.36420e+00	AbsError: 1.36444e+14
      Equation: "HoleContinuityEquation"	RelError: 2.43528e+03	AbsError: 1.11944e+13
      Equation: "PotentialEquation"	RelError: 1.45679e-01	AbsError: 2.58487e-02
    Region: "oxide"	RelError: 1.13758e-04	AbsError: 1.94311e-06
      Equation: "PotentialEquation"	RelError: 1.13758e-04	AbsError: 1.94311e-06
Iteration: 3
  Device: "part1_baseline"	RelError: 1.77725e+00	AbsError: 1.91077e+15
    Region: "bulk"	RelError: 1.77712e+00	AbsError: 1.91077e+15
      Equation: "ElectronContinuityEquation"	RelError: 7.63912e-01	AbsError: 1.91006e+15
      Equation: "HoleContinuityEquation"	RelError: 1.00000e+00	AbsError: 7.13936e+11
      Equation: "PotentialEquation"	RelError: 1.32104e-02	AbsError: 9.16577e-03
    Region: "oxide"	RelError: 1.29137e-04	AbsError: 1.34543e-06
      Equation: "PotentialEquation"	RelError: 1.29137e-04	AbsError: 1.34543e-06
Iteration: 4
  Device: "part1_baseline"	RelError: 1.98219e-01	AbsError: 2.02508e+15
    Region: "bulk"	RelError: 1.98018e-01	AbsError: 2.02508e+15
      Equation: "ElectronContinuityEquation"	RelError: 6.02959e-02	AbsError: 2.02425e+15
      Equation: "HoleContinuityEquation"	RelError: 1.22737e-01	AbsError: 8.33844e+11
      Equation: "PotentialEquation"	RelError: 1.49852e-02	AbsError: 2.40518e-04
    Region: "oxide"	RelError: 2.01462e-04	AbsError: 2.19929e-06
      Equation: "PotentialEquation"	RelError: 2.01462e-04	AbsError: 2.19929e-06
Iteration: 5
  Device: "part1_baseline"	RelError: 1.32015e-04	AbsError: 2.07444e+12
    Region: "bulk"	RelError: 1.31914e-04	AbsError: 2.07444e+12
      Equation: "ElectronContinuityEquation"	RelError: 1.02864e-04	AbsError: 2.07404e+12
      Equation: "HoleContinuityEquation"	RelError: 2.21330e-05	AbsError: 4.01176e+08
      Equation: "PotentialEquation"	RelError: 6.91758e-06	AbsError: 2.23422e-07
    Region: "oxide"	RelError: 1.00330e-07	AbsError: 1.05007e-09
      Equation: "PotentialEquation"	RelError: 1.00330e-07	AbsError: 1.05007e-09
Iteration: 6
  Device: "part1_baseline"	RelError: 1.60082e-10	AbsError: 2.07220e+06
    Region: "bulk"	RelError: 1.59999e-10	AbsError: 2.07220e+06
      Equation: "ElectronContinuityEquation"	RelError: 1.33644e-10	AbsError: 2.07188e+06
      Equation: "HoleContinuityEquation"	RelError: 2.13382e-11	AbsError: 3.21617e+02
      Equation: "PotentialEquation"	RelError: 5.01623e-12	AbsError: 2.21301e-13
    Region: "oxide"	RelError: 8.29580e-14	AbsError: 8.71236e-16
      Equation: "PotentialEquation"	RelError: 8.29580e-14	AbsError: 8.71236e-16
number of equations 6651
Iteration: 0
  Device: "part1_baseline"	RelError: 2.38029e+03	AbsError: 7.70853e+16
    Region: "bulk"	RelError: 2.37841e+03	AbsError: 7.70853e+16
      Equation: "ElectronContinuityEquation"	RelError: 1.33658e+03	AbsError: 7.59885e+16
      Equation: "HoleContinuityEquation"	RelError: 9.99000e+02	AbsError: 1.09686e+15
      Equation: "PotentialEquation"	RelError: 4.28233e+01	AbsError: 4.09542e-02
    Region: "oxide"	RelError: 1.88552e+00	AbsError: 1.92998e-02
      Equation: "PotentialEquation"	RelError: 1.88552e+00	AbsError: 1.92998e-02
Iteration: 1
  Device: "part1_baseline"	RelError: 2.07053e+03	AbsError: 7.61437e+14
    Region: "bulk"	RelError: 2.07049e+03	AbsError: 7.61437e+14
      Equation: "ElectronContinuityEquation"	RelError: 9.99000e+02	AbsError: 5.95210e+14
      Equation: "HoleContinuityEquation"	RelError: 9.99000e+02	AbsError: 1.66227e+14
      Equation: "PotentialEquation"	RelError: 7.24859e+01	AbsError: 3.07633e-02
    Region: "oxide"	RelError: 4.06253e-02	AbsError: 9.36956e-03
      Equation: "PotentialEquation"	RelError: 4.06253e-02	AbsError: 9.36956e-03
Iteration: 2
  Device: "part1_baseline"	RelError: 1.17190e+03	AbsError: 1.33760e+14
    Region: "bulk"	RelError: 1.17190e+03	AbsError: 1.33760e+14
      Equation: "ElectronContinuityEquation"	RelError: 4.24814e+00	AbsError: 1.27796e+14
      Equation: "HoleContinuityEquation"	RelError: 1.16757e+03	AbsError: 5.96379e+12
      Equation: "PotentialEquation"	RelError: 7.80719e-02	AbsError: 2.58421e-02
    Region: "oxide"	RelError: 1.59627e-04	AbsError: 8.13424e-07
      Equation: "PotentialEquation"	RelError: 1.59627e-04	AbsError: 8.13424e-07
Iteration: 3
  Device: "part1_baseline"	RelError: 1.87330e+00	AbsError: 1.71846e+15
    Region: "bulk"	RelError: 1.87294e+00	AbsError: 1.71846e+15
      Equation: "ElectronContinuityEquation"	RelError: 7.80632e-01	AbsError: 1.71789e+15
      Equation: "HoleContinuityEquation"	RelError: 1.00000e+00	AbsError: 5.74971e+11
      Equation: "PotentialEquation"	RelError: 9.23059e-02	AbsError: 9.16571e-03
    Region: "oxide"	RelError: 3.58060e-04	AbsError: 1.28681e-06
      Equation: "PotentialEquation"	RelError: 3.58060e-04	AbsError: 1.28681e-06
Iteration: 4
  Device: "part1_baseline"	RelError: 1.92435e-01	AbsError: 1.83051e+15
    Region: "bulk"	RelError: 1.91966e-01	AbsError: 1.83051e+15
      Equation: "ElectronContinuityEquation"	RelError: 6.21217e-02	AbsError: 1.82984e+15
      Equation: "HoleContinuityEquation"	RelError: 7.18306e-03	AbsError: 6.66361e+11
      Equation: "PotentialEquation"	RelError: 1.22661e-01	AbsError: 2.14950e-04
    Region: "oxide"	RelError: 4.68441e-04	AbsError: 1.71774e-06
      Equation: "PotentialEquation"	RelError: 4.68441e-04	AbsError: 1.71774e-06
Iteration: 5
  Device: "part1_baseline"	RelError: 3.79786e-04	AbsError: 1.81175e+12
    Region: "bulk"	RelError: 3.79534e-04	AbsError: 1.81175e+12
      Equation: "ElectronContinuityEquation"	RelError: 9.46507e-05	AbsError: 1.81143e+12
      Equation: "HoleContinuityEquation"	RelError: 2.16062e-04	AbsError: 3.21346e+08
      Equation: "PotentialEquation"	RelError: 6.88220e-05	AbsError: 1.95639e-07
    Region: "oxide"	RelError: 2.51607e-07	AbsError: 9.06191e-10
      Equation: "PotentialEquation"	RelError: 2.51607e-07	AbsError: 9.06191e-10
Iteration: 6
  Device: "part1_baseline"	RelError: 4.45413e-10	AbsError: 1.68087e+06
    Region: "bulk"	RelError: 4.45206e-10	AbsError: 1.68087e+06
      Equation: "ElectronContinuityEquation"	RelError: 1.08862e-10	AbsError: 1.68062e+06
      Equation: "HoleContinuityEquation"	RelError: 2.80277e-10	AbsError: 2.52327e+02
      Equation: "PotentialEquation"	RelError: 5.60671e-11	AbsError: 1.80476e-13
    Region: "oxide"	RelError: 2.07510e-13	AbsError: 7.52673e-16
      Equation: "PotentialEquation"	RelError: 2.07510e-13	AbsError: 7.52673e-16
number of equations 6651
Iteration: 0
  Device: "part1_baseline"	RelError: 2.01285e+03	AbsError: 7.62975e+16
    Region: "bulk"	RelError: 2.01052e+03	AbsError: 7.62975e+16
      Equation: "ElectronContinuityEquation"	RelError: 9.99000e+02	AbsError: 7.52432e+16
      Equation: "HoleContinuityEquation"	RelError: 9.99000e+02	AbsError: 1.05420e+15
      Equation: "PotentialEquation"	RelError: 1.25190e+01	AbsError: 4.09542e-02
    Region: "oxide"	RelError: 2.33429e+00	AbsError: 1.93023e-02
      Equation: "PotentialEquation"	RelError: 2.33429e+00	AbsError: 1.93023e-02
Iteration: 1
  Device: "part1_baseline"	RelError: 2.00715e+03	AbsError: 6.96461e+14
    Region: "bulk"	RelError: 2.00712e+03	AbsError: 6.96461e+14
      Equation: "ElectronContinuityEquation"	RelError: 9.99000e+02	AbsError: 5.66145e+14
      Equation: "HoleContinuityEquation"	RelError: 9.99000e+02	AbsError: 1.30317e+14
      Equation: "PotentialEquation"	RelError: 9.11878e+00	AbsError: 3.07632e-02
    Region: "oxide"	RelError: 3.61456e-02	AbsError: 9.37283e-03
      Equation: "PotentialEquation"	RelError: 3.61456e-02	AbsError: 9.37283e-03
Iteration: 2
  Device: "part1_baseline"	RelError: 5.71822e+03	AbsError: 1.26046e+14
    Region: "bulk"	RelError: 5.71822e+03	AbsError: 1.26046e+14
      Equation: "ElectronContinuityEquation"	RelError: 3.38544e+00	AbsError: 1.19736e+14
      Equation: "HoleContinuityEquation"	RelError: 5.71478e+03	AbsError: 6.31014e+12
      Equation: "PotentialEquation"	RelError: 5.35811e-02	AbsError: 2.58945e-02
    Region: "oxide"	RelError: 1.05380e-04	AbsError: 4.04221e-07
      Equation: "PotentialEquation"	RelError: 1.05380e-04	AbsError: 4.04221e-07
Iteration: 3
  Device: "part1_baseline"	RelError: 1.80861e+00	AbsError: 1.52545e+15
    Region: "bulk"	RelError: 1.80826e+00	AbsError: 1.52545e+15
      Equation: "ElectronContinuityEquation"	RelError: 7.94939e-01	AbsError: 1.52497e+15
      Equation: "HoleContinuityEquation"	RelError: 1.00000e+00	AbsError: 4.75541e+11
      Equation: "PotentialEquation"	RelError: 1.33172e-02	AbsError: 9.16566e-03
    Region: "oxide"	RelError: 3.53095e-04	AbsError: 1.15153e-06
      Equation: "PotentialEquation"	RelError: 3.53095e-04	AbsError: 1.15153e-06
Iteration: 4
  Device: "part1_baseline"	RelError: 1.17664e-01	AbsError: 1.63224e+15
    Region: "bulk"	RelError: 1.17234e-01	AbsError: 1.63224e+15
      Equation: "ElectronContinuityEquation"	RelError: 6.36042e-02	AbsError: 1.63169e+15
      Equation: "HoleContinuityEquation"	RelError: 3.84767e-02	AbsError: 5.50814e+11
      Equation: "PotentialEquation"	RelError: 1.51528e-02	AbsError: 1.90089e-04
    Region: "oxide"	RelError: 4.30363e-04	AbsError: 1.40968e-06
      Equation: "PotentialEquation"	RelError: 4.30363e-04	AbsError: 1.40968e-06
Iteration: 5
  Device: "part1_baseline"	RelError: 2.41167e-03	AbsError: 1.51922e+12
    Region: "bulk"	RelError: 2.41144e-03	AbsError: 1.51922e+12
      Equation: "ElectronContinuityEquation"	RelError: 8.46617e-05	AbsError: 1.51896e+12
      Equation: "HoleContinuityEquation"	RelError: 2.31910e-03	AbsError: 2.55293e+08
      Equation: "PotentialEquation"	RelError: 7.67468e-06	AbsError: 1.64558e-07
    Region: "oxide"	RelError: 2.35983e-07	AbsError: 7.69683e-10
      Equation: "PotentialEquation"	RelError: 2.35983e-07	AbsError: 7.69683e-10
Iteration: 6
  Device: "part1_baseline"	RelError: 2.64433e-09	AbsError: 1.24559e+06
    Region: "bulk"	RelError: 2.64415e-09	AbsError: 1.24559e+06
      Equation: "ElectronContinuityEquation"	RelError: 8.69952e-11	AbsError: 1.24541e+06
      Equation: "HoleContinuityEquation"	RelError: 2.55182e-09	AbsError: 1.80486e+02
      Equation: "PotentialEquation"	RelError: 5.33104e-12	AbsError: 1.34349e-13
    Region: "oxide"	RelError: 1.78630e-13	AbsError: 5.87521e-16
      Equation: "PotentialEquation"	RelError: 1.78630e-13	AbsError: 5.87521e-16
number of equations 6651
Iteration: 0
  Device: "part1_baseline"	RelError: 2.01006e+03	AbsError: 7.51822e+16
    Region: "bulk"	RelError: 2.00936e+03	AbsError: 7.51822e+16
      Equation: "ElectronContinuityEquation"	RelError: 9.99000e+02	AbsError: 7.42430e+16
      Equation: "HoleContinuityEquation"	RelError: 9.99000e+02	AbsError: 9.39193e+14
      Equation: "PotentialEquation"	RelError: 1.13598e+01	AbsError: 4.09542e-02
    Region: "oxide"	RelError: 6.99997e-01	AbsError: 1.93056e-02
      Equation: "PotentialEquation"	RelError: 6.99997e-01	AbsError: 1.93056e-02
Iteration: 1
  Device: "part1_baseline"	RelError: 2.00366e+03	AbsError: 7.39054e+14
    Region: "bulk"	RelError: 2.00363e+03	AbsError: 7.39054e+14
      Equation: "ElectronContinuityEquation"	RelError: 9.99000e+02	AbsError: 6.32278e+14
      Equation: "HoleContinuityEquation"	RelError: 9.99000e+02	AbsError: 1.06777e+14
      Equation: "PotentialEquation"	RelError: 5.62993e+00	AbsError: 3.07632e-02
    Region: "oxide"	RelError: 3.25576e-02	AbsError: 9.37623e-03
      Equation: "PotentialEquation"	RelError: 3.25576e-02	AbsError: 9.37623e-03
Iteration: 2
  Device: "part1_baseline"	RelError: 1.00084e+03	AbsError: 1.14006e+14
    Region: "bulk"	RelError: 1.00084e+03	AbsError: 1.14006e+14
      Equation: "ElectronContinuityEquation"	RelError: 1.84661e+00	AbsError: 1.10726e+14
      Equation: "HoleContinuityEquation"	RelError: 9.98942e+02	AbsError: 3.27933e+12
      Equation: "PotentialEquation"	RelError: 5.27664e-02	AbsError: 2.58781e-02
    Region: "oxide"	RelError: 2.26709e-05	AbsError: 2.45772e-07
      Equation: "PotentialEquation"	RelError: 2.26709e-05	AbsError: 2.45772e-07
Iteration: 3
  Device: "part1_baseline"	RelError: 1.81298e+00	AbsError: 1.33760e+15
    Region: "bulk"	RelError: 1.81288e+00	AbsError: 1.33760e+15
      Equation: "ElectronContinuityEquation"	RelError: 8.04311e-01	AbsError: 1.33722e+15
      Equation: "HoleContinuityEquation"	RelError: 1.00000e+00	AbsError: 3.74507e+11
      Equation: "PotentialEquation"	RelError: 8.57334e-03	AbsError: 9.16561e-03
    Region: "oxide"	RelError: 9.77299e-05	AbsError: 9.91331e-07
      Equation: "PotentialEquation"	RelError: 9.77299e-05	AbsError: 9.91331e-07
Iteration: 4
  Device: "part1_baseline"	RelError: 1.26654e-01	AbsError: 1.43707e+15
    Region: "bulk"	RelError: 1.26538e-01	AbsError: 1.43707e+15
      Equation: "ElectronContinuityEquation"	RelError: 6.48412e-02	AbsError: 1.43663e+15
      Equation: "HoleContinuityEquation"	RelError: 5.63853e-02	AbsError: 4.37592e+11
      Equation: "PotentialEquation"	RelError: 5.31125e-03	AbsError: 1.66275e-04
    Region: "oxide"	RelError: 1.16034e-04	AbsError: 1.17686e-06
      Equation: "PotentialEquation"	RelError: 1.16034e-04	AbsError: 1.17686e-06
Iteration: 5
  Device: "part1_baseline"	RelError: 3.51831e-03	AbsError: 1.22767e+12
    Region: "bulk"	RelError: 3.51825e-03	AbsError: 1.22767e+12
      Equation: "ElectronContinuityEquation"	RelError: 7.84774e-05	AbsError: 1.22748e+12
      Equation: "HoleContinuityEquation"	RelError: 3.43790e-03	AbsError: 1.92351e+08
      Equation: "PotentialEquation"	RelError: 1.87035e-06	AbsError: 1.33361e-07
    Region: "oxide"	RelError: 6.23052e-08	AbsError: 6.32119e-10
      Equation: "PotentialEquation"	RelError: 6.23052e-08	AbsError: 6.32119e-10
Iteration: 6
  Device: "part1_baseline"	RelError: 2.36929e-09	AbsError: 8.49266e+05
    Region: "bulk"	RelError: 2.36925e-09	AbsError: 8.49266e+05
      Equation: "ElectronContinuityEquation"	RelError: 6.63117e-11	AbsError: 8.49149e+05
      Equation: "HoleContinuityEquation"	RelError: 2.30176e-09	AbsError: 1.16992e+02
      Equation: "PotentialEquation"	RelError: 1.18695e-12	AbsError: 9.19452e-14
    Region: "oxide"	RelError: 4.07702e-14	AbsError: 4.17159e-16
      Equation: "PotentialEquation"	RelError: 4.07702e-14	AbsError: 4.17159e-16
number of equations 6651
Iteration: 0
  Device: "part1_baseline"	RelError: 2.52298e+03	AbsError: 7.39129e+16
    Region: "bulk"	RelError: 2.52249e+03	AbsError: 7.39129e+16
      Equation: "ElectronContinuityEquation"	RelError: 1.47717e+03	AbsError: 7.30644e+16
      Equation: "HoleContinuityEquation"	RelError: 9.99000e+02	AbsError: 8.48510e+14
      Equation: "PotentialEquation"	RelError: 4.63195e+01	AbsError: 4.09542e-02
    Region: "oxide"	RelError: 4.84816e-01	AbsError: 1.93088e-02
      Equation: "PotentialEquation"	RelError: 4.84816e-01	AbsError: 1.93088e-02
Iteration: 1
  Device: "part1_baseline"	RelError: 2.00021e+03	AbsError: 7.70469e+14
    Region: "bulk"	RelError: 2.00018e+03	AbsError: 7.70469e+14
      Equation: "ElectronContinuityEquation"	RelError: 9.99000e+02	AbsError: 6.79975e+14
      Equation: "HoleContinuityEquation"	RelError: 9.99000e+02	AbsError: 9.04934e+13
      Equation: "PotentialEquation"	RelError: 2.17963e+00	AbsError: 3.07632e-02
    Region: "oxide"	RelError: 2.96180e-02	AbsError: 9.37932e-03
      Equation: "PotentialEquation"	RelError: 2.96180e-02	AbsError: 9.37932e-03
Iteration: 2
  Device: "part1_baseline"	RelError: 1.13233e+01	AbsError: 1.02872e+14
    Region: "bulk"	RelError: 1.13233e+01	AbsError: 1.02872e+14
      Equation: "ElectronContinuityEquation"	RelError: 9.99998e-01	AbsError: 1.01359e+14
      Equation: "HoleContinuityEquation"	RelError: 1.02839e+01	AbsError: 1.51240e+12
      Equation: "PotentialEquation"	RelError: 3.93363e-02	AbsError: 2.58569e-02
    Region: "oxide"	RelError: 1.54518e-05	AbsError: 1.80106e-07
      Equation: "PotentialEquation"	RelError: 1.54518e-05	AbsError: 1.80106e-07
Iteration: 3
  Device: "part1_baseline"	RelError: 1.57076e+00	AbsError: 1.15934e+15
    Region: "bulk"	RelError: 1.57068e+00	AbsError: 1.15934e+15
      Equation: "ElectronContinuityEquation"	RelError: 7.95041e-01	AbsError: 1.15904e+15
      Equation: "HoleContinuityEquation"	RelError: 7.63316e-01	AbsError: 2.93639e+11
      Equation: "PotentialEquation"	RelError: 1.23243e-02	AbsError: 9.16556e-03
    Region: "oxide"	RelError: 7.58290e-05	AbsError: 8.39124e-07
      Equation: "PotentialEquation"	RelError: 7.58290e-05	AbsError: 8.39124e-07
Iteration: 4
  Device: "part1_baseline"	RelError: 1.40046e-01	AbsError: 1.25017e+15
    Region: "bulk"	RelError: 1.39957e-01	AbsError: 1.25017e+15
      Equation: "ElectronContinuityEquation"	RelError: 6.58831e-02	AbsError: 1.24982e+15
      Equation: "HoleContinuityEquation"	RelError: 5.98136e-02	AbsError: 3.47292e+11
      Equation: "PotentialEquation"	RelError: 1.42597e-02	AbsError: 1.43956e-04
    Region: "oxide"	RelError: 8.92555e-05	AbsError: 9.90754e-07
      Equation: "PotentialEquation"	RelError: 8.92555e-05	AbsError: 9.90754e-07
Iteration: 5
  Device: "part1_baseline"	RelError: 3.99100e-03	AbsError: 9.58971e+11
    Region: "bulk"	RelError: 3.99095e-03	AbsError: 9.58971e+11
      Equation: "ElectronContinuityEquation"	RelError: 7.15423e-05	AbsError: 9.58828e+11
      Equation: "HoleContinuityEquation"	RelError: 3.91225e-03	AbsError: 1.42710e+08
      Equation: "PotentialEquation"	RelError: 7.15865e-06	AbsError: 1.04455e-07
    Region: "oxide"	RelError: 4.50795e-08	AbsError: 5.03183e-10
      Equation: "PotentialEquation"	RelError: 4.50795e-08	AbsError: 5.03183e-10
Iteration: 6
  Device: "part1_baseline"	RelError: 1.83333e-09	AbsError: 5.36181e+05
    Region: "bulk"	RelError: 1.83330e-09	AbsError: 5.36181e+05
      Equation: "ElectronContinuityEquation"	RelError: 4.77892e-11	AbsError: 5.36109e+05
      Equation: "HoleContinuityEquation"	RelError: 1.78173e-09	AbsError: 7.14881e+01
      Equation: "PotentialEquation"	RelError: 3.78641e-12	AbsError: 5.82301e-14
    Region: "oxide"	RelError: 2.40253e-14	AbsError: 2.72088e-16
      Equation: "PotentialEquation"	RelError: 2.40253e-14	AbsError: 2.72088e-16
number of equations 6651
Iteration: 0
  Device: "part1_baseline"	RelError: 2.05116e+03	AbsError: 7.25445e+16
    Region: "bulk"	RelError: 2.05021e+03	AbsError: 7.25445e+16
      Equation: "ElectronContinuityEquation"	RelError: 9.99000e+02	AbsError: 7.17526e+16
      Equation: "HoleContinuityEquation"	RelError: 9.99000e+02	AbsError: 7.91927e+14
      Equation: "PotentialEquation"	RelError: 5.22054e+01	AbsError: 4.09542e-02
    Region: "oxide"	RelError: 9.52753e-01	AbsError: 1.93116e-02
      Equation: "PotentialEquation"	RelError: 9.52753e-01	AbsError: 1.93116e-02
Iteration: 1
  Device: "part1_baseline"	RelError: 2.00873e+03	AbsError: 7.97079e+14
    Region: "bulk"	RelError: 2.00871e+03	AbsError: 7.97079e+14
      Equation: "ElectronContinuityEquation"	RelError: 9.99000e+02	AbsError: 7.18081e+14
      Equation: "HoleContinuityEquation"	RelError: 9.99000e+02	AbsError: 7.89976e+13
      Equation: "PotentialEquation"	RelError: 1.07055e+01	AbsError: 3.07632e-02
    Region: "oxide"	RelError: 2.71650e-02	AbsError: 9.38198e-03
      Equation: "PotentialEquation"	RelError: 2.71650e-02	AbsError: 9.38198e-03
Iteration: 2
  Device: "part1_baseline"	RelError: 8.89125e+00	AbsError: 9.27002e+13
    Region: "bulk"	RelError: 8.89122e+00	AbsError: 9.27002e+13
      Equation: "ElectronContinuityEquation"	RelError: 9.99998e-01	AbsError: 9.19884e+13
      Equation: "HoleContinuityEquation"	RelError: 7.85992e+00	AbsError: 7.11814e+11
      Equation: "PotentialEquation"	RelError: 3.13014e-02	AbsError: 2.58846e-02
    Region: "oxide"	RelError: 2.60873e-05	AbsError: 1.49057e-07
      Equation: "PotentialEquation"	RelError: 2.60873e-05	AbsError: 1.49057e-07
Iteration: 3
  Device: "part1_baseline"	RelError: 1.44092e+00	AbsError: 9.94036e+14
    Region: "bulk"	RelError: 1.44080e+00	AbsError: 9.94036e+14
      Equation: "ElectronContinuityEquation"	RelError: 7.21976e-01	AbsError: 9.93800e+14
      Equation: "HoleContinuityEquation"	RelError: 7.11648e-01	AbsError: 2.35917e+11
      Equation: "PotentialEquation"	RelError: 7.17404e-03	AbsError: 9.16552e-03
    Region: "oxide"	RelError: 1.25470e-04	AbsError: 7.07872e-07
      Equation: "PotentialEquation"	RelError: 1.25470e-04	AbsError: 7.07872e-07
Iteration: 4
  Device: "part1_baseline"	RelError: 1.35307e-01	AbsError: 1.07555e+15
    Region: "bulk"	RelError: 1.35158e-01	AbsError: 1.07555e+15
      Equation: "ElectronContinuityEquation"	RelError: 6.67591e-02	AbsError: 1.07527e+15
      Equation: "HoleContinuityEquation"	RelError: 6.28721e-02	AbsError: 2.81980e+11
      Equation: "PotentialEquation"	RelError: 5.52716e-03	AbsError: 1.23465e-04
    Region: "oxide"	RelError: 1.48497e-04	AbsError: 8.39222e-07
      Equation: "PotentialEquation"	RelError: 1.48497e-04	AbsError: 8.39222e-07
Iteration: 5
  Device: "part1_baseline"	RelError: 4.24800e-03	AbsError: 7.26348e+11
    Region: "bulk"	RelError: 4.24793e-03	AbsError: 7.26348e+11
      Equation: "ElectronContinuityEquation"	RelError: 6.39349e-05	AbsError: 7.26244e+11
      Equation: "HoleContinuityEquation"	RelError: 4.18250e-03	AbsError: 1.03741e+08
      Equation: "PotentialEquation"	RelError: 1.49809e-06	AbsError: 7.93281e-08
    Region: "oxide"	RelError: 6.84504e-08	AbsError: 3.89936e-10
      Equation: "PotentialEquation"	RelError: 6.84504e-08	AbsError: 3.89936e-10
Iteration: 6
  Device: "part1_baseline"	RelError: 1.70345e-09	AbsError: 3.15618e+05
    Region: "bulk"	RelError: 1.70343e-09	AbsError: 3.15618e+05
      Equation: "ElectronContinuityEquation"	RelError: 3.24908e-11	AbsError: 3.15578e+05
      Equation: "HoleContinuityEquation"	RelError: 1.67031e-09	AbsError: 4.03098e+01
      Equation: "PotentialEquation"	RelError: 6.23312e-13	AbsError: 3.43676e-14
    Region: "oxide"	RelError: 2.84808e-14	AbsError: 1.64606e-16
      Equation: "PotentialEquation"	RelError: 2.84808e-14	AbsError: 1.64606e-16
number of equations 6651
Iteration: 0
  Device: "part1_baseline"	RelError: 2.04994e+03	AbsError: 7.10774e+16
    Region: "bulk"	RelError: 2.02653e+03	AbsError: 7.10774e+16
      Equation: "ElectronContinuityEquation"	RelError: 9.99000e+02	AbsError: 7.03331e+16
      Equation: "HoleContinuityEquation"	RelError: 9.99000e+02	AbsError: 7.44333e+14
      Equation: "PotentialEquation"	RelError: 2.85299e+01	AbsError: 4.09542e-02
    Region: "oxide"	RelError: 2.34076e+01	AbsError: 1.93141e-02
      Equation: "PotentialEquation"	RelError: 2.34076e+01	AbsError: 1.93141e-02
Iteration: 1
  Device: "part1_baseline"	RelError: 2.00171e+03	AbsError: 8.19378e+14
    Region: "bulk"	RelError: 2.00166e+03	AbsError: 8.19378e+14
      Equation: "ElectronContinuityEquation"	RelError: 9.99000e+02	AbsError: 7.51521e+14
      Equation: "HoleContinuityEquation"	RelError: 9.99000e+02	AbsError: 6.78570e+13
      Equation: "PotentialEquation"	RelError: 3.65958e+00	AbsError: 3.07632e-02
    Region: "oxide"	RelError: 4.92085e-02	AbsError: 9.38422e-03
      Equation: "PotentialEquation"	RelError: 4.92085e-02	AbsError: 9.38422e-03
Iteration: 2
  Device: "part1_baseline"	RelError: 5.10946e+00	AbsError: 8.30052e+13
    Region: "bulk"	RelError: 5.10888e+00	AbsError: 8.30052e+13
      Equation: "ElectronContinuityEquation"	RelError: 9.99993e-01	AbsError: 8.26520e+13
      Equation: "HoleContinuityEquation"	RelError: 4.08287e+00	AbsError: 3.53134e+11
      Equation: "PotentialEquation"	RelError: 2.60086e-02	AbsError: 2.58993e-02
    Region: "oxide"	RelError: 5.82994e-04	AbsError: 1.28748e-07
      Equation: "PotentialEquation"	RelError: 5.82994e-04	AbsError: 1.28748e-07
Iteration: 3
  Device: "part1_baseline"	RelError: 1.16999e+00	AbsError: 8.43988e+14
    Region: "bulk"	RelError: 1.16729e+00	AbsError: 8.43988e+14
      Equation: "ElectronContinuityEquation"	RelError: 6.36794e-01	AbsError: 8.43801e+14
      Equation: "HoleContinuityEquation"	RelError: 5.23866e-01	AbsError: 1.86495e+11
      Equation: "PotentialEquation"	RelError: 6.63056e-03	AbsError: 9.16548e-03
    Region: "oxide"	RelError: 2.69627e-03	AbsError: 5.91425e-07
      Equation: "PotentialEquation"	RelError: 2.69627e-03	AbsError: 5.91425e-07
Iteration: 4
  Device: "part1_baseline"	RelError: 1.39206e-01	AbsError: 9.16021e+14
    Region: "bulk"	RelError: 1.35988e-01	AbsError: 9.16021e+14
      Equation: "ElectronContinuityEquation"	RelError: 6.74570e-02	AbsError: 9.15795e+14
      Equation: "HoleContinuityEquation"	RelError: 6.43506e-02	AbsError: 2.26123e+11
      Equation: "PotentialEquation"	RelError: 4.18048e-03	AbsError: 1.04935e-04
    Region: "oxide"	RelError: 3.21825e-03	AbsError: 7.08904e-07
      Equation: "PotentialEquation"	RelError: 3.21825e-03	AbsError: 7.08904e-07
Iteration: 5
  Device: "part1_baseline"	RelError: 4.33323e-03	AbsError: 5.35022e+11
    Region: "bulk"	RelError: 4.33191e-03	AbsError: 5.35022e+11
      Equation: "ElectronContinuityEquation"	RelError: 5.63717e-05	AbsError: 5.34948e+11
      Equation: "HoleContinuityEquation"	RelError: 4.27384e-03	AbsError: 7.45606e+07
      Equation: "PotentialEquation"	RelError: 1.69974e-06	AbsError: 5.85765e-08
    Region: "oxide"	RelError: 1.31966e-06	AbsError: 2.93619e-10
      Equation: "PotentialEquation"	RelError: 1.31966e-06	AbsError: 2.93619e-10
Iteration: 6
  Device: "part1_baseline"	RelError: 1.53480e-09	AbsError: 1.74340e+05
    Region: "bulk"	RelError: 1.53439e-09	AbsError: 1.74340e+05
      Equation: "ElectronContinuityEquation"	RelError: 2.08992e-11	AbsError: 1.74319e+05
      Equation: "HoleContinuityEquation"	RelError: 1.51296e-09	AbsError: 2.13163e+01
      Equation: "PotentialEquation"	RelError: 5.28008e-13	AbsError: 1.90272e-14
    Region: "oxide"	RelError: 4.12301e-13	AbsError: 9.30446e-17
      Equation: "PotentialEquation"	RelError: 4.12301e-13	AbsError: 9.30446e-17
number of equations 6651
Iteration: 0
  Device: "part1_baseline"	RelError: 2.01290e+03	AbsError: 6.95190e+16
    Region: "bulk"	RelError: 2.00656e+03	AbsError: 6.95190e+16
      Equation: "ElectronContinuityEquation"	RelError: 9.99000e+02	AbsError: 6.88196e+16
      Equation: "HoleContinuityEquation"	RelError: 9.99000e+02	AbsError: 6.99411e+14
      Equation: "PotentialEquation"	RelError: 8.55634e+00	AbsError: 4.09542e-02
    Region: "oxide"	RelError: 6.34646e+00	AbsError: 1.93161e-02
      Equation: "PotentialEquation"	RelError: 6.34646e+00	AbsError: 1.93161e-02
Iteration: 1
  Device: "part1_baseline"	RelError: 2.00188e+03	AbsError: 8.43091e+14
    Region: "bulk"	RelError: 2.00185e+03	AbsError: 8.43091e+14
      Equation: "ElectronContinuityEquation"	RelError: 9.99000e+02	AbsError: 7.83327e+14
      Equation: "HoleContinuityEquation"	RelError: 9.99000e+02	AbsError: 5.97643e+13
      Equation: "PotentialEquation"	RelError: 3.85274e+00	AbsError: 3.07632e-02
    Region: "oxide"	RelError: 2.33038e-02	AbsError: 9.38607e-03
      Equation: "PotentialEquation"	RelError: 2.33038e-02	AbsError: 9.38607e-03
Iteration: 2
  Device: "part1_baseline"	RelError: 3.95929e+00	AbsError: 7.40603e+13
    Region: "bulk"	RelError: 3.95918e+00	AbsError: 7.40603e+13
      Equation: "ElectronContinuityEquation"	RelError: 9.99993e-01	AbsError: 7.39272e+13
      Equation: "HoleContinuityEquation"	RelError: 2.93696e+00	AbsError: 1.33108e+11
      Equation: "PotentialEquation"	RelError: 2.22287e-02	AbsError: 2.58715e-02
    Region: "oxide"	RelError: 1.04723e-04	AbsError: 1.15666e-07
      Equation: "PotentialEquation"	RelError: 1.04723e-04	AbsError: 1.15666e-07
Iteration: 3
  Device: "part1_baseline"	RelError: 9.70054e-01	AbsError: 7.10284e+14
    Region: "bulk"	RelError: 9.69614e-01	AbsError: 7.10284e+14
      Equation: "ElectronContinuityEquation"	RelError: 5.34740e-01	AbsError: 7.10140e+14
      Equation: "HoleContinuityEquation"	RelError: 4.28712e-01	AbsError: 1.43812e+11
      Equation: "PotentialEquation"	RelError: 6.16233e-03	AbsError: 9.16544e-03
    Region: "oxide"	RelError: 4.40287e-04	AbsError: 4.86524e-07
      Equation: "PotentialEquation"	RelError: 4.40287e-04	AbsError: 4.86524e-07
Iteration: 4
  Device: "part1_baseline"	RelError: 1.33700e-01	AbsError: 7.73066e+14
    Region: "bulk"	RelError: 1.33162e-01	AbsError: 7.73066e+14
      Equation: "ElectronContinuityEquation"	RelError: 6.79385e-02	AbsError: 7.72888e+14
      Equation: "HoleContinuityEquation"	RelError: 6.24188e-02	AbsError: 1.78574e+11
      Equation: "PotentialEquation"	RelError: 2.80499e-03	AbsError: 8.84276e-05
    Region: "oxide"	RelError: 5.37441e-04	AbsError: 5.93558e-07
      Equation: "PotentialEquation"	RelError: 5.37441e-04	AbsError: 5.93558e-07
Iteration: 5
  Device: "part1_baseline"	RelError: 4.02472e-03	AbsError: 3.84319e+11
    Region: "bulk"	RelError: 4.02453e-03	AbsError: 3.84319e+11
      Equation: "ElectronContinuityEquation"	RelError: 4.92400e-05	AbsError: 3.84268e+11
      Equation: "HoleContinuityEquation"	RelError: 3.97446e-03	AbsError: 5.11578e+07
      Equation: "PotentialEquation"	RelError: 8.32236e-07	AbsError: 4.21689e-08
    Region: "oxide"	RelError: 1.94403e-07	AbsError: 2.14696e-10
      Equation: "PotentialEquation"	RelError: 1.94403e-07	AbsError: 2.14696e-10
Iteration: 6
  Device: "part1_baseline"	RelError: 1.23904e-09	AbsError: 9.09394e+04
    Region: "bulk"	RelError: 1.23899e-09	AbsError: 9.09394e+04
      Equation: "ElectronContinuityEquation"	RelError: 1.32120e-11	AbsError: 9.09287e+04
      Equation: "HoleContinuityEquation"	RelError: 1.22560e-09	AbsError: 1.06706e+01
      Equation: "PotentialEquation"	RelError: 1.82655e-13	AbsError: 9.94468e-15
    Region: "oxide"	RelError: 4.44658e-14	AbsError: 4.94774e-17
      Equation: "PotentialEquation"	RelError: 4.44658e-14	AbsError: 4.94774e-17
number of equations 6651
Iteration: 0
  Device: "part1_baseline"	RelError: 2.16517e+03	AbsError: 6.78771e+16
    Region: "bulk"	RelError: 2.16430e+03	AbsError: 6.78771e+16
      Equation: "ElectronContinuityEquation"	RelError: 9.99000e+02	AbsError: 6.72187e+16
      Equation: "HoleContinuityEquation"	RelError: 1.10945e+03	AbsError: 6.58328e+14
      Equation: "PotentialEquation"	RelError: 5.58564e+01	AbsError: 4.09542e-02
    Region: "oxide"	RelError: 8.63332e-01	AbsError: 1.93178e-02
      Equation: "PotentialEquation"	RelError: 8.63332e-01	AbsError: 1.93178e-02
Iteration: 1
  Device: "part1_baseline"	RelError: 2.00035e+03	AbsError: 8.67965e+14
    Region: "bulk"	RelError: 2.00033e+03	AbsError: 8.67965e+14
      Equation: "ElectronContinuityEquation"	RelError: 9.99000e+02	AbsError: 8.15088e+14
      Equation: "HoleContinuityEquation"	RelError: 9.99000e+02	AbsError: 5.28772e+13
      Equation: "PotentialEquation"	RelError: 2.32576e+00	AbsError: 3.07632e-02
    Region: "oxide"	RelError: 2.17569e-02	AbsError: 9.38758e-03
      Equation: "PotentialEquation"	RelError: 2.17569e-02	AbsError: 9.38758e-03
Iteration: 2
  Device: "part1_baseline"	RelError: 2.59467e+00	AbsError: 7.00056e+13
    Region: "bulk"	RelError: 2.59466e+00	AbsError: 7.00056e+13
      Equation: "ElectronContinuityEquation"	RelError: 9.99993e-01	AbsError: 6.99275e+13
      Equation: "HoleContinuityEquation"	RelError: 1.57527e+00	AbsError: 7.81275e+10
      Equation: "PotentialEquation"	RelError: 1.93913e-02	AbsError: 2.58756e-02
    Region: "oxide"	RelError: 1.31508e-05	AbsError: 1.06354e-07
      Equation: "PotentialEquation"	RelError: 1.31508e-05	AbsError: 1.06354e-07
Iteration: 3
  Device: "part1_baseline"	RelError: 6.93217e-01	AbsError: 5.93025e+14
    Region: "bulk"	RelError: 6.93167e-01	AbsError: 5.93025e+14
      Equation: "ElectronContinuityEquation"	RelError: 4.08205e-01	AbsError: 5.92912e+14
      Equation: "HoleContinuityEquation"	RelError: 2.79207e-01	AbsError: 1.13141e+11
      Equation: "PotentialEquation"	RelError: 5.75486e-03	AbsError: 9.16541e-03
    Region: "oxide"	RelError: 4.93979e-05	AbsError: 3.99528e-07
      Equation: "PotentialEquation"	RelError: 4.93979e-05	AbsError: 3.99528e-07
Iteration: 4
  Device: "part1_baseline"	RelError: 1.30825e-01	AbsError: 6.47080e+14
    Region: "bulk"	RelError: 1.30763e-01	AbsError: 6.47080e+14
      Equation: "ElectronContinuityEquation"	RelError: 6.83801e-02	AbsError: 6.46937e+14
      Equation: "HoleContinuityEquation"	RelError: 5.55445e-02	AbsError: 1.43672e+11
      Equation: "PotentialEquation"	RelError: 6.83876e-03	AbsError: 7.39800e-05
    Region: "oxide"	RelError: 6.16049e-05	AbsError: 4.98222e-07
      Equation: "PotentialEquation"	RelError: 6.16049e-05	AbsError: 4.98222e-07
Iteration: 5
  Device: "part1_baseline"	RelError: 3.17128e-03	AbsError: 2.70053e+11
    Region: "bulk"	RelError: 3.17126e-03	AbsError: 2.70053e+11
      Equation: "ElectronContinuityEquation"	RelError: 4.25748e-05	AbsError: 2.70018e+11
      Equation: "HoleContinuityEquation"	RelError: 3.12667e-03	AbsError: 3.48639e+07
      Equation: "PotentialEquation"	RelError: 2.01973e-06	AbsError: 2.96955e-08
    Region: "oxide"	RelError: 1.90323e-08	AbsError: 1.53917e-10
      Equation: "PotentialEquation"	RelError: 1.90323e-08	AbsError: 1.53917e-10
Iteration: 6
  Device: "part1_baseline"	RelError: 8.68466e-10	AbsError: 4.51192e+04
    Region: "bulk"	RelError: 8.68463e-10	AbsError: 4.51192e+04
      Equation: "ElectronContinuityEquation"	RelError: 8.02341e-12	AbsError: 4.51141e+04
      Equation: "HoleContinuityEquation"	RelError: 8.60122e-10	AbsError: 5.12957e+00
      Equation: "PotentialEquation"	RelError: 3.17907e-13	AbsError: 4.94288e-15
    Region: "oxide"	RelError: 3.06708e-15	AbsError: 2.49864e-17
      Equation: "PotentialEquation"	RelError: 3.06708e-15	AbsError: 2.49864e-17
number of equations 6651
Iteration: 0
  Device: "part1_baseline"	RelError: 2.02973e+03	AbsError: 6.61615e+16
    Region: "bulk"	RelError: 2.02927e+03	AbsError: 6.61615e+16
      Equation: "ElectronContinuityEquation"	RelError: 9.99000e+02	AbsError: 6.55331e+16
      Equation: "HoleContinuityEquation"	RelError: 9.99000e+02	AbsError: 6.28365e+14
      Equation: "PotentialEquation"	RelError: 3.12667e+01	AbsError: 4.09542e-02
    Region: "oxide"	RelError: 4.63574e-01	AbsError: 1.93191e-02
      Equation: "PotentialEquation"	RelError: 4.63574e-01	AbsError: 1.93191e-02
Iteration: 1
  Device: "part1_baseline"	RelError: 1.07466e+03	AbsError: 8.95546e+14
    Region: "bulk"	RelError: 1.07464e+03	AbsError: 8.95546e+14
      Equation: "ElectronContinuityEquation"	RelError: 9.99000e+02	AbsError: 8.47586e+14
      Equation: "HoleContinuityEquation"	RelError: 9.98485e-01	AbsError: 4.79606e+13
      Equation: "PotentialEquation"	RelError: 7.46396e+01	AbsError: 3.07632e-02
    Region: "oxide"	RelError: 2.04023e-02	AbsError: 9.38879e-03
      Equation: "PotentialEquation"	RelError: 2.04023e-02	AbsError: 9.38879e-03
Iteration: 2
  Device: "part1_baseline"	RelError: 2.05241e+00	AbsError: 6.56352e+13
    Region: "bulk"	RelError: 2.05240e+00	AbsError: 6.56352e+13
      Equation: "ElectronContinuityEquation"	RelError: 9.99993e-01	AbsError: 6.55732e+13
      Equation: "HoleContinuityEquation"	RelError: 1.03523e+00	AbsError: 6.19365e+10
      Equation: "PotentialEquation"	RelError: 1.71828e-02	AbsError: 2.58924e-02
    Region: "oxide"	RelError: 8.85389e-06	AbsError: 9.87371e-08
      Equation: "PotentialEquation"	RelError: 8.85389e-06	AbsError: 9.87371e-08
Iteration: 3
  Device: "part1_baseline"	RelError: 4.16683e-01	AbsError: 4.91647e+14
    Region: "bulk"	RelError: 4.16654e-01	AbsError: 4.91647e+14
      Equation: "ElectronContinuityEquation"	RelError: 2.99203e-01	AbsError: 4.91559e+14
      Equation: "HoleContinuityEquation"	RelError: 8.08581e-02	AbsError: 8.88630e+10
      Equation: "PotentialEquation"	RelError: 3.65932e-02	AbsError: 9.16540e-03
    Region: "oxide"	RelError: 2.93756e-05	AbsError: 3.26890e-07
      Equation: "PotentialEquation"	RelError: 2.93756e-05	AbsError: 3.26890e-07
Iteration: 4
  Device: "part1_baseline"	RelError: 1.64129e-01	AbsError: 5.37691e+14
    Region: "bulk"	RelError: 1.64092e-01	AbsError: 5.37691e+14
      Equation: "ElectronContinuityEquation"	RelError: 6.86928e-02	AbsError: 5.37575e+14
      Equation: "HoleContinuityEquation"	RelError: 4.94542e-02	AbsError: 1.15773e+11
      Equation: "PotentialEquation"	RelError: 4.59448e-02	AbsError: 6.14918e-05
    Region: "oxide"	RelError: 3.75576e-05	AbsError: 4.18711e-07
      Equation: "PotentialEquation"	RelError: 3.75576e-05	AbsError: 4.18711e-07
Iteration: 5
  Device: "part1_baseline"	RelError: 2.43787e-03	AbsError: 1.86128e+11
    Region: "bulk"	RelError: 2.43786e-03	AbsError: 1.86128e+11
      Equation: "ElectronContinuityEquation"	RelError: 3.63684e-05	AbsError: 1.86105e+11
      Equation: "HoleContinuityEquation"	RelError: 2.39364e-03	AbsError: 2.36145e+07
      Equation: "PotentialEquation"	RelError: 7.85707e-06	AbsError: 2.05112e-08
    Region: "oxide"	RelError: 9.47807e-09	AbsError: 1.08425e-10
      Equation: "PotentialEquation"	RelError: 9.47807e-09	AbsError: 1.08425e-10
Iteration: 6
  Device: "part1_baseline"	RelError: 5.17490e-10	AbsError: 2.14253e+04
    Region: "bulk"	RelError: 5.17489e-10	AbsError: 2.14253e+04
      Equation: "ElectronContinuityEquation"	RelError: 4.68199e-12	AbsError: 2.14230e+04
      Equation: "HoleContinuityEquation"	RelError: 5.12136e-10	AbsError: 2.35774e+00
      Equation: "PotentialEquation"	RelError: 6.71514e-13	AbsError: 2.35109e-15
    Region: "oxide"	RelError: 1.03394e-15	AbsError: 1.20652e-17
      Equation: "PotentialEquation"	RelError: 1.03394e-15	AbsError: 1.20652e-17
number of equations 6651
Iteration: 0
  Device: "part1_baseline"	RelError: 5.55363e+03	AbsError: 6.43538e+16
    Region: "bulk"	RelError: 5.55293e+03	AbsError: 6.43538e+16
      Equation: "ElectronContinuityEquation"	RelError: 3.56070e+03	AbsError: 6.37631e+16
      Equation: "HoleContinuityEquation"	RelError: 9.99000e+02	AbsError: 5.90665e+14
      Equation: "PotentialEquation"	RelError: 9.93236e+02	AbsError: 4.09542e-02
    Region: "oxide"	RelError: 6.95847e-01	AbsError: 1.93202e-02
      Equation: "PotentialEquation"	RelError: 6.95847e-01	AbsError: 1.93202e-02
Iteration: 1
  Device: "part1_baseline"	RelError: 1.22773e+01	AbsError: 9.24402e+14
    Region: "bulk"	RelError: 1.22581e+01	AbsError: 9.24402e+14
      Equation: "ElectronContinuityEquation"	RelError: 9.99372e-01	AbsError: 8.81138e+14
      Equation: "HoleContinuityEquation"	RelError: 9.98445e-01	AbsError: 4.32641e+13
      Equation: "PotentialEquation"	RelError: 1.02603e+01	AbsError: 3.07632e-02
    Region: "oxide"	RelError: 1.92061e-02	AbsError: 9.38974e-03
      Equation: "PotentialEquation"	RelError: 1.92061e-02	AbsError: 9.38974e-03
Iteration: 2
  Device: "part1_baseline"	RelError: 1.91892e+00	AbsError: 6.10258e+13
    Region: "bulk"	RelError: 1.91891e+00	AbsError: 6.10258e+13
      Equation: "ElectronContinuityEquation"	RelError: 9.56851e-01	AbsError: 6.09771e+13
      Equation: "HoleContinuityEquation"	RelError: 9.31001e-01	AbsError: 4.87441e+10
      Equation: "PotentialEquation"	RelError: 3.10570e-02	AbsError: 2.58977e-02
    Region: "oxide"	RelError: 1.40796e-05	AbsError: 9.23323e-08
      Equation: "PotentialEquation"	RelError: 1.40796e-05	AbsError: 9.23323e-08
Iteration: 3
  Device: "part1_baseline"	RelError: 3.21597e-01	AbsError: 4.05082e+14
    Region: "bulk"	RelError: 3.21556e-01	AbsError: 4.05082e+14
      Equation: "ElectronContinuityEquation"	RelError: 2.12779e-01	AbsError: 4.05011e+14
      Equation: "HoleContinuityEquation"	RelError: 2.62596e-02	AbsError: 7.11938e+10
      Equation: "PotentialEquation"	RelError: 8.25174e-02	AbsError: 9.16539e-03
    Region: "oxide"	RelError: 4.07746e-05	AbsError: 2.65641e-07
      Equation: "PotentialEquation"	RelError: 4.07746e-05	AbsError: 2.65641e-07
Iteration: 4
  Device: "part1_baseline"	RelError: 2.39110e-01	AbsError: 4.43934e+14
    Region: "bulk"	RelError: 2.39056e-01	AbsError: 4.43934e+14
      Equation: "ElectronContinuityEquation"	RelError: 6.89374e-02	AbsError: 4.43838e+14
      Equation: "HoleContinuityEquation"	RelError: 4.79144e-02	AbsError: 9.54263e+10
      Equation: "PotentialEquation"	RelError: 1.22205e-01	AbsError: 5.08148e-05
    Region: "oxide"	RelError: 5.38069e-05	AbsError: 3.51707e-07
      Equation: "PotentialEquation"	RelError: 5.38069e-05	AbsError: 3.51707e-07
Iteration: 5
  Device: "part1_baseline"	RelError: 2.26624e-03	AbsError: 1.26138e+11
    Region: "bulk"	RelError: 2.26623e-03	AbsError: 1.26138e+11
      Equation: "ElectronContinuityEquation"	RelError: 3.07481e-05	AbsError: 1.26123e+11
      Equation: "HoleContinuityEquation"	RelError: 2.21007e-03	AbsError: 1.57977e+07
      Equation: "PotentialEquation"	RelError: 2.54101e-05	AbsError: 1.39301e-08
    Region: "oxide"	RelError: 1.11888e-08	AbsError: 7.51879e-11
      Equation: "PotentialEquation"	RelError: 1.11888e-08	AbsError: 7.51879e-11
Iteration: 6
  Device: "part1_baseline"	RelError: 2.53408e-10	AbsError: 9.79313e+03
    Region: "bulk"	RelError: 2.53407e-10	AbsError: 9.79313e+03
      Equation: "ElectronContinuityEquation"	RelError: 2.58976e-12	AbsError: 9.79208e+03
      Equation: "HoleContinuityEquation"	RelError: 2.48961e-10	AbsError: 1.05045e+00
      Equation: "PotentialEquation"	RelError: 1.85586e-12	AbsError: 1.07634e-15
    Region: "oxide"	RelError: 8.17199e-16	AbsError: 5.60649e-18
      Equation: "PotentialEquation"	RelError: 8.17199e-16	AbsError: 5.60649e-18
number of equations 6651
Iteration: 0
  Device: "part1_baseline"	RelError: 2.00537e+03	AbsError: 6.24761e+16
    Region: "bulk"	RelError: 2.00305e+03	AbsError: 6.24761e+16
      Equation: "ElectronContinuityEquation"	RelError: 9.99000e+02	AbsError: 6.19078e+16
      Equation: "HoleContinuityEquation"	RelError: 9.99000e+02	AbsError: 5.68313e+14
      Equation: "PotentialEquation"	RelError: 5.05274e+00	AbsError: 4.09542e-02
    Region: "oxide"	RelError: 2.32086e+00	AbsError: 1.93211e-02
      Equation: "PotentialEquation"	RelError: 2.32086e+00	AbsError: 1.93211e-02
Iteration: 1
  Device: "part1_baseline"	RelError: 4.08991e+00	AbsError: 9.54409e+14
    Region: "bulk"	RelError: 4.07177e+00	AbsError: 9.54409e+14
      Equation: "ElectronContinuityEquation"	RelError: 9.97893e-01	AbsError: 9.15726e+14
      Equation: "HoleContinuityEquation"	RelError: 9.98330e-01	AbsError: 3.86826e+13
      Equation: "PotentialEquation"	RelError: 2.07554e+00	AbsError: 3.07632e-02
    Region: "oxide"	RelError: 1.81422e-02	AbsError: 9.39047e-03
      Equation: "PotentialEquation"	RelError: 1.81422e-02	AbsError: 9.39047e-03
Iteration: 2
  Device: "part1_baseline"	RelError: 1.59541e+00	AbsError: 5.62904e+13
    Region: "bulk"	RelError: 1.59537e+00	AbsError: 5.62904e+13
      Equation: "ElectronContinuityEquation"	RelError: 7.54571e-01	AbsError: 5.62533e+13
      Equation: "HoleContinuityEquation"	RelError: 8.25717e-01	AbsError: 3.70774e+10
      Equation: "PotentialEquation"	RelError: 1.50770e-02	AbsError: 2.58752e-02
    Region: "oxide"	RelError: 4.41838e-05	AbsError: 8.69495e-08
      Equation: "PotentialEquation"	RelError: 4.41838e-05	AbsError: 8.69495e-08
Iteration: 3
  Device: "part1_baseline"	RelError: 2.04887e-01	AbsError: 3.31948e+14
    Region: "bulk"	RelError: 2.04778e-01	AbsError: 3.31948e+14
      Equation: "ElectronContinuityEquation"	RelError: 1.75203e-01	AbsError: 3.31893e+14
      Equation: "HoleContinuityEquation"	RelError: 2.47726e-02	AbsError: 5.49902e+10
      Equation: "PotentialEquation"	RelError: 4.80220e-03	AbsError: 9.16538e-03
    Region: "oxide"	RelError: 1.09036e-04	AbsError: 2.12042e-07
      Equation: "PotentialEquation"	RelError: 1.09036e-04	AbsError: 2.12042e-07
Iteration: 4
  Device: "part1_baseline"	RelError: 1.13944e-01	AbsError: 3.64462e+14
    Region: "bulk"	RelError: 1.13794e-01	AbsError: 3.64462e+14
      Equation: "ElectronContinuityEquation"	RelError: 6.91501e-02	AbsError: 3.64386e+14
      Equation: "HoleContinuityEquation"	RelError: 4.34837e-02	AbsError: 7.66072e+10
      Equation: "PotentialEquation"	RelError: 1.16018e-03	AbsError: 4.17648e-05
    Region: "oxide"	RelError: 1.49989e-04	AbsError: 2.93265e-07
      Equation: "PotentialEquation"	RelError: 1.49989e-04	AbsError: 2.93265e-07
Iteration: 5
  Device: "part1_baseline"	RelError: 1.84044e-03	AbsError: 8.42254e+10
    Region: "bulk"	RelError: 1.84041e-03	AbsError: 8.42254e+10
      Equation: "ElectronContinuityEquation"	RelError: 2.58291e-05	AbsError: 8.42150e+10
      Equation: "HoleContinuityEquation"	RelError: 1.81447e-03	AbsError: 1.03360e+07
      Equation: "PotentialEquation"	RelError: 1.13486e-07	AbsError: 9.32010e-09
    Region: "oxide"	RelError: 2.54500e-08	AbsError: 5.12186e-11
      Equation: "PotentialEquation"	RelError: 2.54500e-08	AbsError: 5.12186e-11
Iteration: 6
  Device: "part1_baseline"	RelError: 9.67224e-11	AbsError: 4.32896e+03
    Region: "bulk"	RelError: 9.67212e-11	AbsError: 4.32896e+03
      Equation: "ElectronContinuityEquation"	RelError: 1.28476e-12	AbsError: 4.32851e+03
      Equation: "HoleContinuityEquation"	RelError: 9.54317e-11	AbsError: 4.50454e-01
      Equation: "PotentialEquation"	RelError: 4.70134e-15	AbsError: 4.76498e-16
    Region: "oxide"	RelError: 1.22449e-15	AbsError: 2.51726e-18
      Equation: "PotentialEquation"	RelError: 1.22449e-15	AbsError: 2.51726e-18
number of equations 6651
Iteration: 0
  Device: "part1_baseline"	RelError: 2.09081e+03	AbsError: 6.05016e+16
    Region: "bulk"	RelError: 2.08906e+03	AbsError: 6.05016e+16
      Equation: "ElectronContinuityEquation"	RelError: 9.99000e+02	AbsError: 5.99661e+16
      Equation: "HoleContinuityEquation"	RelError: 9.99000e+02	AbsError: 5.35502e+14
      Equation: "PotentialEquation"	RelError: 9.10600e+01	AbsError: 4.09542e-02
    Region: "oxide"	RelError: 1.74902e+00	AbsError: 1.93217e-02
      Equation: "PotentialEquation"	RelError: 1.74902e+00	AbsError: 1.93217e-02
Iteration: 1
  Device: "part1_baseline"	RelError: 3.90603e+00	AbsError: 9.86880e+14
    Region: "bulk"	RelError: 3.88884e+00	AbsError: 9.86880e+14
      Equation: "ElectronContinuityEquation"	RelError: 9.95127e-01	AbsError: 9.51092e+14
      Equation: "HoleContinuityEquation"	RelError: 9.98416e-01	AbsError: 3.57885e+13
      Equation: "PotentialEquation"	RelError: 1.89529e+00	AbsError: 3.07632e-02
    Region: "oxide"	RelError: 1.71896e-02	AbsError: 9.39100e-03
      Equation: "PotentialEquation"	RelError: 1.71896e-02	AbsError: 9.39100e-03
Iteration: 2
  Device: "part1_baseline"	RelError: 1.38545e+00	AbsError: 5.15377e+13
    Region: "bulk"	RelError: 1.38542e+00	AbsError: 5.15377e+13
      Equation: "ElectronContinuityEquation"	RelError: 5.99959e-01	AbsError: 5.15070e+13
      Equation: "HoleContinuityEquation"	RelError: 7.71197e-01	AbsError: 3.07135e+10
      Equation: "PotentialEquation"	RelError: 1.42665e-02	AbsError: 2.58471e-02
    Region: "oxide"	RelError: 3.12464e-05	AbsError: 8.23795e-08
      Equation: "PotentialEquation"	RelError: 3.12464e-05	AbsError: 8.23795e-08
Iteration: 3
  Device: "part1_baseline"	RelError: 1.82748e-01	AbsError: 2.70722e+14
    Region: "bulk"	RelError: 1.82684e-01	AbsError: 2.70722e+14
      Equation: "ElectronContinuityEquation"	RelError: 1.52544e-01	AbsError: 2.70682e+14
      Equation: "HoleContinuityEquation"	RelError: 2.48099e-02	AbsError: 4.08718e+10
      Equation: "PotentialEquation"	RelError: 5.33045e-03	AbsError: 9.16537e-03
    Region: "oxide"	RelError: 6.40847e-05	AbsError: 1.65939e-07
      Equation: "PotentialEquation"	RelError: 6.40847e-05	AbsError: 1.65939e-07
Iteration: 4
  Device: "part1_baseline"	RelError: 1.13234e-01	AbsError: 2.97738e+14
    Region: "bulk"	RelError: 1.13141e-01	AbsError: 2.97738e+14
      Equation: "ElectronContinuityEquation"	RelError: 6.92878e-02	AbsError: 2.97678e+14
      Equation: "HoleContinuityEquation"	RelError: 3.61888e-02	AbsError: 6.01302e+10
      Equation: "PotentialEquation"	RelError: 7.66400e-03	AbsError: 3.41647e-05
    Region: "oxide"	RelError: 9.31281e-05	AbsError: 2.43096e-07
      Equation: "PotentialEquation"	RelError: 9.31281e-05	AbsError: 2.43096e-07
Iteration: 5
  Device: "part1_baseline"	RelError: 1.28555e-03	AbsError: 5.55246e+10
    Region: "bulk"	RelError: 1.28554e-03	AbsError: 5.55246e+10
      Equation: "ElectronContinuityEquation"	RelError: 2.15490e-05	AbsError: 5.55179e+10
      Equation: "HoleContinuityEquation"	RelError: 1.26298e-03	AbsError: 6.64092e+06
      Equation: "PotentialEquation"	RelError: 1.01383e-06	AbsError: 6.15548e-09
    Region: "oxide"	RelError: 1.27616e-08	AbsError: 3.43134e-11
      Equation: "PotentialEquation"	RelError: 1.27616e-08	AbsError: 3.43134e-11
Iteration: 6
  Device: "part1_baseline"	RelError: 2.92377e-11	AbsError: 1.85934e+03
    Region: "bulk"	RelError: 2.92373e-11	AbsError: 1.85934e+03
      Equation: "ElectronContinuityEquation"	RelError: 6.53047e-13	AbsError: 1.85915e+03
      Equation: "HoleContinuityEquation"	RelError: 2.85532e-11	AbsError: 1.88725e-01
      Equation: "PotentialEquation"	RelError: 3.10773e-14	AbsError: 2.04945e-16
    Region: "oxide"	RelError: 3.98959e-16	AbsError: 1.09637e-18
      Equation: "PotentialEquation"	RelError: 3.98959e-16	AbsError: 1.09637e-18
number of equations 6651
Iteration: 0
  Device: "part1_baseline"	RelError: 2.03615e+03	AbsError: 6.05520e+16
    Region: "bulk"	RelError: 2.03224e+03	AbsError: 6.05520e+16
      Equation: "ElectronContinuityEquation"	RelError: 9.99000e+02	AbsError: 6.00340e+16
      Equation: "HoleContinuityEquation"	RelError: 9.99000e+02	AbsError: 5.17948e+14
      Equation: "PotentialEquation"	RelError: 3.42429e+01	AbsError: 4.09542e-02
    Region: "oxide"	RelError: 3.90694e+00	AbsError: 1.93222e-02
      Equation: "PotentialEquation"	RelError: 3.90694e+00	AbsError: 1.93222e-02
Iteration: 1
  Device: "part1_baseline"	RelError: 2.38029e+00	AbsError: 1.01884e+15
    Region: "bulk"	RelError: 2.36396e+00	AbsError: 1.01884e+15
      Equation: "ElectronContinuityEquation"	RelError: 9.95429e-01	AbsError: 9.86794e+14
      Equation: "HoleContinuityEquation"	RelError: 9.98285e-01	AbsError: 3.20465e+13
      Equation: "PotentialEquation"	RelError: 3.70245e-01	AbsError: 3.07632e-02
    Region: "oxide"	RelError: 1.63319e-02	AbsError: 9.39135e-03
      Equation: "PotentialEquation"	RelError: 1.63319e-02	AbsError: 9.39135e-03
Iteration: 2
  Device: "part1_baseline"	RelError: 1.19099e+00	AbsError: 4.86395e+13
    Region: "bulk"	RelError: 1.19093e+00	AbsError: 4.86395e+13
      Equation: "ElectronContinuityEquation"	RelError: 4.80694e-01	AbsError: 4.86154e+13
      Equation: "HoleContinuityEquation"	RelError: 6.96702e-01	AbsError: 2.41021e+10
      Equation: "PotentialEquation"	RelError: 1.35378e-02	AbsError: 2.58196e-02
    Region: "oxide"	RelError: 5.59546e-05	AbsError: 7.84925e-08
      Equation: "PotentialEquation"	RelError: 5.59546e-05	AbsError: 7.84925e-08
Iteration: 3
  Device: "part1_baseline"	RelError: 1.60825e-01	AbsError: 2.19865e+14
    Region: "bulk"	RelError: 1.60733e-01	AbsError: 2.19865e+14
      Equation: "ElectronContinuityEquation"	RelError: 1.31060e-01	AbsError: 2.19835e+14
      Equation: "HoleContinuityEquation"	RelError: 2.53465e-02	AbsError: 3.02843e+10
      Equation: "PotentialEquation"	RelError: 4.32639e-03	AbsError: 9.16536e-03
    Region: "oxide"	RelError: 9.26715e-05	AbsError: 1.27652e-07
      Equation: "PotentialEquation"	RelError: 9.26715e-05	AbsError: 1.27652e-07
Iteration: 4
  Device: "part1_baseline"	RelError: 1.04110e-01	AbsError: 2.42174e+14
    Region: "bulk"	RelError: 1.03965e-01	AbsError: 2.42174e+14
      Equation: "ElectronContinuityEquation"	RelError: 6.92047e-02	AbsError: 2.42127e+14
      Equation: "HoleContinuityEquation"	RelError: 3.23171e-02	AbsError: 4.76335e+10
      Equation: "PotentialEquation"	RelError: 2.44298e-03	AbsError: 2.78385e-05
    Region: "oxide"	RelError: 1.45015e-04	AbsError: 2.01416e-07
      Equation: "PotentialEquation"	RelError: 1.45015e-04	AbsError: 2.01416e-07
Iteration: 5
  Device: "part1_baseline"	RelError: 1.52880e-03	AbsError: 3.62094e+10
    Region: "bulk"	RelError: 1.52878e-03	AbsError: 3.62094e+10
      Equation: "ElectronContinuityEquation"	RelError: 1.77855e-05	AbsError: 3.62052e+10
      Equation: "HoleContinuityEquation"	RelError: 1.51077e-03	AbsError: 4.16802e+06
      Equation: "PotentialEquation"	RelError: 2.26793e-07	AbsError: 4.02153e-09
    Region: "oxide"	RelError: 1.61058e-08	AbsError: 2.27379e-11
      Equation: "PotentialEquation"	RelError: 1.61058e-08	AbsError: 2.27379e-11
Iteration: 6
  Device: "part1_baseline"	RelError: 2.32569e-11	AbsError: 7.79541e+02
    Region: "bulk"	RelError: 2.32566e-11	AbsError: 7.79541e+02
      Equation: "ElectronContinuityEquation"	RelError: 3.52377e-13	AbsError: 7.79465e+02
      Equation: "HoleContinuityEquation"	RelError: 2.28997e-11	AbsError: 7.58124e-02
      Equation: "PotentialEquation"	RelError: 4.48276e-15	AbsError: 8.60422e-17
    Region: "oxide"	RelError: 3.25141e-16	AbsError: 4.66047e-19
      Equation: "PotentialEquation"	RelError: 3.25141e-16	AbsError: 4.66047e-19
number of equations 6651
Iteration: 0
  Device: "part1_baseline"	RelError: 2.03406e+03	AbsError: 6.19344e+16
    Region: "bulk"	RelError: 2.03271e+03	AbsError: 6.19344e+16
      Equation: "ElectronContinuityEquation"	RelError: 9.99000e+02	AbsError: 6.14431e+16
      Equation: "HoleContinuityEquation"	RelError: 9.99000e+02	AbsError: 4.91376e+14
      Equation: "PotentialEquation"	RelError: 3.47139e+01	AbsError: 4.09542e-02
    Region: "oxide"	RelError: 1.34208e+00	AbsError: 1.93225e-02
      Equation: "PotentialEquation"	RelError: 1.34208e+00	AbsError: 1.93225e-02
Iteration: 1
  Device: "part1_baseline"	RelError: 2.17907e+00	AbsError: 1.05225e+15
    Region: "bulk"	RelError: 2.16351e+00	AbsError: 1.05225e+15
      Equation: "ElectronContinuityEquation"	RelError: 9.95938e-01	AbsError: 1.02224e+15
      Equation: "HoleContinuityEquation"	RelError: 9.98331e-01	AbsError: 3.00073e+13
      Equation: "PotentialEquation"	RelError: 1.69246e-01	AbsError: 3.07632e-02
    Region: "oxide"	RelError: 1.55555e-02	AbsError: 9.39155e-03
      Equation: "PotentialEquation"	RelError: 1.55555e-02	AbsError: 9.39155e-03
Iteration: 2
  Device: "part1_baseline"	RelError: 1.05916e+00	AbsError: 4.57171e+13
    Region: "bulk"	RelError: 1.05914e+00	AbsError: 4.57171e+13
      Equation: "ElectronContinuityEquation"	RelError: 3.87306e-01	AbsError: 4.56957e+13
      Equation: "HoleContinuityEquation"	RelError: 6.58954e-01	AbsError: 2.14425e+10
      Equation: "PotentialEquation"	RelError: 1.28793e-02	AbsError: 2.57926e-02
    Region: "oxide"	RelError: 1.82804e-05	AbsError: 7.53181e-08
      Equation: "PotentialEquation"	RelError: 1.82804e-05	AbsError: 7.53181e-08
Iteration: 3
  Device: "part1_baseline"	RelError: 1.41534e-01	AbsError: 1.77905e+14
    Region: "bulk"	RelError: 1.41510e-01	AbsError: 1.77905e+14
      Equation: "ElectronContinuityEquation"	RelError: 1.10286e-01	AbsError: 1.77883e+14
      Equation: "HoleContinuityEquation"	RelError: 2.70927e-02	AbsError: 2.19094e+10
      Equation: "PotentialEquation"	RelError: 4.13137e-03	AbsError: 9.16536e-03
    Region: "oxide"	RelError: 2.39274e-05	AbsError: 9.59850e-08
      Equation: "PotentialEquation"	RelError: 2.39274e-05	AbsError: 9.59850e-08
Iteration: 4
  Device: "part1_baseline"	RelError: 1.05853e-01	AbsError: 1.96227e+14
    Region: "bulk"	RelError: 1.05812e-01	AbsError: 1.96227e+14
      Equation: "ElectronContinuityEquation"	RelError: 6.83827e-02	AbsError: 1.96190e+14
      Equation: "HoleContinuityEquation"	RelError: 3.59119e-02	AbsError: 3.74576e+10
      Equation: "PotentialEquation"	RelError: 1.51759e-03	AbsError: 2.26073e-05
    Region: "oxide"	RelError: 4.11020e-05	AbsError: 1.66954e-07
      Equation: "PotentialEquation"	RelError: 4.11020e-05	AbsError: 1.66954e-07
Iteration: 5
  Device: "part1_baseline"	RelError: 1.88727e-03	AbsError: 2.33960e+10
    Region: "bulk"	RelError: 1.88727e-03	AbsError: 2.33960e+10
      Equation: "ElectronContinuityEquation"	RelError: 1.44132e-05	AbsError: 2.33933e+10
      Equation: "HoleContinuityEquation"	RelError: 1.87273e-03	AbsError: 2.65880e+06
      Equation: "PotentialEquation"	RelError: 1.28731e-07	AbsError: 2.60318e-09
    Region: "oxide"	RelError: 3.61673e-09	AbsError: 1.49295e-11
      Equation: "PotentialEquation"	RelError: 3.61673e-09	AbsError: 1.49295e-11
Iteration: 6
  Device: "part1_baseline"	RelError: 2.06388e-11	AbsError: 3.20205e+02
    Region: "bulk"	RelError: 2.06388e-11	AbsError: 3.20205e+02
      Equation: "ElectronContinuityEquation"	RelError: 1.84899e-13	AbsError: 3.20174e+02
      Equation: "HoleContinuityEquation"	RelError: 2.04523e-11	AbsError: 3.06946e-02
      Equation: "PotentialEquation"	RelError: 1.61153e-15	AbsError: 3.53856e-17
    Region: "oxide"	RelError: 4.62488e-17	AbsError: 1.93926e-19
      Equation: "PotentialEquation"	RelError: 4.62488e-17	AbsError: 1.93926e-19
number of equations 6651
Iteration: 0
  Device: "part1_baseline"	RelError: 2.15818e+03	AbsError: 6.33754e+16
    Region: "bulk"	RelError: 2.15761e+03	AbsError: 6.33754e+16
      Equation: "ElectronContinuityEquation"	RelError: 9.99000e+02	AbsError: 6.29019e+16
      Equation: "HoleContinuityEquation"	RelError: 9.99000e+02	AbsError: 4.73572e+14
      Equation: "PotentialEquation"	RelError: 1.59608e+02	AbsError: 4.09542e-02
    Region: "oxide"	RelError: 5.73121e-01	AbsError: 1.93227e-02
      Equation: "PotentialEquation"	RelError: 5.73121e-01	AbsError: 1.93227e-02
Iteration: 1
  Device: "part1_baseline"	RelError: 2.17538e+00	AbsError: 1.08400e+15
    Region: "bulk"	RelError: 2.16053e+00	AbsError: 1.08400e+15
      Equation: "ElectronContinuityEquation"	RelError: 9.96470e-01	AbsError: 1.05672e+15
      Equation: "HoleContinuityEquation"	RelError: 9.98098e-01	AbsError: 2.72789e+13
      Equation: "PotentialEquation"	RelError: 1.65963e-01	AbsError: 3.07632e-02
    Region: "oxide"	RelError: 1.48494e-02	AbsError: 9.39162e-03
      Equation: "PotentialEquation"	RelError: 1.48494e-02	AbsError: 9.39162e-03
Iteration: 2
  Device: "part1_baseline"	RelError: 9.36454e-01	AbsError: 4.26810e+13
    Region: "bulk"	RelError: 9.36447e-01	AbsError: 4.26810e+13
      Equation: "ElectronContinuityEquation"	RelError: 3.11917e-01	AbsError: 4.26627e+13
      Equation: "HoleContinuityEquation"	RelError: 6.12249e-01	AbsError: 1.83302e+10
      Equation: "PotentialEquation"	RelError: 1.22812e-02	AbsError: 2.57662e-02
    Region: "oxide"	RelError: 7.49403e-06	AbsError: 7.28945e-08
      Equation: "PotentialEquation"	RelError: 7.49403e-06	AbsError: 7.28945e-08
Iteration: 3
  Device: "part1_baseline"	RelError: 1.35669e-01	AbsError: 1.43485e+14
    Region: "bulk"	RelError: 1.35662e-01	AbsError: 1.43485e+14
      Equation: "ElectronContinuityEquation"	RelError: 9.11587e-02	AbsError: 1.43469e+14
      Equation: "HoleContinuityEquation"	RelError: 3.11946e-02	AbsError: 1.56732e+10
      Equation: "PotentialEquation"	RelError: 1.33087e-02	AbsError: 9.16535e-03
    Region: "oxide"	RelError: 7.48753e-06	AbsError: 6.98797e-08
      Equation: "PotentialEquation"	RelError: 7.48753e-06	AbsError: 6.98797e-08
Iteration: 4
  Device: "part1_baseline"	RelError: 1.26920e-01	AbsError: 1.58463e+14
    Region: "bulk"	RelError: 1.26905e-01	AbsError: 1.58463e+14
      Equation: "ElectronContinuityEquation"	RelError: 6.57921e-02	AbsError: 1.58434e+14
      Equation: "HoleContinuityEquation"	RelError: 4.16602e-02	AbsError: 2.97626e+10
      Equation: "PotentialEquation"	RelError: 1.94530e-02	AbsError: 1.83065e-05
    Region: "oxide"	RelError: 1.45608e-05	AbsError: 1.38582e-07
      Equation: "PotentialEquation"	RelError: 1.45608e-05	AbsError: 1.38582e-07
Iteration: 5
  Device: "part1_baseline"	RelError: 2.23255e-03	AbsError: 1.49983e+10
    Region: "bulk"	RelError: 2.23255e-03	AbsError: 1.49983e+10
      Equation: "ElectronContinuityEquation"	RelError: 1.11991e-05	AbsError: 1.49967e+10
      Equation: "HoleContinuityEquation"	RelError: 2.22051e-03	AbsError: 1.65791e+06
      Equation: "PotentialEquation"	RelError: 8.44487e-07	AbsError: 1.67189e-09
    Region: "oxide"	RelError: 1.00638e-09	AbsError: 9.72813e-12
      Equation: "PotentialEquation"	RelError: 1.00638e-09	AbsError: 9.72813e-12
Iteration: 6
  Device: "part1_baseline"	RelError: 1.68864e-11	AbsError: 1.29273e+02
    Region: "bulk"	RelError: 1.68864e-11	AbsError: 1.29273e+02
      Equation: "ElectronContinuityEquation"	RelError: 9.22305e-14	AbsError: 1.29261e+02
      Equation: "HoleContinuityEquation"	RelError: 1.67908e-11	AbsError: 1.21018e-02
      Equation: "PotentialEquation"	RelError: 3.38608e-15	AbsError: 1.43048e-17
    Region: "oxide"	RelError: 8.09291e-18	AbsError: 7.94745e-20
      Equation: "PotentialEquation"	RelError: 8.09291e-18	AbsError: 7.94745e-20
number of equations 6651
Iteration: 0
  Device: "part1_baseline"	RelError: 1.31600e+03	AbsError: 6.48599e+16
    Region: "bulk"	RelError: 1.31542e+03	AbsError: 6.48599e+16
      Equation: "ElectronContinuityEquation"	RelError: 2.08163e+01	AbsError: 6.44051e+16
      Equation: "HoleContinuityEquation"	RelError: 9.99000e+02	AbsError: 4.54822e+14
      Equation: "PotentialEquation"	RelError: 2.95600e+02	AbsError: 4.09542e-02
    Region: "oxide"	RelError: 5.78919e-01	AbsError: 1.93228e-02
      Equation: "PotentialEquation"	RelError: 5.78919e-01	AbsError: 1.93228e-02
Iteration: 1
  Device: "part1_baseline"	RelError: 1.95551e+00	AbsError: 1.11473e+15
    Region: "bulk"	RelError: 1.94130e+00	AbsError: 1.11473e+15
      Equation: "ElectronContinuityEquation"	RelError: 8.35110e-01	AbsError: 1.08939e+15
      Equation: "HoleContinuityEquation"	RelError: 9.98245e-01	AbsError: 2.53462e+13
      Equation: "PotentialEquation"	RelError: 1.07948e-01	AbsError: 3.07632e-02
    Region: "oxide"	RelError: 1.42044e-02	AbsError: 9.39157e-03
      Equation: "PotentialEquation"	RelError: 1.42044e-02	AbsError: 9.39157e-03
Iteration: 2
  Device: "part1_baseline"	RelError: 8.51106e-01	AbsError: 4.09652e+13
    Region: "bulk"	RelError: 8.51096e-01	AbsError: 4.09652e+13
      Equation: "ElectronContinuityEquation"	RelError: 2.50250e-01	AbsError: 4.09489e+13
      Equation: "HoleContinuityEquation"	RelError: 5.87770e-01	AbsError: 1.63768e+10
      Equation: "PotentialEquation"	RelError: 1.30769e-02	AbsError: 2.58886e-02
    Region: "oxide"	RelError: 9.71753e-06	AbsError: 7.09636e-08
      Equation: "PotentialEquation"	RelError: 9.71753e-06	AbsError: 7.09636e-08
Iteration: 3
  Device: "part1_baseline"	RelError: 1.33853e-01	AbsError: 4.73727e+14
    Region: "bulk"	RelError: 1.33821e-01	AbsError: 4.73727e+14
      Equation: "ElectronContinuityEquation"	RelError: 7.19319e-02	AbsError: 4.73684e+14
      Equation: "HoleContinuityEquation"	RelError: 3.56321e-02	AbsError: 4.37148e+10
      Equation: "PotentialEquation"	RelError: 2.62571e-02	AbsError: 9.16541e-03
    Region: "oxide"	RelError: 3.20338e-05	AbsError: 2.15125e-07
      Equation: "PotentialEquation"	RelError: 3.20338e-05	AbsError: 2.15125e-07
Iteration: 4
  Device: "part1_baseline"	RelError: 1.44808e-01	AbsError: 4.99978e+14
    Region: "bulk"	RelError: 1.44767e-01	AbsError: 4.99978e+14
      Equation: "ElectronContinuityEquation"	RelError: 5.94539e-02	AbsError: 4.99922e+14
      Equation: "HoleContinuityEquation"	RelError: 4.78049e-02	AbsError: 5.62927e+10
      Equation: "PotentialEquation"	RelError: 3.75081e-02	AbsError: 5.85142e-05
    Region: "oxide"	RelError: 4.11823e-05	AbsError: 2.82085e-07
      Equation: "PotentialEquation"	RelError: 4.11823e-05	AbsError: 2.82085e-07
Iteration: 5
  Device: "part1_baseline"	RelError: 2.69041e-03	AbsError: 1.68230e+11
    Region: "bulk"	RelError: 2.69040e-03	AbsError: 1.68230e+11
      Equation: "ElectronContinuityEquation"	RelError: 3.88586e-05	AbsError: 1.68219e+11
      Equation: "HoleContinuityEquation"	RelError: 2.64813e-03	AbsError: 1.13699e+07
      Equation: "PotentialEquation"	RelError: 3.40316e-06	AbsError: 1.87044e-08
    Region: "oxide"	RelError: 8.75029e-09	AbsError: 5.98961e-11
      Equation: "PotentialEquation"	RelError: 8.75029e-09	AbsError: 5.98961e-11
Iteration: 6
  Device: "part1_baseline"	RelError: 1.86219e-10	AbsError: 1.78761e+04
    Region: "bulk"	RelError: 1.86218e-10	AbsError: 1.78761e+04
      Equation: "ElectronContinuityEquation"	RelError: 3.48369e-12	AbsError: 1.78751e+04
      Equation: "HoleContinuityEquation"	RelError: 1.82489e-10	AbsError: 1.06566e+00
      Equation: "PotentialEquation"	RelError: 2.46021e-13	AbsError: 1.95561e-15
    Region: "oxide"	RelError: 8.15883e-16	AbsError: 5.60357e-18
      Equation: "PotentialEquation"	RelError: 8.15883e-16	AbsError: 5.60357e-18
number of equations 6651
Iteration: 0
  Device: "part1_baseline"	RelError: 1.04987e+03	AbsError: 6.63773e+16
    Region: "bulk"	RelError: 1.04849e+03	AbsError: 6.63773e+16
      Equation: "ElectronContinuityEquation"	RelError: 5.48366e+00	AbsError: 6.59457e+16
      Equation: "HoleContinuityEquation"	RelError: 9.99000e+02	AbsError: 4.31596e+14
      Equation: "PotentialEquation"	RelError: 4.40062e+01	AbsError: 4.09542e-02
    Region: "oxide"	RelError: 1.38354e+00	AbsError: 1.93227e-02
      Equation: "PotentialEquation"	RelError: 1.38354e+00	AbsError: 1.93227e-02
Iteration: 1
  Device: "part1_baseline"	RelError: 1.79474e+00	AbsError: 1.14289e+15
    Region: "bulk"	RelError: 1.78112e+00	AbsError: 1.14289e+15
      Equation: "ElectronContinuityEquation"	RelError: 6.73710e-01	AbsError: 1.11930e+15
      Equation: "HoleContinuityEquation"	RelError: 9.98254e-01	AbsError: 2.35889e+13
      Equation: "PotentialEquation"	RelError: 1.09161e-01	AbsError: 3.07632e-02
    Region: "oxide"	RelError: 1.36130e-02	AbsError: 9.39140e-03
      Equation: "PotentialEquation"	RelError: 1.36130e-02	AbsError: 9.39140e-03
Iteration: 2
  Device: "part1_baseline"	RelError: 7.12255e-01	AbsError: 4.41172e+13
    Region: "bulk"	RelError: 7.12232e-01	AbsError: 4.41172e+13
      Equation: "ElectronContinuityEquation"	RelError: 1.84414e-01	AbsError: 4.41028e+13
      Equation: "HoleContinuityEquation"	RelError: 5.16583e-01	AbsError: 1.44843e+10
      Equation: "PotentialEquation"	RelError: 1.12361e-02	AbsError: 2.58640e-02
    Region: "oxide"	RelError: 2.23925e-05	AbsError: 6.94684e-08
      Equation: "PotentialEquation"	RelError: 2.23925e-05	AbsError: 6.94684e-08
Iteration: 3
  Device: "part1_baseline"	RelError: 9.62503e-02	AbsError: 4.07568e+14
    Region: "bulk"	RelError: 9.61876e-02	AbsError: 4.07568e+14
      Equation: "ElectronContinuityEquation"	RelError: 5.37047e-02	AbsError: 4.07534e+14
      Equation: "HoleContinuityEquation"	RelError: 3.81860e-02	AbsError: 3.46456e+10
      Equation: "PotentialEquation"	RelError: 4.29686e-03	AbsError: 9.16540e-03
    Region: "oxide"	RelError: 6.27320e-05	AbsError: 1.75077e-07
      Equation: "PotentialEquation"	RelError: 6.27320e-05	AbsError: 1.75077e-07
Iteration: 4
  Device: "part1_baseline"	RelError: 1.13515e-01	AbsError: 4.30584e+14
    Region: "bulk"	RelError: 1.13431e-01	AbsError: 4.30584e+14
      Equation: "ElectronContinuityEquation"	RelError: 5.60059e-02	AbsError: 4.30538e+14
      Equation: "HoleContinuityEquation"	RelError: 5.15026e-02	AbsError: 4.61403e+10
      Equation: "PotentialEquation"	RelError: 5.92212e-03	AbsError: 5.02667e-05
    Region: "oxide"	RelError: 8.39233e-05	AbsError: 2.40640e-07
      Equation: "PotentialEquation"	RelError: 8.39233e-05	AbsError: 2.40640e-07
Iteration: 5
  Device: "part1_baseline"	RelError: 2.90678e-03	AbsError: 1.23805e+11
    Region: "bulk"	RelError: 2.90676e-03	AbsError: 1.23805e+11
      Equation: "ElectronContinuityEquation"	RelError: 3.43061e-05	AbsError: 1.23797e+11
      Equation: "HoleContinuityEquation"	RelError: 2.87150e-03	AbsError: 8.05284e+06
      Equation: "PotentialEquation"	RelError: 9.56115e-07	AbsError: 1.37581e-08
    Region: "oxide"	RelError: 1.52995e-08	AbsError: 4.38187e-11
      Equation: "PotentialEquation"	RelError: 1.52995e-08	AbsError: 4.38187e-11
Iteration: 6
  Device: "part1_baseline"	RelError: 7.41579e-11	AbsError: 9.60968e+03
    Region: "bulk"	RelError: 7.41568e-11	AbsError: 9.60968e+03
      Equation: "ElectronContinuityEquation"	RelError: 2.27856e-12	AbsError: 9.60912e+03
      Equation: "HoleContinuityEquation"	RelError: 7.18129e-11	AbsError: 5.58718e-01
      Equation: "PotentialEquation"	RelError: 6.53440e-14	AbsError: 1.05204e-15
    Region: "oxide"	RelError: 1.05626e-15	AbsError: 3.03888e-18
      Equation: "PotentialEquation"	RelError: 1.05626e-15	AbsError: 3.03888e-18
number of equations 6651
Iteration: 0
  Device: "part1_baseline"	RelError: 3.07596e-19	AbsError: 1.41872e-09
    Region: "bulk"	RelError: 3.07596e-19	AbsError: 1.41872e-09
      Equation: "ElectronContinuityEquation"	RelError: 3.07596e-19	AbsError: 1.41795e-09
      Equation: "HoleContinuityEquation"	RelError: 8.97893e-26	AbsError: 7.71691e-13
      Equation: "PotentialEquation"	RelError: 9.96592e-26	AbsError: 1.75382e-27
    Region: "oxide"	RelError: 1.34368e-27	AbsError: 3.94344e-30
      Equation: "PotentialEquation"	RelError: 1.34368e-27	AbsError: 3.94344e-30
number of equations 6651
Iteration: 0
  Device: "part1_baseline"	RelError: 5.14488e+02	AbsError: 1.09862e+16
    Region: "bulk"	RelError: 2.58822e+02	AbsError: 1.09862e+16
      Equation: "ElectronContinuityEquation"	RelError: 4.57616e-01	AbsError: 1.08336e+16
      Equation: "HoleContinuityEquation"	RelError: 2.69916e+00	AbsError: 1.52629e+14
      Equation: "PotentialEquation"	RelError: 2.55665e+02	AbsError: 1.88891e-02
    Region: "oxide"	RelError: 2.55665e+02	AbsError: 2.00000e-02
      Equation: "PotentialEquation"	RelError: 2.55665e+02	AbsError: 2.00000e-02
Iteration: 1
  Device: "part1_baseline"	RelError: 6.68426e-01	AbsError: 5.60720e+13
    Region: "bulk"	RelError: 6.62821e-01	AbsError: 5.60720e+13
      Equation: "ElectronContinuityEquation"	RelError: 2.09250e-01	AbsError: 5.26395e+13
      Equation: "HoleContinuityEquation"	RelError: 4.39190e-01	AbsError: 3.43243e+12
      Equation: "PotentialEquation"	RelError: 1.43813e-02	AbsError: 2.41260e-05
    Region: "oxide"	RelError: 5.60525e-03	AbsError: 4.40504e-06
      Equation: "PotentialEquation"	RelError: 5.60525e-03	AbsError: 4.40504e-06
Iteration: 2
  Device: "part1_baseline"	RelError: 1.88213e-04	AbsError: 8.14437e+09
    Region: "bulk"	RelError: 1.88146e-04	AbsError: 8.14437e+09
      Equation: "ElectronContinuityEquation"	RelError: 4.21646e-05	AbsError: 7.69445e+09
      Equation: "HoleContinuityEquation"	RelError: 1.45703e-04	AbsError: 4.49919e+08
      Equation: "PotentialEquation"	RelError: 2.78537e-07	AbsError: 2.67857e-09
    Region: "oxide"	RelError: 6.67202e-08	AbsError: 2.73980e-10
      Equation: "PotentialEquation"	RelError: 6.67202e-08	AbsError: 2.73980e-10
Iteration: 3
  Device: "part1_baseline"	RelError: 1.06125e-11	AbsError: 1.33131e+02
    Region: "bulk"	RelError: 1.06117e-11	AbsError: 1.33131e+02
      Equation: "ElectronContinuityEquation"	RelError: 8.45992e-13	AbsError: 1.30168e+02
      Equation: "HoleContinuityEquation"	RelError: 9.76282e-12	AbsError: 2.96307e+00
      Equation: "PotentialEquation"	RelError: 2.90795e-15	AbsError: 3.28685e-17
    Region: "oxide"	RelError: 7.46111e-16	AbsError: 2.79804e-18
      Equation: "PotentialEquation"	RelError: 7.46111e-16	AbsError: 2.79804e-18
number of equations 6651
Iteration: 0
  Device: "part1_baseline"	RelError: 1.55867e+02	AbsError: 1.09735e+16
    Region: "bulk"	RelError: 8.90327e+01	AbsError: 1.09735e+16
      Equation: "ElectronContinuityEquation"	RelError: 4.59111e-01	AbsError: 1.08250e+16
      Equation: "HoleContinuityEquation"	RelError: 2.69959e+00	AbsError: 1.48415e+14
      Equation: "PotentialEquation"	RelError: 8.58740e+01	AbsError: 1.88899e-02
    Region: "oxide"	RelError: 6.68338e+01	AbsError: 2.00000e-02
      Equation: "PotentialEquation"	RelError: 6.68338e+01	AbsError: 2.00000e-02
Iteration: 1
  Device: "part1_baseline"	RelError: 6.55215e-01	AbsError: 6.42417e+13
    Region: "bulk"	RelError: 6.52799e-01	AbsError: 6.42417e+13
      Equation: "ElectronContinuityEquation"	RelError: 2.09882e-01	AbsError: 6.09084e+13
      Equation: "HoleContinuityEquation"	RelError: 4.39243e-01	AbsError: 3.33327e+12
      Equation: "PotentialEquation"	RelError: 3.67428e-03	AbsError: 2.82705e-05
    Region: "oxide"	RelError: 2.41683e-03	AbsError: 5.45779e-06
      Equation: "PotentialEquation"	RelError: 2.41683e-03	AbsError: 5.45779e-06
Iteration: 2
  Device: "part1_baseline"	RelError: 2.07278e-04	AbsError: 1.08725e+10
    Region: "bulk"	RelError: 2.06880e-04	AbsError: 1.08725e+10
      Equation: "ElectronContinuityEquation"	RelError: 4.80723e-05	AbsError: 1.04673e+10
      Equation: "HoleContinuityEquation"	RelError: 1.57993e-04	AbsError: 4.05162e+08
      Equation: "PotentialEquation"	RelError: 8.14938e-07	AbsError: 3.55975e-09
    Region: "oxide"	RelError: 3.97992e-07	AbsError: 3.79410e-10
      Equation: "PotentialEquation"	RelError: 3.97992e-07	AbsError: 3.79410e-10
Iteration: 3
  Device: "part1_baseline"	RelError: 1.49456e-11	AbsError: 2.27469e+02
    Region: "bulk"	RelError: 1.49400e-11	AbsError: 2.27469e+02
      Equation: "ElectronContinuityEquation"	RelError: 1.08204e-12	AbsError: 2.24740e+02
      Equation: "HoleContinuityEquation"	RelError: 1.38467e-11	AbsError: 2.72883e+00
      Equation: "PotentialEquation"	RelError: 1.12956e-14	AbsError: 5.70052e-17
    Region: "oxide"	RelError: 5.60596e-15	AbsError: 5.07386e-18
      Equation: "PotentialEquation"	RelError: 5.60596e-15	AbsError: 5.07386e-18
number of equations 6651
Iteration: 0
  Device: "part1_baseline"	RelError: 9.26967e+01	AbsError: 1.09598e+16
    Region: "bulk"	RelError: 9.08196e+01	AbsError: 1.09598e+16
      Equation: "ElectronContinuityEquation"	RelError: 4.59809e-01	AbsError: 1.08137e+16
      Equation: "HoleContinuityEquation"	RelError: 2.69994e+00	AbsError: 1.46159e+14
      Equation: "PotentialEquation"	RelError: 8.76599e+01	AbsError: 1.88905e-02
    Region: "oxide"	RelError: 1.87713e+00	AbsError: 2.00000e-02
      Equation: "PotentialEquation"	RelError: 1.87713e+00	AbsError: 2.00000e-02
Iteration: 1
  Device: "part1_baseline"	RelError: 6.65709e-01	AbsError: 7.33715e+13
    Region: "bulk"	RelError: 6.65647e-01	AbsError: 7.33715e+13
      Equation: "ElectronContinuityEquation"	RelError: 2.10187e-01	AbsError: 7.01514e+13
      Equation: "HoleContinuityEquation"	RelError: 4.39287e-01	AbsError: 3.22002e+12
      Equation: "PotentialEquation"	RelError: 1.61735e-02	AbsError: 3.29268e-05
    Region: "oxide"	RelError: 6.18844e-05	AbsError: 6.75971e-06
      Equation: "PotentialEquation"	RelError: 6.18844e-05	AbsError: 6.75971e-06
Iteration: 2
  Device: "part1_baseline"	RelError: 2.30066e-04	AbsError: 1.42860e+10
    Region: "bulk"	RelError: 2.30058e-04	AbsError: 1.42860e+10
      Equation: "ElectronContinuityEquation"	RelError: 5.54599e-05	AbsError: 1.39254e+10
      Equation: "HoleContinuityEquation"	RelError: 1.74040e-04	AbsError: 3.60584e+08
      Equation: "PotentialEquation"	RelError: 5.58635e-07	AbsError: 4.72443e-09
    Region: "oxide"	RelError: 7.60783e-09	AbsError: 5.23365e-10
      Equation: "PotentialEquation"	RelError: 7.60783e-09	AbsError: 5.23365e-10
Iteration: 3
  Device: "part1_baseline"	RelError: 2.12416e-11	AbsError: 4.10813e+02
    Region: "bulk"	RelError: 2.12415e-11	AbsError: 4.10813e+02
      Equation: "ElectronContinuityEquation"	RelError: 1.67113e-12	AbsError: 4.08215e+02
      Equation: "HoleContinuityEquation"	RelError: 1.95598e-11	AbsError: 2.59805e+00
      Equation: "PotentialEquation"	RelError: 1.05556e-14	AbsError: 9.85333e-17
    Region: "oxide"	RelError: 1.42669e-16	AbsError: 8.99240e-18
      Equation: "PotentialEquation"	RelError: 1.42669e-16	AbsError: 8.99240e-18
number of equations 6651
Iteration: 0
  Device: "part1_baseline"	RelError: 1.79222e+01	AbsError: 1.09438e+16
    Region: "bulk"	RelError: 1.72697e+01	AbsError: 1.09438e+16
      Equation: "ElectronContinuityEquation"	RelError: 4.60142e-01	AbsError: 1.07988e+16
      Equation: "HoleContinuityEquation"	RelError: 2.70021e+00	AbsError: 1.45059e+14
      Equation: "PotentialEquation"	RelError: 1.41094e+01	AbsError: 1.88911e-02
    Region: "oxide"	RelError: 6.52431e-01	AbsError: 2.00000e-02
      Equation: "PotentialEquation"	RelError: 6.52431e-01	AbsError: 2.00000e-02
Iteration: 1
  Device: "part1_baseline"	RelError: 6.53421e-01	AbsError: 8.49350e+13
    Region: "bulk"	RelError: 6.53360e-01	AbsError: 8.49350e+13
      Equation: "ElectronContinuityEquation"	RelError: 2.12281e-01	AbsError: 8.18394e+13
      Equation: "HoleContinuityEquation"	RelError: 4.39323e-01	AbsError: 3.09552e+12
      Equation: "PotentialEquation"	RelError: 1.75674e-03	AbsError: 3.80986e-05
    Region: "oxide"	RelError: 6.06629e-05	AbsError: 8.37352e-06
      Equation: "PotentialEquation"	RelError: 6.06629e-05	AbsError: 8.37352e-06
Iteration: 2
  Device: "part1_baseline"	RelError: 2.60205e-04	AbsError: 1.83787e+10
    Region: "bulk"	RelError: 2.60198e-04	AbsError: 1.83787e+10
      Equation: "ElectronContinuityEquation"	RelError: 6.59582e-05	AbsError: 1.80447e+10
      Equation: "HoleContinuityEquation"	RelError: 1.93871e-04	AbsError: 3.33924e+08
      Equation: "PotentialEquation"	RelError: 3.69110e-07	AbsError: 6.16051e-09
    Region: "oxide"	RelError: 6.81225e-09	AbsError: 7.15763e-10
      Equation: "PotentialEquation"	RelError: 6.81225e-09	AbsError: 7.15763e-10
Iteration: 3
  Device: "part1_baseline"	RelError: 3.08392e-11	AbsError: 7.03869e+02
    Region: "bulk"	RelError: 3.08390e-11	AbsError: 7.03869e+02
      Equation: "ElectronContinuityEquation"	RelError: 2.53967e-12	AbsError: 7.01438e+02
      Equation: "HoleContinuityEquation"	RelError: 2.82904e-11	AbsError: 2.43090e+00
      Equation: "PotentialEquation"	RelError: 8.90863e-15	AbsError: 1.66597e-16
    Region: "oxide"	RelError: 1.63765e-16	AbsError: 1.57011e-17
      Equation: "PotentialEquation"	RelError: 1.63765e-16	AbsError: 1.57011e-17
number of equations 6651
Iteration: 0
  Device: "part1_baseline"	RelError: 1.68228e+02	AbsError: 1.09235e+16
    Region: "bulk"	RelError: 1.67833e+02	AbsError: 1.09235e+16
      Equation: "ElectronContinuityEquation"	RelError: 4.61336e-01	AbsError: 1.07795e+16
      Equation: "HoleContinuityEquation"	RelError: 2.70041e+00	AbsError: 1.43990e+14
      Equation: "PotentialEquation"	RelError: 1.64671e+02	AbsError: 1.88915e-02
    Region: "oxide"	RelError: 3.94826e-01	AbsError: 2.00000e-02
      Equation: "PotentialEquation"	RelError: 3.94826e-01	AbsError: 2.00000e-02
Iteration: 1
  Device: "part1_baseline"	RelError: 6.63485e-01	AbsError: 9.73941e+13
    Region: "bulk"	RelError: 6.63422e-01	AbsError: 9.73941e+13
      Equation: "ElectronContinuityEquation"	RelError: 2.13205e-01	AbsError: 9.44318e+13
      Equation: "HoleContinuityEquation"	RelError: 4.39350e-01	AbsError: 2.96238e+12
      Equation: "PotentialEquation"	RelError: 1.08673e-02	AbsError: 4.38858e-05
    Region: "oxide"	RelError: 6.28662e-05	AbsError: 1.03785e-05
      Equation: "PotentialEquation"	RelError: 6.28662e-05	AbsError: 1.03785e-05
Iteration: 2
  Device: "part1_baseline"	RelError: 2.98934e-04	AbsError: 2.42182e+10
    Region: "bulk"	RelError: 2.98926e-04	AbsError: 2.42182e+10
      Equation: "ElectronContinuityEquation"	RelError: 7.80407e-05	AbsError: 2.38932e+10
      Equation: "HoleContinuityEquation"	RelError: 2.17599e-04	AbsError: 3.25064e+08
      Equation: "PotentialEquation"	RelError: 3.28668e-06	AbsError: 7.86977e-09
    Region: "oxide"	RelError: 7.58797e-09	AbsError: 9.69995e-10
      Equation: "PotentialEquation"	RelError: 7.58797e-09	AbsError: 9.69995e-10
Iteration: 3
  Device: "part1_baseline"	RelError: 4.46728e-11	AbsError: 1.12958e+03
    Region: "bulk"	RelError: 4.46726e-11	AbsError: 1.12958e+03
      Equation: "ElectronContinuityEquation"	RelError: 3.78776e-12	AbsError: 1.12733e+03
      Equation: "HoleContinuityEquation"	RelError: 4.07783e-11	AbsError: 2.24781e+00
      Equation: "PotentialEquation"	RelError: 1.06570e-13	AbsError: 2.70669e-16
    Region: "oxide"	RelError: 2.27723e-16	AbsError: 2.71557e-17
      Equation: "PotentialEquation"	RelError: 2.27723e-16	AbsError: 2.71557e-17
number of equations 6651
Iteration: 0
  Device: "part1_baseline"	RelError: 5.22467e+01	AbsError: 1.08982e+16
    Region: "bulk"	RelError: 5.19636e+01	AbsError: 1.08982e+16
      Equation: "ElectronContinuityEquation"	RelError: 4.62393e-01	AbsError: 1.07548e+16
      Equation: "HoleContinuityEquation"	RelError: 2.70052e+00	AbsError: 1.43327e+14
      Equation: "PotentialEquation"	RelError: 4.88007e+01	AbsError: 1.88917e-02
    Region: "oxide"	RelError: 2.83058e-01	AbsError: 2.00000e-02
      Equation: "PotentialEquation"	RelError: 2.83058e-01	AbsError: 2.00000e-02
Iteration: 1
  Device: "part1_baseline"	RelError: 6.95100e-01	AbsError: 1.11933e+14
    Region: "bulk"	RelError: 6.95034e-01	AbsError: 1.11933e+14
      Equation: "ElectronContinuityEquation"	RelError: 2.13588e-01	AbsError: 1.09110e+14
      Equation: "HoleContinuityEquation"	RelError: 4.39368e-01	AbsError: 2.82298e+12
      Equation: "PotentialEquation"	RelError: 4.20767e-02	AbsError: 5.06683e-05
    Region: "oxide"	RelError: 6.63751e-05	AbsError: 1.28751e-05
      Equation: "PotentialEquation"	RelError: 6.63751e-05	AbsError: 1.28751e-05
Iteration: 2
  Device: "part1_baseline"	RelError: 3.39718e-04	AbsError: 3.16188e+10
    Region: "bulk"	RelError: 3.39710e-04	AbsError: 3.16188e+10
      Equation: "ElectronContinuityEquation"	RelError: 9.18933e-05	AbsError: 3.13059e+10
      Equation: "HoleContinuityEquation"	RelError: 2.45408e-04	AbsError: 3.12979e+08
      Equation: "PotentialEquation"	RelError: 2.40892e-06	AbsError: 1.00766e-08
    Region: "oxide"	RelError: 8.55549e-09	AbsError: 1.30219e-09
      Equation: "PotentialEquation"	RelError: 8.55549e-09	AbsError: 1.30219e-09
Iteration: 3
  Device: "part1_baseline"	RelError: 6.35911e-11	AbsError: 1.91144e+03
    Region: "bulk"	RelError: 6.35908e-11	AbsError: 1.91144e+03
      Equation: "ElectronContinuityEquation"	RelError: 5.52671e-12	AbsError: 1.90926e+03
      Equation: "HoleContinuityEquation"	RelError: 5.79686e-11	AbsError: 2.17635e+00
      Equation: "PotentialEquation"	RelError: 9.55096e-14	AbsError: 4.28080e-16
    Region: "oxide"	RelError: 3.32533e-16	AbsError: 4.61929e-17
      Equation: "PotentialEquation"	RelError: 3.32533e-16	AbsError: 4.61929e-17
number of equations 6651
Iteration: 0
  Device: "part1_baseline"	RelError: 5.37986e+01	AbsError: 1.08659e+16
    Region: "bulk"	RelError: 5.35780e+01	AbsError: 1.08659e+16
      Equation: "ElectronContinuityEquation"	RelError: 4.62843e-01	AbsError: 1.07234e+16
      Equation: "HoleContinuityEquation"	RelError: 2.70055e+00	AbsError: 1.42425e+14
      Equation: "PotentialEquation"	RelError: 5.04146e+01	AbsError: 1.88918e-02
    Region: "oxide"	RelError: 2.20603e-01	AbsError: 2.00000e-02
      Equation: "PotentialEquation"	RelError: 2.20603e-01	AbsError: 2.00000e-02
Iteration: 1
  Device: "part1_baseline"	RelError: 6.70650e-01	AbsError: 1.29288e+14
    Region: "bulk"	RelError: 6.70576e-01	AbsError: 1.29288e+14
      Equation: "ElectronContinuityEquation"	RelError: 2.13715e-01	AbsError: 1.26598e+14
      Equation: "HoleContinuityEquation"	RelError: 4.39377e-01	AbsError: 2.69011e+12
      Equation: "PotentialEquation"	RelError: 1.74841e-02	AbsError: 5.80188e-05
    Region: "oxide"	RelError: 7.42446e-05	AbsError: 1.59914e-05
      Equation: "PotentialEquation"	RelError: 7.42446e-05	AbsError: 1.59914e-05
Iteration: 2
  Device: "part1_baseline"	RelError: 3.91923e-04	AbsError: 4.02202e+10
    Region: "bulk"	RelError: 3.91914e-04	AbsError: 4.02202e+10
      Equation: "ElectronContinuityEquation"	RelError: 1.07756e-04	AbsError: 3.99222e+10
      Equation: "HoleContinuityEquation"	RelError: 2.80170e-04	AbsError: 2.98027e+08
      Equation: "PotentialEquation"	RelError: 3.98722e-06	AbsError: 1.26743e-08
    Region: "oxide"	RelError: 9.57612e-09	AbsError: 1.73184e-09
      Equation: "PotentialEquation"	RelError: 9.57612e-09	AbsError: 1.73184e-09
Iteration: 3
  Device: "part1_baseline"	RelError: 9.15683e-11	AbsError: 3.12519e+03
    Region: "bulk"	RelError: 9.15679e-11	AbsError: 3.12519e+03
      Equation: "ElectronContinuityEquation"	RelError: 7.85721e-12	AbsError: 3.12308e+03
      Equation: "HoleContinuityEquation"	RelError: 8.35005e-11	AbsError: 2.10941e+00
      Equation: "PotentialEquation"	RelError: 2.10104e-13	AbsError: 6.77805e-16
    Region: "oxide"	RelError: 4.87162e-16	AbsError: 7.75897e-17
      Equation: "PotentialEquation"	RelError: 4.87162e-16	AbsError: 7.75897e-17
number of equations 6651
Iteration: 0
  Device: "part1_baseline"	RelError: 2.66638e+01	AbsError: 1.08250e+16
    Region: "bulk"	RelError: 2.64831e+01	AbsError: 1.08250e+16
      Equation: "ElectronContinuityEquation"	RelError: 4.63013e-01	AbsError: 1.06837e+16
      Equation: "HoleContinuityEquation"	RelError: 2.70048e+00	AbsError: 1.41289e+14
      Equation: "PotentialEquation"	RelError: 2.33196e+01	AbsError: 1.88918e-02
    Region: "oxide"	RelError: 1.80723e-01	AbsError: 2.00000e-02
      Equation: "PotentialEquation"	RelError: 1.80723e-01	AbsError: 2.00000e-02
Iteration: 1
  Device: "part1_baseline"	RelError: 6.63555e-01	AbsError: 1.48712e+14
    Region: "bulk"	RelError: 6.63469e-01	AbsError: 1.48712e+14
      Equation: "ElectronContinuityEquation"	RelError: 2.14047e-01	AbsError: 1.46051e+14
      Equation: "HoleContinuityEquation"	RelError: 4.39376e-01	AbsError: 2.66140e+12
      Equation: "PotentialEquation"	RelError: 1.00455e-02	AbsError: 6.62798e-05
    Region: "oxide"	RelError: 8.67448e-05	AbsError: 1.98911e-05
      Equation: "PotentialEquation"	RelError: 8.67448e-05	AbsError: 1.98911e-05
Iteration: 2
  Device: "part1_baseline"	RelError: 4.54959e-04	AbsError: 5.32349e+10
    Region: "bulk"	RelError: 4.54949e-04	AbsError: 5.32349e+10
      Equation: "ElectronContinuityEquation"	RelError: 1.25912e-04	AbsError: 5.29504e+10
      Equation: "HoleContinuityEquation"	RelError: 3.26989e-04	AbsError: 2.84504e+08
      Equation: "PotentialEquation"	RelError: 2.04866e-06	AbsError: 1.56925e-08
    Region: "oxide"	RelError: 1.05292e-08	AbsError: 2.28292e-09
      Equation: "PotentialEquation"	RelError: 1.05292e-08	AbsError: 2.28292e-09
Iteration: 3
  Device: "part1_baseline"	RelError: 2.73105e-10	AbsError: 4.86719e+03
    Region: "bulk"	RelError: 2.73104e-10	AbsError: 4.86719e+03
      Equation: "ElectronContinuityEquation"	RelError: 1.08198e-11	AbsError: 4.86511e+03
      Equation: "HoleContinuityEquation"	RelError: 2.62137e-10	AbsError: 2.07659e+00
      Equation: "PotentialEquation"	RelError: 1.46854e-13	AbsError: 1.02355e-15
    Region: "oxide"	RelError: 7.19507e-16	AbsError: 1.29453e-16
      Equation: "PotentialEquation"	RelError: 7.19507e-16	AbsError: 1.29453e-16
number of equations 6651
Iteration: 0
  Device: "part1_baseline"	RelError: 1.43296e+01	AbsError: 1.07735e+16
    Region: "bulk"	RelError: 1.41766e+01	AbsError: 1.07735e+16
      Equation: "ElectronContinuityEquation"	RelError: 4.63043e-01	AbsError: 1.06336e+16
      Equation: "HoleContinuityEquation"	RelError: 2.70030e+00	AbsError: 1.39927e+14
      Equation: "PotentialEquation"	RelError: 1.10132e+01	AbsError: 1.88916e-02
    Region: "oxide"	RelError: 1.53050e-01	AbsError: 2.00000e-02
      Equation: "PotentialEquation"	RelError: 1.53050e-01	AbsError: 2.00000e-02
Iteration: 1
  Device: "part1_baseline"	RelError: 6.66256e-01	AbsError: 1.72789e+14
    Region: "bulk"	RelError: 6.66154e-01	AbsError: 1.72789e+14
      Equation: "ElectronContinuityEquation"	RelError: 2.14778e-01	AbsError: 1.70168e+14
      Equation: "HoleContinuityEquation"	RelError: 4.39362e-01	AbsError: 2.62088e+12
      Equation: "PotentialEquation"	RelError: 1.20136e-02	AbsError: 7.56574e-05
    Region: "oxide"	RelError: 1.01914e-04	AbsError: 2.47832e-05
      Equation: "PotentialEquation"	RelError: 1.01914e-04	AbsError: 2.47832e-05
Iteration: 2
  Device: "part1_baseline"	RelError: 1.12308e-03	AbsError: 6.74791e+10
    Region: "bulk"	RelError: 1.12307e-03	AbsError: 6.74791e+10
      Equation: "ElectronContinuityEquation"	RelError: 1.46880e-04	AbsError: 6.72076e+10
      Equation: "HoleContinuityEquation"	RelError: 9.74356e-04	AbsError: 2.71504e+08
      Equation: "PotentialEquation"	RelError: 1.82988e-06	AbsError: 1.94091e-08
    Region: "oxide"	RelError: 1.22794e-08	AbsError: 2.98609e-09
      Equation: "PotentialEquation"	RelError: 1.22794e-08	AbsError: 2.98609e-09
Iteration: 3
  Device: "part1_baseline"	RelError: 1.03236e-09	AbsError: 8.10197e+03
    Region: "bulk"	RelError: 1.03236e-09	AbsError: 8.10197e+03
      Equation: "ElectronContinuityEquation"	RelError: 1.42918e-11	AbsError: 8.09984e+03
      Equation: "HoleContinuityEquation"	RelError: 1.01788e-09	AbsError: 2.12837e+00
      Equation: "PotentialEquation"	RelError: 1.84607e-13	AbsError: 1.57848e-15
    Region: "oxide"	RelError: 1.08063e-15	AbsError: 2.16115e-16
      Equation: "PotentialEquation"	RelError: 1.08063e-15	AbsError: 2.16115e-16
number of equations 6651
Iteration: 0
  Device: "part1_baseline"	RelError: 1.73484e+01	AbsError: 1.07088e+16
    Region: "bulk"	RelError: 1.72157e+01	AbsError: 1.07088e+16
      Equation: "ElectronContinuityEquation"	RelError: 4.63708e-01	AbsError: 1.05705e+16
      Equation: "HoleContinuityEquation"	RelError: 2.70000e+00	AbsError: 1.38349e+14
      Equation: "PotentialEquation"	RelError: 1.40520e+01	AbsError: 1.88912e-02
    Region: "oxide"	RelError: 1.32722e-01	AbsError: 2.00000e-02
      Equation: "PotentialEquation"	RelError: 1.32722e-01	AbsError: 2.00000e-02
Iteration: 1
  Device: "part1_baseline"	RelError: 6.68107e-01	AbsError: 2.00595e+14
    Region: "bulk"	RelError: 6.67987e-01	AbsError: 2.00595e+14
      Equation: "ElectronContinuityEquation"	RelError: 2.14990e-01	AbsError: 1.98025e+14
      Equation: "HoleContinuityEquation"	RelError: 4.39336e-01	AbsError: 2.56987e+12
      Equation: "PotentialEquation"	RelError: 1.36606e-02	AbsError: 8.59564e-05
    Region: "oxide"	RelError: 1.20368e-04	AbsError: 3.09335e-05
      Equation: "PotentialEquation"	RelError: 1.20368e-04	AbsError: 3.09335e-05
Iteration: 2
  Device: "part1_baseline"	RelError: 2.68179e-03	AbsError: 9.02901e+10
    Region: "bulk"	RelError: 2.68177e-03	AbsError: 9.02901e+10
      Equation: "ElectronContinuityEquation"	RelError: 1.71100e-04	AbsError: 9.00351e+10
      Equation: "HoleContinuityEquation"	RelError: 2.50910e-03	AbsError: 2.54945e+08
      Equation: "PotentialEquation"	RelError: 1.57432e-06	AbsError: 2.35980e-08
    Region: "oxide"	RelError: 1.51073e-08	AbsError: 3.88245e-09
      Equation: "PotentialEquation"	RelError: 1.51073e-08	AbsError: 3.88245e-09
Iteration: 3
  Device: "part1_baseline"	RelError: 3.31469e-09	AbsError: 1.25321e+04
    Region: "bulk"	RelError: 3.31469e-09	AbsError: 1.25321e+04
      Equation: "ElectronContinuityEquation"	RelError: 1.78048e-11	AbsError: 1.25297e+04
      Equation: "HoleContinuityEquation"	RelError: 3.29660e-09	AbsError: 2.35519e+00
      Equation: "PotentialEquation"	RelError: 2.88601e-13	AbsError: 2.35049e-15
    Region: "oxide"	RelError: 1.66873e-15	AbsError: 3.63782e-16
      Equation: "PotentialEquation"	RelError: 1.66873e-15	AbsError: 3.63782e-16
number of equations 6651
Iteration: 0
  Device: "part1_baseline"	RelError: 6.62647e+00	AbsError: 1.06952e+16
    Region: "bulk"	RelError: 6.50932e+00	AbsError: 1.06952e+16
      Equation: "ElectronContinuityEquation"	RelError: 4.64017e-01	AbsError: 1.05586e+16
      Equation: "HoleContinuityEquation"	RelError: 2.69955e+00	AbsError: 1.36562e+14
      Equation: "PotentialEquation"	RelError: 3.34574e+00	AbsError: 1.88906e-02
    Region: "oxide"	RelError: 1.17157e-01	AbsError: 2.00000e-02
      Equation: "PotentialEquation"	RelError: 1.17157e-01	AbsError: 2.00000e-02
Iteration: 1
  Device: "part1_baseline"	RelError: 6.59859e-01	AbsError: 2.33490e+14
    Region: "bulk"	RelError: 6.59716e-01	AbsError: 2.33490e+14
      Equation: "ElectronContinuityEquation"	RelError: 2.14947e-01	AbsError: 2.30980e+14
      Equation: "HoleContinuityEquation"	RelError: 4.39295e-01	AbsError: 2.50981e+12
      Equation: "PotentialEquation"	RelError: 5.47363e-03	AbsError: 9.78244e-05
    Region: "oxide"	RelError: 1.42859e-04	AbsError: 3.86767e-05
      Equation: "PotentialEquation"	RelError: 1.42859e-04	AbsError: 3.86767e-05
Iteration: 2
  Device: "part1_baseline"	RelError: 5.70511e-03	AbsError: 1.16944e+11
    Region: "bulk"	RelError: 5.70509e-03	AbsError: 1.16944e+11
      Equation: "ElectronContinuityEquation"	RelError: 1.99131e-04	AbsError: 1.16709e+11
      Equation: "HoleContinuityEquation"	RelError: 5.50567e-03	AbsError: 2.34523e+08
      Equation: "PotentialEquation"	RelError: 2.89340e-07	AbsError: 2.86398e-08
    Region: "oxide"	RelError: 1.85767e-08	AbsError: 5.02935e-09
      Equation: "PotentialEquation"	RelError: 1.85767e-08	AbsError: 5.02935e-09
Iteration: 3
  Device: "part1_baseline"	RelError: 9.06326e-09	AbsError: 2.08996e+04
    Region: "bulk"	RelError: 9.06326e-09	AbsError: 2.08996e+04
      Equation: "ElectronContinuityEquation"	RelError: 2.04202e-11	AbsError: 2.08965e+04
      Equation: "HoleContinuityEquation"	RelError: 9.04267e-09	AbsError: 3.13360e+00
      Equation: "PotentialEquation"	RelError: 1.66454e-13	AbsError: 3.62833e-15
    Region: "oxide"	RelError: 2.67871e-15	AbsError: 6.21210e-16
      Equation: "PotentialEquation"	RelError: 2.67871e-15	AbsError: 6.21210e-16
number of equations 6651
Iteration: 0
  Device: "part1_baseline"	RelError: 9.26246e+00	AbsError: 1.06957e+16
    Region: "bulk"	RelError: 9.15761e+00	AbsError: 1.06957e+16
      Equation: "ElectronContinuityEquation"	RelError: 4.64056e-01	AbsError: 1.05611e+16
      Equation: "HoleContinuityEquation"	RelError: 2.69894e+00	AbsError: 1.34577e+14
      Equation: "PotentialEquation"	RelError: 5.99461e+00	AbsError: 1.88897e-02
    Region: "oxide"	RelError: 1.04855e-01	AbsError: 2.00000e-02
      Equation: "PotentialEquation"	RelError: 1.04855e-01	AbsError: 2.00000e-02
Iteration: 1
  Device: "part1_baseline"	RelError: 6.56420e-01	AbsError: 2.75976e+14
    Region: "bulk"	RelError: 6.56250e-01	AbsError: 2.75976e+14
      Equation: "ElectronContinuityEquation"	RelError: 2.14755e-01	AbsError: 2.73502e+14
      Equation: "HoleContinuityEquation"	RelError: 4.39237e-01	AbsError: 2.47463e+12
      Equation: "PotentialEquation"	RelError: 2.25755e-03	AbsError: 1.11259e-04
    Region: "oxide"	RelError: 1.70281e-04	AbsError: 4.84254e-05
      Equation: "PotentialEquation"	RelError: 1.70281e-04	AbsError: 4.84254e-05
Iteration: 2
  Device: "part1_baseline"	RelError: 1.00875e-02	AbsError: 1.56679e+11
    Region: "bulk"	RelError: 1.00875e-02	AbsError: 1.56679e+11
      Equation: "ElectronContinuityEquation"	RelError: 2.31939e-04	AbsError: 1.56470e+11
      Equation: "HoleContinuityEquation"	RelError: 9.85536e-03	AbsError: 2.09501e+08
      Equation: "PotentialEquation"	RelError: 1.98187e-07	AbsError: 3.45815e-08
    Region: "oxide"	RelError: 2.28838e-08	AbsError: 6.50781e-09
      Equation: "PotentialEquation"	RelError: 2.28838e-08	AbsError: 6.50781e-09
Iteration: 3
  Device: "part1_baseline"	RelError: 2.06529e-08	AbsError: 3.38179e+04
    Region: "bulk"	RelError: 2.06529e-08	AbsError: 3.38179e+04
      Equation: "ElectronContinuityEquation"	RelError: 2.24933e-11	AbsError: 3.38130e+04
      Equation: "HoleContinuityEquation"	RelError: 2.06303e-08	AbsError: 4.96067e+00
      Equation: "PotentialEquation"	RelError: 1.31887e-13	AbsError: 5.47258e-15
    Region: "oxide"	RelError: 4.50530e-15	AbsError: 1.07936e-15
      Equation: "PotentialEquation"	RelError: 4.50530e-15	AbsError: 1.07936e-15
number of equations 6651
Iteration: 0
  Device: "part1_baseline"	RelError: 9.67127e+00	AbsError: 1.06961e+16
    Region: "bulk"	RelError: 9.57638e+00	AbsError: 1.06961e+16
      Equation: "ElectronContinuityEquation"	RelError: 4.63951e-01	AbsError: 1.05637e+16
      Equation: "HoleContinuityEquation"	RelError: 2.69809e+00	AbsError: 1.32403e+14
      Equation: "PotentialEquation"	RelError: 6.41434e+00	AbsError: 1.88885e-02
    Region: "oxide"	RelError: 9.48856e-02	AbsError: 2.00000e-02
      Equation: "PotentialEquation"	RelError: 9.48856e-02	AbsError: 2.00000e-02
Iteration: 1
  Device: "part1_baseline"	RelError: 6.58076e-01	AbsError: 3.26726e+14
    Region: "bulk"	RelError: 6.57872e-01	AbsError: 3.26726e+14
      Equation: "ElectronContinuityEquation"	RelError: 2.14453e-01	AbsError: 3.24291e+14
      Equation: "HoleContinuityEquation"	RelError: 4.39156e-01	AbsError: 2.43517e+12
      Equation: "PotentialEquation"	RelError: 4.26348e-03	AbsError: 1.26229e-04
    Region: "oxide"	RelError: 2.03644e-04	AbsError: 6.06706e-05
      Equation: "PotentialEquation"	RelError: 2.03644e-04	AbsError: 6.06706e-05
Iteration: 2
  Device: "part1_baseline"	RelError: 1.52790e-02	AbsError: 2.10571e+11
    Region: "bulk"	RelError: 1.52790e-02	AbsError: 2.10571e+11
      Equation: "ElectronContinuityEquation"	RelError: 2.70634e-04	AbsError: 2.10392e+11
      Equation: "HoleContinuityEquation"	RelError: 1.50076e-02	AbsError: 1.78335e+08
      Equation: "PotentialEquation"	RelError: 7.36105e-07	AbsError: 4.09422e-08
    Region: "oxide"	RelError: 2.82934e-08	AbsError: 8.42932e-09
      Equation: "PotentialEquation"	RelError: 2.82934e-08	AbsError: 8.42932e-09
Iteration: 3
  Device: "part1_baseline"	RelError: 3.99799e-08	AbsError: 5.41075e+04
    Region: "bulk"	RelError: 3.99799e-08	AbsError: 5.41075e+04
      Equation: "ElectronContinuityEquation"	RelError: 2.75134e-11	AbsError: 5.40991e+04
      Equation: "HoleContinuityEquation"	RelError: 3.99522e-08	AbsError: 8.36042e+00
      Equation: "PotentialEquation"	RelError: 2.63044e-13	AbsError: 8.56966e-15
    Region: "oxide"	RelError: 7.96088e-15	AbsError: 1.96855e-15
      Equation: "PotentialEquation"	RelError: 7.96088e-15	AbsError: 1.96855e-15
number of equations 6651
Iteration: 0
  Device: "part1_baseline"	RelError: 5.75766e+01	AbsError: 1.06962e+16
    Region: "bulk"	RelError: 5.74899e+01	AbsError: 1.06962e+16
      Equation: "ElectronContinuityEquation"	RelError: 4.63749e-01	AbsError: 1.05661e+16
      Equation: "HoleContinuityEquation"	RelError: 2.69690e+00	AbsError: 1.30048e+14
      Equation: "PotentialEquation"	RelError: 5.43293e+01	AbsError: 1.88869e-02
    Region: "oxide"	RelError: 8.66412e-02	AbsError: 2.00000e-02
      Equation: "PotentialEquation"	RelError: 8.66412e-02	AbsError: 2.00000e-02
Iteration: 1
  Device: "part1_baseline"	RelError: 7.27939e-01	AbsError: 3.89909e+14
    Region: "bulk"	RelError: 7.27695e-01	AbsError: 3.89909e+14
      Equation: "ElectronContinuityEquation"	RelError: 2.14039e-01	AbsError: 3.87520e+14
      Equation: "HoleContinuityEquation"	RelError: 4.39042e-01	AbsError: 2.38903e+12
      Equation: "PotentialEquation"	RelError: 7.46140e-02	AbsError: 1.44377e-04
    Region: "oxide"	RelError: 2.44003e-04	AbsError: 7.59637e-05
      Equation: "PotentialEquation"	RelError: 2.44003e-04	AbsError: 7.59637e-05
Iteration: 2
  Device: "part1_baseline"	RelError: 2.01933e-02	AbsError: 2.77494e+11
    Region: "bulk"	RelError: 2.01933e-02	AbsError: 2.77494e+11
      Equation: "ElectronContinuityEquation"	RelError: 3.17548e-04	AbsError: 2.77356e+11
      Equation: "HoleContinuityEquation"	RelError: 1.98480e-02	AbsError: 1.38019e+08
      Equation: "PotentialEquation"	RelError: 2.77206e-05	AbsError: 4.90073e-08
    Region: "oxide"	RelError: 3.51221e-08	AbsError: 1.09343e-08
      Equation: "PotentialEquation"	RelError: 3.51221e-08	AbsError: 1.09343e-08
Iteration: 3
  Device: "part1_baseline"	RelError: 6.87544e-08	AbsError: 9.31435e+04
    Region: "bulk"	RelError: 6.87544e-08	AbsError: 9.31435e+04
      Equation: "ElectronContinuityEquation"	RelError: 3.94789e-11	AbsError: 9.31294e+04
      Equation: "HoleContinuityEquation"	RelError: 6.87076e-08	AbsError: 1.40490e+01
      Equation: "PotentialEquation"	RelError: 7.23612e-12	AbsError: 1.33612e-14
    Region: "oxide"	RelError: 1.47209e-14	AbsError: 3.87798e-15
      Equation: "PotentialEquation"	RelError: 1.47209e-14	AbsError: 3.87798e-15
number of equations 6651
Iteration: 0
  Device: "part1_baseline"	RelError: 1.21593e+01	AbsError: 1.06960e+16
    Region: "bulk"	RelError: 1.20795e+01	AbsError: 1.06960e+16
      Equation: "ElectronContinuityEquation"	RelError: 4.63458e-01	AbsError: 1.05685e+16
      Equation: "HoleContinuityEquation"	RelError: 2.69517e+00	AbsError: 1.27517e+14
      Equation: "PotentialEquation"	RelError: 8.92092e+00	AbsError: 1.88845e-02
    Region: "oxide"	RelError: 7.97131e-02	AbsError: 2.00000e-02
      Equation: "PotentialEquation"	RelError: 7.97131e-02	AbsError: 2.00000e-02
Iteration: 1
  Device: "part1_baseline"	RelError: 6.78415e-01	AbsError: 4.74049e+14
    Region: "bulk"	RelError: 6.78123e-01	AbsError: 4.74049e+14
      Equation: "ElectronContinuityEquation"	RelError: 2.13490e-01	AbsError: 4.71710e+14
      Equation: "HoleContinuityEquation"	RelError: 4.38876e-01	AbsError: 2.33855e+12
      Equation: "PotentialEquation"	RelError: 2.57569e-02	AbsError: 1.64890e-04
    Region: "oxide"	RelError: 2.92294e-04	AbsError: 9.48621e-05
      Equation: "PotentialEquation"	RelError: 2.92294e-04	AbsError: 9.48621e-05
Iteration: 2
  Device: "part1_baseline"	RelError: 2.45625e-02	AbsError: 3.86554e+11
    Region: "bulk"	RelError: 2.45624e-02	AbsError: 3.86554e+11
      Equation: "ElectronContinuityEquation"	RelError: 3.73727e-04	AbsError: 3.86439e+11
      Equation: "HoleContinuityEquation"	RelError: 2.41761e-02	AbsError: 1.14878e+08
      Equation: "PotentialEquation"	RelError: 1.25811e-05	AbsError: 5.73736e-08
    Region: "oxide"	RelError: 5.92688e-08	AbsError: 1.53084e-08
      Equation: "PotentialEquation"	RelError: 5.92688e-08	AbsError: 1.53084e-08
Iteration: 3
  Device: "part1_baseline"	RelError: 1.08481e-07	AbsError: 1.48769e+05
    Region: "bulk"	RelError: 1.08481e-07	AbsError: 1.48769e+05
      Equation: "ElectronContinuityEquation"	RelError: 1.26941e-10	AbsError: 1.48746e+05
      Equation: "HoleContinuityEquation"	RelError: 1.08351e-07	AbsError: 2.22091e+01
      Equation: "PotentialEquation"	RelError: 3.27025e-12	AbsError: 2.03940e-14
    Region: "oxide"	RelError: 2.81190e-14	AbsError: 7.85891e-15
      Equation: "PotentialEquation"	RelError: 2.81190e-14	AbsError: 7.85891e-15
number of equations 6651
Iteration: 0
  Device: "part1_baseline"	RelError: 9.84429e+00	AbsError: 1.06957e+16
    Region: "bulk"	RelError: 9.77048e+00	AbsError: 1.06957e+16
      Equation: "ElectronContinuityEquation"	RelError: 4.63062e-01	AbsError: 1.05708e+16
      Equation: "HoleContinuityEquation"	RelError: 2.69254e+00	AbsError: 1.24812e+14
      Equation: "PotentialEquation"	RelError: 6.61488e+00	AbsError: 1.88809e-02
    Region: "oxide"	RelError: 7.38033e-02	AbsError: 2.00000e-02
      Equation: "PotentialEquation"	RelError: 7.38033e-02	AbsError: 2.00000e-02
Iteration: 1
  Device: "part1_baseline"	RelError: 6.58948e-01	AbsError: 5.89273e+14
    Region: "bulk"	RelError: 6.58599e-01	AbsError: 5.89273e+14
      Equation: "ElectronContinuityEquation"	RelError: 2.12752e-01	AbsError: 5.86986e+14
      Equation: "HoleContinuityEquation"	RelError: 4.38626e-01	AbsError: 2.28671e+12
      Equation: "PotentialEquation"	RelError: 7.22082e-03	AbsError: 1.87940e-04
    Region: "oxide"	RelError: 3.49052e-04	AbsError: 1.17821e-04
      Equation: "PotentialEquation"	RelError: 3.49052e-04	AbsError: 1.17821e-04
Iteration: 2
  Device: "part1_baseline"	RelError: 2.81561e-02	AbsError: 5.27711e+11
    Region: "bulk"	RelError: 2.81559e-02	AbsError: 5.27711e+11
      Equation: "ElectronContinuityEquation"	RelError: 4.40658e-04	AbsError: 5.27521e+11
      Equation: "HoleContinuityEquation"	RelError: 2.77088e-02	AbsError: 1.90227e+08
      Equation: "PotentialEquation"	RelError: 6.52496e-06	AbsError: 6.50103e-08
    Region: "oxide"	RelError: 1.11912e-07	AbsError: 3.08343e-08
      Equation: "PotentialEquation"	RelError: 1.11912e-07	AbsError: 3.08343e-08
Iteration: 3
  Device: "part1_baseline"	RelError: 1.60062e-07	AbsError: 2.35787e+05
    Region: "bulk"	RelError: 1.60062e-07	AbsError: 2.35787e+05
      Equation: "ElectronContinuityEquation"	RelError: 3.05530e-10	AbsError: 2.35755e+05
      Equation: "HoleContinuityEquation"	RelError: 1.59755e-07	AbsError: 3.19914e+01
      Equation: "PotentialEquation"	RelError: 1.21066e-12	AbsError: 3.16246e-14
    Region: "oxide"	RelError: 5.40041e-14	AbsError: 1.59536e-14
      Equation: "PotentialEquation"	RelError: 5.40041e-14	AbsError: 1.59536e-14
number of equations 6651
Iteration: 0
  Device: "part1_baseline"	RelError: 1.98446e+01	AbsError: 1.06950e+16
    Region: "bulk"	RelError: 1.97759e+01	AbsError: 1.06950e+16
      Equation: "ElectronContinuityEquation"	RelError: 4.62521e-01	AbsError: 1.05730e+16
      Equation: "HoleContinuityEquation"	RelError: 2.68841e+00	AbsError: 1.21923e+14
      Equation: "PotentialEquation"	RelError: 1.66250e+01	AbsError: 1.88751e-02
    Region: "oxide"	RelError: 6.86950e-02	AbsError: 2.00000e-02
      Equation: "PotentialEquation"	RelError: 6.86950e-02	AbsError: 2.00000e-02
Iteration: 1
  Device: "part1_baseline"	RelError: 6.64623e-01	AbsError: 7.51402e+14
    Region: "bulk"	RelError: 6.64209e-01	AbsError: 7.51402e+14
      Equation: "ElectronContinuityEquation"	RelError: 2.11734e-01	AbsError: 7.49165e+14
      Equation: "HoleContinuityEquation"	RelError: 4.38237e-01	AbsError: 2.23744e+12
      Equation: "PotentialEquation"	RelError: 1.42382e-02	AbsError: 2.15042e-04
    Region: "oxide"	RelError: 4.13984e-04	AbsError: 1.45008e-04
      Equation: "PotentialEquation"	RelError: 4.13984e-04	AbsError: 1.45008e-04
Iteration: 2
  Device: "part1_baseline"	RelError: 3.08798e-02	AbsError: 7.08040e+11
    Region: "bulk"	RelError: 3.08796e-02	AbsError: 7.08040e+11
      Equation: "ElectronContinuityEquation"	RelError: 5.19547e-04	AbsError: 7.07707e+11
      Equation: "HoleContinuityEquation"	RelError: 3.03262e-02	AbsError: 3.33021e+08
      Equation: "PotentialEquation"	RelError: 3.38330e-05	AbsError: 8.39596e-08
    Region: "oxide"	RelError: 1.96403e-07	AbsError: 5.74794e-08
      Equation: "PotentialEquation"	RelError: 1.96403e-07	AbsError: 5.74794e-08
Iteration: 3
  Device: "part1_baseline"	RelError: 2.25386e-07	AbsError: 3.82586e+05
    Region: "bulk"	RelError: 2.25386e-07	AbsError: 3.82586e+05
      Equation: "ElectronContinuityEquation"	RelError: 6.22609e-10	AbsError: 3.82537e+05
      Equation: "HoleContinuityEquation"	RelError: 2.24761e-07	AbsError: 4.92491e+01
      Equation: "PotentialEquation"	RelError: 2.69486e-12	AbsError: 5.41777e-14
    Region: "oxide"	RelError: 9.93790e-14	AbsError: 3.09242e-14
      Equation: "PotentialEquation"	RelError: 9.93790e-14	AbsError: 3.09242e-14
number of equations 6651
Iteration: 0
  Device: "part1_baseline"	RelError: 5.17607e+01	AbsError: 1.06944e+16
    Region: "bulk"	RelError: 5.16965e+01	AbsError: 1.06944e+16
      Equation: "ElectronContinuityEquation"	RelError: 4.61763e-01	AbsError: 1.05751e+16
      Equation: "HoleContinuityEquation"	RelError: 2.68172e+00	AbsError: 1.19374e+14
      Equation: "PotentialEquation"	RelError: 4.85530e+01	AbsError: 1.88654e-02
    Region: "oxide"	RelError: 6.42246e-02	AbsError: 2.00000e-02
      Equation: "PotentialEquation"	RelError: 6.42246e-02	AbsError: 2.00000e-02
Iteration: 1
  Device: "part1_baseline"	RelError: 7.27093e-01	AbsError: 1.00728e+15
    Region: "bulk"	RelError: 7.26608e-01	AbsError: 1.00728e+15
      Equation: "ElectronContinuityEquation"	RelError: 2.10279e-01	AbsError: 1.00509e+15
      Equation: "HoleContinuityEquation"	RelError: 4.37608e-01	AbsError: 2.19588e+12
      Equation: "PotentialEquation"	RelError: 7.87210e-02	AbsError: 2.44506e-04
    Region: "oxide"	RelError: 4.85412e-04	AbsError: 1.76046e-04
      Equation: "PotentialEquation"	RelError: 4.85412e-04	AbsError: 1.76046e-04
Iteration: 2
  Device: "part1_baseline"	RelError: 3.28735e-02	AbsError: 1.07886e+12
    Region: "bulk"	RelError: 3.28732e-02	AbsError: 1.07886e+12
      Equation: "ElectronContinuityEquation"	RelError: 6.09802e-04	AbsError: 1.07829e+12
      Equation: "HoleContinuityEquation"	RelError: 3.20506e-02	AbsError: 5.75025e+08
      Equation: "PotentialEquation"	RelError: 2.12820e-04	AbsError: 1.37670e-07
    Region: "oxide"	RelError: 3.18016e-07	AbsError: 9.84775e-08
      Equation: "PotentialEquation"	RelError: 3.18016e-07	AbsError: 9.84775e-08
Iteration: 3
  Device: "part1_baseline"	RelError: 3.03803e-07	AbsError: 5.40758e+05
    Region: "bulk"	RelError: 3.03802e-07	AbsError: 5.40758e+05
      Equation: "ElectronContinuityEquation"	RelError: 1.10900e-09	AbsError: 5.40623e+05
      Equation: "HoleContinuityEquation"	RelError: 3.02675e-07	AbsError: 1.35511e+02
      Equation: "PotentialEquation"	RelError: 1.83884e-11	AbsError: 1.37259e-13
    Region: "oxide"	RelError: 2.50087e-13	AbsError: 7.74425e-14
      Equation: "PotentialEquation"	RelError: 2.50087e-13	AbsError: 7.74425e-14
number of equations 6651
Iteration: 0
  Device: "part1_baseline"	RelError: 5.01945e+00	AbsError: 1.06934e+16
    Region: "bulk"	RelError: 4.95919e+00	AbsError: 1.06934e+16
      Equation: "ElectronContinuityEquation"	RelError: 4.60661e-01	AbsError: 1.05767e+16
      Equation: "HoleContinuityEquation"	RelError: 2.67056e+00	AbsError: 1.16652e+14
      Equation: "PotentialEquation"	RelError: 1.82797e+00	AbsError: 1.88513e-02
    Region: "oxide"	RelError: 6.02610e-02	AbsError: 2.00000e-02
      Equation: "PotentialEquation"	RelError: 6.02610e-02	AbsError: 2.00000e-02
Iteration: 1
  Device: "part1_baseline"	RelError: 6.56379e-01	AbsError: 1.43289e+15
    Region: "bulk"	RelError: 6.55820e-01	AbsError: 1.43289e+15
      Equation: "ElectronContinuityEquation"	RelError: 2.08133e-01	AbsError: 1.43073e+15
      Equation: "HoleContinuityEquation"	RelError: 4.36559e-01	AbsError: 2.16857e+12
      Equation: "PotentialEquation"	RelError: 1.11270e-02	AbsError: 2.73733e-04
    Region: "oxide"	RelError: 5.59706e-04	AbsError: 2.09708e-04
      Equation: "PotentialEquation"	RelError: 5.59706e-04	AbsError: 2.09708e-04
Iteration: 2
  Device: "part1_baseline"	RelError: 3.35003e-02	AbsError: 1.55168e+12
    Region: "bulk"	RelError: 3.34998e-02	AbsError: 1.55168e+12
      Equation: "ElectronContinuityEquation"	RelError: 7.06723e-04	AbsError: 1.55071e+12
      Equation: "HoleContinuityEquation"	RelError: 3.27733e-02	AbsError: 9.75667e+08
      Equation: "PotentialEquation"	RelError: 1.97662e-05	AbsError: 2.22637e-07
    Region: "oxide"	RelError: 5.01113e-07	AbsError: 1.59110e-07
      Equation: "PotentialEquation"	RelError: 5.01113e-07	AbsError: 1.59110e-07
Iteration: 3
  Device: "part1_baseline"	RelError: 3.89396e-07	AbsError: 8.23424e+05
    Region: "bulk"	RelError: 3.89395e-07	AbsError: 8.23424e+05
      Equation: "ElectronContinuityEquation"	RelError: 1.72150e-09	AbsError: 8.22782e+05
      Equation: "HoleContinuityEquation"	RelError: 3.87657e-07	AbsError: 6.42229e+02
      Equation: "PotentialEquation"	RelError: 1.71648e-11	AbsError: 3.47574e-13
    Region: "oxide"	RelError: 6.37117e-13	AbsError: 2.02293e-13
      Equation: "PotentialEquation"	RelError: 6.37117e-13	AbsError: 2.02293e-13
number of equations 6651
Iteration: 0
  Device: "part1_baseline"	RelError: 6.02638e+00	AbsError: 1.06914e+16
    Region: "bulk"	RelError: 5.96969e+00	AbsError: 1.06914e+16
      Equation: "ElectronContinuityEquation"	RelError: 4.59006e-01	AbsError: 1.05778e+16
      Equation: "HoleContinuityEquation"	RelError: 2.65167e+00	AbsError: 1.13564e+14
      Equation: "PotentialEquation"	RelError: 2.85901e+00	AbsError: 1.88292e-02
    Region: "oxide"	RelError: 5.66918e-02	AbsError: 2.00000e-02
      Equation: "PotentialEquation"	RelError: 5.66918e-02	AbsError: 2.00000e-02
Iteration: 1
  Device: "part1_baseline"	RelError: 6.67911e-01	AbsError: 2.05044e+15
    Region: "bulk"	RelError: 6.67280e-01	AbsError: 2.05044e+15
      Equation: "ElectronContinuityEquation"	RelError: 2.04903e-01	AbsError: 2.04828e+15
      Equation: "HoleContinuityEquation"	RelError: 4.34770e-01	AbsError: 2.16273e+12
      Equation: "PotentialEquation"	RelError: 2.76077e-02	AbsError: 3.04258e-04
    Region: "oxide"	RelError: 6.30958e-04	AbsError: 2.43684e-04
      Equation: "PotentialEquation"	RelError: 6.30958e-04	AbsError: 2.43684e-04
Iteration: 2
  Device: "part1_baseline"	RelError: 3.31543e-02	AbsError: 2.12717e+12
    Region: "bulk"	RelError: 3.31535e-02	AbsError: 2.12717e+12
      Equation: "ElectronContinuityEquation"	RelError: 7.98367e-04	AbsError: 2.12566e+12
      Equation: "HoleContinuityEquation"	RelError: 3.23070e-02	AbsError: 1.50949e+09
      Equation: "PotentialEquation"	RelError: 4.81990e-05	AbsError: 3.26923e-07
    Region: "oxide"	RelError: 7.20874e-07	AbsError: 2.38111e-07
      Equation: "PotentialEquation"	RelError: 7.20874e-07	AbsError: 2.38111e-07
Iteration: 3
  Device: "part1_baseline"	RelError: 4.65204e-07	AbsError: 2.29741e+06
    Region: "bulk"	RelError: 4.65203e-07	AbsError: 2.29741e+06
      Equation: "ElectronContinuityEquation"	RelError: 2.33310e-09	AbsError: 2.29479e+06
      Equation: "HoleContinuityEquation"	RelError: 4.62776e-07	AbsError: 2.62429e+03
      Equation: "PotentialEquation"	RelError: 9.36010e-11	AbsError: 9.00315e-13
    Region: "oxide"	RelError: 1.68269e-12	AbsError: 5.56168e-13
      Equation: "PotentialEquation"	RelError: 1.68269e-12	AbsError: 5.56168e-13
number of equations 6651
Iteration: 0
  Device: "part1_baseline"	RelError: 5.19917e+00	AbsError: 1.33246e+16
    Region: "bulk"	RelError: 5.14575e+00	AbsError: 1.33246e+16
      Equation: "ElectronContinuityEquation"	RelError: 4.56467e-01	AbsError: 1.32146e+16
      Equation: "HoleContinuityEquation"	RelError: 2.61971e+00	AbsError: 1.09987e+14
      Equation: "PotentialEquation"	RelError: 2.06958e+00	AbsError: 1.87897e-02
    Region: "oxide"	RelError: 5.34113e-02	AbsError: 2.00000e-02
      Equation: "PotentialEquation"	RelError: 5.34113e-02	AbsError: 2.00000e-02
Iteration: 1
  Device: "part1_baseline"	RelError: 6.56646e-01	AbsError: 2.82480e+15
    Region: "bulk"	RelError: 6.55902e-01	AbsError: 2.82480e+15
      Equation: "ElectronContinuityEquation"	RelError: 2.00028e-01	AbsError: 2.82248e+15
      Equation: "HoleContinuityEquation"	RelError: 4.31691e-01	AbsError: 2.31984e+12
      Equation: "PotentialEquation"	RelError: 2.41838e-02	AbsError: 3.72122e-04
    Region: "oxide"	RelError: 7.43640e-04	AbsError: 2.76014e-04
      Equation: "PotentialEquation"	RelError: 7.43640e-04	AbsError: 2.76014e-04
Iteration: 2
  Device: "part1_baseline"	RelError: 3.16298e-02	AbsError: 3.16789e+12
    Region: "bulk"	RelError: 3.16289e-02	AbsError: 3.16789e+12
      Equation: "ElectronContinuityEquation"	RelError: 8.63963e-04	AbsError: 3.16586e+12
      Equation: "HoleContinuityEquation"	RelError: 3.07216e-02	AbsError: 2.02285e+09
      Equation: "PotentialEquation"	RelError: 4.33423e-05	AbsError: 4.34225e-07
    Region: "oxide"	RelError: 9.38883e-07	AbsError: 3.25091e-07
      Equation: "PotentialEquation"	RelError: 9.38883e-07	AbsError: 3.25091e-07
Iteration: 3
  Device: "part1_baseline"	RelError: 4.97304e-07	AbsError: 4.71750e+06
    Region: "bulk"	RelError: 4.97301e-07	AbsError: 4.71750e+06
      Equation: "ElectronContinuityEquation"	RelError: 2.92394e-09	AbsError: 4.71110e+06
      Equation: "HoleContinuityEquation"	RelError: 4.94225e-07	AbsError: 6.40543e+03
      Equation: "PotentialEquation"	RelError: 1.52005e-10	AbsError: 1.82839e-12
    Region: "oxide"	RelError: 3.41587e-12	AbsError: 1.18275e-12
      Equation: "PotentialEquation"	RelError: 3.41587e-12	AbsError: 1.18275e-12
number of equations 6651
Iteration: 0
  Device: "part1_baseline"	RelError: 5.56473e+00	AbsError: 1.91681e+16
    Region: "bulk"	RelError: 5.51442e+00	AbsError: 1.91681e+16
      Equation: "ElectronContinuityEquation"	RelError: 4.52568e-01	AbsError: 1.90618e+16
      Equation: "HoleContinuityEquation"	RelError: 2.56674e+00	AbsError: 1.06333e+14
      Equation: "PotentialEquation"	RelError: 2.49511e+00	AbsError: 1.87276e-02
    Region: "oxide"	RelError: 5.03129e-02	AbsError: 2.00000e-02
      Equation: "PotentialEquation"	RelError: 5.03129e-02	AbsError: 2.00000e-02
Iteration: 1
  Device: "part1_baseline"	RelError: 6.60495e-01	AbsError: 3.73750e+15
    Region: "bulk"	RelError: 6.59604e-01	AbsError: 3.73750e+15
      Equation: "ElectronContinuityEquation"	RelError: 1.92848e-01	AbsError: 3.73489e+15
      Equation: "HoleContinuityEquation"	RelError: 4.26436e-01	AbsError: 2.61190e+12
      Equation: "PotentialEquation"	RelError: 4.03205e-02	AbsError: 4.42788e-04
    Region: "oxide"	RelError: 8.90686e-04	AbsError: 3.42801e-04
      Equation: "PotentialEquation"	RelError: 8.90686e-04	AbsError: 3.42801e-04
Iteration: 2
  Device: "part1_baseline"	RelError: 2.87676e-02	AbsError: 4.35596e+12
    Region: "bulk"	RelError: 2.87666e-02	AbsError: 4.35596e+12
      Equation: "ElectronContinuityEquation"	RelError: 8.79680e-04	AbsError: 4.35398e+12
      Equation: "HoleContinuityEquation"	RelError: 2.78366e-02	AbsError: 1.98111e+09
      Equation: "PotentialEquation"	RelError: 5.02946e-05	AbsError: 4.78229e-07
    Region: "oxide"	RelError: 1.02653e-06	AbsError: 3.74149e-07
      Equation: "PotentialEquation"	RelError: 1.02653e-06	AbsError: 3.74149e-07
Iteration: 3
  Device: "part1_baseline"	RelError: 4.69073e-07	AbsError: 9.75396e+06
    Region: "bulk"	RelError: 4.69070e-07	AbsError: 9.75396e+06
      Equation: "ElectronContinuityEquation"	RelError: 3.74278e-09	AbsError: 9.74721e+06
      Equation: "HoleContinuityEquation"	RelError: 4.65145e-07	AbsError: 6.75440e+03
      Equation: "PotentialEquation"	RelError: 1.81909e-10	AbsError: 1.88056e-12
    Region: "oxide"	RelError: 3.31541e-12	AbsError: 1.20840e-12
      Equation: "PotentialEquation"	RelError: 3.31541e-12	AbsError: 1.20840e-12
number of equations 6651
Iteration: 0
  Device: "part1_baseline"	RelError: 5.47787e+00	AbsError: 2.69703e+16
    Region: "bulk"	RelError: 5.43058e+00	AbsError: 2.69703e+16
      Equation: "ElectronContinuityEquation"	RelError: 4.46719e-01	AbsError: 2.68670e+16
      Equation: "HoleContinuityEquation"	RelError: 2.48292e+00	AbsError: 1.03203e+14
      Equation: "PotentialEquation"	RelError: 2.50094e+00	AbsError: 1.86424e-02
    Region: "oxide"	RelError: 4.72890e-02	AbsError: 2.00000e-02
      Equation: "PotentialEquation"	RelError: 4.72890e-02	AbsError: 2.00000e-02
Iteration: 1
  Device: "part1_baseline"	RelError: 6.48194e-01	AbsError: 4.74925e+15
    Region: "bulk"	RelError: 6.47154e-01	AbsError: 4.74925e+15
      Equation: "ElectronContinuityEquation"	RelError: 1.82844e-01	AbsError: 4.74626e+15
      Equation: "HoleContinuityEquation"	RelError: 4.17738e-01	AbsError: 2.99030e+12
      Equation: "PotentialEquation"	RelError: 4.65713e-02	AbsError: 5.29524e-04
    Region: "oxide"	RelError: 1.04024e-03	AbsError: 4.05053e-04
      Equation: "PotentialEquation"	RelError: 1.04024e-03	AbsError: 4.05053e-04
Iteration: 2
  Device: "part1_baseline"	RelError: 2.45853e-02	AbsError: 5.05140e+12
    Region: "bulk"	RelError: 2.45838e-02	AbsError: 5.05140e+12
      Equation: "ElectronContinuityEquation"	RelError: 8.35392e-04	AbsError: 5.05039e+12
      Equation: "HoleContinuityEquation"	RelError: 2.37278e-02	AbsError: 1.01476e+09
      Equation: "PotentialEquation"	RelError: 2.05914e-05	AbsError: 9.84143e-07
    Region: "oxide"	RelError: 1.49183e-06	AbsError: 5.80896e-07
      Equation: "PotentialEquation"	RelError: 1.49183e-06	AbsError: 5.80896e-07
Iteration: 3
  Device: "part1_baseline"	RelError: 3.75699e-07	AbsError: 2.25526e+07
    Region: "bulk"	RelError: 3.75690e-07	AbsError: 2.25526e+07
      Equation: "ElectronContinuityEquation"	RelError: 4.49121e-09	AbsError: 2.25502e+07
      Equation: "HoleContinuityEquation"	RelError: 3.71112e-07	AbsError: 2.43495e+03
      Equation: "PotentialEquation"	RelError: 8.74400e-11	AbsError: 5.45072e-12
    Region: "oxide"	RelError: 8.48941e-12	AbsError: 3.30565e-12
      Equation: "PotentialEquation"	RelError: 8.48941e-12	AbsError: 3.30565e-12
number of equations 6651
Iteration: 0
  Device: "part1_baseline"	RelError: 9.43683e+00	AbsError: 3.68169e+16
    Region: "bulk"	RelError: 9.39169e+00	AbsError: 3.68169e+16
      Equation: "ElectronContinuityEquation"	RelError: 4.38395e-01	AbsError: 3.67179e+16
      Equation: "HoleContinuityEquation"	RelError: 2.36007e+00	AbsError: 9.90533e+13
      Equation: "PotentialEquation"	RelError: 6.59323e+00	AbsError: 1.85341e-02
    Region: "oxide"	RelError: 4.51344e-02	AbsError: 2.00000e-02
      Equation: "PotentialEquation"	RelError: 4.51344e-02	AbsError: 2.00000e-02
Iteration: 1
  Device: "part1_baseline"	RelError: 7.01488e-01	AbsError: 5.80924e+15
    Region: "bulk"	RelError: 7.00309e-01	AbsError: 5.80924e+15
      Equation: "ElectronContinuityEquation"	RelError: 1.70069e-01	AbsError: 5.80592e+15
      Equation: "HoleContinuityEquation"	RelError: 4.04167e-01	AbsError: 3.32362e+12
      Equation: "PotentialEquation"	RelError: 1.26074e-01	AbsError: 5.96796e-04
    Region: "oxide"	RelError: 1.17870e-03	AbsError: 4.75315e-04
      Equation: "PotentialEquation"	RelError: 1.17870e-03	AbsError: 4.75315e-04
Iteration: 2
  Device: "part1_baseline"	RelError: 1.93923e-02	AbsError: 5.75641e+12
    Region: "bulk"	RelError: 1.93898e-02	AbsError: 5.75641e+12
      Equation: "ElectronContinuityEquation"	RelError: 7.48634e-04	AbsError: 5.75381e+12
      Equation: "HoleContinuityEquation"	RelError: 1.85393e-02	AbsError: 2.59500e+09
      Equation: "PotentialEquation"	RelError: 1.01866e-04	AbsError: 1.60183e-06
    Region: "oxide"	RelError: 2.55029e-06	AbsError: 1.02842e-06
      Equation: "PotentialEquation"	RelError: 2.55029e-06	AbsError: 1.02842e-06
Iteration: 3
  Device: "part1_baseline"	RelError: 2.59901e-07	AbsError: 5.90397e+07
    Region: "bulk"	RelError: 2.59874e-07	AbsError: 5.90397e+07
      Equation: "ElectronContinuityEquation"	RelError: 3.97097e-09	AbsError: 5.90287e+07
      Equation: "HoleContinuityEquation"	RelError: 2.55773e-07	AbsError: 1.09286e+04
      Equation: "PotentialEquation"	RelError: 1.30076e-10	AbsError: 1.71916e-11
    Region: "oxide"	RelError: 2.77908e-11	AbsError: 1.12068e-11
      Equation: "PotentialEquation"	RelError: 2.77908e-11	AbsError: 1.12068e-11
number of equations 6651
Iteration: 0
  Device: "part1_baseline"	RelError: 1.26039e+01	AbsError: 4.87864e+16
    Region: "bulk"	RelError: 1.25607e+01	AbsError: 4.87864e+16
      Equation: "ElectronContinuityEquation"	RelError: 4.27437e-01	AbsError: 4.86924e+16
      Equation: "HoleContinuityEquation"	RelError: 2.19773e+00	AbsError: 9.39319e+13
      Equation: "PotentialEquation"	RelError: 9.93552e+00	AbsError: 1.83916e-02
    Region: "oxide"	RelError: 4.31852e-02	AbsError: 2.00000e-02
      Equation: "PotentialEquation"	RelError: 4.31852e-02	AbsError: 2.00000e-02
Iteration: 1
  Device: "part1_baseline"	RelError: 7.05403e-01	AbsError: 6.86466e+15
    Region: "bulk"	RelError: 7.04153e-01	AbsError: 6.86466e+15
      Equation: "ElectronContinuityEquation"	RelError: 1.55448e-01	AbsError: 6.86116e+15
      Equation: "HoleContinuityEquation"	RelError: 3.84758e-01	AbsError: 3.50673e+12
      Equation: "PotentialEquation"	RelError: 1.63948e-01	AbsError: 6.46258e-04
    Region: "oxide"	RelError: 1.24997e-03	AbsError: 5.17262e-04
      Equation: "PotentialEquation"	RelError: 1.24997e-03	AbsError: 5.17262e-04
Iteration: 2
  Device: "part1_baseline"	RelError: 1.40617e-02	AbsError: 7.00320e+12
    Region: "bulk"	RelError: 1.40583e-02	AbsError: 7.00320e+12
      Equation: "ElectronContinuityEquation"	RelError: 6.51289e-04	AbsError: 6.99749e+12
      Equation: "HoleContinuityEquation"	RelError: 1.31647e-02	AbsError: 5.70591e+09
      Equation: "PotentialEquation"	RelError: 2.42312e-04	AbsError: 2.13245e-06
    Region: "oxide"	RelError: 3.40692e-06	AbsError: 1.40985e-06
      Equation: "PotentialEquation"	RelError: 3.40692e-06	AbsError: 1.40985e-06
Iteration: 3
  Device: "part1_baseline"	RelError: 1.59579e-07	AbsError: 9.33116e+07
    Region: "bulk"	RelError: 1.59527e-07	AbsError: 9.33116e+07
      Equation: "ElectronContinuityEquation"	RelError: 5.20214e-09	AbsError: 9.32541e+07
      Equation: "HoleContinuityEquation"	RelError: 1.52403e-07	AbsError: 5.74918e+04
      Equation: "PotentialEquation"	RelError: 1.92229e-09	AbsError: 3.24329e-11
    Region: "oxide"	RelError: 5.22469e-11	AbsError: 2.16208e-11
      Equation: "PotentialEquation"	RelError: 5.22469e-11	AbsError: 2.16208e-11
number of equations 6651
Iteration: 0
  Device: "part1_baseline"	RelError: 9.82079e+00	AbsError: 6.28515e+16
    Region: "bulk"	RelError: 9.77939e+00	AbsError: 6.28515e+16
      Equation: "ElectronContinuityEquation"	RelError: 4.14298e-01	AbsError: 6.27634e+16
      Equation: "HoleContinuityEquation"	RelError: 2.00680e+00	AbsError: 8.81248e+13
      Equation: "PotentialEquation"	RelError: 7.35829e+00	AbsError: 1.82592e-02
    Region: "oxide"	RelError: 4.13975e-02	AbsError: 2.00000e-02
      Equation: "PotentialEquation"	RelError: 4.13975e-02	AbsError: 2.00000e-02
Iteration: 1
  Device: "part1_baseline"	RelError: 7.11152e-01	AbsError: 7.86444e+15
    Region: "bulk"	RelError: 7.09910e-01	AbsError: 7.86444e+15
      Equation: "ElectronContinuityEquation"	RelError: 1.40516e-01	AbsError: 7.86093e+15
      Equation: "HoleContinuityEquation"	RelError: 3.59761e-01	AbsError: 3.50578e+12
      Equation: "PotentialEquation"	RelError: 2.09633e-01	AbsError: 6.44503e-04
    Region: "oxide"	RelError: 1.24202e-03	AbsError: 5.30175e-04
      Equation: "PotentialEquation"	RelError: 1.24202e-03	AbsError: 5.30175e-04
Iteration: 2
  Device: "part1_baseline"	RelError: 9.37106e-03	AbsError: 7.06003e+12
    Region: "bulk"	RelError: 9.36763e-03	AbsError: 7.06003e+12
      Equation: "ElectronContinuityEquation"	RelError: 5.61773e-04	AbsError: 7.05264e+12
      Equation: "HoleContinuityEquation"	RelError: 8.23132e-03	AbsError: 7.38485e+09
      Equation: "PotentialEquation"	RelError: 5.74537e-04	AbsError: 2.19453e-06
    Region: "oxide"	RelError: 3.43015e-06	AbsError: 1.46519e-06
      Equation: "PotentialEquation"	RelError: 3.43015e-06	AbsError: 1.46519e-06
Iteration: 3
  Device: "part1_baseline"	RelError: 1.03896e-07	AbsError: 9.01714e+07
    Region: "bulk"	RelError: 1.03843e-07	AbsError: 9.01714e+07
      Equation: "ElectronContinuityEquation"	RelError: 4.26344e-09	AbsError: 9.00834e+07
      Equation: "HoleContinuityEquation"	RelError: 9.23736e-08	AbsError: 8.79992e+04
      Equation: "PotentialEquation"	RelError: 7.20581e-09	AbsError: 3.42299e-11
    Region: "oxide"	RelError: 5.36008e-11	AbsError: 2.28957e-11
      Equation: "PotentialEquation"	RelError: 5.36008e-11	AbsError: 2.28957e-11
number of equations 6651
Iteration: 0
  Device: "part1_baseline"	RelError: 6.19088e+00	AbsError: 7.88845e+16
    Region: "bulk"	RelError: 6.15113e+00	AbsError: 7.88845e+16
      Equation: "ElectronContinuityEquation"	RelError: 3.99951e-01	AbsError: 7.88024e+16
      Equation: "HoleContinuityEquation"	RelError: 1.80568e+00	AbsError: 8.20711e+13
      Equation: "PotentialEquation"	RelError: 3.94550e+00	AbsError: 1.80929e-02
    Region: "oxide"	RelError: 3.97519e-02	AbsError: 2.00000e-02
      Equation: "PotentialEquation"	RelError: 3.97519e-02	AbsError: 2.00000e-02
Iteration: 1
  Device: "part1_baseline"	RelError: 6.70663e-01	AbsError: 8.76079e+15
    Region: "bulk"	RelError: 6.69502e-01	AbsError: 8.76079e+15
      Equation: "ElectronContinuityEquation"	RelError: 1.26678e-01	AbsError: 8.75749e+15
      Equation: "HoleContinuityEquation"	RelError: 3.30793e-01	AbsError: 3.30222e+12
      Equation: "PotentialEquation"	RelError: 2.12031e-01	AbsError: 6.06100e-04
    Region: "oxide"	RelError: 1.16090e-03	AbsError: 5.10963e-04
      Equation: "PotentialEquation"	RelError: 1.16090e-03	AbsError: 5.10963e-04
Iteration: 2
  Device: "part1_baseline"	RelError: 6.53750e-03	AbsError: 6.52112e+12
    Region: "bulk"	RelError: 6.53470e-03	AbsError: 6.52112e+12
      Equation: "ElectronContinuityEquation"	RelError: 4.81414e-04	AbsError: 6.51390e+12
      Equation: "HoleContinuityEquation"	RelError: 5.46730e-03	AbsError: 7.21933e+09
      Equation: "PotentialEquation"	RelError: 5.85984e-04	AbsError: 1.85763e-06
    Region: "oxide"	RelError: 2.80336e-06	AbsError: 1.24050e-06
      Equation: "PotentialEquation"	RelError: 2.80336e-06	AbsError: 1.24050e-06
Iteration: 3
  Device: "part1_baseline"	RelError: 6.51429e-08	AbsError: 5.84183e+07
    Region: "bulk"	RelError: 6.51082e-08	AbsError: 5.84183e+07
      Equation: "ElectronContinuityEquation"	RelError: 2.42882e-09	AbsError: 5.83459e+07
      Equation: "HoleContinuityEquation"	RelError: 5.66871e-08	AbsError: 7.24113e+04
      Equation: "PotentialEquation"	RelError: 5.99227e-09	AbsError: 2.32355e-11
    Region: "oxide"	RelError: 3.47354e-11	AbsError: 1.53705e-11
      Equation: "PotentialEquation"	RelError: 3.47354e-11	AbsError: 1.53705e-11
number of equations 6651
Iteration: 0
  Device: "part1_baseline"	RelError: 4.15071e+00	AbsError: 9.66641e+16
    Region: "bulk"	RelError: 4.11248e+00	AbsError: 9.66641e+16
      Equation: "ElectronContinuityEquation"	RelError: 3.85484e-01	AbsError: 9.65880e+16
      Equation: "HoleContinuityEquation"	RelError: 1.61173e+00	AbsError: 7.61929e+13
      Equation: "PotentialEquation"	RelError: 2.11526e+00	AbsError: 1.79545e-02
    Region: "oxide"	RelError: 3.82321e-02	AbsError: 2.00000e-02
      Equation: "PotentialEquation"	RelError: 3.82321e-02	AbsError: 2.00000e-02
Iteration: 1
  Device: "part1_baseline"	RelError: 4.83675e-01	AbsError: 9.51350e+15
    Region: "bulk"	RelError: 4.82628e-01	AbsError: 9.51350e+15
      Equation: "ElectronContinuityEquation"	RelError: 1.14677e-01	AbsError: 9.51053e+15
      Equation: "HoleContinuityEquation"	RelError: 3.00170e-01	AbsError: 2.96993e+12
      Equation: "PotentialEquation"	RelError: 6.77809e-02	AbsError: 5.48097e-04
    Region: "oxide"	RelError: 1.04738e-03	AbsError: 4.73588e-04
      Equation: "PotentialEquation"	RelError: 1.04738e-03	AbsError: 4.73588e-04
Iteration: 2
  Device: "part1_baseline"	RelError: 4.01545e-03	AbsError: 5.34427e+12
    Region: "bulk"	RelError: 4.01341e-03	AbsError: 5.34427e+12
      Equation: "ElectronContinuityEquation"	RelError: 4.08481e-04	AbsError: 5.33834e+12
      Equation: "HoleContinuityEquation"	RelError: 3.45294e-03	AbsError: 5.92954e+09
      Equation: "PotentialEquation"	RelError: 1.51986e-04	AbsError: 1.38040e-06
    Region: "oxide"	RelError: 2.03982e-06	AbsError: 9.28949e-07
      Equation: "PotentialEquation"	RelError: 2.03982e-06	AbsError: 9.28949e-07
Iteration: 3
  Device: "part1_baseline"	RelError: 3.73097e-08	AbsError: 2.82594e+07
    Region: "bulk"	RelError: 3.72932e-08	AbsError: 2.82594e+07
      Equation: "ElectronContinuityEquation"	RelError: 1.64976e-09	AbsError: 2.82189e+07
      Equation: "HoleContinuityEquation"	RelError: 3.45568e-08	AbsError: 4.05275e+04
      Equation: "PotentialEquation"	RelError: 1.08662e-09	AbsError: 1.17345e-11
    Region: "oxide"	RelError: 1.64624e-11	AbsError: 7.56732e-12
      Equation: "PotentialEquation"	RelError: 1.64624e-11	AbsError: 7.56732e-12
number of equations 6651
Iteration: 0
  Device: "part1_baseline"	RelError: 5.00145e+00	AbsError: 1.15893e+17
    Region: "bulk"	RelError: 4.96462e+00	AbsError: 1.15893e+17
      Equation: "ElectronContinuityEquation"	RelError: 3.71724e-01	AbsError: 1.15822e+17
      Equation: "HoleContinuityEquation"	RelError: 1.43568e+00	AbsError: 7.07752e+13
      Equation: "PotentialEquation"	RelError: 3.15722e+00	AbsError: 1.78104e-02
    Region: "oxide"	RelError: 3.68242e-02	AbsError: 2.00000e-02
      Equation: "PotentialEquation"	RelError: 3.68242e-02	AbsError: 2.00000e-02
Iteration: 1
  Device: "part1_baseline"	RelError: 4.81373e-01	AbsError: 1.00947e+16
    Region: "bulk"	RelError: 4.80455e-01	AbsError: 1.00947e+16
      Equation: "ElectronContinuityEquation"	RelError: 1.04622e-01	AbsError: 1.00921e+16
      Equation: "HoleContinuityEquation"	RelError: 2.69987e-01	AbsError: 2.59211e+12
      Equation: "PotentialEquation"	RelError: 1.05845e-01	AbsError: 4.81222e-04
    Region: "oxide"	RelError: 9.18158e-04	AbsError: 4.26725e-04
      Equation: "PotentialEquation"	RelError: 9.18158e-04	AbsError: 4.26725e-04
Iteration: 2
  Device: "part1_baseline"	RelError: 2.86078e-03	AbsError: 4.02552e+12
    Region: "bulk"	RelError: 2.85942e-03	AbsError: 4.02552e+12
      Equation: "ElectronContinuityEquation"	RelError: 3.43774e-04	AbsError: 4.02110e+12
      Equation: "HoleContinuityEquation"	RelError: 2.30413e-03	AbsError: 4.42136e+09
      Equation: "PotentialEquation"	RelError: 2.11519e-04	AbsError: 9.54289e-07
    Region: "oxide"	RelError: 1.35927e-06	AbsError: 6.42317e-07
      Equation: "PotentialEquation"	RelError: 1.35927e-06	AbsError: 6.42317e-07
Iteration: 3
  Device: "part1_baseline"	RelError: 2.37394e-08	AbsError: 1.17769e+07
    Region: "bulk"	RelError: 2.37330e-08	AbsError: 1.17769e+07
      Equation: "ElectronContinuityEquation"	RelError: 1.05959e-09	AbsError: 1.17587e+07
      Equation: "HoleContinuityEquation"	RelError: 2.17854e-08	AbsError: 1.82103e+04
      Equation: "PotentialEquation"	RelError: 8.88018e-10	AbsError: 5.01783e-12
    Region: "oxide"	RelError: 6.42942e-12	AbsError: 3.07802e-12
      Equation: "PotentialEquation"	RelError: 6.42942e-12	AbsError: 3.07802e-12
number of equations 6651
Iteration: 0
  Device: "part1_baseline"	RelError: 3.29426e+00	AbsError: 1.36223e+17
    Region: "bulk"	RelError: 3.25874e+00	AbsError: 1.36223e+17
      Equation: "ElectronContinuityEquation"	RelError: 3.59109e-01	AbsError: 1.36157e+17
      Equation: "HoleContinuityEquation"	RelError: 1.28137e+00	AbsError: 6.59499e+13
      Equation: "PotentialEquation"	RelError: 1.61826e+00	AbsError: 1.76550e-02
    Region: "oxide"	RelError: 3.55163e-02	AbsError: 2.00000e-02
      Equation: "PotentialEquation"	RelError: 3.55163e-02	AbsError: 2.00000e-02
Iteration: 1
  Device: "part1_baseline"	RelError: 3.98119e-01	AbsError: 1.04914e+16
    Region: "bulk"	RelError: 3.97322e-01	AbsError: 1.04914e+16
      Equation: "ElectronContinuityEquation"	RelError: 9.62823e-02	AbsError: 1.04892e+16
      Equation: "HoleContinuityEquation"	RelError: 2.41634e-01	AbsError: 2.22474e+12
      Equation: "PotentialEquation"	RelError: 5.94060e-02	AbsError: 4.20581e-04
    Region: "oxide"	RelError: 7.96326e-04	AbsError: 3.81171e-04
      Equation: "PotentialEquation"	RelError: 7.96326e-04	AbsError: 3.81171e-04
Iteration: 2
  Device: "part1_baseline"	RelError: 1.82711e-03	AbsError: 2.90075e+12
    Region: "bulk"	RelError: 1.82624e-03	AbsError: 2.90075e+12
      Equation: "ElectronContinuityEquation"	RelError: 2.88481e-04	AbsError: 2.89759e+12
      Equation: "HoleContinuityEquation"	RelError: 1.44152e-03	AbsError: 3.15273e+09
      Equation: "PotentialEquation"	RelError: 9.62392e-05	AbsError: 6.42744e-07
    Region: "oxide"	RelError: 8.64661e-07	AbsError: 4.25139e-07
      Equation: "PotentialEquation"	RelError: 8.64661e-07	AbsError: 4.25139e-07
Iteration: 3
  Device: "part1_baseline"	RelError: 1.58861e-08	AbsError: 4.59757e+06
    Region: "bulk"	RelError: 1.58838e-08	AbsError: 4.59757e+06
      Equation: "ElectronContinuityEquation"	RelError: 6.08629e-10	AbsError: 4.59027e+06
      Equation: "HoleContinuityEquation"	RelError: 1.50526e-08	AbsError: 7.29233e+03
      Equation: "PotentialEquation"	RelError: 2.22648e-10	AbsError: 1.98629e-12
    Region: "oxide"	RelError: 2.24195e-12	AbsError: 1.12089e-12
      Equation: "PotentialEquation"	RelError: 2.24195e-12	AbsError: 1.12089e-12
number of equations 6651
Iteration: 0
  Device: "part1_baseline"	RelError: 1.40405e+01	AbsError: 1.57284e+17
    Region: "bulk"	RelError: 1.40062e+01	AbsError: 1.57284e+17
      Equation: "ElectronContinuityEquation"	RelError: 3.47760e-01	AbsError: 1.57222e+17
      Equation: "HoleContinuityEquation"	RelError: 1.14831e+00	AbsError: 6.17381e+13
      Equation: "PotentialEquation"	RelError: 1.25102e+01	AbsError: 1.75113e-02
    Region: "oxide"	RelError: 3.42982e-02	AbsError: 2.00000e-02
      Equation: "PotentialEquation"	RelError: 3.42982e-02	AbsError: 2.00000e-02
Iteration: 1
  Device: "part1_baseline"	RelError: 5.71054e-01	AbsError: 1.07048e+16
    Region: "bulk"	RelError: 5.70364e-01	AbsError: 1.07048e+16
      Equation: "ElectronContinuityEquation"	RelError: 8.93274e-02	AbsError: 1.07029e+16
      Equation: "HoleContinuityEquation"	RelError: 2.15791e-01	AbsError: 1.89528e+12
      Equation: "PotentialEquation"	RelError: 2.65245e-01	AbsError: 3.66768e-04
    Region: "oxide"	RelError: 6.89976e-04	AbsError: 3.37759e-04
      Equation: "PotentialEquation"	RelError: 6.89976e-04	AbsError: 3.37759e-04
Iteration: 2
  Device: "part1_baseline"	RelError: 1.59231e-03	AbsError: 2.55698e+12
    Region: "bulk"	RelError: 1.59176e-03	AbsError: 2.55698e+12
      Equation: "ElectronContinuityEquation"	RelError: 2.42598e-04	AbsError: 2.55476e+12
      Equation: "HoleContinuityEquation"	RelError: 9.95553e-04	AbsError: 2.22305e+09
      Equation: "PotentialEquation"	RelError: 3.53613e-04	AbsError: 4.35407e-07
    Region: "oxide"	RelError: 5.50220e-07	AbsError: 2.78344e-07
      Equation: "PotentialEquation"	RelError: 5.50220e-07	AbsError: 2.78344e-07
Iteration: 3
  Device: "part1_baseline"	RelError: 1.08049e-08	AbsError: 2.06568e+06
    Region: "bulk"	RelError: 1.08042e-08	AbsError: 2.06568e+06
      Equation: "ElectronContinuityEquation"	RelError: 3.31862e-10	AbsError: 2.06291e+06
      Equation: "HoleContinuityEquation"	RelError: 9.99428e-09	AbsError: 2.77011e+03
      Equation: "PotentialEquation"	RelError: 4.78070e-10	AbsError: 7.82505e-13
    Region: "oxide"	RelError: 7.35819e-13	AbsError: 3.80471e-13
      Equation: "PotentialEquation"	RelError: 7.35819e-13	AbsError: 3.80471e-13
number of equations 6651
Iteration: 0
  Device: "part1_baseline"	RelError: 3.07211e+00	AbsError: 1.78713e+17
    Region: "bulk"	RelError: 3.03895e+00	AbsError: 1.78713e+17
      Equation: "ElectronContinuityEquation"	RelError: 3.37615e-01	AbsError: 1.78655e+17
      Equation: "HoleContinuityEquation"	RelError: 1.03392e+00	AbsError: 5.80999e+13
      Equation: "PotentialEquation"	RelError: 1.66742e+00	AbsError: 1.74022e-02
    Region: "oxide"	RelError: 3.31608e-02	AbsError: 2.00000e-02
      Equation: "PotentialEquation"	RelError: 3.31608e-02	AbsError: 2.00000e-02
Iteration: 1
  Device: "part1_baseline"	RelError: 3.27326e-01	AbsError: 1.07479e+16
    Region: "bulk"	RelError: 3.26729e-01	AbsError: 1.07479e+16
      Equation: "ElectronContinuityEquation"	RelError: 8.34515e-02	AbsError: 1.07463e+16
      Equation: "HoleContinuityEquation"	RelError: 1.92613e-01	AbsError: 1.61231e+12
      Equation: "PotentialEquation"	RelError: 5.06647e-02	AbsError: 3.21150e-04
    Region: "oxide"	RelError: 5.97429e-04	AbsError: 3.00738e-04
      Equation: "PotentialEquation"	RelError: 5.97429e-04	AbsError: 3.00738e-04
Iteration: 2
  Device: "part1_baseline"	RelError: 9.30204e-04	AbsError: 2.78872e+12
    Region: "bulk"	RelError: 9.29850e-04	AbsError: 2.78872e+12
      Equation: "ElectronContinuityEquation"	RelError: 2.05114e-04	AbsError: 2.78714e+12
      Equation: "HoleContinuityEquation"	RelError: 6.70278e-04	AbsError: 1.58175e+09
      Equation: "PotentialEquation"	RelError: 5.44585e-05	AbsError: 3.02514e-07
    Region: "oxide"	RelError: 3.53241e-07	AbsError: 1.85667e-07
      Equation: "PotentialEquation"	RelError: 3.53241e-07	AbsError: 1.85667e-07
Iteration: 3
  Device: "part1_baseline"	RelError: 6.63882e-09	AbsError: 1.30647e+06
    Region: "bulk"	RelError: 6.63859e-09	AbsError: 1.30647e+06
      Equation: "ElectronContinuityEquation"	RelError: 1.76902e-10	AbsError: 1.30544e+06
      Equation: "HoleContinuityEquation"	RelError: 6.42795e-09	AbsError: 1.03421e+03
      Equation: "PotentialEquation"	RelError: 3.37327e-11	AbsError: 3.24212e-13
    Region: "oxide"	RelError: 2.27496e-13	AbsError: 1.22204e-13
      Equation: "PotentialEquation"	RelError: 2.27496e-13	AbsError: 1.22204e-13
number of equations 6651
Iteration: 0
  Device: "part1_baseline"	RelError: 4.57238e+00	AbsError: 2.00177e+17
    Region: "bulk"	RelError: 4.54028e+00	AbsError: 2.00177e+17
      Equation: "ElectronContinuityEquation"	RelError: 3.28530e-01	AbsError: 2.00122e+17
      Equation: "HoleContinuityEquation"	RelError: 9.35201e-01	AbsError: 5.49705e+13
      Equation: "PotentialEquation"	RelError: 3.27655e+00	AbsError: 1.72897e-02
    Region: "oxide"	RelError: 3.20965e-02	AbsError: 2.00000e-02
      Equation: "PotentialEquation"	RelError: 3.20965e-02	AbsError: 2.00000e-02
Iteration: 1
  Device: "part1_baseline"	RelError: 3.13226e-01	AbsError: 1.06418e+16
    Region: "bulk"	RelError: 3.12707e-01	AbsError: 1.06418e+16
      Equation: "ElectronContinuityEquation"	RelError: 7.84079e-02	AbsError: 1.06404e+16
      Equation: "HoleContinuityEquation"	RelError: 1.71966e-01	AbsError: 1.38031e+12
      Equation: "PotentialEquation"	RelError: 6.23334e-02	AbsError: 2.83801e-04
    Region: "oxide"	RelError: 5.18498e-04	AbsError: 2.68279e-04
      Equation: "PotentialEquation"	RelError: 5.18498e-04	AbsError: 2.68279e-04
Iteration: 2
  Device: "part1_baseline"	RelError: 7.27390e-04	AbsError: 2.81150e+12
    Region: "bulk"	RelError: 7.27158e-04	AbsError: 2.81150e+12
      Equation: "ElectronContinuityEquation"	RelError: 1.74635e-04	AbsError: 2.81036e+12
      Equation: "HoleContinuityEquation"	RelError: 4.91859e-04	AbsError: 1.14826e+09
      Equation: "PotentialEquation"	RelError: 6.06647e-05	AbsError: 2.19852e-07
    Region: "oxide"	RelError: 2.31966e-07	AbsError: 1.27596e-07
      Equation: "PotentialEquation"	RelError: 2.31966e-07	AbsError: 1.27596e-07
Iteration: 3
  Device: "part1_baseline"	RelError: 4.18737e-09	AbsError: 8.54011e+05
    Region: "bulk"	RelError: 4.18731e-09	AbsError: 8.54011e+05
      Equation: "ElectronContinuityEquation"	RelError: 9.98687e-11	AbsError: 8.53623e+05
      Equation: "HoleContinuityEquation"	RelError: 4.05831e-09	AbsError: 3.87633e+02
      Equation: "PotentialEquation"	RelError: 2.91330e-11	AbsError: 1.48374e-13
    Region: "oxide"	RelError: 6.25816e-14	AbsError: 3.53258e-14
      Equation: "PotentialEquation"	RelError: 6.25816e-14	AbsError: 3.53258e-14
number of equations 6651
Iteration: 0
  Device: "part1_baseline"	RelError: 3.90141e+00	AbsError: 2.21385e+17
    Region: "bulk"	RelError: 3.87031e+00	AbsError: 2.21385e+17
      Equation: "ElectronContinuityEquation"	RelError: 3.20342e-01	AbsError: 2.21333e+17
      Equation: "HoleContinuityEquation"	RelError: 8.49462e-01	AbsError: 5.22794e+13
      Equation: "PotentialEquation"	RelError: 2.70051e+00	AbsError: 1.71740e-02
    Region: "oxide"	RelError: 3.10983e-02	AbsError: 2.00000e-02
      Equation: "PotentialEquation"	RelError: 3.10983e-02	AbsError: 2.00000e-02
Iteration: 1
  Device: "part1_baseline"	RelError: 2.86557e-01	AbsError: 1.04120e+16
    Region: "bulk"	RelError: 2.86104e-01	AbsError: 1.04120e+16
      Equation: "ElectronContinuityEquation"	RelError: 7.40095e-02	AbsError: 1.04108e+16
      Equation: "HoleContinuityEquation"	RelError: 1.53634e-01	AbsError: 1.18887e+12
      Equation: "PotentialEquation"	RelError: 5.84603e-02	AbsError: 2.53932e-04
    Region: "oxide"	RelError: 4.52496e-04	AbsError: 2.40789e-04
      Equation: "PotentialEquation"	RelError: 4.52496e-04	AbsError: 2.40789e-04
Iteration: 2
  Device: "part1_baseline"	RelError: 6.15439e-04	AbsError: 2.68687e+12
    Region: "bulk"	RelError: 6.15281e-04	AbsError: 2.68687e+12
      Equation: "ElectronContinuityEquation"	RelError: 1.49794e-04	AbsError: 2.68601e+12
      Equation: "HoleContinuityEquation"	RelError: 4.18456e-04	AbsError: 8.54482e+08
      Equation: "PotentialEquation"	RelError: 4.70301e-05	AbsError: 1.67467e-07
    Region: "oxide"	RelError: 1.57954e-07	AbsError: 9.12725e-08
      Equation: "PotentialEquation"	RelError: 1.57954e-07	AbsError: 9.12725e-08
Iteration: 3
  Device: "part1_baseline"	RelError: 2.64189e-09	AbsError: 5.62903e+05
    Region: "bulk"	RelError: 2.64186e-09	AbsError: 5.62903e+05
      Equation: "ElectronContinuityEquation"	RelError: 5.69541e-11	AbsError: 5.62745e+05
      Equation: "HoleContinuityEquation"	RelError: 2.57800e-09	AbsError: 1.58001e+02
      Equation: "PotentialEquation"	RelError: 6.91222e-12	AbsError: 7.60094e-14
    Region: "oxide"	RelError: 3.25045e-14	AbsError: 1.71208e-14
      Equation: "PotentialEquation"	RelError: 3.25045e-14	AbsError: 1.71208e-14
number of equations 6651
Iteration: 0
  Device: "part1_baseline"	RelError: 2.81705e+00	AbsError: 2.42100e+17
    Region: "bulk"	RelError: 2.78689e+00	AbsError: 2.42100e+17
      Equation: "ElectronContinuityEquation"	RelError: 3.12896e-01	AbsError: 2.42050e+17
      Equation: "HoleContinuityEquation"	RelError: 7.74337e-01	AbsError: 4.99601e+13
      Equation: "PotentialEquation"	RelError: 1.69966e+00	AbsError: 1.70549e-02
    Region: "oxide"	RelError: 3.01604e-02	AbsError: 2.00000e-02
      Equation: "PotentialEquation"	RelError: 3.01604e-02	AbsError: 2.00000e-02
Iteration: 1
  Device: "part1_baseline"	RelError: 2.43441e-01	AbsError: 1.00853e+16
    Region: "bulk"	RelError: 2.43044e-01	AbsError: 1.00853e+16
      Equation: "ElectronContinuityEquation"	RelError: 7.01174e-02	AbsError: 1.00843e+16
      Equation: "HoleContinuityEquation"	RelError: 1.37381e-01	AbsError: 1.02758e+12
      Equation: "PotentialEquation"	RelError: 3.55455e-02	AbsError: 2.30036e-04
    Region: "oxide"	RelError: 3.96993e-04	AbsError: 2.18126e-04
      Equation: "PotentialEquation"	RelError: 3.96993e-04	AbsError: 2.18126e-04
Iteration: 2
  Device: "part1_baseline"	RelError: 5.14436e-04	AbsError: 2.47037e+12
    Region: "bulk"	RelError: 5.14324e-04	AbsError: 2.47037e+12
      Equation: "ElectronContinuityEquation"	RelError: 1.29424e-04	AbsError: 2.46972e+12
      Equation: "HoleContinuityEquation"	RelError: 3.59506e-04	AbsError: 6.52159e+08
      Equation: "PotentialEquation"	RelError: 2.53943e-05	AbsError: 1.31187e-07
    Region: "oxide"	RelError: 1.11826e-07	AbsError: 6.81761e-08
      Equation: "PotentialEquation"	RelError: 1.11826e-07	AbsError: 6.81761e-08
Iteration: 3
  Device: "part1_baseline"	RelError: 1.71088e-09	AbsError: 4.02207e+05
    Region: "bulk"	RelError: 1.71085e-09	AbsError: 4.02207e+05
      Equation: "ElectronContinuityEquation"	RelError: 3.40980e-11	AbsError: 4.02133e+05
      Equation: "HoleContinuityEquation"	RelError: 1.67531e-09	AbsError: 7.35978e+01
      Equation: "PotentialEquation"	RelError: 1.44204e-12	AbsError: 4.11355e-14
    Region: "oxide"	RelError: 2.45529e-14	AbsError: 1.35604e-14
      Equation: "PotentialEquation"	RelError: 2.45529e-14	AbsError: 1.35604e-14
number of equations 6651
Iteration: 0
  Device: "part1_baseline"	RelError: 2.27546e+00	AbsError: 2.62136e+17
    Region: "bulk"	RelError: 2.24619e+00	AbsError: 2.62136e+17
      Equation: "ElectronContinuityEquation"	RelError: 3.06061e-01	AbsError: 2.62088e+17
      Equation: "HoleContinuityEquation"	RelError: 7.07662e-01	AbsError: 4.80090e+13
      Equation: "PotentialEquation"	RelError: 1.23246e+00	AbsError: 1.69323e-02
    Region: "oxide"	RelError: 2.92774e-02	AbsError: 2.00000e-02
      Equation: "PotentialEquation"	RelError: 2.92774e-02	AbsError: 2.00000e-02
Iteration: 1
  Device: "part1_baseline"	RelError: 2.09045e-01	AbsError: 9.68742e+15
    Region: "bulk"	RelError: 2.08696e-01	AbsError: 9.68742e+15
      Equation: "ElectronContinuityEquation"	RelError: 6.66290e-02	AbsError: 9.68653e+15
      Equation: "HoleContinuityEquation"	RelError: 1.22925e-01	AbsError: 8.92182e+11
      Equation: "PotentialEquation"	RelError: 1.91417e-02	AbsError: 2.11340e-04
    Region: "oxide"	RelError: 3.49587e-04	AbsError: 1.99289e-04
      Equation: "PotentialEquation"	RelError: 3.49587e-04	AbsError: 1.99289e-04
Iteration: 2
  Device: "part1_baseline"	RelError: 4.39320e-04	AbsError: 2.20675e+12
    Region: "bulk"	RelError: 4.39236e-04	AbsError: 2.20675e+12
      Equation: "ElectronContinuityEquation"	RelError: 1.12584e-04	AbsError: 2.20624e+12
      Equation: "HoleContinuityEquation"	RelError: 3.13693e-04	AbsError: 5.09511e+08
      Equation: "PotentialEquation"	RelError: 1.29590e-05	AbsError: 1.07203e-07
    Region: "oxide"	RelError: 8.37708e-08	AbsError: 5.22066e-08
      Equation: "PotentialEquation"	RelError: 8.37708e-08	AbsError: 5.22066e-08
Iteration: 3
  Device: "part1_baseline"	RelError: 1.12699e-09	AbsError: 2.84798e+05
    Region: "bulk"	RelError: 1.12697e-09	AbsError: 2.84798e+05
      Equation: "ElectronContinuityEquation"	RelError: 2.09326e-11	AbsError: 2.84760e+05
      Equation: "HoleContinuityEquation"	RelError: 1.10502e-09	AbsError: 3.80477e+01
      Equation: "PotentialEquation"	RelError: 1.01254e-12	AbsError: 2.57953e-14
    Region: "oxide"	RelError: 1.78960e-14	AbsError: 1.04866e-14
      Equation: "PotentialEquation"	RelError: 1.78960e-14	AbsError: 1.04866e-14
number of equations 6651
Iteration: 0
  Device: "part1_baseline"	RelError: 7.81353e+00	AbsError: 2.81359e+17
    Region: "bulk"	RelError: 7.78509e+00	AbsError: 2.81359e+17
      Equation: "ElectronContinuityEquation"	RelError: 2.99730e-01	AbsError: 2.81312e+17
      Equation: "HoleContinuityEquation"	RelError: 6.56854e-01	AbsError: 4.63601e+13
      Equation: "PotentialEquation"	RelError: 6.82850e+00	AbsError: 1.68059e-02
    Region: "oxide"	RelError: 2.84446e-02	AbsError: 2.00000e-02
      Equation: "PotentialEquation"	RelError: 2.84446e-02	AbsError: 2.00000e-02
Iteration: 1
  Device: "part1_baseline"	RelError: 2.79952e-01	AbsError: 9.24147e+15
    Region: "bulk"	RelError: 2.79642e-01	AbsError: 9.24147e+15
      Equation: "ElectronContinuityEquation"	RelError: 6.34684e-02	AbsError: 9.24070e+15
      Equation: "HoleContinuityEquation"	RelError: 1.09957e-01	AbsError: 7.78605e+11
      Equation: "PotentialEquation"	RelError: 1.06216e-01	AbsError: 1.95009e-04
    Region: "oxide"	RelError: 3.10137e-04	AbsError: 1.83747e-04
      Equation: "PotentialEquation"	RelError: 3.10137e-04	AbsError: 1.83747e-04
Iteration: 2
  Device: "part1_baseline"	RelError: 4.35794e-04	AbsError: 1.92875e+12
    Region: "bulk"	RelError: 4.35729e-04	AbsError: 1.92875e+12
      Equation: "ElectronContinuityEquation"	RelError: 9.85443e-05	AbsError: 1.92834e+12
      Equation: "HoleContinuityEquation"	RelError: 2.70581e-04	AbsError: 4.06208e+08
      Equation: "PotentialEquation"	RelError: 6.66037e-05	AbsError: 8.80876e-08
    Region: "oxide"	RelError: 6.54992e-08	AbsError: 4.32749e-08
      Equation: "PotentialEquation"	RelError: 6.54992e-08	AbsError: 4.32749e-08
Iteration: 3
  Device: "part1_baseline"	RelError: 7.46145e-10	AbsError: 1.90311e+05
    Region: "bulk"	RelError: 7.46132e-10	AbsError: 1.90311e+05
      Equation: "ElectronContinuityEquation"	RelError: 1.42734e-11	AbsError: 1.90289e+05
      Equation: "HoleContinuityEquation"	RelError: 7.28201e-10	AbsError: 2.23426e+01
      Equation: "PotentialEquation"	RelError: 3.65774e-12	AbsError: 1.65536e-14
    Region: "oxide"	RelError: 1.26606e-14	AbsError: 7.73973e-15
      Equation: "PotentialEquation"	RelError: 1.26606e-14	AbsError: 7.73973e-15
number of equations 6651
Iteration: 0
  Device: "part1_baseline"	RelError: 1.81899e+00	AbsError: 2.99679e+17
    Region: "bulk"	RelError: 1.79134e+00	AbsError: 2.99679e+17
      Equation: "ElectronContinuityEquation"	RelError: 2.93815e-01	AbsError: 2.99634e+17
      Equation: "HoleContinuityEquation"	RelError: 6.17338e-01	AbsError: 4.49268e+13
      Equation: "PotentialEquation"	RelError: 8.80184e-01	AbsError: 1.66957e-02
    Region: "oxide"	RelError: 2.76579e-02	AbsError: 2.00000e-02
      Equation: "PotentialEquation"	RelError: 2.76579e-02	AbsError: 2.00000e-02
Iteration: 1
  Device: "part1_baseline"	RelError: 1.72372e-01	AbsError: 8.76708e+15
    Region: "bulk"	RelError: 1.72095e-01	AbsError: 8.76708e+15
      Equation: "ElectronContinuityEquation"	RelError: 6.05788e-02	AbsError: 8.76640e+15
      Equation: "HoleContinuityEquation"	RelError: 1.00407e-01	AbsError: 6.83249e+11
      Equation: "PotentialEquation"	RelError: 1.11096e-02	AbsError: 1.82651e-04
    Region: "oxide"	RelError: 2.76478e-04	AbsError: 1.70669e-04
      Equation: "PotentialEquation"	RelError: 2.76478e-04	AbsError: 1.70669e-04
Iteration: 2
  Device: "part1_baseline"	RelError: 3.23356e-04	AbsError: 1.65815e+12
    Region: "bulk"	RelError: 3.23303e-04	AbsError: 1.65815e+12
      Equation: "ElectronContinuityEquation"	RelError: 8.67382e-05	AbsError: 1.65782e+12
      Equation: "HoleContinuityEquation"	RelError: 2.30026e-04	AbsError: 3.29355e+08
      Equation: "PotentialEquation"	RelError: 6.53907e-06	AbsError: 7.59411e-08
    Region: "oxide"	RelError: 5.26409e-08	AbsError: 3.55124e-08
      Equation: "PotentialEquation"	RelError: 5.26409e-08	AbsError: 3.55124e-08
Iteration: 3
  Device: "part1_baseline"	RelError: 4.84467e-10	AbsError: 1.51576e+05
    Region: "bulk"	RelError: 4.84458e-10	AbsError: 1.51576e+05
      Equation: "ElectronContinuityEquation"	RelError: 1.06558e-11	AbsError: 1.51561e+05
      Equation: "HoleContinuityEquation"	RelError: 4.73509e-10	AbsError: 1.49462e+01
      Equation: "PotentialEquation"	RelError: 2.93641e-13	AbsError: 1.08959e-14
    Region: "oxide"	RelError: 8.87562e-15	AbsError: 5.56713e-15
      Equation: "PotentialEquation"	RelError: 8.87562e-15	AbsError: 5.56713e-15
number of equations 6651
Iteration: 0
  Device: "part1_baseline"	RelError: 1.97758e+00	AbsError: 3.17046e+17
    Region: "bulk"	RelError: 1.95067e+00	AbsError: 3.17046e+17
      Equation: "ElectronContinuityEquation"	RelError: 2.88250e-01	AbsError: 3.17002e+17
      Equation: "HoleContinuityEquation"	RelError: 5.82223e-01	AbsError: 4.36742e+13
      Equation: "PotentialEquation"	RelError: 1.08020e+00	AbsError: 1.66178e-02
    Region: "oxide"	RelError: 2.69135e-02	AbsError: 2.00000e-02
      Equation: "PotentialEquation"	RelError: 2.69135e-02	AbsError: 2.00000e-02
Iteration: 1
  Device: "part1_baseline"	RelError: 1.63096e-01	AbsError: 8.28946e+15
    Region: "bulk"	RelError: 1.62848e-01	AbsError: 8.28946e+15
      Equation: "ElectronContinuityEquation"	RelError: 5.79171e-02	AbsError: 8.28886e+15
      Equation: "HoleContinuityEquation"	RelError: 9.25852e-02	AbsError: 6.05317e+11
      Equation: "PotentialEquation"	RelError: 1.23455e-02	AbsError: 1.70862e-04
    Region: "oxide"	RelError: 2.48018e-04	AbsError: 1.59934e-04
      Equation: "PotentialEquation"	RelError: 2.48018e-04	AbsError: 1.59934e-04
Iteration: 2
  Device: "part1_baseline"	RelError: 2.80880e-04	AbsError: 1.40792e+12
    Region: "bulk"	RelError: 2.80838e-04	AbsError: 1.40792e+12
      Equation: "ElectronContinuityEquation"	RelError: 7.67302e-05	AbsError: 1.40765e+12
      Equation: "HoleContinuityEquation"	RelError: 1.97773e-04	AbsError: 2.70724e+08
      Equation: "PotentialEquation"	RelError: 6.33561e-06	AbsError: 6.60158e-08
    Region: "oxide"	RelError: 4.18913e-08	AbsError: 3.01266e-08
      Equation: "PotentialEquation"	RelError: 4.18913e-08	AbsError: 3.01266e-08
Iteration: 3
  Device: "part1_baseline"	RelError: 3.12753e-10	AbsError: 1.16824e+05
    Region: "bulk"	RelError: 3.12747e-10	AbsError: 1.16824e+05
      Equation: "ElectronContinuityEquation"	RelError: 8.11351e-12	AbsError: 1.16813e+05
      Equation: "HoleContinuityEquation"	RelError: 3.04419e-10	AbsError: 1.10714e+01
      Equation: "PotentialEquation"	RelError: 2.13857e-13	AbsError: 8.14109e-15
    Region: "oxide"	RelError: 6.11887e-15	AbsError: 4.04894e-15
      Equation: "PotentialEquation"	RelError: 6.11887e-15	AbsError: 4.04894e-15
number of equations 6651
Iteration: 0
  Device: "part1_baseline"	RelError: 2.52391e+01	AbsError: 3.33438e+17
    Region: "bulk"	RelError: 2.52129e+01	AbsError: 3.33438e+17
      Equation: "ElectronContinuityEquation"	RelError: 2.82980e-01	AbsError: 3.33396e+17
      Equation: "HoleContinuityEquation"	RelError: 5.50711e-01	AbsError: 4.25738e+13
      Equation: "PotentialEquation"	RelError: 2.43792e+01	AbsError: 1.65383e-02
    Region: "oxide"	RelError: 2.62082e-02	AbsError: 2.00000e-02
      Equation: "PotentialEquation"	RelError: 2.62082e-02	AbsError: 2.00000e-02
Iteration: 1
  Device: "part1_baseline"	RelError: 4.74523e-01	AbsError: 7.81550e+15
    Region: "bulk"	RelError: 4.74299e-01	AbsError: 7.81550e+15
      Equation: "ElectronContinuityEquation"	RelError: 5.54503e-02	AbsError: 7.81496e+15
      Equation: "HoleContinuityEquation"	RelError: 8.56276e-02	AbsError: 5.40087e+11
      Equation: "PotentialEquation"	RelError: 3.33221e-01	AbsError: 1.61349e-04
    Region: "oxide"	RelError: 2.24073e-04	AbsError: 1.50741e-04
      Equation: "PotentialEquation"	RelError: 2.24073e-04	AbsError: 1.50741e-04
Iteration: 2
  Device: "part1_baseline"	RelError: 3.98930e-04	AbsError: 1.18450e+12
    Region: "bulk"	RelError: 3.98892e-04	AbsError: 1.18450e+12
      Equation: "ElectronContinuityEquation"	RelError: 6.81827e-05	AbsError: 1.18428e+12
      Equation: "HoleContinuityEquation"	RelError: 1.69155e-04	AbsError: 2.24996e+08
      Equation: "PotentialEquation"	RelError: 1.61555e-04	AbsError: 5.76367e-08
    Region: "oxide"	RelError: 3.73465e-08	AbsError: 2.73984e-08
      Equation: "PotentialEquation"	RelError: 3.73465e-08	AbsError: 2.73984e-08
Iteration: 3
  Device: "part1_baseline"	RelError: 2.03651e-10	AbsError: 8.34402e+04
    Region: "bulk"	RelError: 2.03647e-10	AbsError: 8.34402e+04
      Equation: "ElectronContinuityEquation"	RelError: 6.27541e-12	AbsError: 8.34314e+04
      Equation: "HoleContinuityEquation"	RelError: 1.91536e-10	AbsError: 8.78569e+00
      Equation: "PotentialEquation"	RelError: 5.83553e-12	AbsError: 6.22974e-15
    Region: "oxide"	RelError: 4.11888e-15	AbsError: 2.82121e-15
      Equation: "PotentialEquation"	RelError: 4.11888e-15	AbsError: 2.82121e-15
number of equations 6651
Iteration: 0
  Device: "part1_baseline"	RelError: 1.79522e+00	AbsError: 3.48859e+17
    Region: "bulk"	RelError: 1.76968e+00	AbsError: 3.48859e+17
      Equation: "ElectronContinuityEquation"	RelError: 2.77963e-01	AbsError: 3.48818e+17
      Equation: "HoleContinuityEquation"	RelError: 5.22161e-01	AbsError: 4.16015e+13
      Equation: "PotentialEquation"	RelError: 9.69556e-01	AbsError: 1.64567e-02
    Region: "oxide"	RelError: 2.55388e-02	AbsError: 2.00000e-02
      Equation: "PotentialEquation"	RelError: 2.55388e-02	AbsError: 2.00000e-02
Iteration: 1
  Device: "part1_baseline"	RelError: 1.41651e-01	AbsError: 7.34809e+15
    Region: "bulk"	RelError: 1.41447e-01	AbsError: 7.34809e+15
      Equation: "ElectronContinuityEquation"	RelError: 5.31526e-02	AbsError: 7.34761e+15
      Equation: "HoleContinuityEquation"	RelError: 7.93954e-02	AbsError: 4.84898e+11
      Equation: "PotentialEquation"	RelError: 8.89890e-03	AbsError: 1.53648e-04
    Region: "oxide"	RelError: 2.03972e-04	AbsError: 1.43040e-04
      Equation: "PotentialEquation"	RelError: 2.03972e-04	AbsError: 1.43040e-04
Iteration: 2
  Device: "part1_baseline"	RelError: 2.12856e-04	AbsError: 9.89943e+11
    Region: "bulk"	RelError: 2.12824e-04	AbsError: 9.89943e+11
      Equation: "ElectronContinuityEquation"	RelError: 6.08319e-05	AbsError: 9.89754e+11
      Equation: "HoleContinuityEquation"	RelError: 1.47896e-04	AbsError: 1.88656e+08
      Equation: "PotentialEquation"	RelError: 4.09618e-06	AbsError: 5.05897e-08
    Region: "oxide"	RelError: 3.22051e-08	AbsError: 2.40834e-08
      Equation: "PotentialEquation"	RelError: 3.22051e-08	AbsError: 2.40834e-08
Iteration: 3
  Device: "part1_baseline"	RelError: 1.24366e-10	AbsError: 5.57582e+04
    Region: "bulk"	RelError: 1.24363e-10	AbsError: 5.57582e+04
      Equation: "ElectronContinuityEquation"	RelError: 4.91265e-12	AbsError: 5.57509e+04
      Equation: "HoleContinuityEquation"	RelError: 1.19290e-10	AbsError: 7.31275e+00
      Equation: "PotentialEquation"	RelError: 1.60521e-13	AbsError: 4.84202e-15
    Region: "oxide"	RelError: 2.88461e-15	AbsError: 2.06111e-15
      Equation: "PotentialEquation"	RelError: 2.88461e-15	AbsError: 2.06111e-15
number of equations 6651
Iteration: 0
  Device: "part1_baseline"	RelError: 1.28412e+00	AbsError: 3.63330e+17
    Region: "bulk"	RelError: 1.25922e+00	AbsError: 3.63330e+17
      Equation: "ElectronContinuityEquation"	RelError: 2.73165e-01	AbsError: 3.63290e+17
      Equation: "HoleContinuityEquation"	RelError: 4.96050e-01	AbsError: 4.07375e+13
      Equation: "PotentialEquation"	RelError: 4.90001e-01	AbsError: 1.63731e-02
    Region: "oxide"	RelError: 2.49028e-02	AbsError: 2.00000e-02
      Equation: "PotentialEquation"	RelError: 2.49028e-02	AbsError: 2.00000e-02
Iteration: 1
  Device: "part1_baseline"	RelError: 1.28944e-01	AbsError: 6.89431e+15
    Region: "bulk"	RelError: 1.28757e-01	AbsError: 6.89431e+15
      Equation: "ElectronContinuityEquation"	RelError: 5.10036e-02	AbsError: 6.89387e+15
      Equation: "HoleContinuityEquation"	RelError: 7.37741e-02	AbsError: 4.38882e+11
      Equation: "PotentialEquation"	RelError: 3.97898e-03	AbsError: 1.45880e-04
    Region: "oxide"	RelError: 1.87220e-04	AbsError: 1.35375e-04
      Equation: "PotentialEquation"	RelError: 1.87220e-04	AbsError: 1.35375e-04
Iteration: 2
  Device: "part1_baseline"	RelError: 1.87441e-04	AbsError: 8.23550e+11
    Region: "bulk"	RelError: 1.87414e-04	AbsError: 8.23550e+11
      Equation: "ElectronContinuityEquation"	RelError: 5.44699e-05	AbsError: 8.23390e+11
      Equation: "HoleContinuityEquation"	RelError: 1.31201e-04	AbsError: 1.59327e+08
      Equation: "PotentialEquation"	RelError: 1.74362e-06	AbsError: 4.54023e-08
    Region: "oxide"	RelError: 2.68814e-08	AbsError: 2.04762e-08
      Equation: "PotentialEquation"	RelError: 2.68814e-08	AbsError: 2.04762e-08
Iteration: 3
  Device: "part1_baseline"	RelError: 8.07634e-11	AbsError: 5.25285e+04
    Region: "bulk"	RelError: 8.07615e-11	AbsError: 5.25285e+04
      Equation: "ElectronContinuityEquation"	RelError: 3.88137e-12	AbsError: 5.25222e+04
      Equation: "HoleContinuityEquation"	RelError: 7.68060e-11	AbsError: 6.29264e+00
      Equation: "PotentialEquation"	RelError: 7.40614e-14	AbsError: 3.81741e-15
    Region: "oxide"	RelError: 1.88880e-15	AbsError: 1.37362e-15
      Equation: "PotentialEquation"	RelError: 1.88880e-15	AbsError: 1.37362e-15
number of equations 6651
Iteration: 0
  Device: "part1_baseline"	RelError: 1.34450e+00	AbsError: 3.76884e+17
    Region: "bulk"	RelError: 1.32020e+00	AbsError: 3.76884e+17
      Equation: "ElectronContinuityEquation"	RelError: 2.68561e-01	AbsError: 3.76844e+17
      Equation: "HoleContinuityEquation"	RelError: 4.71938e-01	AbsError: 3.99653e+13
      Equation: "PotentialEquation"	RelError: 5.79703e-01	AbsError: 1.62872e-02
    Region: "oxide"	RelError: 2.42978e-02	AbsError: 2.00000e-02
      Equation: "PotentialEquation"	RelError: 2.42978e-02	AbsError: 2.00000e-02
Iteration: 1
  Device: "part1_baseline"	RelError: 1.21767e-01	AbsError: 6.45899e+15
    Region: "bulk"	RelError: 1.21595e-01	AbsError: 6.45899e+15
      Equation: "ElectronContinuityEquation"	RelError: 4.89868e-02	AbsError: 6.45858e+15
      Equation: "HoleContinuityEquation"	RelError: 6.86671e-02	AbsError: 4.01038e+11
      Equation: "PotentialEquation"	RelError: 3.94063e-03	AbsError: 1.39233e-04
    Region: "oxide"	RelError: 1.72860e-04	AbsError: 1.29862e-04
      Equation: "PotentialEquation"	RelError: 1.72860e-04	AbsError: 1.29862e-04
Iteration: 2
  Device: "part1_baseline"	RelError: 1.67229e-04	AbsError: 6.83096e+11
    Region: "bulk"	RelError: 1.67206e-04	AbsError: 6.83096e+11
      Equation: "ElectronContinuityEquation"	RelError: 4.89319e-05	AbsError: 6.82960e+11
      Equation: "HoleContinuityEquation"	RelError: 1.16247e-04	AbsError: 1.35350e+08
      Equation: "PotentialEquation"	RelError: 2.02717e-06	AbsError: 4.14263e-08
    Region: "oxide"	RelError: 2.28281e-08	AbsError: 1.86515e-08
      Equation: "PotentialEquation"	RelError: 2.28281e-08	AbsError: 1.86515e-08
Iteration: 3
  Device: "part1_baseline"	RelError: 5.21742e-11	AbsError: 4.55945e+04
    Region: "bulk"	RelError: 5.21729e-11	AbsError: 4.55945e+04
      Equation: "ElectronContinuityEquation"	RelError: 3.08970e-12	AbsError: 4.55889e+04
      Equation: "HoleContinuityEquation"	RelError: 4.89863e-11	AbsError: 5.52822e+00
      Equation: "PotentialEquation"	RelError: 9.69414e-14	AbsError: 3.03988e-15
    Region: "oxide"	RelError: 1.25970e-15	AbsError: 9.76740e-16
      Equation: "PotentialEquation"	RelError: 1.25970e-15	AbsError: 9.76740e-16
number of equations 6651
Iteration: 0
  Device: "part1_baseline"	RelError: 2.06129e+00	AbsError: 3.89562e+17
    Region: "bulk"	RelError: 2.03757e+00	AbsError: 3.89562e+17
      Equation: "ElectronContinuityEquation"	RelError: 2.64129e-01	AbsError: 3.89523e+17
      Equation: "HoleContinuityEquation"	RelError: 4.49459e-01	AbsError: 3.92710e+13
      Equation: "PotentialEquation"	RelError: 1.32398e+00	AbsError: 1.61988e-02
    Region: "oxide"	RelError: 2.37214e-02	AbsError: 2.00000e-02
      Equation: "PotentialEquation"	RelError: 2.37214e-02	AbsError: 2.00000e-02
Iteration: 1
  Device: "part1_baseline"	RelError: 1.19263e-01	AbsError: 6.04516e+15
    Region: "bulk"	RelError: 1.19102e-01	AbsError: 6.04516e+15
      Equation: "ElectronContinuityEquation"	RelError: 4.70887e-02	AbsError: 6.04479e+15
      Equation: "HoleContinuityEquation"	RelError: 6.39928e-02	AbsError: 3.68778e+11
      Equation: "PotentialEquation"	RelError: 8.02067e-03	AbsError: 1.32336e-04
    Region: "oxide"	RelError: 1.60386e-04	AbsError: 1.24818e-04
      Equation: "PotentialEquation"	RelError: 1.60386e-04	AbsError: 1.24818e-04
Iteration: 2
  Device: "part1_baseline"	RelError: 1.51029e-04	AbsError: 5.65648e+11
    Region: "bulk"	RelError: 1.51007e-04	AbsError: 5.65648e+11
      Equation: "ElectronContinuityEquation"	RelError: 4.40863e-05	AbsError: 5.65533e+11
      Equation: "HoleContinuityEquation"	RelError: 1.02902e-04	AbsError: 1.15544e+08
      Equation: "PotentialEquation"	RelError: 4.01871e-06	AbsError: 3.78436e-08
    Region: "oxide"	RelError: 2.20385e-08	AbsError: 1.83293e-08
      Equation: "PotentialEquation"	RelError: 2.20385e-08	AbsError: 1.83293e-08
Iteration: 3
  Device: "part1_baseline"	RelError: 3.38101e-11	AbsError: 3.55462e+04
    Region: "bulk"	RelError: 3.38093e-11	AbsError: 3.55462e+04
      Equation: "ElectronContinuityEquation"	RelError: 2.47719e-12	AbsError: 3.55412e+04
      Equation: "HoleContinuityEquation"	RelError: 3.11351e-11	AbsError: 4.91709e+00
      Equation: "PotentialEquation"	RelError: 1.97051e-13	AbsError: 2.43132e-15
    Region: "oxide"	RelError: 8.43069e-16	AbsError: 6.64988e-16
      Equation: "PotentialEquation"	RelError: 8.43069e-16	AbsError: 6.64988e-16
number of equations 6651
Iteration: 0
  Device: "part1_baseline"	RelError: 5.07095e+00	AbsError: 4.01410e+17
    Region: "bulk"	RelError: 5.04777e+00	AbsError: 4.01410e+17
      Equation: "ElectronContinuityEquation"	RelError: 2.59853e-01	AbsError: 4.01371e+17
      Equation: "HoleContinuityEquation"	RelError: 4.28305e-01	AbsError: 3.86430e+13
      Equation: "PotentialEquation"	RelError: 4.35962e+00	AbsError: 1.61078e-02
    Region: "oxide"	RelError: 2.31717e-02	AbsError: 2.00000e-02
      Equation: "PotentialEquation"	RelError: 2.31717e-02	AbsError: 2.00000e-02
Iteration: 1
  Device: "part1_baseline"	RelError: 1.29586e-01	AbsError: 5.65454e+15
    Region: "bulk"	RelError: 1.29437e-01	AbsError: 5.65454e+15
      Equation: "ElectronContinuityEquation"	RelError: 4.52981e-02	AbsError: 5.65420e+15
      Equation: "HoleContinuityEquation"	RelError: 5.96820e-02	AbsError: 3.41154e+11
      Equation: "PotentialEquation"	RelError: 2.44572e-02	AbsError: 1.28182e-04
    Region: "oxide"	RelError: 1.49096e-04	AbsError: 1.19563e-04
      Equation: "PotentialEquation"	RelError: 1.49096e-04	AbsError: 1.19563e-04
Iteration: 2
  Device: "part1_baseline"	RelError: 1.42802e-04	AbsError: 4.68088e+11
    Region: "bulk"	RelError: 1.42781e-04	AbsError: 4.68088e+11
      Equation: "ElectronContinuityEquation"	RelError: 3.98273e-05	AbsError: 4.67989e+11
      Equation: "HoleContinuityEquation"	RelError: 9.10123e-05	AbsError: 9.90438e+07
      Equation: "PotentialEquation"	RelError: 1.19419e-05	AbsError: 3.45866e-08
    Region: "oxide"	RelError: 2.06012e-08	AbsError: 1.74311e-08
      Equation: "PotentialEquation"	RelError: 2.06012e-08	AbsError: 1.74311e-08
Iteration: 3
  Device: "part1_baseline"	RelError: 2.24132e-11	AbsError: 2.50240e+04
    Region: "bulk"	RelError: 2.24127e-11	AbsError: 2.50240e+04
      Equation: "ElectronContinuityEquation"	RelError: 2.00175e-12	AbsError: 2.50197e+04
      Equation: "HoleContinuityEquation"	RelError: 1.98178e-11	AbsError: 4.34466e+00
      Equation: "PotentialEquation"	RelError: 5.93206e-13	AbsError: 2.05727e-15
    Region: "oxide"	RelError: 4.85507e-16	AbsError: 3.89340e-16
      Equation: "PotentialEquation"	RelError: 4.85507e-16	AbsError: 3.89340e-16
number of equations 6651
Iteration: 0
  Device: "part1_baseline"	RelError: 1.50202e+00	AbsError: 4.12477e+17
    Region: "bulk"	RelError: 1.47937e+00	AbsError: 4.12477e+17
      Equation: "ElectronContinuityEquation"	RelError: 2.55718e-01	AbsError: 4.12439e+17
      Equation: "HoleContinuityEquation"	RelError: 4.08218e-01	AbsError: 3.80716e+13
      Equation: "PotentialEquation"	RelError: 8.15438e-01	AbsError: 1.60141e-02
    Region: "oxide"	RelError: 2.26469e-02	AbsError: 2.00000e-02
      Equation: "PotentialEquation"	RelError: 2.26469e-02	AbsError: 2.00000e-02
Iteration: 1
  Device: "part1_baseline"	RelError: 1.03452e-01	AbsError: 5.28947e+15
    Region: "bulk"	RelError: 1.03312e-01	AbsError: 5.28947e+15
      Equation: "ElectronContinuityEquation"	RelError: 4.36055e-02	AbsError: 5.28915e+15
      Equation: "HoleContinuityEquation"	RelError: 5.56770e-02	AbsError: 3.17391e+11
      Equation: "PotentialEquation"	RelError: 4.02923e-03	AbsError: 1.23343e-04
    Region: "oxide"	RelError: 1.40165e-04	AbsError: 1.14213e-04
      Equation: "PotentialEquation"	RelError: 1.40165e-04	AbsError: 1.14213e-04
Iteration: 2
  Device: "part1_baseline"	RelError: 1.18428e-04	AbsError: 3.87409e+11
    Region: "bulk"	RelError: 1.18409e-04	AbsError: 3.87409e+11
      Equation: "ElectronContinuityEquation"	RelError: 3.60690e-05	AbsError: 3.87323e+11
      Equation: "HoleContinuityEquation"	RelError: 8.04229e-05	AbsError: 8.52086e+07
      Equation: "PotentialEquation"	RelError: 1.91732e-06	AbsError: 3.16055e-08
    Region: "oxide"	RelError: 1.86656e-08	AbsError: 1.60583e-08
      Equation: "PotentialEquation"	RelError: 1.86656e-08	AbsError: 1.60583e-08
Iteration: 3
  Device: "part1_baseline"	RelError: 1.51883e-11	AbsError: 1.59214e+04
    Region: "bulk"	RelError: 1.51880e-11	AbsError: 1.59214e+04
      Equation: "ElectronContinuityEquation"	RelError: 1.63190e-12	AbsError: 1.59176e+04
      Equation: "HoleContinuityEquation"	RelError: 1.34608e-11	AbsError: 3.79890e+00
      Equation: "PotentialEquation"	RelError: 9.53684e-14	AbsError: 1.76712e-15
    Region: "oxide"	RelError: 2.94451e-16	AbsError: 2.69186e-16
      Equation: "PotentialEquation"	RelError: 2.94451e-16	AbsError: 2.69186e-16
number of equations 6651
Iteration: 0
  Device: "part1_baseline"	RelError: 1.13009e+00	AbsError: 4.22814e+17
    Region: "bulk"	RelError: 1.10795e+00	AbsError: 4.22814e+17
      Equation: "ElectronContinuityEquation"	RelError: 2.51713e-01	AbsError: 4.22776e+17
      Equation: "HoleContinuityEquation"	RelError: 3.88992e-01	AbsError: 3.75486e+13
      Equation: "PotentialEquation"	RelError: 4.67242e-01	AbsError: 1.59174e-02
    Region: "oxide"	RelError: 2.21454e-02	AbsError: 2.00000e-02
      Equation: "PotentialEquation"	RelError: 2.21454e-02	AbsError: 2.00000e-02
Iteration: 1
  Device: "part1_baseline"	RelError: 9.62436e-02	AbsError: 5.00836e+15
    Region: "bulk"	RelError: 9.61121e-02	AbsError: 5.00836e+15
      Equation: "ElectronContinuityEquation"	RelError: 4.20026e-02	AbsError: 5.00807e+15
      Equation: "HoleContinuityEquation"	RelError: 5.19298e-02	AbsError: 2.96858e+11
      Equation: "PotentialEquation"	RelError: 2.17968e-03	AbsError: 1.19489e-04
    Region: "oxide"	RelError: 1.31546e-04	AbsError: 1.10408e-04
      Equation: "PotentialEquation"	RelError: 1.31546e-04	AbsError: 1.10408e-04
Iteration: 2
  Device: "part1_baseline"	RelError: 1.04668e-04	AbsError: 3.20877e+11
    Region: "bulk"	RelError: 1.04651e-04	AbsError: 3.20877e+11
      Equation: "ElectronContinuityEquation"	RelError: 3.27410e-05	AbsError: 3.20803e+11
      Equation: "HoleContinuityEquation"	RelError: 7.09881e-05	AbsError: 7.35512e+07
      Equation: "PotentialEquation"	RelError: 9.22182e-07	AbsError: 2.88643e-08
    Region: "oxide"	RelError: 1.64139e-08	AbsError: 1.43506e-08
      Equation: "PotentialEquation"	RelError: 1.64139e-08	AbsError: 1.43506e-08
Iteration: 3
  Device: "part1_baseline"	RelError: 1.05752e-11	AbsError: 1.36247e+04
    Region: "bulk"	RelError: 1.05749e-11	AbsError: 1.36247e+04
      Equation: "ElectronContinuityEquation"	RelError: 1.34272e-12	AbsError: 1.36214e+04
      Equation: "HoleContinuityEquation"	RelError: 9.18648e-12	AbsError: 3.30968e+00
      Equation: "PotentialEquation"	RelError: 4.57465e-14	AbsError: 1.53704e-15
    Region: "oxide"	RelError: 2.41869e-16	AbsError: 2.24794e-16
      Equation: "PotentialEquation"	RelError: 2.41869e-16	AbsError: 2.24794e-16
number of equations 6651
Iteration: 0
  Device: "part1_baseline"	RelError: 1.49851e+00	AbsError: 4.32467e+17
    Region: "bulk"	RelError: 1.47684e+00	AbsError: 4.32467e+17
      Equation: "ElectronContinuityEquation"	RelError: 2.47828e-01	AbsError: 4.32430e+17
      Equation: "HoleContinuityEquation"	RelError: 3.70461e-01	AbsError: 3.70670e+13
      Equation: "PotentialEquation"	RelError: 8.58553e-01	AbsError: 1.58177e-02
    Region: "oxide"	RelError: 2.16656e-02	AbsError: 2.00000e-02
      Equation: "PotentialEquation"	RelError: 2.16656e-02	AbsError: 2.00000e-02
Iteration: 1
  Device: "part1_baseline"	RelError: 9.26159e-02	AbsError: 4.77999e+15
    Region: "bulk"	RelError: 9.24926e-02	AbsError: 4.77999e+15
      Equation: "ElectronContinuityEquation"	RelError: 4.04824e-02	AbsError: 4.77971e+15
      Equation: "HoleContinuityEquation"	RelError: 4.84020e-02	AbsError: 2.79036e+11
      Equation: "PotentialEquation"	RelError: 3.60832e-03	AbsError: 1.15327e-04
    Region: "oxide"	RelError: 1.23306e-04	AbsError: 1.07714e-04
      Equation: "PotentialEquation"	RelError: 1.23306e-04	AbsError: 1.07714e-04
Iteration: 2
  Device: "part1_baseline"	RelError: 9.34998e-05	AbsError: 2.99395e+11
    Region: "bulk"	RelError: 9.34858e-05	AbsError: 2.99395e+11
      Equation: "ElectronContinuityEquation"	RelError: 2.97847e-05	AbsError: 2.99332e+11
      Equation: "HoleContinuityEquation"	RelError: 6.25767e-05	AbsError: 6.36931e+07
      Equation: "PotentialEquation"	RelError: 1.12438e-06	AbsError: 2.63365e-08
    Region: "oxide"	RelError: 1.40289e-08	AbsError: 1.24584e-08
      Equation: "PotentialEquation"	RelError: 1.40289e-08	AbsError: 1.24584e-08
Iteration: 3
  Device: "part1_baseline"	RelError: 7.45797e-12	AbsError: 1.46897e+04
    Region: "bulk"	RelError: 7.45771e-12	AbsError: 1.46897e+04
      Equation: "ElectronContinuityEquation"	RelError: 1.11429e-12	AbsError: 1.46868e+04
      Equation: "HoleContinuityEquation"	RelError: 6.28308e-12	AbsError: 2.90952e+00
      Equation: "PotentialEquation"	RelError: 6.03319e-14	AbsError: 1.36149e-15
    Region: "oxide"	RelError: 2.64299e-16	AbsError: 2.11078e-16
      Equation: "PotentialEquation"	RelError: 2.64299e-16	AbsError: 2.11078e-16
number of equations 6651
Iteration: 0
  Device: "part1_baseline"	RelError: 6.21869e+00	AbsError: 4.41486e+17
    Region: "bulk"	RelError: 6.19749e+00	AbsError: 4.41486e+17
      Equation: "ElectronContinuityEquation"	RelError: 2.44056e-01	AbsError: 4.41450e+17
      Equation: "HoleContinuityEquation"	RelError: 3.58384e-01	AbsError: 3.66211e+13
      Equation: "PotentialEquation"	RelError: 5.59505e+00	AbsError: 1.57149e-02
    Region: "oxide"	RelError: 2.12062e-02	AbsError: 2.00000e-02
      Equation: "PotentialEquation"	RelError: 2.12062e-02	AbsError: 2.00000e-02
Iteration: 1
  Device: "part1_baseline"	RelError: 1.05131e-01	AbsError: 4.58763e+15
    Region: "bulk"	RelError: 1.05015e-01	AbsError: 4.58763e+15
      Equation: "ElectronContinuityEquation"	RelError: 3.90387e-02	AbsError: 4.58737e+15
      Equation: "HoleContinuityEquation"	RelError: 4.50629e-02	AbsError: 2.63497e+11
      Equation: "PotentialEquation"	RelError: 2.09132e-02	AbsError: 1.10782e-04
    Region: "oxide"	RelError: 1.16085e-04	AbsError: 1.04662e-04
      Equation: "PotentialEquation"	RelError: 1.16085e-04	AbsError: 1.04662e-04
Iteration: 2
  Device: "part1_baseline"	RelError: 8.83927e-05	AbsError: 2.92081e+11
    Region: "bulk"	RelError: 8.83810e-05	AbsError: 2.92081e+11
      Equation: "ElectronContinuityEquation"	RelError: 2.71503e-05	AbsError: 2.92026e+11
      Equation: "HoleContinuityEquation"	RelError: 5.50739e-05	AbsError: 5.53308e+07
      Equation: "PotentialEquation"	RelError: 6.15689e-06	AbsError: 2.43006e-08
    Region: "oxide"	RelError: 1.16681e-08	AbsError: 1.09260e-08
      Equation: "PotentialEquation"	RelError: 1.16681e-08	AbsError: 1.09260e-08
Iteration: 3
  Device: "part1_baseline"	RelError: 5.87257e-12	AbsError: 1.46603e+04
    Region: "bulk"	RelError: 5.87227e-12	AbsError: 1.46603e+04
      Equation: "ElectronContinuityEquation"	RelError: 9.31050e-13	AbsError: 1.46577e+04
      Equation: "HoleContinuityEquation"	RelError: 4.59744e-12	AbsError: 2.60452e+00
      Equation: "PotentialEquation"	RelError: 3.43788e-13	AbsError: 1.22886e-15
    Region: "oxide"	RelError: 2.94094e-16	AbsError: 2.38164e-16
      Equation: "PotentialEquation"	RelError: 2.94094e-16	AbsError: 2.38164e-16
number of equations 6651
Iteration: 0
  Device: "part1_baseline"	RelError: 1.83543e+00	AbsError: 4.49915e+17
    Region: "bulk"	RelError: 1.81466e+00	AbsError: 4.49915e+17
      Equation: "ElectronContinuityEquation"	RelError: 2.40389e-01	AbsError: 4.49879e+17
      Equation: "HoleContinuityEquation"	RelError: 3.48894e-01	AbsError: 3.62057e+13
      Equation: "PotentialEquation"	RelError: 1.22538e+00	AbsError: 1.56088e-02
    Region: "oxide"	RelError: 2.07658e-02	AbsError: 2.00000e-02
      Equation: "PotentialEquation"	RelError: 2.07658e-02	AbsError: 2.00000e-02
Iteration: 1
  Device: "part1_baseline"	RelError: 8.41962e-02	AbsError: 4.42092e+15
    Region: "bulk"	RelError: 8.40854e-02	AbsError: 4.42092e+15
      Equation: "ElectronContinuityEquation"	RelError: 3.76664e-02	AbsError: 4.42067e+15
      Equation: "HoleContinuityEquation"	RelError: 4.21530e-02	AbsError: 2.49886e+11
      Equation: "PotentialEquation"	RelError: 4.26603e-03	AbsError: 1.05972e-04
    Region: "oxide"	RelError: 1.10760e-04	AbsError: 1.01339e-04
      Equation: "PotentialEquation"	RelError: 1.10760e-04	AbsError: 1.01339e-04
Iteration: 2
  Device: "part1_baseline"	RelError: 7.43715e-05	AbsError: 2.75887e+11
    Region: "bulk"	RelError: 7.43597e-05	AbsError: 2.75887e+11
      Equation: "ElectronContinuityEquation"	RelError: 2.47952e-05	AbsError: 2.75839e+11
      Equation: "HoleContinuityEquation"	RelError: 4.83800e-05	AbsError: 4.82137e+07
      Equation: "PotentialEquation"	RelError: 1.18447e-06	AbsError: 2.28836e-08
    Region: "oxide"	RelError: 1.17797e-08	AbsError: 1.14731e-08
      Equation: "PotentialEquation"	RelError: 1.17797e-08	AbsError: 1.14731e-08
Iteration: 3
  Device: "part1_baseline"	RelError: 4.34267e-12	AbsError: 1.29117e+04
    Region: "bulk"	RelError: 4.34234e-12	AbsError: 1.29117e+04
      Equation: "ElectronContinuityEquation"	RelError: 7.81450e-13	AbsError: 1.29094e+04
      Equation: "HoleContinuityEquation"	RelError: 3.49075e-12	AbsError: 2.37427e+00
      Equation: "PotentialEquation"	RelError: 7.01418e-14	AbsError: 1.12324e-15
    Region: "oxide"	RelError: 3.33354e-16	AbsError: 2.88160e-16
      Equation: "PotentialEquation"	RelError: 3.33354e-16	AbsError: 2.88160e-16
number of equations 6651
Iteration: 0
  Device: "part1_baseline"	RelError: 2.04573e+00	AbsError: 4.57797e+17
    Region: "bulk"	RelError: 2.02538e+00	AbsError: 4.57797e+17
      Equation: "ElectronContinuityEquation"	RelError: 2.36822e-01	AbsError: 4.57761e+17
      Equation: "HoleContinuityEquation"	RelError: 3.39999e-01	AbsError: 3.58167e+13
      Equation: "PotentialEquation"	RelError: 1.44856e+00	AbsError: 1.54994e-02
    Region: "oxide"	RelError: 2.03434e-02	AbsError: 2.00000e-02
      Equation: "PotentialEquation"	RelError: 2.03434e-02	AbsError: 2.00000e-02
Iteration: 1
  Device: "part1_baseline"	RelError: 8.13518e-02	AbsError: 4.27735e+15
    Region: "bulk"	RelError: 8.12464e-02	AbsError: 4.27735e+15
      Equation: "ElectronContinuityEquation"	RelError: 3.63607e-02	AbsError: 4.27711e+15
      Equation: "HoleContinuityEquation"	RelError: 4.04249e-02	AbsError: 2.37907e+11
      Equation: "PotentialEquation"	RelError: 4.46079e-03	AbsError: 1.03080e-04
    Region: "oxide"	RelError: 1.05406e-04	AbsError: 9.78258e-05
      Equation: "PotentialEquation"	RelError: 1.05406e-04	AbsError: 9.78258e-05
Iteration: 2
  Device: "part1_baseline"	RelError: 6.65634e-05	AbsError: 2.51094e+11
    Region: "bulk"	RelError: 6.65515e-05	AbsError: 2.51094e+11
      Equation: "ElectronContinuityEquation"	RelError: 2.26830e-05	AbsError: 2.51052e+11
      Equation: "HoleContinuityEquation"	RelError: 4.24096e-05	AbsError: 4.21905e+07
      Equation: "PotentialEquation"	RelError: 1.45903e-06	AbsError: 2.16137e-08
    Region: "oxide"	RelError: 1.19012e-08	AbsError: 1.17639e-08
      Equation: "PotentialEquation"	RelError: 1.19012e-08	AbsError: 1.17639e-08
Iteration: 3
  Device: "part1_baseline"	RelError: 3.39787e-12	AbsError: 9.88984e+03
    Region: "bulk"	RelError: 3.39749e-12	AbsError: 9.88984e+03
      Equation: "ElectronContinuityEquation"	RelError: 6.57411e-13	AbsError: 9.88766e+03
      Equation: "HoleContinuityEquation"	RelError: 2.65351e-12	AbsError: 2.18419e+00
      Equation: "PotentialEquation"	RelError: 8.65632e-14	AbsError: 1.02882e-15
    Region: "oxide"	RelError: 3.81406e-16	AbsError: 3.34244e-16
      Equation: "PotentialEquation"	RelError: 3.81406e-16	AbsError: 3.34244e-16
number of equations 6651
Iteration: 0
  Device: "part1_baseline"	RelError: 3.89264e+00	AbsError: 4.65172e+17
    Region: "bulk"	RelError: 3.87270e+00	AbsError: 4.65172e+17
      Equation: "ElectronContinuityEquation"	RelError: 2.33349e-01	AbsError: 4.65136e+17
      Equation: "HoleContinuityEquation"	RelError: 3.31607e-01	AbsError: 3.54504e+13
      Equation: "PotentialEquation"	RelError: 3.30775e+00	AbsError: 1.53867e-02
    Region: "oxide"	RelError: 1.99378e-02	AbsError: 2.00000e-02
      Equation: "PotentialEquation"	RelError: 1.99378e-02	AbsError: 2.00000e-02
Iteration: 1
  Device: "part1_baseline"	RelError: 8.34928e-02	AbsError: 4.15638e+15
    Region: "bulk"	RelError: 8.33927e-02	AbsError: 4.15638e+15
      Equation: "ElectronContinuityEquation"	RelError: 3.51174e-02	AbsError: 4.15615e+15
      Equation: "HoleContinuityEquation"	RelError: 3.88229e-02	AbsError: 2.27314e+11
      Equation: "PotentialEquation"	RelError: 9.45240e-03	AbsError: 1.00894e-04
    Region: "oxide"	RelError: 1.00094e-04	AbsError: 9.41928e-05
      Equation: "PotentialEquation"	RelError: 1.00094e-04	AbsError: 9.41928e-05
Iteration: 2
  Device: "part1_baseline"	RelError: 6.19806e-05	AbsError: 2.26866e+11
    Region: "bulk"	RelError: 6.19688e-05	AbsError: 2.26866e+11
      Equation: "ElectronContinuityEquation"	RelError: 2.07819e-05	AbsError: 2.26829e+11
      Equation: "HoleContinuityEquation"	RelError: 3.79126e-05	AbsError: 3.70276e+07
      Equation: "PotentialEquation"	RelError: 3.27426e-06	AbsError: 2.03915e-08
    Region: "oxide"	RelError: 1.17317e-08	AbsError: 1.17643e-08
      Equation: "PotentialEquation"	RelError: 1.17317e-08	AbsError: 1.17643e-08
Iteration: 3
  Device: "part1_baseline"	RelError: 2.75727e-12	AbsError: 8.07665e+03
    Region: "bulk"	RelError: 2.75687e-12	AbsError: 8.07665e+03
      Equation: "ElectronContinuityEquation"	RelError: 5.53545e-13	AbsError: 8.07465e+03
      Equation: "HoleContinuityEquation"	RelError: 2.01897e-12	AbsError: 2.00132e+00
      Equation: "PotentialEquation"	RelError: 1.84351e-13	AbsError: 9.36234e-16
    Region: "oxide"	RelError: 4.01803e-16	AbsError: 3.56839e-16
      Equation: "PotentialEquation"	RelError: 4.01803e-16	AbsError: 3.56839e-16
number of equations 6651
Iteration: 0
  Device: "part1_baseline"	RelError: 2.56955e+00	AbsError: 4.72077e+17
    Region: "bulk"	RelError: 2.55001e+00	AbsError: 4.72077e+17
      Equation: "ElectronContinuityEquation"	RelError: 2.29967e-01	AbsError: 4.72042e+17
      Equation: "HoleContinuityEquation"	RelError: 3.23631e-01	AbsError: 3.51038e+13
      Equation: "PotentialEquation"	RelError: 1.99641e+00	AbsError: 1.52931e-02
    Region: "oxide"	RelError: 1.95480e-02	AbsError: 2.00000e-02
      Equation: "PotentialEquation"	RelError: 1.95480e-02	AbsError: 2.00000e-02
Iteration: 1
  Device: "part1_baseline"	RelError: 7.64220e-02	AbsError: 4.04125e+15
    Region: "bulk"	RelError: 7.63272e-02	AbsError: 4.04125e+15
      Equation: "ElectronContinuityEquation"	RelError: 3.39328e-02	AbsError: 4.04103e+15
      Equation: "HoleContinuityEquation"	RelError: 3.73288e-02	AbsError: 2.17900e+11
      Equation: "PotentialEquation"	RelError: 5.06548e-03	AbsError: 9.89316e-05
    Region: "oxide"	RelError: 9.48837e-05	AbsError: 9.06053e-05
      Equation: "PotentialEquation"	RelError: 9.48837e-05	AbsError: 9.06053e-05
Iteration: 2
  Device: "part1_baseline"	RelError: 5.58634e-05	AbsError: 2.18052e+11
    Region: "bulk"	RelError: 5.58521e-05	AbsError: 2.18052e+11
      Equation: "ElectronContinuityEquation"	RelError: 1.90654e-05	AbsError: 2.18019e+11
      Equation: "HoleContinuityEquation"	RelError: 3.44908e-05	AbsError: 3.25594e+07
      Equation: "PotentialEquation"	RelError: 2.29599e-06	AbsError: 1.92046e-08
    Region: "oxide"	RelError: 1.12777e-08	AbsError: 1.14683e-08
      Equation: "PotentialEquation"	RelError: 1.12777e-08	AbsError: 1.14683e-08
Iteration: 3
  Device: "part1_baseline"	RelError: 2.12223e-12	AbsError: 7.76919e+03
    Region: "bulk"	RelError: 2.12183e-12	AbsError: 7.76919e+03
      Equation: "ElectronContinuityEquation"	RelError: 4.66308e-13	AbsError: 7.76739e+03
      Equation: "HoleContinuityEquation"	RelError: 1.53738e-12	AbsError: 1.80591e+00
      Equation: "PotentialEquation"	RelError: 1.18141e-13	AbsError: 8.38576e-16
    Region: "oxide"	RelError: 3.96045e-16	AbsError: 3.56314e-16
      Equation: "PotentialEquation"	RelError: 3.96045e-16	AbsError: 3.56314e-16
number of equations 6651
Iteration: 0
  Device: "part1_baseline"	RelError: 1.22813e+00	AbsError: 4.78548e+17
    Region: "bulk"	RelError: 1.20895e+00	AbsError: 4.78548e+17
      Equation: "ElectronContinuityEquation"	RelError: 2.26672e-01	AbsError: 4.78513e+17
      Equation: "HoleContinuityEquation"	RelError: 3.15998e-01	AbsError: 3.47740e+13
      Equation: "PotentialEquation"	RelError: 6.66283e-01	AbsError: 1.52333e-02
    Region: "oxide"	RelError: 1.91732e-02	AbsError: 2.00000e-02
      Equation: "PotentialEquation"	RelError: 1.91732e-02	AbsError: 2.00000e-02
Iteration: 1
  Device: "part1_baseline"	RelError: 7.03605e-02	AbsError: 3.94690e+15
    Region: "bulk"	RelError: 7.02707e-02	AbsError: 3.94690e+15
      Equation: "ElectronContinuityEquation"	RelError: 3.28034e-02	AbsError: 3.94669e+15
      Equation: "HoleContinuityEquation"	RelError: 3.59267e-02	AbsError: 2.09492e+11
      Equation: "PotentialEquation"	RelError: 1.54066e-03	AbsError: 9.71260e-05
    Region: "oxide"	RelError: 8.98192e-05	AbsError: 8.98151e-05
      Equation: "PotentialEquation"	RelError: 8.98192e-05	AbsError: 8.98151e-05
Iteration: 2
  Device: "part1_baseline"	RelError: 4.96872e-05	AbsError: 2.11947e+11
    Region: "bulk"	RelError: 4.96767e-05	AbsError: 2.11947e+11
      Equation: "ElectronContinuityEquation"	RelError: 1.75107e-05	AbsError: 2.11919e+11
      Equation: "HoleContinuityEquation"	RelError: 3.14218e-05	AbsError: 2.86735e+07
      Equation: "PotentialEquation"	RelError: 7.44131e-07	AbsError: 1.80471e-08
    Region: "oxide"	RelError: 1.05729e-08	AbsError: 1.08992e-08
      Equation: "PotentialEquation"	RelError: 1.05729e-08	AbsError: 1.08992e-08
Iteration: 3
  Device: "part1_baseline"	RelError: 1.60276e-12	AbsError: 7.10807e+03
    Region: "bulk"	RelError: 1.60239e-12	AbsError: 7.10807e+03
      Equation: "ElectronContinuityEquation"	RelError: 3.93239e-13	AbsError: 7.10647e+03
      Equation: "HoleContinuityEquation"	RelError: 1.17150e-12	AbsError: 1.59514e+00
      Equation: "PotentialEquation"	RelError: 3.76576e-14	AbsError: 7.36402e-16
    Region: "oxide"	RelError: 3.68727e-16	AbsError: 3.35952e-16
      Equation: "PotentialEquation"	RelError: 3.68727e-16	AbsError: 3.35952e-16
number of equations 6651
Iteration: 0
  Device: "part1_baseline"	RelError: 9.90762e-01	AbsError: 4.84615e+17
    Region: "bulk"	RelError: 9.71949e-01	AbsError: 4.84615e+17
      Equation: "ElectronContinuityEquation"	RelError: 2.23460e-01	AbsError: 4.84581e+17
      Equation: "HoleContinuityEquation"	RelError: 3.08638e-01	AbsError: 3.44589e+13
      Equation: "PotentialEquation"	RelError: 4.39851e-01	AbsError: 1.51719e-02
    Region: "oxide"	RelError: 1.88125e-02	AbsError: 2.00000e-02
      Equation: "PotentialEquation"	RelError: 1.88125e-02	AbsError: 2.00000e-02
Iteration: 1
  Device: "part1_baseline"	RelError: 6.73935e-02	AbsError: 3.86352e+15
    Region: "bulk"	RelError: 6.73086e-02	AbsError: 3.86352e+15
      Equation: "ElectronContinuityEquation"	RelError: 3.17256e-02	AbsError: 3.86332e+15
      Equation: "HoleContinuityEquation"	RelError: 3.46023e-02	AbsError: 2.01947e+11
      Equation: "PotentialEquation"	RelError: 9.80757e-04	AbsError: 9.48708e-05
    Region: "oxide"	RelError: 8.49339e-05	AbsError: 8.86469e-05
      Equation: "PotentialEquation"	RelError: 8.49339e-05	AbsError: 8.86469e-05
Iteration: 2
  Device: "part1_baseline"	RelError: 4.51789e-05	AbsError: 2.14153e+11
    Region: "bulk"	RelError: 4.51692e-05	AbsError: 2.14153e+11
      Equation: "ElectronContinuityEquation"	RelError: 1.60992e-05	AbsError: 2.14128e+11
      Equation: "HoleContinuityEquation"	RelError: 2.86609e-05	AbsError: 2.54728e+07
      Equation: "PotentialEquation"	RelError: 4.09090e-07	AbsError: 1.69184e-08
    Region: "oxide"	RelError: 9.67318e-09	AbsError: 1.01049e-08
      Equation: "PotentialEquation"	RelError: 9.67318e-09	AbsError: 1.01049e-08
Iteration: 3
  Device: "part1_baseline"	RelError: 1.24602e-12	AbsError: 6.21796e+03
    Region: "bulk"	RelError: 1.24569e-12	AbsError: 6.21796e+03
      Equation: "ElectronContinuityEquation"	RelError: 3.32410e-13	AbsError: 6.21658e+03
      Equation: "HoleContinuityEquation"	RelError: 8.93305e-13	AbsError: 1.37983e+00
      Equation: "PotentialEquation"	RelError: 1.99707e-14	AbsError: 6.36376e-16
    Region: "oxide"	RelError: 3.34719e-16	AbsError: 3.27635e-16
      Equation: "PotentialEquation"	RelError: 3.34719e-16	AbsError: 3.27635e-16
number of equations 6651
Iteration: 0
  Device: "part1_baseline"	RelError: 1.31802e+00	AbsError: 4.90310e+17
    Region: "bulk"	RelError: 1.29955e+00	AbsError: 4.90310e+17
      Equation: "ElectronContinuityEquation"	RelError: 2.20328e-01	AbsError: 4.90276e+17
      Equation: "HoleContinuityEquation"	RelError: 3.01490e-01	AbsError: 3.41566e+13
      Equation: "PotentialEquation"	RelError: 7.77733e-01	AbsError: 1.51088e-02
    Region: "oxide"	RelError: 1.84652e-02	AbsError: 2.00000e-02
      Equation: "PotentialEquation"	RelError: 1.84652e-02	AbsError: 2.00000e-02
Iteration: 1
  Device: "part1_baseline"	RelError: 6.57260e-02	AbsError: 3.77304e+15
    Region: "bulk"	RelError: 6.56436e-02	AbsError: 3.77304e+15
      Equation: "ElectronContinuityEquation"	RelError: 3.06962e-02	AbsError: 3.77284e+15
      Equation: "HoleContinuityEquation"	RelError: 3.33431e-02	AbsError: 1.95146e+11
      Equation: "PotentialEquation"	RelError: 1.60436e-03	AbsError: 9.22280e-05
    Region: "oxide"	RelError: 8.23461e-05	AbsError: 8.71407e-05
      Equation: "PotentialEquation"	RelError: 8.23461e-05	AbsError: 8.71407e-05
Iteration: 2
  Device: "part1_baseline"	RelError: 4.13192e-05	AbsError: 2.11313e+11
    Region: "bulk"	RelError: 4.13105e-05	AbsError: 2.11313e+11
      Equation: "ElectronContinuityEquation"	RelError: 1.48154e-05	AbsError: 2.11290e+11
      Equation: "HoleContinuityEquation"	RelError: 2.61693e-05	AbsError: 2.27598e+07
      Equation: "PotentialEquation"	RelError: 3.25893e-07	AbsError: 1.58224e-08
    Region: "oxide"	RelError: 8.64635e-09	AbsError: 9.14978e-09
      Equation: "PotentialEquation"	RelError: 8.64635e-09	AbsError: 9.14978e-09
Iteration: 3
  Device: "part1_baseline"	RelError: 1.03268e-12	AbsError: 6.31030e+03
    Region: "bulk"	RelError: 1.03236e-12	AbsError: 6.31030e+03
      Equation: "ElectronContinuityEquation"	RelError: 2.82107e-13	AbsError: 6.30912e+03
      Equation: "HoleContinuityEquation"	RelError: 7.28785e-13	AbsError: 1.17715e+00
      Equation: "PotentialEquation"	RelError: 2.14720e-14	AbsError: 5.46238e-16
    Region: "oxide"	RelError: 3.13839e-16	AbsError: 3.11046e-16
      Equation: "PotentialEquation"	RelError: 3.13839e-16	AbsError: 3.11046e-16
number of equations 6651
Iteration: 0
  Device: "part1_baseline"	RelError: 3.94138e+00	AbsError: 4.95659e+17
    Region: "bulk"	RelError: 3.92325e+00	AbsError: 4.95659e+17
      Equation: "ElectronContinuityEquation"	RelError: 2.17273e-01	AbsError: 4.95625e+17
      Equation: "HoleContinuityEquation"	RelError: 2.94497e-01	AbsError: 3.38652e+13
      Equation: "PotentialEquation"	RelError: 3.41148e+00	AbsError: 1.50438e-02
    Region: "oxide"	RelError: 1.81304e-02	AbsError: 2.00000e-02
      Equation: "PotentialEquation"	RelError: 1.81304e-02	AbsError: 2.00000e-02
Iteration: 1
  Device: "part1_baseline"	RelError: 6.84360e-02	AbsError: 3.70651e+15
    Region: "bulk"	RelError: 6.83564e-02	AbsError: 3.70651e+15
      Equation: "ElectronContinuityEquation"	RelError: 2.97121e-02	AbsError: 3.70632e+15
      Equation: "HoleContinuityEquation"	RelError: 3.21380e-02	AbsError: 1.88986e+11
      Equation: "PotentialEquation"	RelError: 6.50630e-03	AbsError: 8.92691e-05
    Region: "oxide"	RelError: 7.96390e-05	AbsError: 8.53451e-05
      Equation: "PotentialEquation"	RelError: 7.96390e-05	AbsError: 8.53451e-05
Iteration: 2
  Device: "part1_baseline"	RelError: 3.85931e-05	AbsError: 2.04534e+11
    Region: "bulk"	RelError: 3.85856e-05	AbsError: 2.04534e+11
      Equation: "ElectronContinuityEquation"	RelError: 1.36462e-05	AbsError: 2.04514e+11
      Equation: "HoleContinuityEquation"	RelError: 2.39138e-05	AbsError: 2.03662e+07
      Equation: "PotentialEquation"	RelError: 1.02554e-06	AbsError: 1.47649e-08
    Region: "oxide"	RelError: 7.56255e-09	AbsError: 8.10441e-09
      Equation: "PotentialEquation"	RelError: 7.56255e-09	AbsError: 8.10441e-09
Iteration: 3
  Device: "part1_baseline"	RelError: 1.03213e-12	AbsError: 6.38341e+03
    Region: "bulk"	RelError: 1.03185e-12	AbsError: 6.38341e+03
      Equation: "ElectronContinuityEquation"	RelError: 2.40701e-13	AbsError: 6.38241e+03
      Equation: "HoleContinuityEquation"	RelError: 7.11227e-13	AbsError: 1.00313e+00
      Equation: "PotentialEquation"	RelError: 7.99193e-14	AbsError: 4.71992e-16
    Region: "oxide"	RelError: 2.84439e-16	AbsError: 2.85352e-16
      Equation: "PotentialEquation"	RelError: 2.84439e-16	AbsError: 2.85352e-16
number of equations 6651
Iteration: 0
  Device: "part1_baseline"	RelError: 2.78491e+00	AbsError: 5.00687e+17
    Region: "bulk"	RelError: 2.76710e+00	AbsError: 5.00687e+17
      Equation: "ElectronContinuityEquation"	RelError: 2.14291e-01	AbsError: 5.00653e+17
      Equation: "HoleContinuityEquation"	RelError: 2.87609e-01	AbsError: 3.35833e+13
      Equation: "PotentialEquation"	RelError: 2.26520e+00	AbsError: 1.49771e-02
    Region: "oxide"	RelError: 1.78075e-02	AbsError: 2.00000e-02
      Equation: "PotentialEquation"	RelError: 1.78075e-02	AbsError: 2.00000e-02
Iteration: 1
  Device: "part1_baseline"	RelError: 6.35779e-02	AbsError: 3.65470e+15
    Region: "bulk"	RelError: 6.35011e-02	AbsError: 3.65470e+15
      Equation: "ElectronContinuityEquation"	RelError: 2.87702e-02	AbsError: 3.65452e+15
      Equation: "HoleContinuityEquation"	RelError: 3.09773e-02	AbsError: 1.83384e+11
      Equation: "PotentialEquation"	RelError: 3.75363e-03	AbsError: 8.60700e-05
    Region: "oxide"	RelError: 7.67931e-05	AbsError: 8.33134e-05
      Equation: "PotentialEquation"	RelError: 7.67931e-05	AbsError: 8.33134e-05
Iteration: 2
  Device: "part1_baseline"	RelError: 3.69063e-05	AbsError: 2.05455e+11
    Region: "bulk"	RelError: 3.68998e-05	AbsError: 2.05455e+11
      Equation: "ElectronContinuityEquation"	RelError: 1.25809e-05	AbsError: 2.05437e+11
      Equation: "HoleContinuityEquation"	RelError: 2.28807e-05	AbsError: 1.82610e+07
      Equation: "PotentialEquation"	RelError: 1.43821e-06	AbsError: 1.37809e-08
    Region: "oxide"	RelError: 6.48506e-09	AbsError: 7.03569e-09
      Equation: "PotentialEquation"	RelError: 6.48506e-09	AbsError: 7.03569e-09
Iteration: 3
  Device: "part1_baseline"	RelError: 9.60655e-13	AbsError: 6.15546e+03
    Region: "bulk"	RelError: 9.60399e-13	AbsError: 6.15546e+03
      Equation: "ElectronContinuityEquation"	RelError: 2.06641e-13	AbsError: 6.15459e+03
      Equation: "HoleContinuityEquation"	RelError: 6.85447e-13	AbsError: 8.67548e-01
      Equation: "PotentialEquation"	RelError: 6.83112e-14	AbsError: 4.16324e-16
    Region: "oxide"	RelError: 2.55412e-16	AbsError: 2.59287e-16
      Equation: "PotentialEquation"	RelError: 2.55412e-16	AbsError: 2.59287e-16
number of equations 6651
Iteration: 0
  Device: "part1_baseline"	RelError: 2.31011e+00	AbsError: 5.05417e+17
    Region: "bulk"	RelError: 2.29262e+00	AbsError: 5.05417e+17
      Equation: "ElectronContinuityEquation"	RelError: 2.11378e-01	AbsError: 5.05384e+17
      Equation: "HoleContinuityEquation"	RelError: 2.80780e-01	AbsError: 3.33096e+13
      Equation: "PotentialEquation"	RelError: 1.80046e+00	AbsError: 1.49083e-02
    Region: "oxide"	RelError: 1.74960e-02	AbsError: 2.00000e-02
      Equation: "PotentialEquation"	RelError: 1.74960e-02	AbsError: 2.00000e-02
Iteration: 1
  Device: "part1_baseline"	RelError: 6.06105e-02	AbsError: 3.59387e+15
    Region: "bulk"	RelError: 6.05366e-02	AbsError: 3.59387e+15
      Equation: "ElectronContinuityEquation"	RelError: 2.78677e-02	AbsError: 3.59369e+15
      Equation: "HoleContinuityEquation"	RelError: 2.98522e-02	AbsError: 1.78266e+11
      Equation: "PotentialEquation"	RelError: 2.81675e-03	AbsError: 8.27052e-05
    Region: "oxide"	RelError: 7.38608e-05	AbsError: 8.10992e-05
      Equation: "PotentialEquation"	RelError: 7.38608e-05	AbsError: 8.10992e-05
Iteration: 2
  Device: "part1_baseline"	RelError: 3.61168e-05	AbsError: 2.13119e+11
    Region: "bulk"	RelError: 3.61113e-05	AbsError: 2.13119e+11
      Equation: "ElectronContinuityEquation"	RelError: 1.16098e-05	AbsError: 2.13103e+11
      Equation: "HoleContinuityEquation"	RelError: 2.34649e-05	AbsError: 1.64166e+07
      Equation: "PotentialEquation"	RelError: 1.03657e-06	AbsError: 1.28565e-08
    Region: "oxide"	RelError: 5.46393e-09	AbsError: 6.37673e-09
      Equation: "PotentialEquation"	RelError: 5.46393e-09	AbsError: 6.37673e-09
Iteration: 3
  Device: "part1_baseline"	RelError: 8.82345e-13	AbsError: 5.77450e+03
    Region: "bulk"	RelError: 8.82113e-13	AbsError: 5.77450e+03
      Equation: "ElectronContinuityEquation"	RelError: 1.78496e-13	AbsError: 5.77373e+03
      Equation: "HoleContinuityEquation"	RelError: 6.54612e-13	AbsError: 7.72069e-01
      Equation: "PotentialEquation"	RelError: 4.90049e-14	AbsError: 3.80623e-16
    Region: "oxide"	RelError: 2.31925e-16	AbsError: 2.38185e-16
      Equation: "PotentialEquation"	RelError: 2.31925e-16	AbsError: 2.38185e-16
number of equations 6651
Iteration: 0
  Device: "part1_baseline"	RelError: 1.14255e+00	AbsError: 5.09872e+17
    Region: "bulk"	RelError: 1.12535e+00	AbsError: 5.09872e+17
      Equation: "ElectronContinuityEquation"	RelError: 2.08532e-01	AbsError: 5.09839e+17
      Equation: "HoleContinuityEquation"	RelError: 2.73969e-01	AbsError: 3.30429e+13
      Equation: "PotentialEquation"	RelError: 6.42851e-01	AbsError: 1.48376e-02
    Region: "oxide"	RelError: 1.71951e-02	AbsError: 2.00000e-02
      Equation: "PotentialEquation"	RelError: 1.71951e-02	AbsError: 2.00000e-02
Iteration: 1
  Device: "part1_baseline"	RelError: 5.67740e-02	AbsError: 3.52564e+15
    Region: "bulk"	RelError: 5.67031e-02	AbsError: 3.52564e+15
      Equation: "ElectronContinuityEquation"	RelError: 2.70021e-02	AbsError: 3.52547e+15
      Equation: "HoleContinuityEquation"	RelError: 2.87551e-02	AbsError: 1.73572e+11
      Equation: "PotentialEquation"	RelError: 9.45917e-04	AbsError: 7.93541e-05
    Region: "oxide"	RelError: 7.08893e-05	AbsError: 7.87533e-05
      Equation: "PotentialEquation"	RelError: 7.08893e-05	AbsError: 7.87533e-05
Iteration: 2
  Device: "part1_baseline"	RelError: 3.50930e-05	AbsError: 2.16004e+11
    Region: "bulk"	RelError: 3.50873e-05	AbsError: 2.16004e+11
      Equation: "ElectronContinuityEquation"	RelError: 1.07244e-05	AbsError: 2.15989e+11
      Equation: "HoleContinuityEquation"	RelError: 2.39683e-05	AbsError: 1.48053e+07
      Equation: "PotentialEquation"	RelError: 3.94592e-07	AbsError: 1.21987e-08
    Region: "oxide"	RelError: 5.73331e-09	AbsError: 6.85837e-09
      Equation: "PotentialEquation"	RelError: 5.73331e-09	AbsError: 6.85837e-09
Iteration: 3
  Device: "part1_baseline"	RelError: 7.92382e-13	AbsError: 5.34964e+03
    Region: "bulk"	RelError: 7.92167e-13	AbsError: 5.34964e+03
      Equation: "ElectronContinuityEquation"	RelError: 1.55019e-13	AbsError: 5.34893e+03
      Equation: "HoleContinuityEquation"	RelError: 6.20969e-13	AbsError: 7.11115e-01
      Equation: "PotentialEquation"	RelError: 1.61785e-14	AbsError: 3.65707e-16
    Region: "oxide"	RelError: 2.15478e-16	AbsError: 2.23813e-16
      Equation: "PotentialEquation"	RelError: 2.15478e-16	AbsError: 2.23813e-16
number of equations 6651
Iteration: 0
  Device: "part1_baseline"	RelError: 1.59834e+00	AbsError: 5.14069e+17
    Region: "bulk"	RelError: 1.58144e+00	AbsError: 5.14069e+17
      Equation: "ElectronContinuityEquation"	RelError: 2.05748e-01	AbsError: 5.14036e+17
      Equation: "HoleContinuityEquation"	RelError: 2.67142e-01	AbsError: 3.27824e+13
      Equation: "PotentialEquation"	RelError: 1.10855e+00	AbsError: 1.47647e-02
    Region: "oxide"	RelError: 1.69044e-02	AbsError: 2.00000e-02
      Equation: "PotentialEquation"	RelError: 1.69044e-02	AbsError: 2.00000e-02
Iteration: 1
  Device: "part1_baseline"	RelError: 5.52985e-02	AbsError: 3.46019e+15
    Region: "bulk"	RelError: 5.52306e-02	AbsError: 3.46019e+15
      Equation: "ElectronContinuityEquation"	RelError: 2.61711e-02	AbsError: 3.46002e+15
      Equation: "HoleContinuityEquation"	RelError: 2.76796e-02	AbsError: 1.69246e+11
      Equation: "PotentialEquation"	RelError: 1.38000e-03	AbsError: 7.88538e-05
    Region: "oxide"	RelError: 6.79187e-05	AbsError: 7.63212e-05
      Equation: "PotentialEquation"	RelError: 6.79187e-05	AbsError: 7.63212e-05
Iteration: 2
  Device: "part1_baseline"	RelError: 3.50817e-05	AbsError: 2.14845e+11
    Region: "bulk"	RelError: 3.50757e-05	AbsError: 2.14845e+11
      Equation: "ElectronContinuityEquation"	RelError: 9.91681e-06	AbsError: 2.14832e+11
      Equation: "HoleContinuityEquation"	RelError: 2.43970e-05	AbsError: 1.33985e+07
      Equation: "PotentialEquation"	RelError: 7.61917e-07	AbsError: 1.17841e-08
    Region: "oxide"	RelError: 6.01851e-09	AbsError: 7.28474e-09
      Equation: "PotentialEquation"	RelError: 6.01851e-09	AbsError: 7.28474e-09
Iteration: 3
  Device: "part1_baseline"	RelError: 7.58407e-13	AbsError: 4.94271e+03
    Region: "bulk"	RelError: 7.58202e-13	AbsError: 4.94271e+03
      Equation: "ElectronContinuityEquation"	RelError: 1.35183e-13	AbsError: 4.94204e+03
      Equation: "HoleContinuityEquation"	RelError: 5.91537e-13	AbsError: 6.74502e-01
      Equation: "PotentialEquation"	RelError: 3.14820e-14	AbsError: 3.59949e-16
    Region: "oxide"	RelError: 2.04878e-16	AbsError: 2.15171e-16
      Equation: "PotentialEquation"	RelError: 2.04878e-16	AbsError: 2.15171e-16
number of equations 6651
Iteration: 0
  Device: "part1_baseline"	RelError: 1.10688e+01	AbsError: 5.18028e+17
    Region: "bulk"	RelError: 1.10521e+01	AbsError: 5.18028e+17
      Equation: "ElectronContinuityEquation"	RelError: 2.03023e-01	AbsError: 5.17995e+17
      Equation: "HoleContinuityEquation"	RelError: 2.60268e-01	AbsError: 3.25271e+13
      Equation: "PotentialEquation"	RelError: 1.05889e+01	AbsError: 1.46897e-02
    Region: "oxide"	RelError: 1.66234e-02	AbsError: 2.00000e-02
      Equation: "PotentialEquation"	RelError: 1.66234e-02	AbsError: 2.00000e-02
Iteration: 1
  Device: "part1_baseline"	RelError: 6.47153e-02	AbsError: 3.44438e+15
    Region: "bulk"	RelError: 6.46503e-02	AbsError: 3.44438e+15
      Equation: "ElectronContinuityEquation"	RelError: 2.53729e-02	AbsError: 3.44421e+15
      Equation: "HoleContinuityEquation"	RelError: 2.66199e-02	AbsError: 1.65241e+11
      Equation: "PotentialEquation"	RelError: 1.26576e-02	AbsError: 7.85169e-05
    Region: "oxide"	RelError: 6.49815e-05	AbsError: 7.38414e-05
      Equation: "PotentialEquation"	RelError: 6.49815e-05	AbsError: 7.38414e-05
Iteration: 2
  Device: "part1_baseline"	RelError: 4.07440e-05	AbsError: 2.10375e+11
    Region: "bulk"	RelError: 4.07378e-05	AbsError: 2.10375e+11
      Equation: "ElectronContinuityEquation"	RelError: 9.17932e-06	AbsError: 2.10363e+11
      Equation: "HoleContinuityEquation"	RelError: 2.47551e-05	AbsError: 1.21662e+07
      Equation: "PotentialEquation"	RelError: 6.80335e-06	AbsError: 1.13758e-08
    Region: "oxide"	RelError: 6.22686e-09	AbsError: 7.62419e-09
      Equation: "PotentialEquation"	RelError: 6.22686e-09	AbsError: 7.62419e-09
Iteration: 3
  Device: "part1_baseline"	RelError: 9.89414e-13	AbsError: 4.57354e+03
    Region: "bulk"	RelError: 9.89216e-13	AbsError: 4.57354e+03
      Equation: "ElectronContinuityEquation"	RelError: 1.18198e-13	AbsError: 4.57289e+03
      Equation: "HoleContinuityEquation"	RelError: 5.76582e-13	AbsError: 6.50487e-01
      Equation: "PotentialEquation"	RelError: 2.94436e-13	AbsError: 3.54154e-16
    Region: "oxide"	RelError: 1.97518e-16	AbsError: 2.09700e-16
      Equation: "PotentialEquation"	RelError: 1.97518e-16	AbsError: 2.09700e-16
number of equations 6651
Iteration: 0
  Device: "part1_baseline"	RelError: 1.15320e+01	AbsError: 5.21764e+17
    Region: "bulk"	RelError: 1.15156e+01	AbsError: 5.21764e+17
      Equation: "ElectronContinuityEquation"	RelError: 2.00356e-01	AbsError: 5.21731e+17
      Equation: "HoleContinuityEquation"	RelError: 2.53326e-01	AbsError: 3.22762e+13
      Equation: "PotentialEquation"	RelError: 1.10620e+01	AbsError: 1.46125e-02
    Region: "oxide"	RelError: 1.63516e-02	AbsError: 2.00000e-02
      Equation: "PotentialEquation"	RelError: 1.63516e-02	AbsError: 2.00000e-02
Iteration: 1
  Device: "part1_baseline"	RelError: 6.42901e-02	AbsError: 3.41766e+15
    Region: "bulk"	RelError: 6.42280e-02	AbsError: 3.41766e+15
      Equation: "ElectronContinuityEquation"	RelError: 2.46059e-02	AbsError: 3.41749e+15
      Equation: "HoleContinuityEquation"	RelError: 2.55717e-02	AbsError: 1.61514e+11
      Equation: "PotentialEquation"	RelError: 1.40504e-02	AbsError: 7.84081e-05
    Region: "oxide"	RelError: 6.21026e-05	AbsError: 7.19881e-05
      Equation: "PotentialEquation"	RelError: 6.21026e-05	AbsError: 7.19881e-05
Iteration: 2
  Device: "part1_baseline"	RelError: 3.46143e-05	AbsError: 2.03280e+11
    Region: "bulk"	RelError: 3.46080e-05	AbsError: 2.03280e+11
      Equation: "ElectronContinuityEquation"	RelError: 8.50472e-06	AbsError: 2.03269e+11
      Equation: "HoleContinuityEquation"	RelError: 2.50440e-05	AbsError: 1.10787e+07
      Equation: "PotentialEquation"	RelError: 1.05920e-06	AbsError: 1.09677e-08
    Region: "oxide"	RelError: 6.33899e-09	AbsError: 7.84942e-09
      Equation: "PotentialEquation"	RelError: 6.33899e-09	AbsError: 7.84942e-09
Iteration: 3
  Device: "part1_baseline"	RelError: 8.21997e-13	AbsError: 4.23342e+03
    Region: "bulk"	RelError: 8.21807e-13	AbsError: 4.23342e+03
      Equation: "ElectronContinuityEquation"	RelError: 1.03495e-13	AbsError: 4.23279e+03
      Equation: "HoleContinuityEquation"	RelError: 5.58357e-13	AbsError: 6.28437e-01
      Equation: "PotentialEquation"	RelError: 1.59954e-13	AbsError: 3.45048e-16
    Region: "oxide"	RelError: 1.90554e-16	AbsError: 2.16353e-16
      Equation: "PotentialEquation"	RelError: 1.90554e-16	AbsError: 2.16353e-16
number of equations 6651
Iteration: 0
  Device: "part1_baseline"	RelError: 1.80285e+00	AbsError: 5.25293e+17
    Region: "bulk"	RelError: 1.78676e+00	AbsError: 5.25293e+17
      Equation: "ElectronContinuityEquation"	RelError: 1.97743e-01	AbsError: 5.25261e+17
      Equation: "HoleContinuityEquation"	RelError: 2.46298e-01	AbsError: 3.20291e+13
      Equation: "PotentialEquation"	RelError: 1.34272e+00	AbsError: 1.45330e-02
    Region: "oxide"	RelError: 1.60885e-02	AbsError: 2.00000e-02
      Equation: "PotentialEquation"	RelError: 1.60885e-02	AbsError: 2.00000e-02
Iteration: 1
  Device: "part1_baseline"	RelError: 5.01393e-02	AbsError: 3.38138e+15
    Region: "bulk"	RelError: 5.00800e-02	AbsError: 3.38138e+15
      Equation: "ElectronContinuityEquation"	RelError: 2.38690e-02	AbsError: 3.38122e+15
      Equation: "HoleContinuityEquation"	RelError: 2.45313e-02	AbsError: 1.58028e+11
      Equation: "PotentialEquation"	RelError: 1.67969e-03	AbsError: 7.79700e-05
    Region: "oxide"	RelError: 5.93000e-05	AbsError: 7.22498e-05
      Equation: "PotentialEquation"	RelError: 5.93000e-05	AbsError: 7.22498e-05
Iteration: 2
  Device: "part1_baseline"	RelError: 3.35884e-05	AbsError: 2.16070e+11
    Region: "bulk"	RelError: 3.35820e-05	AbsError: 2.16070e+11
      Equation: "ElectronContinuityEquation"	RelError: 7.88613e-06	AbsError: 2.16060e+11
      Equation: "HoleContinuityEquation"	RelError: 2.54369e-05	AbsError: 1.01077e+07
      Equation: "PotentialEquation"	RelError: 2.59020e-07	AbsError: 1.05767e-08
    Region: "oxide"	RelError: 6.34258e-09	AbsError: 7.94092e-09
      Equation: "PotentialEquation"	RelError: 6.34258e-09	AbsError: 7.94092e-09
Iteration: 3
  Device: "part1_baseline"	RelError: 6.47726e-13	AbsError: 4.53859e+03
    Region: "bulk"	RelError: 6.47524e-13	AbsError: 4.53859e+03
      Equation: "ElectronContinuityEquation"	RelError: 9.06863e-14	AbsError: 4.53799e+03
      Equation: "HoleContinuityEquation"	RelError: 5.37501e-13	AbsError: 6.00663e-01
      Equation: "PotentialEquation"	RelError: 1.93369e-14	AbsError: 3.30643e-16
    Region: "oxide"	RelError: 2.01714e-16	AbsError: 2.34225e-16
      Equation: "PotentialEquation"	RelError: 2.01714e-16	AbsError: 2.34225e-16
number of equations 6651
Iteration: 0
  Device: "part1_baseline"	RelError: 3.50284e+00	AbsError: 5.28628e+17
    Region: "bulk"	RelError: 3.48700e+00	AbsError: 5.28628e+17
      Equation: "ElectronContinuityEquation"	RelError: 1.95184e-01	AbsError: 5.28597e+17
      Equation: "HoleContinuityEquation"	RelError: 2.42251e-01	AbsError: 3.17853e+13
      Equation: "PotentialEquation"	RelError: 3.04957e+00	AbsError: 1.44512e-02
    Region: "oxide"	RelError: 1.58338e-02	AbsError: 2.00000e-02
      Equation: "PotentialEquation"	RelError: 1.58338e-02	AbsError: 2.00000e-02
Iteration: 1
  Device: "part1_baseline"	RelError: 5.04247e-02	AbsError: 3.33687e+15
    Region: "bulk"	RelError: 5.03676e-02	AbsError: 3.33687e+15
      Equation: "ElectronContinuityEquation"	RelError: 2.31610e-02	AbsError: 3.33671e+15
      Equation: "HoleContinuityEquation"	RelError: 2.34966e-02	AbsError: 1.54751e+11
      Equation: "PotentialEquation"	RelError: 3.71007e-03	AbsError: 7.72004e-05
    Region: "oxide"	RelError: 5.70897e-05	AbsError: 7.22518e-05
      Equation: "PotentialEquation"	RelError: 5.70897e-05	AbsError: 7.22518e-05
Iteration: 2
  Device: "part1_baseline"	RelError: 3.39961e-05	AbsError: 2.27814e+11
    Region: "bulk"	RelError: 3.39899e-05	AbsError: 2.27814e+11
      Equation: "ElectronContinuityEquation"	RelError: 7.31711e-06	AbsError: 2.27805e+11
      Equation: "HoleContinuityEquation"	RelError: 2.59809e-05	AbsError: 9.22878e+06
      Equation: "PotentialEquation"	RelError: 6.91895e-07	AbsError: 1.02189e-08
    Region: "oxide"	RelError: 6.23381e-09	AbsError: 7.88940e-09
      Equation: "PotentialEquation"	RelError: 6.23381e-09	AbsError: 7.88940e-09
Iteration: 3
  Device: "part1_baseline"	RelError: 6.49026e-13	AbsError: 4.99198e+03
    Region: "bulk"	RelError: 6.48822e-13	AbsError: 4.99198e+03
      Equation: "ElectronContinuityEquation"	RelError: 7.95062e-14	AbsError: 4.99141e+03
      Equation: "HoleContinuityEquation"	RelError: 5.14475e-13	AbsError: 5.63201e-01
      Equation: "PotentialEquation"	RelError: 5.48405e-14	AbsError: 3.11702e-16
    Region: "oxide"	RelError: 2.04686e-16	AbsError: 2.40177e-16
      Equation: "PotentialEquation"	RelError: 2.04686e-16	AbsError: 2.40177e-16
number of equations 6651
Iteration: 0
  Device: "part1_baseline"	RelError: 4.48430e+00	AbsError: 5.31784e+17
    Region: "bulk"	RelError: 4.46871e+00	AbsError: 5.31784e+17
      Equation: "ElectronContinuityEquation"	RelError: 1.92677e-01	AbsError: 5.31752e+17
      Equation: "HoleContinuityEquation"	RelError: 2.39533e-01	AbsError: 3.15443e+13
      Equation: "PotentialEquation"	RelError: 4.03650e+00	AbsError: 1.43669e-02
    Region: "oxide"	RelError: 1.55870e-02	AbsError: 2.00000e-02
      Equation: "PotentialEquation"	RelError: 1.55870e-02	AbsError: 2.00000e-02
Iteration: 1
  Device: "part1_baseline"	RelError: 4.95440e-02	AbsError: 3.28535e+15
    Region: "bulk"	RelError: 4.94877e-02	AbsError: 3.28535e+15
      Equation: "ElectronContinuityEquation"	RelError: 2.24810e-02	AbsError: 3.28520e+15
      Equation: "HoleContinuityEquation"	RelError: 2.24660e-02	AbsError: 1.51656e+11
      Equation: "PotentialEquation"	RelError: 4.54066e-03	AbsError: 7.61082e-05
    Region: "oxide"	RelError: 5.62872e-05	AbsError: 7.19925e-05
      Equation: "PotentialEquation"	RelError: 5.62872e-05	AbsError: 7.19925e-05
Iteration: 2
  Device: "part1_baseline"	RelError: 3.35719e-05	AbsError: 2.35111e+11
    Region: "bulk"	RelError: 3.35659e-05	AbsError: 2.35111e+11
      Equation: "ElectronContinuityEquation"	RelError: 6.79174e-06	AbsError: 2.35103e+11
      Equation: "HoleContinuityEquation"	RelError: 2.64669e-05	AbsError: 8.42244e+06
      Equation: "PotentialEquation"	RelError: 3.07276e-07	AbsError: 9.84138e-09
    Region: "oxide"	RelError: 6.01770e-09	AbsError: 7.69677e-09
      Equation: "PotentialEquation"	RelError: 6.01770e-09	AbsError: 7.69677e-09
Iteration: 3
  Device: "part1_baseline"	RelError: 6.12750e-13	AbsError: 5.15336e+03
    Region: "bulk"	RelError: 6.12553e-13	AbsError: 5.15336e+03
      Equation: "ElectronContinuityEquation"	RelError: 6.97588e-14	AbsError: 5.15284e+03
      Equation: "HoleContinuityEquation"	RelError: 4.92589e-13	AbsError: 5.15687e-01
      Equation: "PotentialEquation"	RelError: 5.02047e-14	AbsError: 2.87897e-16
    Region: "oxide"	RelError: 1.97800e-16	AbsError: 2.34487e-16
      Equation: "PotentialEquation"	RelError: 1.97800e-16	AbsError: 2.34487e-16
number of equations 6651
Iteration: 0
  Device: "part1_baseline"	RelError: 6.08913e+01	AbsError: 5.34770e+17
    Region: "bulk"	RelError: 6.08759e+01	AbsError: 5.34770e+17
      Equation: "ElectronContinuityEquation"	RelError: 1.90223e-01	AbsError: 5.34739e+17
      Equation: "HoleContinuityEquation"	RelError: 2.36896e-01	AbsError: 3.13148e+13
      Equation: "PotentialEquation"	RelError: 6.04488e+01	AbsError: 1.42803e-02
    Region: "oxide"	RelError: 1.53478e-02	AbsError: 2.00000e-02
      Equation: "PotentialEquation"	RelError: 1.53478e-02	AbsError: 2.00000e-02
Iteration: 1
  Device: "part1_baseline"	RelError: 1.18712e-01	AbsError: 3.22800e+15
    Region: "bulk"	RelError: 1.18657e-01	AbsError: 3.22800e+15
      Equation: "ElectronContinuityEquation"	RelError: 2.18281e-02	AbsError: 3.22785e+15
      Equation: "HoleContinuityEquation"	RelError: 2.16771e-02	AbsError: 1.49187e+11
      Equation: "PotentialEquation"	RelError: 7.51520e-02	AbsError: 7.47132e-05
    Region: "oxide"	RelError: 5.53107e-05	AbsError: 7.14789e-05
      Equation: "PotentialEquation"	RelError: 5.53107e-05	AbsError: 7.14789e-05
Iteration: 2
  Device: "part1_baseline"	RelError: 4.04566e-05	AbsError: 2.38303e+11
    Region: "bulk"	RelError: 4.04508e-05	AbsError: 2.38303e+11
      Equation: "ElectronContinuityEquation"	RelError: 6.30479e-06	AbsError: 2.38295e+11
      Equation: "HoleContinuityEquation"	RelError: 2.68904e-05	AbsError: 7.67475e+06
      Equation: "PotentialEquation"	RelError: 7.25563e-06	AbsError: 9.44393e-09
    Region: "oxide"	RelError: 5.70721e-09	AbsError: 7.37552e-09
      Equation: "PotentialEquation"	RelError: 5.70721e-09	AbsError: 7.37552e-09
Iteration: 3
  Device: "part1_baseline"	RelError: 1.39533e-12	AbsError: 5.05314e+03
    Region: "bulk"	RelError: 1.39515e-12	AbsError: 5.05314e+03
      Equation: "ElectronContinuityEquation"	RelError: 6.12721e-14	AbsError: 5.05268e+03
      Equation: "HoleContinuityEquation"	RelError: 4.73341e-13	AbsError: 4.60589e-01
      Equation: "PotentialEquation"	RelError: 8.60539e-13	AbsError: 2.60147e-16
    Region: "oxide"	RelError: 1.83093e-16	AbsError: 2.19242e-16
      Equation: "PotentialEquation"	RelError: 1.83093e-16	AbsError: 2.19242e-16
number of equations 6651
Iteration: 0
  Device: "part1_baseline"	RelError: 1.42207e+00	AbsError: 5.37600e+17
    Region: "bulk"	RelError: 1.40696e+00	AbsError: 5.37600e+17
      Equation: "ElectronContinuityEquation"	RelError: 1.87819e-01	AbsError: 5.37568e+17
      Equation: "HoleContinuityEquation"	RelError: 2.34328e-01	AbsError: 3.11335e+13
      Equation: "PotentialEquation"	RelError: 9.84812e-01	AbsError: 1.41912e-02
    Region: "oxide"	RelError: 1.51158e-02	AbsError: 2.00000e-02
      Equation: "PotentialEquation"	RelError: 1.51158e-02	AbsError: 2.00000e-02
Iteration: 1
  Device: "part1_baseline"	RelError: 4.36376e-02	AbsError: 3.21925e+15
    Region: "bulk"	RelError: 4.35834e-02	AbsError: 3.21925e+15
      Equation: "ElectronContinuityEquation"	RelError: 2.12012e-02	AbsError: 3.21910e+15
      Equation: "HoleContinuityEquation"	RelError: 2.12750e-02	AbsError: 1.47386e+11
      Equation: "PotentialEquation"	RelError: 1.10714e-03	AbsError: 7.30450e-05
    Region: "oxide"	RelError: 5.41767e-05	AbsError: 7.07260e-05
      Equation: "PotentialEquation"	RelError: 5.41767e-05	AbsError: 7.07260e-05
Iteration: 2
  Device: "part1_baseline"	RelError: 3.33800e-05	AbsError: 2.37800e+11
    Region: "bulk"	RelError: 3.33747e-05	AbsError: 2.37800e+11
      Equation: "ElectronContinuityEquation"	RelError: 5.85169e-06	AbsError: 2.37793e+11
      Equation: "HoleContinuityEquation"	RelError: 2.72472e-05	AbsError: 6.97742e+06
      Equation: "PotentialEquation"	RelError: 2.75844e-07	AbsError: 9.02884e-09
    Region: "oxide"	RelError: 5.32137e-09	AbsError: 6.94688e-09
      Equation: "PotentialEquation"	RelError: 5.32137e-09	AbsError: 6.94688e-09
Iteration: 3
  Device: "part1_baseline"	RelError: 5.17947e-13	AbsError: 4.74565e+03
    Region: "bulk"	RelError: 5.17784e-13	AbsError: 4.74565e+03
      Equation: "ElectronContinuityEquation"	RelError: 5.38740e-14	AbsError: 4.74524e+03
      Equation: "HoleContinuityEquation"	RelError: 4.52427e-13	AbsError: 4.02059e-01
      Equation: "PotentialEquation"	RelError: 1.14827e-14	AbsError: 2.30855e-16
    Region: "oxide"	RelError: 1.63377e-16	AbsError: 1.97567e-16
      Equation: "PotentialEquation"	RelError: 1.63377e-16	AbsError: 1.97567e-16
number of equations 6651
Iteration: 0
  Device: "part1_baseline"	RelError: 1.26248e+00	AbsError: 5.40281e+17
    Region: "bulk"	RelError: 1.24759e+00	AbsError: 5.40281e+17
      Equation: "ElectronContinuityEquation"	RelError: 1.85468e-01	AbsError: 5.40250e+17
      Equation: "HoleContinuityEquation"	RelError: 2.31813e-01	AbsError: 3.09533e+13
      Equation: "PotentialEquation"	RelError: 8.30310e-01	AbsError: 1.40995e-02
    Region: "oxide"	RelError: 1.48907e-02	AbsError: 2.00000e-02
      Equation: "PotentialEquation"	RelError: 1.48907e-02	AbsError: 2.00000e-02
Iteration: 1
  Device: "part1_baseline"	RelError: 4.22091e-02	AbsError: 3.22831e+15
    Region: "bulk"	RelError: 4.21562e-02	AbsError: 3.22831e+15
      Equation: "ElectronContinuityEquation"	RelError: 2.05992e-02	AbsError: 3.22816e+15
      Equation: "HoleContinuityEquation"	RelError: 2.08875e-02	AbsError: 1.45711e+11
      Equation: "PotentialEquation"	RelError: 6.69494e-04	AbsError: 7.11416e-05
    Region: "oxide"	RelError: 5.29064e-05	AbsError: 6.97560e-05
      Equation: "PotentialEquation"	RelError: 5.29064e-05	AbsError: 6.97560e-05
Iteration: 2
  Device: "part1_baseline"	RelError: 3.34367e-05	AbsError: 2.34075e+11
    Region: "bulk"	RelError: 3.34319e-05	AbsError: 2.34075e+11
      Equation: "ElectronContinuityEquation"	RelError: 5.42864e-06	AbsError: 2.34069e+11
      Equation: "HoleContinuityEquation"	RelError: 2.75335e-05	AbsError: 6.32703e+06
      Equation: "PotentialEquation"	RelError: 4.69747e-07	AbsError: 8.60053e-09
    Region: "oxide"	RelError: 4.88282e-09	AbsError: 6.43790e-09
      Equation: "PotentialEquation"	RelError: 4.88282e-09	AbsError: 6.43790e-09
Iteration: 3
  Device: "part1_baseline"	RelError: 4.92429e-13	AbsError: 4.29812e+03
    Region: "bulk"	RelError: 4.92287e-13	AbsError: 4.29812e+03
      Equation: "ElectronContinuityEquation"	RelError: 4.73875e-14	AbsError: 4.29778e+03
      Equation: "HoleContinuityEquation"	RelError: 4.30266e-13	AbsError: 3.44706e-01
      Equation: "PotentialEquation"	RelError: 1.46338e-14	AbsError: 2.02412e-16
    Region: "oxide"	RelError: 1.41580e-16	AbsError: 1.72868e-16
      Equation: "PotentialEquation"	RelError: 1.41580e-16	AbsError: 1.72868e-16
number of equations 6651
Iteration: 0
  Device: "part1_baseline"	RelError: 5.25544e+00	AbsError: 5.42825e+17
    Region: "bulk"	RelError: 5.24077e+00	AbsError: 5.42825e+17
      Equation: "ElectronContinuityEquation"	RelError: 1.83166e-01	AbsError: 5.42794e+17
      Equation: "HoleContinuityEquation"	RelError: 2.29340e-01	AbsError: 3.07738e+13
      Equation: "PotentialEquation"	RelError: 4.82826e+00	AbsError: 1.40053e-02
    Region: "oxide"	RelError: 1.46722e-02	AbsError: 2.00000e-02
      Equation: "PotentialEquation"	RelError: 1.46722e-02	AbsError: 2.00000e-02
Iteration: 1
  Device: "part1_baseline"	RelError: 4.43820e-02	AbsError: 3.22601e+15
    Region: "bulk"	RelError: 4.43305e-02	AbsError: 3.22601e+15
      Equation: "ElectronContinuityEquation"	RelError: 2.00206e-02	AbsError: 3.22586e+15
      Equation: "HoleContinuityEquation"	RelError: 2.05124e-02	AbsError: 1.44148e+11
      Equation: "PotentialEquation"	RelError: 3.79746e-03	AbsError: 6.90467e-05
    Region: "oxide"	RelError: 5.15240e-05	AbsError: 6.85967e-05
      Equation: "PotentialEquation"	RelError: 5.15240e-05	AbsError: 6.85967e-05
Iteration: 2
  Device: "part1_baseline"	RelError: 3.53301e-05	AbsError: 2.27644e+11
    Region: "bulk"	RelError: 3.53257e-05	AbsError: 2.27644e+11
      Equation: "ElectronContinuityEquation"	RelError: 5.03252e-06	AbsError: 2.27638e+11
      Equation: "HoleContinuityEquation"	RelError: 2.77560e-05	AbsError: 5.72383e+06
      Equation: "PotentialEquation"	RelError: 2.53721e-06	AbsError: 8.16489e-09
    Region: "oxide"	RelError: 4.41524e-09	AbsError: 5.87825e-09
      Equation: "PotentialEquation"	RelError: 4.41524e-09	AbsError: 5.87825e-09
Iteration: 3
  Device: "part1_baseline"	RelError: 5.22241e-13	AbsError: 3.77978e+03
    Region: "bulk"	RelError: 5.22121e-13	AbsError: 3.77978e+03
      Equation: "ElectronContinuityEquation"	RelError: 4.16393e-14	AbsError: 3.77948e+03
      Equation: "HoleContinuityEquation"	RelError: 4.07318e-13	AbsError: 2.92625e-01
      Equation: "PotentialEquation"	RelError: 7.31628e-14	AbsError: 1.76790e-16
    Region: "oxide"	RelError: 1.20252e-16	AbsError: 1.48223e-16
      Equation: "PotentialEquation"	RelError: 1.20252e-16	AbsError: 1.48223e-16
number of equations 6651
Iteration: 0
  Device: "part1_baseline"	RelError: 1.68526e+00	AbsError: 5.45239e+17
    Region: "bulk"	RelError: 1.67080e+00	AbsError: 5.45239e+17
      Equation: "ElectronContinuityEquation"	RelError: 1.80914e-01	AbsError: 5.45208e+17
      Equation: "HoleContinuityEquation"	RelError: 2.26895e-01	AbsError: 3.05950e+13
      Equation: "PotentialEquation"	RelError: 1.26299e+00	AbsError: 1.39085e-02
    Region: "oxide"	RelError: 1.44600e-02	AbsError: 2.00000e-02
      Equation: "PotentialEquation"	RelError: 1.44600e-02	AbsError: 2.00000e-02
Iteration: 1
  Device: "part1_baseline"	RelError: 4.06439e-02	AbsError: 3.21341e+15
    Region: "bulk"	RelError: 4.05939e-02	AbsError: 3.21341e+15
      Equation: "ElectronContinuityEquation"	RelError: 1.94641e-02	AbsError: 3.21327e+15
      Equation: "HoleContinuityEquation"	RelError: 2.01476e-02	AbsError: 1.42688e+11
      Equation: "PotentialEquation"	RelError: 9.82236e-04	AbsError: 6.72795e-05
    Region: "oxide"	RelError: 5.00556e-05	AbsError: 6.72795e-05
      Equation: "PotentialEquation"	RelError: 5.00556e-05	AbsError: 6.72795e-05
Iteration: 2
  Device: "part1_baseline"	RelError: 3.34171e-05	AbsError: 2.19043e+11
    Region: "bulk"	RelError: 3.34131e-05	AbsError: 2.19043e+11
      Equation: "ElectronContinuityEquation"	RelError: 4.66087e-06	AbsError: 2.19038e+11
      Equation: "HoleContinuityEquation"	RelError: 2.81311e-05	AbsError: 5.17025e+06
      Equation: "PotentialEquation"	RelError: 6.21191e-07	AbsError: 7.73722e-09
    Region: "oxide"	RelError: 3.94101e-09	AbsError: 5.29709e-09
      Equation: "PotentialEquation"	RelError: 3.94101e-09	AbsError: 5.29709e-09
Iteration: 3
  Device: "part1_baseline"	RelError: 4.37292e-13	AbsError: 3.25249e+03
    Region: "bulk"	RelError: 4.37191e-13	AbsError: 3.25249e+03
      Equation: "ElectronContinuityEquation"	RelError: 3.64739e-14	AbsError: 3.25224e+03
      Equation: "HoleContinuityEquation"	RelError: 3.84062e-13	AbsError: 2.48745e-01
      Equation: "PotentialEquation"	RelError: 1.66554e-14	AbsError: 1.55296e-16
    Region: "oxide"	RelError: 1.01268e-16	AbsError: 1.25988e-16
      Equation: "PotentialEquation"	RelError: 1.01268e-16	AbsError: 1.25988e-16
number of equations 6651
Iteration: 0
  Device: "part1_baseline"	RelError: 9.75397e-01	AbsError: 5.47531e+17
    Region: "bulk"	RelError: 9.61143e-01	AbsError: 5.47531e+17
      Equation: "ElectronContinuityEquation"	RelError: 1.78709e-01	AbsError: 5.47501e+17
      Equation: "HoleContinuityEquation"	RelError: 2.24468e-01	AbsError: 3.04164e+13
      Equation: "PotentialEquation"	RelError: 5.57967e-01	AbsError: 1.38091e-02
    Region: "oxide"	RelError: 1.42539e-02	AbsError: 2.00000e-02
      Equation: "PotentialEquation"	RelError: 1.42539e-02	AbsError: 2.00000e-02
Iteration: 1
  Device: "part1_baseline"	RelError: 3.91968e-02	AbsError: 3.19164e+15
    Region: "bulk"	RelError: 3.91483e-02	AbsError: 3.19164e+15
      Equation: "ElectronContinuityEquation"	RelError: 1.89277e-02	AbsError: 3.19150e+15
      Equation: "HoleContinuityEquation"	RelError: 1.97913e-02	AbsError: 1.41320e+11
      Equation: "PotentialEquation"	RelError: 4.29273e-04	AbsError: 6.58377e-05
    Region: "oxide"	RelError: 4.85278e-05	AbsError: 6.58377e-05
      Equation: "PotentialEquation"	RelError: 4.85278e-05	AbsError: 6.58377e-05
Iteration: 2
  Device: "part1_baseline"	RelError: 3.30198e-05	AbsError: 2.08810e+11
    Region: "bulk"	RelError: 3.30163e-05	AbsError: 2.08810e+11
      Equation: "ElectronContinuityEquation"	RelError: 4.31176e-06	AbsError: 2.08805e+11
      Equation: "HoleContinuityEquation"	RelError: 2.84489e-05	AbsError: 4.66947e+06
      Equation: "PotentialEquation"	RelError: 2.55636e-07	AbsError: 7.33665e-09
    Region: "oxide"	RelError: 3.47940e-09	AbsError: 4.72051e-09
      Equation: "PotentialEquation"	RelError: 3.47940e-09	AbsError: 4.72051e-09
Iteration: 3
  Device: "part1_baseline"	RelError: 3.99269e-13	AbsError: 2.76458e+03
    Region: "bulk"	RelError: 3.99183e-13	AbsError: 2.76458e+03
      Equation: "ElectronContinuityEquation"	RelError: 3.17644e-14	AbsError: 2.76437e+03
      Equation: "HoleContinuityEquation"	RelError: 3.60950e-13	AbsError: 2.14549e-01
      Equation: "PotentialEquation"	RelError: 6.46853e-15	AbsError: 1.38505e-16
    Region: "oxide"	RelError: 8.57247e-17	AbsError: 1.07628e-16
      Equation: "PotentialEquation"	RelError: 8.57247e-17	AbsError: 1.07628e-16
number of equations 6651
Iteration: 0
  Device: "part1_baseline"	RelError: 7.70531e-01	AbsError: 5.49710e+17
    Region: "bulk"	RelError: 7.56478e-01	AbsError: 5.49710e+17
      Equation: "ElectronContinuityEquation"	RelError: 1.76548e-01	AbsError: 5.49679e+17
      Equation: "HoleContinuityEquation"	RelError: 2.22046e-01	AbsError: 3.02380e+13
      Equation: "PotentialEquation"	RelError: 3.57883e-01	AbsError: 1.37070e-02
    Region: "oxide"	RelError: 1.40536e-02	AbsError: 2.00000e-02
      Equation: "PotentialEquation"	RelError: 1.40536e-02	AbsError: 2.00000e-02
Iteration: 1
  Device: "part1_baseline"	RelError: 3.81727e-02	AbsError: 3.16185e+15
    Region: "bulk"	RelError: 3.81257e-02	AbsError: 3.16185e+15
      Equation: "ElectronContinuityEquation"	RelError: 1.84099e-02	AbsError: 3.16171e+15
      Equation: "HoleContinuityEquation"	RelError: 1.94418e-02	AbsError: 1.40040e+11
      Equation: "PotentialEquation"	RelError: 2.74081e-04	AbsError: 6.43045e-05
    Region: "oxide"	RelError: 4.69658e-05	AbsError: 6.43045e-05
      Equation: "PotentialEquation"	RelError: 4.69658e-05	AbsError: 6.43045e-05
Iteration: 2
  Device: "part1_baseline"	RelError: 3.28523e-05	AbsError: 2.32035e+11
    Region: "bulk"	RelError: 3.28493e-05	AbsError: 2.32035e+11
      Equation: "ElectronContinuityEquation"	RelError: 3.98375e-06	AbsError: 2.32030e+11
      Equation: "HoleContinuityEquation"	RelError: 2.87125e-05	AbsError: 4.22417e+06
      Equation: "PotentialEquation"	RelError: 1.53040e-07	AbsError: 6.94246e-09
    Region: "oxide"	RelError: 3.04543e-09	AbsError: 4.16974e-09
      Equation: "PotentialEquation"	RelError: 3.04543e-09	AbsError: 4.16974e-09
Iteration: 3
  Device: "part1_baseline"	RelError: 3.69615e-13	AbsError: 2.37954e+03
    Region: "bulk"	RelError: 3.69541e-13	AbsError: 2.37954e+03
      Equation: "ElectronContinuityEquation"	RelError: 2.74188e-14	AbsError: 2.37935e+03
      Equation: "HoleContinuityEquation"	RelError: 3.38380e-13	AbsError: 1.90179e-01
      Equation: "PotentialEquation"	RelError: 3.74268e-15	AbsError: 1.26348e-16
    Region: "oxide"	RelError: 7.40038e-17	AbsError: 9.37486e-17
      Equation: "PotentialEquation"	RelError: 7.40038e-17	AbsError: 9.37486e-17
number of equations 6651
Iteration: 0
  Device: "part1_baseline"	RelError: 6.71223e-01	AbsError: 5.51781e+17
    Region: "bulk"	RelError: 6.57364e-01	AbsError: 5.51781e+17
      Equation: "ElectronContinuityEquation"	RelError: 1.74430e-01	AbsError: 5.51750e+17
      Equation: "HoleContinuityEquation"	RelError: 2.19619e-01	AbsError: 3.00596e+13
      Equation: "PotentialEquation"	RelError: 2.63316e-01	AbsError: 1.36024e-02
    Region: "oxide"	RelError: 1.38589e-02	AbsError: 2.00000e-02
      Equation: "PotentialEquation"	RelError: 1.38589e-02	AbsError: 2.00000e-02
Iteration: 1
  Device: "part1_baseline"	RelError: 3.72534e-02	AbsError: 3.12516e+15
    Region: "bulk"	RelError: 3.72080e-02	AbsError: 3.12516e+15
      Equation: "ElectronContinuityEquation"	RelError: 1.79087e-02	AbsError: 3.12503e+15
      Equation: "HoleContinuityEquation"	RelError: 1.90974e-02	AbsError: 1.38840e+11
      Equation: "PotentialEquation"	RelError: 2.01915e-04	AbsError: 6.27116e-05
    Region: "oxide"	RelError: 4.53929e-05	AbsError: 6.27116e-05
      Equation: "PotentialEquation"	RelError: 4.53929e-05	AbsError: 6.27116e-05
Iteration: 2
  Device: "part1_baseline"	RelError: 3.27095e-05	AbsError: 2.50975e+11
    Region: "bulk"	RelError: 3.27069e-05	AbsError: 2.50975e+11
      Equation: "ElectronContinuityEquation"	RelError: 3.67575e-06	AbsError: 2.50971e+11
      Equation: "HoleContinuityEquation"	RelError: 2.89258e-05	AbsError: 3.83561e+06
      Equation: "PotentialEquation"	RelError: 1.05385e-07	AbsError: 6.56005e-09
    Region: "oxide"	RelError: 2.64945e-09	AbsError: 3.96040e-09
      Equation: "PotentialEquation"	RelError: 2.64945e-09	AbsError: 3.96040e-09
Iteration: 3
  Device: "part1_baseline"	RelError: 3.42668e-13	AbsError: 2.87373e+03
    Region: "bulk"	RelError: 3.42602e-13	AbsError: 2.87373e+03
      Equation: "ElectronContinuityEquation"	RelError: 2.33792e-14	AbsError: 2.87356e+03
      Equation: "HoleContinuityEquation"	RelError: 3.16660e-13	AbsError: 1.74695e-01
      Equation: "PotentialEquation"	RelError: 2.56271e-15	AbsError: 1.18264e-16
    Region: "oxide"	RelError: 6.59196e-17	AbsError: 8.42462e-17
      Equation: "PotentialEquation"	RelError: 6.59196e-17	AbsError: 8.42462e-17
number of equations 6651
Iteration: 0
  Device: "part1_baseline"	RelError: 6.11406e-01	AbsError: 5.53751e+17
    Region: "bulk"	RelError: 5.97737e-01	AbsError: 5.53751e+17
      Equation: "ElectronContinuityEquation"	RelError: 1.72349e-01	AbsError: 5.53721e+17
      Equation: "HoleContinuityEquation"	RelError: 2.17176e-01	AbsError: 2.98809e+13
      Equation: "PotentialEquation"	RelError: 2.08212e-01	AbsError: 1.34952e-02
    Region: "oxide"	RelError: 1.36694e-02	AbsError: 2.00000e-02
      Equation: "PotentialEquation"	RelError: 1.36694e-02	AbsError: 2.00000e-02
Iteration: 1
  Device: "part1_baseline"	RelError: 3.63835e-02	AbsError: 3.08270e+15
    Region: "bulk"	RelError: 3.63397e-02	AbsError: 3.08270e+15
      Equation: "ElectronContinuityEquation"	RelError: 1.74225e-02	AbsError: 3.08256e+15
      Equation: "HoleContinuityEquation"	RelError: 1.87564e-02	AbsError: 1.37715e+11
      Equation: "PotentialEquation"	RelError: 1.60767e-04	AbsError: 6.10874e-05
    Region: "oxide"	RelError: 4.38294e-05	AbsError: 6.10874e-05
      Equation: "PotentialEquation"	RelError: 4.38294e-05	AbsError: 6.10874e-05
Iteration: 2
  Device: "part1_baseline"	RelError: 3.25610e-05	AbsError: 2.65180e+11
    Region: "bulk"	RelError: 3.25582e-05	AbsError: 2.65180e+11
      Equation: "ElectronContinuityEquation"	RelError: 3.38689e-06	AbsError: 2.65176e+11
      Equation: "HoleContinuityEquation"	RelError: 2.90930e-05	AbsError: 3.50310e+06
      Equation: "PotentialEquation"	RelError: 7.82775e-08	AbsError: 6.19353e-09
    Region: "oxide"	RelError: 2.82564e-09	AbsError: 4.29875e-09
      Equation: "PotentialEquation"	RelError: 2.82564e-09	AbsError: 4.29875e-09
Iteration: 3
  Device: "part1_baseline"	RelError: 3.17620e-13	AbsError: 3.27018e+03
    Region: "bulk"	RelError: 3.17559e-13	AbsError: 3.27018e+03
      Equation: "ElectronContinuityEquation"	RelError: 1.96176e-14	AbsError: 3.27001e+03
      Equation: "HoleContinuityEquation"	RelError: 2.95996e-13	AbsError: 1.66439e-01
      Equation: "PotentialEquation"	RelError: 1.94469e-15	AbsError: 1.13739e-16
    Region: "oxide"	RelError: 6.09086e-17	AbsError: 8.32016e-17
      Equation: "PotentialEquation"	RelError: 6.09086e-17	AbsError: 8.32016e-17
number of equations 6651
Iteration: 0
  Device: "part1_baseline"	RelError: 5.70626e-01	AbsError: 5.55626e+17
    Region: "bulk"	RelError: 5.57141e-01	AbsError: 5.55626e+17
      Equation: "ElectronContinuityEquation"	RelError: 1.70302e-01	AbsError: 5.55596e+17
      Equation: "HoleContinuityEquation"	RelError: 2.14706e-01	AbsError: 2.97018e+13
      Equation: "PotentialEquation"	RelError: 1.72133e-01	AbsError: 1.33856e-02
    Region: "oxide"	RelError: 1.34851e-02	AbsError: 2.00000e-02
      Equation: "PotentialEquation"	RelError: 1.34851e-02	AbsError: 2.00000e-02
Iteration: 1
  Device: "part1_baseline"	RelError: 3.55686e-02	AbsError: 3.03551e+15
    Region: "bulk"	RelError: 3.55263e-02	AbsError: 3.03551e+15
      Equation: "ElectronContinuityEquation"	RelError: 1.69497e-02	AbsError: 3.03537e+15
      Equation: "HoleContinuityEquation"	RelError: 1.84176e-02	AbsError: 1.36659e+11
      Equation: "PotentialEquation"	RelError: 1.58996e-04	AbsError: 6.09625e-05
    Region: "oxide"	RelError: 4.22921e-05	AbsError: 5.94568e-05
      Equation: "PotentialEquation"	RelError: 4.22921e-05	AbsError: 5.94568e-05
Iteration: 2
  Device: "part1_baseline"	RelError: 3.23990e-05	AbsError: 2.74812e+11
    Region: "bulk"	RelError: 3.23960e-05	AbsError: 2.74812e+11
      Equation: "ElectronContinuityEquation"	RelError: 3.11648e-06	AbsError: 2.74809e+11
      Equation: "HoleContinuityEquation"	RelError: 2.92185e-05	AbsError: 3.22376e+06
      Equation: "PotentialEquation"	RelError: 6.10576e-08	AbsError: 6.16479e-09
    Region: "oxide"	RelError: 3.02616e-09	AbsError: 4.64414e-09
      Equation: "PotentialEquation"	RelError: 3.02616e-09	AbsError: 4.64414e-09
Iteration: 3
  Device: "part1_baseline"	RelError: 2.95871e-13	AbsError: 3.55912e+03
    Region: "bulk"	RelError: 2.95806e-13	AbsError: 3.55912e+03
      Equation: "ElectronContinuityEquation"	RelError: 1.61298e-14	AbsError: 3.55895e+03
      Equation: "HoleContinuityEquation"	RelError: 2.78094e-13	AbsError: 1.63531e-01
      Equation: "PotentialEquation"	RelError: 1.58179e-15	AbsError: 1.12346e-16
    Region: "oxide"	RelError: 6.54069e-17	AbsError: 9.19530e-17
      Equation: "PotentialEquation"	RelError: 6.54069e-17	AbsError: 9.19530e-17
number of equations 6651
Iteration: 0
  Device: "part1_baseline"	RelError: 5.92999e-01	AbsError: 5.57412e+17
    Region: "bulk"	RelError: 5.79693e-01	AbsError: 5.57412e+17
      Equation: "ElectronContinuityEquation"	RelError: 1.68285e-01	AbsError: 5.57382e+17
      Equation: "HoleContinuityEquation"	RelError: 2.12201e-01	AbsError: 2.95222e+13
      Equation: "PotentialEquation"	RelError: 1.99208e-01	AbsError: 1.32735e-02
    Region: "oxide"	RelError: 1.33056e-02	AbsError: 2.00000e-02
      Equation: "PotentialEquation"	RelError: 1.33056e-02	AbsError: 2.00000e-02
Iteration: 1
  Device: "part1_baseline"	RelError: 3.47992e-02	AbsError: 3.01509e+15
    Region: "bulk"	RelError: 3.47584e-02	AbsError: 3.01509e+15
      Equation: "ElectronContinuityEquation"	RelError: 1.64890e-02	AbsError: 3.01495e+15
      Equation: "HoleContinuityEquation"	RelError: 1.80793e-02	AbsError: 1.35665e+11
      Equation: "PotentialEquation"	RelError: 1.90009e-04	AbsError: 6.16885e-05
    Region: "oxide"	RelError: 4.07942e-05	AbsError: 5.78400e-05
      Equation: "PotentialEquation"	RelError: 4.07942e-05	AbsError: 5.78400e-05
Iteration: 2
  Device: "part1_baseline"	RelError: 3.22222e-05	AbsError: 2.80189e+11
    Region: "bulk"	RelError: 3.22190e-05	AbsError: 2.80189e+11
      Equation: "ElectronContinuityEquation"	RelError: 2.86389e-06	AbsError: 2.80186e+11
      Equation: "HoleContinuityEquation"	RelError: 2.93058e-05	AbsError: 2.99271e+06
      Equation: "PotentialEquation"	RelError: 4.93262e-08	AbsError: 6.33324e-09
    Region: "oxide"	RelError: 3.21974e-09	AbsError: 4.98378e-09
      Equation: "PotentialEquation"	RelError: 3.21974e-09	AbsError: 4.98378e-09
Iteration: 3
  Device: "part1_baseline"	RelError: 2.83588e-13	AbsError: 3.73937e+03
    Region: "bulk"	RelError: 2.83517e-13	AbsError: 3.73937e+03
      Equation: "ElectronContinuityEquation"	RelError: 1.29303e-14	AbsError: 3.73921e+03
      Equation: "HoleContinuityEquation"	RelError: 2.69183e-13	AbsError: 1.63944e-01
      Equation: "PotentialEquation"	RelError: 1.40371e-15	AbsError: 1.12068e-16
    Region: "oxide"	RelError: 7.10628e-17	AbsError: 1.00757e-16
      Equation: "PotentialEquation"	RelError: 7.10628e-17	AbsError: 1.00757e-16
number of equations 6651
Iteration: 0
  Device: "part1_baseline"	RelError: 6.37187e-01	AbsError: 5.59114e+17
    Region: "bulk"	RelError: 6.24056e-01	AbsError: 5.59114e+17
      Equation: "ElectronContinuityEquation"	RelError: 1.66293e-01	AbsError: 5.59084e+17
      Equation: "HoleContinuityEquation"	RelError: 2.09650e-01	AbsError: 2.93418e+13
      Equation: "PotentialEquation"	RelError: 2.48112e-01	AbsError: 1.31593e-02
    Region: "oxide"	RelError: 1.31309e-02	AbsError: 2.00000e-02
      Equation: "PotentialEquation"	RelError: 1.31309e-02	AbsError: 2.00000e-02
Iteration: 1
  Device: "part1_baseline"	RelError: 3.40562e-02	AbsError: 3.06264e+15
    Region: "bulk"	RelError: 3.40169e-02	AbsError: 3.06264e+15
      Equation: "ElectronContinuityEquation"	RelError: 1.60393e-02	AbsError: 3.06250e+15
      Equation: "HoleContinuityEquation"	RelError: 1.77404e-02	AbsError: 1.34726e+11
      Equation: "PotentialEquation"	RelError: 2.37071e-04	AbsError: 6.22632e-05
    Region: "oxide"	RelError: 3.93453e-05	AbsError: 5.79866e-05
      Equation: "PotentialEquation"	RelError: 3.93453e-05	AbsError: 5.79866e-05
Iteration: 2
  Device: "part1_baseline"	RelError: 3.20375e-05	AbsError: 2.81732e+11
    Region: "bulk"	RelError: 3.20341e-05	AbsError: 2.81732e+11
      Equation: "ElectronContinuityEquation"	RelError: 2.62850e-06	AbsError: 2.81729e+11
      Equation: "HoleContinuityEquation"	RelError: 2.93575e-05	AbsError: 2.80336e+06
      Equation: "PotentialEquation"	RelError: 4.81259e-08	AbsError: 6.45664e-09
    Region: "oxide"	RelError: 3.39793e-09	AbsError: 5.30411e-09
      Equation: "PotentialEquation"	RelError: 3.39793e-09	AbsError: 5.30411e-09
Iteration: 3
  Device: "part1_baseline"	RelError: 2.72039e-13	AbsError: 3.81638e+03
    Region: "bulk"	RelError: 2.71963e-13	AbsError: 3.81638e+03
      Equation: "ElectronContinuityEquation"	RelError: 1.00467e-14	AbsError: 3.81621e+03
      Equation: "HoleContinuityEquation"	RelError: 2.60211e-13	AbsError: 1.65644e-01
      Equation: "PotentialEquation"	RelError: 1.70547e-15	AbsError: 1.12008e-16
    Region: "oxide"	RelError: 7.57742e-17	AbsError: 1.08336e-16
      Equation: "PotentialEquation"	RelError: 7.57742e-17	AbsError: 1.08336e-16
number of equations 6651
Iteration: 0
  Device: "part1_baseline"	RelError: 7.13375e-01	AbsError: 5.60736e+17
    Region: "bulk"	RelError: 7.00414e-01	AbsError: 5.60736e+17
      Equation: "ElectronContinuityEquation"	RelError: 1.64324e-01	AbsError: 5.60707e+17
      Equation: "HoleContinuityEquation"	RelError: 2.07047e-01	AbsError: 2.91606e+13
      Equation: "PotentialEquation"	RelError: 3.29044e-01	AbsError: 1.30430e-02
    Region: "oxide"	RelError: 1.29607e-02	AbsError: 2.00000e-02
      Equation: "PotentialEquation"	RelError: 1.29607e-02	AbsError: 2.00000e-02
Iteration: 1
  Device: "part1_baseline"	RelError: 3.33535e-02	AbsError: 3.09818e+15
    Region: "bulk"	RelError: 3.33155e-02	AbsError: 3.09818e+15
      Equation: "ElectronContinuityEquation"	RelError: 1.56000e-02	AbsError: 3.09805e+15
      Equation: "HoleContinuityEquation"	RelError: 1.73997e-02	AbsError: 1.33833e+11
      Equation: "PotentialEquation"	RelError: 3.15868e-04	AbsError: 6.26672e-05
    Region: "oxide"	RelError: 3.79519e-05	AbsError: 5.89119e-05
      Equation: "PotentialEquation"	RelError: 3.79519e-05	AbsError: 5.89119e-05
Iteration: 2
  Device: "part1_baseline"	RelError: 3.18453e-05	AbsError: 2.79923e+11
    Region: "bulk"	RelError: 3.18418e-05	AbsError: 2.79923e+11
      Equation: "ElectronContinuityEquation"	RelError: 2.40962e-06	AbsError: 2.79920e+11
      Equation: "HoleContinuityEquation"	RelError: 2.93744e-05	AbsError: 2.64795e+06
      Equation: "PotentialEquation"	RelError: 5.76958e-08	AbsError: 6.69400e-09
    Region: "oxide"	RelError: 3.55265e-09	AbsError: 5.59176e-09
      Equation: "PotentialEquation"	RelError: 3.55265e-09	AbsError: 5.59176e-09
Iteration: 3
  Device: "part1_baseline"	RelError: 2.63997e-13	AbsError: 3.79993e+03
    Region: "bulk"	RelError: 2.63918e-13	AbsError: 3.79993e+03
      Equation: "ElectronContinuityEquation"	RelError: 1.06676e-14	AbsError: 3.79977e+03
      Equation: "HoleContinuityEquation"	RelError: 2.51089e-13	AbsError: 1.67104e-01
      Equation: "PotentialEquation"	RelError: 2.16072e-15	AbsError: 1.15937e-16
    Region: "oxide"	RelError: 7.89311e-17	AbsError: 1.13779e-16
      Equation: "PotentialEquation"	RelError: 7.89311e-17	AbsError: 1.13779e-16
number of equations 6651
Iteration: 0
  Device: "part1_baseline"	RelError: 8.68327e-01	AbsError: 5.62284e+17
    Region: "bulk"	RelError: 8.55532e-01	AbsError: 5.62284e+17
      Equation: "ElectronContinuityEquation"	RelError: 1.62373e-01	AbsError: 5.62255e+17
      Equation: "HoleContinuityEquation"	RelError: 2.04382e-01	AbsError: 2.89785e+13
      Equation: "PotentialEquation"	RelError: 4.88777e-01	AbsError: 1.29249e-02
    Region: "oxide"	RelError: 1.27949e-02	AbsError: 2.00000e-02
      Equation: "PotentialEquation"	RelError: 1.27949e-02	AbsError: 2.00000e-02
Iteration: 1
  Device: "part1_baseline"	RelError: 3.27367e-02	AbsError: 3.12242e+15
    Region: "bulk"	RelError: 3.26990e-02	AbsError: 3.12242e+15
      Equation: "ElectronContinuityEquation"	RelError: 1.51704e-02	AbsError: 3.12229e+15
      Equation: "HoleContinuityEquation"	RelError: 1.70560e-02	AbsError: 1.32976e+11
      Equation: "PotentialEquation"	RelError: 4.72604e-04	AbsError: 6.28840e-05
    Region: "oxide"	RelError: 3.76277e-05	AbsError: 5.97090e-05
      Equation: "PotentialEquation"	RelError: 3.76277e-05	AbsError: 5.97090e-05
Iteration: 2
  Device: "part1_baseline"	RelError: 3.16400e-05	AbsError: 2.75264e+11
    Region: "bulk"	RelError: 3.16363e-05	AbsError: 2.75264e+11
      Equation: "ElectronContinuityEquation"	RelError: 2.20648e-06	AbsError: 2.75262e+11
      Equation: "HoleContinuityEquation"	RelError: 2.93554e-05	AbsError: 2.51813e+06
      Equation: "PotentialEquation"	RelError: 7.44569e-08	AbsError: 6.85670e-09
    Region: "oxide"	RelError: 3.67682e-09	AbsError: 5.83451e-09
      Equation: "PotentialEquation"	RelError: 3.67682e-09	AbsError: 5.83451e-09
Iteration: 3
  Device: "part1_baseline"	RelError: 2.57115e-13	AbsError: 3.70237e+03
    Region: "bulk"	RelError: 2.57035e-13	AbsError: 3.70237e+03
      Equation: "ElectronContinuityEquation"	RelError: 1.24382e-14	AbsError: 3.70220e+03
      Equation: "HoleContinuityEquation"	RelError: 2.41684e-13	AbsError: 1.67190e-01
      Equation: "PotentialEquation"	RelError: 2.91218e-15	AbsError: 1.18662e-16
    Region: "oxide"	RelError: 8.01997e-17	AbsError: 1.16542e-16
      Equation: "PotentialEquation"	RelError: 8.01997e-17	AbsError: 1.16542e-16
number of equations 6651
Iteration: 0
  Device: "part1_baseline"	RelError: 1.32632e+00	AbsError: 5.63761e+17
    Region: "bulk"	RelError: 1.31369e+00	AbsError: 5.63761e+17
      Equation: "ElectronContinuityEquation"	RelError: 1.60440e-01	AbsError: 5.63732e+17
      Equation: "HoleContinuityEquation"	RelError: 2.01649e-01	AbsError: 2.87952e+13
      Equation: "PotentialEquation"	RelError: 9.51597e-01	AbsError: 1.28053e-02
    Region: "oxide"	RelError: 1.26333e-02	AbsError: 2.00000e-02
      Equation: "PotentialEquation"	RelError: 1.26333e-02	AbsError: 2.00000e-02
Iteration: 1
  Device: "part1_baseline"	RelError: 3.24253e-02	AbsError: 3.13613e+15
    Region: "bulk"	RelError: 3.23876e-02	AbsError: 3.13613e+15
      Equation: "ElectronContinuityEquation"	RelError: 1.47506e-02	AbsError: 3.13600e+15
      Equation: "HoleContinuityEquation"	RelError: 1.67083e-02	AbsError: 1.32149e+11
      Equation: "PotentialEquation"	RelError: 9.28637e-04	AbsError: 6.29007e-05
    Region: "oxide"	RelError: 3.77358e-05	AbsError: 6.03614e-05
      Equation: "PotentialEquation"	RelError: 3.77358e-05	AbsError: 6.03614e-05
Iteration: 2
  Device: "part1_baseline"	RelError: 3.14284e-05	AbsError: 2.68250e+11
    Region: "bulk"	RelError: 3.14246e-05	AbsError: 2.68250e+11
      Equation: "ElectronContinuityEquation"	RelError: 2.01817e-06	AbsError: 2.68248e+11
      Equation: "HoleContinuityEquation"	RelError: 2.92967e-05	AbsError: 2.40557e+06
      Equation: "PotentialEquation"	RelError: 1.09770e-07	AbsError: 6.93402e-09
    Region: "oxide"	RelError: 3.76482e-09	AbsError: 6.02213e-09
      Equation: "PotentialEquation"	RelError: 3.76482e-09	AbsError: 6.02213e-09
Iteration: 3
  Device: "part1_baseline"	RelError: 2.49796e-13	AbsError: 3.53720e+03
    Region: "bulk"	RelError: 2.49717e-13	AbsError: 3.53720e+03
      Equation: "ElectronContinuityEquation"	RelError: 1.30567e-14	AbsError: 3.53703e+03
      Equation: "HoleContinuityEquation"	RelError: 2.31837e-13	AbsError: 1.65136e-01
      Equation: "PotentialEquation"	RelError: 4.82290e-15	AbsError: 1.19347e-16
    Region: "oxide"	RelError: 7.94920e-17	AbsError: 1.16432e-16
      Equation: "PotentialEquation"	RelError: 7.94920e-17	AbsError: 1.16432e-16
number of equations 6651
Iteration: 0
  Device: "part1_baseline"	RelError: 1.89215e+01	AbsError: 5.65171e+17
    Region: "bulk"	RelError: 1.89091e+01	AbsError: 5.65171e+17
      Equation: "ElectronContinuityEquation"	RelError: 1.58522e-01	AbsError: 5.65143e+17
      Equation: "HoleContinuityEquation"	RelError: 1.98844e-01	AbsError: 2.86109e+13
      Equation: "PotentialEquation"	RelError: 1.85517e+01	AbsError: 1.26844e-02
    Region: "oxide"	RelError: 1.24757e-02	AbsError: 2.00000e-02
      Equation: "PotentialEquation"	RelError: 1.24757e-02	AbsError: 2.00000e-02
Iteration: 1
  Device: "part1_baseline"	RelError: 4.87370e-02	AbsError: 3.14016e+15
    Region: "bulk"	RelError: 4.86992e-02	AbsError: 3.14016e+15
      Equation: "ElectronContinuityEquation"	RelError: 1.43407e-02	AbsError: 3.14003e+15
      Equation: "HoleContinuityEquation"	RelError: 1.63559e-02	AbsError: 1.31340e+11
      Equation: "PotentialEquation"	RelError: 1.80027e-02	AbsError: 6.27097e-05
    Region: "oxide"	RelError: 3.77470e-05	AbsError: 6.08558e-05
      Equation: "PotentialEquation"	RelError: 3.77470e-05	AbsError: 6.08558e-05
Iteration: 2
  Device: "part1_baseline"	RelError: 3.14170e-05	AbsError: 2.59347e+11
    Region: "bulk"	RelError: 3.14132e-05	AbsError: 2.59347e+11
      Equation: "ElectronContinuityEquation"	RelError: 1.84366e-06	AbsError: 2.59344e+11
      Equation: "HoleContinuityEquation"	RelError: 2.93418e-05	AbsError: 2.30251e+06
      Equation: "PotentialEquation"	RelError: 2.27709e-07	AbsError: 6.91958e-09
    Region: "oxide"	RelError: 3.81281e-09	AbsError: 6.14703e-09
      Equation: "PotentialEquation"	RelError: 3.81281e-09	AbsError: 6.14703e-09
Iteration: 3
  Device: "part1_baseline"	RelError: 3.24649e-13	AbsError: 3.31840e+03
    Region: "bulk"	RelError: 3.24572e-13	AbsError: 3.31840e+03
      Equation: "ElectronContinuityEquation"	RelError: 1.25810e-14	AbsError: 3.31824e+03
      Equation: "HoleContinuityEquation"	RelError: 2.21385e-13	AbsError: 1.60603e-01
      Equation: "PotentialEquation"	RelError: 9.06064e-14	AbsError: 1.20012e-16
    Region: "oxide"	RelError: 7.69263e-17	AbsError: 1.13556e-16
      Equation: "PotentialEquation"	RelError: 7.69263e-17	AbsError: 1.13556e-16
number of equations 6651
Iteration: 0
  Device: "part1_baseline"	RelError: 7.59051e+00	AbsError: 5.66519e+17
    Region: "bulk"	RelError: 7.57819e+00	AbsError: 5.66519e+17
      Equation: "ElectronContinuityEquation"	RelError: 1.56619e-01	AbsError: 5.66490e+17
      Equation: "HoleContinuityEquation"	RelError: 1.95960e-01	AbsError: 2.84254e+13
      Equation: "PotentialEquation"	RelError: 7.22561e+00	AbsError: 1.25626e-02
    Region: "oxide"	RelError: 1.23219e-02	AbsError: 2.00000e-02
      Equation: "PotentialEquation"	RelError: 1.23219e-02	AbsError: 2.00000e-02
Iteration: 1
  Device: "part1_baseline"	RelError: 3.73938e-02	AbsError: 3.13538e+15
    Region: "bulk"	RelError: 3.73562e-02	AbsError: 3.13538e+15
      Equation: "ElectronContinuityEquation"	RelError: 1.39408e-02	AbsError: 3.13525e+15
      Equation: "HoleContinuityEquation"	RelError: 1.59980e-02	AbsError: 1.30544e+11
      Equation: "PotentialEquation"	RelError: 7.41744e-03	AbsError: 6.23089e-05
    Region: "oxide"	RelError: 3.76576e-05	AbsError: 6.11824e-05
      Equation: "PotentialEquation"	RelError: 3.76576e-05	AbsError: 6.11824e-05
Iteration: 2
  Device: "part1_baseline"	RelError: 3.26509e-05	AbsError: 2.48978e+11
    Region: "bulk"	RelError: 3.26471e-05	AbsError: 2.48978e+11
      Equation: "ElectronContinuityEquation"	RelError: 1.68181e-06	AbsError: 2.48976e+11
      Equation: "HoleContinuityEquation"	RelError: 2.95952e-05	AbsError: 2.20225e+06
      Equation: "PotentialEquation"	RelError: 1.37009e-06	AbsError: 6.81181e-09
    Region: "oxide"	RelError: 3.81898e-09	AbsError: 6.20470e-09
      Equation: "PotentialEquation"	RelError: 3.81898e-09	AbsError: 6.20470e-09
Iteration: 3
  Device: "part1_baseline"	RelError: 2.77137e-13	AbsError: 3.06011e+03
    Region: "bulk"	RelError: 2.77064e-13	AbsError: 3.06011e+03
      Equation: "ElectronContinuityEquation"	RelError: 1.11935e-14	AbsError: 3.05995e+03
      Equation: "HoleContinuityEquation"	RelError: 2.10184e-13	AbsError: 1.53618e-01
      Equation: "PotentialEquation"	RelError: 5.56869e-14	AbsError: 1.17433e-16
    Region: "oxide"	RelError: 7.27814e-17	AbsError: 1.08263e-16
      Equation: "PotentialEquation"	RelError: 7.27814e-17	AbsError: 1.08263e-16
number of equations 6651
Iteration: 0
  Device: "part1_baseline"	RelError: 1.84820e+00	AbsError: 5.67807e+17
    Region: "bulk"	RelError: 1.83603e+00	AbsError: 5.67807e+17
      Equation: "ElectronContinuityEquation"	RelError: 1.54731e-01	AbsError: 5.67779e+17
      Equation: "HoleContinuityEquation"	RelError: 1.92996e-01	AbsError: 2.82387e+13
      Equation: "PotentialEquation"	RelError: 1.48830e+00	AbsError: 1.24401e-02
    Region: "oxide"	RelError: 1.21720e-02	AbsError: 2.00000e-02
      Equation: "PotentialEquation"	RelError: 1.21720e-02	AbsError: 2.00000e-02
Iteration: 1
  Device: "part1_baseline"	RelError: 3.08353e-02	AbsError: 3.12268e+15
    Region: "bulk"	RelError: 3.07978e-02	AbsError: 3.12268e+15
      Equation: "ElectronContinuityEquation"	RelError: 1.35513e-02	AbsError: 3.12255e+15
      Equation: "HoleContinuityEquation"	RelError: 1.56340e-02	AbsError: 1.29752e+11
      Equation: "PotentialEquation"	RelError: 1.61246e-03	AbsError: 6.17024e-05
    Region: "oxide"	RelError: 3.74667e-05	AbsError: 6.13361e-05
      Equation: "PotentialEquation"	RelError: 3.74667e-05	AbsError: 6.13361e-05
Iteration: 2
  Device: "part1_baseline"	RelError: 3.14997e-05	AbsError: 2.37522e+11
    Region: "bulk"	RelError: 3.14959e-05	AbsError: 2.37522e+11
      Equation: "ElectronContinuityEquation"	RelError: 1.53138e-06	AbsError: 2.37520e+11
      Equation: "HoleContinuityEquation"	RelError: 2.98056e-05	AbsError: 2.09942e+06
      Equation: "PotentialEquation"	RelError: 1.58902e-07	AbsError: 6.61396e-09
    Region: "oxide"	RelError: 3.78349e-09	AbsError: 6.19388e-09
      Equation: "PotentialEquation"	RelError: 3.78349e-09	AbsError: 6.19388e-09
Iteration: 3
  Device: "part1_baseline"	RelError: 2.15607e-13	AbsError: 2.77642e+03
    Region: "bulk"	RelError: 2.15540e-13	AbsError: 2.77642e+03
      Equation: "ElectronContinuityEquation"	RelError: 9.16222e-15	AbsError: 2.77628e+03
      Equation: "HoleContinuityEquation"	RelError: 1.98124e-13	AbsError: 1.44502e-01
      Equation: "PotentialEquation"	RelError: 8.25389e-15	AbsError: 1.11736e-16
    Region: "oxide"	RelError: 6.74435e-17	AbsError: 1.01082e-16
      Equation: "PotentialEquation"	RelError: 6.74435e-17	AbsError: 1.01082e-16
number of equations 6651
Iteration: 0
  Device: "part1_baseline"	RelError: 3.42664e+00	AbsError: 5.69039e+17
    Region: "bulk"	RelError: 3.41461e+00	AbsError: 5.69039e+17
      Equation: "ElectronContinuityEquation"	RelError: 1.52860e-01	AbsError: 5.69011e+17
      Equation: "HoleContinuityEquation"	RelError: 1.89950e-01	AbsError: 2.80507e+13
      Equation: "PotentialEquation"	RelError: 3.07180e+00	AbsError: 1.23175e-02
    Region: "oxide"	RelError: 1.20256e-02	AbsError: 2.00000e-02
      Equation: "PotentialEquation"	RelError: 1.20256e-02	AbsError: 2.00000e-02
Iteration: 1
  Device: "part1_baseline"	RelError: 3.18848e-02	AbsError: 3.10291e+15
    Region: "bulk"	RelError: 3.18477e-02	AbsError: 3.10291e+15
      Equation: "ElectronContinuityEquation"	RelError: 1.31728e-02	AbsError: 3.10278e+15
      Equation: "HoleContinuityEquation"	RelError: 1.52637e-02	AbsError: 1.29228e+11
      Equation: "PotentialEquation"	RelError: 3.41121e-03	AbsError: 6.13163e-05
    Region: "oxide"	RelError: 3.71763e-05	AbsError: 6.13163e-05
      Equation: "PotentialEquation"	RelError: 3.71763e-05	AbsError: 6.13163e-05
Iteration: 2
  Device: "part1_baseline"	RelError: 3.16387e-05	AbsError: 2.25311e+11
    Region: "bulk"	RelError: 3.16350e-05	AbsError: 2.25311e+11
      Equation: "ElectronContinuityEquation"	RelError: 1.39105e-06	AbsError: 2.25309e+11
      Equation: "HoleContinuityEquation"	RelError: 2.99674e-05	AbsError: 1.99027e+06
      Equation: "PotentialEquation"	RelError: 2.76629e-07	AbsError: 6.33375e-09
    Region: "oxide"	RelError: 3.70839e-09	AbsError: 6.11639e-09
      Equation: "PotentialEquation"	RelError: 3.70839e-09	AbsError: 6.11639e-09
Iteration: 3
  Device: "part1_baseline"	RelError: 2.09792e-13	AbsError: 2.48109e+03
    Region: "bulk"	RelError: 2.09730e-13	AbsError: 2.48109e+03
      Equation: "ElectronContinuityEquation"	RelError: 6.79190e-15	AbsError: 2.48096e+03
      Equation: "HoleContinuityEquation"	RelError: 1.85776e-13	AbsError: 1.33811e-01
      Equation: "PotentialEquation"	RelError: 1.71626e-14	AbsError: 1.03781e-16
    Region: "oxide"	RelError: 6.13530e-17	AbsError: 9.29691e-17
      Equation: "PotentialEquation"	RelError: 6.13530e-17	AbsError: 9.29691e-17
number of equations 6651
Iteration: 0
  Device: "part1_baseline"	RelError: 1.79477e+02	AbsError: 5.70218e+17
    Region: "bulk"	RelError: 1.79465e+02	AbsError: 5.70218e+17
      Equation: "ElectronContinuityEquation"	RelError: 1.51007e-01	AbsError: 5.70190e+17
      Equation: "HoleContinuityEquation"	RelError: 1.86822e-01	AbsError: 2.78615e+13
      Equation: "PotentialEquation"	RelError: 1.79127e+02	AbsError: 1.21949e-02
    Region: "oxide"	RelError: 1.18827e-02	AbsError: 2.00000e-02
      Equation: "PotentialEquation"	RelError: 1.18827e-02	AbsError: 2.00000e-02
Iteration: 1
  Device: "part1_baseline"	RelError: 1.92273e-01	AbsError: 3.07694e+15
    Region: "bulk"	RelError: 1.92236e-01	AbsError: 3.07694e+15
      Equation: "ElectronContinuityEquation"	RelError: 1.28054e-02	AbsError: 3.07681e+15
      Equation: "HoleContinuityEquation"	RelError: 1.48868e-02	AbsError: 1.28930e+11
      Equation: "PotentialEquation"	RelError: 1.64544e-01	AbsError: 6.11276e-05
    Region: "oxide"	RelError: 3.67912e-05	AbsError: 6.11276e-05
      Equation: "PotentialEquation"	RelError: 3.67912e-05	AbsError: 6.11276e-05
Iteration: 2
  Device: "part1_baseline"	RelError: 3.55711e-05	AbsError: 2.19351e+11
    Region: "bulk"	RelError: 3.55675e-05	AbsError: 2.19351e+11
      Equation: "ElectronContinuityEquation"	RelError: 1.25947e-06	AbsError: 2.19349e+11
      Equation: "HoleContinuityEquation"	RelError: 3.00752e-05	AbsError: 1.87262e+06
      Equation: "PotentialEquation"	RelError: 4.23285e-06	AbsError: 5.98258e-09
    Region: "oxide"	RelError: 3.59731e-09	AbsError: 5.97683e-09
      Equation: "PotentialEquation"	RelError: 3.59731e-09	AbsError: 5.97683e-09
Iteration: 3
  Device: "part1_baseline"	RelError: 8.22552e-13	AbsError: 2.18702e+03
    Region: "bulk"	RelError: 8.22497e-13	AbsError: 2.18702e+03
      Equation: "ElectronContinuityEquation"	RelError: 5.95370e-15	AbsError: 2.18689e+03
      Equation: "HoleContinuityEquation"	RelError: 1.74512e-13	AbsError: 1.22221e-01
      Equation: "PotentialEquation"	RelError: 6.42031e-13	AbsError: 9.71463e-17
    Region: "oxide"	RelError: 5.49502e-17	AbsError: 8.82417e-17
      Equation: "PotentialEquation"	RelError: 5.49502e-17	AbsError: 8.82417e-17
number of equations 6651
Iteration: 0
  Device: "part1_baseline"	RelError: 1.35127e+00	AbsError: 5.71346e+17
    Region: "bulk"	RelError: 1.33953e+00	AbsError: 5.71346e+17
      Equation: "ElectronContinuityEquation"	RelError: 1.49174e-01	AbsError: 5.71318e+17
      Equation: "HoleContinuityEquation"	RelError: 1.83615e-01	AbsError: 2.76711e+13
      Equation: "PotentialEquation"	RelError: 1.00674e+00	AbsError: 1.21156e-02
    Region: "oxide"	RelError: 1.17431e-02	AbsError: 2.00000e-02
      Equation: "PotentialEquation"	RelError: 1.17431e-02	AbsError: 2.00000e-02
Iteration: 1
  Device: "part1_baseline"	RelError: 2.81178e-02	AbsError: 3.04557e+15
    Region: "bulk"	RelError: 2.80815e-02	AbsError: 3.04557e+15
      Equation: "ElectronContinuityEquation"	RelError: 1.24495e-02	AbsError: 3.04545e+15
      Equation: "HoleContinuityEquation"	RelError: 1.45034e-02	AbsError: 1.28619e+11
      Equation: "PotentialEquation"	RelError: 1.12855e-03	AbsError: 6.07795e-05
    Region: "oxide"	RelError: 3.63191e-05	AbsError: 6.07795e-05
      Equation: "PotentialEquation"	RelError: 3.63191e-05	AbsError: 6.07795e-05
Iteration: 2
  Device: "part1_baseline"	RelError: 3.13121e-05	AbsError: 2.54016e+11
    Region: "bulk"	RelError: 3.13086e-05	AbsError: 2.54016e+11
      Equation: "ElectronContinuityEquation"	RelError: 1.13527e-06	AbsError: 2.54014e+11
      Equation: "HoleContinuityEquation"	RelError: 3.01249e-05	AbsError: 1.74582e+06
      Equation: "PotentialEquation"	RelError: 4.84776e-08	AbsError: 5.78204e-09
    Region: "oxide"	RelError: 3.45509e-09	AbsError: 5.78204e-09
      Equation: "PotentialEquation"	RelError: 3.45509e-09	AbsError: 5.78204e-09
Iteration: 3
  Device: "part1_baseline"	RelError: 1.72512e-13	AbsError: 2.67978e+03
    Region: "bulk"	RelError: 1.72462e-13	AbsError: 2.67978e+03
      Equation: "ElectronContinuityEquation"	RelError: 6.29948e-15	AbsError: 2.67967e+03
      Equation: "HoleContinuityEquation"	RelError: 1.62238e-13	AbsError: 1.10415e-01
      Equation: "PotentialEquation"	RelError: 3.92514e-15	AbsError: 9.03164e-17
    Region: "oxide"	RelError: 4.98761e-17	AbsError: 8.34669e-17
      Equation: "PotentialEquation"	RelError: 4.98761e-17	AbsError: 8.34669e-17
number of equations 6651
Iteration: 0
  Device: "part1_baseline"	RelError: 8.42111e-01	AbsError: 5.72427e+17
    Region: "bulk"	RelError: 8.30505e-01	AbsError: 5.72427e+17
      Equation: "ElectronContinuityEquation"	RelError: 1.47362e-01	AbsError: 5.72400e+17
      Equation: "HoleContinuityEquation"	RelError: 1.81743e-01	AbsError: 2.74795e+13
      Equation: "PotentialEquation"	RelError: 5.01400e-01	AbsError: 1.20509e-02
    Region: "oxide"	RelError: 1.16068e-02	AbsError: 2.00000e-02
      Equation: "PotentialEquation"	RelError: 1.16068e-02	AbsError: 2.00000e-02
Iteration: 1
  Device: "part1_baseline"	RelError: 2.68269e-02	AbsError: 3.00963e+15
    Region: "bulk"	RelError: 2.67911e-02	AbsError: 3.00963e+15
      Equation: "ElectronContinuityEquation"	RelError: 1.21050e-02	AbsError: 3.00950e+15
      Equation: "HoleContinuityEquation"	RelError: 1.41138e-02	AbsError: 1.28296e+11
      Equation: "PotentialEquation"	RelError: 5.72337e-04	AbsError: 6.02859e-05
    Region: "oxide"	RelError: 3.57700e-05	AbsError: 6.02859e-05
      Equation: "PotentialEquation"	RelError: 3.57700e-05	AbsError: 6.02859e-05
Iteration: 2
  Device: "part1_baseline"	RelError: 3.11625e-05	AbsError: 2.85797e+11
    Region: "bulk"	RelError: 3.11592e-05	AbsError: 2.85797e+11
      Equation: "ElectronContinuityEquation"	RelError: 1.01713e-06	AbsError: 2.85796e+11
      Equation: "HoleContinuityEquation"	RelError: 3.01136e-05	AbsError: 1.61055e+06
      Equation: "PotentialEquation"	RelError: 2.84756e-08	AbsError: 5.54051e-09
    Region: "oxide"	RelError: 3.28741e-09	AbsError: 5.54051e-09
      Equation: "PotentialEquation"	RelError: 3.28741e-09	AbsError: 5.54051e-09
Iteration: 3
  Device: "part1_baseline"	RelError: 1.57932e-13	AbsError: 3.42672e+03
    Region: "bulk"	RelError: 1.57885e-13	AbsError: 3.42672e+03
      Equation: "ElectronContinuityEquation"	RelError: 7.10206e-15	AbsError: 3.42662e+03
      Equation: "HoleContinuityEquation"	RelError: 1.49023e-13	AbsError: 9.90027e-02
      Equation: "PotentialEquation"	RelError: 1.76034e-15	AbsError: 8.31919e-17
    Region: "oxide"	RelError: 4.69259e-17	AbsError: 7.90878e-17
      Equation: "PotentialEquation"	RelError: 4.69259e-17	AbsError: 7.90878e-17
number of equations 6651
Iteration: 0
  Device: "part1_baseline"	RelError: 6.72237e-01	AbsError: 5.73463e+17
    Region: "bulk"	RelError: 6.60763e-01	AbsError: 5.73463e+17
      Equation: "ElectronContinuityEquation"	RelError: 1.46315e-01	AbsError: 5.73436e+17
      Equation: "HoleContinuityEquation"	RelError: 1.80875e-01	AbsError: 2.72868e+13
      Equation: "PotentialEquation"	RelError: 3.33573e-01	AbsError: 1.19839e-02
    Region: "oxide"	RelError: 1.14737e-02	AbsError: 2.00000e-02
      Equation: "PotentialEquation"	RelError: 1.14737e-02	AbsError: 2.00000e-02
Iteration: 1
  Device: "part1_baseline"	RelError: 2.59133e-02	AbsError: 2.96987e+15
    Region: "bulk"	RelError: 2.58781e-02	AbsError: 2.96987e+15
      Equation: "ElectronContinuityEquation"	RelError: 1.17717e-02	AbsError: 2.96974e+15
      Equation: "HoleContinuityEquation"	RelError: 1.37183e-02	AbsError: 1.27962e+11
      Equation: "PotentialEquation"	RelError: 3.88047e-04	AbsError: 5.96650e-05
    Region: "oxide"	RelError: 3.51561e-05	AbsError: 5.96650e-05
      Equation: "PotentialEquation"	RelError: 3.51561e-05	AbsError: 5.96650e-05
Iteration: 2
  Device: "part1_baseline"	RelError: 3.09695e-05	AbsError: 3.13735e+11
    Region: "bulk"	RelError: 3.09664e-05	AbsError: 3.13735e+11
      Equation: "ElectronContinuityEquation"	RelError: 9.03798e-07	AbsError: 3.13733e+11
      Equation: "HoleContinuityEquation"	RelError: 3.00403e-05	AbsError: 1.46859e+06
      Equation: "PotentialEquation"	RelError: 2.22836e-08	AbsError: 5.26175e-09
    Region: "oxide"	RelError: 3.10035e-09	AbsError: 5.26175e-09
      Equation: "PotentialEquation"	RelError: 3.10035e-09	AbsError: 5.26175e-09
Iteration: 3
  Device: "part1_baseline"	RelError: 1.43589e-13	AbsError: 4.10110e+03
    Region: "bulk"	RelError: 1.43545e-13	AbsError: 4.10110e+03
      Equation: "ElectronContinuityEquation"	RelError: 7.52289e-15	AbsError: 4.10102e+03
      Equation: "HoleContinuityEquation"	RelError: 1.34970e-13	AbsError: 8.84670e-02
      Equation: "PotentialEquation"	RelError: 1.05148e-15	AbsError: 7.61254e-17
    Region: "oxide"	RelError: 4.43905e-17	AbsError: 7.53371e-17
      Equation: "PotentialEquation"	RelError: 4.43905e-17	AbsError: 7.53371e-17
number of equations 6651
Iteration: 0
  Device: "part1_baseline"	RelError: 5.87016e-01	AbsError: 5.74456e+17
    Region: "bulk"	RelError: 5.75672e-01	AbsError: 5.74456e+17
      Equation: "ElectronContinuityEquation"	RelError: 1.45890e-01	AbsError: 5.74429e+17
      Equation: "HoleContinuityEquation"	RelError: 1.80012e-01	AbsError: 2.70928e+13
      Equation: "PotentialEquation"	RelError: 2.49770e-01	AbsError: 1.19144e-02
    Region: "oxide"	RelError: 1.13435e-02	AbsError: 2.00000e-02
      Equation: "PotentialEquation"	RelError: 1.13435e-02	AbsError: 2.00000e-02
Iteration: 1
  Device: "part1_baseline"	RelError: 2.50978e-02	AbsError: 2.92995e+15
    Region: "bulk"	RelError: 2.50633e-02	AbsError: 2.92995e+15
      Equation: "ElectronContinuityEquation"	RelError: 1.14493e-02	AbsError: 2.92982e+15
      Equation: "HoleContinuityEquation"	RelError: 1.33177e-02	AbsError: 1.27621e+11
      Equation: "PotentialEquation"	RelError: 2.96310e-04	AbsError: 5.89382e-05
    Region: "oxide"	RelError: 3.44910e-05	AbsError: 5.89382e-05
      Equation: "PotentialEquation"	RelError: 3.44910e-05	AbsError: 5.89382e-05
Iteration: 2
  Device: "part1_baseline"	RelError: 3.07207e-05	AbsError: 3.37070e+11
    Region: "bulk"	RelError: 3.07178e-05	AbsError: 3.37070e+11
      Equation: "ElectronContinuityEquation"	RelError: 7.94100e-07	AbsError: 3.37069e+11
      Equation: "HoleContinuityEquation"	RelError: 2.99059e-05	AbsError: 1.32250e+06
      Equation: "PotentialEquation"	RelError: 1.78014e-08	AbsError: 4.95573e-09
    Region: "oxide"	RelError: 2.90012e-09	AbsError: 4.95573e-09
      Equation: "PotentialEquation"	RelError: 2.90012e-09	AbsError: 4.95573e-09
Iteration: 3
  Device: "part1_baseline"	RelError: 1.28556e-13	AbsError: 4.65255e+03
    Region: "bulk"	RelError: 1.28513e-13	AbsError: 4.65255e+03
      Equation: "ElectronContinuityEquation"	RelError: 7.58252e-15	AbsError: 4.65247e+03
      Equation: "HoleContinuityEquation"	RelError: 1.20201e-13	AbsError: 7.91211e-02
      Equation: "PotentialEquation"	RelError: 7.29726e-16	AbsError: 7.22539e-17
    Region: "oxide"	RelError: 4.22834e-17	AbsError: 7.22539e-17
      Equation: "PotentialEquation"	RelError: 4.22834e-17	AbsError: 7.22539e-17
number of equations 6651
Iteration: 0
  Device: "part1_baseline"	RelError: 5.35239e-01	AbsError: 5.75409e+17
    Region: "bulk"	RelError: 5.24022e-01	AbsError: 5.75409e+17
      Equation: "ElectronContinuityEquation"	RelError: 1.45351e-01	AbsError: 5.75382e+17
      Equation: "HoleContinuityEquation"	RelError: 1.79152e-01	AbsError: 2.68977e+13
      Equation: "PotentialEquation"	RelError: 1.99519e-01	AbsError: 1.18424e-02
    Region: "oxide"	RelError: 1.12163e-02	AbsError: 2.00000e-02
      Equation: "PotentialEquation"	RelError: 1.12163e-02	AbsError: 2.00000e-02
Iteration: 1
  Device: "part1_baseline"	RelError: 2.44960e-02	AbsError: 3.03071e+15
    Region: "bulk"	RelError: 2.44623e-02	AbsError: 3.03071e+15
      Equation: "ElectronContinuityEquation"	RelError: 1.11369e-02	AbsError: 3.03059e+15
      Equation: "HoleContinuityEquation"	RelError: 1.30838e-02	AbsError: 1.27279e+11
      Equation: "PotentialEquation"	RelError: 2.41568e-04	AbsError: 5.81298e-05
    Region: "oxide"	RelError: 3.37898e-05	AbsError: 5.81298e-05
      Equation: "PotentialEquation"	RelError: 3.37898e-05	AbsError: 5.81298e-05
Iteration: 2
  Device: "part1_baseline"	RelError: 3.06025e-05	AbsError: 3.55292e+11
    Region: "bulk"	RelError: 3.05998e-05	AbsError: 3.55292e+11
      Equation: "ElectronContinuityEquation"	RelError: 6.87007e-07	AbsError: 3.55291e+11
      Equation: "HoleContinuityEquation"	RelError: 2.98983e-05	AbsError: 1.17535e+06
      Equation: "PotentialEquation"	RelError: 1.44195e-08	AbsError: 4.63236e-09
    Region: "oxide"	RelError: 2.69271e-09	AbsError: 4.63236e-09
      Equation: "PotentialEquation"	RelError: 2.69271e-09	AbsError: 4.63236e-09
Iteration: 3
  Device: "part1_baseline"	RelError: 1.12753e-13	AbsError: 5.04489e+03
    Region: "bulk"	RelError: 1.12712e-13	AbsError: 5.04489e+03
      Equation: "ElectronContinuityEquation"	RelError: 7.33244e-15	AbsError: 5.04482e+03
      Equation: "HoleContinuityEquation"	RelError: 1.04838e-13	AbsError: 7.11229e-02
      Equation: "PotentialEquation"	RelError: 5.42093e-16	AbsError: 6.97380e-17
    Region: "oxide"	RelError: 4.05374e-17	AbsError: 6.97380e-17
      Equation: "PotentialEquation"	RelError: 4.05374e-17	AbsError: 6.97380e-17
number of equations 6651
Iteration: 0
  Device: "part1_baseline"	RelError: 5.35642e-01	AbsError: 5.76324e+17
    Region: "bulk"	RelError: 5.24550e-01	AbsError: 5.76324e+17
      Equation: "ElectronContinuityEquation"	RelError: 1.44689e-01	AbsError: 5.76297e+17
      Equation: "HoleContinuityEquation"	RelError: 1.78292e-01	AbsError: 2.67014e+13
      Equation: "PotentialEquation"	RelError: 2.01569e-01	AbsError: 1.17675e-02
    Region: "oxide"	RelError: 1.10919e-02	AbsError: 2.00000e-02
      Equation: "PotentialEquation"	RelError: 1.10919e-02	AbsError: 2.00000e-02
Iteration: 1
  Device: "part1_baseline"	RelError: 2.40698e-02	AbsError: 3.11866e+15
    Region: "bulk"	RelError: 2.40367e-02	AbsError: 3.11866e+15
      Equation: "ElectronContinuityEquation"	RelError: 1.08336e-02	AbsError: 3.11853e+15
      Equation: "HoleContinuityEquation"	RelError: 1.29757e-02	AbsError: 1.26942e+11
      Equation: "PotentialEquation"	RelError: 2.27454e-04	AbsError: 5.72656e-05
    Region: "oxide"	RelError: 3.30679e-05	AbsError: 5.72656e-05
      Equation: "PotentialEquation"	RelError: 3.30679e-05	AbsError: 5.72656e-05
Iteration: 2
  Device: "part1_baseline"	RelError: 3.05272e-05	AbsError: 3.68152e+11
    Region: "bulk"	RelError: 3.05247e-05	AbsError: 3.68152e+11
      Equation: "ElectronContinuityEquation"	RelError: 6.49393e-07	AbsError: 3.68151e+11
      Equation: "HoleContinuityEquation"	RelError: 2.98635e-05	AbsError: 1.03052e+06
      Equation: "PotentialEquation"	RelError: 1.17975e-08	AbsError: 4.31482e-09
    Region: "oxide"	RelError: 2.48371e-09	AbsError: 4.30118e-09
      Equation: "PotentialEquation"	RelError: 2.48371e-09	AbsError: 4.30118e-09
Iteration: 3
  Device: "part1_baseline"	RelError: 9.62892e-14	AbsError: 5.26013e+03
    Region: "bulk"	RelError: 9.62501e-14	AbsError: 5.26013e+03
      Equation: "ElectronContinuityEquation"	RelError: 6.84345e-15	AbsError: 5.26006e+03
      Equation: "HoleContinuityEquation"	RelError: 8.89873e-14	AbsError: 6.45077e-02
      Equation: "PotentialEquation"	RelError: 4.19336e-16	AbsError: 6.76241e-17
    Region: "oxide"	RelError: 3.90494e-17	AbsError: 6.76241e-17
      Equation: "PotentialEquation"	RelError: 3.90494e-17	AbsError: 6.76241e-17
number of equations 6651
Iteration: 0
  Device: "part1_baseline"	RelError: 5.83964e-01	AbsError: 5.77203e+17
    Region: "bulk"	RelError: 5.72994e-01	AbsError: 5.77203e+17
      Equation: "ElectronContinuityEquation"	RelError: 1.43895e-01	AbsError: 5.77176e+17
      Equation: "HoleContinuityEquation"	RelError: 1.77430e-01	AbsError: 2.65039e+13
      Equation: "PotentialEquation"	RelError: 2.51668e-01	AbsError: 1.16897e-02
    Region: "oxide"	RelError: 1.09702e-02	AbsError: 2.00000e-02
      Equation: "PotentialEquation"	RelError: 1.09702e-02	AbsError: 2.00000e-02
Iteration: 1
  Device: "part1_baseline"	RelError: 2.37295e-02	AbsError: 3.19358e+15
    Region: "bulk"	RelError: 2.36971e-02	AbsError: 3.19358e+15
      Equation: "ElectronContinuityEquation"	RelError: 1.05383e-02	AbsError: 3.19346e+15
      Equation: "HoleContinuityEquation"	RelError: 1.28684e-02	AbsError: 1.26620e+11
      Equation: "PotentialEquation"	RelError: 2.90398e-04	AbsError: 5.63728e-05
    Region: "oxide"	RelError: 3.23412e-05	AbsError: 5.63728e-05
      Equation: "PotentialEquation"	RelError: 3.23412e-05	AbsError: 5.63728e-05
Iteration: 2
  Device: "part1_baseline"	RelError: 3.04594e-05	AbsError: 3.75665e+11
    Region: "bulk"	RelError: 3.04571e-05	AbsError: 3.75665e+11
      Equation: "ElectronContinuityEquation"	RelError: 6.50244e-07	AbsError: 3.75664e+11
      Equation: "HoleContinuityEquation"	RelError: 2.97972e-05	AbsError: 8.91451e+05
      Equation: "PotentialEquation"	RelError: 9.73055e-09	AbsError: 4.09661e-09
    Region: "oxide"	RelError: 2.27819e-09	AbsError: 3.97102e-09
      Equation: "PotentialEquation"	RelError: 2.27819e-09	AbsError: 3.97102e-09
Iteration: 3
  Device: "part1_baseline"	RelError: 9.11494e-14	AbsError: 5.29918e+03
    Region: "bulk"	RelError: 9.11117e-14	AbsError: 5.29918e+03
      Equation: "ElectronContinuityEquation"	RelError: 6.19361e-15	AbsError: 5.29912e+03
      Equation: "HoleContinuityEquation"	RelError: 8.44396e-14	AbsError: 5.92247e-02
      Equation: "PotentialEquation"	RelError: 4.78479e-16	AbsError: 6.57490e-17
    Region: "oxide"	RelError: 3.77203e-17	AbsError: 6.57490e-17
      Equation: "PotentialEquation"	RelError: 3.77203e-17	AbsError: 6.57490e-17
number of equations 6651
Iteration: 0
  Device: "part1_baseline"	RelError: 6.65512e-01	AbsError: 5.78047e+17
    Region: "bulk"	RelError: 6.54661e-01	AbsError: 5.78047e+17
      Equation: "ElectronContinuityEquation"	RelError: 1.42961e-01	AbsError: 5.78021e+17
      Equation: "HoleContinuityEquation"	RelError: 1.76565e-01	AbsError: 2.63051e+13
      Equation: "PotentialEquation"	RelError: 3.35136e-01	AbsError: 1.16088e-02
    Region: "oxide"	RelError: 1.08512e-02	AbsError: 2.00000e-02
      Equation: "PotentialEquation"	RelError: 1.08512e-02	AbsError: 2.00000e-02
Iteration: 1
  Device: "part1_baseline"	RelError: 2.34391e-02	AbsError: 3.25564e+15
    Region: "bulk"	RelError: 2.34074e-02	AbsError: 3.25564e+15
      Equation: "ElectronContinuityEquation"	RelError: 1.02496e-02	AbsError: 3.25552e+15
      Equation: "HoleContinuityEquation"	RelError: 1.27618e-02	AbsError: 1.26320e+11
      Equation: "PotentialEquation"	RelError: 3.96026e-04	AbsError: 5.54789e-05
    Region: "oxide"	RelError: 3.16252e-05	AbsError: 5.54789e-05
      Equation: "PotentialEquation"	RelError: 3.16252e-05	AbsError: 5.54789e-05
Iteration: 2
  Device: "part1_baseline"	RelError: 3.03873e-05	AbsError: 3.78081e+11
    Region: "bulk"	RelError: 3.03852e-05	AbsError: 3.78081e+11
      Equation: "ElectronContinuityEquation"	RelError: 6.73392e-07	AbsError: 3.78080e+11
      Equation: "HoleContinuityEquation"	RelError: 2.97037e-05	AbsError: 7.61484e+05
      Equation: "PotentialEquation"	RelError: 8.08733e-09	AbsError: 3.87958e-09
    Region: "oxide"	RelError: 2.08058e-09	AbsError: 3.64988e-09
      Equation: "PotentialEquation"	RelError: 2.08058e-09	AbsError: 3.64988e-09
Iteration: 3
  Device: "part1_baseline"	RelError: 9.54892e-14	AbsError: 5.17963e+03
    Region: "bulk"	RelError: 9.54527e-14	AbsError: 5.17963e+03
      Equation: "ElectronContinuityEquation"	RelError: 5.45793e-15	AbsError: 5.17958e+03
      Equation: "HoleContinuityEquation"	RelError: 8.93965e-14	AbsError: 5.51766e-02
      Equation: "PotentialEquation"	RelError: 5.98344e-16	AbsError: 6.40014e-17
    Region: "oxide"	RelError: 3.64834e-17	AbsError: 6.40014e-17
      Equation: "PotentialEquation"	RelError: 3.64834e-17	AbsError: 6.40014e-17
number of equations 6651
Iteration: 0
  Device: "part1_baseline"	RelError: 8.30272e-01	AbsError: 5.78859e+17
    Region: "bulk"	RelError: 8.19538e-01	AbsError: 5.78859e+17
      Equation: "ElectronContinuityEquation"	RelError: 1.41875e-01	AbsError: 5.78833e+17
      Equation: "HoleContinuityEquation"	RelError: 1.75693e-01	AbsError: 2.61051e+13
      Equation: "PotentialEquation"	RelError: 5.01971e-01	AbsError: 1.15244e-02
    Region: "oxide"	RelError: 1.07347e-02	AbsError: 2.00000e-02
      Equation: "PotentialEquation"	RelError: 1.07347e-02	AbsError: 2.00000e-02
Iteration: 1
  Device: "part1_baseline"	RelError: 2.32610e-02	AbsError: 3.30533e+15
    Region: "bulk"	RelError: 2.32301e-02	AbsError: 3.30533e+15
      Equation: "ElectronContinuityEquation"	RelError: 9.96600e-03	AbsError: 3.30521e+15
      Equation: "HoleContinuityEquation"	RelError: 1.26556e-02	AbsError: 1.26054e+11
      Equation: "PotentialEquation"	RelError: 6.08486e-04	AbsError: 5.46107e-05
    Region: "oxide"	RelError: 3.09348e-05	AbsError: 5.46107e-05
      Equation: "PotentialEquation"	RelError: 3.09348e-05	AbsError: 5.46107e-05
Iteration: 2
  Device: "part1_baseline"	RelError: 3.02934e-05	AbsError: 3.75852e+11
    Region: "bulk"	RelError: 3.02915e-05	AbsError: 3.75852e+11
      Equation: "ElectronContinuityEquation"	RelError: 6.96950e-07	AbsError: 3.75851e+11
      Equation: "HoleContinuityEquation"	RelError: 2.95866e-05	AbsError: 6.43781e+05
      Equation: "PotentialEquation"	RelError: 7.97396e-09	AbsError: 3.66914e-09
    Region: "oxide"	RelError: 1.89469e-09	AbsError: 3.34479e-09
      Equation: "PotentialEquation"	RelError: 1.89469e-09	AbsError: 3.34479e-09
Iteration: 3
  Device: "part1_baseline"	RelError: 9.91711e-14	AbsError: 4.93131e+03
    Region: "bulk"	RelError: 9.91358e-14	AbsError: 4.93131e+03
      Equation: "ElectronContinuityEquation"	RelError: 4.70091e-15	AbsError: 4.93126e+03
      Equation: "HoleContinuityEquation"	RelError: 9.35789e-14	AbsError: 5.22717e-02
      Equation: "PotentialEquation"	RelError: 8.55981e-16	AbsError: 6.23460e-17
    Region: "oxide"	RelError: 3.53166e-17	AbsError: 6.23460e-17
      Equation: "PotentialEquation"	RelError: 3.53166e-17	AbsError: 6.23460e-17
number of equations 6651
Iteration: 0
  Device: "part1_baseline"	RelError: 1.32783e+00	AbsError: 5.79640e+17
    Region: "bulk"	RelError: 1.31721e+00	AbsError: 5.79640e+17
      Equation: "ElectronContinuityEquation"	RelError: 1.40627e-01	AbsError: 5.79614e+17
      Equation: "HoleContinuityEquation"	RelError: 1.74812e-01	AbsError: 2.59036e+13
      Equation: "PotentialEquation"	RelError: 1.00177e+00	AbsError: 1.14364e-02
    Region: "oxide"	RelError: 1.06207e-02	AbsError: 2.00000e-02
      Equation: "PotentialEquation"	RelError: 1.06207e-02	AbsError: 2.00000e-02
Iteration: 1
  Device: "part1_baseline"	RelError: 2.35136e-02	AbsError: 3.34345e+15
    Region: "bulk"	RelError: 2.34833e-02	AbsError: 3.34345e+15
      Equation: "ElectronContinuityEquation"	RelError: 9.68603e-03	AbsError: 3.34332e+15
      Equation: "HoleContinuityEquation"	RelError: 1.25496e-02	AbsError: 1.25829e+11
      Equation: "PotentialEquation"	RelError: 1.24771e-03	AbsError: 5.37943e-05
    Region: "oxide"	RelError: 3.02840e-05	AbsError: 5.37943e-05
      Equation: "PotentialEquation"	RelError: 3.02840e-05	AbsError: 5.37943e-05
Iteration: 2
  Device: "part1_baseline"	RelError: 3.01883e-05	AbsError: 3.69577e+11
    Region: "bulk"	RelError: 3.01865e-05	AbsError: 3.69577e+11
      Equation: "ElectronContinuityEquation"	RelError: 7.21052e-07	AbsError: 3.69577e+11
      Equation: "HoleContinuityEquation"	RelError: 2.94478e-05	AbsError: 5.41236e+05
      Equation: "PotentialEquation"	RelError: 1.76422e-08	AbsError: 3.94902e-09
    Region: "oxide"	RelError: 1.72370e-09	AbsError: 3.26201e-09
      Equation: "PotentialEquation"	RelError: 1.72370e-09	AbsError: 3.26201e-09
Iteration: 3
  Device: "part1_baseline"	RelError: 1.11506e-13	AbsError: 4.59093e+03
    Region: "bulk"	RelError: 1.11471e-13	AbsError: 4.59093e+03
      Equation: "ElectronContinuityEquation"	RelError: 3.97251e-15	AbsError: 4.59088e+03
      Equation: "HoleContinuityEquation"	RelError: 1.05838e-13	AbsError: 5.04512e-02
      Equation: "PotentialEquation"	RelError: 1.66063e-15	AbsError: 6.08228e-17
    Region: "oxide"	RelError: 3.42408e-17	AbsError: 6.08228e-17
      Equation: "PotentialEquation"	RelError: 3.42408e-17	AbsError: 6.08228e-17
number of equations 6651
Iteration: 0
  Device: "part1_baseline"	RelError: 5.03669e+02	AbsError: 5.80392e+17
    Region: "bulk"	RelError: 5.03659e+02	AbsError: 5.80392e+17
      Equation: "ElectronContinuityEquation"	RelError: 1.39207e-01	AbsError: 5.80366e+17
      Equation: "HoleContinuityEquation"	RelError: 1.73921e-01	AbsError: 2.57006e+13
      Equation: "PotentialEquation"	RelError: 5.03346e+02	AbsError: 1.13446e-02
    Region: "oxide"	RelError: 1.05091e-02	AbsError: 2.00000e-02
      Equation: "PotentialEquation"	RelError: 1.05091e-02	AbsError: 2.00000e-02
Iteration: 1
  Device: "part1_baseline"	RelError: 4.14655e-01	AbsError: 3.37101e+15
    Region: "bulk"	RelError: 4.14625e-01	AbsError: 3.37101e+15
      Equation: "ElectronContinuityEquation"	RelError: 9.40817e-03	AbsError: 3.37089e+15
      Equation: "HoleContinuityEquation"	RelError: 1.24434e-02	AbsError: 1.25658e+11
      Equation: "PotentialEquation"	RelError: 3.92774e-01	AbsError: 5.30540e-05
    Region: "oxide"	RelError: 2.96856e-05	AbsError: 5.30540e-05
      Equation: "PotentialEquation"	RelError: 2.96856e-05	AbsError: 5.30540e-05
Iteration: 2
  Device: "part1_baseline"	RelError: 3.58181e-05	AbsError: 3.59958e+11
    Region: "bulk"	RelError: 3.58163e-05	AbsError: 3.59958e+11
      Equation: "ElectronContinuityEquation"	RelError: 7.45802e-07	AbsError: 3.59957e+11
      Equation: "HoleContinuityEquation"	RelError: 2.92877e-05	AbsError: 5.10852e+05
      Equation: "PotentialEquation"	RelError: 5.78283e-06	AbsError: 4.30349e-09
    Region: "oxide"	RelError: 1.81467e-09	AbsError: 3.59914e-09
      Equation: "PotentialEquation"	RelError: 1.81467e-09	AbsError: 3.59914e-09
Iteration: 3
  Device: "part1_baseline"	RelError: 6.27684e-13	AbsError: 4.19679e+03
    Region: "bulk"	RelError: 6.27651e-13	AbsError: 4.19679e+03
      Equation: "ElectronContinuityEquation"	RelError: 4.71651e-15	AbsError: 4.19674e+03
      Equation: "HoleContinuityEquation"	RelError: 1.19922e-13	AbsError: 4.96756e-02
      Equation: "PotentialEquation"	RelError: 5.03012e-13	AbsError: 5.95347e-17
    Region: "oxide"	RelError: 3.33118e-17	AbsError: 5.95347e-17
      Equation: "PotentialEquation"	RelError: 3.33118e-17	AbsError: 5.95347e-17
number of equations 6651
Iteration: 0
  Device: "part1_baseline"	RelError: 1.32431e+00	AbsError: 5.81117e+17
    Region: "bulk"	RelError: 1.31391e+00	AbsError: 5.81117e+17
      Equation: "ElectronContinuityEquation"	RelError: 1.37604e-01	AbsError: 5.81091e+17
      Equation: "HoleContinuityEquation"	RelError: 1.73017e-01	AbsError: 2.54960e+13
      Equation: "PotentialEquation"	RelError: 1.00329e+00	AbsError: 1.12486e-02
    Region: "oxide"	RelError: 1.03998e-02	AbsError: 2.00000e-02
      Equation: "PotentialEquation"	RelError: 1.03998e-02	AbsError: 2.00000e-02
Iteration: 1
  Device: "part1_baseline"	RelError: 2.28306e-02	AbsError: 3.38926e+15
    Region: "bulk"	RelError: 2.28015e-02	AbsError: 3.38926e+15
      Equation: "ElectronContinuityEquation"	RelError: 9.13096e-03	AbsError: 3.38913e+15
      Equation: "HoleContinuityEquation"	RelError: 1.23369e-02	AbsError: 1.25547e+11
      Equation: "PotentialEquation"	RelError: 1.33365e-03	AbsError: 5.24121e-05
    Region: "oxide"	RelError: 2.91508e-05	AbsError: 5.24121e-05
      Equation: "PotentialEquation"	RelError: 2.91508e-05	AbsError: 5.24121e-05
Iteration: 2
  Device: "part1_baseline"	RelError: 2.98970e-05	AbsError: 3.47741e+11
    Region: "bulk"	RelError: 2.98950e-05	AbsError: 3.47741e+11
      Equation: "ElectronContinuityEquation"	RelError: 7.71260e-07	AbsError: 3.47740e+11
      Equation: "HoleContinuityEquation"	RelError: 2.91040e-05	AbsError: 5.38437e+05
      Equation: "PotentialEquation"	RelError: 1.97555e-08	AbsError: 4.69216e-09
    Region: "oxide"	RelError: 1.99547e-09	AbsError: 3.98007e-09
      Equation: "PotentialEquation"	RelError: 1.99547e-09	AbsError: 3.98007e-09
Iteration: 3
  Device: "part1_baseline"	RelError: 1.41936e-13	AbsError: 3.78454e+03
    Region: "bulk"	RelError: 1.41904e-13	AbsError: 3.78454e+03
      Equation: "ElectronContinuityEquation"	RelError: 6.01465e-15	AbsError: 3.78449e+03
      Equation: "HoleContinuityEquation"	RelError: 1.34217e-13	AbsError: 4.99032e-02
      Equation: "PotentialEquation"	RelError: 1.67205e-15	AbsError: 5.86236e-17
    Region: "oxide"	RelError: 3.26055e-17	AbsError: 5.86236e-17
      Equation: "PotentialEquation"	RelError: 3.26055e-17	AbsError: 5.86236e-17
number of equations 6651
Iteration: 0
  Device: "part1_baseline"	RelError: 8.20118e-01	AbsError: 5.81815e+17
    Region: "bulk"	RelError: 8.09825e-01	AbsError: 5.81815e+17
      Equation: "ElectronContinuityEquation"	RelError: 1.37242e-01	AbsError: 5.81790e+17
      Equation: "HoleContinuityEquation"	RelError: 1.72097e-01	AbsError: 2.52896e+13
      Equation: "PotentialEquation"	RelError: 5.00486e-01	AbsError: 1.11484e-02
    Region: "oxide"	RelError: 1.02927e-02	AbsError: 2.00000e-02
      Equation: "PotentialEquation"	RelError: 1.02927e-02	AbsError: 2.00000e-02
Iteration: 1
  Device: "part1_baseline"	RelError: 2.18002e-02	AbsError: 3.39953e+15
    Region: "bulk"	RelError: 2.17715e-02	AbsError: 3.39953e+15
      Equation: "ElectronContinuityEquation"	RelError: 8.85309e-03	AbsError: 3.39940e+15
      Equation: "HoleContinuityEquation"	RelError: 1.22298e-02	AbsError: 1.25505e+11
      Equation: "PotentialEquation"	RelError: 6.88606e-04	AbsError: 5.42500e-05
    Region: "oxide"	RelError: 2.86896e-05	AbsError: 5.20205e-05
      Equation: "PotentialEquation"	RelError: 2.86896e-05	AbsError: 5.20205e-05
Iteration: 2
  Device: "part1_baseline"	RelError: 2.97021e-05	AbsError: 3.33677e+11
    Region: "bulk"	RelError: 2.96999e-05	AbsError: 3.33677e+11
      Equation: "ElectronContinuityEquation"	RelError: 7.97429e-07	AbsError: 3.33676e+11
      Equation: "HoleContinuityEquation"	RelError: 2.88925e-05	AbsError: 5.61941e+05
      Equation: "PotentialEquation"	RelError: 9.90560e-09	AbsError: 5.11503e-09
    Region: "oxide"	RelError: 2.19761e-09	AbsError: 4.40764e-09
      Equation: "PotentialEquation"	RelError: 2.19761e-09	AbsError: 4.40764e-09
Iteration: 3
  Device: "part1_baseline"	RelError: 1.57075e-13	AbsError: 3.38424e+03
    Region: "bulk"	RelError: 1.57043e-13	AbsError: 3.38424e+03
      Equation: "ElectronContinuityEquation"	RelError: 7.23566e-15	AbsError: 3.38419e+03
      Equation: "HoleContinuityEquation"	RelError: 1.48948e-13	AbsError: 5.11451e-02
      Equation: "PotentialEquation"	RelError: 8.59701e-16	AbsError: 5.82495e-17
    Region: "oxide"	RelError: 3.22065e-17	AbsError: 5.82495e-17
      Equation: "PotentialEquation"	RelError: 3.22065e-17	AbsError: 5.82495e-17
number of equations 6651
Iteration: 0
  Device: "part1_baseline"	RelError: 6.64170e-01	AbsError: 5.82490e+17
    Region: "bulk"	RelError: 6.53982e-01	AbsError: 5.82490e+17
      Equation: "ElectronContinuityEquation"	RelError: 1.37040e-01	AbsError: 5.82465e+17
      Equation: "HoleContinuityEquation"	RelError: 1.71159e-01	AbsError: 2.50812e+13
      Equation: "PotentialEquation"	RelError: 3.45783e-01	AbsError: 1.10436e-02
    Region: "oxide"	RelError: 1.01879e-02	AbsError: 2.00000e-02
      Equation: "PotentialEquation"	RelError: 1.01879e-02	AbsError: 2.00000e-02
Iteration: 1
  Device: "part1_baseline"	RelError: 2.13201e-02	AbsError: 3.40325e+15
    Region: "bulk"	RelError: 2.12918e-02	AbsError: 3.40325e+15
      Equation: "ElectronContinuityEquation"	RelError: 8.57344e-03	AbsError: 3.40312e+15
      Equation: "HoleContinuityEquation"	RelError: 1.21218e-02	AbsError: 1.25541e+11
      Equation: "PotentialEquation"	RelError: 5.96586e-04	AbsError: 5.62097e-05
    Region: "oxide"	RelError: 2.83100e-05	AbsError: 5.43944e-05
      Equation: "PotentialEquation"	RelError: 2.83100e-05	AbsError: 5.43944e-05
Iteration: 2
  Device: "part1_baseline"	RelError: 2.94857e-05	AbsError: 3.18485e+11
    Region: "bulk"	RelError: 2.94832e-05	AbsError: 3.18485e+11
      Equation: "ElectronContinuityEquation"	RelError: 8.24245e-07	AbsError: 3.18484e+11
      Equation: "HoleContinuityEquation"	RelError: 2.86466e-05	AbsError: 5.81335e+05
      Equation: "PotentialEquation"	RelError: 1.23816e-08	AbsError: 5.57200e-09
    Region: "oxide"	RelError: 2.42220e-09	AbsError: 4.88470e-09
      Equation: "PotentialEquation"	RelError: 2.42220e-09	AbsError: 4.88470e-09
Iteration: 3
  Device: "part1_baseline"	RelError: 1.73577e-13	AbsError: 3.01907e+03
    Region: "bulk"	RelError: 1.73545e-13	AbsError: 3.01907e+03
      Equation: "ElectronContinuityEquation"	RelError: 8.31295e-15	AbsError: 3.01902e+03
      Equation: "HoleContinuityEquation"	RelError: 1.64342e-13	AbsError: 5.34820e-02
      Equation: "PotentialEquation"	RelError: 8.90057e-16	AbsError: 6.13961e-17
    Region: "oxide"	RelError: 3.21989e-17	AbsError: 5.85758e-17
      Equation: "PotentialEquation"	RelError: 3.21989e-17	AbsError: 5.85758e-17
Adding 652 nodes
Adding 1544 edges with 0 duplicates removed
Adding 892 triangles  with 0 duplicate removed
Adding 2196 nodes
Adding 6395 edges with 0 duplicates removed
Adding 4200 triangles  with 0 duplicate removed
Adding 105 nodes
Adding 264 edges with 0 duplicates removed
Adding 160 triangles  with 0 duplicate removed
Adding 63 nodes
Adding 142 edges with 0 duplicates removed
Adding 80 triangles  with 0 duplicate removed
Contact body in region bulk with 61 nodes
Contact drain in region bulk with 21 nodes
Contact gate in region oxide with 21 nodes
Contact source in region bulk with 21 nodes
Adding interface bulk_oxide with 19, 19 nodes
Replacing Node Model DrainDoping in region bulk of material Silicon
Replacing Node Model NetDoping in region bulk of material Silicon
Replacing Node Model SourceDoping in region bulk of material Silicon
Replacing Node Model gatenodemodel in region oxide of material Oxide
number of equations 2259
Iteration: 0
  Device: "part1_baseline"	RelError: 2.00000e+00	AbsError: 2.02943e-01
    Region: "bulk"	RelError: 1.00000e+00	AbsError: 2.02943e-01
      Equation: "PotentialEquation"	RelError: 1.00000e+00	AbsError: 2.02943e-01
    Region: "oxide"	RelError: 1.00000e+00	AbsError: 1.32426e-01
      Equation: "PotentialEquation"	RelError: 1.00000e+00	AbsError: 1.32426e-01
Iteration: 1
  Device: "part1_baseline"	RelError: 9.97546e-01	AbsError: 2.02496e-01
    Region: "bulk"	RelError: 4.99586e-01	AbsError: 2.02496e-01
      Equation: "PotentialEquation"	RelError: 4.99586e-01	AbsError: 2.02496e-01
    Region: "oxide"	RelError: 4.97960e-01	AbsError: 1.31350e-01
      Equation: "PotentialEquation"	RelError: 4.97960e-01	AbsError: 1.31350e-01
Iteration: 2
  Device: "part1_baseline"	RelError: 2.93681e+00	AbsError: 1.49376e-01
    Region: "bulk"	RelError: 5.36317e-01	AbsError: 1.49376e-01
      Equation: "PotentialEquation"	RelError: 5.36317e-01	AbsError: 1.49376e-01
    Region: "oxide"	RelError: 2.40050e+00	AbsError: 8.55526e-02
      Equation: "PotentialEquation"	RelError: 2.40050e+00	AbsError: 8.55526e-02
Iteration: 3
  Device: "part1_baseline"	RelError: 5.28143e+01	AbsError: 8.08443e-02
    Region: "bulk"	RelError: 1.15734e+00	AbsError: 8.08443e-02
      Equation: "PotentialEquation"	RelError: 1.15734e+00	AbsError: 8.08443e-02
    Region: "oxide"	RelError: 5.16570e+01	AbsError: 5.70157e-02
      Equation: "PotentialEquation"	RelError: 5.16570e+01	AbsError: 5.70157e-02
Iteration: 4
  Device: "part1_baseline"	RelError: 5.70345e+01	AbsError: 7.96551e-02
    Region: "bulk"	RelError: 5.42046e+01	AbsError: 7.96551e-02
      Equation: "PotentialEquation"	RelError: 5.42046e+01	AbsError: 7.96551e-02
    Region: "oxide"	RelError: 2.82987e+00	AbsError: 5.45113e-02
      Equation: "PotentialEquation"	RelError: 2.82987e+00	AbsError: 5.45113e-02
Iteration: 5
  Device: "part1_baseline"	RelError: 1.66077e+02	AbsError: 7.85406e-02
    Region: "bulk"	RelError: 1.08230e+02	AbsError: 7.85406e-02
      Equation: "PotentialEquation"	RelError: 1.08230e+02	AbsError: 7.85406e-02
    Region: "oxide"	RelError: 5.78470e+01	AbsError: 5.00632e-02
      Equation: "PotentialEquation"	RelError: 5.78470e+01	AbsError: 5.00632e-02
Iteration: 6
  Device: "part1_baseline"	RelError: 1.77376e+03	AbsError: 7.69417e-02
    Region: "bulk"	RelError: 1.74498e+03	AbsError: 7.69417e-02
      Equation: "PotentialEquation"	RelError: 1.74498e+03	AbsError: 7.69417e-02
    Region: "oxide"	RelError: 2.87790e+01	AbsError: 4.41922e-02
      Equation: "PotentialEquation"	RelError: 2.87790e+01	AbsError: 4.41922e-02
Iteration: 7
  Device: "part1_baseline"	RelError: 3.46144e+02	AbsError: 7.45767e-02
    Region: "bulk"	RelError: 3.42992e+02	AbsError: 7.45767e-02
      Equation: "PotentialEquation"	RelError: 3.42992e+02	AbsError: 7.45767e-02
    Region: "oxide"	RelError: 3.15193e+00	AbsError: 3.65722e-02
      Equation: "PotentialEquation"	RelError: 3.15193e+00	AbsError: 3.65722e-02
Iteration: 8
  Device: "part1_baseline"	RelError: 3.39044e+01	AbsError: 7.09147e-02
    Region: "bulk"	RelError: 2.75881e+01	AbsError: 7.09147e-02
      Equation: "PotentialEquation"	RelError: 2.75881e+01	AbsError: 7.09147e-02
    Region: "oxide"	RelError: 6.31632e+00	AbsError: 2.67943e-02
      Equation: "PotentialEquation"	RelError: 6.31632e+00	AbsError: 2.67943e-02
Iteration: 9
  Device: "part1_baseline"	RelError: 5.80020e+01	AbsError: 6.50361e-02
    Region: "bulk"	RelError: 5.63961e+01	AbsError: 6.50361e-02
      Equation: "PotentialEquation"	RelError: 5.63961e+01	AbsError: 6.50361e-02
    Region: "oxide"	RelError: 1.60591e+00	AbsError: 2.07822e-02
      Equation: "PotentialEquation"	RelError: 1.60591e+00	AbsError: 2.07822e-02
Iteration: 10
  Device: "part1_baseline"	RelError: 3.33493e+01	AbsError: 5.23112e-02
    Region: "bulk"	RelError: 3.32377e+01	AbsError: 5.23112e-02
      Equation: "PotentialEquation"	RelError: 3.32377e+01	AbsError: 5.23112e-02
    Region: "oxide"	RelError: 1.11636e-01	AbsError: 2.31048e-03
      Equation: "PotentialEquation"	RelError: 1.11636e-01	AbsError: 2.31048e-03
Iteration: 11
  Device: "part1_baseline"	RelError: 6.47436e+00	AbsError: 3.99276e-02
    Region: "bulk"	RelError: 6.30586e+00	AbsError: 3.99276e-02
      Equation: "PotentialEquation"	RelError: 6.30586e+00	AbsError: 3.99276e-02
    Region: "oxide"	RelError: 1.68501e-01	AbsError: 2.77213e-03
      Equation: "PotentialEquation"	RelError: 1.68501e-01	AbsError: 2.77213e-03
Iteration: 12
  Device: "part1_baseline"	RelError: 1.41560e+01	AbsError: 2.58971e-02
    Region: "bulk"	RelError: 1.41119e+01	AbsError: 2.58971e-02
      Equation: "PotentialEquation"	RelError: 1.41119e+01	AbsError: 2.58971e-02
    Region: "oxide"	RelError: 4.40823e-02	AbsError: 6.63097e-04
      Equation: "PotentialEquation"	RelError: 4.40823e-02	AbsError: 6.63097e-04
Iteration: 13
  Device: "part1_baseline"	RelError: 1.60645e+00	AbsError: 8.97053e-03
    Region: "bulk"	RelError: 1.60219e+00	AbsError: 8.97053e-03
      Equation: "PotentialEquation"	RelError: 1.60219e+00	AbsError: 8.97053e-03
    Region: "oxide"	RelError: 4.26242e-03	AbsError: 5.95612e-05
      Equation: "PotentialEquation"	RelError: 4.26242e-03	AbsError: 5.95612e-05
Iteration: 14
  Device: "part1_baseline"	RelError: 6.14043e-02	AbsError: 3.54916e-04
    Region: "bulk"	RelError: 6.13290e-02	AbsError: 3.54916e-04
      Equation: "PotentialEquation"	RelError: 6.13290e-02	AbsError: 3.54916e-04
    Region: "oxide"	RelError: 7.52797e-05	AbsError: 8.38544e-07
      Equation: "PotentialEquation"	RelError: 7.52797e-05	AbsError: 8.38544e-07
Iteration: 15
  Device: "part1_baseline"	RelError: 9.66058e-05	AbsError: 9.67592e-07
    Region: "bulk"	RelError: 9.65366e-05	AbsError: 9.67592e-07
      Equation: "PotentialEquation"	RelError: 9.65366e-05	AbsError: 9.67592e-07
    Region: "oxide"	RelError: 6.91272e-08	AbsError: 6.15656e-10
      Equation: "PotentialEquation"	RelError: 6.91272e-08	AbsError: 6.15656e-10
Iteration: 16
  Device: "part1_baseline"	RelError: 4.70539e-10	AbsError: 7.50021e-12
    Region: "bulk"	RelError: 4.70255e-10	AbsError: 7.50021e-12
      Equation: "PotentialEquation"	RelError: 4.70255e-10	AbsError: 7.50021e-12
    Region: "oxide"	RelError: 2.83213e-13	AbsError: 2.40249e-15
      Equation: "PotentialEquation"	RelError: 2.83213e-13	AbsError: 2.40249e-15
Iteration: 17
  Device: "part1_baseline"	RelError: 2.01372e-20	AbsError: 4.73489e-22
    Region: "bulk"	RelError: 2.01256e-20	AbsError: 4.73489e-22
      Equation: "PotentialEquation"	RelError: 2.01256e-20	AbsError: 4.73489e-22
    Region: "oxide"	RelError: 1.15668e-23	AbsError: 9.74677e-26
      Equation: "PotentialEquation"	RelError: 1.15668e-23	AbsError: 9.74677e-26
Warning: Replacing equation with equation of the same name.
Region: bulk, Equation: PotentialEquation, Variable: Potential
number of equations 6651
Iteration: 0
  Device: "part1_baseline"	RelError: 4.25381e-29	AbsError: 1.43898e-13
    Region: "bulk"	RelError: 4.25326e-29	AbsError: 1.43898e-13
      Equation: "ElectronContinuityEquation"	RelError: 1.53444e-29	AbsError: 1.43885e-13
      Equation: "HoleContinuityEquation"	RelError: 2.71246e-29	AbsError: 1.34132e-17
      Equation: "PotentialEquation"	RelError: 6.36082e-32	AbsError: 2.59670e-34
    Region: "oxide"	RelError: 5.45970e-33	AbsError: 3.54958e-35
      Equation: "PotentialEquation"	RelError: 5.45970e-33	AbsError: 3.54958e-35
number of equations 6651
Iteration: 0
  Device: "part1_baseline"	RelError: 2.75866e+03	AbsError: 4.65776e+16
    Region: "bulk"	RelError: 2.75845e+03	AbsError: 4.65776e+16
      Equation: "ElectronContinuityEquation"	RelError: 9.99000e+02	AbsError: 4.40579e+16
      Equation: "HoleContinuityEquation"	RelError: 1.24371e+03	AbsError: 2.51973e+15
      Equation: "PotentialEquation"	RelError: 5.15739e+02	AbsError: 4.09542e-02
    Region: "oxide"	RelError: 2.13217e-01	AbsError: 4.15694e-03
      Equation: "PotentialEquation"	RelError: 2.13217e-01	AbsError: 4.15694e-03
Iteration: 1
  Device: "part1_baseline"	RelError: 7.20805e+00	AbsError: 2.29131e+15
    Region: "bulk"	RelError: 7.19376e+00	AbsError: 2.29131e+15
      Equation: "ElectronContinuityEquation"	RelError: 9.98723e-01	AbsError: 1.65120e+15
      Equation: "HoleContinuityEquation"	RelError: 9.98677e-01	AbsError: 6.40116e+14
      Equation: "PotentialEquation"	RelError: 5.19637e+00	AbsError: 3.07632e-02
    Region: "oxide"	RelError: 1.42843e-02	AbsError: 3.56256e-04
      Equation: "PotentialEquation"	RelError: 1.42843e-02	AbsError: 3.56256e-04
Iteration: 2
  Device: "part1_baseline"	RelError: 1.00766e+03	AbsError: 3.25740e+14
    Region: "bulk"	RelError: 1.00766e+03	AbsError: 3.25740e+14
      Equation: "ElectronContinuityEquation"	RelError: 9.99000e+02	AbsError: 1.99987e+14
      Equation: "HoleContinuityEquation"	RelError: 8.59733e+00	AbsError: 1.25753e+14
      Equation: "PotentialEquation"	RelError: 5.79586e-02	AbsError: 2.57711e-02
    Region: "oxide"	RelError: 1.53136e-03	AbsError: 3.98224e-05
      Equation: "PotentialEquation"	RelError: 1.53136e-03	AbsError: 3.98224e-05
Iteration: 3
  Device: "part1_baseline"	RelError: 1.50743e+00	AbsError: 4.34779e+13
    Region: "bulk"	RelError: 1.50729e+00	AbsError: 4.34779e+13
      Equation: "ElectronContinuityEquation"	RelError: 9.96973e-01	AbsError: 6.30551e+12
      Equation: "HoleContinuityEquation"	RelError: 4.90294e-01	AbsError: 3.71724e+13
      Equation: "PotentialEquation"	RelError: 2.00272e-02	AbsError: 9.16533e-03
    Region: "oxide"	RelError: 1.32588e-04	AbsError: 4.39777e-06
      Equation: "PotentialEquation"	RelError: 1.32588e-04	AbsError: 4.39777e-06
Iteration: 4
  Device: "part1_baseline"	RelError: 1.21741e-01	AbsError: 3.98629e+13
    Region: "bulk"	RelError: 1.21618e-01	AbsError: 3.98629e+13
      Equation: "ElectronContinuityEquation"	RelError: 1.04897e-01	AbsError: 2.63194e+13
      Equation: "HoleContinuityEquation"	RelError: 5.50151e-03	AbsError: 1.35435e+13
      Equation: "PotentialEquation"	RelError: 1.12201e-02	AbsError: 6.58897e-05
    Region: "oxide"	RelError: 1.23014e-04	AbsError: 2.30041e-06
      Equation: "PotentialEquation"	RelError: 1.23014e-04	AbsError: 2.30041e-06
Iteration: 5
  Device: "part1_baseline"	RelError: 3.31629e-05	AbsError: 4.83906e+09
    Region: "bulk"	RelError: 3.31622e-05	AbsError: 4.83906e+09
      Equation: "ElectronContinuityEquation"	RelError: 2.21385e-05	AbsError: 1.47926e+09
      Equation: "HoleContinuityEquation"	RelError: 9.62996e-06	AbsError: 3.35981e+09
      Equation: "PotentialEquation"	RelError: 1.39373e-06	AbsError: 1.25198e-08
    Region: "oxide"	RelError: 7.02510e-10	AbsError: 2.51974e-11
      Equation: "PotentialEquation"	RelError: 7.02510e-10	AbsError: 2.51974e-11
Iteration: 6
  Device: "part1_baseline"	RelError: 2.28800e-12	AbsError: 1.97435e+02
    Region: "bulk"	RelError: 2.28799e-12	AbsError: 1.97435e+02
      Equation: "ElectronContinuityEquation"	RelError: 5.11152e-13	AbsError: 6.58268e+01
      Equation: "HoleContinuityEquation"	RelError: 1.72910e-12	AbsError: 1.31608e+02
      Equation: "PotentialEquation"	RelError: 4.77365e-14	AbsError: 5.90124e-16
    Region: "oxide"	RelError: 1.19381e-17	AbsError: 1.64539e-19
      Equation: "PotentialEquation"	RelError: 1.19381e-17	AbsError: 1.64539e-19
number of equations 6651
Iteration: 0
  Device: "part1_baseline"	RelError: 2.56088e+03	AbsError: 4.34011e+16
    Region: "bulk"	RelError: 2.56071e+03	AbsError: 4.34011e+16
      Equation: "ElectronContinuityEquation"	RelError: 9.99000e+02	AbsError: 4.11948e+16
      Equation: "HoleContinuityEquation"	RelError: 1.47666e+03	AbsError: 2.20632e+15
      Equation: "PotentialEquation"	RelError: 8.50557e+01	AbsError: 4.09542e-02
    Region: "oxide"	RelError: 1.61494e-01	AbsError: 3.56587e-03
      Equation: "PotentialEquation"	RelError: 1.61494e-01	AbsError: 3.56587e-03
Iteration: 1
  Device: "part1_baseline"	RelError: 1.00360e+03	AbsError: 1.90725e+15
    Region: "bulk"	RelError: 1.00359e+03	AbsError: 1.90725e+15
      Equation: "ElectronContinuityEquation"	RelError: 9.99000e+02	AbsError: 1.32874e+15
      Equation: "HoleContinuityEquation"	RelError: 9.98661e-01	AbsError: 5.78514e+14
      Equation: "PotentialEquation"	RelError: 3.58908e+00	AbsError: 3.07632e-02
    Region: "oxide"	RelError: 8.16957e-03	AbsError: 2.14646e-04
      Equation: "PotentialEquation"	RelError: 8.16957e-03	AbsError: 2.14646e-04
Iteration: 2
  Device: "part1_baseline"	RelError: 1.16137e+01	AbsError: 2.46891e+14
    Region: "bulk"	RelError: 1.16128e+01	AbsError: 2.46891e+14
      Equation: "ElectronContinuityEquation"	RelError: 2.91200e+00	AbsError: 1.52479e+14
      Equation: "HoleContinuityEquation"	RelError: 8.65370e+00	AbsError: 9.44122e+13
      Equation: "PotentialEquation"	RelError: 4.71434e-02	AbsError: 2.57653e-02
    Region: "oxide"	RelError: 8.51373e-04	AbsError: 2.32861e-05
      Equation: "PotentialEquation"	RelError: 8.51373e-04	AbsError: 2.32861e-05
Iteration: 3
  Device: "part1_baseline"	RelError: 9.89454e-01	AbsError: 2.94601e+13
    Region: "bulk"	RelError: 9.89409e-01	AbsError: 2.94601e+13
      Equation: "ElectronContinuityEquation"	RelError: 4.70351e-01	AbsError: 3.53790e+12
      Equation: "HoleContinuityEquation"	RelError: 5.02623e-01	AbsError: 2.59222e+13
      Equation: "PotentialEquation"	RelError: 1.64358e-02	AbsError: 9.16533e-03
    Region: "oxide"	RelError: 4.48334e-05	AbsError: 1.85689e-06
      Equation: "PotentialEquation"	RelError: 4.48334e-05	AbsError: 1.85689e-06
Iteration: 4
  Device: "part1_baseline"	RelError: 1.77827e-02	AbsError: 4.15559e+13
    Region: "bulk"	RelError: 1.76787e-02	AbsError: 4.15559e+13
      Equation: "ElectronContinuityEquation"	RelError: 2.39623e-03	AbsError: 2.72749e+13
      Equation: "HoleContinuityEquation"	RelError: 7.39347e-03	AbsError: 1.42810e+13
      Equation: "PotentialEquation"	RelError: 7.88896e-03	AbsError: 6.63183e-05
    Region: "oxide"	RelError: 1.04058e-04	AbsError: 2.24589e-06
      Equation: "PotentialEquation"	RelError: 1.04058e-04	AbsError: 2.24589e-06
Iteration: 5
  Device: "part1_baseline"	RelError: 1.46804e-05	AbsError: 6.66414e+09
    Region: "bulk"	RelError: 1.46760e-05	AbsError: 6.66414e+09
      Equation: "ElectronContinuityEquation"	RelError: 1.11609e-06	AbsError: 2.02540e+09
      Equation: "HoleContinuityEquation"	RelError: 1.26751e-05	AbsError: 4.63873e+09
      Equation: "PotentialEquation"	RelError: 8.84742e-07	AbsError: 1.65049e-08
    Region: "oxide"	RelError: 4.39092e-09	AbsError: 6.03623e-11
      Equation: "PotentialEquation"	RelError: 4.39092e-09	AbsError: 6.03623e-11
Iteration: 6
  Device: "part1_baseline"	RelError: 2.93945e-12	AbsError: 5.46304e+02
    Region: "bulk"	RelError: 2.93935e-12	AbsError: 5.46304e+02
      Equation: "ElectronContinuityEquation"	RelError: 1.54269e-13	AbsError: 1.56093e+02
      Equation: "HoleContinuityEquation"	RelError: 2.73521e-12	AbsError: 3.90212e+02
      Equation: "PotentialEquation"	RelError: 4.98640e-14	AbsError: 1.43406e-15
    Region: "oxide"	RelError: 1.03502e-16	AbsError: 1.21434e-18
      Equation: "PotentialEquation"	RelError: 1.03502e-16	AbsError: 1.21434e-18
number of equations 6651
Iteration: 0
  Device: "part1_baseline"	RelError: 2.03618e+03	AbsError: 4.08363e+16
    Region: "bulk"	RelError: 2.03605e+03	AbsError: 4.08363e+16
      Equation: "ElectronContinuityEquation"	RelError: 9.99000e+02	AbsError: 3.88646e+16
      Equation: "HoleContinuityEquation"	RelError: 9.99000e+02	AbsError: 1.97174e+15
      Equation: "PotentialEquation"	RelError: 3.80502e+01	AbsError: 4.09542e-02
    Region: "oxide"	RelError: 1.29623e-01	AbsError: 3.19922e-03
      Equation: "PotentialEquation"	RelError: 1.29623e-01	AbsError: 3.19922e-03
Iteration: 1
  Device: "part1_baseline"	RelError: 1.00107e+03	AbsError: 1.56057e+15
    Region: "bulk"	RelError: 1.00107e+03	AbsError: 1.56057e+15
      Equation: "ElectronContinuityEquation"	RelError: 9.99000e+02	AbsError: 1.09075e+15
      Equation: "HoleContinuityEquation"	RelError: 9.98456e-01	AbsError: 4.69821e+14
      Equation: "PotentialEquation"	RelError: 1.06755e+00	AbsError: 3.07632e-02
    Region: "oxide"	RelError: 5.22522e-03	AbsError: 1.47702e-04
      Equation: "PotentialEquation"	RelError: 5.22522e-03	AbsError: 1.47702e-04
Iteration: 2
  Device: "part1_baseline"	RelError: 1.04806e+01	AbsError: 1.81214e+14
    Region: "bulk"	RelError: 1.04801e+01	AbsError: 1.81214e+14
      Equation: "ElectronContinuityEquation"	RelError: 9.99998e-01	AbsError: 1.15030e+14
      Equation: "HoleContinuityEquation"	RelError: 9.43988e+00	AbsError: 6.61843e+13
      Equation: "PotentialEquation"	RelError: 4.02430e-02	AbsError: 2.58799e-02
    Region: "oxide"	RelError: 5.04590e-04	AbsError: 1.46384e-05
      Equation: "PotentialEquation"	RelError: 5.04590e-04	AbsError: 1.46384e-05
Iteration: 3
  Device: "part1_baseline"	RelError: 7.90761e-01	AbsError: 3.01604e+13
    Region: "bulk"	RelError: 7.90755e-01	AbsError: 3.01604e+13
      Equation: "ElectronContinuityEquation"	RelError: 2.40692e-01	AbsError: 7.44909e+12
      Equation: "HoleContinuityEquation"	RelError: 5.36127e-01	AbsError: 2.27113e+13
      Equation: "PotentialEquation"	RelError: 1.39366e-02	AbsError: 9.16533e-03
    Region: "oxide"	RelError: 5.99539e-06	AbsError: 2.58896e-07
      Equation: "PotentialEquation"	RelError: 5.99539e-06	AbsError: 2.58896e-07
Iteration: 4
  Device: "part1_baseline"	RelError: 1.72626e-02	AbsError: 5.02033e+13
    Region: "bulk"	RelError: 1.71727e-02	AbsError: 5.02033e+13
      Equation: "ElectronContinuityEquation"	RelError: 4.37622e-03	AbsError: 2.78551e+13
      Equation: "HoleContinuityEquation"	RelError: 7.01106e-03	AbsError: 2.23482e+13
      Equation: "PotentialEquation"	RelError: 5.78541e-03	AbsError: 8.46521e-05
    Region: "oxide"	RelError: 8.99519e-05	AbsError: 2.16924e-06
      Equation: "PotentialEquation"	RelError: 8.99519e-05	AbsError: 2.16924e-06
Iteration: 5
  Device: "part1_baseline"	RelError: 1.37473e-05	AbsError: 2.19791e+10
    Region: "bulk"	RelError: 1.37377e-05	AbsError: 2.19791e+10
      Equation: "ElectronContinuityEquation"	RelError: 1.85705e-06	AbsError: 6.04111e+09
      Equation: "HoleContinuityEquation"	RelError: 1.11804e-05	AbsError: 1.59380e+10
      Equation: "PotentialEquation"	RelError: 7.00200e-07	AbsError: 6.31491e-08
    Region: "oxide"	RelError: 9.59468e-09	AbsError: 1.77064e-10
      Equation: "PotentialEquation"	RelError: 9.59468e-09	AbsError: 1.77064e-10
Iteration: 6
  Device: "part1_baseline"	RelError: 7.16654e-12	AbsError: 1.12293e+04
    Region: "bulk"	RelError: 7.16547e-12	AbsError: 1.12293e+04
      Equation: "ElectronContinuityEquation"	RelError: 1.50409e-12	AbsError: 2.80049e+03
      Equation: "HoleContinuityEquation"	RelError: 5.43999e-12	AbsError: 8.42876e+03
      Equation: "PotentialEquation"	RelError: 2.21384e-13	AbsError: 3.29484e-14
    Region: "oxide"	RelError: 1.07250e-15	AbsError: 1.62406e-17
      Equation: "PotentialEquation"	RelError: 1.07250e-15	AbsError: 1.62406e-17
number of equations 6651
Iteration: 0
  Device: "part1_baseline"	RelError: 2.01369e+03	AbsError: 3.87505e+16
    Region: "bulk"	RelError: 2.01358e+03	AbsError: 3.87505e+16
      Equation: "ElectronContinuityEquation"	RelError: 9.99000e+02	AbsError: 3.69305e+16
      Equation: "HoleContinuityEquation"	RelError: 9.99000e+02	AbsError: 1.81997e+15
      Equation: "PotentialEquation"	RelError: 1.55831e+01	AbsError: 4.09542e-02
    Region: "oxide"	RelError: 1.08136e-01	AbsError: 2.94160e-03
      Equation: "PotentialEquation"	RelError: 1.08136e-01	AbsError: 2.94160e-03
Iteration: 1
  Device: "part1_baseline"	RelError: 1.00034e+03	AbsError: 1.28264e+15
    Region: "bulk"	RelError: 1.00034e+03	AbsError: 1.28264e+15
      Equation: "ElectronContinuityEquation"	RelError: 9.99000e+02	AbsError: 9.03038e+14
      Equation: "HoleContinuityEquation"	RelError: 9.98553e-01	AbsError: 3.79598e+14
      Equation: "PotentialEquation"	RelError: 3.37472e-01	AbsError: 3.07632e-02
    Region: "oxide"	RelError: 3.57457e-03	AbsError: 1.09080e-04
      Equation: "PotentialEquation"	RelError: 3.57457e-03	AbsError: 1.09080e-04
Iteration: 2
  Device: "part1_baseline"	RelError: 9.77126e+00	AbsError: 1.38474e+14
    Region: "bulk"	RelError: 9.77094e+00	AbsError: 1.38474e+14
      Equation: "ElectronContinuityEquation"	RelError: 9.99998e-01	AbsError: 8.84238e+13
      Equation: "HoleContinuityEquation"	RelError: 8.73611e+00	AbsError: 5.00503e+13
      Equation: "PotentialEquation"	RelError: 3.48304e-02	AbsError: 2.58385e-02
    Region: "oxide"	RelError: 3.23049e-04	AbsError: 9.99878e-06
      Equation: "PotentialEquation"	RelError: 3.23049e-04	AbsError: 9.99878e-06
Iteration: 3
  Device: "part1_baseline"	RelError: 7.58344e-01	AbsError: 3.80041e+13
    Region: "bulk"	RelError: 7.58318e-01	AbsError: 3.80041e+13
      Equation: "ElectronContinuityEquation"	RelError: 2.07445e-01	AbsError: 1.22401e+13
      Equation: "HoleContinuityEquation"	RelError: 5.38776e-01	AbsError: 2.57639e+13
      Equation: "PotentialEquation"	RelError: 1.20971e-02	AbsError: 9.16533e-03
    Region: "oxide"	RelError: 2.57910e-05	AbsError: 5.00093e-07
      Equation: "PotentialEquation"	RelError: 2.57910e-05	AbsError: 5.00093e-07
Iteration: 4
  Device: "part1_baseline"	RelError: 3.06330e-02	AbsError: 5.69540e+13
    Region: "bulk"	RelError: 3.05482e-02	AbsError: 5.69540e+13
      Equation: "ElectronContinuityEquation"	RelError: 1.40684e-02	AbsError: 2.97667e+13
      Equation: "HoleContinuityEquation"	RelError: 8.20999e-03	AbsError: 2.71873e+13
      Equation: "PotentialEquation"	RelError: 8.26980e-03	AbsError: 9.27929e-05
    Region: "oxide"	RelError: 8.48317e-05	AbsError: 2.27097e-06
      Equation: "PotentialEquation"	RelError: 8.48317e-05	AbsError: 2.27097e-06
Iteration: 5
  Device: "part1_baseline"	RelError: 1.65546e-05	AbsError: 3.26045e+10
    Region: "bulk"	RelError: 1.65378e-05	AbsError: 3.26045e+10
      Equation: "ElectronContinuityEquation"	RelError: 1.87215e-06	AbsError: 8.71365e+09
      Equation: "HoleContinuityEquation"	RelError: 1.11889e-05	AbsError: 2.38909e+10
      Equation: "PotentialEquation"	RelError: 3.47676e-06	AbsError: 8.15408e-08
    Region: "oxide"	RelError: 1.67810e-08	AbsError: 3.61433e-10
      Equation: "PotentialEquation"	RelError: 1.67810e-08	AbsError: 3.61433e-10
Iteration: 6
  Device: "part1_baseline"	RelError: 1.36755e-11	AbsError: 2.48079e+04
    Region: "bulk"	RelError: 1.36711e-11	AbsError: 2.48079e+04
      Equation: "ElectronContinuityEquation"	RelError: 1.85149e-12	AbsError: 6.18441e+03
      Equation: "HoleContinuityEquation"	RelError: 1.00609e-11	AbsError: 1.86235e+04
      Equation: "PotentialEquation"	RelError: 1.75869e-12	AbsError: 6.16072e-14
    Region: "oxide"	RelError: 4.47014e-15	AbsError: 8.07190e-17
      Equation: "PotentialEquation"	RelError: 4.47014e-15	AbsError: 8.07190e-17
number of equations 6651
Iteration: 0
  Device: "part1_baseline"	RelError: 2.26839e+03	AbsError: 3.69615e+16
    Region: "bulk"	RelError: 2.26830e+03	AbsError: 3.69615e+16
      Equation: "ElectronContinuityEquation"	RelError: 9.99000e+02	AbsError: 3.53149e+16
      Equation: "HoleContinuityEquation"	RelError: 1.21381e+03	AbsError: 1.64665e+15
      Equation: "PotentialEquation"	RelError: 5.54879e+01	AbsError: 4.09542e-02
    Region: "oxide"	RelError: 9.27594e-02	AbsError: 2.74846e-03
      Equation: "PotentialEquation"	RelError: 9.27594e-02	AbsError: 2.74846e-03
Iteration: 1
  Device: "part1_baseline"	RelError: 1.00365e+03	AbsError: 1.03707e+15
    Region: "bulk"	RelError: 1.00365e+03	AbsError: 1.03707e+15
      Equation: "ElectronContinuityEquation"	RelError: 9.99000e+02	AbsError: 7.46466e+14
      Equation: "HoleContinuityEquation"	RelError: 9.98622e-01	AbsError: 2.90602e+14
      Equation: "PotentialEquation"	RelError: 3.65227e+00	AbsError: 3.07632e-02
    Region: "oxide"	RelError: 2.54407e-03	AbsError: 8.37159e-05
      Equation: "PotentialEquation"	RelError: 2.54407e-03	AbsError: 8.37159e-05
Iteration: 2
  Device: "part1_baseline"	RelError: 1.00195e+01	AbsError: 1.13667e+14
    Region: "bulk"	RelError: 1.00193e+01	AbsError: 1.13667e+14
      Equation: "ElectronContinuityEquation"	RelError: 9.99998e-01	AbsError: 7.00015e+13
      Equation: "HoleContinuityEquation"	RelError: 8.54848e+00	AbsError: 4.36657e+13
      Equation: "PotentialEquation"	RelError: 4.70832e-01	AbsError: 2.58088e-02
    Region: "oxide"	RelError: 2.24355e-04	AbsError: 7.44869e-06
      Equation: "PotentialEquation"	RelError: 2.24355e-04	AbsError: 7.44869e-06
Iteration: 3
  Device: "part1_baseline"	RelError: 8.13271e-01	AbsError: 4.14800e+13
    Region: "bulk"	RelError: 8.13239e-01	AbsError: 4.14800e+13
      Equation: "ElectronContinuityEquation"	RelError: 1.75366e-01	AbsError: 1.48847e+13
      Equation: "HoleContinuityEquation"	RelError: 5.45328e-01	AbsError: 2.65953e+13
      Equation: "PotentialEquation"	RelError: 9.25453e-02	AbsError: 9.16533e-03
    Region: "oxide"	RelError: 3.12278e-05	AbsError: 7.51953e-07
      Equation: "PotentialEquation"	RelError: 3.12278e-05	AbsError: 7.51953e-07
Iteration: 4
  Device: "part1_baseline"	RelError: 2.00226e-01	AbsError: 6.10901e+13
    Region: "bulk"	RelError: 2.00148e-01	AbsError: 6.10901e+13
      Equation: "ElectronContinuityEquation"	RelError: 1.74145e-02	AbsError: 3.08822e+13
      Equation: "HoleContinuityEquation"	RelError: 1.11189e-02	AbsError: 3.02080e+13
      Equation: "PotentialEquation"	RelError: 1.71615e-01	AbsError: 9.53206e-05
    Region: "oxide"	RelError: 7.81789e-05	AbsError: 2.26126e-06
      Equation: "PotentialEquation"	RelError: 7.81789e-05	AbsError: 2.26126e-06
Iteration: 5
  Device: "part1_baseline"	RelError: 1.50550e-04	AbsError: 4.24985e+10
    Region: "bulk"	RelError: 1.50524e-04	AbsError: 4.24985e+10
      Equation: "ElectronContinuityEquation"	RelError: 1.53977e-06	AbsError: 1.28163e+10
      Equation: "HoleContinuityEquation"	RelError: 1.33422e-05	AbsError: 2.96821e+10
      Equation: "PotentialEquation"	RelError: 1.35642e-04	AbsError: 9.20983e-08
    Region: "oxide"	RelError: 2.59624e-08	AbsError: 6.48334e-10
      Equation: "PotentialEquation"	RelError: 2.59624e-08	AbsError: 6.48334e-10
Iteration: 6
  Device: "part1_baseline"	RelError: 1.19705e-10	AbsError: 3.75054e+04
    Region: "bulk"	RelError: 1.19695e-10	AbsError: 3.75054e+04
      Equation: "ElectronContinuityEquation"	RelError: 1.79595e-12	AbsError: 9.04817e+03
      Equation: "HoleContinuityEquation"	RelError: 1.22796e-11	AbsError: 2.84572e+04
      Equation: "PotentialEquation"	RelError: 1.05620e-10	AbsError: 8.66097e-14
    Region: "oxide"	RelError: 9.91911e-15	AbsError: 2.07360e-16
      Equation: "PotentialEquation"	RelError: 9.91911e-15	AbsError: 2.07360e-16
number of equations 6651
Iteration: 0
  Device: "part1_baseline"	RelError: 2.06106e+03	AbsError: 3.68975e+16
    Region: "bulk"	RelError: 2.05937e+03	AbsError: 3.68975e+16
      Equation: "ElectronContinuityEquation"	RelError: 9.99000e+02	AbsError: 3.64315e+16
      Equation: "HoleContinuityEquation"	RelError: 9.99000e+02	AbsError: 4.65945e+14
      Equation: "PotentialEquation"	RelError: 6.13722e+01	AbsError: 2.78470e-02
    Region: "oxide"	RelError: 1.68799e+00	AbsError: 1.44152e-02
      Equation: "PotentialEquation"	RelError: 1.68799e+00	AbsError: 1.44152e-02
Iteration: 1
  Device: "part1_baseline"	RelError: 1.04002e+03	AbsError: 1.69283e+14
    Region: "bulk"	RelError: 1.04002e+03	AbsError: 1.69283e+14
      Equation: "ElectronContinuityEquation"	RelError: 9.98174e-01	AbsError: 1.43115e+14
      Equation: "HoleContinuityEquation"	RelError: 9.99000e+02	AbsError: 2.61677e+13
      Equation: "PotentialEquation"	RelError: 4.00227e+01	AbsError: 2.21530e-02
    Region: "oxide"	RelError: 1.55164e-03	AbsError: 1.02442e-05
      Equation: "PotentialEquation"	RelError: 1.55164e-03	AbsError: 1.02442e-05
Iteration: 2
  Device: "part1_baseline"	RelError: 1.41969e+00	AbsError: 4.31706e+13
    Region: "bulk"	RelError: 1.41917e+00	AbsError: 4.31706e+13
      Equation: "ElectronContinuityEquation"	RelError: 3.95175e-01	AbsError: 4.31204e+13
      Equation: "HoleContinuityEquation"	RelError: 9.99159e-01	AbsError: 5.02348e+10
      Equation: "PotentialEquation"	RelError: 2.48401e-02	AbsError: 1.76322e-05
    Region: "oxide"	RelError: 5.14227e-04	AbsError: 2.87168e-06
      Equation: "PotentialEquation"	RelError: 5.14227e-04	AbsError: 2.87168e-06
Iteration: 3
  Device: "part1_baseline"	RelError: 7.19964e-03	AbsError: 4.03853e+09
    Region: "bulk"	RelError: 7.19961e-03	AbsError: 4.03853e+09
      Equation: "ElectronContinuityEquation"	RelError: 2.03048e-05	AbsError: 4.03682e+09
      Equation: "HoleContinuityEquation"	RelError: 7.17808e-03	AbsError: 1.71388e+06
      Equation: "PotentialEquation"	RelError: 1.22226e-06	AbsError: 1.36934e-09
    Region: "oxide"	RelError: 2.93203e-08	AbsError: 1.37605e-10
      Equation: "PotentialEquation"	RelError: 2.93203e-08	AbsError: 1.37605e-10
Iteration: 4
  Device: "part1_baseline"	RelError: 2.67277e-11	AbsError: 3.38869e+01
    Region: "bulk"	RelError: 2.67276e-11	AbsError: 3.38869e+01
      Equation: "ElectronContinuityEquation"	RelError: 6.70229e-14	AbsError: 3.38787e+01
      Equation: "HoleContinuityEquation"	RelError: 2.66546e-11	AbsError: 8.19607e-03
      Equation: "PotentialEquation"	RelError: 5.97917e-15	AbsError: 8.34322e-18
    Region: "oxide"	RelError: 1.70665e-16	AbsError: 8.00992e-19
      Equation: "PotentialEquation"	RelError: 1.70665e-16	AbsError: 8.00992e-19
number of equations 6651
Iteration: 0
  Device: "part1_baseline"	RelError: 9.52041e-25	AbsError: 3.32895e-10
    Region: "bulk"	RelError: 7.52143e-25	AbsError: 3.32895e-10
      Equation: "ElectronContinuityEquation"	RelError: 6.14256e-26	AbsError: 3.32083e-10
      Equation: "HoleContinuityEquation"	RelError: 1.21193e-25	AbsError: 8.11384e-13
      Equation: "PotentialEquation"	RelError: 5.69525e-25	AbsError: 1.14097e-27
    Region: "oxide"	RelError: 1.99898e-25	AbsError: 9.43232e-28
      Equation: "PotentialEquation"	RelError: 1.99898e-25	AbsError: 9.43232e-28
number of equations 6651
Iteration: 0
  Device: "part1_baseline"	RelError: 3.72499e+02	AbsError: 1.10063e+16
    Region: "bulk"	RelError: 1.87511e+02	AbsError: 1.10063e+16
      Equation: "ElectronContinuityEquation"	RelError: 4.23277e-01	AbsError: 1.08718e+16
      Equation: "HoleContinuityEquation"	RelError: 2.10041e+00	AbsError: 1.34578e+14
      Equation: "PotentialEquation"	RelError: 1.84988e+02	AbsError: 1.88963e-02
    Region: "oxide"	RelError: 1.84988e+02	AbsError: 2.00000e-02
      Equation: "PotentialEquation"	RelError: 1.84988e+02	AbsError: 2.00000e-02
Iteration: 1
  Device: "part1_baseline"	RelError: 5.64206e-01	AbsError: 2.81994e+13
    Region: "bulk"	RelError: 5.54463e-01	AbsError: 2.81994e+13
      Equation: "ElectronContinuityEquation"	RelError: 1.67669e-01	AbsError: 2.57550e+13
      Equation: "HoleContinuityEquation"	RelError: 3.77051e-01	AbsError: 2.44436e+12
      Equation: "PotentialEquation"	RelError: 9.74297e-03	AbsError: 1.51721e-05
    Region: "oxide"	RelError: 9.74297e-03	AbsError: 2.32554e-06
      Equation: "PotentialEquation"	RelError: 9.74297e-03	AbsError: 2.32554e-06
Iteration: 2
  Device: "part1_baseline"	RelError: 4.14294e-03	AbsError: 2.01740e+09
    Region: "bulk"	RelError: 4.14250e-03	AbsError: 2.01740e+09
      Equation: "ElectronContinuityEquation"	RelError: 8.82138e-05	AbsError: 1.81056e+09
      Equation: "HoleContinuityEquation"	RelError: 4.05384e-03	AbsError: 2.06834e+08
      Equation: "PotentialEquation"	RelError: 4.43713e-07	AbsError: 5.87793e-10
    Region: "oxide"	RelError: 4.43713e-07	AbsError: 6.99702e-11
      Equation: "PotentialEquation"	RelError: 4.43713e-07	AbsError: 6.99702e-11
Iteration: 3
  Device: "part1_baseline"	RelError: 3.48115e-11	AbsError: 7.56383e+00
    Region: "bulk"	RelError: 3.48105e-11	AbsError: 7.56383e+00
      Equation: "ElectronContinuityEquation"	RelError: 1.05501e-12	AbsError: 6.80097e+00
      Equation: "HoleContinuityEquation"	RelError: 3.37544e-11	AbsError: 7.62857e-01
      Equation: "PotentialEquation"	RelError: 1.04100e-15	AbsError: 1.59098e-18
    Region: "oxide"	RelError: 1.04100e-15	AbsError: 1.58057e-19
      Equation: "PotentialEquation"	RelError: 1.04100e-15	AbsError: 1.58057e-19
number of equations 6651
Iteration: 0
  Device: "part1_baseline"	RelError: 5.74445e+01	AbsError: 1.10033e+16
    Region: "bulk"	RelError: 2.13521e+01	AbsError: 1.10033e+16
      Equation: "ElectronContinuityEquation"	RelError: 4.23277e-01	AbsError: 1.08719e+16
      Equation: "HoleContinuityEquation"	RelError: 1.74894e+00	AbsError: 1.31398e+14
      Equation: "PotentialEquation"	RelError: 1.91799e+01	AbsError: 1.88969e-02
    Region: "oxide"	RelError: 3.60923e+01	AbsError: 2.00000e-02
      Equation: "PotentialEquation"	RelError: 3.60923e+01	AbsError: 2.00000e-02
Iteration: 1
  Device: "part1_baseline"	RelError: 5.19923e-01	AbsError: 3.36164e+13
    Region: "bulk"	RelError: 5.19656e-01	AbsError: 3.36164e+13
      Equation: "ElectronContinuityEquation"	RelError: 1.67651e-01	AbsError: 3.12662e+13
      Equation: "HoleContinuityEquation"	RelError: 3.32436e-01	AbsError: 2.35014e+12
      Equation: "PotentialEquation"	RelError: 1.95692e-02	AbsError: 1.47444e-05
    Region: "oxide"	RelError: 2.67524e-04	AbsError: 2.97795e-06
      Equation: "PotentialEquation"	RelError: 2.67524e-04	AbsError: 2.97795e-06
Iteration: 2
  Device: "part1_baseline"	RelError: 4.23743e-03	AbsError: 2.81712e+09
    Region: "bulk"	RelError: 4.23741e-03	AbsError: 2.81712e+09
      Equation: "ElectronContinuityEquation"	RelError: 7.83030e-05	AbsError: 2.63088e+09
      Equation: "HoleContinuityEquation"	RelError: 4.15907e-03	AbsError: 1.86242e+08
      Equation: "PotentialEquation"	RelError: 4.17431e-08	AbsError: 8.67799e-10
    Region: "oxide"	RelError: 1.69162e-08	AbsError: 1.08334e-10
      Equation: "PotentialEquation"	RelError: 1.69162e-08	AbsError: 1.08334e-10
Iteration: 3
  Device: "part1_baseline"	RelError: 7.52880e-11	AbsError: 1.53159e+01
    Region: "bulk"	RelError: 7.52879e-11	AbsError: 1.53159e+01
      Equation: "ElectronContinuityEquation"	RelError: 9.02594e-13	AbsError: 1.46526e+01
      Equation: "HoleContinuityEquation"	RelError: 7.43849e-11	AbsError: 6.63277e-01
      Equation: "PotentialEquation"	RelError: 4.37083e-16	AbsError: 3.50922e-18
    Region: "oxide"	RelError: 6.17496e-17	AbsError: 3.63842e-19
      Equation: "PotentialEquation"	RelError: 6.17496e-17	AbsError: 3.63842e-19
number of equations 6651
Iteration: 0
  Device: "part1_baseline"	RelError: 2.02406e+02	AbsError: 1.09993e+16
    Region: "bulk"	RelError: 3.68265e+01	AbsError: 1.09993e+16
      Equation: "ElectronContinuityEquation"	RelError: 4.23266e-01	AbsError: 1.08712e+16
      Equation: "HoleContinuityEquation"	RelError: 1.59046e+00	AbsError: 1.28081e+14
      Equation: "PotentialEquation"	RelError: 3.48128e+01	AbsError: 1.88973e-02
    Region: "oxide"	RelError: 1.65580e+02	AbsError: 2.00000e-02
      Equation: "PotentialEquation"	RelError: 1.65580e+02	AbsError: 2.00000e-02
Iteration: 1
  Device: "part1_baseline"	RelError: 4.66986e-01	AbsError: 4.00483e+13
    Region: "bulk"	RelError: 4.66213e-01	AbsError: 4.00483e+13
      Equation: "ElectronContinuityEquation"	RelError: 1.67628e-01	AbsError: 3.77957e+13
      Equation: "HoleContinuityEquation"	RelError: 2.96350e-01	AbsError: 2.25259e+12
      Equation: "PotentialEquation"	RelError: 2.23475e-03	AbsError: 1.65036e-05
    Region: "oxide"	RelError: 7.73334e-04	AbsError: 3.81990e-06
      Equation: "PotentialEquation"	RelError: 7.73334e-04	AbsError: 3.81990e-06
Iteration: 2
  Device: "part1_baseline"	RelError: 5.76914e-03	AbsError: 4.12169e+09
    Region: "bulk"	RelError: 5.76912e-03	AbsError: 4.12169e+09
      Equation: "ElectronContinuityEquation"	RelError: 7.08270e-05	AbsError: 3.95533e+09
      Equation: "HoleContinuityEquation"	RelError: 5.69818e-03	AbsError: 1.66352e+08
      Equation: "PotentialEquation"	RelError: 1.13146e-07	AbsError: 1.27159e-09
    Region: "oxide"	RelError: 2.04434e-08	AbsError: 1.67236e-10
      Equation: "PotentialEquation"	RelError: 2.04434e-08	AbsError: 1.67236e-10
Iteration: 3
  Device: "part1_baseline"	RelError: 1.58872e-10	AbsError: 3.14479e+01
    Region: "bulk"	RelError: 1.58872e-10	AbsError: 3.14479e+01
      Equation: "ElectronContinuityEquation"	RelError: 7.90295e-13	AbsError: 3.07580e+01
      Equation: "HoleContinuityEquation"	RelError: 1.58081e-10	AbsError: 6.89872e-01
      Equation: "PotentialEquation"	RelError: 5.26836e-16	AbsError: 7.61596e-18
    Region: "oxide"	RelError: 1.15499e-16	AbsError: 8.31961e-19
      Equation: "PotentialEquation"	RelError: 1.15499e-16	AbsError: 8.31961e-19
number of equations 6651
Iteration: 0
  Device: "part1_baseline"	RelError: 1.01559e+02	AbsError: 1.09939e+16
    Region: "bulk"	RelError: 8.55954e+01	AbsError: 1.09939e+16
      Equation: "ElectronContinuityEquation"	RelError: 4.23251e-01	AbsError: 1.08693e+16
      Equation: "HoleContinuityEquation"	RelError: 1.46406e+00	AbsError: 1.24643e+14
      Equation: "PotentialEquation"	RelError: 8.37081e+01	AbsError: 1.88976e-02
    Region: "oxide"	RelError: 1.59634e+01	AbsError: 2.00000e-02
      Equation: "PotentialEquation"	RelError: 1.59634e+01	AbsError: 2.00000e-02
Iteration: 1
  Device: "part1_baseline"	RelError: 4.47130e-01	AbsError: 4.76037e+13
    Region: "bulk"	RelError: 4.47066e-01	AbsError: 4.76037e+13
      Equation: "ElectronContinuityEquation"	RelError: 1.67604e-01	AbsError: 4.54510e+13
      Equation: "HoleContinuityEquation"	RelError: 2.74074e-01	AbsError: 2.15273e+12
      Equation: "PotentialEquation"	RelError: 5.38767e-03	AbsError: 2.00785e-05
    Region: "oxide"	RelError: 6.39299e-05	AbsError: 4.90979e-06
      Equation: "PotentialEquation"	RelError: 6.39299e-05	AbsError: 4.90979e-06
Iteration: 2
  Device: "part1_baseline"	RelError: 6.90037e-03	AbsError: 6.02355e+09
    Region: "bulk"	RelError: 6.90035e-03	AbsError: 6.02355e+09
      Equation: "ElectronContinuityEquation"	RelError: 6.33807e-05	AbsError: 5.86731e+09
      Equation: "HoleContinuityEquation"	RelError: 6.83664e-03	AbsError: 1.56240e+08
      Equation: "PotentialEquation"	RelError: 3.33333e-07	AbsError: 1.88378e-09
    Region: "oxide"	RelError: 1.90827e-08	AbsError: 2.57478e-10
      Equation: "PotentialEquation"	RelError: 1.90827e-08	AbsError: 2.57478e-10
Iteration: 3
  Device: "part1_baseline"	RelError: 2.92422e-10	AbsError: 6.97758e+01
    Region: "bulk"	RelError: 2.92421e-10	AbsError: 6.97758e+01
      Equation: "ElectronContinuityEquation"	RelError: 6.80356e-13	AbsError: 6.90678e+01
      Equation: "HoleContinuityEquation"	RelError: 2.91739e-10	AbsError: 7.08067e-01
      Equation: "PotentialEquation"	RelError: 2.14793e-15	AbsError: 1.63162e-17
    Region: "oxide"	RelError: 1.69642e-16	AbsError: 1.88340e-18
      Equation: "PotentialEquation"	RelError: 1.69642e-16	AbsError: 1.88340e-18
number of equations 6651
Iteration: 0
  Device: "part1_baseline"	RelError: 9.34930e+02	AbsError: 1.09877e+16
    Region: "bulk"	RelError: 9.33532e+02	AbsError: 1.09877e+16
      Equation: "ElectronContinuityEquation"	RelError: 4.23233e-01	AbsError: 1.08658e+16
      Equation: "HoleContinuityEquation"	RelError: 1.36736e+00	AbsError: 1.21867e+14
      Equation: "PotentialEquation"	RelError: 9.31741e+02	AbsError: 1.88979e-02
    Region: "oxide"	RelError: 1.39781e+00	AbsError: 2.00000e-02
      Equation: "PotentialEquation"	RelError: 1.39781e+00	AbsError: 2.00000e-02
Iteration: 1
  Device: "part1_baseline"	RelError: 4.35506e-01	AbsError: 5.75274e+13
    Region: "bulk"	RelError: 4.35468e-01	AbsError: 5.75274e+13
      Equation: "ElectronContinuityEquation"	RelError: 1.67583e-01	AbsError: 5.54759e+13
      Equation: "HoleContinuityEquation"	RelError: 2.55018e-01	AbsError: 2.05155e+12
      Equation: "PotentialEquation"	RelError: 1.28669e-02	AbsError: 2.43469e-05
    Region: "oxide"	RelError: 3.87116e-05	AbsError: 6.32451e-06
      Equation: "PotentialEquation"	RelError: 3.87116e-05	AbsError: 6.32451e-06
Iteration: 2
  Device: "part1_baseline"	RelError: 7.55344e-03	AbsError: 8.72355e+09
    Region: "bulk"	RelError: 7.55344e-03	AbsError: 8.72355e+09
      Equation: "ElectronContinuityEquation"	RelError: 5.66098e-05	AbsError: 8.56337e+09
      Equation: "HoleContinuityEquation"	RelError: 7.49500e-03	AbsError: 1.60181e+08
      Equation: "PotentialEquation"	RelError: 1.83029e-06	AbsError: 2.76615e-09
    Region: "oxide"	RelError: 3.16783e-09	AbsError: 3.95253e-10
      Equation: "PotentialEquation"	RelError: 3.16783e-09	AbsError: 3.95253e-10
Iteration: 3
  Device: "part1_baseline"	RelError: 5.66194e-10	AbsError: 1.52825e+02
    Region: "bulk"	RelError: 5.66194e-10	AbsError: 1.52825e+02
      Equation: "ElectronContinuityEquation"	RelError: 9.16336e-13	AbsError: 1.52105e+02
      Equation: "HoleContinuityEquation"	RelError: 5.65266e-10	AbsError: 7.20271e-01
      Equation: "PotentialEquation"	RelError: 1.15475e-14	AbsError: 3.53492e-17
    Region: "oxide"	RelError: 3.56043e-17	AbsError: 4.22086e-18
      Equation: "PotentialEquation"	RelError: 3.56043e-17	AbsError: 4.22086e-18
number of equations 6651
Iteration: 0
  Device: "part1_baseline"	RelError: 1.36404e+02	AbsError: 1.09826e+16
    Region: "bulk"	RelError: 1.35821e+02	AbsError: 1.09826e+16
      Equation: "ElectronContinuityEquation"	RelError: 4.23218e-01	AbsError: 1.08605e+16
      Equation: "HoleContinuityEquation"	RelError: 1.28538e+00	AbsError: 1.22128e+14
      Equation: "PotentialEquation"	RelError: 1.34112e+02	AbsError: 1.88980e-02
    Region: "oxide"	RelError: 5.82953e-01	AbsError: 2.00000e-02
      Equation: "PotentialEquation"	RelError: 5.82953e-01	AbsError: 2.00000e-02
Iteration: 1
  Device: "part1_baseline"	RelError: 4.10406e-01	AbsError: 6.94018e+13
    Region: "bulk"	RelError: 4.10363e-01	AbsError: 6.94018e+13
      Equation: "ElectronContinuityEquation"	RelError: 1.67558e-01	AbsError: 6.74519e+13
      Equation: "HoleContinuityEquation"	RelError: 2.38729e-01	AbsError: 1.94989e+12
      Equation: "PotentialEquation"	RelError: 4.07548e-03	AbsError: 2.94045e-05
    Region: "oxide"	RelError: 4.21733e-05	AbsError: 8.16521e-06
      Equation: "PotentialEquation"	RelError: 4.21733e-05	AbsError: 8.16521e-06
Iteration: 2
  Device: "part1_baseline"	RelError: 9.29410e-03	AbsError: 1.24857e+10
    Region: "bulk"	RelError: 9.29410e-03	AbsError: 1.24857e+10
      Equation: "ElectronContinuityEquation"	RelError: 6.40253e-05	AbsError: 1.23228e+10
      Equation: "HoleContinuityEquation"	RelError: 9.22953e-03	AbsError: 1.62915e+08
      Equation: "PotentialEquation"	RelError: 5.46964e-07	AbsError: 4.01515e-09
    Region: "oxide"	RelError: 4.06980e-09	AbsError: 6.04539e-10
      Equation: "PotentialEquation"	RelError: 4.06980e-09	AbsError: 6.04539e-10
Iteration: 3
  Device: "part1_baseline"	RelError: 1.05830e-09	AbsError: 3.22034e+02
    Region: "bulk"	RelError: 1.05830e-09	AbsError: 3.22034e+02
      Equation: "ElectronContinuityEquation"	RelError: 1.63947e-12	AbsError: 3.21302e+02
      Equation: "HoleContinuityEquation"	RelError: 1.05665e-09	AbsError: 7.31173e-01
      Equation: "PotentialEquation"	RelError: 8.16974e-15	AbsError: 7.48363e-17
    Region: "oxide"	RelError: 6.71681e-17	AbsError: 9.35113e-18
      Equation: "PotentialEquation"	RelError: 6.71681e-17	AbsError: 9.35113e-18
number of equations 6651
Iteration: 0
  Device: "part1_baseline"	RelError: 3.20165e+02	AbsError: 1.09748e+16
    Region: "bulk"	RelError: 3.19797e+02	AbsError: 1.09748e+16
      Equation: "ElectronContinuityEquation"	RelError: 4.23203e-01	AbsError: 1.08526e+16
      Equation: "HoleContinuityEquation"	RelError: 1.21402e+00	AbsError: 1.22246e+14
      Equation: "PotentialEquation"	RelError: 3.18160e+02	AbsError: 1.88980e-02
    Region: "oxide"	RelError: 3.68269e-01	AbsError: 2.00000e-02
      Equation: "PotentialEquation"	RelError: 3.68269e-01	AbsError: 2.00000e-02
Iteration: 1
  Device: "part1_baseline"	RelError: 4.06956e-01	AbsError: 8.31626e+13
    Region: "bulk"	RelError: 4.06906e-01	AbsError: 8.31626e+13
      Equation: "ElectronContinuityEquation"	RelError: 1.67531e-01	AbsError: 8.12828e+13
      Equation: "HoleContinuityEquation"	RelError: 2.25191e-01	AbsError: 1.87977e+12
      Equation: "PotentialEquation"	RelError: 1.41834e-02	AbsError: 3.56860e-05
    Region: "oxide"	RelError: 5.00765e-05	AbsError: 1.05646e-05
      Equation: "PotentialEquation"	RelError: 5.00765e-05	AbsError: 1.05646e-05
Iteration: 2
  Device: "part1_baseline"	RelError: 1.06038e-02	AbsError: 1.85317e+10
    Region: "bulk"	RelError: 1.06038e-02	AbsError: 1.85317e+10
      Equation: "ElectronContinuityEquation"	RelError: 7.78849e-05	AbsError: 1.83672e+10
      Equation: "HoleContinuityEquation"	RelError: 1.05232e-02	AbsError: 1.64490e+08
      Equation: "PotentialEquation"	RelError: 2.72446e-06	AbsError: 5.74442e-09
    Region: "oxide"	RelError: 5.26071e-09	AbsError: 9.20316e-10
      Equation: "PotentialEquation"	RelError: 5.26071e-09	AbsError: 9.20316e-10
Iteration: 3
  Device: "part1_baseline"	RelError: 1.97172e-09	AbsError: 6.45351e+02
    Region: "bulk"	RelError: 1.97172e-09	AbsError: 6.45351e+02
      Equation: "ElectronContinuityEquation"	RelError: 2.90293e-12	AbsError: 6.44602e+02
      Equation: "HoleContinuityEquation"	RelError: 1.96875e-09	AbsError: 7.49259e-01
      Equation: "PotentialEquation"	RelError: 6.79695e-14	AbsError: 1.53950e-16
    Region: "oxide"	RelError: 1.27248e-16	AbsError: 2.04300e-17
      Equation: "PotentialEquation"	RelError: 1.27248e-16	AbsError: 2.04300e-17
number of equations 6651
Iteration: 0
  Device: "part1_baseline"	RelError: 3.12246e+01	AbsError: 1.09636e+16
    Region: "bulk"	RelError: 3.09555e+01	AbsError: 1.09636e+16
      Equation: "ElectronContinuityEquation"	RelError: 4.23188e-01	AbsError: 1.08414e+16
      Equation: "HoleContinuityEquation"	RelError: 1.15766e+00	AbsError: 1.22220e+14
      Equation: "PotentialEquation"	RelError: 2.93746e+01	AbsError: 1.88978e-02
    Region: "oxide"	RelError: 2.69148e-01	AbsError: 2.00000e-02
      Equation: "PotentialEquation"	RelError: 2.69148e-01	AbsError: 2.00000e-02
Iteration: 1
  Device: "part1_baseline"	RelError: 3.84323e-01	AbsError: 1.01333e+14
    Region: "bulk"	RelError: 3.84262e-01	AbsError: 1.01333e+14
      Equation: "ElectronContinuityEquation"	RelError: 1.67501e-01	AbsError: 9.94298e+13
      Equation: "HoleContinuityEquation"	RelError: 2.13443e-01	AbsError: 1.90358e+12
      Equation: "PotentialEquation"	RelError: 3.31824e-03	AbsError: 4.31535e-05
    Region: "oxide"	RelError: 6.08783e-05	AbsError: 1.36959e-05
      Equation: "PotentialEquation"	RelError: 6.08783e-05	AbsError: 1.36959e-05
Iteration: 2
  Device: "part1_baseline"	RelError: 1.23464e-02	AbsError: 2.68100e+10
    Region: "bulk"	RelError: 1.23464e-02	AbsError: 2.68100e+10
      Equation: "ElectronContinuityEquation"	RelError: 9.59491e-05	AbsError: 2.66450e+10
      Equation: "HoleContinuityEquation"	RelError: 1.22499e-02	AbsError: 1.64949e+08
      Equation: "PotentialEquation"	RelError: 4.99065e-07	AbsError: 8.28608e-09
    Region: "oxide"	RelError: 6.78543e-09	AbsError: 1.39268e-09
      Equation: "PotentialEquation"	RelError: 6.78543e-09	AbsError: 1.39268e-09
Iteration: 3
  Device: "part1_baseline"	RelError: 3.51636e-09	AbsError: 1.40103e+03
    Region: "bulk"	RelError: 3.51636e-09	AbsError: 1.40103e+03
      Equation: "ElectronContinuityEquation"	RelError: 5.06612e-12	AbsError: 1.40024e+03
      Equation: "HoleContinuityEquation"	RelError: 3.51128e-09	AbsError: 7.89257e-01
      Equation: "PotentialEquation"	RelError: 1.68777e-14	AbsError: 3.10563e-16
    Region: "oxide"	RelError: 2.40779e-16	AbsError: 4.38982e-17
      Equation: "PotentialEquation"	RelError: 2.40779e-16	AbsError: 4.38982e-17
number of equations 6651
Iteration: 0
  Device: "part1_baseline"	RelError: 8.88327e+01	AbsError: 1.09480e+16
    Region: "bulk"	RelError: 8.86206e+01	AbsError: 1.09480e+16
      Equation: "ElectronContinuityEquation"	RelError: 4.23171e-01	AbsError: 1.08260e+16
      Equation: "HoleContinuityEquation"	RelError: 1.21065e+00	AbsError: 1.22047e+14
      Equation: "PotentialEquation"	RelError: 8.69868e+01	AbsError: 1.88975e-02
    Region: "oxide"	RelError: 2.12067e-01	AbsError: 2.00000e-02
      Equation: "PotentialEquation"	RelError: 2.12067e-01	AbsError: 2.00000e-02
Iteration: 1
  Device: "part1_baseline"	RelError: 3.73684e-01	AbsError: 1.22495e+14
    Region: "bulk"	RelError: 3.73609e-01	AbsError: 1.22495e+14
      Equation: "ElectronContinuityEquation"	RelError: 1.67466e-01	AbsError: 1.20575e+14
      Equation: "HoleContinuityEquation"	RelError: 2.02033e-01	AbsError: 1.92027e+12
      Equation: "PotentialEquation"	RelError: 4.10998e-03	AbsError: 5.18311e-05
    Region: "oxide"	RelError: 7.44285e-05	AbsError: 1.77842e-05
      Equation: "PotentialEquation"	RelError: 7.44285e-05	AbsError: 1.77842e-05
Iteration: 2
  Device: "part1_baseline"	RelError: 1.42096e-02	AbsError: 3.83144e+10
    Region: "bulk"	RelError: 1.42096e-02	AbsError: 3.83144e+10
      Equation: "ElectronContinuityEquation"	RelError: 1.18021e-04	AbsError: 3.81501e+10
      Equation: "HoleContinuityEquation"	RelError: 1.40906e-02	AbsError: 1.64301e+08
      Equation: "PotentialEquation"	RelError: 9.61336e-07	AbsError: 1.17160e-08
    Region: "oxide"	RelError: 8.75467e-09	AbsError: 2.09187e-09
      Equation: "PotentialEquation"	RelError: 8.75467e-09	AbsError: 2.09187e-09
Iteration: 3
  Device: "part1_baseline"	RelError: 6.24116e-09	AbsError: 2.85255e+03
    Region: "bulk"	RelError: 6.24116e-09	AbsError: 2.85255e+03
      Equation: "ElectronContinuityEquation"	RelError: 8.66483e-12	AbsError: 2.85168e+03
      Equation: "HoleContinuityEquation"	RelError: 6.23246e-09	AbsError: 8.75666e-01
      Equation: "PotentialEquation"	RelError: 3.39174e-14	AbsError: 6.22278e-16
    Region: "oxide"	RelError: 4.53523e-16	AbsError: 9.25326e-17
      Equation: "PotentialEquation"	RelError: 4.53523e-16	AbsError: 9.25326e-17
number of equations 6651
Iteration: 0
  Device: "part1_baseline"	RelError: 1.73762e+01	AbsError: 1.09268e+16
    Region: "bulk"	RelError: 1.72012e+01	AbsError: 1.09268e+16
      Equation: "ElectronContinuityEquation"	RelError: 4.23154e-01	AbsError: 1.08051e+16
      Equation: "HoleContinuityEquation"	RelError: 1.31550e+00	AbsError: 1.21725e+14
      Equation: "PotentialEquation"	RelError: 1.54625e+01	AbsError: 1.88970e-02
    Region: "oxide"	RelError: 1.74960e-01	AbsError: 2.00000e-02
      Equation: "PotentialEquation"	RelError: 1.74960e-01	AbsError: 2.00000e-02
Iteration: 1
  Device: "part1_baseline"	RelError: 3.93447e-01	AbsError: 1.49033e+14
    Region: "bulk"	RelError: 3.93355e-01	AbsError: 1.49033e+14
      Equation: "ElectronContinuityEquation"	RelError: 1.67427e-01	AbsError: 1.47103e+14
      Equation: "HoleContinuityEquation"	RelError: 2.19558e-01	AbsError: 1.93007e+12
      Equation: "PotentialEquation"	RelError: 6.36996e-03	AbsError: 6.24514e-05
    Region: "oxide"	RelError: 9.14229e-05	AbsError: 2.31183e-05
      Equation: "PotentialEquation"	RelError: 9.14229e-05	AbsError: 2.31183e-05
Iteration: 2
  Device: "part1_baseline"	RelError: 1.59753e-02	AbsError: 5.59435e+10
    Region: "bulk"	RelError: 1.59753e-02	AbsError: 5.59435e+10
      Equation: "ElectronContinuityEquation"	RelError: 1.44880e-04	AbsError: 5.57810e+10
      Equation: "HoleContinuityEquation"	RelError: 1.58293e-02	AbsError: 1.62488e+08
      Equation: "PotentialEquation"	RelError: 1.12594e-06	AbsError: 1.62627e-08
    Region: "oxide"	RelError: 1.23143e-08	AbsError: 3.11394e-09
      Equation: "PotentialEquation"	RelError: 1.23143e-08	AbsError: 3.11394e-09
Iteration: 3
  Device: "part1_baseline"	RelError: 1.05975e-08	AbsError: 5.53790e+03
    Region: "bulk"	RelError: 1.05975e-08	AbsError: 5.53790e+03
      Equation: "ElectronContinuityEquation"	RelError: 1.44077e-11	AbsError: 5.53685e+03
      Equation: "HoleContinuityEquation"	RelError: 1.05830e-08	AbsError: 1.04981e+00
      Equation: "PotentialEquation"	RelError: 7.68936e-14	AbsError: 1.18943e-15
    Region: "oxide"	RelError: 8.49984e-16	AbsError: 1.90998e-16
      Equation: "PotentialEquation"	RelError: 8.49984e-16	AbsError: 1.90998e-16
number of equations 6651
Iteration: 0
  Device: "part1_baseline"	RelError: 3.95248e+02	AbsError: 1.08982e+16
    Region: "bulk"	RelError: 3.95099e+02	AbsError: 1.08982e+16
      Equation: "ElectronContinuityEquation"	RelError: 4.23135e-01	AbsError: 1.07769e+16
      Equation: "HoleContinuityEquation"	RelError: 1.44792e+00	AbsError: 1.21254e+14
      Equation: "PotentialEquation"	RelError: 3.93228e+02	AbsError: 1.88962e-02
    Region: "oxide"	RelError: 1.48902e-01	AbsError: 2.00000e-02
      Equation: "PotentialEquation"	RelError: 1.48902e-01	AbsError: 2.00000e-02
Iteration: 1
  Device: "part1_baseline"	RelError: 4.58136e-01	AbsError: 1.80747e+14
    Region: "bulk"	RelError: 4.58023e-01	AbsError: 1.80747e+14
      Equation: "ElectronContinuityEquation"	RelError: 1.67381e-01	AbsError: 1.78814e+14
      Equation: "HoleContinuityEquation"	RelError: 2.43936e-01	AbsError: 1.93323e+12
      Equation: "PotentialEquation"	RelError: 4.67058e-02	AbsError: 7.47529e-05
    Region: "oxide"	RelError: 1.12706e-04	AbsError: 3.00638e-05
      Equation: "PotentialEquation"	RelError: 1.12706e-04	AbsError: 3.00638e-05
Iteration: 2
  Device: "part1_baseline"	RelError: 1.77221e-02	AbsError: 7.87508e+10
    Region: "bulk"	RelError: 1.77220e-02	AbsError: 7.87508e+10
      Equation: "ElectronContinuityEquation"	RelError: 1.77400e-04	AbsError: 7.85915e+10
      Equation: "HoleContinuityEquation"	RelError: 1.75345e-02	AbsError: 1.59315e+08
      Equation: "PotentialEquation"	RelError: 1.01109e-05	AbsError: 2.24872e-08
    Region: "oxide"	RelError: 1.71948e-08	AbsError: 4.58664e-09
      Equation: "PotentialEquation"	RelError: 1.71948e-08	AbsError: 4.58664e-09
Iteration: 3
  Device: "part1_baseline"	RelError: 1.73965e-08	AbsError: 1.12562e+04
    Region: "bulk"	RelError: 1.73965e-08	AbsError: 1.12562e+04
      Equation: "ElectronContinuityEquation"	RelError: 2.30089e-11	AbsError: 1.12547e+04
      Equation: "HoleContinuityEquation"	RelError: 1.73728e-08	AbsError: 1.41721e+00
      Equation: "PotentialEquation"	RelError: 7.66659e-13	AbsError: 2.24330e-15
    Region: "oxide"	RelError: 1.59080e-15	AbsError: 3.85879e-16
      Equation: "PotentialEquation"	RelError: 1.59080e-15	AbsError: 3.85879e-16
number of equations 6651
Iteration: 0
  Device: "part1_baseline"	RelError: 4.84870e+01	AbsError: 1.08601e+16
    Region: "bulk"	RelError: 4.83574e+01	AbsError: 1.08601e+16
      Equation: "ElectronContinuityEquation"	RelError: 4.23114e-01	AbsError: 1.07394e+16
      Equation: "HoleContinuityEquation"	RelError: 1.53941e+00	AbsError: 1.20630e+14
      Equation: "PotentialEquation"	RelError: 4.63948e+01	AbsError: 1.88951e-02
    Region: "oxide"	RelError: 1.29598e-01	AbsError: 2.00000e-02
      Equation: "PotentialEquation"	RelError: 1.29598e-01	AbsError: 2.00000e-02
Iteration: 1
  Device: "part1_baseline"	RelError: 4.71777e-01	AbsError: 2.21809e+14
    Region: "bulk"	RelError: 4.71638e-01	AbsError: 2.21809e+14
      Equation: "ElectronContinuityEquation"	RelError: 1.67328e-01	AbsError: 2.19879e+14
      Equation: "HoleContinuityEquation"	RelError: 2.63120e-01	AbsError: 1.93003e+12
      Equation: "PotentialEquation"	RelError: 4.11904e-02	AbsError: 8.92870e-05
    Region: "oxide"	RelError: 1.39277e-04	AbsError: 3.90736e-05
      Equation: "PotentialEquation"	RelError: 1.39277e-04	AbsError: 3.90736e-05
Iteration: 2
  Device: "part1_baseline"	RelError: 1.92490e-02	AbsError: 1.14754e+11
    Region: "bulk"	RelError: 1.92490e-02	AbsError: 1.14754e+11
      Equation: "ElectronContinuityEquation"	RelError: 2.16553e-04	AbsError: 1.14599e+11
      Equation: "HoleContinuityEquation"	RelError: 1.90251e-02	AbsError: 1.54343e+08
      Equation: "PotentialEquation"	RelError: 7.30786e-06	AbsError: 3.01374e-08
    Region: "oxide"	RelError: 2.37899e-08	AbsError: 6.67417e-09
      Equation: "PotentialEquation"	RelError: 2.37899e-08	AbsError: 6.67417e-09
Iteration: 3
  Device: "part1_baseline"	RelError: 2.78022e-08	AbsError: 2.07584e+04
    Region: "bulk"	RelError: 2.78022e-08	AbsError: 2.07584e+04
      Equation: "ElectronContinuityEquation"	RelError: 3.45805e-11	AbsError: 2.07559e+04
      Equation: "HoleContinuityEquation"	RelError: 2.77663e-08	AbsError: 2.51542e+00
      Equation: "PotentialEquation"	RelError: 1.31605e-12	AbsError: 4.07351e-15
    Region: "oxide"	RelError: 2.99933e-15	AbsError: 7.64353e-16
      Equation: "PotentialEquation"	RelError: 2.99933e-15	AbsError: 7.64353e-16
number of equations 6651
Iteration: 0
  Device: "part1_baseline"	RelError: 1.66472e+01	AbsError: 1.08096e+16
    Region: "bulk"	RelError: 1.65325e+01	AbsError: 1.08096e+16
      Equation: "ElectronContinuityEquation"	RelError: 4.23091e-01	AbsError: 1.06897e+16
      Equation: "HoleContinuityEquation"	RelError: 1.64871e+00	AbsError: 1.19855e+14
      Equation: "PotentialEquation"	RelError: 1.44606e+01	AbsError: 1.88937e-02
    Region: "oxide"	RelError: 1.14722e-01	AbsError: 2.00000e-02
      Equation: "PotentialEquation"	RelError: 1.14722e-01	AbsError: 2.00000e-02
Iteration: 1
  Device: "part1_baseline"	RelError: 4.55884e-01	AbsError: 2.71604e+14
    Region: "bulk"	RelError: 4.55712e-01	AbsError: 2.71604e+14
      Equation: "ElectronContinuityEquation"	RelError: 1.67265e-01	AbsError: 2.69683e+14
      Equation: "HoleContinuityEquation"	RelError: 2.78578e-01	AbsError: 1.92081e+12
      Equation: "PotentialEquation"	RelError: 9.86809e-03	AbsError: 1.06107e-04
    Region: "oxide"	RelError: 1.72264e-04	AbsError: 5.06895e-05
      Equation: "PotentialEquation"	RelError: 1.72264e-04	AbsError: 5.06895e-05
Iteration: 2
  Device: "part1_baseline"	RelError: 2.03357e-02	AbsError: 1.62628e+11
    Region: "bulk"	RelError: 2.03356e-02	AbsError: 1.62628e+11
      Equation: "ElectronContinuityEquation"	RelError: 2.63399e-04	AbsError: 1.62481e+11
      Equation: "HoleContinuityEquation"	RelError: 2.00710e-02	AbsError: 1.46713e+08
      Equation: "PotentialEquation"	RelError: 1.27539e-06	AbsError: 4.01314e-08
    Region: "oxide"	RelError: 3.25491e-08	AbsError: 9.57772e-09
      Equation: "PotentialEquation"	RelError: 3.25491e-08	AbsError: 9.57772e-09
Iteration: 3
  Device: "part1_baseline"	RelError: 4.33243e-08	AbsError: 4.07678e+04
    Region: "bulk"	RelError: 4.33243e-08	AbsError: 4.07678e+04
      Equation: "ElectronContinuityEquation"	RelError: 4.70095e-11	AbsError: 4.07633e+04
      Equation: "HoleContinuityEquation"	RelError: 4.32768e-08	AbsError: 4.47386e+00
      Equation: "PotentialEquation"	RelError: 5.15440e-13	AbsError: 7.25036e-15
    Region: "oxide"	RelError: 5.77416e-15	AbsError: 1.49090e-15
      Equation: "PotentialEquation"	RelError: 5.77416e-15	AbsError: 1.49090e-15
number of equations 6651
Iteration: 0
  Device: "part1_baseline"	RelError: 7.57150e+01	AbsError: 1.07432e+16
    Region: "bulk"	RelError: 7.56121e+01	AbsError: 1.07432e+16
      Equation: "ElectronContinuityEquation"	RelError: 4.23065e-01	AbsError: 1.06242e+16
      Equation: "HoleContinuityEquation"	RelError: 1.74227e+00	AbsError: 1.18927e+14
      Equation: "PotentialEquation"	RelError: 7.34467e+01	AbsError: 1.88919e-02
    Region: "oxide"	RelError: 1.02907e-01	AbsError: 2.00000e-02
      Equation: "PotentialEquation"	RelError: 1.02907e-01	AbsError: 2.00000e-02
Iteration: 1
  Device: "part1_baseline"	RelError: 6.20335e-01	AbsError: 3.34653e+14
    Region: "bulk"	RelError: 6.20122e-01	AbsError: 3.34653e+14
      Equation: "ElectronContinuityEquation"	RelError: 1.67191e-01	AbsError: 3.32747e+14
      Equation: "HoleContinuityEquation"	RelError: 2.95551e-01	AbsError: 1.90603e+12
      Equation: "PotentialEquation"	RelError: 1.57381e-01	AbsError: 1.25976e-04
    Region: "oxide"	RelError: 2.12861e-04	AbsError: 6.55274e-05
      Equation: "PotentialEquation"	RelError: 2.12861e-04	AbsError: 6.55274e-05
Iteration: 2
  Device: "part1_baseline"	RelError: 2.10054e-02	AbsError: 2.32098e+11
    Region: "bulk"	RelError: 2.10054e-02	AbsError: 2.32098e+11
      Equation: "ElectronContinuityEquation"	RelError: 3.19086e-04	AbsError: 2.31963e+11
      Equation: "HoleContinuityEquation"	RelError: 2.06575e-02	AbsError: 1.34842e+08
      Equation: "PotentialEquation"	RelError: 2.88039e-05	AbsError: 5.17609e-08
    Region: "oxide"	RelError: 4.39290e-08	AbsError: 1.35232e-08
      Equation: "PotentialEquation"	RelError: 4.39290e-08	AbsError: 1.35232e-08
Iteration: 3
  Device: "part1_baseline"	RelError: 6.59115e-08	AbsError: 7.43992e+04
    Region: "bulk"	RelError: 6.59115e-08	AbsError: 7.43992e+04
      Equation: "ElectronContinuityEquation"	RelError: 5.69657e-11	AbsError: 7.43911e+04
      Equation: "HoleContinuityEquation"	RelError: 6.58498e-08	AbsError: 8.12039e+00
      Equation: "PotentialEquation"	RelError: 4.69567e-12	AbsError: 1.23874e-14
    Region: "oxide"	RelError: 1.15179e-14	AbsError: 2.94003e-15
      Equation: "PotentialEquation"	RelError: 1.15179e-14	AbsError: 2.94003e-15
number of equations 6651
Iteration: 0
  Device: "part1_baseline"	RelError: 2.70102e+01	AbsError: 1.06562e+16
    Region: "bulk"	RelError: 2.69169e+01	AbsError: 1.06562e+16
      Equation: "ElectronContinuityEquation"	RelError: 4.23035e-01	AbsError: 1.05383e+16
      Equation: "HoleContinuityEquation"	RelError: 1.81247e+00	AbsError: 1.17846e+14
      Equation: "PotentialEquation"	RelError: 2.46814e+01	AbsError: 1.88894e-02
    Region: "oxide"	RelError: 9.32949e-02	AbsError: 2.00000e-02
      Equation: "PotentialEquation"	RelError: 9.32949e-02	AbsError: 2.00000e-02
Iteration: 1
  Device: "part1_baseline"	RelError: 5.05027e-01	AbsError: 4.20448e+14
    Region: "bulk"	RelError: 5.04765e-01	AbsError: 4.20448e+14
      Equation: "ElectronContinuityEquation"	RelError: 1.67099e-01	AbsError: 4.18561e+14
      Equation: "HoleContinuityEquation"	RelError: 3.08157e-01	AbsError: 1.88635e+12
      Equation: "PotentialEquation"	RelError: 2.95092e-02	AbsError: 1.48383e-04
    Region: "oxide"	RelError: 2.62170e-04	AbsError: 8.42280e-05
      Equation: "PotentialEquation"	RelError: 2.62170e-04	AbsError: 8.42280e-05
Iteration: 2
  Device: "part1_baseline"	RelError: 2.12959e-02	AbsError: 3.34725e+11
    Region: "bulk"	RelError: 2.12958e-02	AbsError: 3.34725e+11
      Equation: "ElectronContinuityEquation"	RelError: 3.84836e-04	AbsError: 3.34609e+11
      Equation: "HoleContinuityEquation"	RelError: 2.09072e-02	AbsError: 1.15893e+08
      Equation: "PotentialEquation"	RelError: 3.81458e-06	AbsError: 6.47281e-08
    Region: "oxide"	RelError: 5.82543e-08	AbsError: 1.87155e-08
      Equation: "PotentialEquation"	RelError: 5.82543e-08	AbsError: 1.87155e-08
Iteration: 3
  Device: "part1_baseline"	RelError: 9.84895e-08	AbsError: 1.32340e+05
    Region: "bulk"	RelError: 9.84895e-08	AbsError: 1.32340e+05
      Equation: "ElectronContinuityEquation"	RelError: 7.58886e-11	AbsError: 1.32325e+05
      Equation: "HoleContinuityEquation"	RelError: 9.84122e-08	AbsError: 1.49826e+01
      Equation: "PotentialEquation"	RelError: 1.42582e-12	AbsError: 2.12063e-14
    Region: "oxide"	RelError: 2.39871e-14	AbsError: 6.51219e-15
      Equation: "PotentialEquation"	RelError: 2.39871e-14	AbsError: 6.51219e-15
number of equations 6651
Iteration: 0
  Device: "part1_baseline"	RelError: 1.60889e+01	AbsError: 1.05430e+16
    Region: "bulk"	RelError: 1.60035e+01	AbsError: 1.05430e+16
      Equation: "ElectronContinuityEquation"	RelError: 4.22996e-01	AbsError: 1.04264e+16
      Equation: "HoleContinuityEquation"	RelError: 1.89220e+00	AbsError: 1.16611e+14
      Equation: "PotentialEquation"	RelError: 1.36883e+01	AbsError: 1.88862e-02
    Region: "oxide"	RelError: 8.53210e-02	AbsError: 2.00000e-02
      Equation: "PotentialEquation"	RelError: 8.53210e-02	AbsError: 2.00000e-02
Iteration: 1
  Device: "part1_baseline"	RelError: 5.13874e-01	AbsError: 5.35752e+14
    Region: "bulk"	RelError: 5.13553e-01	AbsError: 5.35752e+14
      Equation: "ElectronContinuityEquation"	RelError: 1.66984e-01	AbsError: 5.33889e+14
      Equation: "HoleContinuityEquation"	RelError: 3.19067e-01	AbsError: 1.86281e+12
      Equation: "PotentialEquation"	RelError: 2.75021e-02	AbsError: 1.74544e-04
    Region: "oxide"	RelError: 3.20937e-04	AbsError: 1.07355e-04
      Equation: "PotentialEquation"	RelError: 3.20937e-04	AbsError: 1.07355e-04
Iteration: 2
  Device: "part1_baseline"	RelError: 2.13763e-02	AbsError: 4.71281e+11
    Region: "bulk"	RelError: 2.13763e-02	AbsError: 4.71281e+11
      Equation: "ElectronContinuityEquation"	RelError: 4.61935e-04	AbsError: 4.71196e+11
      Equation: "HoleContinuityEquation"	RelError: 2.09064e-02	AbsError: 8.48343e+07
      Equation: "PotentialEquation"	RelError: 7.95978e-06	AbsError: 7.91598e-08
    Region: "oxide"	RelError: 7.53943e-08	AbsError: 2.52198e-08
      Equation: "PotentialEquation"	RelError: 7.53943e-08	AbsError: 2.52198e-08
Iteration: 3
  Device: "part1_baseline"	RelError: 1.45022e-07	AbsError: 2.39922e+05
    Region: "bulk"	RelError: 1.45022e-07	AbsError: 2.39922e+05
      Equation: "ElectronContinuityEquation"	RelError: 1.12847e-10	AbsError: 2.39895e+05
      Equation: "HoleContinuityEquation"	RelError: 1.44904e-07	AbsError: 2.67036e+01
      Equation: "PotentialEquation"	RelError: 5.34030e-12	AbsError: 3.47999e-14
    Region: "oxide"	RelError: 5.16922e-14	AbsError: 1.48675e-14
      Equation: "PotentialEquation"	RelError: 5.16922e-14	AbsError: 1.48675e-14
number of equations 6651
Iteration: 0
  Device: "part1_baseline"	RelError: 3.13857e+01	AbsError: 1.03966e+16
    Region: "bulk"	RelError: 3.13071e+01	AbsError: 1.03966e+16
      Equation: "ElectronContinuityEquation"	RelError: 4.22944e-01	AbsError: 1.02814e+16
      Equation: "HoleContinuityEquation"	RelError: 1.95951e+00	AbsError: 1.15218e+14
      Equation: "PotentialEquation"	RelError: 2.89247e+01	AbsError: 1.88817e-02
    Region: "oxide"	RelError: 7.85970e-02	AbsError: 2.00000e-02
      Equation: "PotentialEquation"	RelError: 7.85970e-02	AbsError: 2.00000e-02
Iteration: 1
  Device: "part1_baseline"	RelError: 5.77845e-01	AbsError: 6.98377e+14
    Region: "bulk"	RelError: 5.77455e-01	AbsError: 6.98377e+14
      Equation: "ElectronContinuityEquation"	RelError: 1.66830e-01	AbsError: 6.96539e+14
      Equation: "HoleContinuityEquation"	RelError: 3.30154e-01	AbsError: 1.83707e+12
      Equation: "PotentialEquation"	RelError: 8.04713e-02	AbsError: 2.04168e-04
    Region: "oxide"	RelError: 3.89142e-04	AbsError: 1.35222e-04
      Equation: "PotentialEquation"	RelError: 3.89142e-04	AbsError: 1.35222e-04
Iteration: 2
  Device: "part1_baseline"	RelError: 2.13067e-02	AbsError: 6.63197e+11
    Region: "bulk"	RelError: 2.13066e-02	AbsError: 6.63197e+11
      Equation: "ElectronContinuityEquation"	RelError: 5.51641e-04	AbsError: 6.63113e+11
      Equation: "HoleContinuityEquation"	RelError: 2.07104e-02	AbsError: 8.39235e+07
      Equation: "PotentialEquation"	RelError: 4.45763e-05	AbsError: 9.20409e-08
    Region: "oxide"	RelError: 1.14258e-07	AbsError: 3.27172e-08
      Equation: "PotentialEquation"	RelError: 1.14258e-07	AbsError: 3.27172e-08
Iteration: 3
  Device: "part1_baseline"	RelError: 2.09910e-07	AbsError: 3.94948e+05
    Region: "bulk"	RelError: 2.09910e-07	AbsError: 3.94948e+05
      Equation: "ElectronContinuityEquation"	RelError: 3.46552e-10	AbsError: 3.94909e+05
      Equation: "HoleContinuityEquation"	RelError: 2.09535e-07	AbsError: 3.94665e+01
      Equation: "PotentialEquation"	RelError: 2.87772e-11	AbsError: 5.50742e-14
    Region: "oxide"	RelError: 1.11706e-13	AbsError: 3.39153e-14
      Equation: "PotentialEquation"	RelError: 1.11706e-13	AbsError: 3.39153e-14
number of equations 6651
Iteration: 0
  Device: "part1_baseline"	RelError: 1.89198e+01	AbsError: 1.02089e+16
    Region: "bulk"	RelError: 1.88469e+01	AbsError: 1.02089e+16
      Equation: "ElectronContinuityEquation"	RelError: 4.22866e-01	AbsError: 1.00952e+16
      Equation: "HoleContinuityEquation"	RelError: 2.01591e+00	AbsError: 1.13660e+14
      Equation: "PotentialEquation"	RelError: 1.64082e+01	AbsError: 1.88751e-02
    Region: "oxide"	RelError: 7.28468e-02	AbsError: 2.00000e-02
      Equation: "PotentialEquation"	RelError: 7.28468e-02	AbsError: 2.00000e-02
Iteration: 1
  Device: "part1_baseline"	RelError: 6.12580e-01	AbsError: 9.51763e+14
    Region: "bulk"	RelError: 6.12114e-01	AbsError: 9.51763e+14
      Equation: "ElectronContinuityEquation"	RelError: 1.66610e-01	AbsError: 9.49951e+14
      Equation: "HoleContinuityEquation"	RelError: 3.39067e-01	AbsError: 1.81187e+12
      Equation: "PotentialEquation"	RelError: 1.06438e-01	AbsError: 2.36082e-04
    Region: "oxide"	RelError: 4.65464e-04	AbsError: 1.67640e-04
      Equation: "PotentialEquation"	RelError: 4.65464e-04	AbsError: 1.67640e-04
Iteration: 2
  Device: "part1_baseline"	RelError: 2.10838e-02	AbsError: 9.80966e+11
    Region: "bulk"	RelError: 2.10836e-02	AbsError: 9.80966e+11
      Equation: "ElectronContinuityEquation"	RelError: 6.54915e-04	AbsError: 9.80771e+11
      Equation: "HoleContinuityEquation"	RelError: 2.03480e-02	AbsError: 1.94446e+08
      Equation: "PotentialEquation"	RelError: 8.06311e-05	AbsError: 1.00326e-07
    Region: "oxide"	RelError: 2.24422e-07	AbsError: 6.68211e-08
      Equation: "PotentialEquation"	RelError: 2.24422e-07	AbsError: 6.68211e-08
Iteration: 3
  Device: "part1_baseline"	RelError: 2.98694e-07	AbsError: 5.89753e+05
    Region: "bulk"	RelError: 2.98694e-07	AbsError: 5.89753e+05
      Equation: "ElectronContinuityEquation"	RelError: 9.13572e-10	AbsError: 5.89721e+05
      Equation: "HoleContinuityEquation"	RelError: 2.97742e-07	AbsError: 3.20075e+01
      Equation: "PotentialEquation"	RelError: 3.84037e-11	AbsError: 1.07721e-13
    Region: "oxide"	RelError: 2.28795e-13	AbsError: 7.30852e-14
      Equation: "PotentialEquation"	RelError: 2.28795e-13	AbsError: 7.30852e-14
number of equations 6651
Iteration: 0
  Device: "part1_baseline"	RelError: 1.69313e+01	AbsError: 9.97089e+15
    Region: "bulk"	RelError: 1.68634e+01	AbsError: 9.97089e+15
      Equation: "ElectronContinuityEquation"	RelError: 4.22738e-01	AbsError: 9.85897e+15
      Equation: "HoleContinuityEquation"	RelError: 2.07539e+00	AbsError: 1.11917e+14
      Equation: "PotentialEquation"	RelError: 1.43653e+01	AbsError: 1.88646e-02
    Region: "oxide"	RelError: 6.78664e-02	AbsError: 2.00000e-02
      Equation: "PotentialEquation"	RelError: 6.78664e-02	AbsError: 2.00000e-02
Iteration: 1
  Device: "part1_baseline"	RelError: 5.46829e-01	AbsError: 1.37632e+15
    Region: "bulk"	RelError: 5.46282e-01	AbsError: 1.37632e+15
      Equation: "ElectronContinuityEquation"	RelError: 1.66270e-01	AbsError: 1.37453e+15
      Equation: "HoleContinuityEquation"	RelError: 3.46897e-01	AbsError: 1.79156e+12
      Equation: "PotentialEquation"	RelError: 3.31149e-02	AbsError: 2.70218e-04
    Region: "oxide"	RelError: 5.46741e-04	AbsError: 2.03629e-04
      Equation: "PotentialEquation"	RelError: 5.46741e-04	AbsError: 2.03629e-04
Iteration: 2
  Device: "part1_baseline"	RelError: 2.06572e-02	AbsError: 1.44756e+12
    Region: "bulk"	RelError: 2.06568e-02	AbsError: 1.44756e+12
      Equation: "ElectronContinuityEquation"	RelError: 7.73576e-04	AbsError: 1.44714e+12
      Equation: "HoleContinuityEquation"	RelError: 1.98220e-02	AbsError: 4.13801e+08
      Equation: "PotentialEquation"	RelError: 6.12310e-05	AbsError: 1.64929e-07
    Region: "oxide"	RelError: 4.00908e-07	AbsError: 1.26219e-07
      Equation: "PotentialEquation"	RelError: 4.00908e-07	AbsError: 1.26219e-07
Iteration: 3
  Device: "part1_baseline"	RelError: 4.15530e-07	AbsError: 9.00046e+05
    Region: "bulk"	RelError: 4.15530e-07	AbsError: 9.00046e+05
      Equation: "ElectronContinuityEquation"	RelError: 1.88517e-09	AbsError: 8.99900e+05
      Equation: "HoleContinuityEquation"	RelError: 4.13609e-07	AbsError: 1.46257e+02
      Equation: "PotentialEquation"	RelError: 3.56684e-11	AbsError: 1.99185e-13
    Region: "oxide"	RelError: 4.07252e-13	AbsError: 1.36440e-13
      Equation: "PotentialEquation"	RelError: 4.07252e-13	AbsError: 1.36440e-13
number of equations 6651
Iteration: 0
  Device: "part1_baseline"	RelError: 1.23044e+01	AbsError: 9.67322e+15
    Region: "bulk"	RelError: 1.22409e+01	AbsError: 9.67322e+15
      Equation: "ElectronContinuityEquation"	RelError: 4.22513e-01	AbsError: 9.56327e+15
      Equation: "HoleContinuityEquation"	RelError: 2.12601e+00	AbsError: 1.09955e+14
      Equation: "PotentialEquation"	RelError: 9.69237e+00	AbsError: 1.88468e-02
    Region: "oxide"	RelError: 6.34989e-02	AbsError: 2.00000e-02
      Equation: "PotentialEquation"	RelError: 6.34989e-02	AbsError: 2.00000e-02
Iteration: 1
  Device: "part1_baseline"	RelError: 5.42464e-01	AbsError: 1.99997e+15
    Region: "bulk"	RelError: 5.41837e-01	AbsError: 1.99997e+15
      Equation: "ElectronContinuityEquation"	RelError: 1.65711e-01	AbsError: 1.99819e+15
      Equation: "HoleContinuityEquation"	RelError: 3.54930e-01	AbsError: 1.78299e+12
      Equation: "PotentialEquation"	RelError: 2.11958e-02	AbsError: 3.04521e-04
    Region: "oxide"	RelError: 6.27638e-04	AbsError: 2.41183e-04
      Equation: "PotentialEquation"	RelError: 6.27638e-04	AbsError: 2.41183e-04
Iteration: 2
  Device: "part1_baseline"	RelError: 2.00572e-02	AbsError: 2.07626e+12
    Region: "bulk"	RelError: 2.00566e-02	AbsError: 2.07626e+12
      Equation: "ElectronContinuityEquation"	RelError: 9.04688e-04	AbsError: 2.07543e+12
      Equation: "HoleContinuityEquation"	RelError: 1.91049e-02	AbsError: 8.22675e+08
      Equation: "PotentialEquation"	RelError: 4.69647e-05	AbsError: 2.71604e-07
    Region: "oxide"	RelError: 6.44037e-07	AbsError: 2.13647e-07
      Equation: "PotentialEquation"	RelError: 6.44037e-07	AbsError: 2.13647e-07
Iteration: 3
  Device: "part1_baseline"	RelError: 5.65781e-07	AbsError: 2.31020e+06
    Region: "bulk"	RelError: 5.65780e-07	AbsError: 2.31020e+06
      Equation: "ElectronContinuityEquation"	RelError: 3.20194e-09	AbsError: 2.30970e+06
      Equation: "HoleContinuityEquation"	RelError: 5.62511e-07	AbsError: 5.03013e+02
      Equation: "PotentialEquation"	RelError: 6.73977e-11	AbsError: 4.73726e-13
    Region: "oxide"	RelError: 9.99915e-13	AbsError: 3.31703e-13
      Equation: "PotentialEquation"	RelError: 9.99915e-13	AbsError: 3.31703e-13
number of equations 6651
Iteration: 0
  Device: "part1_baseline"	RelError: 1.20325e+01	AbsError: 1.26483e+16
    Region: "bulk"	RelError: 1.19729e+01	AbsError: 1.26483e+16
      Equation: "ElectronContinuityEquation"	RelError: 4.22097e-01	AbsError: 1.25406e+16
      Equation: "HoleContinuityEquation"	RelError: 2.16199e+00	AbsError: 1.07705e+14
      Equation: "PotentialEquation"	RelError: 9.38878e+00	AbsError: 1.88152e-02
    Region: "oxide"	RelError: 5.96161e-02	AbsError: 2.00000e-02
      Equation: "PotentialEquation"	RelError: 5.96161e-02	AbsError: 2.00000e-02
Iteration: 1
  Device: "part1_baseline"	RelError: 5.75945e-01	AbsError: 2.79551e+15
    Region: "bulk"	RelError: 5.75244e-01	AbsError: 2.79551e+15
      Equation: "ElectronContinuityEquation"	RelError: 1.64744e-01	AbsError: 2.79372e+15
      Equation: "HoleContinuityEquation"	RelError: 3.61192e-01	AbsError: 1.79641e+12
      Equation: "PotentialEquation"	RelError: 4.93087e-02	AbsError: 3.34112e-04
    Region: "oxide"	RelError: 7.00801e-04	AbsError: 2.77215e-04
      Equation: "PotentialEquation"	RelError: 7.00801e-04	AbsError: 2.77215e-04
Iteration: 2
  Device: "part1_baseline"	RelError: 1.92796e-02	AbsError: 3.31192e+12
    Region: "bulk"	RelError: 1.92786e-02	AbsError: 3.31192e+12
      Equation: "ElectronContinuityEquation"	RelError: 1.04181e-03	AbsError: 3.31039e+12
      Equation: "HoleContinuityEquation"	RelError: 1.81321e-02	AbsError: 1.53446e+09
      Equation: "PotentialEquation"	RelError: 1.04714e-04	AbsError: 4.29915e-07
    Region: "oxide"	RelError: 1.01147e-06	AbsError: 3.40830e-07
      Equation: "PotentialEquation"	RelError: 1.01147e-06	AbsError: 3.40830e-07
Iteration: 3
  Device: "part1_baseline"	RelError: 7.34911e-07	AbsError: 5.08438e+06
    Region: "bulk"	RelError: 7.34908e-07	AbsError: 5.08438e+06
      Equation: "ElectronContinuityEquation"	RelError: 4.90348e-09	AbsError: 5.08392e+06
      Equation: "HoleContinuityEquation"	RelError: 7.29900e-07	AbsError: 4.66220e+02
      Equation: "PotentialEquation"	RelError: 1.04292e-10	AbsError: 1.20439e-12
    Region: "oxide"	RelError: 2.59405e-12	AbsError: 8.74103e-13
      Equation: "PotentialEquation"	RelError: 2.59405e-12	AbsError: 8.74103e-13
number of equations 6651
Iteration: 0
  Device: "part1_baseline"	RelError: 2.41726e+01	AbsError: 1.85026e+16
    Region: "bulk"	RelError: 2.41165e+01	AbsError: 1.85026e+16
      Equation: "ElectronContinuityEquation"	RelError: 4.21314e-01	AbsError: 1.83975e+16
      Equation: "HoleContinuityEquation"	RelError: 2.17834e+00	AbsError: 1.05050e+14
      Equation: "PotentialEquation"	RelError: 2.15168e+01	AbsError: 1.87573e-02
    Region: "oxide"	RelError: 5.61023e-02	AbsError: 2.00000e-02
      Equation: "PotentialEquation"	RelError: 5.61023e-02	AbsError: 2.00000e-02
Iteration: 1
  Device: "part1_baseline"	RelError: 6.28825e-01	AbsError: 3.74476e+15
    Region: "bulk"	RelError: 6.28023e-01	AbsError: 3.74476e+15
      Equation: "ElectronContinuityEquation"	RelError: 1.63033e-01	AbsError: 3.74291e+15
      Equation: "HoleContinuityEquation"	RelError: 3.65167e-01	AbsError: 1.84597e+12
      Equation: "PotentialEquation"	RelError: 9.98233e-02	AbsError: 3.88790e-04
    Region: "oxide"	RelError: 8.02135e-04	AbsError: 3.07841e-04
      Equation: "PotentialEquation"	RelError: 8.02135e-04	AbsError: 3.07841e-04
Iteration: 2
  Device: "part1_baseline"	RelError: 1.84087e-02	AbsError: 5.42279e+12
    Region: "bulk"	RelError: 1.84072e-02	AbsError: 5.42279e+12
      Equation: "ElectronContinuityEquation"	RelError: 1.16267e-03	AbsError: 5.42011e+12
      Equation: "HoleContinuityEquation"	RelError: 1.67951e-02	AbsError: 2.67183e+09
      Equation: "PotentialEquation"	RelError: 4.49470e-04	AbsError: 6.49162e-07
    Region: "oxide"	RelError: 1.51284e-06	AbsError: 5.24671e-07
      Equation: "PotentialEquation"	RelError: 1.51284e-06	AbsError: 5.24671e-07
Iteration: 3
  Device: "part1_baseline"	RelError: 8.76224e-07	AbsError: 1.68498e+07
    Region: "bulk"	RelError: 8.76216e-07	AbsError: 1.68498e+07
      Equation: "ElectronContinuityEquation"	RelError: 6.57508e-09	AbsError: 1.68442e+07
      Equation: "HoleContinuityEquation"	RelError: 8.69049e-07	AbsError: 5.54400e+03
      Equation: "PotentialEquation"	RelError: 5.92162e-10	AbsError: 3.59351e-12
    Region: "oxide"	RelError: 7.81741e-12	AbsError: 2.71343e-12
      Equation: "PotentialEquation"	RelError: 7.81741e-12	AbsError: 2.71343e-12
number of equations 6651
Iteration: 0
  Device: "part1_baseline"	RelError: 1.71546e+01	AbsError: 2.63350e+16
    Region: "bulk"	RelError: 1.71017e+01	AbsError: 2.63350e+16
      Equation: "ElectronContinuityEquation"	RelError: 4.19839e-01	AbsError: 2.62332e+16
      Equation: "HoleContinuityEquation"	RelError: 2.16544e+00	AbsError: 1.01799e+14
      Equation: "PotentialEquation"	RelError: 1.45165e+01	AbsError: 1.86608e-02
    Region: "oxide"	RelError: 5.28392e-02	AbsError: 2.00000e-02
      Equation: "PotentialEquation"	RelError: 5.28392e-02	AbsError: 2.00000e-02
Iteration: 1
  Device: "part1_baseline"	RelError: 6.70776e-01	AbsError: 4.80043e+15
    Region: "bulk"	RelError: 6.69796e-01	AbsError: 4.80043e+15
      Equation: "ElectronContinuityEquation"	RelError: 1.60087e-01	AbsError: 4.79845e+15
      Equation: "HoleContinuityEquation"	RelError: 3.65918e-01	AbsError: 1.97412e+12
      Equation: "PotentialEquation"	RelError: 1.43791e-01	AbsError: 4.76241e-04
    Region: "oxide"	RelError: 9.80234e-04	AbsError: 3.85282e-04
      Equation: "PotentialEquation"	RelError: 9.80234e-04	AbsError: 3.85282e-04
Iteration: 2
  Device: "part1_baseline"	RelError: 1.68828e-02	AbsError: 8.56687e+12
    Region: "bulk"	RelError: 1.68807e-02	AbsError: 8.56687e+12
      Equation: "ElectronContinuityEquation"	RelError: 1.22938e-03	AbsError: 8.56270e+12
      Equation: "HoleContinuityEquation"	RelError: 1.50051e-02	AbsError: 4.16401e+09
      Equation: "PotentialEquation"	RelError: 6.46202e-04	AbsError: 9.28820e-07
    Region: "oxide"	RelError: 2.13493e-06	AbsError: 7.67501e-07
      Equation: "PotentialEquation"	RelError: 2.13493e-06	AbsError: 7.67501e-07
Iteration: 3
  Device: "part1_baseline"	RelError: 9.15121e-07	AbsError: 4.34318e+07
    Region: "bulk"	RelError: 9.15102e-07	AbsError: 4.34318e+07
      Equation: "ElectronContinuityEquation"	RelError: 1.00967e-08	AbsError: 4.34067e+07
      Equation: "HoleContinuityEquation"	RelError: 9.02247e-07	AbsError: 2.50646e+04
      Equation: "PotentialEquation"	RelError: 2.75842e-09	AbsError: 9.08574e-12
    Region: "oxide"	RelError: 1.96349e-11	AbsError: 7.05868e-12
      Equation: "PotentialEquation"	RelError: 1.96349e-11	AbsError: 7.05868e-12
number of equations 6651
Iteration: 0
  Device: "part1_baseline"	RelError: 9.07336e+00	AbsError: 3.63003e+16
    Region: "bulk"	RelError: 9.02367e+00	AbsError: 3.63003e+16
      Equation: "ElectronContinuityEquation"	RelError: 4.17105e-01	AbsError: 3.62026e+16
      Equation: "HoleContinuityEquation"	RelError: 2.10825e+00	AbsError: 9.76674e+13
      Equation: "PotentialEquation"	RelError: 6.49831e+00	AbsError: 1.84819e-02
    Region: "oxide"	RelError: 4.96891e-02	AbsError: 2.00000e-02
      Equation: "PotentialEquation"	RelError: 4.96891e-02	AbsError: 2.00000e-02
Iteration: 1
  Device: "part1_baseline"	RelError: 7.25828e-01	AbsError: 5.89811e+15
    Region: "bulk"	RelError: 7.24679e-01	AbsError: 5.89811e+15
      Equation: "ElectronContinuityEquation"	RelError: 1.55345e-01	AbsError: 5.89555e+15
      Equation: "HoleContinuityEquation"	RelError: 3.61689e-01	AbsError: 2.56052e+12
      Equation: "PotentialEquation"	RelError: 2.07644e-01	AbsError: 5.62894e-04
    Region: "oxide"	RelError: 1.14943e-03	AbsError: 4.57816e-04
      Equation: "PotentialEquation"	RelError: 1.14943e-03	AbsError: 4.57816e-04
Iteration: 2
  Device: "part1_baseline"	RelError: 1.41509e-02	AbsError: 1.22376e+13
    Region: "bulk"	RelError: 1.41482e-02	AbsError: 1.22376e+13
      Equation: "ElectronContinuityEquation"	RelError: 1.19023e-03	AbsError: 1.22323e+13
      Equation: "HoleContinuityEquation"	RelError: 1.26527e-02	AbsError: 5.31552e+09
      Equation: "PotentialEquation"	RelError: 3.05277e-04	AbsError: 1.22525e-06
    Region: "oxide"	RelError: 2.73964e-06	AbsError: 1.01950e-06
      Equation: "PotentialEquation"	RelError: 2.73964e-06	AbsError: 1.01950e-06
Iteration: 3
  Device: "part1_baseline"	RelError: 7.36956e-07	AbsError: 7.42554e+07
    Region: "bulk"	RelError: 7.36924e-07	AbsError: 7.42554e+07
      Equation: "ElectronContinuityEquation"	RelError: 1.37063e-08	AbsError: 7.42003e+07
      Equation: "HoleContinuityEquation"	RelError: 7.19114e-07	AbsError: 5.50027e+04
      Equation: "PotentialEquation"	RelError: 4.10340e-09	AbsError: 1.52600e-11
    Region: "oxide"	RelError: 3.20765e-11	AbsError: 1.19366e-11
      Equation: "PotentialEquation"	RelError: 3.20765e-11	AbsError: 1.19366e-11
number of equations 6651
Iteration: 0
  Device: "part1_baseline"	RelError: 2.43108e+01	AbsError: 4.84590e+16
    Region: "bulk"	RelError: 2.42642e+01	AbsError: 4.84590e+16
      Equation: "ElectronContinuityEquation"	RelError: 4.12683e-01	AbsError: 4.83667e+16
      Equation: "HoleContinuityEquation"	RelError: 1.98922e+00	AbsError: 9.22987e+13
      Equation: "PotentialEquation"	RelError: 2.18623e+01	AbsError: 1.81672e-02
    Region: "oxide"	RelError: 4.65550e-02	AbsError: 2.00000e-02
      Equation: "PotentialEquation"	RelError: 4.65550e-02	AbsError: 2.00000e-02
Iteration: 1
  Device: "part1_baseline"	RelError: 8.42301e-01	AbsError: 6.97521e+15
    Region: "bulk"	RelError: 8.40940e-01	AbsError: 6.97521e+15
      Equation: "ElectronContinuityEquation"	RelError: 1.47381e-01	AbsError: 6.97189e+15
      Equation: "HoleContinuityEquation"	RelError: 3.49830e-01	AbsError: 3.32302e+12
      Equation: "PotentialEquation"	RelError: 3.43729e-01	AbsError: 6.72886e-04
    Region: "oxide"	RelError: 1.36134e-03	AbsError: 5.56258e-04
      Equation: "PotentialEquation"	RelError: 1.36134e-03	AbsError: 5.56258e-04
Iteration: 2
  Device: "part1_baseline"	RelError: 1.17666e-02	AbsError: 1.53239e+13
    Region: "bulk"	RelError: 1.17633e-02	AbsError: 1.53239e+13
      Equation: "ElectronContinuityEquation"	RelError: 1.01179e-03	AbsError: 1.53195e+13
      Equation: "HoleContinuityEquation"	RelError: 9.81103e-03	AbsError: 4.42323e+09
      Equation: "PotentialEquation"	RelError: 9.40486e-04	AbsError: 1.82734e-06
    Region: "oxide"	RelError: 3.26791e-06	AbsError: 1.33530e-06
      Equation: "PotentialEquation"	RelError: 3.26791e-06	AbsError: 1.33530e-06
Iteration: 3
  Device: "part1_baseline"	RelError: 4.18261e-07	AbsError: 1.53055e+08
    Region: "bulk"	RelError: 4.18224e-07	AbsError: 1.53055e+08
      Equation: "ElectronContinuityEquation"	RelError: 1.26293e-08	AbsError: 1.53008e+08
      Equation: "HoleContinuityEquation"	RelError: 3.95707e-07	AbsError: 4.68555e+04
      Equation: "PotentialEquation"	RelError: 9.88750e-09	AbsError: 1.97585e-11
    Region: "oxide"	RelError: 3.70530e-11	AbsError: 1.51402e-11
      Equation: "PotentialEquation"	RelError: 3.70530e-11	AbsError: 1.51402e-11
number of equations 6651
Iteration: 0
  Device: "part1_baseline"	RelError: 5.34285e+00	AbsError: 6.27511e+16
    Region: "bulk"	RelError: 5.29963e+00	AbsError: 6.27511e+16
      Equation: "ElectronContinuityEquation"	RelError: 4.05054e-01	AbsError: 6.26658e+16
      Equation: "HoleContinuityEquation"	RelError: 1.79915e+00	AbsError: 8.53643e+13
      Equation: "PotentialEquation"	RelError: 3.09543e+00	AbsError: 1.76528e-02
    Region: "oxide"	RelError: 4.32247e-02	AbsError: 2.00000e-02
      Equation: "PotentialEquation"	RelError: 4.32247e-02	AbsError: 2.00000e-02
Iteration: 1
  Device: "part1_baseline"	RelError: 6.42053e-01	AbsError: 7.98443e+15
    Region: "bulk"	RelError: 6.40516e-01	AbsError: 7.98443e+15
      Equation: "ElectronContinuityEquation"	RelError: 1.35042e-01	AbsError: 7.98026e+15
      Equation: "HoleContinuityEquation"	RelError: 3.27503e-01	AbsError: 4.16687e+12
      Equation: "PotentialEquation"	RelError: 1.77972e-01	AbsError: 7.69025e-04
    Region: "oxide"	RelError: 1.53762e-03	AbsError: 6.39569e-04
      Equation: "PotentialEquation"	RelError: 1.53762e-03	AbsError: 6.39569e-04
Iteration: 2
  Device: "part1_baseline"	RelError: 7.83703e-03	AbsError: 1.70317e+13
    Region: "bulk"	RelError: 7.83201e-03	AbsError: 1.70317e+13
      Equation: "ElectronContinuityEquation"	RelError: 6.83932e-04	AbsError: 1.70292e+13
      Equation: "HoleContinuityEquation"	RelError: 6.84771e-03	AbsError: 2.50572e+09
      Equation: "PotentialEquation"	RelError: 3.00363e-04	AbsError: 2.80515e-06
    Region: "oxide"	RelError: 5.02106e-06	AbsError: 2.08851e-06
      Equation: "PotentialEquation"	RelError: 5.02106e-06	AbsError: 2.08851e-06
Iteration: 3
  Device: "part1_baseline"	RelError: 1.47956e-07	AbsError: 2.70959e+08
    Region: "bulk"	RelError: 1.47864e-07	AbsError: 2.70959e+08
      Equation: "ElectronContinuityEquation"	RelError: 8.74092e-09	AbsError: 2.70950e+08
      Equation: "HoleContinuityEquation"	RelError: 1.38176e-07	AbsError: 8.92394e+03
      Equation: "PotentialEquation"	RelError: 9.47413e-10	AbsError: 4.93307e-11
    Region: "oxide"	RelError: 9.17318e-11	AbsError: 3.81559e-11
      Equation: "PotentialEquation"	RelError: 9.17318e-11	AbsError: 3.81559e-11
number of equations 6651
Iteration: 0
  Device: "part1_baseline"	RelError: 1.22616e+01	AbsError: 7.90265e+16
    Region: "bulk"	RelError: 1.22219e+01	AbsError: 7.90265e+16
      Equation: "ElectronContinuityEquation"	RelError: 3.92869e-01	AbsError: 7.89497e+16
      Equation: "HoleContinuityEquation"	RelError: 1.55167e+00	AbsError: 7.67685e+13
      Equation: "PotentialEquation"	RelError: 1.02774e+01	AbsError: 1.68363e-02
    Region: "oxide"	RelError: 3.97519e-02	AbsError: 2.00000e-02
      Equation: "PotentialEquation"	RelError: 3.97519e-02	AbsError: 2.00000e-02
Iteration: 1
  Device: "part1_baseline"	RelError: 7.81588e-01	AbsError: 8.89728e+15
    Region: "bulk"	RelError: 7.79939e-01	AbsError: 8.89728e+15
      Equation: "ElectronContinuityEquation"	RelError: 1.17926e-01	AbsError: 8.89240e+15
      Equation: "HoleContinuityEquation"	RelError: 2.93616e-01	AbsError: 4.88349e+12
      Equation: "PotentialEquation"	RelError: 3.68398e-01	AbsError: 8.37096e-04
    Region: "oxide"	RelError: 1.64910e-03	AbsError: 7.01730e-04
      Equation: "PotentialEquation"	RelError: 1.64910e-03	AbsError: 7.01730e-04
Iteration: 2
  Device: "part1_baseline"	RelError: 5.37566e-03	AbsError: 1.69419e+13
    Region: "bulk"	RelError: 5.36944e-03	AbsError: 1.69419e+13
      Equation: "ElectronContinuityEquation"	RelError: 3.96885e-04	AbsError: 1.69325e+13
      Equation: "HoleContinuityEquation"	RelError: 4.27975e-03	AbsError: 9.37905e+09
      Equation: "PotentialEquation"	RelError: 6.92813e-04	AbsError: 3.52227e-06
    Region: "oxide"	RelError: 6.21109e-06	AbsError: 2.64298e-06
      Equation: "PotentialEquation"	RelError: 6.21109e-06	AbsError: 2.64298e-06
Iteration: 3
  Device: "part1_baseline"	RelError: 1.33505e-07	AbsError: 4.05601e+08
    Region: "bulk"	RelError: 1.33347e-07	AbsError: 4.05601e+08
      Equation: "ElectronContinuityEquation"	RelError: 1.02077e-08	AbsError: 4.05513e+08
      Equation: "HoleContinuityEquation"	RelError: 1.16240e-07	AbsError: 8.83036e+04
      Equation: "PotentialEquation"	RelError: 6.89934e-09	AbsError: 8.63965e-11
    Region: "oxide"	RelError: 1.57613e-10	AbsError: 6.70682e-11
      Equation: "PotentialEquation"	RelError: 1.57613e-10	AbsError: 6.70682e-11
number of equations 6651
Iteration: 0
  Device: "part1_baseline"	RelError: 1.87121e+01	AbsError: 9.70670e+16
    Region: "bulk"	RelError: 1.86739e+01	AbsError: 9.70670e+16
      Equation: "ElectronContinuityEquation"	RelError: 3.75176e-01	AbsError: 9.70002e+16
      Equation: "HoleContinuityEquation"	RelError: 1.28340e+00	AbsError: 6.68553e+13
      Equation: "PotentialEquation"	RelError: 1.70153e+01	AbsError: 1.56751e-02
    Region: "oxide"	RelError: 3.82321e-02	AbsError: 2.00000e-02
      Equation: "PotentialEquation"	RelError: 3.82321e-02	AbsError: 2.00000e-02
Iteration: 1
  Device: "part1_baseline"	RelError: 9.09595e-01	AbsError: 1.00246e+16
    Region: "bulk"	RelError: 9.07883e-01	AbsError: 1.00246e+16
      Equation: "ElectronContinuityEquation"	RelError: 9.72239e-02	AbsError: 1.00193e+16
      Equation: "HoleContinuityEquation"	RelError: 2.50784e-01	AbsError: 5.23305e+12
      Equation: "PotentialEquation"	RelError: 5.59876e-01	AbsError: 8.89840e-04
    Region: "oxide"	RelError: 1.71186e-03	AbsError: 7.45578e-04
      Equation: "PotentialEquation"	RelError: 1.71186e-03	AbsError: 7.45578e-04
Iteration: 2
  Device: "part1_baseline"	RelError: 5.19263e-03	AbsError: 1.79284e+13
    Region: "bulk"	RelError: 5.18613e-03	AbsError: 1.79284e+13
      Equation: "ElectronContinuityEquation"	RelError: 4.59835e-04	AbsError: 1.79118e+13
      Equation: "HoleContinuityEquation"	RelError: 2.47002e-03	AbsError: 1.66516e+10
      Equation: "PotentialEquation"	RelError: 2.25627e-03	AbsError: 3.80534e-06
    Region: "oxide"	RelError: 6.50632e-06	AbsError: 2.83376e-06
      Equation: "PotentialEquation"	RelError: 6.50632e-06	AbsError: 2.83376e-06
Iteration: 3
  Device: "part1_baseline"	RelError: 1.85172e-07	AbsError: 3.49010e+08
    Region: "bulk"	RelError: 1.85014e-07	AbsError: 3.49010e+08
      Equation: "ElectronContinuityEquation"	RelError: 1.19602e-08	AbsError: 3.48689e+08
      Equation: "HoleContinuityEquation"	RelError: 1.27053e-07	AbsError: 3.20931e+05
      Equation: "PotentialEquation"	RelError: 4.60009e-08	AbsError: 9.09052e-11
    Region: "oxide"	RelError: 1.57356e-10	AbsError: 6.85346e-11
      Equation: "PotentialEquation"	RelError: 1.57356e-10	AbsError: 6.85346e-11
number of equations 6651
Iteration: 0
  Device: "part1_baseline"	RelError: 3.90988e+00	AbsError: 1.16596e+17
    Region: "bulk"	RelError: 3.87305e+00	AbsError: 1.16596e+17
      Equation: "ElectronContinuityEquation"	RelError: 3.52096e-01	AbsError: 1.16540e+17
      Equation: "HoleContinuityEquation"	RelError: 1.04015e+00	AbsError: 5.64160e+13
      Equation: "PotentialEquation"	RelError: 2.48081e+00	AbsError: 1.42295e-02
    Region: "oxide"	RelError: 3.68242e-02	AbsError: 2.00000e-02
      Equation: "PotentialEquation"	RelError: 3.68242e-02	AbsError: 2.00000e-02
Iteration: 1
  Device: "part1_baseline"	RelError: 5.46473e-01	AbsError: 1.09865e+16
    Region: "bulk"	RelError: 5.44714e-01	AbsError: 1.09865e+16
      Equation: "ElectronContinuityEquation"	RelError: 7.57676e-02	AbsError: 1.09814e+16
      Equation: "HoleContinuityEquation"	RelError: 2.05379e-01	AbsError: 5.09341e+12
      Equation: "PotentialEquation"	RelError: 2.63567e-01	AbsError: 9.51241e-04
    Region: "oxide"	RelError: 1.75928e-03	AbsError: 7.98212e-04
      Equation: "PotentialEquation"	RelError: 1.75928e-03	AbsError: 7.98212e-04
Iteration: 2
  Device: "part1_baseline"	RelError: 3.06553e-03	AbsError: 2.19007e+13
    Region: "bulk"	RelError: 3.05768e-03	AbsError: 2.19007e+13
      Equation: "ElectronContinuityEquation"	RelError: 4.01385e-04	AbsError: 2.18817e+13
      Equation: "HoleContinuityEquation"	RelError: 1.41091e-03	AbsError: 1.89640e+10
      Equation: "PotentialEquation"	RelError: 1.24539e-03	AbsError: 4.85099e-06
    Region: "oxide"	RelError: 7.84937e-06	AbsError: 3.60637e-06
      Equation: "PotentialEquation"	RelError: 7.84937e-06	AbsError: 3.60637e-06
Iteration: 3
  Device: "part1_baseline"	RelError: 1.29437e-07	AbsError: 6.35033e+08
    Region: "bulk"	RelError: 1.29177e-07	AbsError: 6.35033e+08
      Equation: "ElectronContinuityEquation"	RelError: 1.58944e-08	AbsError: 6.34560e+08
      Equation: "HoleContinuityEquation"	RelError: 7.94949e-08	AbsError: 4.72474e+05
      Equation: "PotentialEquation"	RelError: 3.37874e-08	AbsError: 1.59991e-10
    Region: "oxide"	RelError: 2.60548e-10	AbsError: 1.20769e-10
      Equation: "PotentialEquation"	RelError: 2.60548e-10	AbsError: 1.20769e-10
number of equations 6651
Iteration: 0
  Device: "part1_baseline"	RelError: 2.09262e+01	AbsError: 1.37288e+17
    Region: "bulk"	RelError: 2.08906e+01	AbsError: 1.37288e+17
      Equation: "ElectronContinuityEquation"	RelError: 3.25156e-01	AbsError: 1.37242e+17
      Equation: "HoleContinuityEquation"	RelError: 8.36134e-01	AbsError: 4.64141e+13
      Equation: "PotentialEquation"	RelError: 1.97294e+01	AbsError: 1.26301e-02
    Region: "oxide"	RelError: 3.55163e-02	AbsError: 2.00000e-02
      Equation: "PotentialEquation"	RelError: 3.55163e-02	AbsError: 2.00000e-02
Iteration: 1
  Device: "part1_baseline"	RelError: 2.43093e+00	AbsError: 1.18836e+16
    Region: "bulk"	RelError: 2.42922e+00	AbsError: 1.18836e+16
      Equation: "ElectronContinuityEquation"	RelError: 5.66678e-02	AbsError: 1.18791e+16
      Equation: "HoleContinuityEquation"	RelError: 1.63787e-01	AbsError: 4.54272e+12
      Equation: "PotentialEquation"	RelError: 2.20876e+00	AbsError: 9.24330e-04
    Region: "oxide"	RelError: 1.71062e-03	AbsError: 7.99105e-04
      Equation: "PotentialEquation"	RelError: 1.71062e-03	AbsError: 7.99105e-04
Iteration: 2
  Device: "part1_baseline"	RelError: 9.84221e-03	AbsError: 2.35447e+13
    Region: "bulk"	RelError: 9.83465e-03	AbsError: 2.35447e+13
      Equation: "ElectronContinuityEquation"	RelError: 2.49329e-04	AbsError: 2.35287e+13
      Equation: "HoleContinuityEquation"	RelError: 8.24075e-04	AbsError: 1.60113e+10
      Equation: "PotentialEquation"	RelError: 8.76124e-03	AbsError: 4.59750e-06
    Region: "oxide"	RelError: 7.56281e-06	AbsError: 3.54426e-06
      Equation: "PotentialEquation"	RelError: 7.56281e-06	AbsError: 3.54426e-06
Iteration: 3
  Device: "part1_baseline"	RelError: 2.04230e-07	AbsError: 6.55013e+08
    Region: "bulk"	RelError: 2.03998e-07	AbsError: 6.55013e+08
      Equation: "ElectronContinuityEquation"	RelError: 9.40788e-09	AbsError: 6.54658e+08
      Equation: "HoleContinuityEquation"	RelError: 3.29509e-08	AbsError: 3.54104e+05
      Equation: "PotentialEquation"	RelError: 1.61639e-07	AbsError: 1.40932e-10
    Region: "oxide"	RelError: 2.31952e-10	AbsError: 1.09285e-10
      Equation: "PotentialEquation"	RelError: 2.31952e-10	AbsError: 1.09285e-10
number of equations 6651
Iteration: 0
  Device: "part1_baseline"	RelError: 4.81536e+01	AbsError: 1.58791e+17
    Region: "bulk"	RelError: 4.81193e+01	AbsError: 1.58791e+17
      Equation: "ElectronContinuityEquation"	RelError: 2.96763e-01	AbsError: 1.58754e+17
      Equation: "HoleContinuityEquation"	RelError: 6.73344e-01	AbsError: 3.75992e+13
      Equation: "PotentialEquation"	RelError: 4.71492e+01	AbsError: 1.10572e-02
    Region: "oxide"	RelError: 3.42982e-02	AbsError: 2.00000e-02
      Equation: "PotentialEquation"	RelError: 3.42982e-02	AbsError: 2.00000e-02
Iteration: 1
  Device: "part1_baseline"	RelError: 1.87860e+00	AbsError: 1.26803e+16
    Region: "bulk"	RelError: 1.87707e+00	AbsError: 1.26803e+16
      Equation: "ElectronContinuityEquation"	RelError: 4.16195e-02	AbsError: 1.26765e+16
      Equation: "HoleContinuityEquation"	RelError: 1.27875e-01	AbsError: 3.78989e+12
      Equation: "PotentialEquation"	RelError: 1.70758e+00	AbsError: 8.14741e-04
    Region: "oxide"	RelError: 1.52779e-03	AbsError: 7.29288e-04
      Equation: "PotentialEquation"	RelError: 1.52779e-03	AbsError: 7.29288e-04
Iteration: 2
  Device: "part1_baseline"	RelError: 5.89422e-03	AbsError: 1.88239e+13
    Region: "bulk"	RelError: 5.88866e-03	AbsError: 1.88239e+13
      Equation: "ElectronContinuityEquation"	RelError: 1.76176e-04	AbsError: 1.88129e+13
      Equation: "HoleContinuityEquation"	RelError: 4.99956e-04	AbsError: 1.09973e+10
      Equation: "PotentialEquation"	RelError: 5.21253e-03	AbsError: 3.35886e-06
    Region: "oxide"	RelError: 5.55823e-06	AbsError: 2.65852e-06
      Equation: "PotentialEquation"	RelError: 5.55823e-06	AbsError: 2.65852e-06
Iteration: 3
  Device: "part1_baseline"	RelError: 7.59977e-08	AbsError: 3.43525e+08
    Region: "bulk"	RelError: 7.58861e-08	AbsError: 3.43525e+08
      Equation: "ElectronContinuityEquation"	RelError: 5.33726e-09	AbsError: 3.43362e+08
      Equation: "HoleContinuityEquation"	RelError: 1.13353e-08	AbsError: 1.62612e+05
      Equation: "PotentialEquation"	RelError: 5.92135e-08	AbsError: 6.77610e-11
    Region: "oxide"	RelError: 1.11630e-10	AbsError: 5.33931e-11
      Equation: "PotentialEquation"	RelError: 1.11630e-10	AbsError: 5.33931e-11
number of equations 6651
Iteration: 0
  Device: "part1_baseline"	RelError: 2.55075e+00	AbsError: 1.80748e+17
    Region: "bulk"	RelError: 2.51759e+00	AbsError: 1.80748e+17
      Equation: "ElectronContinuityEquation"	RelError: 2.69155e-01	AbsError: 1.80717e+17
      Equation: "HoleContinuityEquation"	RelError: 5.48594e-01	AbsError: 3.02997e+13
      Equation: "PotentialEquation"	RelError: 1.69984e+00	AbsError: 9.64018e-03
    Region: "oxide"	RelError: 3.31608e-02	AbsError: 2.00000e-02
      Equation: "PotentialEquation"	RelError: 3.31608e-02	AbsError: 2.00000e-02
Iteration: 1
  Device: "part1_baseline"	RelError: 3.32698e-01	AbsError: 1.30812e+16
    Region: "bulk"	RelError: 3.31403e-01	AbsError: 1.30812e+16
      Equation: "ElectronContinuityEquation"	RelError: 3.06118e-02	AbsError: 1.30782e+16
      Equation: "HoleContinuityEquation"	RelError: 9.91437e-02	AbsError: 3.03099e+12
      Equation: "PotentialEquation"	RelError: 2.01648e-01	AbsError: 6.80227e-04
    Region: "oxide"	RelError: 1.29497e-03	AbsError: 6.28799e-04
      Equation: "PotentialEquation"	RelError: 1.29497e-03	AbsError: 6.28799e-04
Iteration: 2
  Device: "part1_baseline"	RelError: 1.02939e-03	AbsError: 1.25349e+13
    Region: "bulk"	RelError: 1.02593e-03	AbsError: 1.25349e+13
      Equation: "ElectronContinuityEquation"	RelError: 1.28503e-04	AbsError: 1.25283e+13
      Equation: "HoleContinuityEquation"	RelError: 3.25065e-04	AbsError: 6.65876e+09
      Equation: "PotentialEquation"	RelError: 5.72359e-04	AbsError: 2.08323e-06
    Region: "oxide"	RelError: 3.46270e-06	AbsError: 1.68741e-06
      Equation: "PotentialEquation"	RelError: 3.46270e-06	AbsError: 1.68741e-06
Iteration: 3
  Device: "part1_baseline"	RelError: 1.17564e-08	AbsError: 1.28916e+08
    Region: "bulk"	RelError: 1.17177e-08	AbsError: 1.28916e+08
      Equation: "ElectronContinuityEquation"	RelError: 2.59405e-09	AbsError: 1.28861e+08
      Equation: "HoleContinuityEquation"	RelError: 3.84985e-09	AbsError: 5.50925e+04
      Equation: "PotentialEquation"	RelError: 5.27376e-09	AbsError: 2.36752e-11
    Region: "oxide"	RelError: 3.87636e-11	AbsError: 1.88900e-11
      Equation: "PotentialEquation"	RelError: 3.87636e-11	AbsError: 1.88900e-11
number of equations 6651
Iteration: 0
  Device: "part1_baseline"	RelError: 1.64003e+00	AbsError: 2.02819e+17
    Region: "bulk"	RelError: 1.60794e+00	AbsError: 2.02819e+17
      Equation: "ElectronContinuityEquation"	RelError: 2.43717e-01	AbsError: 2.02795e+17
      Equation: "HoleContinuityEquation"	RelError: 4.54226e-01	AbsError: 2.44832e+13
      Equation: "PotentialEquation"	RelError: 9.09993e-01	AbsError: 8.42228e-03
    Region: "oxide"	RelError: 3.20965e-02	AbsError: 2.00000e-02
      Equation: "PotentialEquation"	RelError: 3.20965e-02	AbsError: 2.00000e-02
Iteration: 1
  Device: "part1_baseline"	RelError: 1.82340e-01	AbsError: 1.31204e+16
    Region: "bulk"	RelError: 1.81270e-01	AbsError: 1.31204e+16
      Equation: "ElectronContinuityEquation"	RelError: 2.27941e-02	AbsError: 1.31180e+16
      Equation: "HoleContinuityEquation"	RelError: 7.71618e-02	AbsError: 2.37312e+12
      Equation: "PotentialEquation"	RelError: 8.13139e-02	AbsError: 5.53339e-04
    Region: "oxide"	RelError: 1.07038e-03	AbsError: 5.27306e-04
      Equation: "PotentialEquation"	RelError: 1.07038e-03	AbsError: 5.27306e-04
Iteration: 2
  Device: "part1_baseline"	RelError: 4.80901e-04	AbsError: 8.61789e+12
    Region: "bulk"	RelError: 4.78915e-04	AbsError: 8.61789e+12
      Equation: "ElectronContinuityEquation"	RelError: 8.71851e-05	AbsError: 8.61410e+12
      Equation: "HoleContinuityEquation"	RelError: 2.22534e-04	AbsError: 3.78866e+09
      Equation: "PotentialEquation"	RelError: 1.69196e-04	AbsError: 1.18703e-06
    Region: "oxide"	RelError: 1.98607e-06	AbsError: 9.83499e-07
      Equation: "PotentialEquation"	RelError: 1.98607e-06	AbsError: 9.83499e-07
Iteration: 3
  Device: "part1_baseline"	RelError: 3.49377e-09	AbsError: 4.03439e+07
    Region: "bulk"	RelError: 3.48253e-09	AbsError: 4.03439e+07
      Equation: "ElectronContinuityEquation"	RelError: 1.07146e-09	AbsError: 4.03280e+07
      Equation: "HoleContinuityEquation"	RelError: 1.61339e-09	AbsError: 1.58985e+04
      Equation: "PotentialEquation"	RelError: 7.97680e-10	AbsError: 6.89852e-12
    Region: "oxide"	RelError: 1.12439e-11	AbsError: 5.56796e-12
      Equation: "PotentialEquation"	RelError: 1.12439e-11	AbsError: 5.56796e-12
number of equations 6651
Iteration: 0
  Device: "part1_baseline"	RelError: 2.79133e+00	AbsError: 2.24706e+17
    Region: "bulk"	RelError: 2.76024e+00	AbsError: 2.24706e+17
      Equation: "ElectronContinuityEquation"	RelError: 2.20988e-01	AbsError: 2.24686e+17
      Equation: "HoleContinuityEquation"	RelError: 3.82480e-01	AbsError: 1.99341e+13
      Equation: "PotentialEquation"	RelError: 2.15677e+00	AbsError: 7.40074e-03
    Region: "oxide"	RelError: 3.10983e-02	AbsError: 2.00000e-02
      Equation: "PotentialEquation"	RelError: 3.10983e-02	AbsError: 2.00000e-02
Iteration: 1
  Device: "part1_baseline"	RelError: 2.44280e-01	AbsError: 1.29121e+16
    Region: "bulk"	RelError: 2.43401e-01	AbsError: 1.29121e+16
      Equation: "ElectronContinuityEquation"	RelError: 1.72489e-02	AbsError: 1.29103e+16
      Equation: "HoleContinuityEquation"	RelError: 6.06638e-02	AbsError: 1.84580e+12
      Equation: "PotentialEquation"	RelError: 1.65489e-01	AbsError: 4.50183e-04
    Region: "oxide"	RelError: 8.78353e-04	AbsError: 4.38750e-04
      Equation: "PotentialEquation"	RelError: 8.78353e-04	AbsError: 4.38750e-04
Iteration: 2
  Device: "part1_baseline"	RelError: 4.62560e-04	AbsError: 6.56236e+12
    Region: "bulk"	RelError: 4.61455e-04	AbsError: 6.56236e+12
      Equation: "ElectronContinuityEquation"	RelError: 5.74861e-05	AbsError: 6.56021e+12
      Equation: "HoleContinuityEquation"	RelError: 1.59222e-04	AbsError: 2.15223e+09
      Equation: "PotentialEquation"	RelError: 2.44747e-04	AbsError: 6.52688e-07
    Region: "oxide"	RelError: 1.10580e-06	AbsError: 5.54629e-07
      Equation: "PotentialEquation"	RelError: 1.10580e-06	AbsError: 5.54629e-07
Iteration: 3
  Device: "part1_baseline"	RelError: 1.69304e-09	AbsError: 1.21736e+07
    Region: "bulk"	RelError: 1.68999e-09	AbsError: 1.21736e+07
      Equation: "ElectronContinuityEquation"	RelError: 4.14423e-10	AbsError: 1.21693e+07
      Equation: "HoleContinuityEquation"	RelError: 7.18122e-10	AbsError: 4.31601e+03
      Equation: "PotentialEquation"	RelError: 5.57448e-10	AbsError: 1.86825e-12
    Region: "oxide"	RelError: 3.04313e-12	AbsError: 1.52813e-12
      Equation: "PotentialEquation"	RelError: 3.04313e-12	AbsError: 1.52813e-12
number of equations 6651
Iteration: 0
  Device: "part1_baseline"	RelError: 4.87677e+00	AbsError: 2.46156e+17
    Region: "bulk"	RelError: 4.84661e+00	AbsError: 2.46156e+17
      Equation: "ElectronContinuityEquation"	RelError: 2.00976e-01	AbsError: 2.46140e+17
      Equation: "HoleContinuityEquation"	RelError: 3.27145e-01	AbsError: 1.63943e+13
      Equation: "PotentialEquation"	RelError: 4.31849e+00	AbsError: 6.55035e-03
    Region: "oxide"	RelError: 3.01604e-02	AbsError: 2.00000e-02
      Equation: "PotentialEquation"	RelError: 3.01604e-02	AbsError: 2.00000e-02
Iteration: 1
  Device: "part1_baseline"	RelError: 6.40722e-01	AbsError: 1.25531e+16
    Region: "bulk"	RelError: 6.39999e-01	AbsError: 1.25531e+16
      Equation: "ElectronContinuityEquation"	RelError: 1.33060e-02	AbsError: 1.25517e+16
      Equation: "HoleContinuityEquation"	RelError: 4.83101e-02	AbsError: 1.43889e+12
      Equation: "PotentialEquation"	RelError: 5.78383e-01	AbsError: 3.65968e-04
    Region: "oxide"	RelError: 7.22737e-04	AbsError: 3.65488e-04
      Equation: "PotentialEquation"	RelError: 7.22737e-04	AbsError: 3.65488e-04
Iteration: 2
  Device: "part1_baseline"	RelError: 7.04239e-04	AbsError: 5.14356e+12
    Region: "bulk"	RelError: 7.03621e-04	AbsError: 5.14356e+12
      Equation: "ElectronContinuityEquation"	RelError: 3.77412e-05	AbsError: 5.14232e+12
      Equation: "HoleContinuityEquation"	RelError: 1.13727e-04	AbsError: 1.23851e+09
      Equation: "PotentialEquation"	RelError: 5.52153e-04	AbsError: 3.58334e-07
    Region: "oxide"	RelError: 6.18629e-07	AbsError: 3.12841e-07
      Equation: "PotentialEquation"	RelError: 6.18629e-07	AbsError: 3.12841e-07
Iteration: 3
  Device: "part1_baseline"	RelError: 9.90163e-10	AbsError: 3.92513e+06
    Region: "bulk"	RelError: 9.89346e-10	AbsError: 3.92513e+06
      Equation: "ElectronContinuityEquation"	RelError: 1.58656e-10	AbsError: 3.92394e+06
      Equation: "HoleContinuityEquation"	RelError: 3.26538e-10	AbsError: 1.18886e+03
      Equation: "PotentialEquation"	RelError: 5.04151e-10	AbsError: 4.98955e-13
    Region: "oxide"	RelError: 8.17418e-13	AbsError: 4.15522e-13
      Equation: "PotentialEquation"	RelError: 8.17418e-13	AbsError: 4.15522e-13
number of equations 6651
Iteration: 0
  Device: "part1_baseline"	RelError: 1.43665e+00	AbsError: 2.66971e+17
    Region: "bulk"	RelError: 1.40737e+00	AbsError: 2.66971e+17
      Equation: "ElectronContinuityEquation"	RelError: 1.83446e-01	AbsError: 2.66958e+17
      Equation: "HoleContinuityEquation"	RelError: 2.84700e-01	AbsError: 1.36313e+13
      Equation: "PotentialEquation"	RelError: 9.39226e-01	AbsError: 5.84112e-03
    Region: "oxide"	RelError: 2.92774e-02	AbsError: 2.00000e-02
      Equation: "PotentialEquation"	RelError: 2.92774e-02	AbsError: 2.00000e-02
Iteration: 1
  Device: "part1_baseline"	RelError: 1.23338e-01	AbsError: 1.20859e+16
    Region: "bulk"	RelError: 1.22739e-01	AbsError: 1.20859e+16
      Equation: "ElectronContinuityEquation"	RelError: 1.04016e-02	AbsError: 1.20848e+16
      Equation: "HoleContinuityEquation"	RelError: 3.89927e-02	AbsError: 1.12965e+12
      Equation: "PotentialEquation"	RelError: 7.33447e-02	AbsError: 3.06309e-04
    Region: "oxide"	RelError: 5.99154e-04	AbsError: 3.06309e-04
      Equation: "PotentialEquation"	RelError: 5.99154e-04	AbsError: 3.06309e-04
Iteration: 2
  Device: "part1_baseline"	RelError: 1.73613e-04	AbsError: 4.12300e+12
    Region: "bulk"	RelError: 1.73263e-04	AbsError: 4.12300e+12
      Equation: "ElectronContinuityEquation"	RelError: 2.49898e-05	AbsError: 4.12227e+12
      Equation: "HoleContinuityEquation"	RelError: 8.99225e-05	AbsError: 7.31478e+08
      Equation: "PotentialEquation"	RelError: 5.83502e-05	AbsError: 2.00556e-07
    Region: "oxide"	RelError: 3.50599e-07	AbsError: 1.79239e-07
      Equation: "PotentialEquation"	RelError: 3.50599e-07	AbsError: 1.79239e-07
Iteration: 3
  Device: "part1_baseline"	RelError: 2.44780e-10	AbsError: 1.42865e+06
    Region: "bulk"	RelError: 2.44553e-10	AbsError: 1.42865e+06
      Equation: "ElectronContinuityEquation"	RelError: 6.19718e-11	AbsError: 1.42831e+06
      Equation: "HoleContinuityEquation"	RelError: 1.52760e-10	AbsError: 3.34741e+02
      Equation: "PotentialEquation"	RelError: 2.98208e-11	AbsError: 1.35805e-13
    Region: "oxide"	RelError: 2.26973e-13	AbsError: 1.16037e-13
      Equation: "PotentialEquation"	RelError: 2.26973e-13	AbsError: 1.16037e-13
number of equations 6651
Iteration: 0
  Device: "part1_baseline"	RelError: 3.21595e+00	AbsError: 2.87005e+17
    Region: "bulk"	RelError: 3.18751e+00	AbsError: 2.87005e+17
      Equation: "ElectronContinuityEquation"	RelError: 1.68090e-01	AbsError: 2.86993e+17
      Equation: "HoleContinuityEquation"	RelError: 2.51455e-01	AbsError: 1.14587e+13
      Equation: "PotentialEquation"	RelError: 2.76797e+00	AbsError: 5.24584e-03
    Region: "oxide"	RelError: 2.84446e-02	AbsError: 2.00000e-02
      Equation: "PotentialEquation"	RelError: 2.84446e-02	AbsError: 2.00000e-02
Iteration: 1
  Device: "part1_baseline"	RelError: 2.17108e-01	AbsError: 1.15564e+16
    Region: "bulk"	RelError: 2.16607e-01	AbsError: 1.15564e+16
      Equation: "ElectronContinuityEquation"	RelError: 8.22650e-03	AbsError: 1.15555e+16
      Equation: "HoleContinuityEquation"	RelError: 3.19632e-02	AbsError: 8.95248e+11
      Equation: "PotentialEquation"	RelError: 1.76417e-01	AbsError: 2.58794e-04
    Region: "oxide"	RelError: 5.01322e-04	AbsError: 2.58794e-04
      Equation: "PotentialEquation"	RelError: 5.01322e-04	AbsError: 2.58794e-04
Iteration: 2
  Device: "part1_baseline"	RelError: 1.88065e-04	AbsError: 3.35213e+12
    Region: "bulk"	RelError: 1.87862e-04	AbsError: 3.35213e+12
      Equation: "ElectronContinuityEquation"	RelError: 1.67929e-05	AbsError: 3.35168e+12
      Equation: "HoleContinuityEquation"	RelError: 7.00177e-05	AbsError: 4.47671e+08
      Equation: "PotentialEquation"	RelError: 1.01052e-04	AbsError: 1.15615e-07
    Region: "oxide"	RelError: 2.02944e-07	AbsError: 1.04764e-07
      Equation: "PotentialEquation"	RelError: 2.02944e-07	AbsError: 1.04764e-07
Iteration: 3
  Device: "part1_baseline"	RelError: 1.23353e-10	AbsError: 5.88092e+05
    Region: "bulk"	RelError: 1.23288e-10	AbsError: 5.88092e+05
      Equation: "ElectronContinuityEquation"	RelError: 2.50965e-11	AbsError: 5.87993e+05
      Equation: "HoleContinuityEquation"	RelError: 7.37137e-11	AbsError: 9.87991e+01
      Equation: "PotentialEquation"	RelError: 2.44775e-11	AbsError: 3.80951e-14
    Region: "oxide"	RelError: 6.56683e-14	AbsError: 3.38995e-14
      Equation: "PotentialEquation"	RelError: 6.56683e-14	AbsError: 3.38995e-14
number of equations 6651
Iteration: 0
  Device: "part1_baseline"	RelError: 3.35720e+00	AbsError: 3.06156e+17
    Region: "bulk"	RelError: 3.32954e+00	AbsError: 3.06156e+17
      Equation: "ElectronContinuityEquation"	RelError: 1.54693e-01	AbsError: 3.06147e+17
      Equation: "HoleContinuityEquation"	RelError: 2.23979e-01	AbsError: 9.73385e+12
      Equation: "PotentialEquation"	RelError: 2.95087e+00	AbsError: 4.74211e-03
    Region: "oxide"	RelError: 2.76579e-02	AbsError: 2.00000e-02
      Equation: "PotentialEquation"	RelError: 2.76579e-02	AbsError: 2.00000e-02
Iteration: 1
  Device: "part1_baseline"	RelError: 3.05164e-01	AbsError: 1.09923e+16
    Region: "bulk"	RelError: 3.04741e-01	AbsError: 1.09923e+16
      Equation: "ElectronContinuityEquation"	RelError: 6.58779e-03	AbsError: 1.09916e+16
      Equation: "HoleContinuityEquation"	RelError: 2.66854e-02	AbsError: 7.16848e+11
      Equation: "PotentialEquation"	RelError: 2.71467e-01	AbsError: 2.20522e-04
    Region: "oxide"	RelError: 4.23475e-04	AbsError: 2.20522e-04
      Equation: "PotentialEquation"	RelError: 4.23475e-04	AbsError: 2.20522e-04
Iteration: 2
  Device: "part1_baseline"	RelError: 1.84263e-04	AbsError: 2.73827e+12
    Region: "bulk"	RelError: 1.84142e-04	AbsError: 2.73827e+12
      Equation: "ElectronContinuityEquation"	RelError: 1.14831e-05	AbsError: 2.73798e+12
      Equation: "HoleContinuityEquation"	RelError: 5.45958e-05	AbsError: 2.85358e+08
      Equation: "PotentialEquation"	RelError: 1.18064e-04	AbsError: 6.92318e-08
    Region: "oxide"	RelError: 1.20473e-07	AbsError: 6.27355e-08
      Equation: "PotentialEquation"	RelError: 1.20473e-07	AbsError: 6.27355e-08
Iteration: 3
  Device: "part1_baseline"	RelError: 6.06891e-11	AbsError: 2.62073e+05
    Region: "bulk"	RelError: 6.06694e-11	AbsError: 2.62073e+05
      Equation: "ElectronContinuityEquation"	RelError: 1.06240e-11	AbsError: 2.62041e+05
      Equation: "HoleContinuityEquation"	RelError: 3.67029e-11	AbsError: 3.16942e+01
      Equation: "PotentialEquation"	RelError: 1.33425e-11	AbsError: 1.08637e-14
    Region: "oxide"	RelError: 1.97586e-14	AbsError: 1.02892e-14
      Equation: "PotentialEquation"	RelError: 1.97586e-14	AbsError: 1.02892e-14
number of equations 6651
Iteration: 0
  Device: "part1_baseline"	RelError: 1.13425e+00	AbsError: 3.24365e+17
    Region: "bulk"	RelError: 1.10734e+00	AbsError: 3.24365e+17
      Equation: "ElectronContinuityEquation"	RelError: 1.42885e-01	AbsError: 3.24357e+17
      Equation: "HoleContinuityEquation"	RelError: 2.01015e-01	AbsError: 8.35026e+12
      Equation: "PotentialEquation"	RelError: 7.63441e-01	AbsError: 4.31225e-03
    Region: "oxide"	RelError: 2.69135e-02	AbsError: 2.00000e-02
      Equation: "PotentialEquation"	RelError: 2.69135e-02	AbsError: 2.00000e-02
Iteration: 1
  Device: "part1_baseline"	RelError: 8.31942e-02	AbsError: 1.04099e+16
    Region: "bulk"	RelError: 8.28332e-02	AbsError: 1.04099e+16
      Equation: "ElectronContinuityEquation"	RelError: 5.32873e-03	AbsError: 1.04094e+16
      Equation: "HoleContinuityEquation"	RelError: 2.24790e-02	AbsError: 5.80030e+11
      Equation: "PotentialEquation"	RelError: 5.50255e-02	AbsError: 1.89466e-04
    Region: "oxide"	RelError: 3.60978e-04	AbsError: 1.89466e-04
      Equation: "PotentialEquation"	RelError: 3.60978e-04	AbsError: 1.89466e-04
Iteration: 2
  Device: "part1_baseline"	RelError: 6.99338e-05	AbsError: 2.32011e+12
    Region: "bulk"	RelError: 6.98603e-05	AbsError: 2.32011e+12
      Equation: "ElectronContinuityEquation"	RelError: 7.99599e-06	AbsError: 2.31992e+12
      Equation: "HoleContinuityEquation"	RelError: 4.25897e-05	AbsError: 1.89788e+08
      Equation: "PotentialEquation"	RelError: 1.92746e-05	AbsError: 4.34600e-08
    Region: "oxide"	RelError: 7.34880e-08	AbsError: 3.85715e-08
      Equation: "PotentialEquation"	RelError: 7.34880e-08	AbsError: 3.85715e-08
Iteration: 3
  Device: "part1_baseline"	RelError: 2.46999e-11	AbsError: 1.21227e+05
    Region: "bulk"	RelError: 2.46937e-11	AbsError: 1.21227e+05
      Equation: "ElectronContinuityEquation"	RelError: 4.72041e-12	AbsError: 1.21216e+05
      Equation: "HoleContinuityEquation"	RelError: 1.88414e-11	AbsError: 1.16935e+01
      Equation: "PotentialEquation"	RelError: 1.13194e-12	AbsError: 3.23429e-15
    Region: "oxide"	RelError: 6.16211e-15	AbsError: 3.23429e-15
      Equation: "PotentialEquation"	RelError: 6.16211e-15	AbsError: 3.23429e-15
number of equations 6651
Iteration: 0
  Device: "part1_baseline"	RelError: 7.51665e-01	AbsError: 3.41603e+17
    Region: "bulk"	RelError: 7.25457e-01	AbsError: 3.41603e+17
      Equation: "ElectronContinuityEquation"	RelError: 1.32417e-01	AbsError: 3.41596e+17
      Equation: "HoleContinuityEquation"	RelError: 1.81624e-01	AbsError: 7.22881e+12
      Equation: "PotentialEquation"	RelError: 4.11416e-01	AbsError: 3.94242e-03
    Region: "oxide"	RelError: 2.62082e-02	AbsError: 2.00000e-02
      Equation: "PotentialEquation"	RelError: 2.62082e-02	AbsError: 2.00000e-02
Iteration: 1
  Device: "part1_baseline"	RelError: 5.10339e-02	AbsError: 9.82502e+15
    Region: "bulk"	RelError: 5.07236e-02	AbsError: 9.82502e+15
      Equation: "ElectronContinuityEquation"	RelError: 4.34453e-03	AbsError: 9.82455e+15
      Equation: "HoleContinuityEquation"	RelError: 1.90943e-02	AbsError: 4.74124e+11
      Equation: "PotentialEquation"	RelError: 2.72848e-02	AbsError: 1.64037e-04
    Region: "oxide"	RelError: 3.10296e-04	AbsError: 1.64037e-04
      Equation: "PotentialEquation"	RelError: 3.10296e-04	AbsError: 1.64037e-04
Iteration: 2
  Device: "part1_baseline"	RelError: 4.69337e-05	AbsError: 2.00774e+12
    Region: "bulk"	RelError: 4.68875e-05	AbsError: 2.00774e+12
      Equation: "ElectronContinuityEquation"	RelError: 5.66819e-06	AbsError: 2.00761e+12
      Equation: "HoleContinuityEquation"	RelError: 3.32698e-05	AbsError: 1.31591e+08
      Equation: "PotentialEquation"	RelError: 7.94960e-06	AbsError: 2.87063e-08
    Region: "oxide"	RelError: 4.61130e-08	AbsError: 2.43774e-08
      Equation: "PotentialEquation"	RelError: 4.61130e-08	AbsError: 2.43774e-08
Iteration: 3
  Device: "part1_baseline"	RelError: 1.24391e-11	AbsError: 6.17529e+04
    Region: "bulk"	RelError: 1.24372e-11	AbsError: 6.17529e+04
      Equation: "ElectronContinuityEquation"	RelError: 2.20532e-12	AbsError: 6.17476e+04
      Equation: "HoleContinuityEquation"	RelError: 9.95837e-12	AbsError: 5.24336e+00
      Equation: "PotentialEquation"	RelError: 2.73485e-13	AbsError: 1.87543e-15
    Region: "oxide"	RelError: 1.96547e-15	AbsError: 1.03904e-15
      Equation: "PotentialEquation"	RelError: 1.96547e-15	AbsError: 1.03904e-15
number of equations 6651
Iteration: 0
  Device: "part1_baseline"	RelError: 5.84108e-01	AbsError: 3.57868e+17
    Region: "bulk"	RelError: 5.58570e-01	AbsError: 3.57868e+17
      Equation: "ElectronContinuityEquation"	RelError: 1.23102e-01	AbsError: 3.57861e+17
      Equation: "HoleContinuityEquation"	RelError: 1.65514e-01	AbsError: 6.31063e+12
      Equation: "PotentialEquation"	RelError: 2.69954e-01	AbsError: 3.62183e-03
    Region: "oxide"	RelError: 2.55388e-02	AbsError: 2.00000e-02
      Equation: "PotentialEquation"	RelError: 2.55388e-02	AbsError: 2.00000e-02
Iteration: 1
  Device: "part1_baseline"	RelError: 3.69503e-02	AbsError: 9.24879e+15
    Region: "bulk"	RelError: 3.66816e-02	AbsError: 9.24879e+15
      Equation: "ElectronContinuityEquation"	RelError: 3.57223e-03	AbsError: 9.24840e+15
      Equation: "HoleContinuityEquation"	RelError: 1.63456e-02	AbsError: 3.91332e+11
      Equation: "PotentialEquation"	RelError: 1.67637e-02	AbsError: 1.43021e-04
    Region: "oxide"	RelError: 2.68774e-04	AbsError: 1.43021e-04
      Equation: "PotentialEquation"	RelError: 2.68774e-04	AbsError: 1.43021e-04
Iteration: 2
  Device: "part1_baseline"	RelError: 3.43898e-05	AbsError: 1.73778e+12
    Region: "bulk"	RelError: 3.43600e-05	AbsError: 1.73778e+12
      Equation: "ElectronContinuityEquation"	RelError: 4.08732e-06	AbsError: 1.73769e+12
      Equation: "HoleContinuityEquation"	RelError: 2.60820e-05	AbsError: 9.48466e+07
      Equation: "PotentialEquation"	RelError: 4.19068e-06	AbsError: 2.00326e-08
    Region: "oxide"	RelError: 2.97861e-08	AbsError: 1.58499e-08
      Equation: "PotentialEquation"	RelError: 2.97861e-08	AbsError: 1.58499e-08
Iteration: 3
  Device: "part1_baseline"	RelError: 7.29752e-12	AbsError: 4.02673e+04
    Region: "bulk"	RelError: 7.29631e-12	AbsError: 4.02673e+04
      Equation: "ElectronContinuityEquation"	RelError: 1.08372e-12	AbsError: 4.02644e+04
      Equation: "HoleContinuityEquation"	RelError: 6.10066e-12	AbsError: 2.86459e+00
      Equation: "PotentialEquation"	RelError: 1.11927e-13	AbsError: 1.26982e-15
    Region: "oxide"	RelError: 1.20941e-15	AbsError: 6.69203e-16
      Equation: "PotentialEquation"	RelError: 1.20941e-15	AbsError: 6.69203e-16
number of equations 6651
Iteration: 0
  Device: "part1_baseline"	RelError: 5.78233e-01	AbsError: 3.73175e+17
    Region: "bulk"	RelError: 5.53330e-01	AbsError: 3.73175e+17
      Equation: "ElectronContinuityEquation"	RelError: 1.14781e-01	AbsError: 3.73170e+17
      Equation: "HoleContinuityEquation"	RelError: 1.51577e-01	AbsError: 5.55162e+12
      Equation: "PotentialEquation"	RelError: 2.86971e-01	AbsError: 3.34201e-03
    Region: "oxide"	RelError: 2.49028e-02	AbsError: 2.00000e-02
      Equation: "PotentialEquation"	RelError: 2.49028e-02	AbsError: 2.00000e-02
Iteration: 1
  Device: "part1_baseline"	RelError: 3.29283e-02	AbsError: 8.68211e+15
    Region: "bulk"	RelError: 3.26939e-02	AbsError: 8.68211e+15
      Equation: "ElectronContinuityEquation"	RelError: 2.96185e-03	AbsError: 8.68179e+15
      Equation: "HoleContinuityEquation"	RelError: 1.41015e-02	AbsError: 3.25962e+11
      Equation: "PotentialEquation"	RelError: 1.56305e-02	AbsError: 1.25499e-04
    Region: "oxide"	RelError: 2.34428e-04	AbsError: 1.25499e-04
      Equation: "PotentialEquation"	RelError: 2.34428e-04	AbsError: 1.25499e-04
Iteration: 2
  Device: "part1_baseline"	RelError: 2.74331e-05	AbsError: 1.48720e+12
    Region: "bulk"	RelError: 2.74133e-05	AbsError: 1.48720e+12
      Equation: "ElectronContinuityEquation"	RelError: 2.99522e-06	AbsError: 1.48713e+12
      Equation: "HoleContinuityEquation"	RelError: 2.05470e-05	AbsError: 7.07699e+07
      Equation: "PotentialEquation"	RelError: 3.87104e-06	AbsError: 1.54141e-08
    Region: "oxide"	RelError: 1.98172e-08	AbsError: 1.06089e-08
      Equation: "PotentialEquation"	RelError: 1.98172e-08	AbsError: 1.06089e-08
Iteration: 3
  Device: "part1_baseline"	RelError: 4.49475e-12	AbsError: 2.55462e+04
    Region: "bulk"	RelError: 4.49396e-12	AbsError: 2.55462e+04
      Equation: "ElectronContinuityEquation"	RelError: 5.59741e-13	AbsError: 2.55444e+04
      Equation: "HoleContinuityEquation"	RelError: 3.84118e-12	AbsError: 1.80146e+00
      Equation: "PotentialEquation"	RelError: 9.30409e-14	AbsError: 8.73485e-16
    Region: "oxide"	RelError: 7.87906e-16	AbsError: 4.38240e-16
      Equation: "PotentialEquation"	RelError: 7.87906e-16	AbsError: 4.38240e-16
number of equations 6651
Iteration: 0
  Device: "part1_baseline"	RelError: 6.08114e-01	AbsError: 3.87556e+17
    Region: "bulk"	RelError: 5.83816e-01	AbsError: 3.87556e+17
      Equation: "ElectronContinuityEquation"	RelError: 1.07323e-01	AbsError: 3.87551e+17
      Equation: "HoleContinuityEquation"	RelError: 1.39433e-01	AbsError: 4.91849e+12
      Equation: "PotentialEquation"	RelError: 3.37061e-01	AbsError: 3.09622e-03
    Region: "oxide"	RelError: 2.42978e-02	AbsError: 2.00000e-02
      Equation: "PotentialEquation"	RelError: 2.42978e-02	AbsError: 2.00000e-02
Iteration: 1
  Device: "part1_baseline"	RelError: 3.23376e-02	AbsError: 8.14211e+15
    Region: "bulk"	RelError: 3.21319e-02	AbsError: 8.14211e+15
      Equation: "ElectronContinuityEquation"	RelError: 2.47122e-03	AbsError: 8.14184e+15
      Equation: "HoleContinuityEquation"	RelError: 1.22817e-02	AbsError: 2.73845e+11
      Equation: "PotentialEquation"	RelError: 1.73789e-02	AbsError: 1.10792e-04
    Region: "oxide"	RelError: 2.05763e-04	AbsError: 1.10792e-04
      Equation: "PotentialEquation"	RelError: 2.05763e-04	AbsError: 1.10792e-04
Iteration: 2
  Device: "part1_baseline"	RelError: 2.25160e-05	AbsError: 1.26281e+12
    Region: "bulk"	RelError: 2.25024e-05	AbsError: 1.26281e+12
      Equation: "ElectronContinuityEquation"	RelError: 2.22821e-06	AbsError: 1.26276e+12
      Equation: "HoleContinuityEquation"	RelError: 1.62784e-05	AbsError: 5.44055e+07
      Equation: "PotentialEquation"	RelError: 3.99583e-06	AbsError: 1.23344e-08
    Region: "oxide"	RelError: 1.35865e-08	AbsError: 7.31397e-09
      Equation: "PotentialEquation"	RelError: 1.35865e-08	AbsError: 7.31397e-09
Iteration: 3
  Device: "part1_baseline"	RelError: 2.82122e-12	AbsError: 1.58480e+04
    Region: "bulk"	RelError: 2.82071e-12	AbsError: 1.58480e+04
      Equation: "ElectronContinuityEquation"	RelError: 3.03317e-13	AbsError: 1.58467e+04
      Equation: "HoleContinuityEquation"	RelError: 2.43276e-12	AbsError: 1.22189e+00
      Equation: "PotentialEquation"	RelError: 8.46334e-14	AbsError: 6.03000e-16
    Region: "oxide"	RelError: 5.08535e-16	AbsError: 2.84224e-16
      Equation: "PotentialEquation"	RelError: 5.08535e-16	AbsError: 2.84224e-16
number of equations 6651
Iteration: 0
  Device: "part1_baseline"	RelError: 6.76344e-01	AbsError: 4.01049e+17
    Region: "bulk"	RelError: 6.52622e-01	AbsError: 4.01049e+17
      Equation: "ElectronContinuityEquation"	RelError: 1.00614e-01	AbsError: 4.01045e+17
      Equation: "HoleContinuityEquation"	RelError: 1.28789e-01	AbsError: 4.38588e+12
      Equation: "PotentialEquation"	RelError: 4.23219e-01	AbsError: 2.87909e-03
    Region: "oxide"	RelError: 2.37214e-02	AbsError: 2.00000e-02
      Equation: "PotentialEquation"	RelError: 2.37214e-02	AbsError: 2.00000e-02
Iteration: 1
  Device: "part1_baseline"	RelError: 3.36625e-02	AbsError: 7.62146e+15
    Region: "bulk"	RelError: 3.34808e-02	AbsError: 7.62146e+15
      Equation: "ElectronContinuityEquation"	RelError: 2.07441e-03	AbsError: 7.62123e+15
      Equation: "HoleContinuityEquation"	RelError: 1.07563e-02	AbsError: 2.31905e+11
      Equation: "PotentialEquation"	RelError: 2.06501e-02	AbsError: 9.83352e-05
    Region: "oxide"	RelError: 1.81644e-04	AbsError: 9.83352e-05
      Equation: "PotentialEquation"	RelError: 1.81644e-04	AbsError: 9.83352e-05
Iteration: 2
  Device: "part1_baseline"	RelError: 1.91361e-05	AbsError: 1.06681e+12
    Region: "bulk"	RelError: 1.91265e-05	AbsError: 1.06681e+12
      Equation: "ElectronContinuityEquation"	RelError: 1.68102e-06	AbsError: 1.06676e+12
      Equation: "HoleContinuityEquation"	RelError: 1.29753e-05	AbsError: 4.28887e+07
      Equation: "PotentialEquation"	RelError: 4.47023e-06	AbsError: 1.00238e-08
    Region: "oxide"	RelError: 9.60534e-09	AbsError: 5.19519e-09
      Equation: "PotentialEquation"	RelError: 9.60534e-09	AbsError: 5.19519e-09
Iteration: 3
  Device: "part1_baseline"	RelError: 1.81074e-12	AbsError: 9.64743e+03
    Region: "bulk"	RelError: 1.81041e-12	AbsError: 9.64743e+03
      Equation: "ElectronContinuityEquation"	RelError: 1.74060e-13	AbsError: 9.64657e+03
      Equation: "HoleContinuityEquation"	RelError: 1.55280e-12	AbsError: 8.56745e-01
      Equation: "PotentialEquation"	RelError: 8.35476e-14	AbsError: 4.16399e-16
    Region: "oxide"	RelError: 3.25927e-16	AbsError: 1.82990e-16
      Equation: "PotentialEquation"	RelError: 3.25927e-16	AbsError: 1.82990e-16
number of equations 6651
Iteration: 0
  Device: "part1_baseline"	RelError: 8.35174e-01	AbsError: 4.13700e+17
    Region: "bulk"	RelError: 8.12002e-01	AbsError: 4.13700e+17
      Equation: "ElectronContinuityEquation"	RelError: 9.45621e-02	AbsError: 4.13696e+17
      Equation: "HoleContinuityEquation"	RelError: 1.19413e-01	AbsError: 3.93428e+12
      Equation: "PotentialEquation"	RelError: 5.98027e-01	AbsError: 2.68625e-03
    Region: "oxide"	RelError: 2.31717e-02	AbsError: 2.00000e-02
      Equation: "PotentialEquation"	RelError: 2.31717e-02	AbsError: 2.00000e-02
Iteration: 1
  Device: "part1_baseline"	RelError: 3.89281e-02	AbsError: 7.12536e+15
    Region: "bulk"	RelError: 3.87669e-02	AbsError: 7.12536e+15
      Equation: "ElectronContinuityEquation"	RelError: 1.75156e-03	AbsError: 7.12516e+15
      Equation: "HoleContinuityEquation"	RelError: 9.46999e-03	AbsError: 1.97855e+11
      Equation: "PotentialEquation"	RelError: 2.75453e-02	AbsError: 8.77046e-05
    Region: "oxide"	RelError: 1.61213e-04	AbsError: 8.77046e-05
      Equation: "PotentialEquation"	RelError: 1.61213e-04	AbsError: 8.77046e-05
Iteration: 2
  Device: "part1_baseline"	RelError: 1.73733e-05	AbsError: 8.98541e+11
    Region: "bulk"	RelError: 1.73663e-05	AbsError: 8.98541e+11
      Equation: "ElectronContinuityEquation"	RelError: 1.28483e-06	AbsError: 8.98506e+11
      Equation: "HoleContinuityEquation"	RelError: 1.04077e-05	AbsError: 3.47865e+07
      Equation: "PotentialEquation"	RelError: 5.67382e-06	AbsError: 8.25048e-09
    Region: "oxide"	RelError: 6.99582e-09	AbsError: 3.80167e-09
      Equation: "PotentialEquation"	RelError: 6.99582e-09	AbsError: 3.80167e-09
Iteration: 3
  Device: "part1_baseline"	RelError: 1.19707e-12	AbsError: 6.19835e+03
    Region: "bulk"	RelError: 1.19687e-12	AbsError: 6.19835e+03
      Equation: "ElectronContinuityEquation"	RelError: 1.03996e-13	AbsError: 6.19774e+03
      Equation: "HoleContinuityEquation"	RelError: 1.00012e-12	AbsError: 6.08917e-01
      Equation: "PotentialEquation"	RelError: 9.27553e-14	AbsError: 2.87905e-16
    Region: "oxide"	RelError: 2.07864e-16	AbsError: 1.17201e-16
      Equation: "PotentialEquation"	RelError: 2.07864e-16	AbsError: 1.17201e-16
number of equations 6651
Iteration: 0
  Device: "part1_baseline"	RelError: 1.34065e+00	AbsError: 4.25556e+17
    Region: "bulk"	RelError: 1.31800e+00	AbsError: 4.25556e+17
      Equation: "ElectronContinuityEquation"	RelError: 8.91152e-02	AbsError: 4.25553e+17
      Equation: "HoleContinuityEquation"	RelError: 1.11110e-01	AbsError: 3.54854e+12
      Equation: "PotentialEquation"	RelError: 1.11778e+00	AbsError: 2.51417e-03
    Region: "oxide"	RelError: 2.26469e-02	AbsError: 2.00000e-02
      Equation: "PotentialEquation"	RelError: 2.26469e-02	AbsError: 2.00000e-02
Iteration: 1
  Device: "part1_baseline"	RelError: 5.79894e-02	AbsError: 6.65685e+15
    Region: "bulk"	RelError: 5.78456e-02	AbsError: 6.65685e+15
      Equation: "ElectronContinuityEquation"	RelError: 1.48893e-03	AbsError: 6.65668e+15
      Equation: "HoleContinuityEquation"	RelError: 8.37910e-03	AbsError: 1.69980e+11
      Equation: "PotentialEquation"	RelError: 4.79776e-02	AbsError: 7.85753e-05
    Region: "oxide"	RelError: 1.43785e-04	AbsError: 7.85753e-05
      Equation: "PotentialEquation"	RelError: 1.43785e-04	AbsError: 7.85753e-05
Iteration: 2
  Device: "part1_baseline"	RelError: 1.88875e-05	AbsError: 7.55840e+11
    Region: "bulk"	RelError: 1.88822e-05	AbsError: 7.55840e+11
      Equation: "ElectronContinuityEquation"	RelError: 9.93971e-07	AbsError: 7.55811e+11
      Equation: "HoleContinuityEquation"	RelError: 8.41111e-06	AbsError: 2.88812e+07
      Equation: "PotentialEquation"	RelError: 9.47716e-06	AbsError: 6.85948e-09
    Region: "oxide"	RelError: 5.24478e-09	AbsError: 2.86409e-09
      Equation: "PotentialEquation"	RelError: 5.24478e-09	AbsError: 2.86409e-09
Iteration: 3
  Device: "part1_baseline"	RelError: 8.49071e-13	AbsError: 4.53360e+03
    Region: "bulk"	RelError: 8.48939e-13	AbsError: 4.53360e+03
      Equation: "ElectronContinuityEquation"	RelError: 6.44078e-14	AbsError: 4.53317e+03
      Equation: "HoleContinuityEquation"	RelError: 6.50477e-13	AbsError: 4.35099e-01
      Equation: "PotentialEquation"	RelError: 1.34054e-13	AbsError: 1.99590e-16
    Region: "oxide"	RelError: 1.32144e-16	AbsError: 7.48049e-17
      Equation: "PotentialEquation"	RelError: 1.32144e-16	AbsError: 7.48049e-17
number of equations 6651
Iteration: 0
  Device: "part1_baseline"	RelError: 3.30420e+01	AbsError: 4.36667e+17
    Region: "bulk"	RelError: 3.30199e+01	AbsError: 4.36667e+17
      Equation: "ElectronContinuityEquation"	RelError: 8.41641e-02	AbsError: 4.36664e+17
      Equation: "HoleContinuityEquation"	RelError: 1.03723e-01	AbsError: 3.21679e+12
      Equation: "PotentialEquation"	RelError: 3.28320e+01	AbsError: 2.35991e-03
    Region: "oxide"	RelError: 2.21454e-02	AbsError: 2.00000e-02
      Equation: "PotentialEquation"	RelError: 2.21454e-02	AbsError: 2.00000e-02
Iteration: 1
  Device: "part1_baseline"	RelError: 5.94039e-01	AbsError: 6.21739e+15
    Region: "bulk"	RelError: 5.93910e-01	AbsError: 6.21739e+15
      Equation: "ElectronContinuityEquation"	RelError: 1.27333e-03	AbsError: 6.21724e+15
      Equation: "HoleContinuityEquation"	RelError: 7.44884e-03	AbsError: 1.46978e+11
      Equation: "PotentialEquation"	RelError: 5.85188e-01	AbsError: 7.06901e-05
    Region: "oxide"	RelError: 1.28817e-04	AbsError: 7.06901e-05
      Equation: "PotentialEquation"	RelError: 1.28817e-04	AbsError: 7.06901e-05
Iteration: 2
  Device: "part1_baseline"	RelError: 1.19123e-04	AbsError: 6.35830e+11
    Region: "bulk"	RelError: 1.19119e-04	AbsError: 6.35830e+11
      Equation: "ElectronContinuityEquation"	RelError: 7.77646e-07	AbsError: 6.35805e+11
      Equation: "HoleContinuityEquation"	RelError: 6.84967e-06	AbsError: 2.42833e+07
      Equation: "PotentialEquation"	RelError: 1.11491e-04	AbsError: 5.75138e-09
    Region: "oxide"	RelError: 4.04538e-09	AbsError: 2.28622e-09
      Equation: "PotentialEquation"	RelError: 4.04538e-09	AbsError: 2.28622e-09
Iteration: 3
  Device: "part1_baseline"	RelError: 1.81980e-12	AbsError: 3.31746e+03
    Region: "bulk"	RelError: 1.81972e-12	AbsError: 3.31746e+03
      Equation: "ElectronContinuityEquation"	RelError: 4.11743e-14	AbsError: 3.31715e+03
      Equation: "HoleContinuityEquation"	RelError: 4.27414e-13	AbsError: 3.11711e-01
      Equation: "PotentialEquation"	RelError: 1.35113e-12	AbsError: 1.38711e-16
    Region: "oxide"	RelError: 8.38488e-17	AbsError: 4.76441e-17
      Equation: "PotentialEquation"	RelError: 8.38488e-17	AbsError: 4.76441e-17
number of equations 6651
Iteration: 0
  Device: "part1_baseline"	RelError: 1.28557e+00	AbsError: 4.47082e+17
    Region: "bulk"	RelError: 1.26391e+00	AbsError: 4.47082e+17
      Equation: "ElectronContinuityEquation"	RelError: 7.96518e-02	AbsError: 4.47079e+17
      Equation: "HoleContinuityEquation"	RelError: 9.71224e-02	AbsError: 2.92964e+12
      Equation: "PotentialEquation"	RelError: 1.08713e+00	AbsError: 2.22107e-03
    Region: "oxide"	RelError: 2.16656e-02	AbsError: 2.00000e-02
      Equation: "PotentialEquation"	RelError: 2.16656e-02	AbsError: 2.00000e-02
Iteration: 1
  Device: "part1_baseline"	RelError: 5.45130e-02	AbsError: 5.81291e+15
    Region: "bulk"	RelError: 5.43971e-02	AbsError: 5.81291e+15
      Equation: "ElectronContinuityEquation"	RelError: 1.09436e-03	AbsError: 5.81278e+15
      Equation: "HoleContinuityEquation"	RelError: 6.65135e-03	AbsError: 1.27857e+11
      Equation: "PotentialEquation"	RelError: 4.66514e-02	AbsError: 6.38435e-05
    Region: "oxide"	RelError: 1.15888e-04	AbsError: 6.38435e-05
      Equation: "PotentialEquation"	RelError: 1.15888e-04	AbsError: 6.38435e-05
Iteration: 2
  Device: "part1_baseline"	RelError: 1.48336e-05	AbsError: 5.35461e+11
    Region: "bulk"	RelError: 1.48301e-05	AbsError: 5.35461e+11
      Equation: "ElectronContinuityEquation"	RelError: 6.14793e-07	AbsError: 5.35441e+11
      Equation: "HoleContinuityEquation"	RelError: 5.61006e-06	AbsError: 2.06247e+07
      Equation: "PotentialEquation"	RelError: 8.60522e-06	AbsError: 4.85737e-09
    Region: "oxide"	RelError: 3.56821e-09	AbsError: 2.03470e-09
      Equation: "PotentialEquation"	RelError: 3.56821e-09	AbsError: 2.03470e-09
Iteration: 3
  Device: "part1_baseline"	RelError: 3.99537e-13	AbsError: 2.41772e+03
    Region: "bulk"	RelError: 3.99484e-13	AbsError: 2.41772e+03
      Equation: "ElectronContinuityEquation"	RelError: 2.70618e-14	AbsError: 2.41749e+03
      Equation: "HoleContinuityEquation"	RelError: 2.83783e-13	AbsError: 2.23787e-01
      Equation: "PotentialEquation"	RelError: 8.86388e-14	AbsError: 9.67449e-17
    Region: "oxide"	RelError: 5.31535e-17	AbsError: 3.03098e-17
      Equation: "PotentialEquation"	RelError: 5.31535e-17	AbsError: 3.03098e-17
number of equations 6651
Iteration: 0
  Device: "part1_baseline"	RelError: 6.99307e-01	AbsError: 4.56847e+17
    Region: "bulk"	RelError: 6.78101e-01	AbsError: 4.56847e+17
      Equation: "ElectronContinuityEquation"	RelError: 7.55288e-02	AbsError: 4.56845e+17
      Equation: "HoleContinuityEquation"	RelError: 9.11993e-02	AbsError: 2.67962e+12
      Equation: "PotentialEquation"	RelError: 5.11373e-01	AbsError: 2.09560e-03
    Region: "oxide"	RelError: 2.12062e-02	AbsError: 2.00000e-02
      Equation: "PotentialEquation"	RelError: 2.12062e-02	AbsError: 2.00000e-02
Iteration: 1
  Device: "part1_baseline"	RelError: 2.74521e-02	AbsError: 5.44392e+15
    Region: "bulk"	RelError: 2.73475e-02	AbsError: 5.44392e+15
      Equation: "ElectronContinuityEquation"	RelError: 9.45057e-04	AbsError: 5.44381e+15
      Equation: "HoleContinuityEquation"	RelError: 5.96421e-03	AbsError: 1.11850e+11
      Equation: "PotentialEquation"	RelError: 2.04382e-02	AbsError: 5.78695e-05
    Region: "oxide"	RelError: 1.04663e-04	AbsError: 5.78695e-05
      Equation: "PotentialEquation"	RelError: 1.04663e-04	AbsError: 5.78695e-05
Iteration: 2
  Device: "part1_baseline"	RelError: 8.77544e-06	AbsError: 4.51803e+11
    Region: "bulk"	RelError: 8.77229e-06	AbsError: 4.51803e+11
      Equation: "ElectronContinuityEquation"	RelError: 4.90795e-07	AbsError: 4.51785e+11
      Equation: "HoleContinuityEquation"	RelError: 4.62080e-06	AbsError: 1.76616e+07
      Equation: "PotentialEquation"	RelError: 3.66069e-06	AbsError: 4.12844e-09
    Region: "oxide"	RelError: 3.15978e-09	AbsError: 1.80784e-09
      Equation: "PotentialEquation"	RelError: 3.15978e-09	AbsError: 1.80784e-09
Iteration: 3
  Device: "part1_baseline"	RelError: 2.40515e-13	AbsError: 1.75916e+03
    Region: "bulk"	RelError: 2.40481e-13	AbsError: 1.75916e+03
      Equation: "ElectronContinuityEquation"	RelError: 1.82211e-14	AbsError: 1.75900e+03
      Equation: "HoleContinuityEquation"	RelError: 1.90396e-13	AbsError: 1.61074e-01
      Equation: "PotentialEquation"	RelError: 3.18642e-14	AbsError: 6.77741e-17
    Region: "oxide"	RelError: 3.36822e-17	AbsError: 1.92710e-17
      Equation: "PotentialEquation"	RelError: 3.36822e-17	AbsError: 1.92710e-17
number of equations 6651
Iteration: 0
  Device: "part1_baseline"	RelError: 5.03523e-01	AbsError: 4.66009e+17
    Region: "bulk"	RelError: 4.82758e-01	AbsError: 4.66009e+17
      Equation: "ElectronContinuityEquation"	RelError: 7.17520e-02	AbsError: 4.66007e+17
      Equation: "HoleContinuityEquation"	RelError: 8.58633e-02	AbsError: 2.46070e+12
      Equation: "PotentialEquation"	RelError: 3.25142e-01	AbsError: 1.98204e-03
    Region: "oxide"	RelError: 2.07658e-02	AbsError: 2.00000e-02
      Equation: "PotentialEquation"	RelError: 2.07658e-02	AbsError: 2.00000e-02
Iteration: 1
  Device: "part1_baseline"	RelError: 1.86135e-02	AbsError: 5.09992e+15
    Region: "bulk"	RelError: 1.85186e-02	AbsError: 5.09992e+15
      Equation: "ElectronContinuityEquation"	RelError: 8.19898e-04	AbsError: 5.09983e+15
      Equation: "HoleContinuityEquation"	RelError: 5.36929e-03	AbsError: 9.83635e+10
      Equation: "PotentialEquation"	RelError: 1.23295e-02	AbsError: 5.26332e-05
    Region: "oxide"	RelError: 9.48696e-05	AbsError: 5.26332e-05
      Equation: "PotentialEquation"	RelError: 9.48696e-05	AbsError: 5.26332e-05
Iteration: 2
  Device: "part1_baseline"	RelError: 6.37370e-06	AbsError: 3.82190e+11
    Region: "bulk"	RelError: 6.37090e-06	AbsError: 3.82190e+11
      Equation: "ElectronContinuityEquation"	RelError: 3.95374e-07	AbsError: 3.82175e+11
      Equation: "HoleContinuityEquation"	RelError: 3.82709e-06	AbsError: 1.52272e+07
      Equation: "PotentialEquation"	RelError: 2.14844e-06	AbsError: 3.52877e-09
    Region: "oxide"	RelError: 2.79760e-09	AbsError: 1.60570e-09
      Equation: "PotentialEquation"	RelError: 2.79760e-09	AbsError: 1.60570e-09
Iteration: 3
  Device: "part1_baseline"	RelError: 1.57359e-13	AbsError: 1.28031e+03
    Region: "bulk"	RelError: 1.57338e-13	AbsError: 1.28031e+03
      Equation: "ElectronContinuityEquation"	RelError: 1.25293e-14	AbsError: 1.28020e+03
      Equation: "HoleContinuityEquation"	RelError: 1.29070e-13	AbsError: 1.16295e-01
      Equation: "PotentialEquation"	RelError: 1.57388e-14	AbsError: 4.77202e-17
    Region: "oxide"	RelError: 2.13414e-17	AbsError: 1.22491e-17
      Equation: "PotentialEquation"	RelError: 2.13414e-17	AbsError: 1.22491e-17
number of equations 6651
Iteration: 0
  Device: "part1_baseline"	RelError: 4.03373e-01	AbsError: 4.74612e+17
    Region: "bulk"	RelError: 3.83029e-01	AbsError: 4.74612e+17
      Equation: "ElectronContinuityEquation"	RelError: 6.82840e-02	AbsError: 4.74609e+17
      Equation: "HoleContinuityEquation"	RelError: 8.10382e-02	AbsError: 2.26802e+12
      Equation: "PotentialEquation"	RelError: 2.33707e-01	AbsError: 1.87890e-03
    Region: "oxide"	RelError: 2.03434e-02	AbsError: 2.00000e-02
      Equation: "PotentialEquation"	RelError: 2.03434e-02	AbsError: 2.00000e-02
Iteration: 1
  Device: "part1_baseline"	RelError: 1.41050e-02	AbsError: 4.78004e+15
    Region: "bulk"	RelError: 1.40187e-02	AbsError: 4.78004e+15
      Equation: "ElectronContinuityEquation"	RelError: 7.14478e-04	AbsError: 4.77995e+15
      Equation: "HoleContinuityEquation"	RelError: 4.85183e-03	AbsError: 8.69294e+10
      Equation: "PotentialEquation"	RelError: 8.45244e-03	AbsError: 4.80241e-05
    Region: "oxide"	RelError: 8.62857e-05	AbsError: 4.80241e-05
      Equation: "PotentialEquation"	RelError: 8.62857e-05	AbsError: 4.80241e-05
Iteration: 2
  Device: "part1_baseline"	RelError: 4.94529e-06	AbsError: 3.24287e+11
    Region: "bulk"	RelError: 4.94282e-06	AbsError: 3.24287e+11
      Equation: "ElectronContinuityEquation"	RelError: 3.21210e-07	AbsError: 3.24274e+11
      Equation: "HoleContinuityEquation"	RelError: 3.18684e-06	AbsError: 1.32039e+07
      Equation: "PotentialEquation"	RelError: 1.43477e-06	AbsError: 3.03164e-09
    Region: "oxide"	RelError: 2.47874e-09	AbsError: 1.42697e-09
      Equation: "PotentialEquation"	RelError: 2.47874e-09	AbsError: 1.42697e-09
Iteration: 3
  Device: "part1_baseline"	RelError: 1.06004e-13	AbsError: 9.33370e+02
    Region: "bulk"	RelError: 1.05991e-13	AbsError: 9.33370e+02
      Equation: "ElectronContinuityEquation"	RelError: 8.77536e-15	AbsError: 9.33285e+02
      Equation: "HoleContinuityEquation"	RelError: 8.83922e-14	AbsError: 8.42764e-02
      Equation: "PotentialEquation"	RelError: 8.82309e-15	AbsError: 3.37864e-17
    Region: "oxide"	RelError: 1.35200e-17	AbsError: 7.78326e-18
      Equation: "PotentialEquation"	RelError: 1.35200e-17	AbsError: 7.78326e-18
number of equations 6651
Iteration: 0
  Device: "part1_baseline"	RelError: 3.41415e-01	AbsError: 4.82694e+17
    Region: "bulk"	RelError: 3.21477e-01	AbsError: 4.82694e+17
      Equation: "ElectronContinuityEquation"	RelError: 6.50922e-02	AbsError: 4.82692e+17
      Equation: "HoleContinuityEquation"	RelError: 7.66599e-02	AbsError: 2.09761e+12
      Equation: "PotentialEquation"	RelError: 1.79725e-01	AbsError: 1.78473e-03
    Region: "oxide"	RelError: 1.99378e-02	AbsError: 2.00000e-02
      Equation: "PotentialEquation"	RelError: 1.99378e-02	AbsError: 2.00000e-02
Iteration: 1
  Device: "part1_baseline"	RelError: 1.13199e-02	AbsError: 4.48311e+15
    Region: "bulk"	RelError: 1.12412e-02	AbsError: 4.48311e+15
      Equation: "ElectronContinuityEquation"	RelError: 6.25270e-04	AbsError: 4.48303e+15
      Equation: "HoleContinuityEquation"	RelError: 4.39976e-03	AbsError: 7.71791e+10
      Equation: "PotentialEquation"	RelError: 6.21612e-03	AbsError: 4.39508e-05
    Region: "oxide"	RelError: 7.87302e-05	AbsError: 4.39508e-05
      Equation: "PotentialEquation"	RelError: 7.87302e-05	AbsError: 4.39508e-05
Iteration: 2
  Device: "part1_baseline"	RelError: 3.96158e-06	AbsError: 2.76093e+11
    Region: "bulk"	RelError: 3.95938e-06	AbsError: 2.76093e+11
      Equation: "ElectronContinuityEquation"	RelError: 2.63029e-07	AbsError: 2.76081e+11
      Equation: "HoleContinuityEquation"	RelError: 2.66761e-06	AbsError: 1.15063e+07
      Equation: "PotentialEquation"	RelError: 1.02874e-06	AbsError: 2.61675e-09
    Region: "oxide"	RelError: 2.19919e-09	AbsError: 1.26966e-09
      Equation: "PotentialEquation"	RelError: 2.19919e-09	AbsError: 1.26966e-09
Iteration: 3
  Device: "part1_baseline"	RelError: 7.26989e-14	AbsError: 6.82318e+02
    Region: "bulk"	RelError: 7.26903e-14	AbsError: 6.82318e+02
      Equation: "ElectronContinuityEquation"	RelError: 6.24620e-15	AbsError: 6.82257e+02
      Equation: "HoleContinuityEquation"	RelError: 6.11403e-14	AbsError: 6.13366e-02
      Equation: "PotentialEquation"	RelError: 5.30380e-15	AbsError: 2.40623e-17
    Region: "oxide"	RelError: 8.56134e-18	AbsError: 4.94273e-18
      Equation: "PotentialEquation"	RelError: 8.56134e-18	AbsError: 4.94273e-18
number of equations 6651
Iteration: 0
  Device: "part1_baseline"	RelError: 2.98674e-01	AbsError: 4.90296e+17
    Region: "bulk"	RelError: 2.79126e-01	AbsError: 4.90296e+17
      Equation: "ElectronContinuityEquation"	RelError: 6.21480e-02	AbsError: 4.90294e+17
      Equation: "HoleContinuityEquation"	RelError: 7.26737e-02	AbsError: 1.94620e+12
      Equation: "PotentialEquation"	RelError: 1.44305e-01	AbsError: 1.69850e-03
    Region: "oxide"	RelError: 1.95480e-02	AbsError: 2.00000e-02
      Equation: "PotentialEquation"	RelError: 1.95480e-02	AbsError: 2.00000e-02
Iteration: 1
  Device: "part1_baseline"	RelError: 9.40635e-03	AbsError: 4.20782e+15
    Region: "bulk"	RelError: 9.33429e-03	AbsError: 4.20782e+15
      Equation: "ElectronContinuityEquation"	RelError: 5.49437e-04	AbsError: 4.20775e+15
      Equation: "HoleContinuityEquation"	RelError: 4.00315e-03	AbsError: 6.88191e+10
      Equation: "PotentialEquation"	RelError: 4.78170e-03	AbsError: 4.03376e-05
    Region: "oxide"	RelError: 7.20532e-05	AbsError: 4.03376e-05
      Equation: "PotentialEquation"	RelError: 7.20532e-05	AbsError: 4.03376e-05
Iteration: 2
  Device: "part1_baseline"	RelError: 3.23519e-06	AbsError: 2.35922e+11
    Region: "bulk"	RelError: 3.23323e-06	AbsError: 2.35922e+11
      Equation: "ElectronContinuityEquation"	RelError: 2.16986e-07	AbsError: 2.35912e+11
      Equation: "HoleContinuityEquation"	RelError: 2.24429e-06	AbsError: 1.00707e+07
      Equation: "PotentialEquation"	RelError: 7.71955e-07	AbsError: 2.26841e-09
    Region: "oxide"	RelError: 1.95464e-09	AbsError: 1.13155e-09
      Equation: "PotentialEquation"	RelError: 1.95464e-09	AbsError: 1.13155e-09
Iteration: 3
  Device: "part1_baseline"	RelError: 5.05527e-14	AbsError: 5.00576e+02
    Region: "bulk"	RelError: 5.05473e-14	AbsError: 5.00576e+02
      Equation: "ElectronContinuityEquation"	RelError: 4.50999e-15	AbsError: 5.00532e+02
      Equation: "HoleContinuityEquation"	RelError: 4.27022e-14	AbsError: 4.48449e-02
      Equation: "PotentialEquation"	RelError: 3.33509e-15	AbsError: 1.72411e-17
    Region: "oxide"	RelError: 5.41571e-18	AbsError: 3.13517e-18
      Equation: "PotentialEquation"	RelError: 5.41571e-18	AbsError: 3.13517e-18
number of equations 6651
Iteration: 0
  Device: "part1_baseline"	RelError: 2.67043e-01	AbsError: 4.97451e+17
    Region: "bulk"	RelError: 2.47870e-01	AbsError: 4.97451e+17
      Equation: "ElectronContinuityEquation"	RelError: 5.94261e-02	AbsError: 4.97449e+17
      Equation: "HoleContinuityEquation"	RelError: 6.90331e-02	AbsError: 1.81110e+12
      Equation: "PotentialEquation"	RelError: 1.19410e-01	AbsError: 1.61931e-03
    Region: "oxide"	RelError: 1.91732e-02	AbsError: 2.00000e-02
      Equation: "PotentialEquation"	RelError: 1.91732e-02	AbsError: 2.00000e-02
Iteration: 1
  Device: "part1_baseline"	RelError: 8.00089e-03	AbsError: 3.95279e+15
    Region: "bulk"	RelError: 7.93476e-03	AbsError: 3.95279e+15
      Equation: "ElectronContinuityEquation"	RelError: 4.84692e-04	AbsError: 3.95273e+15
      Equation: "HoleContinuityEquation"	RelError: 3.65382e-03	AbsError: 6.16142e+10
      Equation: "PotentialEquation"	RelError: 3.79625e-03	AbsError: 3.71211e-05
    Region: "oxide"	RelError: 6.61302e-05	AbsError: 3.71211e-05
      Equation: "PotentialEquation"	RelError: 6.61302e-05	AbsError: 3.71211e-05
Iteration: 2
  Device: "part1_baseline"	RelError: 2.67740e-06	AbsError: 2.02370e+11
    Region: "bulk"	RelError: 2.67566e-06	AbsError: 2.02370e+11
      Equation: "ElectronContinuityEquation"	RelError: 1.80247e-07	AbsError: 2.02361e+11
      Equation: "HoleContinuityEquation"	RelError: 1.89738e-06	AbsError: 8.84879e+06
      Equation: "PotentialEquation"	RelError: 5.98037e-07	AbsError: 1.97439e-09
    Region: "oxide"	RelError: 1.74086e-09	AbsError: 1.01040e-09
      Equation: "PotentialEquation"	RelError: 1.74086e-09	AbsError: 1.01040e-09
Iteration: 3
  Device: "part1_baseline"	RelError: 3.55742e-14	AbsError: 3.68781e+02
    Region: "bulk"	RelError: 3.55704e-14	AbsError: 3.68781e+02
      Equation: "ElectronContinuityEquation"	RelError: 3.29816e-15	AbsError: 3.68748e+02
      Equation: "HoleContinuityEquation"	RelError: 3.01063e-14	AbsError: 3.29527e-02
      Equation: "PotentialEquation"	RelError: 2.16594e-15	AbsError: 1.24307e-17
    Region: "oxide"	RelError: 3.84930e-18	AbsError: 2.15098e-18
      Equation: "PotentialEquation"	RelError: 3.84930e-18	AbsError: 2.15098e-18
number of equations 6651
Iteration: 0
  Device: "part1_baseline"	RelError: 2.42461e-01	AbsError: 5.04192e+17
    Region: "bulk"	RelError: 2.23648e-01	AbsError: 5.04192e+17
      Equation: "ElectronContinuityEquation"	RelError: 5.69046e-02	AbsError: 5.04190e+17
      Equation: "HoleContinuityEquation"	RelError: 6.56984e-02	AbsError: 1.69007e+12
      Equation: "PotentialEquation"	RelError: 1.01045e-01	AbsError: 1.54677e-03
    Region: "oxide"	RelError: 1.88125e-02	AbsError: 2.00000e-02
      Equation: "PotentialEquation"	RelError: 1.88125e-02	AbsError: 2.00000e-02
Iteration: 1
  Device: "part1_baseline"	RelError: 6.92079e-03	AbsError: 3.71662e+15
    Region: "bulk"	RelError: 6.85993e-03	AbsError: 3.71662e+15
      Equation: "ElectronContinuityEquation"	RelError: 4.29178e-04	AbsError: 3.71657e+15
      Equation: "HoleContinuityEquation"	RelError: 3.34494e-03	AbsError: 5.53744e+10
      Equation: "PotentialEquation"	RelError: 3.08581e-03	AbsError: 3.42482e-05
    Region: "oxide"	RelError: 6.08575e-05	AbsError: 3.42482e-05
      Equation: "PotentialEquation"	RelError: 6.08575e-05	AbsError: 3.42482e-05
Iteration: 2
  Device: "part1_baseline"	RelError: 2.23834e-06	AbsError: 1.74275e+11
    Region: "bulk"	RelError: 2.23678e-06	AbsError: 1.74275e+11
      Equation: "ElectronContinuityEquation"	RelError: 1.50707e-07	AbsError: 1.74267e+11
      Equation: "HoleContinuityEquation"	RelError: 1.61163e-06	AbsError: 7.80281e+06
      Equation: "PotentialEquation"	RelError: 4.74444e-07	AbsError: 1.72499e-09
    Region: "oxide"	RelError: 1.55393e-09	AbsError: 9.04143e-10
      Equation: "PotentialEquation"	RelError: 1.55393e-09	AbsError: 9.04143e-10
Iteration: 3
  Device: "part1_baseline"	RelError: 2.53043e-14	AbsError: 2.72946e+02
    Region: "bulk"	RelError: 2.53014e-14	AbsError: 2.72946e+02
      Equation: "ElectronContinuityEquation"	RelError: 2.43976e-15	AbsError: 2.72921e+02
      Equation: "HoleContinuityEquation"	RelError: 2.14198e-14	AbsError: 2.43403e-02
      Equation: "PotentialEquation"	RelError: 1.44180e-15	AbsError: 9.01915e-18
    Region: "oxide"	RelError: 2.92764e-18	AbsError: 1.64039e-18
      Equation: "PotentialEquation"	RelError: 2.92764e-18	AbsError: 1.64039e-18
number of equations 6651
Iteration: 0
  Device: "part1_baseline"	RelError: 2.22668e-01	AbsError: 5.10550e+17
    Region: "bulk"	RelError: 2.04203e-01	AbsError: 5.10550e+17
      Equation: "ElectronContinuityEquation"	RelError: 5.45688e-02	AbsError: 5.10549e+17
      Equation: "HoleContinuityEquation"	RelError: 6.26351e-02	AbsError: 1.58123e+12
      Equation: "PotentialEquation"	RelError: 8.69987e-02	AbsError: 1.47979e-03
    Region: "oxide"	RelError: 1.84652e-02	AbsError: 2.00000e-02
      Equation: "PotentialEquation"	RelError: 1.84652e-02	AbsError: 2.00000e-02
Iteration: 1
  Device: "part1_baseline"	RelError: 6.06854e-03	AbsError: 3.49793e+15
    Region: "bulk"	RelError: 6.01239e-03	AbsError: 3.49793e+15
      Equation: "ElectronContinuityEquation"	RelError: 3.86592e-04	AbsError: 3.49788e+15
      Equation: "HoleContinuityEquation"	RelError: 3.07085e-03	AbsError: 4.99457e+10
      Equation: "PotentialEquation"	RelError: 2.55495e-03	AbsError: 3.16740e-05
    Region: "oxide"	RelError: 5.61478e-05	AbsError: 3.16740e-05
      Equation: "PotentialEquation"	RelError: 5.61478e-05	AbsError: 3.16740e-05
Iteration: 2
  Device: "part1_baseline"	RelError: 1.88670e-06	AbsError: 1.50680e+11
    Region: "bulk"	RelError: 1.88531e-06	AbsError: 1.50680e+11
      Equation: "ElectronContinuityEquation"	RelError: 1.26780e-07	AbsError: 1.50673e+11
      Equation: "HoleContinuityEquation"	RelError: 1.37511e-06	AbsError: 6.90303e+06
      Equation: "PotentialEquation"	RelError: 3.83424e-07	AbsError: 1.51249e-09
    Region: "oxide"	RelError: 1.39032e-09	AbsError: 8.10857e-10
      Equation: "PotentialEquation"	RelError: 1.39032e-09	AbsError: 8.10857e-10
Iteration: 3
  Device: "part1_baseline"	RelError: 1.81789e-14	AbsError: 2.03018e+02
    Region: "bulk"	RelError: 1.81767e-14	AbsError: 2.03018e+02
      Equation: "ElectronContinuityEquation"	RelError: 1.82365e-15	AbsError: 2.03000e+02
      Equation: "HoleContinuityEquation"	RelError: 1.53741e-14	AbsError: 1.80732e-02
      Equation: "PotentialEquation"	RelError: 9.78917e-16	AbsError: 6.58482e-18
    Region: "oxide"	RelError: 2.23246e-18	AbsError: 1.25410e-18
      Equation: "PotentialEquation"	RelError: 2.23246e-18	AbsError: 1.25410e-18
number of equations 6651
Iteration: 0
  Device: "part1_baseline"	RelError: 2.06294e-01	AbsError: 5.16553e+17
    Region: "bulk"	RelError: 1.88164e-01	AbsError: 5.16553e+17
      Equation: "ElectronContinuityEquation"	RelError: 5.23988e-02	AbsError: 5.16552e+17
      Equation: "HoleContinuityEquation"	RelError: 5.98138e-02	AbsError: 1.48300e+12
      Equation: "PotentialEquation"	RelError: 7.59513e-02	AbsError: 1.41780e-03
    Region: "oxide"	RelError: 1.81304e-02	AbsError: 2.00000e-02
      Equation: "PotentialEquation"	RelError: 1.81304e-02	AbsError: 2.00000e-02
Iteration: 1
  Device: "part1_baseline"	RelError: 5.38169e-03	AbsError: 3.29539e+15
    Region: "bulk"	RelError: 5.32976e-03	AbsError: 3.29539e+15
      Equation: "ElectronContinuityEquation"	RelError: 3.55873e-04	AbsError: 3.29535e+15
      Equation: "HoleContinuityEquation"	RelError: 2.82678e-03	AbsError: 4.52019e+10
      Equation: "PotentialEquation"	RelError: 2.14711e-03	AbsError: 2.93604e-05
    Region: "oxide"	RelError: 5.19275e-05	AbsError: 2.93604e-05
      Equation: "PotentialEquation"	RelError: 5.19275e-05	AbsError: 2.93604e-05
Iteration: 2
  Device: "part1_baseline"	RelError: 1.60143e-06	AbsError: 1.30803e+11
    Region: "bulk"	RelError: 1.60018e-06	AbsError: 1.30803e+11
      Equation: "ElectronContinuityEquation"	RelError: 1.07267e-07	AbsError: 1.30797e+11
      Equation: "HoleContinuityEquation"	RelError: 1.17840e-06	AbsError: 6.12566e+06
      Equation: "PotentialEquation"	RelError: 3.14520e-07	AbsError: 1.33065e-09
    Region: "oxide"	RelError: 1.24688e-09	AbsError: 7.28853e-10
      Equation: "PotentialEquation"	RelError: 1.24688e-09	AbsError: 7.28853e-10
Iteration: 3
  Device: "part1_baseline"	RelError: 1.31823e-14	AbsError: 1.51789e+02
    Region: "bulk"	RelError: 1.31806e-14	AbsError: 1.51789e+02
      Equation: "ElectronContinuityEquation"	RelError: 1.37612e-15	AbsError: 1.51775e+02
      Equation: "HoleContinuityEquation"	RelError: 1.11287e-14	AbsError: 1.34944e-02
      Equation: "PotentialEquation"	RelError: 6.75801e-16	AbsError: 4.83803e-18
    Region: "oxide"	RelError: 1.70567e-18	AbsError: 9.60540e-19
      Equation: "PotentialEquation"	RelError: 1.70567e-18	AbsError: 9.60540e-19
number of equations 6651
Iteration: 0
  Device: "part1_baseline"	RelError: 1.92459e-01	AbsError: 5.22226e+17
    Region: "bulk"	RelError: 1.74651e-01	AbsError: 5.22226e+17
      Equation: "ElectronContinuityEquation"	RelError: 5.03758e-02	AbsError: 5.22225e+17
      Equation: "HoleContinuityEquation"	RelError: 5.72088e-02	AbsError: 1.39406e+12
      Equation: "PotentialEquation"	RelError: 6.70664e-02	AbsError: 1.36041e-03
    Region: "oxide"	RelError: 1.78075e-02	AbsError: 2.00000e-02
      Equation: "PotentialEquation"	RelError: 1.78075e-02	AbsError: 2.00000e-02
Iteration: 1
  Device: "part1_baseline"	RelError: 4.81187e-03	AbsError: 3.10775e+15
    Region: "bulk"	RelError: 4.76373e-03	AbsError: 3.10775e+15
      Equation: "ElectronContinuityEquation"	RelError: 3.28260e-04	AbsError: 3.10771e+15
      Equation: "HoleContinuityEquation"	RelError: 2.60872e-03	AbsError: 4.10397e+10
      Equation: "PotentialEquation"	RelError: 1.82675e-03	AbsError: 2.72752e-05
    Region: "oxide"	RelError: 4.81411e-05	AbsError: 2.72752e-05
      Equation: "PotentialEquation"	RelError: 4.81411e-05	AbsError: 2.72752e-05
Iteration: 2
  Device: "part1_baseline"	RelError: 1.36760e-06	AbsError: 1.14001e+11
    Region: "bulk"	RelError: 1.36648e-06	AbsError: 1.14001e+11
      Equation: "ElectronContinuityEquation"	RelError: 9.12504e-08	AbsError: 1.13995e+11
      Equation: "HoleContinuityEquation"	RelError: 1.01403e-06	AbsError: 5.45142e+06
      Equation: "PotentialEquation"	RelError: 2.61198e-07	AbsError: 1.17445e-09
    Region: "oxide"	RelError: 1.12092e-09	AbsError: 6.56641e-10
      Equation: "PotentialEquation"	RelError: 1.12092e-09	AbsError: 6.56641e-10
Iteration: 3
  Device: "part1_baseline"	RelError: 9.64380e-15	AbsError: 1.14092e+02
    Region: "bulk"	RelError: 9.64250e-15	AbsError: 1.14092e+02
      Equation: "ElectronContinuityEquation"	RelError: 1.04752e-15	AbsError: 1.14081e+02
      Equation: "HoleContinuityEquation"	RelError: 8.12164e-15	AbsError: 1.01328e-02
      Equation: "PotentialEquation"	RelError: 4.73335e-16	AbsError: 3.57694e-18
    Region: "oxide"	RelError: 1.30586e-18	AbsError: 7.37505e-19
      Equation: "PotentialEquation"	RelError: 1.30586e-18	AbsError: 7.37505e-19
number of equations 6651
Iteration: 0
  Device: "part1_baseline"	RelError: 1.80569e-01	AbsError: 5.27593e+17
    Region: "bulk"	RelError: 1.63073e-01	AbsError: 5.27593e+17
      Equation: "ElectronContinuityEquation"	RelError: 4.84866e-02	AbsError: 5.27591e+17
      Equation: "HoleContinuityEquation"	RelError: 5.47977e-02	AbsError: 1.31326e+12
      Equation: "PotentialEquation"	RelError: 5.97890e-02	AbsError: 1.30727e-03
    Region: "oxide"	RelError: 1.74960e-02	AbsError: 2.00000e-02
      Equation: "PotentialEquation"	RelError: 1.74960e-02	AbsError: 2.00000e-02
Iteration: 1
  Device: "part1_baseline"	RelError: 4.33189e-03	AbsError: 2.93381e+15
    Region: "bulk"	RelError: 4.28716e-03	AbsError: 2.93381e+15
      Equation: "ElectronContinuityEquation"	RelError: 3.03390e-04	AbsError: 2.93377e+15
      Equation: "HoleContinuityEquation"	RelError: 2.41328e-03	AbsError: 3.73733e+10
      Equation: "PotentialEquation"	RelError: 1.57049e-03	AbsError: 2.53905e-05
    Region: "oxide"	RelError: 4.47300e-05	AbsError: 2.53905e-05
      Equation: "PotentialEquation"	RelError: 4.47300e-05	AbsError: 2.53905e-05
Iteration: 2
  Device: "part1_baseline"	RelError: 1.17430e-06	AbsError: 9.97475e+10
    Region: "bulk"	RelError: 1.17329e-06	AbsError: 9.97475e+10
      Equation: "ElectronContinuityEquation"	RelError: 7.80233e-08	AbsError: 9.97426e+10
      Equation: "HoleContinuityEquation"	RelError: 8.76078e-07	AbsError: 4.86452e+06
      Equation: "PotentialEquation"	RelError: 2.19186e-07	AbsError: 1.03977e-09
    Region: "oxide"	RelError: 1.01005e-09	AbsError: 5.92929e-10
      Equation: "PotentialEquation"	RelError: 1.01005e-09	AbsError: 5.92929e-10
Iteration: 3
  Device: "part1_baseline"	RelError: 7.11444e-15	AbsError: 8.62208e+01
    Region: "bulk"	RelError: 7.11344e-15	AbsError: 8.62208e+01
      Equation: "ElectronContinuityEquation"	RelError: 8.03859e-16	AbsError: 8.62131e+01
      Equation: "HoleContinuityEquation"	RelError: 5.97387e-15	AbsError: 7.65097e-03
      Equation: "PotentialEquation"	RelError: 3.35711e-16	AbsError: 2.66100e-18
    Region: "oxide"	RelError: 1.00228e-18	AbsError: 5.68061e-19
      Equation: "PotentialEquation"	RelError: 1.00228e-18	AbsError: 5.68061e-19
number of equations 6651
Iteration: 0
  Device: "part1_baseline"	RelError: 1.70212e-01	AbsError: 5.32675e+17
    Region: "bulk"	RelError: 1.53017e-01	AbsError: 5.32675e+17
      Equation: "ElectronContinuityEquation"	RelError: 4.67193e-02	AbsError: 5.32673e+17
      Equation: "HoleContinuityEquation"	RelError: 5.25611e-02	AbsError: 1.23965e+12
      Equation: "PotentialEquation"	RelError: 5.37368e-02	AbsError: 1.25775e-03
    Region: "oxide"	RelError: 1.71951e-02	AbsError: 2.00000e-02
      Equation: "PotentialEquation"	RelError: 1.71951e-02	AbsError: 2.00000e-02
Iteration: 1
  Device: "part1_baseline"	RelError: 3.92330e-03	AbsError: 2.77247e+15
    Region: "bulk"	RelError: 3.88165e-03	AbsError: 2.77247e+15
      Equation: "ElectronContinuityEquation"	RelError: 2.81722e-04	AbsError: 2.77244e+15
      Equation: "HoleContinuityEquation"	RelError: 2.23760e-03	AbsError: 3.41318e+10
      Equation: "PotentialEquation"	RelError: 1.36233e-03	AbsError: 2.36828e-05
    Region: "oxide"	RelError: 4.16461e-05	AbsError: 2.36828e-05
      Equation: "PotentialEquation"	RelError: 4.16461e-05	AbsError: 2.36828e-05
Iteration: 2
  Device: "part1_baseline"	RelError: 1.01333e-06	AbsError: 8.76131e+10
    Region: "bulk"	RelError: 1.01242e-06	AbsError: 8.76131e+10
      Equation: "ElectronContinuityEquation"	RelError: 6.70364e-08	AbsError: 8.76087e+10
      Equation: "HoleContinuityEquation"	RelError: 7.59795e-07	AbsError: 4.35198e+06
      Equation: "PotentialEquation"	RelError: 1.85585e-07	AbsError: 9.23228e-10
    Region: "oxide"	RelError: 9.12262e-10	AbsError: 5.36595e-10
      Equation: "PotentialEquation"	RelError: 9.12262e-10	AbsError: 5.36595e-10
Iteration: 3
  Device: "part1_baseline"	RelError: 5.29052e-15	AbsError: 6.55133e+01
    Region: "bulk"	RelError: 5.28975e-15	AbsError: 6.55133e+01
      Equation: "ElectronContinuityEquation"	RelError: 6.21532e-16	AbsError: 6.55075e+01
      Equation: "HoleContinuityEquation"	RelError: 4.42741e-15	AbsError: 5.80925e-03
      Equation: "PotentialEquation"	RelError: 2.40805e-16	AbsError: 1.99163e-18
    Region: "oxide"	RelError: 7.71159e-19	AbsError: 4.38458e-19
      Equation: "PotentialEquation"	RelError: 7.71159e-19	AbsError: 4.38458e-19
number of equations 6651
Iteration: 0
  Device: "part1_baseline"	RelError: 1.61087e-01	AbsError: 5.37492e+17
    Region: "bulk"	RelError: 1.44183e-01	AbsError: 5.37492e+17
      Equation: "ElectronContinuityEquation"	RelError: 4.50634e-02	AbsError: 5.37491e+17
      Equation: "HoleContinuityEquation"	RelError: 5.04818e-02	AbsError: 1.17239e+12
      Equation: "PotentialEquation"	RelError: 4.86378e-02	AbsError: 1.21152e-03
    Region: "oxide"	RelError: 1.69044e-02	AbsError: 2.00000e-02
      Equation: "PotentialEquation"	RelError: 1.69044e-02	AbsError: 2.00000e-02
Iteration: 1
  Device: "part1_baseline"	RelError: 3.57360e-03	AbsError: 2.62271e+15
    Region: "bulk"	RelError: 3.53475e-03	AbsError: 2.62271e+15
      Equation: "ElectronContinuityEquation"	RelError: 2.64487e-04	AbsError: 2.62268e+15
      Equation: "HoleContinuityEquation"	RelError: 2.07922e-03	AbsError: 3.12559e+10
      Equation: "PotentialEquation"	RelError: 1.19104e-03	AbsError: 2.21313e-05
    Region: "oxide"	RelError: 3.88507e-05	AbsError: 2.21313e-05
      Equation: "PotentialEquation"	RelError: 3.88507e-05	AbsError: 2.21313e-05
Iteration: 2
  Device: "part1_baseline"	RelError: 8.78420e-07	AbsError: 7.72448e+10
    Region: "bulk"	RelError: 8.77595e-07	AbsError: 7.72448e+10
      Equation: "ElectronContinuityEquation"	RelError: 5.78603e-08	AbsError: 7.72409e+10
      Equation: "HoleContinuityEquation"	RelError: 6.61368e-07	AbsError: 3.90300e+06
      Equation: "PotentialEquation"	RelError: 1.58366e-07	AbsError: 8.22049e-10
    Region: "oxide"	RelError: 8.25804e-10	AbsError: 4.86675e-10
      Equation: "PotentialEquation"	RelError: 8.25804e-10	AbsError: 4.86675e-10
number of equations 6651
Iteration: 0
  Device: "part1_baseline"	RelError: 1.52972e-01	AbsError: 5.42063e+17
    Region: "bulk"	RelError: 1.36348e-01	AbsError: 5.42063e+17
      Equation: "ElectronContinuityEquation"	RelError: 4.35094e-02	AbsError: 5.42062e+17
      Equation: "HoleContinuityEquation"	RelError: 4.85448e-02	AbsError: 1.11077e+12
      Equation: "PotentialEquation"	RelError: 4.42940e-02	AbsError: 1.16853e-03
    Region: "oxide"	RelError: 1.66234e-02	AbsError: 2.00000e-02
      Equation: "PotentialEquation"	RelError: 1.66234e-02	AbsError: 2.00000e-02
Iteration: 1
  Device: "part1_baseline"	RelError: 3.26942e-03	AbsError: 2.48358e+15
    Region: "bulk"	RelError: 3.23311e-03	AbsError: 2.48358e+15
      Equation: "ElectronContinuityEquation"	RelError: 2.48569e-04	AbsError: 2.48355e+15
      Equation: "HoleContinuityEquation"	RelError: 1.93604e-03	AbsError: 2.86958e+10
      Equation: "PotentialEquation"	RelError: 1.04850e-03	AbsError: 2.07186e-05
    Region: "oxide"	RelError: 3.63104e-05	AbsError: 2.07186e-05
      Equation: "PotentialEquation"	RelError: 3.63104e-05	AbsError: 2.07186e-05
Iteration: 2
  Device: "part1_baseline"	RelError: 7.64701e-07	AbsError: 6.83531e+10
    Region: "bulk"	RelError: 7.63952e-07	AbsError: 6.83531e+10
      Equation: "ElectronContinuityEquation"	RelError: 5.01566e-08	AbsError: 6.83496e+10
      Equation: "HoleContinuityEquation"	RelError: 5.77721e-07	AbsError: 3.50856e+06
      Equation: "PotentialEquation"	RelError: 1.36074e-07	AbsError: 7.33925e-10
    Region: "oxide"	RelError: 7.49184e-10	AbsError: 4.42338e-10
      Equation: "PotentialEquation"	RelError: 7.49184e-10	AbsError: 4.42338e-10
number of equations 6651
Iteration: 0
  Device: "part1_baseline"	RelError: 1.45695e-01	AbsError: 5.46405e+17
    Region: "bulk"	RelError: 1.29343e-01	AbsError: 5.46405e+17
      Equation: "ElectronContinuityEquation"	RelError: 4.20489e-02	AbsError: 5.46404e+17
      Equation: "HoleContinuityEquation"	RelError: 4.67368e-02	AbsError: 1.05418e+12
      Equation: "PotentialEquation"	RelError: 4.05574e-02	AbsError: 1.12828e-03
    Region: "oxide"	RelError: 1.63516e-02	AbsError: 2.00000e-02
      Equation: "PotentialEquation"	RelError: 1.63516e-02	AbsError: 2.00000e-02
Iteration: 1
  Device: "part1_baseline"	RelError: 3.00283e-03	AbsError: 2.35422e+15
    Region: "bulk"	RelError: 2.96883e-03	AbsError: 2.35422e+15
      Equation: "ElectronContinuityEquation"	RelError: 2.33859e-04	AbsError: 2.35419e+15
      Equation: "HoleContinuityEquation"	RelError: 1.80627e-03	AbsError: 2.64095e+10
      Equation: "PotentialEquation"	RelError: 9.28705e-04	AbsError: 1.94292e-05
    Region: "oxide"	RelError: 3.39965e-05	AbsError: 1.94292e-05
      Equation: "PotentialEquation"	RelError: 3.39965e-05	AbsError: 1.94292e-05
Iteration: 2
  Device: "part1_baseline"	RelError: 6.68338e-07	AbsError: 6.06998e+10
    Region: "bulk"	RelError: 6.67657e-07	AbsError: 6.06998e+10
      Equation: "ElectronContinuityEquation"	RelError: 4.36571e-08	AbsError: 6.06967e+10
      Equation: "HoleContinuityEquation"	RelError: 5.06358e-07	AbsError: 3.16108e+06
      Equation: "PotentialEquation"	RelError: 1.17641e-07	AbsError: 6.56936e-10
    Region: "oxide"	RelError: 6.81120e-10	AbsError: 4.02869e-10
      Equation: "PotentialEquation"	RelError: 6.81120e-10	AbsError: 4.02869e-10
number of equations 6651
Iteration: 0
  Device: "part1_baseline"	RelError: 1.39125e-01	AbsError: 5.50533e+17
    Region: "bulk"	RelError: 1.23036e-01	AbsError: 5.50533e+17
      Equation: "ElectronContinuityEquation"	RelError: 4.06743e-02	AbsError: 5.50532e+17
      Equation: "HoleContinuityEquation"	RelError: 4.50461e-02	AbsError: 1.00208e+12
      Equation: "PotentialEquation"	RelError: 3.73157e-02	AbsError: 1.09049e-03
    Region: "oxide"	RelError: 1.60885e-02	AbsError: 2.00000e-02
      Equation: "PotentialEquation"	RelError: 1.60885e-02	AbsError: 2.00000e-02
Iteration: 1
  Device: "part1_baseline"	RelError: 2.76764e-03	AbsError: 2.23382e+15
    Region: "bulk"	RelError: 2.73576e-03	AbsError: 2.23382e+15
      Equation: "ElectronContinuityEquation"	RelError: 2.20256e-04	AbsError: 2.23379e+15
      Equation: "HoleContinuityEquation"	RelError: 1.68835e-03	AbsError: 2.43616e+10
      Equation: "PotentialEquation"	RelError: 8.27150e-04	AbsError: 1.82498e-05
    Region: "oxide"	RelError: 3.18841e-05	AbsError: 1.82498e-05
      Equation: "PotentialEquation"	RelError: 3.18841e-05	AbsError: 1.82498e-05
Iteration: 2
  Device: "part1_baseline"	RelError: 5.86288e-07	AbsError: 5.40885e+10
    Region: "bulk"	RelError: 5.85667e-07	AbsError: 5.40885e+10
      Equation: "ElectronContinuityEquation"	RelError: 3.81479e-08	AbsError: 5.40857e+10
      Equation: "HoleContinuityEquation"	RelError: 4.45249e-07	AbsError: 2.85419e+06
      Equation: "PotentialEquation"	RelError: 1.02271e-07	AbsError: 5.89595e-10
    Region: "oxide"	RelError: 6.20515e-10	AbsError: 3.67654e-10
      Equation: "PotentialEquation"	RelError: 6.20515e-10	AbsError: 3.67654e-10
number of equations 6651
Iteration: 0
  Device: "part1_baseline"	RelError: 1.33157e-01	AbsError: 5.54460e+17
    Region: "bulk"	RelError: 1.17323e-01	AbsError: 5.54460e+17
      Equation: "ElectronContinuityEquation"	RelError: 3.93786e-02	AbsError: 5.54459e+17
      Equation: "HoleContinuityEquation"	RelError: 4.34623e-02	AbsError: 9.53993e+11
      Equation: "PotentialEquation"	RelError: 3.44820e-02	AbsError: 1.05503e-03
    Region: "oxide"	RelError: 1.58338e-02	AbsError: 2.00000e-02
      Equation: "PotentialEquation"	RelError: 1.58338e-02	AbsError: 2.00000e-02
Iteration: 1
  Device: "part1_baseline"	RelError: 2.55896e-03	AbsError: 2.12166e+15
    Region: "bulk"	RelError: 2.52901e-03	AbsError: 2.12166e+15
      Equation: "ElectronContinuityEquation"	RelError: 2.07669e-04	AbsError: 2.12164e+15
      Equation: "HoleContinuityEquation"	RelError: 1.58095e-03	AbsError: 2.25219e+10
      Equation: "PotentialEquation"	RelError: 7.40388e-04	AbsError: 1.71688e-05
    Region: "oxide"	RelError: 2.99513e-05	AbsError: 1.71688e-05
      Equation: "PotentialEquation"	RelError: 2.99513e-05	AbsError: 1.71688e-05
Iteration: 2
  Device: "part1_baseline"	RelError: 5.16111e-07	AbsError: 4.83569e+10
    Region: "bulk"	RelError: 5.15545e-07	AbsError: 4.83569e+10
      Equation: "ElectronContinuityEquation"	RelError: 3.34573e-08	AbsError: 4.83543e+10
      Equation: "HoleContinuityEquation"	RelError: 3.92731e-07	AbsError: 2.58245e+06
      Equation: "PotentialEquation"	RelError: 8.93564e-08	AbsError: 5.30853e-10
    Region: "oxide"	RelError: 5.66426e-10	AbsError: 3.36165e-10
      Equation: "PotentialEquation"	RelError: 5.66426e-10	AbsError: 3.36165e-10
number of equations 6651
Iteration: 0
  Device: "part1_baseline"	RelError: 1.27715e-01	AbsError: 5.58202e+17
    Region: "bulk"	RelError: 1.12128e-01	AbsError: 5.58202e+17
      Equation: "ElectronContinuityEquation"	RelError: 3.81557e-02	AbsError: 5.58201e+17
      Equation: "HoleContinuityEquation"	RelError: 4.19844e-02	AbsError: 9.09543e+11
      Equation: "PotentialEquation"	RelError: 3.19881e-02	AbsError: 1.02182e-03
    Region: "oxide"	RelError: 1.55870e-02	AbsError: 2.00000e-02
      Equation: "PotentialEquation"	RelError: 1.55870e-02	AbsError: 2.00000e-02
Iteration: 1
  Device: "part1_baseline"	RelError: 2.37284e-03	AbsError: 2.01707e+15
    Region: "bulk"	RelError: 2.34466e-03	AbsError: 2.01707e+15
      Equation: "ElectronContinuityEquation"	RelError: 1.96010e-04	AbsError: 2.01705e+15
      Equation: "HoleContinuityEquation"	RelError: 1.48290e-03	AbsError: 2.08648e+10
      Equation: "PotentialEquation"	RelError: 6.65745e-04	AbsError: 1.61759e-05
    Region: "oxide"	RelError: 2.81845e-05	AbsError: 1.61759e-05
      Equation: "PotentialEquation"	RelError: 2.81845e-05	AbsError: 1.61759e-05
Iteration: 2
  Device: "part1_baseline"	RelError: 4.55838e-07	AbsError: 4.33705e+10
    Region: "bulk"	RelError: 4.55320e-07	AbsError: 4.33705e+10
      Equation: "ElectronContinuityEquation"	RelError: 2.94466e-08	AbsError: 4.33682e+10
      Equation: "HoleContinuityEquation"	RelError: 3.47441e-07	AbsError: 2.34128e+06
      Equation: "PotentialEquation"	RelError: 7.84323e-08	AbsError: 4.79028e-10
    Region: "oxide"	RelError: 5.18042e-10	AbsError: 3.07944e-10
      Equation: "PotentialEquation"	RelError: 5.18042e-10	AbsError: 3.07944e-10
number of equations 6651
Iteration: 0
  Device: "part1_baseline"	RelError: 1.22788e-01	AbsError: 5.61768e+17
    Region: "bulk"	RelError: 1.07440e-01	AbsError: 5.61768e+17
      Equation: "ElectronContinuityEquation"	RelError: 3.70001e-02	AbsError: 5.61767e+17
      Equation: "HoleContinuityEquation"	RelError: 4.06600e-02	AbsError: 8.68596e+11
      Equation: "PotentialEquation"	RelError: 2.97800e-02	AbsError: 9.90486e-04
    Region: "oxide"	RelError: 1.53478e-02	AbsError: 2.00000e-02
      Equation: "PotentialEquation"	RelError: 1.53478e-02	AbsError: 2.00000e-02
Iteration: 1
  Device: "part1_baseline"	RelError: 2.20608e-03	AbsError: 1.91945e+15
    Region: "bulk"	RelError: 2.17952e-03	AbsError: 1.91945e+15
      Equation: "ElectronContinuityEquation"	RelError: 1.85202e-04	AbsError: 1.91943e+15
      Equation: "HoleContinuityEquation"	RelError: 1.39320e-03	AbsError: 1.93681e+10
      Equation: "PotentialEquation"	RelError: 6.01123e-04	AbsError: 1.52622e-05
    Region: "oxide"	RelError: 2.65610e-05	AbsError: 1.52622e-05
      Equation: "PotentialEquation"	RelError: 2.65610e-05	AbsError: 1.52622e-05
Iteration: 2
  Device: "part1_baseline"	RelError: 4.05202e-07	AbsError: 3.90175e+10
    Region: "bulk"	RelError: 4.04727e-07	AbsError: 3.90175e+10
      Equation: "ElectronContinuityEquation"	RelError: 2.60035e-08	AbsError: 3.90153e+10
      Equation: "HoleContinuityEquation"	RelError: 3.08255e-07	AbsError: 2.12675e+06
      Equation: "PotentialEquation"	RelError: 7.04693e-08	AbsError: 4.33191e-10
    Region: "oxide"	RelError: 4.74666e-10	AbsError: 2.82598e-10
      Equation: "PotentialEquation"	RelError: 4.74666e-10	AbsError: 2.82598e-10
number of equations 6651
Iteration: 0
  Device: "part1_baseline"	RelError: 1.18361e-01	AbsError: 5.65171e+17
    Region: "bulk"	RelError: 1.03245e-01	AbsError: 5.65171e+17
      Equation: "ElectronContinuityEquation"	RelError: 3.59066e-02	AbsError: 5.65170e+17
      Equation: "HoleContinuityEquation"	RelError: 3.94107e-02	AbsError: 8.30570e+11
      Equation: "PotentialEquation"	RelError: 2.79281e-02	AbsError: 9.60884e-04
    Region: "oxide"	RelError: 1.51158e-02	AbsError: 2.00000e-02
      Equation: "PotentialEquation"	RelError: 1.51158e-02	AbsError: 2.00000e-02
Iteration: 1
  Device: "part1_baseline"	RelError: 2.05604e-03	AbsError: 1.82823e+15
    Region: "bulk"	RelError: 2.03098e-03	AbsError: 1.82823e+15
      Equation: "ElectronContinuityEquation"	RelError: 1.75172e-04	AbsError: 1.82822e+15
      Equation: "HoleContinuityEquation"	RelError: 1.31095e-03	AbsError: 1.80130e+10
      Equation: "PotentialEquation"	RelError: 5.44855e-04	AbsError: 1.44198e-05
    Region: "oxide"	RelError: 2.50662e-05	AbsError: 1.44198e-05
      Equation: "PotentialEquation"	RelError: 2.50662e-05	AbsError: 1.44198e-05
Iteration: 2
  Device: "part1_baseline"	RelError: 3.63548e-07	AbsError: 3.52046e+10
    Region: "bulk"	RelError: 3.63113e-07	AbsError: 3.52046e+10
      Equation: "ElectronContinuityEquation"	RelError: 2.30363e-08	AbsError: 3.52026e+10
      Equation: "HoleContinuityEquation"	RelError: 2.74240e-07	AbsError: 1.93549e+06
      Equation: "PotentialEquation"	RelError: 6.58367e-08	AbsError: 3.92551e-10
    Region: "oxide"	RelError: 4.35695e-10	AbsError: 2.59786e-10
      Equation: "PotentialEquation"	RelError: 4.35695e-10	AbsError: 2.59786e-10
number of equations 6651
Iteration: 0
  Device: "part1_baseline"	RelError: 1.15568e-01	AbsError: 5.68421e+17
    Region: "bulk"	RelError: 1.00678e-01	AbsError: 5.68421e+17
      Equation: "ElectronContinuityEquation"	RelError: 3.48707e-02	AbsError: 5.68420e+17
      Equation: "HoleContinuityEquation"	RelError: 3.82305e-02	AbsError: 7.95190e+11
      Equation: "PotentialEquation"	RelError: 2.75766e-02	AbsError: 9.32990e-04
    Region: "oxide"	RelError: 1.48907e-02	AbsError: 2.00000e-02
      Equation: "PotentialEquation"	RelError: 1.48907e-02	AbsError: 2.00000e-02
Iteration: 1
  Device: "part1_baseline"	RelError: 1.94689e-03	AbsError: 1.74292e+15
    Region: "bulk"	RelError: 1.92321e-03	AbsError: 1.74292e+15
      Equation: "ElectronContinuityEquation"	RelError: 1.65855e-04	AbsError: 1.74290e+15
      Equation: "HoleContinuityEquation"	RelError: 1.23539e-03	AbsError: 1.67831e+10
      Equation: "PotentialEquation"	RelError: 5.21964e-04	AbsError: 1.36417e-05
    Region: "oxide"	RelError: 2.36875e-05	AbsError: 1.36417e-05
      Equation: "PotentialEquation"	RelError: 2.36875e-05	AbsError: 1.36417e-05
Iteration: 2
  Device: "part1_baseline"	RelError: 3.27097e-07	AbsError: 3.18539e+10
    Region: "bulk"	RelError: 3.26697e-07	AbsError: 3.18539e+10
      Equation: "ElectronContinuityEquation"	RelError: 2.04697e-08	AbsError: 3.18521e+10
      Equation: "HoleContinuityEquation"	RelError: 2.44623e-07	AbsError: 1.76461e+06
      Equation: "PotentialEquation"	RelError: 6.16047e-08	AbsError: 3.56433e-10
    Region: "oxide"	RelError: 4.00608e-10	AbsError: 2.39213e-10
      Equation: "PotentialEquation"	RelError: 4.00608e-10	AbsError: 2.39213e-10
number of equations 6651
Iteration: 0
  Device: "part1_baseline"	RelError: 1.12928e-01	AbsError: 5.71528e+17
    Region: "bulk"	RelError: 9.82554e-02	AbsError: 5.71528e+17
      Equation: "ElectronContinuityEquation"	RelError: 3.38881e-02	AbsError: 5.71527e+17
      Equation: "HoleContinuityEquation"	RelError: 3.71143e-02	AbsError: 7.62212e+11
      Equation: "PotentialEquation"	RelError: 2.72531e-02	AbsError: 9.06684e-04
    Region: "oxide"	RelError: 1.46722e-02	AbsError: 2.00000e-02
      Equation: "PotentialEquation"	RelError: 1.46722e-02	AbsError: 2.00000e-02
Iteration: 1
  Device: "part1_baseline"	RelError: 1.84654e-03	AbsError: 1.66305e+15
    Region: "bulk"	RelError: 1.82413e-03	AbsError: 1.66305e+15
      Equation: "ElectronContinuityEquation"	RelError: 1.57192e-04	AbsError: 1.66303e+15
      Equation: "HoleContinuityEquation"	RelError: 1.16584e-03	AbsError: 1.56642e+10
      Equation: "PotentialEquation"	RelError: 5.01099e-04	AbsError: 1.29219e-05
    Region: "oxide"	RelError: 2.24135e-05	AbsError: 1.29219e-05
      Equation: "PotentialEquation"	RelError: 2.24135e-05	AbsError: 1.29219e-05
Iteration: 2
  Device: "part1_baseline"	RelError: 2.95101e-07	AbsError: 2.89000e+10
    Region: "bulk"	RelError: 2.94732e-07	AbsError: 2.89000e+10
      Equation: "ElectronContinuityEquation"	RelError: 1.82418e-08	AbsError: 2.88983e+10
      Equation: "HoleContinuityEquation"	RelError: 2.18758e-07	AbsError: 1.61163e+06
      Equation: "PotentialEquation"	RelError: 5.77322e-08	AbsError: 3.24260e-10
    Region: "oxide"	RelError: 3.68954e-10	AbsError: 2.20623e-10
      Equation: "PotentialEquation"	RelError: 3.68954e-10	AbsError: 2.20623e-10
number of equations 6651
Iteration: 0
  Device: "part1_baseline"	RelError: 1.10428e-01	AbsError: 5.74499e+17
    Region: "bulk"	RelError: 9.59680e-02	AbsError: 5.74499e+17
      Equation: "ElectronContinuityEquation"	RelError: 3.29551e-02	AbsError: 5.74498e+17
      Equation: "HoleContinuityEquation"	RelError: 3.60571e-02	AbsError: 7.31422e+11
      Equation: "PotentialEquation"	RelError: 2.69558e-02	AbsError: 8.81730e-04
    Region: "oxide"	RelError: 1.44600e-02	AbsError: 2.00000e-02
      Equation: "PotentialEquation"	RelError: 1.44600e-02	AbsError: 2.00000e-02
Iteration: 1
  Device: "part1_baseline"	RelError: 1.75378e-03	AbsError: 1.58820e+15
    Region: "bulk"	RelError: 1.73254e-03	AbsError: 1.58820e+15
      Equation: "ElectronContinuityEquation"	RelError: 1.49128e-04	AbsError: 1.58818e+15
      Equation: "HoleContinuityEquation"	RelError: 1.10169e-03	AbsError: 1.46442e+10
      Equation: "PotentialEquation"	RelError: 4.81723e-04	AbsError: 1.22548e-05
    Region: "oxide"	RelError: 2.12344e-05	AbsError: 1.22548e-05
      Equation: "PotentialEquation"	RelError: 2.12344e-05	AbsError: 1.22548e-05
Iteration: 2
  Device: "part1_baseline"	RelError: 2.66931e-07	AbsError: 2.62878e+10
    Region: "bulk"	RelError: 2.66590e-07	AbsError: 2.62878e+10
      Equation: "ElectronContinuityEquation"	RelError: 1.63019e-08	AbsError: 2.62863e+10
      Equation: "HoleContinuityEquation"	RelError: 1.96105e-07	AbsError: 1.47440e+06
      Equation: "PotentialEquation"	RelError: 5.41832e-08	AbsError: 2.95540e-10
    Region: "oxide"	RelError: 3.40342e-10	AbsError: 2.03793e-10
      Equation: "PotentialEquation"	RelError: 3.40342e-10	AbsError: 2.03793e-10
number of equations 6651
Iteration: 0
  Device: "part1_baseline"	RelError: 1.08060e-01	AbsError: 5.77343e+17
    Region: "bulk"	RelError: 9.38062e-02	AbsError: 5.77343e+17
      Equation: "ElectronContinuityEquation"	RelError: 3.20683e-02	AbsError: 5.77343e+17
      Equation: "HoleContinuityEquation"	RelError: 3.50547e-02	AbsError: 7.02625e+11
      Equation: "PotentialEquation"	RelError: 2.66832e-02	AbsError: 8.58030e-04
    Region: "oxide"	RelError: 1.42539e-02	AbsError: 2.00000e-02
      Equation: "PotentialEquation"	RelError: 1.42539e-02	AbsError: 2.00000e-02
Iteration: 1
  Device: "part1_baseline"	RelError: 1.66790e-03	AbsError: 1.51798e+15
    Region: "bulk"	RelError: 1.64776e-03	AbsError: 1.51798e+15
      Equation: "ElectronContinuityEquation"	RelError: 1.41613e-04	AbsError: 1.51797e+15
      Equation: "HoleContinuityEquation"	RelError: 1.04244e-03	AbsError: 1.37123e+10
      Equation: "PotentialEquation"	RelError: 4.63704e-04	AbsError: 1.16356e-05
    Region: "oxide"	RelError: 2.01412e-05	AbsError: 1.16356e-05
      Equation: "PotentialEquation"	RelError: 2.01412e-05	AbsError: 1.16356e-05
Iteration: 2
  Device: "part1_baseline"	RelError: 2.42064e-07	AbsError: 2.39710e+10
    Region: "bulk"	RelError: 2.41750e-07	AbsError: 2.39710e+10
      Equation: "ElectronContinuityEquation"	RelError: 1.46131e-08	AbsError: 2.39696e+10
      Equation: "HoleContinuityEquation"	RelError: 1.76211e-07	AbsError: 1.35106e+06
      Equation: "PotentialEquation"	RelError: 5.09256e-08	AbsError: 2.69846e-10
    Region: "oxide"	RelError: 3.14429e-10	AbsError: 1.88527e-10
      Equation: "PotentialEquation"	RelError: 3.14429e-10	AbsError: 1.88527e-10
number of equations 6651
Iteration: 0
  Device: "part1_baseline"	RelError: 1.05815e-01	AbsError: 5.80069e+17
    Region: "bulk"	RelError: 9.17614e-02	AbsError: 5.80069e+17
      Equation: "ElectronContinuityEquation"	RelError: 3.12245e-02	AbsError: 5.80068e+17
      Equation: "HoleContinuityEquation"	RelError: 3.41030e-02	AbsError: 6.75652e+11
      Equation: "PotentialEquation"	RelError: 2.64339e-02	AbsError: 8.35542e-04
    Region: "oxide"	RelError: 1.40536e-02	AbsError: 2.00000e-02
      Equation: "PotentialEquation"	RelError: 1.40536e-02	AbsError: 2.00000e-02
Iteration: 1
  Device: "part1_baseline"	RelError: 1.58826e-03	AbsError: 1.45204e+15
    Region: "bulk"	RelError: 1.56913e-03	AbsError: 1.45204e+15
      Equation: "ElectronContinuityEquation"	RelError: 1.34604e-04	AbsError: 1.45203e+15
      Equation: "HoleContinuityEquation"	RelError: 9.87599e-04	AbsError: 1.28592e+10
      Equation: "PotentialEquation"	RelError: 4.46927e-04	AbsError: 1.10600e-05
    Region: "oxide"	RelError: 1.91294e-05	AbsError: 1.10600e-05
      Equation: "PotentialEquation"	RelError: 1.91294e-05	AbsError: 1.10600e-05
Iteration: 2
  Device: "part1_baseline"	RelError: 2.20048e-07	AbsError: 2.19102e+10
    Region: "bulk"	RelError: 2.19757e-07	AbsError: 2.19102e+10
      Equation: "ElectronContinuityEquation"	RelError: 1.31325e-08	AbsError: 2.19089e+10
      Equation: "HoleContinuityEquation"	RelError: 1.58693e-07	AbsError: 1.24000e+06
      Equation: "PotentialEquation"	RelError: 4.79312e-08	AbsError: 2.46813e-10
    Region: "oxide"	RelError: 2.90917e-10	AbsError: 1.74655e-10
      Equation: "PotentialEquation"	RelError: 2.90917e-10	AbsError: 1.74655e-10
number of equations 6651
Iteration: 0
  Device: "part1_baseline"	RelError: 1.03685e-01	AbsError: 5.82682e+17
    Region: "bulk"	RelError: 8.98259e-02	AbsError: 5.82682e+17
      Equation: "ElectronContinuityEquation"	RelError: 3.04207e-02	AbsError: 5.82681e+17
      Equation: "HoleContinuityEquation"	RelError: 3.31986e-02	AbsError: 6.50348e+11
      Equation: "PotentialEquation"	RelError: 2.62067e-02	AbsError: 8.14289e-04
    Region: "oxide"	RelError: 1.38589e-02	AbsError: 2.00000e-02
      Equation: "PotentialEquation"	RelError: 1.38589e-02	AbsError: 2.00000e-02
Iteration: 1
  Device: "part1_baseline"	RelError: 1.51430e-03	AbsError: 1.39007e+15
    Region: "bulk"	RelError: 1.49611e-03	AbsError: 1.39007e+15
      Equation: "ElectronContinuityEquation"	RelError: 1.28059e-04	AbsError: 1.39006e+15
      Equation: "HoleContinuityEquation"	RelError: 9.36767e-04	AbsError: 1.20767e+10
      Equation: "PotentialEquation"	RelError: 4.31287e-04	AbsError: 1.05242e-05
    Region: "oxide"	RelError: 1.81885e-05	AbsError: 1.05242e-05
      Equation: "PotentialEquation"	RelError: 1.81885e-05	AbsError: 1.05242e-05
Iteration: 2
  Device: "part1_baseline"	RelError: 2.00502e-07	AbsError: 2.00719e+10
    Region: "bulk"	RelError: 2.00232e-07	AbsError: 2.00719e+10
      Equation: "ElectronContinuityEquation"	RelError: 1.18304e-08	AbsError: 2.00707e+10
      Equation: "HoleContinuityEquation"	RelError: 1.43227e-07	AbsError: 1.13982e+06
      Equation: "PotentialEquation"	RelError: 4.51748e-08	AbsError: 2.26124e-10
    Region: "oxide"	RelError: 2.69547e-10	AbsError: 1.62028e-10
      Equation: "PotentialEquation"	RelError: 2.69547e-10	AbsError: 1.62028e-10
number of equations 6651
Iteration: 0
  Device: "part1_baseline"	RelError: 1.01662e-01	AbsError: 5.85189e+17
    Region: "bulk"	RelError: 8.79927e-02	AbsError: 5.85189e+17
      Equation: "ElectronContinuityEquation"	RelError: 2.96544e-02	AbsError: 5.85188e+17
      Equation: "HoleContinuityEquation"	RelError: 3.23380e-02	AbsError: 6.26576e+11
      Equation: "PotentialEquation"	RelError: 2.60003e-02	AbsError: 7.94034e-04
    Region: "oxide"	RelError: 1.36694e-02	AbsError: 2.00000e-02
      Equation: "PotentialEquation"	RelError: 1.36694e-02	AbsError: 2.00000e-02
Iteration: 1
  Device: "part1_baseline"	RelError: 1.44551e-03	AbsError: 1.33176e+15
    Region: "bulk"	RelError: 1.42820e-03	AbsError: 1.33176e+15
      Equation: "ElectronContinuityEquation"	RelError: 1.21941e-04	AbsError: 1.33175e+15
      Equation: "HoleContinuityEquation"	RelError: 8.89572e-04	AbsError: 1.13576e+10
      Equation: "PotentialEquation"	RelError: 4.16690e-04	AbsError: 1.00246e-05
    Region: "oxide"	RelError: 1.73120e-05	AbsError: 1.00246e-05
      Equation: "PotentialEquation"	RelError: 1.73120e-05	AbsError: 1.00246e-05
Iteration: 2
  Device: "part1_baseline"	RelError: 1.83106e-07	AbsError: 1.84277e+10
    Region: "bulk"	RelError: 1.82856e-07	AbsError: 1.84277e+10
      Equation: "ElectronContinuityEquation"	RelError: 1.06822e-08	AbsError: 1.84267e+10
      Equation: "HoleContinuityEquation"	RelError: 1.29539e-07	AbsError: 1.04929e+06
      Equation: "PotentialEquation"	RelError: 4.26340e-08	AbsError: 2.07504e-10
    Region: "oxide"	RelError: 2.50090e-10	AbsError: 1.50516e-10
      Equation: "PotentialEquation"	RelError: 2.50090e-10	AbsError: 1.50516e-10
number of equations 6651
Iteration: 0
  Device: "part1_baseline"	RelError: 9.97439e-02	AbsError: 5.87596e+17
    Region: "bulk"	RelError: 8.62589e-02	AbsError: 5.87596e+17
      Equation: "ElectronContinuityEquation"	RelError: 2.89230e-02	AbsError: 5.87595e+17
      Equation: "HoleContinuityEquation"	RelError: 3.15220e-02	AbsError: 6.04212e+11
      Equation: "PotentialEquation"	RelError: 2.58139e-02	AbsError: 7.74711e-04
    Region: "oxide"	RelError: 1.34851e-02	AbsError: 2.00000e-02
      Equation: "PotentialEquation"	RelError: 1.34851e-02	AbsError: 2.00000e-02
Iteration: 1
  Device: "part1_baseline"	RelError: 1.38212e-03	AbsError: 1.27686e+15
    Region: "bulk"	RelError: 1.36562e-03	AbsError: 1.27686e+15
      Equation: "ElectronContinuityEquation"	RelError: 1.16216e-04	AbsError: 1.27685e+15
      Equation: "HoleContinuityEquation"	RelError: 8.46352e-04	AbsError: 1.06957e+10
      Equation: "PotentialEquation"	RelError: 4.03052e-04	AbsError: 9.55867e-06
    Region: "oxide"	RelError: 1.64944e-05	AbsError: 9.55867e-06
      Equation: "PotentialEquation"	RelError: 1.64944e-05	AbsError: 9.55867e-06
Iteration: 2
  Device: "part1_baseline"	RelError: 1.67584e-07	AbsError: 1.69533e+10
    Region: "bulk"	RelError: 1.67352e-07	AbsError: 1.69533e+10
      Equation: "ElectronContinuityEquation"	RelError: 9.66687e-09	AbsError: 1.69523e+10
      Equation: "HoleContinuityEquation"	RelError: 1.17396e-07	AbsError: 9.67337e+05
      Equation: "PotentialEquation"	RelError: 4.02887e-08	AbsError: 1.90716e-10
    Region: "oxide"	RelError: 2.32345e-10	AbsError: 1.40002e-10
      Equation: "PotentialEquation"	RelError: 2.32345e-10	AbsError: 1.40002e-10
number of equations 6651
Iteration: 0
  Device: "part1_baseline"	RelError: 9.79234e-02	AbsError: 5.89909e+17
    Region: "bulk"	RelError: 8.46177e-02	AbsError: 5.89909e+17
      Equation: "ElectronContinuityEquation"	RelError: 2.82245e-02	AbsError: 5.89908e+17
      Equation: "HoleContinuityEquation"	RelError: 3.07469e-02	AbsError: 5.83144e+11
      Equation: "PotentialEquation"	RelError: 2.56464e-02	AbsError: 7.56260e-04
    Region: "oxide"	RelError: 1.33056e-02	AbsError: 2.00000e-02
      Equation: "PotentialEquation"	RelError: 1.33056e-02	AbsError: 2.00000e-02
Iteration: 1
  Device: "part1_baseline"	RelError: 1.32396e-03	AbsError: 1.22511e+15
    Region: "bulk"	RelError: 1.30823e-03	AbsError: 1.22511e+15
      Equation: "ElectronContinuityEquation"	RelError: 1.10854e-04	AbsError: 1.22510e+15
      Equation: "HoleContinuityEquation"	RelError: 8.07075e-04	AbsError: 1.00852e+10
      Equation: "PotentialEquation"	RelError: 3.90298e-04	AbsError: 9.12325e-06
    Region: "oxide"	RelError: 1.57308e-05	AbsError: 9.12325e-06
      Equation: "PotentialEquation"	RelError: 1.57308e-05	AbsError: 9.12325e-06
Iteration: 2
  Device: "part1_baseline"	RelError: 1.53703e-07	AbsError: 1.56278e+10
    Region: "bulk"	RelError: 1.53486e-07	AbsError: 1.56278e+10
      Equation: "ElectronContinuityEquation"	RelError: 8.76676e-09	AbsError: 1.56269e+10
      Equation: "HoleContinuityEquation"	RelError: 1.06598e-07	AbsError: 8.93034e+05
      Equation: "PotentialEquation"	RelError: 3.81212e-08	AbsError: 1.75551e-10
    Region: "oxide"	RelError: 2.16135e-10	AbsError: 1.30386e-10
      Equation: "PotentialEquation"	RelError: 2.16135e-10	AbsError: 1.30386e-10
number of equations 6651
Iteration: 0
  Device: "part1_baseline"	RelError: 9.61916e-02	AbsError: 5.92132e+17
    Region: "bulk"	RelError: 8.30606e-02	AbsError: 5.92132e+17
      Equation: "ElectronContinuityEquation"	RelError: 2.75566e-02	AbsError: 5.92132e+17
      Equation: "HoleContinuityEquation"	RelError: 3.00070e-02	AbsError: 5.63274e+11
      Equation: "PotentialEquation"	RelError: 2.54970e-02	AbsError: 7.38683e-04
    Region: "oxide"	RelError: 1.31309e-02	AbsError: 2.00000e-02
      Equation: "PotentialEquation"	RelError: 1.31309e-02	AbsError: 2.00000e-02
Iteration: 1
  Device: "part1_baseline"	RelError: 1.26957e-03	AbsError: 1.17628e+15
    Region: "bulk"	RelError: 1.25455e-03	AbsError: 1.17628e+15
      Equation: "ElectronContinuityEquation"	RelError: 1.05826e-04	AbsError: 1.17627e+15
      Equation: "HoleContinuityEquation"	RelError: 7.70366e-04	AbsError: 9.52137e+09
      Equation: "PotentialEquation"	RelError: 3.78360e-04	AbsError: 8.71568e-06
    Region: "oxide"	RelError: 1.50166e-05	AbsError: 8.71568e-06
      Equation: "PotentialEquation"	RelError: 1.50166e-05	AbsError: 8.71568e-06
Iteration: 2
  Device: "part1_baseline"	RelError: 1.41259e-07	AbsError: 1.44333e+10
    Region: "bulk"	RelError: 1.41058e-07	AbsError: 1.44333e+10
      Equation: "ElectronContinuityEquation"	RelError: 7.96677e-09	AbsError: 1.44325e+10
      Equation: "HoleContinuityEquation"	RelError: 9.69755e-08	AbsError: 8.25554e+05
      Equation: "PotentialEquation"	RelError: 3.61154e-08	AbsError: 1.61829e-10
    Region: "oxide"	RelError: 2.01305e-10	AbsError: 1.21576e-10
      Equation: "PotentialEquation"	RelError: 2.01305e-10	AbsError: 1.21576e-10
number of equations 6651
Iteration: 0
  Device: "part1_baseline"	RelError: 9.45435e-02	AbsError: 5.94272e+17
    Region: "bulk"	RelError: 8.15827e-02	AbsError: 5.94272e+17
      Equation: "ElectronContinuityEquation"	RelError: 2.69176e-02	AbsError: 5.94271e+17
      Equation: "HoleContinuityEquation"	RelError: 2.93000e-02	AbsError: 5.44508e+11
      Equation: "PotentialEquation"	RelError: 2.53651e-02	AbsError: 7.21979e-04
    Region: "oxide"	RelError: 1.29607e-02	AbsError: 2.00000e-02
      Equation: "PotentialEquation"	RelError: 1.29607e-02	AbsError: 2.00000e-02
Iteration: 1
  Device: "part1_baseline"	RelError: 1.21865e-03	AbsError: 1.13018e+15
    Region: "bulk"	RelError: 1.20430e-03	AbsError: 1.13018e+15
      Equation: "ElectronContinuityEquation"	RelError: 1.01108e-04	AbsError: 1.13018e+15
      Equation: "HoleContinuityEquation"	RelError: 7.36014e-04	AbsError: 8.99970e+09
      Equation: "PotentialEquation"	RelError: 3.67176e-04	AbsError: 8.33369e-06
    Region: "oxide"	RelError: 1.43477e-05	AbsError: 8.33369e-06
      Equation: "PotentialEquation"	RelError: 1.43477e-05	AbsError: 8.33369e-06
Iteration: 2
  Device: "part1_baseline"	RelError: 1.30080e-07	AbsError: 1.33544e+10
    Region: "bulk"	RelError: 1.29892e-07	AbsError: 1.33544e+10
      Equation: "ElectronContinuityEquation"	RelError: 7.25405e-09	AbsError: 1.33536e+10
      Equation: "HoleContinuityEquation"	RelError: 8.83811e-08	AbsError: 7.64177e+05
      Equation: "PotentialEquation"	RelError: 3.42571e-08	AbsError: 1.49391e-10
    Region: "oxide"	RelError: 1.87717e-10	AbsError: 1.13495e-10
      Equation: "PotentialEquation"	RelError: 1.87717e-10	AbsError: 1.13495e-10
number of equations 6651
Iteration: 0
  Device: "part1_baseline"	RelError: 9.29744e-02	AbsError: 5.96332e+17
    Region: "bulk"	RelError: 8.01795e-02	AbsError: 5.96332e+17
      Equation: "ElectronContinuityEquation"	RelError: 2.63057e-02	AbsError: 5.96331e+17
      Equation: "HoleContinuityEquation"	RelError: 2.86239e-02	AbsError: 5.26765e+11
      Equation: "PotentialEquation"	RelError: 2.52499e-02	AbsError: 7.05981e-04
    Region: "oxide"	RelError: 1.27949e-02	AbsError: 2.00000e-02
      Equation: "PotentialEquation"	RelError: 1.27949e-02	AbsError: 2.00000e-02
Iteration: 1
  Device: "part1_baseline"	RelError: 1.17091e-03	AbsError: 1.08662e+15
    Region: "bulk"	RelError: 1.15719e-03	AbsError: 1.08662e+15
      Equation: "ElectronContinuityEquation"	RelError: 9.66750e-05	AbsError: 1.08661e+15
      Equation: "HoleContinuityEquation"	RelError: 7.03826e-04	AbsError: 8.51634e+09
      Equation: "PotentialEquation"	RelError: 3.56690e-04	AbsError: 7.97526e-06
    Region: "oxide"	RelError: 1.37222e-05	AbsError: 7.97526e-06
      Equation: "PotentialEquation"	RelError: 1.37222e-05	AbsError: 7.97526e-06
Iteration: 2
  Device: "part1_baseline"	RelError: 1.20016e-07	AbsError: 1.23776e+10
    Region: "bulk"	RelError: 1.19840e-07	AbsError: 1.23776e+10
      Equation: "ElectronContinuityEquation"	RelError: 6.61762e-09	AbsError: 1.23769e+10
      Equation: "HoleContinuityEquation"	RelError: 8.06893e-08	AbsError: 7.08265e+05
      Equation: "PotentialEquation"	RelError: 3.25334e-08	AbsError: 1.38099e-10
    Region: "oxide"	RelError: 1.75249e-10	AbsError: 1.06070e-10
      Equation: "PotentialEquation"	RelError: 1.75249e-10	AbsError: 1.06070e-10
number of equations 6651
Iteration: 0
  Device: "part1_baseline"	RelError: 9.14802e-02	AbsError: 5.98316e+17
    Region: "bulk"	RelError: 7.88469e-02	AbsError: 5.98316e+17
      Equation: "ElectronContinuityEquation"	RelError: 2.57193e-02	AbsError: 5.98315e+17
      Equation: "HoleContinuityEquation"	RelError: 2.79768e-02	AbsError: 5.09971e+11
      Equation: "PotentialEquation"	RelError: 2.51508e-02	AbsError: 6.90649e-04
    Region: "oxide"	RelError: 1.26333e-02	AbsError: 2.00000e-02
      Equation: "PotentialEquation"	RelError: 1.26333e-02	AbsError: 2.00000e-02
Iteration: 1
  Device: "part1_baseline"	RelError: 1.12613e-03	AbsError: 1.04541e+15
    Region: "bulk"	RelError: 1.11299e-03	AbsError: 1.04541e+15
      Equation: "ElectronContinuityEquation"	RelError: 9.25067e-05	AbsError: 1.04540e+15
      Equation: "HoleContinuityEquation"	RelError: 6.73631e-04	AbsError: 8.06779e+09
      Equation: "PotentialEquation"	RelError: 3.46852e-04	AbsError: 7.63855e-06
    Region: "oxide"	RelError: 1.31357e-05	AbsError: 7.63855e-06
      Equation: "PotentialEquation"	RelError: 1.31357e-05	AbsError: 7.63855e-06
Iteration: 2
  Device: "part1_baseline"	RelError: 1.10936e-07	AbsError: 1.14913e+10
    Region: "bulk"	RelError: 1.10772e-07	AbsError: 1.14913e+10
      Equation: "ElectronContinuityEquation"	RelError: 6.04804e-09	AbsError: 1.14907e+10
      Equation: "HoleContinuityEquation"	RelError: 7.37913e-08	AbsError: 6.57257e+05
      Equation: "PotentialEquation"	RelError: 3.09326e-08	AbsError: 1.27830e-10
    Region: "oxide"	RelError: 1.63792e-10	AbsError: 9.92394e-11
      Equation: "PotentialEquation"	RelError: 1.63792e-10	AbsError: 9.92394e-11
number of equations 6651
Iteration: 0
  Device: "part1_baseline"	RelError: 9.00568e-02	AbsError: 6.00228e+17
    Region: "bulk"	RelError: 7.75811e-02	AbsError: 6.00228e+17
      Equation: "ElectronContinuityEquation"	RelError: 2.51568e-02	AbsError: 6.00228e+17
      Equation: "HoleContinuityEquation"	RelError: 2.73569e-02	AbsError: 4.94057e+11
      Equation: "PotentialEquation"	RelError: 2.50674e-02	AbsError: 6.75942e-04
    Region: "oxide"	RelError: 1.24757e-02	AbsError: 2.00000e-02
      Equation: "PotentialEquation"	RelError: 1.24757e-02	AbsError: 2.00000e-02
Iteration: 1
  Device: "part1_baseline"	RelError: 1.08406e-03	AbsError: 1.00640e+15
    Region: "bulk"	RelError: 1.07147e-03	AbsError: 1.00640e+15
      Equation: "ElectronContinuityEquation"	RelError: 8.85835e-05	AbsError: 1.00639e+15
      Equation: "HoleContinuityEquation"	RelError: 6.45270e-04	AbsError: 7.65097e+09
      Equation: "PotentialEquation"	RelError: 3.37617e-04	AbsError: 7.32188e-06
    Region: "oxide"	RelError: 1.25844e-05	AbsError: 7.32188e-06
      Equation: "PotentialEquation"	RelError: 1.25844e-05	AbsError: 7.32188e-06
Iteration: 2
  Device: "part1_baseline"	RelError: 1.02728e-07	AbsError: 1.06856e+10
    Region: "bulk"	RelError: 1.02575e-07	AbsError: 1.06856e+10
      Equation: "ElectronContinuityEquation"	RelError: 5.53720e-09	AbsError: 1.06850e+10
      Equation: "HoleContinuityEquation"	RelError: 6.75932e-08	AbsError: 6.10655e+05
      Equation: "PotentialEquation"	RelError: 2.94446e-08	AbsError: 1.18477e-10
    Region: "oxide"	RelError: 1.53250e-10	AbsError: 9.29470e-11
      Equation: "PotentialEquation"	RelError: 1.53250e-10	AbsError: 9.29470e-11
number of equations 6651
Iteration: 0
  Device: "part1_baseline"	RelError: 8.87007e-02	AbsError: 6.02073e+17
    Region: "bulk"	RelError: 7.63787e-02	AbsError: 6.02073e+17
      Equation: "ElectronContinuityEquation"	RelError: 2.46169e-02	AbsError: 6.02072e+17
      Equation: "HoleContinuityEquation"	RelError: 2.67627e-02	AbsError: 4.78961e+11
      Equation: "PotentialEquation"	RelError: 2.49991e-02	AbsError: 6.61824e-04
    Region: "oxide"	RelError: 1.23219e-02	AbsError: 2.00000e-02
      Equation: "PotentialEquation"	RelError: 1.23219e-02	AbsError: 2.00000e-02
Iteration: 1
  Device: "part1_baseline"	RelError: 1.04450e-03	AbsError: 9.69441e+14
    Region: "bulk"	RelError: 1.03243e-03	AbsError: 9.69441e+14
      Equation: "ElectronContinuityEquation"	RelError: 8.48875e-05	AbsError: 9.69433e+14
      Equation: "HoleContinuityEquation"	RelError: 6.18604e-04	AbsError: 7.26309e+09
      Equation: "PotentialEquation"	RelError: 3.28943e-04	AbsError: 7.02374e-06
    Region: "oxide"	RelError: 1.20656e-05	AbsError: 7.02374e-06
      Equation: "PotentialEquation"	RelError: 1.20656e-05	AbsError: 7.02374e-06
Iteration: 2
  Device: "part1_baseline"	RelError: 9.52948e-08	AbsError: 9.95157e+09
    Region: "bulk"	RelError: 9.51513e-08	AbsError: 9.95157e+09
      Equation: "ElectronContinuityEquation"	RelError: 5.07809e-09	AbsError: 9.95100e+09
      Equation: "HoleContinuityEquation"	RelError: 6.20135e-08	AbsError: 5.68021e+05
      Equation: "PotentialEquation"	RelError: 2.80598e-08	AbsError: 1.09946e-10
    Region: "oxide"	RelError: 1.43538e-10	AbsError: 8.71431e-11
      Equation: "PotentialEquation"	RelError: 1.43538e-10	AbsError: 8.71431e-11
number of equations 6651
Iteration: 0
  Device: "part1_baseline"	RelError: 8.74086e-02	AbsError: 6.03853e+17
    Region: "bulk"	RelError: 7.52366e-02	AbsError: 6.03853e+17
      Equation: "ElectronContinuityEquation"	RelError: 2.40985e-02	AbsError: 6.03852e+17
      Equation: "HoleContinuityEquation"	RelError: 2.61925e-02	AbsError: 4.64626e+11
      Equation: "PotentialEquation"	RelError: 2.49456e-02	AbsError: 6.48315e-04
    Region: "oxide"	RelError: 1.21720e-02	AbsError: 2.00000e-02
      Equation: "PotentialEquation"	RelError: 1.21720e-02	AbsError: 2.00000e-02
Iteration: 1
  Device: "part1_baseline"	RelError: 1.00727e-03	AbsError: 9.34398e+14
    Region: "bulk"	RelError: 9.95696e-04	AbsError: 9.34398e+14
      Equation: "ElectronContinuityEquation"	RelError: 8.14026e-05	AbsError: 9.34391e+14
      Equation: "HoleContinuityEquation"	RelError: 5.93502e-04	AbsError: 6.90166e+09
      Equation: "PotentialEquation"	RelError: 3.20791e-04	AbsError: 6.74276e-06
    Region: "oxide"	RelError: 1.15770e-05	AbsError: 6.74276e-06
      Equation: "PotentialEquation"	RelError: 1.15770e-05	AbsError: 6.74276e-06
Iteration: 2
  Device: "part1_baseline"	RelError: 8.85501e-08	AbsError: 9.28157e+09
    Region: "bulk"	RelError: 8.84155e-08	AbsError: 9.28157e+09
      Equation: "ElectronContinuityEquation"	RelError: 4.66464e-09	AbsError: 9.28104e+09
      Equation: "HoleContinuityEquation"	RelError: 5.69811e-08	AbsError: 5.28962e+05
      Equation: "PotentialEquation"	RelError: 2.67697e-08	AbsError: 1.02154e-10
    Region: "oxide"	RelError: 1.34577e-10	AbsError: 8.17829e-11
      Equation: "PotentialEquation"	RelError: 1.34577e-10	AbsError: 8.17829e-11
number of equations 6651
Iteration: 0
  Device: "part1_baseline"	RelError: 8.61779e-02	AbsError: 6.05571e+17
    Region: "bulk"	RelError: 7.41523e-02	AbsError: 6.05571e+17
      Equation: "ElectronContinuityEquation"	RelError: 2.36007e-02	AbsError: 6.05571e+17
      Equation: "HoleContinuityEquation"	RelError: 2.56450e-02	AbsError: 4.51001e+11
      Equation: "PotentialEquation"	RelError: 2.49065e-02	AbsError: 6.35417e-04
    Region: "oxide"	RelError: 1.20256e-02	AbsError: 2.00000e-02
      Equation: "PotentialEquation"	RelError: 1.20256e-02	AbsError: 2.00000e-02
Iteration: 1
  Device: "part1_baseline"	RelError: 9.72207e-04	AbsError: 9.01146e+14
    Region: "bulk"	RelError: 9.61091e-04	AbsError: 9.01146e+14
      Equation: "ElectronContinuityEquation"	RelError: 7.81137e-05	AbsError: 9.01140e+14
      Equation: "HoleContinuityEquation"	RelError: 5.69848e-04	AbsError: 6.56446e+09
      Equation: "PotentialEquation"	RelError: 3.13129e-04	AbsError: 6.47795e-06
    Region: "oxide"	RelError: 1.11163e-05	AbsError: 6.47795e-06
      Equation: "PotentialEquation"	RelError: 1.11163e-05	AbsError: 6.47795e-06
Iteration: 2
  Device: "part1_baseline"	RelError: 8.24192e-08	AbsError: 8.66888e+09
    Region: "bulk"	RelError: 8.22929e-08	AbsError: 8.66888e+09
      Equation: "ElectronContinuityEquation"	RelError: 4.29161e-09	AbsError: 8.66838e+09
      Equation: "HoleContinuityEquation"	RelError: 5.24345e-08	AbsError: 4.93132e+05
      Equation: "PotentialEquation"	RelError: 2.55668e-08	AbsError: 9.50248e-11
    Region: "oxide"	RelError: 1.26301e-10	AbsError: 7.68266e-11
      Equation: "PotentialEquation"	RelError: 1.26301e-10	AbsError: 7.68266e-11
number of equations 6651
Iteration: 0
  Device: "part1_baseline"	RelError: 8.50052e-02	AbsError: 6.07232e+17
    Region: "bulk"	RelError: 7.31225e-02	AbsError: 6.07232e+17
      Equation: "ElectronContinuityEquation"	RelError: 2.31219e-02	AbsError: 6.07231e+17
      Equation: "HoleContinuityEquation"	RelError: 2.51190e-02	AbsError: 4.38039e+11
      Equation: "PotentialEquation"	RelError: 2.48815e-02	AbsError: 6.23006e-04
    Region: "oxide"	RelError: 1.18827e-02	AbsError: 2.00000e-02
      Equation: "PotentialEquation"	RelError: 1.18827e-02	AbsError: 2.00000e-02
Iteration: 1
  Device: "part1_baseline"	RelError: 9.39149e-04	AbsError: 8.69569e+14
    Region: "bulk"	RelError: 9.28467e-04	AbsError: 8.69569e+14
      Equation: "ElectronContinuityEquation"	RelError: 7.50073e-05	AbsError: 8.69563e+14
      Equation: "HoleContinuityEquation"	RelError: 5.47536e-04	AbsError: 6.24945e+09
      Equation: "PotentialEquation"	RelError: 3.05924e-04	AbsError: 6.22811e-06
    Region: "oxide"	RelError: 1.06814e-05	AbsError: 6.22811e-06
      Equation: "PotentialEquation"	RelError: 1.06814e-05	AbsError: 6.22811e-06
Iteration: 2
  Device: "part1_baseline"	RelError: 7.68451e-08	AbsError: 8.10758e+09
    Region: "bulk"	RelError: 7.67264e-08	AbsError: 8.10758e+09
      Equation: "ElectronContinuityEquation"	RelError: 3.95440e-09	AbsError: 8.10712e+09
      Equation: "HoleContinuityEquation"	RelError: 4.83279e-08	AbsError: 4.60222e+05
      Equation: "PotentialEquation"	RelError: 2.44441e-08	AbsError: 8.84947e-11
    Region: "oxide"	RelError: 1.18648e-10	AbsError: 7.22383e-11
      Equation: "PotentialEquation"	RelError: 1.18648e-10	AbsError: 7.22383e-11
number of equations 6651
Iteration: 0
  Device: "part1_baseline"	RelError: 8.38879e-02	AbsError: 6.08836e+17
    Region: "bulk"	RelError: 7.21447e-02	AbsError: 6.08836e+17
      Equation: "ElectronContinuityEquation"	RelError: 2.26610e-02	AbsError: 6.08836e+17
      Equation: "HoleContinuityEquation"	RelError: 2.46133e-02	AbsError: 4.25695e+11
      Equation: "PotentialEquation"	RelError: 2.48704e-02	AbsError: 6.11056e-04
    Region: "oxide"	RelError: 1.17431e-02	AbsError: 2.00000e-02
      Equation: "PotentialEquation"	RelError: 1.17431e-02	AbsError: 2.00000e-02
Iteration: 1
  Device: "part1_baseline"	RelError: 9.07958e-04	AbsError: 8.39561e+14
    Region: "bulk"	RelError: 8.97688e-04	AbsError: 8.39561e+14
      Equation: "ElectronContinuityEquation"	RelError: 7.20706e-05	AbsError: 8.39555e+14
      Equation: "HoleContinuityEquation"	RelError: 5.26468e-04	AbsError: 5.95484e+09
      Equation: "PotentialEquation"	RelError: 2.99149e-04	AbsError: 5.99193e-06
    Region: "oxide"	RelError: 1.02706e-05	AbsError: 5.99193e-06
      Equation: "PotentialEquation"	RelError: 1.02706e-05	AbsError: 5.99193e-06
Iteration: 2
  Device: "part1_baseline"	RelError: 7.17744e-08	AbsError: 7.59249e+09
    Region: "bulk"	RelError: 7.16628e-08	AbsError: 7.59249e+09
      Equation: "ElectronContinuityEquation"	RelError: 3.64903e-09	AbsError: 7.59206e+09
      Equation: "HoleContinuityEquation"	RelError: 4.46185e-08	AbsError: 4.29956e+05
      Equation: "PotentialEquation"	RelError: 2.33953e-08	AbsError: 8.25047e-11
    Region: "oxide"	RelError: 1.11562e-10	AbsError: 6.79858e-11
      Equation: "PotentialEquation"	RelError: 1.11562e-10	AbsError: 6.79858e-11
number of equations 6651
Iteration: 0
  Device: "part1_baseline"	RelError: 8.28236e-02	AbsError: 6.10388e+17
    Region: "bulk"	RelError: 7.12167e-02	AbsError: 6.10388e+17
      Equation: "ElectronContinuityEquation"	RelError: 2.22171e-02	AbsError: 6.10388e+17
      Equation: "HoleContinuityEquation"	RelError: 2.41266e-02	AbsError: 4.13931e+11
      Equation: "PotentialEquation"	RelError: 2.48729e-02	AbsError: 5.99542e-04
    Region: "oxide"	RelError: 1.16068e-02	AbsError: 2.00000e-02
      Equation: "PotentialEquation"	RelError: 1.16068e-02	AbsError: 2.00000e-02
Iteration: 1
  Device: "part1_baseline"	RelError: 8.78536e-04	AbsError: 8.11022e+14
    Region: "bulk"	RelError: 8.68653e-04	AbsError: 8.11022e+14
      Equation: "ElectronContinuityEquation"	RelError: 6.92923e-05	AbsError: 8.11016e+14
      Equation: "HoleContinuityEquation"	RelError: 5.06584e-04	AbsError: 5.67897e+09
      Equation: "PotentialEquation"	RelError: 2.92776e-04	AbsError: 5.76846e-06
    Region: "oxide"	RelError: 9.88331e-06	AbsError: 5.76846e-06
      Equation: "PotentialEquation"	RelError: 9.88331e-06	AbsError: 5.76846e-06
Iteration: 2
  Device: "part1_baseline"	RelError: 6.71487e-08	AbsError: 7.11899e+09
    Region: "bulk"	RelError: 6.70437e-08	AbsError: 7.11899e+09
      Equation: "ElectronContinuityEquation"	RelError: 3.37203e-09	AbsError: 7.11859e+09
      Equation: "HoleContinuityEquation"	RelError: 4.12570e-08	AbsError: 4.02088e+05
      Equation: "PotentialEquation"	RelError: 2.24147e-08	AbsError: 7.70031e-11
    Region: "oxide"	RelError: 1.04993e-10	AbsError: 6.40402e-11
      Equation: "PotentialEquation"	RelError: 1.04993e-10	AbsError: 6.40402e-11
number of equations 6651
Iteration: 0
  Device: "part1_baseline"	RelError: 8.18101e-02	AbsError: 6.11890e+17
    Region: "bulk"	RelError: 7.03364e-02	AbsError: 6.11890e+17
      Equation: "ElectronContinuityEquation"	RelError: 2.17893e-02	AbsError: 6.11889e+17
      Equation: "HoleContinuityEquation"	RelError: 2.36581e-02	AbsError: 4.02709e+11
      Equation: "PotentialEquation"	RelError: 2.48889e-02	AbsError: 5.88442e-04
    Region: "oxide"	RelError: 1.14737e-02	AbsError: 2.00000e-02
      Equation: "PotentialEquation"	RelError: 1.14737e-02	AbsError: 2.00000e-02
Iteration: 1
  Device: "part1_baseline"	RelError: 8.50826e-04	AbsError: 7.83862e+14
    Region: "bulk"	RelError: 8.41309e-04	AbsError: 7.83862e+14
      Equation: "ElectronContinuityEquation"	RelError: 6.66616e-05	AbsError: 7.83857e+14
      Equation: "HoleContinuityEquation"	RelError: 4.87864e-04	AbsError: 5.42037e+09
      Equation: "PotentialEquation"	RelError: 2.86783e-04	AbsError: 5.55683e-06
    Region: "oxide"	RelError: 9.51704e-06	AbsError: 5.55683e-06
      Equation: "PotentialEquation"	RelError: 9.51704e-06	AbsError: 5.55683e-06
Iteration: 2
  Device: "part1_baseline"	RelError: 6.29879e-08	AbsError: 6.68305e+09
    Region: "bulk"	RelError: 6.28890e-08	AbsError: 6.68305e+09
      Equation: "ElectronContinuityEquation"	RelError: 3.12032e-09	AbsError: 6.68267e+09
      Equation: "HoleContinuityEquation"	RelError: 3.82716e-08	AbsError: 3.76397e+05
      Equation: "PotentialEquation"	RelError: 2.14971e-08	AbsError: 7.19436e-11
    Region: "oxide"	RelError: 9.88987e-11	AbsError: 6.03753e-11
      Equation: "PotentialEquation"	RelError: 9.88987e-11	AbsError: 6.03753e-11
number of equations 6651
Iteration: 0
  Device: "part1_baseline"	RelError: 8.08454e-02	AbsError: 6.13343e+17
    Region: "bulk"	RelError: 6.95019e-02	AbsError: 6.13343e+17
      Equation: "ElectronContinuityEquation"	RelError: 2.13768e-02	AbsError: 6.13343e+17
      Equation: "HoleContinuityEquation"	RelError: 2.32068e-02	AbsError: 3.91995e+11
      Equation: "PotentialEquation"	RelError: 2.49183e-02	AbsError: 5.77734e-04
    Region: "oxide"	RelError: 1.13435e-02	AbsError: 2.00000e-02
      Equation: "PotentialEquation"	RelError: 1.13435e-02	AbsError: 2.00000e-02
Iteration: 1
  Device: "part1_baseline"	RelError: 8.24619e-04	AbsError: 7.57996e+14
    Region: "bulk"	RelError: 8.15449e-04	AbsError: 7.57996e+14
      Equation: "ElectronContinuityEquation"	RelError: 6.41687e-05	AbsError: 7.57991e+14
      Equation: "HoleContinuityEquation"	RelError: 4.70133e-04	AbsError: 5.17769e+09
      Equation: "PotentialEquation"	RelError: 2.81147e-04	AbsError: 5.35625e-06
    Region: "oxide"	RelError: 9.17000e-06	AbsError: 5.35625e-06
      Equation: "PotentialEquation"	RelError: 9.17000e-06	AbsError: 5.35625e-06
Iteration: 2
  Device: "part1_baseline"	RelError: 5.91676e-08	AbsError: 6.28105e+09
    Region: "bulk"	RelError: 5.90743e-08	AbsError: 6.28105e+09
      Equation: "ElectronContinuityEquation"	RelError: 2.89122e-09	AbsError: 6.28070e+09
      Equation: "HoleContinuityEquation"	RelError: 3.55453e-08	AbsError: 3.52686e+05
      Equation: "PotentialEquation"	RelError: 2.06378e-08	AbsError: 6.72850e-11
    Region: "oxide"	RelError: 9.32372e-11	AbsError: 5.69678e-11
      Equation: "PotentialEquation"	RelError: 9.32372e-11	AbsError: 5.69678e-11
number of equations 6651
Iteration: 0
  Device: "part1_baseline"	RelError: 7.99278e-02	AbsError: 6.14751e+17
    Region: "bulk"	RelError: 6.87115e-02	AbsError: 6.14751e+17
      Equation: "ElectronContinuityEquation"	RelError: 2.09788e-02	AbsError: 6.14750e+17
      Equation: "HoleContinuityEquation"	RelError: 2.27716e-02	AbsError: 3.81759e+11
      Equation: "PotentialEquation"	RelError: 2.49610e-02	AbsError: 5.67399e-04
    Region: "oxide"	RelError: 1.12163e-02	AbsError: 2.00000e-02
      Equation: "PotentialEquation"	RelError: 1.12163e-02	AbsError: 2.00000e-02
Iteration: 1
  Device: "part1_baseline"	RelError: 7.99820e-04	AbsError: 7.33346e+14
    Region: "bulk"	RelError: 7.90979e-04	AbsError: 7.33346e+14
      Equation: "ElectronContinuityEquation"	RelError: 6.18046e-05	AbsError: 7.33341e+14
      Equation: "HoleContinuityEquation"	RelError: 4.53325e-04	AbsError: 4.94971e+09
      Equation: "PotentialEquation"	RelError: 2.75850e-04	AbsError: 5.16596e-06
    Region: "oxide"	RelError: 8.84091e-06	AbsError: 5.16596e-06
      Equation: "PotentialEquation"	RelError: 8.84091e-06	AbsError: 5.16596e-06
Iteration: 2
  Device: "part1_baseline"	RelError: 5.56549e-08	AbsError: 5.90980e+09
    Region: "bulk"	RelError: 5.55669e-08	AbsError: 5.90980e+09
      Equation: "ElectronContinuityEquation"	RelError: 2.68239e-09	AbsError: 5.90947e+09
      Equation: "HoleContinuityEquation"	RelError: 3.30519e-08	AbsError: 3.30777e+05
      Equation: "PotentialEquation"	RelError: 1.98326e-08	AbsError: 6.29903e-11
    Region: "oxide"	RelError: 8.79727e-11	AbsError: 5.37961e-11
      Equation: "PotentialEquation"	RelError: 8.79727e-11	AbsError: 5.37961e-11
number of equations 6651
Iteration: 0
  Device: "part1_baseline"	RelError: 7.90554e-02	AbsError: 6.16115e+17
    Region: "bulk"	RelError: 6.79635e-02	AbsError: 6.16115e+17
      Equation: "ElectronContinuityEquation"	RelError: 2.05946e-02	AbsError: 6.16114e+17
      Equation: "HoleContinuityEquation"	RelError: 2.23519e-02	AbsError: 3.71971e+11
      Equation: "PotentialEquation"	RelError: 2.50169e-02	AbsError: 5.57419e-04
    Region: "oxide"	RelError: 1.10919e-02	AbsError: 2.00000e-02
      Equation: "PotentialEquation"	RelError: 1.10919e-02	AbsError: 2.00000e-02
Iteration: 1
  Device: "part1_baseline"	RelError: 7.76339e-04	AbsError: 7.09839e+14
    Region: "bulk"	RelError: 7.67810e-04	AbsError: 7.09839e+14
      Equation: "ElectronContinuityEquation"	RelError: 5.95611e-05	AbsError: 7.09835e+14
      Equation: "HoleContinuityEquation"	RelError: 4.37378e-04	AbsError: 4.73533e+09
      Equation: "PotentialEquation"	RelError: 2.70872e-04	AbsError: 4.98530e-06
    Region: "oxide"	RelError: 8.52860e-06	AbsError: 4.98530e-06
      Equation: "PotentialEquation"	RelError: 8.52860e-06	AbsError: 4.98530e-06
Iteration: 2
  Device: "part1_baseline"	RelError: 5.24207e-08	AbsError: 5.56645e+09
    Region: "bulk"	RelError: 5.23377e-08	AbsError: 5.56645e+09
      Equation: "ElectronContinuityEquation"	RelError: 2.49173e-09	AbsError: 5.56614e+09
      Equation: "HoleContinuityEquation"	RelError: 3.07685e-08	AbsError: 3.10511e+05
      Equation: "PotentialEquation"	RelError: 1.90774e-08	AbsError: 5.90264e-11
    Region: "oxide"	RelError: 8.30724e-11	AbsError: 5.08412e-11
      Equation: "PotentialEquation"	RelError: 8.30724e-11	AbsError: 5.08412e-11
number of equations 6651
Iteration: 0
  Device: "part1_baseline"	RelError: 7.82267e-02	AbsError: 6.17437e+17
    Region: "bulk"	RelError: 6.72565e-02	AbsError: 6.17437e+17
      Equation: "ElectronContinuityEquation"	RelError: 2.02235e-02	AbsError: 6.17436e+17
      Equation: "HoleContinuityEquation"	RelError: 2.19469e-02	AbsError: 3.62605e+11
      Equation: "PotentialEquation"	RelError: 2.50862e-02	AbsError: 5.47806e-04
    Region: "oxide"	RelError: 1.09702e-02	AbsError: 2.00000e-02
      Equation: "PotentialEquation"	RelError: 1.09702e-02	AbsError: 2.00000e-02
Iteration: 1
  Device: "part1_baseline"	RelError: 7.54094e-04	AbsError: 6.87408e+14
    Region: "bulk"	RelError: 7.45862e-04	AbsError: 6.87408e+14
      Equation: "ElectronContinuityEquation"	RelError: 5.74303e-05	AbsError: 6.87404e+14
      Equation: "HoleContinuityEquation"	RelError: 4.22235e-04	AbsError: 4.53353e+09
      Equation: "PotentialEquation"	RelError: 2.66197e-04	AbsError: 4.81403e-06
    Region: "oxide"	RelError: 8.23196e-06	AbsError: 4.81403e-06
      Equation: "PotentialEquation"	RelError: 8.23196e-06	AbsError: 4.81403e-06
Iteration: 2
  Device: "part1_baseline"	RelError: 4.94393e-08	AbsError: 5.24847e+09
    Region: "bulk"	RelError: 4.93608e-08	AbsError: 5.24847e+09
      Equation: "ElectronContinuityEquation"	RelError: 2.31740e-09	AbsError: 5.24818e+09
      Equation: "HoleContinuityEquation"	RelError: 2.86746e-08	AbsError: 2.91745e+05
      Equation: "PotentialEquation"	RelError: 1.83688e-08	AbsError: 5.53638e-11
    Region: "oxide"	RelError: 7.85065e-11	AbsError: 4.80855e-11
      Equation: "PotentialEquation"	RelError: 7.85065e-11	AbsError: 4.80855e-11
number of equations 6651
Iteration: 0
  Device: "part1_baseline"	RelError: 7.74404e-02	AbsError: 6.18719e+17
    Region: "bulk"	RelError: 6.65892e-02	AbsError: 6.18719e+17
      Equation: "ElectronContinuityEquation"	RelError: 1.98648e-02	AbsError: 6.18718e+17
      Equation: "HoleContinuityEquation"	RelError: 2.15557e-02	AbsError: 3.53636e+11
      Equation: "PotentialEquation"	RelError: 2.51687e-02	AbsError: 5.38593e-04
    Region: "oxide"	RelError: 1.08512e-02	AbsError: 2.00000e-02
      Equation: "PotentialEquation"	RelError: 1.08512e-02	AbsError: 2.00000e-02
Iteration: 1
  Device: "part1_baseline"	RelError: 7.33010e-04	AbsError: 6.65990e+14
    Region: "bulk"	RelError: 7.25060e-04	AbsError: 6.65990e+14
      Equation: "ElectronContinuityEquation"	RelError: 5.54053e-05	AbsError: 6.65985e+14
      Equation: "HoleContinuityEquation"	RelError: 4.07845e-04	AbsError: 4.34339e+09
      Equation: "PotentialEquation"	RelError: 2.61810e-04	AbsError: 4.65119e-06
    Region: "oxide"	RelError: 7.94999e-06	AbsError: 4.65119e-06
      Equation: "PotentialEquation"	RelError: 7.94999e-06	AbsError: 4.65119e-06
Iteration: 2
  Device: "part1_baseline"	RelError: 4.66874e-08	AbsError: 4.95358e+09
    Region: "bulk"	RelError: 4.66131e-08	AbsError: 4.95358e+09
      Equation: "ElectronContinuityEquation"	RelError: 2.15779e-09	AbsError: 4.95331e+09
      Equation: "HoleContinuityEquation"	RelError: 2.67520e-08	AbsError: 2.74350e+05
      Equation: "PotentialEquation"	RelError: 1.77034e-08	AbsError: 5.19757e-11
    Region: "oxide"	RelError: 7.42484e-11	AbsError: 4.55132e-11
      Equation: "PotentialEquation"	RelError: 7.42484e-11	AbsError: 4.55132e-11
number of equations 6651
Iteration: 0
  Device: "part1_baseline"	RelError: 7.66951e-02	AbsError: 6.19963e+17
    Region: "bulk"	RelError: 6.59604e-02	AbsError: 6.19963e+17
      Equation: "ElectronContinuityEquation"	RelError: 1.95180e-02	AbsError: 6.19962e+17
      Equation: "HoleContinuityEquation"	RelError: 2.11778e-02	AbsError: 3.45041e+11
      Equation: "PotentialEquation"	RelError: 2.52646e-02	AbsError: 5.29680e-04
    Region: "oxide"	RelError: 1.07347e-02	AbsError: 2.00000e-02
      Equation: "PotentialEquation"	RelError: 1.07347e-02	AbsError: 2.00000e-02
Iteration: 1
  Device: "part1_baseline"	RelError: 7.13018e-04	AbsError: 6.45526e+14
    Region: "bulk"	RelError: 7.05336e-04	AbsError: 6.45526e+14
      Equation: "ElectronContinuityEquation"	RelError: 5.34793e-05	AbsError: 6.45522e+14
      Equation: "HoleContinuityEquation"	RelError: 3.94160e-04	AbsError: 4.16407e+09
      Equation: "PotentialEquation"	RelError: 2.57697e-04	AbsError: 4.49621e-06
    Region: "oxide"	RelError: 7.68177e-06	AbsError: 4.49621e-06
      Equation: "PotentialEquation"	RelError: 7.68177e-06	AbsError: 4.49621e-06
Iteration: 2
  Device: "part1_baseline"	RelError: 4.41443e-08	AbsError: 4.67976e+09
    Region: "bulk"	RelError: 4.40740e-08	AbsError: 4.67976e+09
      Equation: "ElectronContinuityEquation"	RelError: 2.01143e-09	AbsError: 4.67950e+09
      Equation: "HoleContinuityEquation"	RelError: 2.49843e-08	AbsError: 2.58210e+05
      Equation: "PotentialEquation"	RelError: 1.70782e-08	AbsError: 4.88383e-11
    Region: "oxide"	RelError: 7.02734e-11	AbsError: 4.31099e-11
      Equation: "PotentialEquation"	RelError: 7.02734e-11	AbsError: 4.31099e-11
number of equations 6651
Iteration: 0
  Device: "part1_baseline"	RelError: 7.59897e-02	AbsError: 6.21170e+17
    Region: "bulk"	RelError: 6.53690e-02	AbsError: 6.21170e+17
      Equation: "ElectronContinuityEquation"	RelError: 1.91825e-02	AbsError: 6.21170e+17
      Equation: "HoleContinuityEquation"	RelError: 2.08124e-02	AbsError: 3.36800e+11
      Equation: "PotentialEquation"	RelError: 2.53741e-02	AbsError: 5.21051e-04
    Region: "oxide"	RelError: 1.06207e-02	AbsError: 2.00000e-02
      Equation: "PotentialEquation"	RelError: 1.06207e-02	AbsError: 2.00000e-02
Iteration: 1
  Device: "part1_baseline"	RelError: 6.94054e-04	AbsError: 6.25962e+14
    Region: "bulk"	RelError: 6.86628e-04	AbsError: 6.25962e+14
      Equation: "ElectronContinuityEquation"	RelError: 5.16464e-05	AbsError: 6.25958e+14
      Equation: "HoleContinuityEquation"	RelError: 3.81135e-04	AbsError: 3.99480e+09
      Equation: "PotentialEquation"	RelError: 2.53846e-04	AbsError: 4.34861e-06
    Region: "oxide"	RelError: 7.42643e-06	AbsError: 4.34861e-06
      Equation: "PotentialEquation"	RelError: 7.42643e-06	AbsError: 4.34861e-06
Iteration: 2
  Device: "part1_baseline"	RelError: 4.17915e-08	AbsError: 4.42517e+09
    Region: "bulk"	RelError: 4.17249e-08	AbsError: 4.42517e+09
      Equation: "ElectronContinuityEquation"	RelError: 1.87706e-09	AbsError: 4.42493e+09
      Equation: "HoleContinuityEquation"	RelError: 2.33572e-08	AbsError: 2.43218e+05
      Equation: "PotentialEquation"	RelError: 1.64906e-08	AbsError: 4.59298e-11
    Region: "oxide"	RelError: 6.65594e-11	AbsError: 4.08625e-11
      Equation: "PotentialEquation"	RelError: 6.65594e-11	AbsError: 4.08625e-11
number of equations 6651
Iteration: 0
  Device: "part1_baseline"	RelError: 7.53232e-02	AbsError: 6.22342e+17
    Region: "bulk"	RelError: 6.48141e-02	AbsError: 6.22342e+17
      Equation: "ElectronContinuityEquation"	RelError: 1.88578e-02	AbsError: 6.22342e+17
      Equation: "HoleContinuityEquation"	RelError: 2.04591e-02	AbsError: 3.28892e+11
      Equation: "PotentialEquation"	RelError: 2.54972e-02	AbsError: 5.12695e-04
    Region: "oxide"	RelError: 1.05091e-02	AbsError: 2.00000e-02
      Equation: "PotentialEquation"	RelError: 1.05091e-02	AbsError: 2.00000e-02
Iteration: 1
  Device: "part1_baseline"	RelError: 6.76060e-04	AbsError: 6.07248e+14
    Region: "bulk"	RelError: 6.68876e-04	AbsError: 6.07248e+14
      Equation: "ElectronContinuityEquation"	RelError: 4.99008e-05	AbsError: 6.07244e+14
      Equation: "HoleContinuityEquation"	RelError: 3.68730e-04	AbsError: 3.83488e+09
      Equation: "PotentialEquation"	RelError: 2.50245e-04	AbsError: 4.20794e-06
    Region: "oxide"	RelError: 7.18416e-06	AbsError: 4.20794e-06
      Equation: "PotentialEquation"	RelError: 7.18416e-06	AbsError: 4.20794e-06
Iteration: 2
  Device: "part1_baseline"	RelError: 3.96124e-08	AbsError: 4.18819e+09
    Region: "bulk"	RelError: 3.95493e-08	AbsError: 4.18819e+09
      Equation: "ElectronContinuityEquation"	RelError: 1.75353e-09	AbsError: 4.18796e+09
      Equation: "HoleContinuityEquation"	RelError: 2.18577e-08	AbsError: 2.29279e+05
      Equation: "PotentialEquation"	RelError: 1.59381e-08	AbsError: 4.32309e-11
    Region: "oxide"	RelError: 6.30861e-11	AbsError: 3.87591e-11
      Equation: "PotentialEquation"	RelError: 6.30861e-11	AbsError: 3.87591e-11
number of equations 6651
Iteration: 0
  Device: "part1_baseline"	RelError: 7.46946e-02	AbsError: 6.23481e+17
    Region: "bulk"	RelError: 6.42948e-02	AbsError: 6.23481e+17
      Equation: "ElectronContinuityEquation"	RelError: 1.85434e-02	AbsError: 6.23480e+17
      Equation: "HoleContinuityEquation"	RelError: 2.01171e-02	AbsError: 3.21298e+11
      Equation: "PotentialEquation"	RelError: 2.56343e-02	AbsError: 5.04598e-04
    Region: "oxide"	RelError: 1.03998e-02	AbsError: 2.00000e-02
      Equation: "PotentialEquation"	RelError: 1.03998e-02	AbsError: 2.00000e-02
Iteration: 1
  Device: "part1_baseline"	RelError: 6.58981e-04	AbsError: 5.89337e+14
    Region: "bulk"	RelError: 6.52028e-04	AbsError: 5.89337e+14
      Equation: "ElectronContinuityEquation"	RelError: 4.82374e-05	AbsError: 5.89333e+14
      Equation: "HoleContinuityEquation"	RelError: 3.56905e-04	AbsError: 3.68366e+09
      Equation: "PotentialEquation"	RelError: 2.46885e-04	AbsError: 4.07379e-06
    Region: "oxide"	RelError: 6.95324e-06	AbsError: 4.07379e-06
      Equation: "PotentialEquation"	RelError: 6.95324e-06	AbsError: 4.07379e-06
Iteration: 2
  Device: "part1_baseline"	RelError: 3.75920e-08	AbsError: 3.96733e+09
    Region: "bulk"	RelError: 3.75322e-08	AbsError: 3.96733e+09
      Equation: "ElectronContinuityEquation"	RelError: 1.63982e-09	AbsError: 3.96711e+09
      Equation: "HoleContinuityEquation"	RelError: 2.04741e-08	AbsError: 2.16308e+05
      Equation: "PotentialEquation"	RelError: 1.54183e-08	AbsError: 4.07238e-11
    Region: "oxide"	RelError: 5.98353e-11	AbsError: 3.67887e-11
      Equation: "PotentialEquation"	RelError: 5.98353e-11	AbsError: 3.67887e-11
number of equations 6651
Iteration: 0
  Device: "part1_baseline"	RelError: 7.41031e-02	AbsError: 6.24589e+17
    Region: "bulk"	RelError: 6.38104e-02	AbsError: 6.24589e+17
      Equation: "ElectronContinuityEquation"	RelError: 1.82388e-02	AbsError: 6.24589e+17
      Equation: "HoleContinuityEquation"	RelError: 1.97861e-02	AbsError: 3.14003e+11
      Equation: "PotentialEquation"	RelError: 2.57855e-02	AbsError: 4.96749e-04
    Region: "oxide"	RelError: 1.02927e-02	AbsError: 2.00000e-02
      Equation: "PotentialEquation"	RelError: 1.02927e-02	AbsError: 2.00000e-02
Iteration: 1
  Device: "part1_baseline"	RelError: 6.42767e-04	AbsError: 5.72183e+14
    Region: "bulk"	RelError: 6.36034e-04	AbsError: 5.72183e+14
      Equation: "ElectronContinuityEquation"	RelError: 4.66513e-05	AbsError: 5.72180e+14
      Equation: "HoleContinuityEquation"	RelError: 3.45628e-04	AbsError: 3.54055e+09
      Equation: "PotentialEquation"	RelError: 2.43755e-04	AbsError: 3.94576e-06
    Region: "oxide"	RelError: 6.73294e-06	AbsError: 3.94576e-06
      Equation: "PotentialEquation"	RelError: 6.73294e-06	AbsError: 3.94576e-06
Iteration: 2
  Device: "part1_baseline"	RelError: 3.57170e-08	AbsError: 3.76127e+09
    Region: "bulk"	RelError: 3.56602e-08	AbsError: 3.76127e+09
      Equation: "ElectronContinuityEquation"	RelError: 1.53502e-09	AbsError: 3.76106e+09
      Equation: "HoleContinuityEquation"	RelError: 1.91960e-08	AbsError: 2.04226e+05
      Equation: "PotentialEquation"	RelError: 1.49291e-08	AbsError: 3.83928e-11
    Region: "oxide"	RelError: 5.67901e-11	AbsError: 3.49414e-11
      Equation: "PotentialEquation"	RelError: 5.67901e-11	AbsError: 3.49414e-11
number of equations 6651
Iteration: 0
  Device: "part1_baseline"	RelError: 7.35481e-02	AbsError: 6.25728e+17
    Region: "bulk"	RelError: 6.33602e-02	AbsError: 6.25728e+17
      Equation: "ElectronContinuityEquation"	RelError: 1.79436e-02	AbsError: 6.25728e+17
      Equation: "HoleContinuityEquation"	RelError: 1.94654e-02	AbsError: 3.06990e+11
      Equation: "PotentialEquation"	RelError: 2.59512e-02	AbsError: 4.89136e-04
    Region: "oxide"	RelError: 1.01879e-02	AbsError: 2.00000e-02
      Equation: "PotentialEquation"	RelError: 1.01879e-02	AbsError: 2.00000e-02
Iteration: 1
  Device: "part1_baseline"	RelError: 6.27373e-04	AbsError: 5.55747e+14
    Region: "bulk"	RelError: 6.20850e-04	AbsError: 5.55747e+14
      Equation: "ElectronContinuityEquation"	RelError: 4.51390e-05	AbsError: 5.55744e+14
      Equation: "HoleContinuityEquation"	RelError: 3.34864e-04	AbsError: 3.40501e+09
      Equation: "PotentialEquation"	RelError: 2.40847e-04	AbsError: 3.82376e-06
    Region: "oxide"	RelError: 6.52260e-06	AbsError: 3.82376e-06
      Equation: "PotentialEquation"	RelError: 6.52260e-06	AbsError: 3.82376e-06
Iteration: 2
  Device: "part1_baseline"	RelError: 3.39751e-08	AbsError: 3.56880e+09
    Region: "bulk"	RelError: 3.39212e-08	AbsError: 3.56880e+09
      Equation: "ElectronContinuityEquation"	RelError: 1.43832e-09	AbsError: 3.56861e+09
      Equation: "HoleContinuityEquation"	RelError: 1.80142e-08	AbsError: 1.92962e+05
      Equation: "PotentialEquation"	RelError: 1.44687e-08	AbsError: 3.62234e-11
    Region: "oxide"	RelError: 5.39351e-11	AbsError: 3.32082e-11
      Equation: "PotentialEquation"	RelError: 5.39351e-11	AbsError: 3.32082e-11
Adding 652 nodes
Adding 1544 edges with 0 duplicates removed
Adding 892 triangles  with 0 duplicate removed
Adding 2196 nodes
Adding 6395 edges with 0 duplicates removed
Adding 4200 triangles  with 0 duplicate removed
Adding 105 nodes
Adding 264 edges with 0 duplicates removed
Adding 160 triangles  with 0 duplicate removed
Adding 63 nodes
Adding 142 edges with 0 duplicates removed
Adding 80 triangles  with 0 duplicate removed
Contact body in region bulk with 61 nodes
Contact drain in region bulk with 21 nodes
Contact gate in region oxide with 21 nodes
Contact source in region bulk with 21 nodes
Adding interface bulk_oxide with 19, 19 nodes
Replacing Node Model DrainDoping in region bulk of material Silicon
Replacing Node Model NetDoping in region bulk of material Silicon
Replacing Node Model SourceDoping in region bulk of material Silicon
Replacing Node Model gatenodemodel in region oxide of material Oxide
number of equations 2259
Iteration: 0
  Device: "part1_baseline"	RelError: 2.00000e+00	AbsError: 2.02801e-01
    Region: "bulk"	RelError: 1.00000e+00	AbsError: 2.02801e-01
      Equation: "PotentialEquation"	RelError: 1.00000e+00	AbsError: 2.02801e-01
    Region: "oxide"	RelError: 1.00000e+00	AbsError: 1.32169e-01
      Equation: "PotentialEquation"	RelError: 1.00000e+00	AbsError: 1.32169e-01
Iteration: 1
  Device: "part1_baseline"	RelError: 2.48867e+00	AbsError: 1.90611e-01
    Region: "bulk"	RelError: 4.91149e-01	AbsError: 1.90611e-01
      Equation: "PotentialEquation"	RelError: 4.91149e-01	AbsError: 1.90611e-01
    Region: "oxide"	RelError: 1.99752e+00	AbsError: 1.21367e-01
      Equation: "PotentialEquation"	RelError: 1.99752e+00	AbsError: 1.21367e-01
Iteration: 2
  Device: "part1_baseline"	RelError: 1.77722e+02	AbsError: 1.16466e-01
    Region: "bulk"	RelError: 6.05309e-01	AbsError: 1.16466e-01
      Equation: "PotentialEquation"	RelError: 6.05309e-01	AbsError: 1.16466e-01
    Region: "oxide"	RelError: 1.77116e+02	AbsError: 5.50750e-02
      Equation: "PotentialEquation"	RelError: 1.77116e+02	AbsError: 5.50750e-02
Iteration: 3
  Device: "part1_baseline"	RelError: 3.38212e+00	AbsError: 7.09385e-02
    Region: "bulk"	RelError: 1.56836e+00	AbsError: 7.09385e-02
      Equation: "PotentialEquation"	RelError: 1.56836e+00	AbsError: 7.09385e-02
    Region: "oxide"	RelError: 1.81376e+00	AbsError: 5.09886e-02
      Equation: "PotentialEquation"	RelError: 1.81376e+00	AbsError: 5.09886e-02
Iteration: 4
  Device: "part1_baseline"	RelError: 3.27780e+02	AbsError: 6.85860e-02
    Region: "bulk"	RelError: 2.47916e+02	AbsError: 6.85860e-02
      Equation: "PotentialEquation"	RelError: 2.47916e+02	AbsError: 6.85860e-02
    Region: "oxide"	RelError: 7.98638e+01	AbsError: 4.54437e-02
      Equation: "PotentialEquation"	RelError: 7.98638e+01	AbsError: 4.54437e-02
Iteration: 5
  Device: "part1_baseline"	RelError: 1.38450e+02	AbsError: 7.34388e-02
    Region: "bulk"	RelError: 1.23060e+02	AbsError: 7.34388e-02
      Equation: "PotentialEquation"	RelError: 1.23060e+02	AbsError: 7.34388e-02
    Region: "oxide"	RelError: 1.53901e+01	AbsError: 3.92898e-02
      Equation: "PotentialEquation"	RelError: 1.53901e+01	AbsError: 3.92898e-02
Iteration: 6
  Device: "part1_baseline"	RelError: 3.65618e+02	AbsError: 7.61410e-02
    Region: "bulk"	RelError: 1.93805e+02	AbsError: 7.61410e-02
      Equation: "PotentialEquation"	RelError: 1.93805e+02	AbsError: 7.61410e-02
    Region: "oxide"	RelError: 1.71813e+02	AbsError: 3.22011e-02
      Equation: "PotentialEquation"	RelError: 1.71813e+02	AbsError: 3.22011e-02
Iteration: 7
  Device: "part1_baseline"	RelError: 4.82939e+03	AbsError: 7.45132e-02
    Region: "bulk"	RelError: 4.82779e+03	AbsError: 7.45132e-02
      Equation: "PotentialEquation"	RelError: 4.82779e+03	AbsError: 7.45132e-02
    Region: "oxide"	RelError: 1.60019e+00	AbsError: 2.28256e-02
      Equation: "PotentialEquation"	RelError: 1.60019e+00	AbsError: 2.28256e-02
Iteration: 8
  Device: "part1_baseline"	RelError: 3.14835e+02	AbsError: 6.88195e-02
    Region: "bulk"	RelError: 3.13918e+02	AbsError: 6.88195e-02
      Equation: "PotentialEquation"	RelError: 3.13918e+02	AbsError: 6.88195e-02
    Region: "oxide"	RelError: 9.17074e-01	AbsError: 1.45032e-02
      Equation: "PotentialEquation"	RelError: 9.17074e-01	AbsError: 1.45032e-02
Iteration: 9
  Device: "part1_baseline"	RelError: 1.53822e+02	AbsError: 6.04406e-02
    Region: "bulk"	RelError: 1.53746e+02	AbsError: 6.04406e-02
      Equation: "PotentialEquation"	RelError: 1.53746e+02	AbsError: 6.04406e-02
    Region: "oxide"	RelError: 7.55682e-02	AbsError: 3.31717e-03
      Equation: "PotentialEquation"	RelError: 7.55682e-02	AbsError: 3.31717e-03
Iteration: 10
  Device: "part1_baseline"	RelError: 2.81060e+02	AbsError: 5.04043e-02
    Region: "bulk"	RelError: 2.80966e+02	AbsError: 5.04043e-02
      Equation: "PotentialEquation"	RelError: 2.80966e+02	AbsError: 5.04043e-02
    Region: "oxide"	RelError: 9.31714e-02	AbsError: 3.64105e-03
      Equation: "PotentialEquation"	RelError: 9.31714e-02	AbsError: 3.64105e-03
Iteration: 11
  Device: "part1_baseline"	RelError: 8.88472e+00	AbsError: 3.72256e-02
    Region: "bulk"	RelError: 8.84908e+00	AbsError: 3.72256e-02
      Equation: "PotentialEquation"	RelError: 8.84908e+00	AbsError: 3.72256e-02
    Region: "oxide"	RelError: 3.56471e-02	AbsError: 1.36956e-03
      Equation: "PotentialEquation"	RelError: 3.56471e-02	AbsError: 1.36956e-03
Iteration: 12
  Device: "part1_baseline"	RelError: 3.33794e+00	AbsError: 2.55419e-02
    Region: "bulk"	RelError: 3.33200e+00	AbsError: 2.55419e-02
      Equation: "PotentialEquation"	RelError: 3.33200e+00	AbsError: 2.55419e-02
    Region: "oxide"	RelError: 5.94094e-03	AbsError: 1.90739e-04
      Equation: "PotentialEquation"	RelError: 5.94094e-03	AbsError: 1.90739e-04
Iteration: 13
  Device: "part1_baseline"	RelError: 1.21937e+00	AbsError: 1.05597e-02
    Region: "bulk"	RelError: 1.21892e+00	AbsError: 1.05597e-02
      Equation: "PotentialEquation"	RelError: 1.21892e+00	AbsError: 1.05597e-02
    Region: "oxide"	RelError: 4.49639e-04	AbsError: 1.05950e-05
      Equation: "PotentialEquation"	RelError: 4.49639e-04	AbsError: 1.05950e-05
Iteration: 14
  Device: "part1_baseline"	RelError: 3.73131e-02	AbsError: 2.41363e-04
    Region: "bulk"	RelError: 3.73071e-02	AbsError: 2.41363e-04
      Equation: "PotentialEquation"	RelError: 3.73071e-02	AbsError: 2.41363e-04
    Region: "oxide"	RelError: 5.96744e-06	AbsError: 1.17466e-07
      Equation: "PotentialEquation"	RelError: 5.96744e-06	AbsError: 1.17466e-07
Iteration: 15
  Device: "part1_baseline"	RelError: 2.49792e-05	AbsError: 2.54896e-07
    Region: "bulk"	RelError: 2.49756e-05	AbsError: 2.54896e-07
      Equation: "PotentialEquation"	RelError: 2.49756e-05	AbsError: 2.54896e-07
    Region: "oxide"	RelError: 3.55247e-09	AbsError: 6.83894e-11
      Equation: "PotentialEquation"	RelError: 3.55247e-09	AbsError: 6.83894e-11
Iteration: 16
  Device: "part1_baseline"	RelError: 2.13832e-11	AbsError: 3.25684e-13
    Region: "bulk"	RelError: 2.13803e-11	AbsError: 3.25684e-13
      Equation: "PotentialEquation"	RelError: 2.13803e-11	AbsError: 3.25684e-13
    Region: "oxide"	RelError: 2.93002e-15	AbsError: 5.61761e-17
      Equation: "PotentialEquation"	RelError: 2.93002e-15	AbsError: 5.61761e-17
Iteration: 17
  Device: "part1_baseline"	RelError: 2.73939e-23	AbsError: 5.90700e-25
    Region: "bulk"	RelError: 2.73902e-23	AbsError: 5.90700e-25
      Equation: "PotentialEquation"	RelError: 2.73902e-23	AbsError: 5.90700e-25
    Region: "oxide"	RelError: 3.68021e-27	AbsError: 7.01327e-29
      Equation: "PotentialEquation"	RelError: 3.68021e-27	AbsError: 7.01327e-29
Warning: Replacing equation with equation of the same name.
Region: bulk, Equation: PotentialEquation, Variable: Potential
number of equations 6651
Iteration: 0
  Device: "part1_baseline"	RelError: 7.99505e-31	AbsError: 1.95522e-14
    Region: "bulk"	RelError: 7.98970e-31	AbsError: 1.95522e-14
      Equation: "ElectronContinuityEquation"	RelError: 5.32151e-31	AbsError: 1.95399e-14
      Equation: "HoleContinuityEquation"	RelError: 2.11297e-31	AbsError: 1.22363e-17
      Equation: "PotentialEquation"	RelError: 5.55218e-32	AbsError: 1.01191e-34
    Region: "oxide"	RelError: 5.34651e-34	AbsError: 1.76557e-35
      Equation: "PotentialEquation"	RelError: 5.34651e-34	AbsError: 1.76557e-35
number of equations 6651
Iteration: 0
  Device: "part1_baseline"	RelError: 2.04293e+03	AbsError: 6.12179e+16
    Region: "bulk"	RelError: 2.04209e+03	AbsError: 6.12179e+16
      Equation: "ElectronContinuityEquation"	RelError: 9.99000e+02	AbsError: 5.96715e+16
      Equation: "HoleContinuityEquation"	RelError: 9.99000e+02	AbsError: 1.54634e+15
      Equation: "PotentialEquation"	RelError: 4.40947e+01	AbsError: 4.09542e-02
    Region: "oxide"	RelError: 8.31416e-01	AbsError: 1.98415e-02
      Equation: "PotentialEquation"	RelError: 8.31416e-01	AbsError: 1.98415e-02
Iteration: 1
  Device: "part1_baseline"	RelError: 2.05903e+01	AbsError: 2.36249e+15
    Region: "bulk"	RelError: 2.05117e+01	AbsError: 2.36249e+15
      Equation: "ElectronContinuityEquation"	RelError: 9.98552e-01	AbsError: 2.08523e+15
      Equation: "HoleContinuityEquation"	RelError: 9.98644e-01	AbsError: 2.77262e+14
      Equation: "PotentialEquation"	RelError: 1.85145e+01	AbsError: 3.07636e-02
    Region: "oxide"	RelError: 7.86207e-02	AbsError: 9.69566e-03
      Equation: "PotentialEquation"	RelError: 7.86207e-02	AbsError: 9.69566e-03
Iteration: 2
  Device: "part1_baseline"	RelError: 1.00196e+03	AbsError: 6.40778e+14
    Region: "bulk"	RelError: 1.00195e+03	AbsError: 6.40778e+14
      Equation: "ElectronContinuityEquation"	RelError: 2.46529e+00	AbsError: 6.01999e+14
      Equation: "HoleContinuityEquation"	RelError: 9.99000e+02	AbsError: 3.87790e+13
      Equation: "PotentialEquation"	RelError: 4.89175e-01	AbsError: 2.58220e-02
    Region: "oxide"	RelError: 2.30923e-03	AbsError: 5.31532e-05
      Equation: "PotentialEquation"	RelError: 2.30923e-03	AbsError: 5.31532e-05
Iteration: 3
  Device: "part1_baseline"	RelError: 1.30896e+00	AbsError: 7.83378e+14
    Region: "bulk"	RelError: 1.30813e+00	AbsError: 7.83378e+14
      Equation: "ElectronContinuityEquation"	RelError: 2.82014e-01	AbsError: 7.82684e+14
      Equation: "HoleContinuityEquation"	RelError: 9.97463e-01	AbsError: 6.94225e+11
      Equation: "PotentialEquation"	RelError: 2.86496e-02	AbsError: 9.16537e-03
    Region: "oxide"	RelError: 8.36220e-04	AbsError: 2.47669e-05
      Equation: "PotentialEquation"	RelError: 8.36220e-04	AbsError: 2.47669e-05
Iteration: 4
  Device: "part1_baseline"	RelError: 3.80939e-01	AbsError: 8.84521e+14
    Region: "bulk"	RelError: 3.79861e-01	AbsError: 8.84521e+14
      Equation: "ElectronContinuityEquation"	RelError: 2.77747e-02	AbsError: 8.83243e+14
      Equation: "HoleContinuityEquation"	RelError: 2.85441e-01	AbsError: 1.27772e+12
      Equation: "PotentialEquation"	RelError: 6.66450e-02	AbsError: 1.46330e-04
    Region: "oxide"	RelError: 1.07768e-03	AbsError: 1.83564e-05
      Equation: "PotentialEquation"	RelError: 1.07768e-03	AbsError: 1.83564e-05
Iteration: 5
  Device: "part1_baseline"	RelError: 4.45895e-04	AbsError: 4.43333e+11
    Region: "bulk"	RelError: 4.45563e-04	AbsError: 4.43333e+11
      Equation: "ElectronContinuityEquation"	RelError: 5.94591e-05	AbsError: 4.42963e+11
      Equation: "HoleContinuityEquation"	RelError: 3.63540e-04	AbsError: 3.70293e+08
      Equation: "PotentialEquation"	RelError: 2.25641e-05	AbsError: 5.95979e-08
    Region: "oxide"	RelError: 3.31577e-07	AbsError: 4.88899e-09
      Equation: "PotentialEquation"	RelError: 3.31577e-07	AbsError: 4.88899e-09
Iteration: 6
  Device: "part1_baseline"	RelError: 9.25454e-11	AbsError: 1.05975e+05
    Region: "bulk"	RelError: 9.24941e-11	AbsError: 1.05975e+05
      Equation: "ElectronContinuityEquation"	RelError: 2.09385e-11	AbsError: 1.05921e+05
      Equation: "HoleContinuityEquation"	RelError: 6.78891e-11	AbsError: 5.40342e+01
      Equation: "PotentialEquation"	RelError: 3.66646e-12	AbsError: 1.27897e-14
    Region: "oxide"	RelError: 5.13117e-14	AbsError: 7.23433e-16
      Equation: "PotentialEquation"	RelError: 5.13117e-14	AbsError: 7.23433e-16
number of equations 6651
Iteration: 0
  Device: "part1_baseline"	RelError: 2.04607e+03	AbsError: 6.48398e+16
    Region: "bulk"	RelError: 2.04209e+03	AbsError: 6.48398e+16
      Equation: "ElectronContinuityEquation"	RelError: 9.99000e+02	AbsError: 6.34131e+16
      Equation: "HoleContinuityEquation"	RelError: 9.99000e+02	AbsError: 1.42668e+15
      Equation: "PotentialEquation"	RelError: 4.40920e+01	AbsError: 4.09542e-02
    Region: "oxide"	RelError: 3.97432e+00	AbsError: 1.95279e-02
      Equation: "PotentialEquation"	RelError: 3.97432e+00	AbsError: 1.95279e-02
Iteration: 1
  Device: "part1_baseline"	RelError: 2.32986e+01	AbsError: 1.48935e+15
    Region: "bulk"	RelError: 2.32363e+01	AbsError: 1.48935e+15
      Equation: "ElectronContinuityEquation"	RelError: 9.98552e-01	AbsError: 1.26803e+15
      Equation: "HoleContinuityEquation"	RelError: 9.98574e-01	AbsError: 2.21325e+14
      Equation: "PotentialEquation"	RelError: 2.12391e+01	AbsError: 3.07634e-02
    Region: "oxide"	RelError: 6.23805e-02	AbsError: 9.49750e-03
      Equation: "PotentialEquation"	RelError: 6.23805e-02	AbsError: 9.49750e-03
Iteration: 2
  Device: "part1_baseline"	RelError: 1.00068e+03	AbsError: 4.16052e+14
    Region: "bulk"	RelError: 1.00067e+03	AbsError: 4.16052e+14
      Equation: "ElectronContinuityEquation"	RelError: 1.33837e+00	AbsError: 3.87739e+14
      Equation: "HoleContinuityEquation"	RelError: 9.99000e+02	AbsError: 2.83130e+13
      Equation: "PotentialEquation"	RelError: 3.35503e-01	AbsError: 2.57722e-02
    Region: "oxide"	RelError: 6.89910e-03	AbsError: 2.80927e-05
      Equation: "PotentialEquation"	RelError: 6.89910e-03	AbsError: 2.80927e-05
Iteration: 3
  Device: "part1_baseline"	RelError: 1.31508e+00	AbsError: 6.58560e+14
    Region: "bulk"	RelError: 1.31299e+00	AbsError: 6.58560e+14
      Equation: "ElectronContinuityEquation"	RelError: 2.91852e-01	AbsError: 6.57998e+14
      Equation: "HoleContinuityEquation"	RelError: 9.97366e-01	AbsError: 5.62566e+11
      Equation: "PotentialEquation"	RelError: 2.37691e-02	AbsError: 9.16539e-03
    Region: "oxide"	RelError: 2.09063e-03	AbsError: 1.14788e-05
      Equation: "PotentialEquation"	RelError: 2.09063e-03	AbsError: 1.14788e-05
Iteration: 4
  Device: "part1_baseline"	RelError: 3.19836e-01	AbsError: 7.72501e+14
    Region: "bulk"	RelError: 3.16872e-01	AbsError: 7.72501e+14
      Equation: "ElectronContinuityEquation"	RelError: 2.93843e-02	AbsError: 7.71597e+14
      Equation: "HoleContinuityEquation"	RelError: 2.55349e-01	AbsError: 9.03490e+11
      Equation: "PotentialEquation"	RelError: 3.21387e-02	AbsError: 1.11046e-04
    Region: "oxide"	RelError: 2.96454e-03	AbsError: 9.60291e-06
      Equation: "PotentialEquation"	RelError: 2.96454e-03	AbsError: 9.60291e-06
Iteration: 5
  Device: "part1_baseline"	RelError: 1.85091e-04	AbsError: 3.58602e+11
    Region: "bulk"	RelError: 1.84384e-04	AbsError: 3.58602e+11
      Equation: "ElectronContinuityEquation"	RelError: 2.93319e-05	AbsError: 3.58375e+11
      Equation: "HoleContinuityEquation"	RelError: 1.46481e-04	AbsError: 2.26559e+08
      Equation: "PotentialEquation"	RelError: 8.57075e-06	AbsError: 4.47219e-08
    Region: "oxide"	RelError: 7.06990e-07	AbsError: 2.05041e-09
      Equation: "PotentialEquation"	RelError: 7.06990e-07	AbsError: 2.05041e-09
Iteration: 6
  Device: "part1_baseline"	RelError: 3.35538e-11	AbsError: 7.23491e+04
    Region: "bulk"	RelError: 3.34868e-11	AbsError: 7.23491e+04
      Equation: "ElectronContinuityEquation"	RelError: 3.70262e-12	AbsError: 7.23214e+04
      Equation: "HoleContinuityEquation"	RelError: 2.86584e-11	AbsError: 2.77005e+01
      Equation: "PotentialEquation"	RelError: 1.12587e-12	AbsError: 8.54916e-15
    Region: "oxide"	RelError: 6.69612e-14	AbsError: 1.77284e-16
      Equation: "PotentialEquation"	RelError: 6.69612e-14	AbsError: 1.77284e-16
number of equations 6651
Iteration: 0
  Device: "part1_baseline"	RelError: 2.07024e+03	AbsError: 6.72055e+16
    Region: "bulk"	RelError: 2.06886e+03	AbsError: 6.72055e+16
      Equation: "ElectronContinuityEquation"	RelError: 9.99000e+02	AbsError: 6.59316e+16
      Equation: "HoleContinuityEquation"	RelError: 9.99000e+02	AbsError: 1.27395e+15
      Equation: "PotentialEquation"	RelError: 7.08563e+01	AbsError: 4.09542e-02
    Region: "oxide"	RelError: 1.38797e+00	AbsError: 1.93849e-02
      Equation: "PotentialEquation"	RelError: 1.38797e+00	AbsError: 1.93849e-02
Iteration: 1
  Device: "part1_baseline"	RelError: 7.73436e+01	AbsError: 1.27911e+15
    Region: "bulk"	RelError: 7.72916e+01	AbsError: 1.27911e+15
      Equation: "ElectronContinuityEquation"	RelError: 9.98545e-01	AbsError: 1.10145e+15
      Equation: "HoleContinuityEquation"	RelError: 9.98555e-01	AbsError: 1.77661e+14
      Equation: "PotentialEquation"	RelError: 7.52945e+01	AbsError: 3.07633e-02
    Region: "oxide"	RelError: 5.19910e-02	AbsError: 9.41023e-03
      Equation: "PotentialEquation"	RelError: 5.19910e-02	AbsError: 9.41023e-03
Iteration: 2
  Device: "part1_baseline"	RelError: 1.60336e+03	AbsError: 2.53990e+14
    Region: "bulk"	RelError: 1.60336e+03	AbsError: 2.53990e+14
      Equation: "ElectronContinuityEquation"	RelError: 1.04517e+00	AbsError: 2.30044e+14
      Equation: "HoleContinuityEquation"	RelError: 1.60189e+03	AbsError: 2.39460e+13
      Equation: "PotentialEquation"	RelError: 4.24092e-01	AbsError: 2.57277e-02
    Region: "oxide"	RelError: 1.35238e-03	AbsError: 1.37232e-05
      Equation: "PotentialEquation"	RelError: 1.35238e-03	AbsError: 1.37232e-05
Iteration: 3
  Device: "part1_baseline"	RelError: 1.39452e+00	AbsError: 5.43520e+14
    Region: "bulk"	RelError: 1.39414e+00	AbsError: 5.43520e+14
      Equation: "ElectronContinuityEquation"	RelError: 3.33966e-01	AbsError: 5.43071e+14
      Equation: "HoleContinuityEquation"	RelError: 9.97939e-01	AbsError: 4.48119e+11
      Equation: "PotentialEquation"	RelError: 6.22357e-02	AbsError: 9.16539e-03
    Region: "oxide"	RelError: 3.75007e-04	AbsError: 5.31693e-06
      Equation: "PotentialEquation"	RelError: 3.75007e-04	AbsError: 5.31693e-06
Iteration: 4
  Device: "part1_baseline"	RelError: 2.70613e-01	AbsError: 6.56666e+14
    Region: "bulk"	RelError: 2.70007e-01	AbsError: 6.56666e+14
      Equation: "ElectronContinuityEquation"	RelError: 3.00378e-02	AbsError: 6.56003e+14
      Equation: "HoleContinuityEquation"	RelError: 1.55405e-01	AbsError: 6.62997e+11
      Equation: "PotentialEquation"	RelError: 8.45640e-02	AbsError: 9.18547e-05
    Region: "oxide"	RelError: 6.06166e-04	AbsError: 5.19510e-06
      Equation: "PotentialEquation"	RelError: 6.06166e-04	AbsError: 5.19510e-06
Iteration: 5
  Device: "part1_baseline"	RelError: 7.25565e-05	AbsError: 2.68322e+11
    Region: "bulk"	RelError: 7.24463e-05	AbsError: 2.68322e+11
      Equation: "ElectronContinuityEquation"	RelError: 1.34674e-05	AbsError: 2.68177e+11
      Equation: "HoleContinuityEquation"	RelError: 4.85495e-05	AbsError: 1.44529e+08
      Equation: "PotentialEquation"	RelError: 1.04294e-05	AbsError: 3.28691e-08
    Region: "oxide"	RelError: 1.10131e-07	AbsError: 8.24523e-10
      Equation: "PotentialEquation"	RelError: 1.10131e-07	AbsError: 8.24523e-10
Iteration: 6
  Device: "part1_baseline"	RelError: 8.91230e-12	AbsError: 4.16597e+04
    Region: "bulk"	RelError: 8.90330e-12	AbsError: 4.16597e+04
      Equation: "ElectronContinuityEquation"	RelError: 1.26610e-12	AbsError: 4.16445e+04
      Equation: "HoleContinuityEquation"	RelError: 6.91864e-12	AbsError: 1.51640e+01
      Equation: "PotentialEquation"	RelError: 7.18565e-13	AbsError: 4.92413e-15
    Region: "oxide"	RelError: 8.99267e-15	AbsError: 6.54739e-17
      Equation: "PotentialEquation"	RelError: 8.99267e-15	AbsError: 6.54739e-17
number of equations 6651
Iteration: 0
  Device: "part1_baseline"	RelError: 2.08586e+03	AbsError: 6.86177e+16
    Region: "bulk"	RelError: 2.08528e+03	AbsError: 6.86177e+16
      Equation: "ElectronContinuityEquation"	RelError: 9.99000e+02	AbsError: 6.74114e+16
      Equation: "HoleContinuityEquation"	RelError: 9.99000e+02	AbsError: 1.20639e+15
      Equation: "PotentialEquation"	RelError: 8.72827e+01	AbsError: 4.09542e-02
    Region: "oxide"	RelError: 5.80930e-01	AbsError: 1.93237e-02
      Equation: "PotentialEquation"	RelError: 5.80930e-01	AbsError: 1.93237e-02
Iteration: 1
  Device: "part1_baseline"	RelError: 1.00602e+03	AbsError: 1.13294e+15
    Region: "bulk"	RelError: 1.00598e+03	AbsError: 1.13294e+15
      Equation: "ElectronContinuityEquation"	RelError: 9.99000e+02	AbsError: 9.71426e+14
      Equation: "HoleContinuityEquation"	RelError: 9.98536e-01	AbsError: 1.61511e+14
      Equation: "PotentialEquation"	RelError: 5.97831e+00	AbsError: 3.07633e-02
    Region: "oxide"	RelError: 4.47103e-02	AbsError: 9.37448e-03
      Equation: "PotentialEquation"	RelError: 4.47103e-02	AbsError: 9.37448e-03
Iteration: 2
  Device: "part1_baseline"	RelError: 1.39449e+01	AbsError: 1.44714e+14
    Region: "bulk"	RelError: 1.39446e+01	AbsError: 1.44714e+14
      Equation: "ElectronContinuityEquation"	RelError: 9.99987e-01	AbsError: 1.28819e+14
      Equation: "HoleContinuityEquation"	RelError: 1.28781e+01	AbsError: 1.58957e+13
      Equation: "PotentialEquation"	RelError: 6.64822e-02	AbsError: 2.58679e-02
    Region: "oxide"	RelError: 3.06017e-04	AbsError: 6.75185e-06
      Equation: "PotentialEquation"	RelError: 3.06017e-04	AbsError: 6.75185e-06
Iteration: 3
  Device: "part1_baseline"	RelError: 1.13754e+00	AbsError: 4.42040e+14
    Region: "bulk"	RelError: 1.13748e+00	AbsError: 4.42040e+14
      Equation: "ElectronContinuityEquation"	RelError: 3.42638e-01	AbsError: 4.41628e+14
      Equation: "HoleContinuityEquation"	RelError: 7.83142e-01	AbsError: 4.12161e+11
      Equation: "PotentialEquation"	RelError: 1.16959e-02	AbsError: 9.16539e-03
    Region: "oxide"	RelError: 6.13368e-05	AbsError: 2.13408e-06
      Equation: "PotentialEquation"	RelError: 6.13368e-05	AbsError: 2.13408e-06
Iteration: 4
  Device: "part1_baseline"	RelError: 6.91623e-02	AbsError: 5.45546e+14
    Region: "bulk"	RelError: 6.90069e-02	AbsError: 5.45546e+14
      Equation: "ElectronContinuityEquation"	RelError: 3.11481e-02	AbsError: 5.44998e+14
      Equation: "HoleContinuityEquation"	RelError: 1.76099e-02	AbsError: 5.48296e+11
      Equation: "PotentialEquation"	RelError: 2.02489e-02	AbsError: 7.54514e-05
    Region: "oxide"	RelError: 1.55391e-04	AbsError: 2.94154e-06
      Equation: "PotentialEquation"	RelError: 1.55391e-04	AbsError: 2.94154e-06
Iteration: 5
  Device: "part1_baseline"	RelError: 1.78439e-05	AbsError: 1.89312e+11
    Region: "bulk"	RelError: 1.78193e-05	AbsError: 1.89312e+11
      Equation: "ElectronContinuityEquation"	RelError: 9.34894e-06	AbsError: 1.89202e+11
      Equation: "HoleContinuityEquation"	RelError: 4.21315e-06	AbsError: 1.09407e+08
      Equation: "PotentialEquation"	RelError: 4.25717e-06	AbsError: 2.31888e-08
    Region: "oxide"	RelError: 2.45996e-08	AbsError: 4.21627e-10
      Equation: "PotentialEquation"	RelError: 2.45996e-08	AbsError: 4.21627e-10
Iteration: 6
  Device: "part1_baseline"	RelError: 1.42984e-12	AbsError: 2.12374e+04
    Region: "bulk"	RelError: 1.42785e-12	AbsError: 2.12374e+04
      Equation: "ElectronContinuityEquation"	RelError: 6.47464e-13	AbsError: 2.12279e+04
      Equation: "HoleContinuityEquation"	RelError: 4.05318e-13	AbsError: 9.45707e+00
      Equation: "PotentialEquation"	RelError: 3.75074e-13	AbsError: 2.54621e-15
    Region: "oxide"	RelError: 1.98873e-15	AbsError: 3.31900e-17
      Equation: "PotentialEquation"	RelError: 1.98873e-15	AbsError: 3.31900e-17
number of equations 6651
Iteration: 0
  Device: "part1_baseline"	RelError: 2.13040e+03	AbsError: 6.91552e+16
    Region: "bulk"	RelError: 2.12967e+03	AbsError: 6.91552e+16
      Equation: "ElectronContinuityEquation"	RelError: 9.99000e+02	AbsError: 6.81185e+16
      Equation: "HoleContinuityEquation"	RelError: 9.99000e+02	AbsError: 1.03673e+15
      Equation: "PotentialEquation"	RelError: 1.31674e+02	AbsError: 4.09542e-02
    Region: "oxide"	RelError: 7.27734e-01	AbsError: 1.92998e-02
      Equation: "PotentialEquation"	RelError: 7.27734e-01	AbsError: 1.92998e-02
Iteration: 1
  Device: "part1_baseline"	RelError: 1.03529e+03	AbsError: 9.36887e+14
    Region: "bulk"	RelError: 1.03525e+03	AbsError: 9.36887e+14
      Equation: "ElectronContinuityEquation"	RelError: 9.99000e+02	AbsError: 8.15227e+14
      Equation: "HoleContinuityEquation"	RelError: 9.98520e-01	AbsError: 1.21660e+14
      Equation: "PotentialEquation"	RelError: 3.52493e+01	AbsError: 3.07633e-02
    Region: "oxide"	RelError: 3.92809e-02	AbsError: 9.36150e-03
      Equation: "PotentialEquation"	RelError: 3.92809e-02	AbsError: 9.36150e-03
Iteration: 2
  Device: "part1_baseline"	RelError: 8.12431e+00	AbsError: 1.07107e+14
    Region: "bulk"	RelError: 8.12409e+00	AbsError: 1.07107e+14
      Equation: "ElectronContinuityEquation"	RelError: 9.99989e-01	AbsError: 9.67517e+13
      Equation: "HoleContinuityEquation"	RelError: 7.04020e+00	AbsError: 1.03554e+13
      Equation: "PotentialEquation"	RelError: 8.39026e-02	AbsError: 2.58357e-02
    Region: "oxide"	RelError: 2.21034e-04	AbsError: 3.38794e-06
      Equation: "PotentialEquation"	RelError: 2.21034e-04	AbsError: 3.38794e-06
Iteration: 3
  Device: "part1_baseline"	RelError: 1.03087e+00	AbsError: 3.55285e+14
    Region: "bulk"	RelError: 1.03085e+00	AbsError: 3.55285e+14
      Equation: "ElectronContinuityEquation"	RelError: 3.50120e-01	AbsError: 3.54949e+14
      Equation: "HoleContinuityEquation"	RelError: 6.56055e-01	AbsError: 3.35411e+11
      Equation: "PotentialEquation"	RelError: 2.46762e-02	AbsError: 9.16539e-03
    Region: "oxide"	RelError: 1.66406e-05	AbsError: 7.66969e-07
      Equation: "PotentialEquation"	RelError: 1.66406e-05	AbsError: 7.66969e-07
Iteration: 4
  Device: "part1_baseline"	RelError: 6.53189e-02	AbsError: 4.45037e+14
    Region: "bulk"	RelError: 6.51579e-02	AbsError: 4.45037e+14
      Equation: "ElectronContinuityEquation"	RelError: 3.20641e-02	AbsError: 4.44607e+14
      Equation: "HoleContinuityEquation"	RelError: 1.49817e-03	AbsError: 4.29569e+11
      Equation: "PotentialEquation"	RelError: 3.15956e-02	AbsError: 6.57082e-05
    Region: "oxide"	RelError: 1.60998e-04	AbsError: 1.76824e-06
      Equation: "PotentialEquation"	RelError: 1.60998e-04	AbsError: 1.76824e-06
Iteration: 5
  Device: "part1_baseline"	RelError: 2.39581e-05	AbsError: 1.27411e+11
    Region: "bulk"	RelError: 2.39319e-05	AbsError: 1.27411e+11
      Equation: "ElectronContinuityEquation"	RelError: 7.20387e-06	AbsError: 1.27335e+11
      Equation: "HoleContinuityEquation"	RelError: 1.21180e-05	AbsError: 7.60080e+07
      Equation: "PotentialEquation"	RelError: 4.61010e-06	AbsError: 1.62461e-08
    Region: "oxide"	RelError: 2.61779e-08	AbsError: 2.53638e-10
      Equation: "PotentialEquation"	RelError: 2.61779e-08	AbsError: 2.53638e-10
Iteration: 6
  Device: "part1_baseline"	RelError: 8.47468e-13	AbsError: 9.76997e+03
    Region: "bulk"	RelError: 8.45730e-13	AbsError: 9.76997e+03
      Equation: "ElectronContinuityEquation"	RelError: 3.90421e-13	AbsError: 9.76476e+03
      Equation: "HoleContinuityEquation"	RelError: 1.85664e-13	AbsError: 5.20286e+00
      Equation: "PotentialEquation"	RelError: 2.69646e-13	AbsError: 1.42880e-15
    Region: "oxide"	RelError: 1.73740e-15	AbsError: 1.65699e-17
      Equation: "PotentialEquation"	RelError: 1.73740e-15	AbsError: 1.65699e-17
number of equations 6651
Iteration: 0
  Device: "part1_baseline"	RelError: 2.62730e+03	AbsError: 6.92030e+16
    Region: "bulk"	RelError: 2.62457e+03	AbsError: 6.92030e+16
      Equation: "ElectronContinuityEquation"	RelError: 9.99000e+02	AbsError: 6.82773e+16
      Equation: "HoleContinuityEquation"	RelError: 1.53420e+03	AbsError: 9.25675e+14
      Equation: "PotentialEquation"	RelError: 9.13698e+01	AbsError: 4.09542e-02
    Region: "oxide"	RelError: 2.72884e+00	AbsError: 1.92920e-02
      Equation: "PotentialEquation"	RelError: 2.72884e+00	AbsError: 1.92920e-02
Iteration: 1
  Device: "part1_baseline"	RelError: 1.00356e+03	AbsError: 7.82241e+14
    Region: "bulk"	RelError: 1.00352e+03	AbsError: 7.82241e+14
      Equation: "ElectronContinuityEquation"	RelError: 9.99000e+02	AbsError: 6.61420e+14
      Equation: "HoleContinuityEquation"	RelError: 9.98562e-01	AbsError: 1.20821e+14
      Equation: "PotentialEquation"	RelError: 3.52194e+00	AbsError: 3.07633e-02
    Region: "oxide"	RelError: 3.50540e-02	AbsError: 9.35825e-03
      Equation: "PotentialEquation"	RelError: 3.50540e-02	AbsError: 9.35825e-03
Iteration: 2
  Device: "part1_baseline"	RelError: 5.87618e+00	AbsError: 9.93721e+13
    Region: "bulk"	RelError: 5.87573e+00	AbsError: 9.93721e+13
      Equation: "ElectronContinuityEquation"	RelError: 9.99989e-01	AbsError: 9.27758e+13
      Equation: "HoleContinuityEquation"	RelError: 4.83710e+00	AbsError: 6.59631e+12
      Equation: "PotentialEquation"	RelError: 3.86425e-02	AbsError: 2.58027e-02
    Region: "oxide"	RelError: 4.53102e-04	AbsError: 1.71714e-06
      Equation: "PotentialEquation"	RelError: 4.53102e-04	AbsError: 1.71714e-06
Iteration: 3
  Device: "part1_baseline"	RelError: 9.25787e-01	AbsError: 2.82346e+14
    Region: "bulk"	RelError: 9.25653e-01	AbsError: 2.82346e+14
      Equation: "ElectronContinuityEquation"	RelError: 3.56072e-01	AbsError: 2.82081e+14
      Equation: "HoleContinuityEquation"	RelError: 5.60423e-01	AbsError: 2.64875e+11
      Equation: "PotentialEquation"	RelError: 9.15819e-03	AbsError: 9.16538e-03
    Region: "oxide"	RelError: 1.33493e-04	AbsError: 3.57335e-07
      Equation: "PotentialEquation"	RelError: 1.33493e-04	AbsError: 3.57335e-07
Iteration: 4
  Device: "part1_baseline"	RelError: 3.96697e-02	AbsError: 3.57426e+14
    Region: "bulk"	RelError: 3.92378e-02	AbsError: 3.57426e+14
      Equation: "ElectronContinuityEquation"	RelError: 3.27880e-02	AbsError: 3.57085e+14
      Equation: "HoleContinuityEquation"	RelError: 2.85405e-03	AbsError: 3.40862e+11
      Equation: "PotentialEquation"	RelError: 3.59571e-03	AbsError: 5.97113e-05
    Region: "oxide"	RelError: 4.31962e-04	AbsError: 1.16860e-06
      Equation: "PotentialEquation"	RelError: 4.31962e-04	AbsError: 1.16860e-06
Iteration: 5
  Device: "part1_baseline"	RelError: 8.50833e-05	AbsError: 8.25124e+10
    Region: "bulk"	RelError: 8.50186e-05	AbsError: 8.25124e+10
      Equation: "ElectronContinuityEquation"	RelError: 5.32197e-06	AbsError: 8.24594e+10
      Equation: "HoleContinuityEquation"	RelError: 7.91026e-05	AbsError: 5.30050e+07
      Equation: "PotentialEquation"	RelError: 5.94071e-07	AbsError: 1.35912e-08
    Region: "oxide"	RelError: 6.46318e-08	AbsError: 1.63640e-10
      Equation: "PotentialEquation"	RelError: 6.46318e-08	AbsError: 1.63640e-10
Iteration: 6
  Device: "part1_baseline"	RelError: 1.00096e-12	AbsError: 4.74382e+03
    Region: "bulk"	RelError: 9.97760e-13	AbsError: 4.74382e+03
      Equation: "ElectronContinuityEquation"	RelError: 2.55454e-13	AbsError: 4.74086e+03
      Equation: "HoleContinuityEquation"	RelError: 7.08779e-13	AbsError: 2.96098e+00
      Equation: "PotentialEquation"	RelError: 3.35266e-14	AbsError: 1.01765e-15
    Region: "oxide"	RelError: 3.19623e-15	AbsError: 8.02872e-18
      Equation: "PotentialEquation"	RelError: 3.19623e-15	AbsError: 8.02872e-18
number of equations 6651
Iteration: 0
  Device: "part1_baseline"	RelError: 2.05605e+03	AbsError: 6.89276e+16
    Region: "bulk"	RelError: 2.05289e+03	AbsError: 6.89276e+16
      Equation: "ElectronContinuityEquation"	RelError: 9.99000e+02	AbsError: 6.80440e+16
      Equation: "HoleContinuityEquation"	RelError: 9.99000e+02	AbsError: 8.83586e+14
      Equation: "PotentialEquation"	RelError: 5.48917e+01	AbsError: 4.09542e-02
    Region: "oxide"	RelError: 3.15413e+00	AbsError: 1.92910e-02
      Equation: "PotentialEquation"	RelError: 3.15413e+00	AbsError: 1.92910e-02
Iteration: 1
  Device: "part1_baseline"	RelError: 1.03976e+03	AbsError: 6.25319e+14
    Region: "bulk"	RelError: 1.03973e+03	AbsError: 6.25319e+14
      Equation: "ElectronContinuityEquation"	RelError: 9.99000e+02	AbsError: 5.24287e+14
      Equation: "HoleContinuityEquation"	RelError: 9.98616e-01	AbsError: 1.01032e+14
      Equation: "PotentialEquation"	RelError: 3.97281e+01	AbsError: 3.07633e-02
    Region: "oxide"	RelError: 3.16593e-02	AbsError: 9.35895e-03
      Equation: "PotentialEquation"	RelError: 3.16593e-02	AbsError: 9.35895e-03
Iteration: 2
  Device: "part1_baseline"	RelError: 3.75931e+00	AbsError: 9.61030e+13
    Region: "bulk"	RelError: 3.75905e+00	AbsError: 9.61030e+13
      Equation: "ElectronContinuityEquation"	RelError: 9.99989e-01	AbsError: 8.98484e+13
      Equation: "HoleContinuityEquation"	RelError: 2.69203e+00	AbsError: 6.25459e+12
      Equation: "PotentialEquation"	RelError: 6.70325e-02	AbsError: 2.57684e-02
    Region: "oxide"	RelError: 2.56191e-04	AbsError: 9.10485e-07
      Equation: "PotentialEquation"	RelError: 2.56191e-04	AbsError: 9.10485e-07
Iteration: 3
  Device: "part1_baseline"	RelError: 7.75884e-01	AbsError: 2.22106e+14
    Region: "bulk"	RelError: 7.75785e-01	AbsError: 2.22106e+14
      Equation: "ElectronContinuityEquation"	RelError: 3.58927e-01	AbsError: 2.21900e+14
      Equation: "HoleContinuityEquation"	RelError: 3.99983e-01	AbsError: 2.05723e+11
      Equation: "PotentialEquation"	RelError: 1.68752e-02	AbsError: 9.16537e-03
    Region: "oxide"	RelError: 9.91156e-05	AbsError: 3.61615e-07
      Equation: "PotentialEquation"	RelError: 9.91156e-05	AbsError: 3.61615e-07
Iteration: 4
  Device: "part1_baseline"	RelError: 6.34766e-02	AbsError: 2.83330e+14
    Region: "bulk"	RelError: 6.32056e-02	AbsError: 2.83330e+14
      Equation: "ElectronContinuityEquation"	RelError: 3.33248e-02	AbsError: 2.83061e+14
      Equation: "HoleContinuityEquation"	RelError: 7.46982e-03	AbsError: 2.68728e+11
      Equation: "PotentialEquation"	RelError: 2.24110e-02	AbsError: 5.40107e-05
    Region: "oxide"	RelError: 2.70974e-04	AbsError: 8.48527e-07
      Equation: "PotentialEquation"	RelError: 2.70974e-04	AbsError: 8.48527e-07
Iteration: 5
  Device: "part1_baseline"	RelError: 1.88449e-04	AbsError: 5.17616e+10
    Region: "bulk"	RelError: 1.88414e-04	AbsError: 5.17616e+10
      Equation: "ElectronContinuityEquation"	RelError: 4.63929e-06	AbsError: 5.17251e+10
      Equation: "HoleContinuityEquation"	RelError: 1.81834e-04	AbsError: 3.65070e+07
      Equation: "PotentialEquation"	RelError: 1.94053e-06	AbsError: 1.12074e-08
    Region: "oxide"	RelError: 3.44663e-08	AbsError: 1.07939e-10
      Equation: "PotentialEquation"	RelError: 3.44663e-08	AbsError: 1.07939e-10
Iteration: 6
  Device: "part1_baseline"	RelError: 1.10865e-12	AbsError: 3.30584e+03
    Region: "bulk"	RelError: 1.10742e-12	AbsError: 3.30584e+03
      Equation: "ElectronContinuityEquation"	RelError: 2.05854e-13	AbsError: 3.30419e+03
      Equation: "HoleContinuityEquation"	RelError: 8.37330e-13	AbsError: 1.65475e+00
      Equation: "PotentialEquation"	RelError: 6.42309e-14	AbsError: 7.00965e-16
    Region: "oxide"	RelError: 1.23181e-15	AbsError: 3.85768e-18
      Equation: "PotentialEquation"	RelError: 1.23181e-15	AbsError: 3.85768e-18
number of equations 6651
Iteration: 0
  Device: "part1_baseline"	RelError: 2.21552e+03	AbsError: 6.83229e+16
    Region: "bulk"	RelError: 2.21406e+03	AbsError: 6.83229e+16
      Equation: "ElectronContinuityEquation"	RelError: 9.99000e+02	AbsError: 6.75225e+16
      Equation: "HoleContinuityEquation"	RelError: 9.99000e+02	AbsError: 8.00443e+14
      Equation: "PotentialEquation"	RelError: 2.16062e+02	AbsError: 4.09542e-02
    Region: "oxide"	RelError: 1.46044e+00	AbsError: 1.92925e-02
      Equation: "PotentialEquation"	RelError: 1.46044e+00	AbsError: 1.92925e-02
Iteration: 1
  Device: "part1_baseline"	RelError: 1.00757e+03	AbsError: 5.11201e+14
    Region: "bulk"	RelError: 1.00754e+03	AbsError: 5.11201e+14
      Equation: "ElectronContinuityEquation"	RelError: 9.99000e+02	AbsError: 4.30111e+14
      Equation: "HoleContinuityEquation"	RelError: 9.98501e-01	AbsError: 8.10904e+13
      Equation: "PotentialEquation"	RelError: 7.54617e+00	AbsError: 3.07632e-02
    Region: "oxide"	RelError: 2.88685e-02	AbsError: 9.36108e-03
      Equation: "PotentialEquation"	RelError: 2.88685e-02	AbsError: 9.36108e-03
Iteration: 2
  Device: "part1_baseline"	RelError: 3.10377e+00	AbsError: 9.02961e+13
    Region: "bulk"	RelError: 3.10370e+00	AbsError: 9.02961e+13
      Equation: "ElectronContinuityEquation"	RelError: 9.99989e-01	AbsError: 8.65158e+13
      Equation: "HoleContinuityEquation"	RelError: 2.07410e+00	AbsError: 3.78030e+12
      Equation: "PotentialEquation"	RelError: 2.96082e-02	AbsError: 2.58774e-02
    Region: "oxide"	RelError: 6.89465e-05	AbsError: 5.05706e-07
      Equation: "PotentialEquation"	RelError: 6.89465e-05	AbsError: 5.05706e-07
Iteration: 3
  Device: "part1_baseline"	RelError: 6.98858e-01	AbsError: 1.23544e+15
    Region: "bulk"	RelError: 6.98709e-01	AbsError: 1.23544e+15
      Equation: "ElectronContinuityEquation"	RelError: 3.52385e-01	AbsError: 1.23509e+15
      Equation: "HoleContinuityEquation"	RelError: 3.38742e-01	AbsError: 3.46182e+11
      Equation: "PotentialEquation"	RelError: 7.58196e-03	AbsError: 9.16564e-03
    Region: "oxide"	RelError: 1.48866e-04	AbsError: 1.04212e-06
      Equation: "PotentialEquation"	RelError: 1.48866e-04	AbsError: 1.04212e-06
Iteration: 4
  Device: "part1_baseline"	RelError: 5.18577e-02	AbsError: 1.31045e+15
    Region: "bulk"	RelError: 5.16598e-02	AbsError: 1.31045e+15
      Equation: "ElectronContinuityEquation"	RelError: 3.38802e-02	AbsError: 1.31005e+15
      Equation: "HoleContinuityEquation"	RelError: 9.48814e-03	AbsError: 3.98654e+11
      Equation: "PotentialEquation"	RelError: 8.29145e-03	AbsError: 1.58148e-04
    Region: "oxide"	RelError: 1.97935e-04	AbsError: 1.34831e-06
      Equation: "PotentialEquation"	RelError: 1.97935e-04	AbsError: 1.34831e-06
Iteration: 5
  Device: "part1_baseline"	RelError: 2.25926e-04	AbsError: 7.45721e+11
    Region: "bulk"	RelError: 2.25870e-04	AbsError: 7.45721e+11
      Equation: "ElectronContinuityEquation"	RelError: 2.24032e-05	AbsError: 7.45618e+11
      Equation: "HoleContinuityEquation"	RelError: 2.01250e-04	AbsError: 1.03267e+08
      Equation: "PotentialEquation"	RelError: 2.21666e-06	AbsError: 8.12494e-08
    Region: "oxide"	RelError: 5.63878e-08	AbsError: 3.84404e-10
      Equation: "PotentialEquation"	RelError: 5.63878e-08	AbsError: 3.84404e-10
Iteration: 6
  Device: "part1_baseline"	RelError: 1.95433e-11	AbsError: 2.26423e+05
    Region: "bulk"	RelError: 1.95286e-11	AbsError: 2.26423e+05
      Equation: "ElectronContinuityEquation"	RelError: 7.02575e-12	AbsError: 2.26398e+05
      Equation: "HoleContinuityEquation"	RelError: 1.20142e-11	AbsError: 2.54948e+01
      Equation: "PotentialEquation"	RelError: 4.88654e-13	AbsError: 2.43925e-14
    Region: "oxide"	RelError: 1.47560e-14	AbsError: 1.00513e-16
      Equation: "PotentialEquation"	RelError: 1.47560e-14	AbsError: 1.00513e-16
number of equations 6651
Iteration: 0
  Device: "part1_baseline"	RelError: 2.02823e+03	AbsError: 6.75086e+16
    Region: "bulk"	RelError: 2.02764e+03	AbsError: 6.75086e+16
      Equation: "ElectronContinuityEquation"	RelError: 9.99000e+02	AbsError: 6.67820e+16
      Equation: "HoleContinuityEquation"	RelError: 9.99000e+02	AbsError: 7.26626e+14
      Equation: "PotentialEquation"	RelError: 2.96408e+01	AbsError: 4.09542e-02
    Region: "oxide"	RelError: 5.93699e-01	AbsError: 1.92948e-02
      Equation: "PotentialEquation"	RelError: 5.93699e-01	AbsError: 1.92948e-02
Iteration: 1
  Device: "part1_baseline"	RelError: 4.25469e+02	AbsError: 5.67206e+14
    Region: "bulk"	RelError: 4.25443e+02	AbsError: 5.67206e+14
      Equation: "ElectronContinuityEquation"	RelError: 4.12942e+02	AbsError: 4.98588e+14
      Equation: "HoleContinuityEquation"	RelError: 9.98468e-01	AbsError: 6.86188e+13
      Equation: "PotentialEquation"	RelError: 1.15018e+01	AbsError: 3.07632e-02
    Region: "oxide"	RelError: 2.65314e-02	AbsError: 9.36359e-03
      Equation: "PotentialEquation"	RelError: 2.65314e-02	AbsError: 9.36359e-03
Iteration: 2
  Device: "part1_baseline"	RelError: 2.61869e+00	AbsError: 8.51696e+13
    Region: "bulk"	RelError: 2.61867e+00	AbsError: 8.51696e+13
      Equation: "ElectronContinuityEquation"	RelError: 9.99974e-01	AbsError: 8.30070e+13
      Equation: "HoleContinuityEquation"	RelError: 1.59370e+00	AbsError: 2.16261e+12
      Equation: "PotentialEquation"	RelError: 2.49970e-02	AbsError: 2.58427e-02
    Region: "oxide"	RelError: 1.84844e-05	AbsError: 3.03962e-07
      Equation: "PotentialEquation"	RelError: 1.84844e-05	AbsError: 3.03962e-07
Iteration: 3
  Device: "part1_baseline"	RelError: 6.17960e-01	AbsError: 1.13821e+15
    Region: "bulk"	RelError: 6.17887e-01	AbsError: 1.13821e+15
      Equation: "ElectronContinuityEquation"	RelError: 3.24992e-01	AbsError: 1.13792e+15
      Equation: "HoleContinuityEquation"	RelError: 2.77687e-01	AbsError: 2.87979e+11
      Equation: "PotentialEquation"	RelError: 1.52078e-02	AbsError: 9.16559e-03
    Region: "oxide"	RelError: 7.26942e-05	AbsError: 9.49419e-07
      Equation: "PotentialEquation"	RelError: 7.26942e-05	AbsError: 9.49419e-07
Iteration: 4
  Device: "part1_baseline"	RelError: 6.09002e-02	AbsError: 1.21232e+15
    Region: "bulk"	RelError: 6.08129e-02	AbsError: 1.21232e+15
      Equation: "ElectronContinuityEquation"	RelError: 3.43587e-02	AbsError: 1.21198e+15
      Equation: "HoleContinuityEquation"	RelError: 9.23446e-03	AbsError: 3.32384e+11
      Equation: "PotentialEquation"	RelError: 1.72197e-02	AbsError: 1.44998e-04
    Region: "oxide"	RelError: 8.72909e-05	AbsError: 1.16190e-06
      Equation: "PotentialEquation"	RelError: 8.72909e-05	AbsError: 1.16190e-06
Iteration: 5
  Device: "part1_baseline"	RelError: 2.01435e-04	AbsError: 6.63727e+11
    Region: "bulk"	RelError: 2.01409e-04	AbsError: 6.63727e+11
      Equation: "ElectronContinuityEquation"	RelError: 2.15799e-05	AbsError: 6.63640e+11
      Equation: "HoleContinuityEquation"	RelError: 1.75183e-04	AbsError: 8.66155e+07
      Equation: "PotentialEquation"	RelError: 4.64619e-06	AbsError: 7.24378e-08
    Region: "oxide"	RelError: 2.60523e-08	AbsError: 3.43179e-10
      Equation: "PotentialEquation"	RelError: 2.60523e-08	AbsError: 3.43179e-10
Iteration: 6
  Device: "part1_baseline"	RelError: 2.20512e-11	AbsError: 1.86305e+05
    Region: "bulk"	RelError: 2.20447e-11	AbsError: 1.86305e+05
      Equation: "ElectronContinuityEquation"	RelError: 6.25917e-12	AbsError: 1.86284e+05
      Equation: "HoleContinuityEquation"	RelError: 1.47746e-11	AbsError: 2.03638e+01
      Equation: "PotentialEquation"	RelError: 1.01091e-12	AbsError: 2.01667e-14
    Region: "oxide"	RelError: 6.47974e-15	AbsError: 8.69142e-17
      Equation: "PotentialEquation"	RelError: 6.47974e-15	AbsError: 8.69142e-17
number of equations 6651
Iteration: 0
  Device: "part1_baseline"	RelError: 2.11564e+03	AbsError: 6.65492e+16
    Region: "bulk"	RelError: 2.11495e+03	AbsError: 6.65492e+16
      Equation: "ElectronContinuityEquation"	RelError: 9.99000e+02	AbsError: 6.58695e+16
      Equation: "HoleContinuityEquation"	RelError: 9.99000e+02	AbsError: 6.79724e+14
      Equation: "PotentialEquation"	RelError: 1.16950e+02	AbsError: 4.09542e-02
    Region: "oxide"	RelError: 6.92967e-01	AbsError: 1.92973e-02
      Equation: "PotentialEquation"	RelError: 6.92967e-01	AbsError: 1.92973e-02
Iteration: 1
  Device: "part1_baseline"	RelError: 9.16710e+01	AbsError: 6.12918e+14
    Region: "bulk"	RelError: 9.16465e+01	AbsError: 6.12918e+14
      Equation: "ElectronContinuityEquation"	RelError: 9.95937e-01	AbsError: 5.53863e+14
      Equation: "HoleContinuityEquation"	RelError: 9.98461e-01	AbsError: 5.90550e+13
      Equation: "PotentialEquation"	RelError: 8.96521e+01	AbsError: 3.07632e-02
    Region: "oxide"	RelError: 2.45449e-02	AbsError: 9.36601e-03
      Equation: "PotentialEquation"	RelError: 2.45449e-02	AbsError: 9.36601e-03
Iteration: 2
  Device: "part1_baseline"	RelError: 2.08049e+00	AbsError: 8.05062e+13
    Region: "bulk"	RelError: 2.08047e+00	AbsError: 8.05062e+13
      Equation: "ElectronContinuityEquation"	RelError: 6.73056e-01	AbsError: 7.92749e+13
      Equation: "HoleContinuityEquation"	RelError: 1.37233e+00	AbsError: 1.23121e+12
      Equation: "PotentialEquation"	RelError: 3.50843e-02	AbsError: 2.58068e-02
    Region: "oxide"	RelError: 2.31916e-05	AbsError: 2.07018e-07
      Equation: "PotentialEquation"	RelError: 2.31916e-05	AbsError: 2.07018e-07
Iteration: 3
  Device: "part1_baseline"	RelError: 5.71122e-01	AbsError: 1.04062e+15
    Region: "bulk"	RelError: 5.71012e-01	AbsError: 1.04062e+15
      Equation: "ElectronContinuityEquation"	RelError: 2.94785e-01	AbsError: 1.04038e+15
      Equation: "HoleContinuityEquation"	RelError: 2.47917e-01	AbsError: 2.37858e+11
      Equation: "PotentialEquation"	RelError: 2.83099e-02	AbsError: 9.16555e-03
    Region: "oxide"	RelError: 1.10399e-04	AbsError: 8.50412e-07
      Equation: "PotentialEquation"	RelError: 1.10399e-04	AbsError: 8.50412e-07
Iteration: 4
  Device: "part1_baseline"	RelError: 7.96630e-02	AbsError: 1.11270e+15
    Region: "bulk"	RelError: 7.95325e-02	AbsError: 1.11270e+15
      Equation: "ElectronContinuityEquation"	RelError: 3.47508e-02	AbsError: 1.11242e+15
      Equation: "HoleContinuityEquation"	RelError: 7.93435e-03	AbsError: 2.75839e+11
      Equation: "PotentialEquation"	RelError: 3.68474e-02	AbsError: 1.32106e-04
    Region: "oxide"	RelError: 1.30466e-04	AbsError: 1.01332e-06
      Equation: "PotentialEquation"	RelError: 1.30466e-04	AbsError: 1.01332e-06
Iteration: 5
  Device: "part1_baseline"	RelError: 1.73712e-04	AbsError: 5.77896e+11
    Region: "bulk"	RelError: 1.73673e-04	AbsError: 5.77896e+11
      Equation: "ElectronContinuityEquation"	RelError: 2.02603e-05	AbsError: 5.77826e+11
      Equation: "HoleContinuityEquation"	RelError: 1.49452e-04	AbsError: 7.03985e+07
      Equation: "PotentialEquation"	RelError: 3.96078e-06	AbsError: 6.31981e-08
    Region: "oxide"	RelError: 3.88979e-08	AbsError: 3.01860e-10
      Equation: "PotentialEquation"	RelError: 3.88979e-08	AbsError: 3.01860e-10
Iteration: 6
  Device: "part1_baseline"	RelError: 2.15193e-11	AbsError: 1.46089e+05
    Region: "bulk"	RelError: 2.15103e-11	AbsError: 1.46089e+05
      Equation: "ElectronContinuityEquation"	RelError: 5.27833e-12	AbsError: 1.46074e+05
      Equation: "HoleContinuityEquation"	RelError: 1.53237e-11	AbsError: 1.53960e+01
      Equation: "PotentialEquation"	RelError: 9.08246e-13	AbsError: 1.58777e-14
    Region: "oxide"	RelError: 8.98473e-15	AbsError: 7.10330e-17
      Equation: "PotentialEquation"	RelError: 8.98473e-15	AbsError: 7.10330e-17
number of equations 6651
Iteration: 0
  Device: "part1_baseline"	RelError: 4.09640e+03	AbsError: 6.54539e+16
    Region: "bulk"	RelError: 4.09409e+03	AbsError: 6.54539e+16
      Equation: "ElectronContinuityEquation"	RelError: 9.99000e+02	AbsError: 6.48172e+16
      Equation: "HoleContinuityEquation"	RelError: 1.22614e+03	AbsError: 6.36658e+14
      Equation: "PotentialEquation"	RelError: 1.86895e+03	AbsError: 4.09542e-02
    Region: "oxide"	RelError: 2.30858e+00	AbsError: 1.92996e-02
      Equation: "PotentialEquation"	RelError: 2.30858e+00	AbsError: 1.92996e-02
Iteration: 1
  Device: "part1_baseline"	RelError: 6.94053e+00	AbsError: 6.52049e+14
    Region: "bulk"	RelError: 6.91769e+00	AbsError: 6.52049e+14
      Equation: "ElectronContinuityEquation"	RelError: 9.95924e-01	AbsError: 6.00335e+14
      Equation: "HoleContinuityEquation"	RelError: 9.98285e-01	AbsError: 5.17135e+13
      Equation: "PotentialEquation"	RelError: 4.92348e+00	AbsError: 3.07632e-02
    Region: "oxide"	RelError: 2.28350e-02	AbsError: 9.36818e-03
      Equation: "PotentialEquation"	RelError: 2.28350e-02	AbsError: 9.36818e-03
Iteration: 2
  Device: "part1_baseline"	RelError: 1.56810e+00	AbsError: 7.61557e+13
    Region: "bulk"	RelError: 1.56803e+00	AbsError: 7.61557e+13
      Equation: "ElectronContinuityEquation"	RelError: 4.69066e-01	AbsError: 7.54379e+13
      Equation: "HoleContinuityEquation"	RelError: 1.07988e+00	AbsError: 7.17803e+11
      Equation: "PotentialEquation"	RelError: 1.90902e-02	AbsError: 2.58820e-02
    Region: "oxide"	RelError: 6.48065e-05	AbsError: 1.63397e-07
      Equation: "PotentialEquation"	RelError: 6.48065e-05	AbsError: 1.63397e-07
Iteration: 3
  Device: "part1_baseline"	RelError: 4.74059e-01	AbsError: 9.44192e+14
    Region: "bulk"	RelError: 4.73727e-01	AbsError: 9.44192e+14
      Equation: "ElectronContinuityEquation"	RelError: 2.57560e-01	AbsError: 9.43985e+14
      Equation: "HoleContinuityEquation"	RelError: 1.83410e-01	AbsError: 2.07448e+11
      Equation: "PotentialEquation"	RelError: 3.27570e-02	AbsError: 9.16552e-03
    Region: "oxide"	RelError: 3.31505e-04	AbsError: 7.66080e-07
      Equation: "PotentialEquation"	RelError: 3.31505e-04	AbsError: 7.66080e-07
Iteration: 4
  Device: "part1_baseline"	RelError: 8.16275e-02	AbsError: 1.01334e+15
    Region: "bulk"	RelError: 8.12388e-02	AbsError: 1.01334e+15
      Equation: "ElectronContinuityEquation"	RelError: 3.50322e-02	AbsError: 1.01310e+15
      Equation: "HoleContinuityEquation"	RelError: 6.65964e-03	AbsError: 2.40673e+11
      Equation: "PotentialEquation"	RelError: 3.95470e-02	AbsError: 1.19705e-04
    Region: "oxide"	RelError: 3.88662e-04	AbsError: 9.03102e-07
      Equation: "PotentialEquation"	RelError: 3.88662e-04	AbsError: 9.03102e-07
Iteration: 5
  Device: "part1_baseline"	RelError: 1.29805e-04	AbsError: 4.92817e+11
    Region: "bulk"	RelError: 1.29691e-04	AbsError: 4.92817e+11
      Equation: "ElectronContinuityEquation"	RelError: 1.91782e-05	AbsError: 4.92758e+11
      Equation: "HoleContinuityEquation"	RelError: 9.90765e-05	AbsError: 5.90840e+07
      Equation: "PotentialEquation"	RelError: 1.14367e-05	AbsError: 5.40359e-08
    Region: "oxide"	RelError: 1.13250e-07	AbsError: 2.63850e-10
      Equation: "PotentialEquation"	RelError: 1.13250e-07	AbsError: 2.63850e-10
Iteration: 6
  Device: "part1_baseline"	RelError: 1.91693e-11	AbsError: 1.09443e+05
    Region: "bulk"	RelError: 1.91461e-11	AbsError: 1.09443e+05
      Equation: "ElectronContinuityEquation"	RelError: 4.08683e-12	AbsError: 1.09431e+05
      Equation: "HoleContinuityEquation"	RelError: 1.27741e-11	AbsError: 1.13024e+01
      Equation: "PotentialEquation"	RelError: 2.28516e-12	AbsError: 1.19370e-14
    Region: "oxide"	RelError: 2.32537e-14	AbsError: 5.52132e-17
      Equation: "PotentialEquation"	RelError: 2.32537e-14	AbsError: 5.52132e-17
number of equations 6651
Iteration: 0
  Device: "part1_baseline"	RelError: 3.09650e+03	AbsError: 6.42499e+16
    Region: "bulk"	RelError: 3.09475e+03	AbsError: 6.42499e+16
      Equation: "ElectronContinuityEquation"	RelError: 9.99000e+02	AbsError: 6.36476e+16
      Equation: "HoleContinuityEquation"	RelError: 2.07858e+03	AbsError: 6.02367e+14
      Equation: "PotentialEquation"	RelError: 1.71733e+01	AbsError: 4.09542e-02
    Region: "oxide"	RelError: 1.75121e+00	AbsError: 1.93016e-02
      Equation: "PotentialEquation"	RelError: 1.75121e+00	AbsError: 1.93016e-02
Iteration: 1
  Device: "part1_baseline"	RelError: 6.25913e+00	AbsError: 6.86218e+14
    Region: "bulk"	RelError: 6.23779e+00	AbsError: 6.86218e+14
      Equation: "ElectronContinuityEquation"	RelError: 9.97581e-01	AbsError: 6.40499e+14
      Equation: "HoleContinuityEquation"	RelError: 9.98912e-01	AbsError: 4.57196e+13
      Equation: "PotentialEquation"	RelError: 4.24129e+00	AbsError: 3.07632e-02
    Region: "oxide"	RelError: 2.13477e-02	AbsError: 9.37005e-03
      Equation: "PotentialEquation"	RelError: 2.13477e-02	AbsError: 9.37005e-03
Iteration: 2
  Device: "part1_baseline"	RelError: 1.28455e+00	AbsError: 7.16137e+13
    Region: "bulk"	RelError: 1.28451e+00	AbsError: 7.16137e+13
      Equation: "ElectronContinuityEquation"	RelError: 3.51312e-01	AbsError: 7.12584e+13
      Equation: "HoleContinuityEquation"	RelError: 9.15419e-01	AbsError: 3.55290e+11
      Equation: "PotentialEquation"	RelError: 1.77808e-02	AbsError: 2.58466e-02
    Region: "oxide"	RelError: 4.10507e-05	AbsError: 1.34087e-07
      Equation: "PotentialEquation"	RelError: 4.10507e-05	AbsError: 1.34087e-07
Iteration: 3
  Device: "part1_baseline"	RelError: 3.73930e-01	AbsError: 8.50809e+14
    Region: "bulk"	RelError: 3.73711e-01	AbsError: 8.50809e+14
      Equation: "ElectronContinuityEquation"	RelError: 2.15585e-01	AbsError: 8.50637e+14
      Equation: "HoleContinuityEquation"	RelError: 1.52485e-01	AbsError: 1.71551e+11
      Equation: "PotentialEquation"	RelError: 5.64018e-03	AbsError: 9.16548e-03
    Region: "oxide"	RelError: 2.18631e-04	AbsError: 6.74321e-07
      Equation: "PotentialEquation"	RelError: 2.18631e-04	AbsError: 6.74321e-07
Iteration: 4
  Device: "part1_baseline"	RelError: 4.49470e-02	AbsError: 9.16315e+14
    Region: "bulk"	RelError: 4.46901e-02	AbsError: 9.16315e+14
      Equation: "ElectronContinuityEquation"	RelError: 3.52132e-02	AbsError: 9.16114e+14
      Equation: "HoleContinuityEquation"	RelError: 5.29933e-03	AbsError: 2.00793e+11
      Equation: "PotentialEquation"	RelError: 4.17762e-03	AbsError: 1.07725e-04
    Region: "oxide"	RelError: 2.56876e-04	AbsError: 7.94848e-07
      Equation: "PotentialEquation"	RelError: 2.56876e-04	AbsError: 7.94848e-07
Iteration: 5
  Device: "part1_baseline"	RelError: 1.05350e-04	AbsError: 4.12109e+11
    Region: "bulk"	RelError: 1.05278e-04	AbsError: 4.12109e+11
      Equation: "ElectronContinuityEquation"	RelError: 1.81138e-05	AbsError: 4.12063e+11
      Equation: "HoleContinuityEquation"	RelError: 8.60153e-05	AbsError: 4.66773e+07
      Equation: "PotentialEquation"	RelError: 1.14856e-06	AbsError: 4.52840e-08
    Region: "oxide"	RelError: 7.20221e-08	AbsError: 2.24052e-10
      Equation: "PotentialEquation"	RelError: 7.20221e-08	AbsError: 2.24052e-10
Iteration: 6
  Device: "part1_baseline"	RelError: 1.18328e-11	AbsError: 7.84611e+04
    Region: "bulk"	RelError: 1.18200e-11	AbsError: 7.84611e+04
      Equation: "ElectronContinuityEquation"	RelError: 2.88407e-12	AbsError: 7.84533e+04
      Equation: "HoleContinuityEquation"	RelError: 8.73751e-12	AbsError: 7.78372e+00
      Equation: "PotentialEquation"	RelError: 1.98398e-13	AbsError: 8.58321e-15
    Region: "oxide"	RelError: 1.28549e-14	AbsError: 4.07454e-17
      Equation: "PotentialEquation"	RelError: 1.28549e-14	AbsError: 4.07454e-17
number of equations 6651
Iteration: 0
  Device: "part1_baseline"	RelError: 2.02478e+03	AbsError: 6.29483e+16
    Region: "bulk"	RelError: 2.02317e+03	AbsError: 6.29483e+16
      Equation: "ElectronContinuityEquation"	RelError: 9.99000e+02	AbsError: 6.23764e+16
      Equation: "HoleContinuityEquation"	RelError: 9.99000e+02	AbsError: 5.71870e+14
      Equation: "PotentialEquation"	RelError: 2.51697e+01	AbsError: 4.09542e-02
    Region: "oxide"	RelError: 1.61520e+00	AbsError: 1.93033e-02
      Equation: "PotentialEquation"	RelError: 1.61520e+00	AbsError: 1.93033e-02
Iteration: 1
  Device: "part1_baseline"	RelError: 2.55359e+00	AbsError: 7.17011e+14
    Region: "bulk"	RelError: 2.53355e+00	AbsError: 7.17011e+14
      Equation: "ElectronContinuityEquation"	RelError: 9.97175e-01	AbsError: 6.76480e+14
      Equation: "HoleContinuityEquation"	RelError: 9.98234e-01	AbsError: 4.05307e+13
      Equation: "PotentialEquation"	RelError: 5.38143e-01	AbsError: 3.07632e-02
    Region: "oxide"	RelError: 2.00419e-02	AbsError: 9.37162e-03
      Equation: "PotentialEquation"	RelError: 2.00419e-02	AbsError: 9.37162e-03
Iteration: 2
  Device: "part1_baseline"	RelError: 9.45914e-01	AbsError: 6.71648e+13
    Region: "bulk"	RelError: 9.45887e-01	AbsError: 6.71648e+13
      Equation: "ElectronContinuityEquation"	RelError: 3.05066e-01	AbsError: 6.69462e+13
      Equation: "HoleContinuityEquation"	RelError: 6.24184e-01	AbsError: 2.18573e+11
      Equation: "PotentialEquation"	RelError: 1.66368e-02	AbsError: 2.58975e-02
    Region: "oxide"	RelError: 2.69945e-05	AbsError: 1.17617e-07
      Equation: "PotentialEquation"	RelError: 2.69945e-05	AbsError: 1.17617e-07
Iteration: 3
  Device: "part1_baseline"	RelError: 2.88735e-01	AbsError: 7.61410e+14
    Region: "bulk"	RelError: 2.88595e-01	AbsError: 7.61410e+14
      Equation: "ElectronContinuityEquation"	RelError: 1.75038e-01	AbsError: 7.61263e+14
      Equation: "HoleContinuityEquation"	RelError: 1.05551e-01	AbsError: 1.46892e+11
      Equation: "PotentialEquation"	RelError: 8.00666e-03	AbsError: 9.16546e-03
    Region: "oxide"	RelError: 1.39641e-04	AbsError: 5.98703e-07
      Equation: "PotentialEquation"	RelError: 1.39641e-04	AbsError: 5.98703e-07
Iteration: 4
  Device: "part1_baseline"	RelError: 5.05139e-02	AbsError: 8.22759e+14
    Region: "bulk"	RelError: 5.03488e-02	AbsError: 8.22759e+14
      Equation: "ElectronContinuityEquation"	RelError: 3.53257e-02	AbsError: 8.22586e+14
      Equation: "HoleContinuityEquation"	RelError: 5.60914e-03	AbsError: 1.72745e+11
      Equation: "PotentialEquation"	RelError: 9.41402e-03	AbsError: 9.64341e-05
    Region: "oxide"	RelError: 1.65082e-04	AbsError: 7.07885e-07
      Equation: "PotentialEquation"	RelError: 1.65082e-04	AbsError: 7.07885e-07
Iteration: 5
  Device: "part1_baseline"	RelError: 9.66029e-05	AbsError: 3.38338e+11
    Region: "bulk"	RelError: 9.65589e-05	AbsError: 3.38338e+11
      Equation: "ElectronContinuityEquation"	RelError: 1.67507e-05	AbsError: 3.38300e+11
      Equation: "HoleContinuityEquation"	RelError: 7.80949e-05	AbsError: 3.80076e+07
      Equation: "PotentialEquation"	RelError: 1.71328e-06	AbsError: 3.72707e-08
    Region: "oxide"	RelError: 4.39833e-08	AbsError: 1.88601e-10
      Equation: "PotentialEquation"	RelError: 4.39833e-08	AbsError: 1.88601e-10
Iteration: 6
  Device: "part1_baseline"	RelError: 7.07367e-12	AbsError: 5.39914e+04
    Region: "bulk"	RelError: 7.06701e-12	AbsError: 5.39914e+04
      Equation: "ElectronContinuityEquation"	RelError: 2.11586e-12	AbsError: 5.39862e+04
      Equation: "HoleContinuityEquation"	RelError: 4.76757e-12	AbsError: 5.23098e+00
      Equation: "PotentialEquation"	RelError: 1.83581e-13	AbsError: 5.92215e-15
    Region: "oxide"	RelError: 6.65185e-15	AbsError: 2.87999e-17
      Equation: "PotentialEquation"	RelError: 6.65185e-15	AbsError: 2.87999e-17
number of equations 6651
Iteration: 0
  Device: "part1_baseline"	RelError: 2.93891e+03	AbsError: 6.15531e+16
    Region: "bulk"	RelError: 2.93630e+03	AbsError: 6.15531e+16
      Equation: "ElectronContinuityEquation"	RelError: 9.99000e+02	AbsError: 6.10149e+16
      Equation: "HoleContinuityEquation"	RelError: 1.90173e+03	AbsError: 5.38148e+14
      Equation: "PotentialEquation"	RelError: 3.55748e+01	AbsError: 4.09542e-02
    Region: "oxide"	RelError: 2.60939e+00	AbsError: 1.93047e-02
      Equation: "PotentialEquation"	RelError: 2.60939e+00	AbsError: 1.93047e-02
Iteration: 1
  Device: "part1_baseline"	RelError: 2.21314e+00	AbsError: 7.46073e+14
    Region: "bulk"	RelError: 2.19425e+00	AbsError: 7.46073e+14
      Equation: "ElectronContinuityEquation"	RelError: 9.96227e-01	AbsError: 7.09491e+14
      Equation: "HoleContinuityEquation"	RelError: 9.98820e-01	AbsError: 3.65822e+13
      Equation: "PotentialEquation"	RelError: 1.99202e-01	AbsError: 3.07632e-02
    Region: "oxide"	RelError: 1.88864e-02	AbsError: 9.37291e-03
      Equation: "PotentialEquation"	RelError: 1.88864e-02	AbsError: 9.37291e-03
Iteration: 2
  Device: "part1_baseline"	RelError: 7.69129e-01	AbsError: 6.26022e+13
    Region: "bulk"	RelError: 7.69090e-01	AbsError: 6.26022e+13
      Equation: "ElectronContinuityEquation"	RelError: 2.60318e-01	AbsError: 6.24963e+13
      Equation: "HoleContinuityEquation"	RelError: 4.93143e-01	AbsError: 1.05883e+11
      Equation: "PotentialEquation"	RelError: 1.56292e-02	AbsError: 2.58633e-02
    Region: "oxide"	RelError: 3.94483e-05	AbsError: 1.06402e-07
      Equation: "PotentialEquation"	RelError: 3.94483e-05	AbsError: 1.06402e-07
Iteration: 3
  Device: "part1_baseline"	RelError: 1.73806e-01	AbsError: 6.77162e+14
    Region: "bulk"	RelError: 1.73611e-01	AbsError: 6.77162e+14
      Equation: "ElectronContinuityEquation"	RelError: 1.22336e-01	AbsError: 6.77041e+14
      Equation: "HoleContinuityEquation"	RelError: 4.62787e-02	AbsError: 1.21561e+11
      Equation: "PotentialEquation"	RelError: 4.99596e-03	AbsError: 9.16545e-03
    Region: "oxide"	RelError: 1.95077e-04	AbsError: 5.21153e-07
      Equation: "PotentialEquation"	RelError: 1.95077e-04	AbsError: 5.21153e-07
Iteration: 4
  Device: "part1_baseline"	RelError: 4.53465e-02	AbsError: 7.34014e+14
    Region: "bulk"	RelError: 4.51137e-02	AbsError: 7.34014e+14
      Equation: "ElectronContinuityEquation"	RelError: 3.53698e-02	AbsError: 7.33869e+14
      Equation: "HoleContinuityEquation"	RelError: 5.25541e-03	AbsError: 1.44764e+11
      Equation: "PotentialEquation"	RelError: 4.48841e-03	AbsError: 8.57801e-05
    Region: "oxide"	RelError: 2.32873e-04	AbsError: 6.21975e-07
      Equation: "PotentialEquation"	RelError: 2.32873e-04	AbsError: 6.21975e-07
Iteration: 5
  Device: "part1_baseline"	RelError: 7.60375e-05	AbsError: 2.72942e+11
    Region: "bulk"	RelError: 7.59796e-05	AbsError: 2.72942e+11
      Equation: "ElectronContinuityEquation"	RelError: 1.53754e-05	AbsError: 2.72913e+11
      Equation: "HoleContinuityEquation"	RelError: 5.95071e-05	AbsError: 2.92247e+07
      Equation: "PotentialEquation"	RelError: 1.09714e-06	AbsError: 3.01284e-08
    Region: "oxide"	RelError: 5.78778e-08	AbsError: 1.54580e-10
      Equation: "PotentialEquation"	RelError: 5.78778e-08	AbsError: 1.54580e-10
Iteration: 6
  Device: "part1_baseline"	RelError: 3.92698e-12	AbsError: 3.57077e+04
    Region: "bulk"	RelError: 3.91976e-12	AbsError: 3.57077e+04
      Equation: "ElectronContinuityEquation"	RelError: 1.58414e-12	AbsError: 3.57044e+04
      Equation: "HoleContinuityEquation"	RelError: 2.20101e-12	AbsError: 3.33882e+00
      Equation: "PotentialEquation"	RelError: 1.34614e-13	AbsError: 3.92565e-15
    Region: "oxide"	RelError: 7.21667e-15	AbsError: 1.94599e-17
      Equation: "PotentialEquation"	RelError: 7.21667e-15	AbsError: 1.94599e-17
number of equations 6651
Iteration: 0
  Device: "part1_baseline"	RelError: 2.02181e+03	AbsError: 6.00883e+16
    Region: "bulk"	RelError: 2.02109e+03	AbsError: 6.00883e+16
      Equation: "ElectronContinuityEquation"	RelError: 9.99000e+02	AbsError: 5.95711e+16
      Equation: "HoleContinuityEquation"	RelError: 9.99000e+02	AbsError: 5.17145e+14
      Equation: "PotentialEquation"	RelError: 2.30903e+01	AbsError: 4.09542e-02
    Region: "oxide"	RelError: 7.22824e-01	AbsError: 1.93059e-02
      Equation: "PotentialEquation"	RelError: 7.22824e-01	AbsError: 1.93059e-02
Iteration: 1
  Device: "part1_baseline"	RelError: 2.17052e+00	AbsError: 7.73640e+14
    Region: "bulk"	RelError: 2.15266e+00	AbsError: 7.73640e+14
      Equation: "ElectronContinuityEquation"	RelError: 9.96659e-01	AbsError: 7.40413e+14
      Equation: "HoleContinuityEquation"	RelError: 9.98226e-01	AbsError: 3.32262e+13
      Equation: "PotentialEquation"	RelError: 1.57777e-01	AbsError: 3.07632e-02
    Region: "oxide"	RelError: 1.78566e-02	AbsError: 9.37395e-03
      Equation: "PotentialEquation"	RelError: 1.78566e-02	AbsError: 9.37395e-03
Iteration: 2
  Device: "part1_baseline"	RelError: 6.72274e-01	AbsError: 5.80726e+13
    Region: "bulk"	RelError: 6.72264e-01	AbsError: 5.80726e+13
      Equation: "ElectronContinuityEquation"	RelError: 2.22767e-01	AbsError: 5.80151e+13
      Equation: "HoleContinuityEquation"	RelError: 4.34738e-01	AbsError: 5.75373e+10
      Equation: "PotentialEquation"	RelError: 1.47588e-02	AbsError: 2.58971e-02
    Region: "oxide"	RelError: 1.02022e-05	AbsError: 9.89913e-08
      Equation: "PotentialEquation"	RelError: 1.02022e-05	AbsError: 9.89913e-08
Iteration: 3
  Device: "part1_baseline"	RelError: 1.08398e-01	AbsError: 5.98602e+14
    Region: "bulk"	RelError: 1.08351e-01	AbsError: 5.98602e+14
      Equation: "ElectronContinuityEquation"	RelError: 9.11356e-02	AbsError: 5.98499e+14
      Equation: "HoleContinuityEquation"	RelError: 1.24901e-02	AbsError: 1.03098e+11
      Equation: "PotentialEquation"	RelError: 4.72524e-03	AbsError: 9.16543e-03
    Region: "oxide"	RelError: 4.74417e-05	AbsError: 4.57448e-07
      Equation: "PotentialEquation"	RelError: 4.74417e-05	AbsError: 4.57448e-07
Iteration: 4
  Device: "part1_baseline"	RelError: 4.40215e-02	AbsError: 6.50775e+14
    Region: "bulk"	RelError: 4.39643e-02	AbsError: 6.50775e+14
      Equation: "ElectronContinuityEquation"	RelError: 3.53192e-02	AbsError: 6.50651e+14
      Equation: "HoleContinuityEquation"	RelError: 4.41936e-03	AbsError: 1.23857e+11
      Equation: "PotentialEquation"	RelError: 4.22575e-03	AbsError: 7.59345e-05
    Region: "oxide"	RelError: 5.72279e-05	AbsError: 5.51772e-07
      Equation: "PotentialEquation"	RelError: 5.72279e-05	AbsError: 5.51772e-07
Iteration: 5
  Device: "part1_baseline"	RelError: 5.38206e-05	AbsError: 2.16685e+11
    Region: "bulk"	RelError: 5.38075e-05	AbsError: 2.16685e+11
      Equation: "ElectronContinuityEquation"	RelError: 1.37288e-05	AbsError: 2.16662e+11
      Equation: "HoleContinuityEquation"	RelError: 3.92235e-05	AbsError: 2.29873e+07
      Equation: "PotentialEquation"	RelError: 8.55156e-07	AbsError: 2.39737e-08
    Region: "oxide"	RelError: 1.30327e-08	AbsError: 1.25654e-10
      Equation: "PotentialEquation"	RelError: 1.30327e-08	AbsError: 1.25654e-10
Iteration: 6
  Device: "part1_baseline"	RelError: 2.10269e-12	AbsError: 2.27825e+04
    Region: "bulk"	RelError: 2.10139e-12	AbsError: 2.27825e+04
      Equation: "ElectronContinuityEquation"	RelError: 1.12950e-12	AbsError: 2.27805e+04
      Equation: "HoleContinuityEquation"	RelError: 8.94165e-13	AbsError: 2.06105e+00
      Equation: "PotentialEquation"	RelError: 7.77243e-14	AbsError: 2.51004e-15
    Region: "oxide"	RelError: 1.30295e-15	AbsError: 1.26797e-17
      Equation: "PotentialEquation"	RelError: 1.30295e-15	AbsError: 1.26797e-17
number of equations 6651
Iteration: 0
  Device: "part1_baseline"	RelError: 2.10077e+03	AbsError: 5.85391e+16
    Region: "bulk"	RelError: 2.10010e+03	AbsError: 5.85391e+16
      Equation: "ElectronContinuityEquation"	RelError: 9.99000e+02	AbsError: 5.80510e+16
      Equation: "HoleContinuityEquation"	RelError: 9.99000e+02	AbsError: 4.88111e+14
      Equation: "PotentialEquation"	RelError: 1.02102e+02	AbsError: 4.09542e-02
    Region: "oxide"	RelError: 6.66304e-01	AbsError: 1.93068e-02
      Equation: "PotentialEquation"	RelError: 6.66304e-01	AbsError: 1.93068e-02
Iteration: 1
  Device: "part1_baseline"	RelError: 2.39547e+00	AbsError: 7.99642e+14
    Region: "bulk"	RelError: 2.37853e+00	AbsError: 7.99642e+14
      Equation: "ElectronContinuityEquation"	RelError: 9.96465e-01	AbsError: 7.69754e+14
      Equation: "HoleContinuityEquation"	RelError: 9.97946e-01	AbsError: 2.98884e+13
      Equation: "PotentialEquation"	RelError: 3.84122e-01	AbsError: 3.07632e-02
    Region: "oxide"	RelError: 1.69330e-02	AbsError: 9.37476e-03
      Equation: "PotentialEquation"	RelError: 1.69330e-02	AbsError: 9.37476e-03
Iteration: 2
  Device: "part1_baseline"	RelError: 5.95855e-01	AbsError: 5.35864e+13
    Region: "bulk"	RelError: 5.95841e-01	AbsError: 5.35864e+13
      Equation: "ElectronContinuityEquation"	RelError: 1.94066e-01	AbsError: 5.35586e+13
      Equation: "HoleContinuityEquation"	RelError: 3.87796e-01	AbsError: 2.78191e+10
      Equation: "PotentialEquation"	RelError: 1.39790e-02	AbsError: 2.58647e-02
    Region: "oxide"	RelError: 1.32026e-05	AbsError: 9.32232e-08
      Equation: "PotentialEquation"	RelError: 1.32026e-05	AbsError: 9.32232e-08
Iteration: 3
  Device: "part1_baseline"	RelError: 9.40500e-02	AbsError: 5.26264e+14
    Region: "bulk"	RelError: 9.39920e-02	AbsError: 5.26264e+14
      Equation: "ElectronContinuityEquation"	RelError: 7.32685e-02	AbsError: 5.26179e+14
      Equation: "HoleContinuityEquation"	RelError: 3.01866e-03	AbsError: 8.48741e+10
      Equation: "PotentialEquation"	RelError: 1.77049e-02	AbsError: 9.16542e-03
    Region: "oxide"	RelError: 5.79421e-05	AbsError: 3.94110e-07
      Equation: "PotentialEquation"	RelError: 5.79421e-05	AbsError: 3.94110e-07
Iteration: 4
  Device: "part1_baseline"	RelError: 6.09886e-02	AbsError: 5.73714e+14
    Region: "bulk"	RelError: 6.09179e-02	AbsError: 5.73714e+14
      Equation: "ElectronContinuityEquation"	RelError: 3.50622e-02	AbsError: 5.73610e+14
      Equation: "HoleContinuityEquation"	RelError: 3.42477e-03	AbsError: 1.03692e+11
      Equation: "PotentialEquation"	RelError: 2.24310e-02	AbsError: 6.68381e-05
    Region: "oxide"	RelError: 7.06908e-05	AbsError: 4.83180e-07
      Equation: "PotentialEquation"	RelError: 7.06908e-05	AbsError: 4.83180e-07
Iteration: 5
  Device: "part1_baseline"	RelError: 3.85486e-05	AbsError: 1.69408e+11
    Region: "bulk"	RelError: 3.85344e-05	AbsError: 1.69408e+11
      Equation: "ElectronContinuityEquation"	RelError: 1.19401e-05	AbsError: 1.69391e+11
      Equation: "HoleContinuityEquation"	RelError: 2.42451e-05	AbsError: 1.73151e+07
      Equation: "PotentialEquation"	RelError: 2.34924e-06	AbsError: 1.87790e-08
    Region: "oxide"	RelError: 1.42796e-08	AbsError: 9.97473e-11
      Equation: "PotentialEquation"	RelError: 1.42796e-08	AbsError: 9.97473e-11
Iteration: 6
  Device: "part1_baseline"	RelError: 1.25752e-12	AbsError: 1.40399e+04
    Region: "bulk"	RelError: 1.25641e-12	AbsError: 1.40399e+04
      Equation: "ElectronContinuityEquation"	RelError: 7.73647e-13	AbsError: 1.40387e+04
      Equation: "HoleContinuityEquation"	RelError: 3.88297e-13	AbsError: 1.23767e+00
      Equation: "PotentialEquation"	RelError: 9.44650e-14	AbsError: 1.54974e-15
    Region: "oxide"	RelError: 1.10914e-15	AbsError: 7.94854e-18
      Equation: "PotentialEquation"	RelError: 1.10914e-15	AbsError: 7.94854e-18
number of equations 6651
Iteration: 0
  Device: "part1_baseline"	RelError: 1.04597e+03	AbsError: 5.90743e+16
    Region: "bulk"	RelError: 1.04394e+03	AbsError: 5.90743e+16
      Equation: "ElectronContinuityEquation"	RelError: 1.18440e+01	AbsError: 5.86026e+16
      Equation: "HoleContinuityEquation"	RelError: 9.99000e+02	AbsError: 4.71715e+14
      Equation: "PotentialEquation"	RelError: 3.31007e+01	AbsError: 4.09542e-02
    Region: "oxide"	RelError: 2.02564e+00	AbsError: 1.93075e-02
      Equation: "PotentialEquation"	RelError: 2.02564e+00	AbsError: 1.93075e-02
Iteration: 1
  Device: "part1_baseline"	RelError: 1.85311e+00	AbsError: 8.25351e+14
    Region: "bulk"	RelError: 1.83701e+00	AbsError: 8.25351e+14
      Equation: "ElectronContinuityEquation"	RelError: 7.55620e-01	AbsError: 7.97802e+14
      Equation: "HoleContinuityEquation"	RelError: 9.98110e-01	AbsError: 2.75484e+13
      Equation: "PotentialEquation"	RelError: 8.32756e-02	AbsError: 3.07632e-02
    Region: "oxide"	RelError: 1.61000e-02	AbsError: 9.37536e-03
      Equation: "PotentialEquation"	RelError: 1.61000e-02	AbsError: 9.37536e-03
Iteration: 2
  Device: "part1_baseline"	RelError: 5.25383e-01	AbsError: 4.96247e+13
    Region: "bulk"	RelError: 5.25345e-01	AbsError: 4.96247e+13
      Equation: "ElectronContinuityEquation"	RelError: 1.69785e-01	AbsError: 4.96037e+13
      Equation: "HoleContinuityEquation"	RelError: 3.42267e-01	AbsError: 2.09884e+10
      Equation: "PotentialEquation"	RelError: 1.32929e-02	AbsError: 2.58861e-02
    Region: "oxide"	RelError: 3.82597e-05	AbsError: 8.87439e-08
      Equation: "PotentialEquation"	RelError: 3.82597e-05	AbsError: 8.87439e-08
Iteration: 3
  Device: "part1_baseline"	RelError: 6.81833e-02	AbsError: 4.60266e+14
    Region: "bulk"	RelError: 6.80298e-02	AbsError: 4.60266e+14
      Equation: "ElectronContinuityEquation"	RelError: 6.18255e-02	AbsError: 4.60194e+14
      Equation: "HoleContinuityEquation"	RelError: 1.69012e-03	AbsError: 7.16917e+10
      Equation: "PotentialEquation"	RelError: 4.51425e-03	AbsError: 9.16541e-03
    Region: "oxide"	RelError: 1.53494e-04	AbsError: 3.42021e-07
      Equation: "PotentialEquation"	RelError: 1.53494e-04	AbsError: 3.42021e-07
Iteration: 4
  Device: "part1_baseline"	RelError: 4.27897e-02	AbsError: 5.03066e+14
    Region: "bulk"	RelError: 4.25994e-02	AbsError: 5.03066e+14
      Equation: "ElectronContinuityEquation"	RelError: 3.43645e-02	AbsError: 5.02977e+14
      Equation: "HoleContinuityEquation"	RelError: 2.53696e-03	AbsError: 8.87615e+10
      Equation: "PotentialEquation"	RelError: 5.69794e-03	AbsError: 5.85815e-05
    Region: "oxide"	RelError: 1.90335e-04	AbsError: 4.26735e-07
      Equation: "PotentialEquation"	RelError: 1.90335e-04	AbsError: 4.26735e-07
Iteration: 5
  Device: "part1_baseline"	RelError: 2.89709e-05	AbsError: 1.30651e+11
    Region: "bulk"	RelError: 2.89366e-05	AbsError: 1.30651e+11
      Equation: "ElectronContinuityEquation"	RelError: 9.86600e-06	AbsError: 1.30638e+11
      Equation: "HoleContinuityEquation"	RelError: 1.84733e-05	AbsError: 1.31368e+07
      Equation: "PotentialEquation"	RelError: 5.97314e-07	AbsError: 1.45139e-08
    Region: "oxide"	RelError: 3.42643e-08	AbsError: 7.86679e-11
      Equation: "PotentialEquation"	RelError: 3.42643e-08	AbsError: 7.86679e-11
Iteration: 6
  Device: "part1_baseline"	RelError: 7.83437e-13	AbsError: 8.39163e+03
    Region: "bulk"	RelError: 7.81385e-13	AbsError: 8.39163e+03
      Equation: "ElectronContinuityEquation"	RelError: 4.89498e-13	AbsError: 8.39092e+03
      Equation: "HoleContinuityEquation"	RelError: 2.71838e-13	AbsError: 7.14405e-01
      Equation: "PotentialEquation"	RelError: 2.00485e-14	AbsError: 9.27974e-16
    Region: "oxide"	RelError: 2.05258e-15	AbsError: 4.83675e-18
      Equation: "PotentialEquation"	RelError: 2.05258e-15	AbsError: 4.83675e-18
number of equations 6651
Iteration: 0
  Device: "part1_baseline"	RelError: 1.06549e+03	AbsError: 6.00874e+16
    Region: "bulk"	RelError: 1.06353e+03	AbsError: 6.00874e+16
      Equation: "ElectronContinuityEquation"	RelError: 5.12546e+00	AbsError: 5.96385e+16
      Equation: "HoleContinuityEquation"	RelError: 9.99000e+02	AbsError: 4.48897e+14
      Equation: "PotentialEquation"	RelError: 5.94007e+01	AbsError: 4.09542e-02
    Region: "oxide"	RelError: 1.96280e+00	AbsError: 1.93081e-02
      Equation: "PotentialEquation"	RelError: 1.96280e+00	AbsError: 1.93081e-02
Iteration: 1
  Device: "part1_baseline"	RelError: 1.75762e+00	AbsError: 8.49906e+14
    Region: "bulk"	RelError: 1.74228e+00	AbsError: 8.49906e+14
      Equation: "ElectronContinuityEquation"	RelError: 5.46014e-01	AbsError: 8.24657e+14
      Equation: "HoleContinuityEquation"	RelError: 9.98014e-01	AbsError: 2.52492e+13
      Equation: "PotentialEquation"	RelError: 1.98248e-01	AbsError: 3.07632e-02
    Region: "oxide"	RelError: 1.53448e-02	AbsError: 9.37579e-03
      Equation: "PotentialEquation"	RelError: 1.53448e-02	AbsError: 9.37579e-03
Iteration: 2
  Device: "part1_baseline"	RelError: 4.80060e-01	AbsError: 4.76811e+13
    Region: "bulk"	RelError: 4.80024e-01	AbsError: 4.76811e+13
      Equation: "ElectronContinuityEquation"	RelError: 1.44882e-01	AbsError: 4.76621e+13
      Equation: "HoleContinuityEquation"	RelError: 3.22474e-01	AbsError: 1.89818e+10
      Equation: "PotentialEquation"	RelError: 1.26684e-02	AbsError: 2.58973e-02
    Region: "oxide"	RelError: 3.52476e-05	AbsError: 8.51238e-08
      Equation: "PotentialEquation"	RelError: 3.52476e-05	AbsError: 8.51238e-08
Iteration: 3
  Device: "part1_baseline"	RelError: 6.36402e-02	AbsError: 4.00643e+14
    Region: "bulk"	RelError: 6.35125e-02	AbsError: 4.00643e+14
      Equation: "ElectronContinuityEquation"	RelError: 5.13497e-02	AbsError: 4.00583e+14
      Equation: "HoleContinuityEquation"	RelError: 1.28083e-03	AbsError: 5.99723e+10
      Equation: "PotentialEquation"	RelError: 1.08820e-02	AbsError: 9.16540e-03
    Region: "oxide"	RelError: 1.27681e-04	AbsError: 2.94814e-07
      Equation: "PotentialEquation"	RelError: 1.27681e-04	AbsError: 2.94814e-07
Iteration: 4
  Device: "part1_baseline"	RelError: 4.83107e-02	AbsError: 4.38958e+14
    Region: "bulk"	RelError: 4.81491e-02	AbsError: 4.38958e+14
      Equation: "ElectronContinuityEquation"	RelError: 3.28111e-02	AbsError: 4.38883e+14
      Equation: "HoleContinuityEquation"	RelError: 1.88191e-03	AbsError: 7.54487e+10
      Equation: "PotentialEquation"	RelError: 1.34561e-02	AbsError: 5.11147e-05
    Region: "oxide"	RelError: 1.61575e-04	AbsError: 3.75864e-07
      Equation: "PotentialEquation"	RelError: 1.61575e-04	AbsError: 3.75864e-07
Iteration: 5
  Device: "part1_baseline"	RelError: 3.54648e-05	AbsError: 9.94836e+10
    Region: "bulk"	RelError: 3.54392e-05	AbsError: 9.94836e+10
      Equation: "ElectronContinuityEquation"	RelError: 8.84406e-06	AbsError: 9.94736e+10
      Equation: "HoleContinuityEquation"	RelError: 2.52586e-05	AbsError: 9.97084e+06
      Equation: "PotentialEquation"	RelError: 1.33655e-06	AbsError: 1.10746e-08
    Region: "oxide"	RelError: 2.56555e-08	AbsError: 6.12127e-11
      Equation: "PotentialEquation"	RelError: 2.56555e-08	AbsError: 6.12127e-11
Iteration: 6
  Device: "part1_baseline"	RelError: 6.28631e-13	AbsError: 4.87357e+03
    Region: "bulk"	RelError: 6.27464e-13	AbsError: 4.87357e+03
      Equation: "ElectronContinuityEquation"	RelError: 2.78712e-13	AbsError: 4.87316e+03
      Equation: "HoleContinuityEquation"	RelError: 3.12141e-13	AbsError: 4.09259e-01
      Equation: "PotentialEquation"	RelError: 3.66113e-14	AbsError: 5.39869e-16
    Region: "oxide"	RelError: 1.16647e-15	AbsError: 2.85764e-18
      Equation: "PotentialEquation"	RelError: 1.16647e-15	AbsError: 2.85764e-18
number of equations 6651
Iteration: 0
  Device: "part1_baseline"	RelError: 1.02247e+03	AbsError: 6.11256e+16
    Region: "bulk"	RelError: 1.02180e+03	AbsError: 6.11256e+16
      Equation: "ElectronContinuityEquation"	RelError: 2.99962e+00	AbsError: 6.06932e+16
      Equation: "HoleContinuityEquation"	RelError: 9.99000e+02	AbsError: 4.32417e+14
      Equation: "PotentialEquation"	RelError: 1.98036e+01	AbsError: 4.09542e-02
    Region: "oxide"	RelError: 6.62481e-01	AbsError: 1.93085e-02
      Equation: "PotentialEquation"	RelError: 6.62481e-01	AbsError: 1.93085e-02
Iteration: 1
  Device: "part1_baseline"	RelError: 1.49498e+00	AbsError: 8.73517e+14
    Region: "bulk"	RelError: 1.48032e+00	AbsError: 8.73517e+14
      Equation: "ElectronContinuityEquation"	RelError: 3.88808e-01	AbsError: 8.50270e+14
      Equation: "HoleContinuityEquation"	RelError: 9.97981e-01	AbsError: 2.32467e+13
      Equation: "PotentialEquation"	RelError: 9.35297e-02	AbsError: 3.07632e-02
    Region: "oxide"	RelError: 1.46572e-02	AbsError: 9.37605e-03
      Equation: "PotentialEquation"	RelError: 1.46572e-02	AbsError: 9.37605e-03
Iteration: 2
  Device: "part1_baseline"	RelError: 4.16992e-01	AbsError: 4.55678e+13
    Region: "bulk"	RelError: 4.16981e-01	AbsError: 4.55678e+13
      Equation: "ElectronContinuityEquation"	RelError: 1.19704e-01	AbsError: 4.55511e+13
      Equation: "HoleContinuityEquation"	RelError: 2.85187e-01	AbsError: 1.67071e+10
      Equation: "PotentialEquation"	RelError: 1.20888e-02	AbsError: 2.58679e-02
    Region: "oxide"	RelError: 1.14478e-05	AbsError: 8.21120e-08
      Equation: "PotentialEquation"	RelError: 1.14478e-05	AbsError: 8.21120e-08
Iteration: 3
  Device: "part1_baseline"	RelError: 4.61670e-02	AbsError: 3.47238e+14
    Region: "bulk"	RelError: 4.61304e-02	AbsError: 3.47238e+14
      Equation: "ElectronContinuityEquation"	RelError: 4.12140e-02	AbsError: 3.47189e+14
      Equation: "HoleContinuityEquation"	RelError: 1.03652e-03	AbsError: 4.91013e+10
      Equation: "PotentialEquation"	RelError: 3.87988e-03	AbsError: 9.16539e-03
    Region: "oxide"	RelError: 3.66251e-05	AbsError: 2.49689e-07
      Equation: "PotentialEquation"	RelError: 3.66251e-05	AbsError: 2.49689e-07
Iteration: 4
  Device: "part1_baseline"	RelError: 3.37033e-02	AbsError: 3.81303e+14
    Region: "bulk"	RelError: 3.36557e-02	AbsError: 3.81303e+14
      Equation: "ElectronContinuityEquation"	RelError: 2.99070e-02	AbsError: 3.81240e+14
      Equation: "HoleContinuityEquation"	RelError: 1.47482e-03	AbsError: 6.33537e+10
      Equation: "PotentialEquation"	RelError: 2.27386e-03	AbsError: 4.43979e-05
    Region: "oxide"	RelError: 4.76027e-05	AbsError: 3.27636e-07
      Equation: "PotentialEquation"	RelError: 4.76027e-05	AbsError: 3.27636e-07
Iteration: 5
  Device: "part1_baseline"	RelError: 4.24330e-05	AbsError: 7.48542e+10
    Region: "bulk"	RelError: 4.24264e-05	AbsError: 7.48542e+10
      Equation: "ElectronContinuityEquation"	RelError: 7.89465e-06	AbsError: 7.48470e+10
      Equation: "HoleContinuityEquation"	RelError: 3.42263e-05	AbsError: 7.24535e+06
      Equation: "PotentialEquation"	RelError: 3.05426e-07	AbsError: 8.34776e-09
    Region: "oxide"	RelError: 6.61310e-09	AbsError: 4.67406e-11
      Equation: "PotentialEquation"	RelError: 6.61310e-09	AbsError: 4.67406e-11
Iteration: 6
  Device: "part1_baseline"	RelError: 5.24490e-13	AbsError: 2.75525e+03
    Region: "bulk"	RelError: 5.24264e-13	AbsError: 2.75525e+03
      Equation: "ElectronContinuityEquation"	RelError: 1.74287e-13	AbsError: 2.75503e+03
      Equation: "HoleContinuityEquation"	RelError: 3.39815e-13	AbsError: 2.24284e-01
      Equation: "PotentialEquation"	RelError: 1.01621e-14	AbsError: 3.05689e-16
    Region: "oxide"	RelError: 2.25767e-16	AbsError: 1.63856e-18
      Equation: "PotentialEquation"	RelError: 2.25767e-16	AbsError: 1.63856e-18
number of equations 6651
Iteration: 0
  Device: "part1_baseline"	RelError: 1.06181e+03	AbsError: 6.21796e+16
    Region: "bulk"	RelError: 1.06103e+03	AbsError: 6.21796e+16
      Equation: "ElectronContinuityEquation"	RelError: 1.90385e+00	AbsError: 6.17635e+16
      Equation: "HoleContinuityEquation"	RelError: 9.99000e+02	AbsError: 4.16059e+14
      Equation: "PotentialEquation"	RelError: 6.01255e+01	AbsError: 4.09542e-02
    Region: "oxide"	RelError: 7.84902e-01	AbsError: 1.93087e-02
      Equation: "PotentialEquation"	RelError: 7.84902e-01	AbsError: 1.93087e-02
Iteration: 1
  Device: "part1_baseline"	RelError: 1.55306e+00	AbsError: 8.95758e+14
    Region: "bulk"	RelError: 1.53904e+00	AbsError: 8.95758e+14
      Equation: "ElectronContinuityEquation"	RelError: 2.73330e-01	AbsError: 8.74486e+14
      Equation: "HoleContinuityEquation"	RelError: 9.97952e-01	AbsError: 2.12719e+13
      Equation: "PotentialEquation"	RelError: 2.67754e-01	AbsError: 3.07632e-02
    Region: "oxide"	RelError: 1.40283e-02	AbsError: 9.37616e-03
      Equation: "PotentialEquation"	RelError: 1.40283e-02	AbsError: 9.37616e-03
Iteration: 2
  Device: "part1_baseline"	RelError: 3.69572e-01	AbsError: 4.33216e+13
    Region: "bulk"	RelError: 3.69561e-01	AbsError: 4.33216e+13
      Equation: "ElectronContinuityEquation"	RelError: 9.45943e-02	AbsError: 4.33067e+13
      Equation: "HoleContinuityEquation"	RelError: 2.63392e-01	AbsError: 1.48939e+10
      Equation: "PotentialEquation"	RelError: 1.15752e-02	AbsError: 2.58983e-02
    Region: "oxide"	RelError: 1.11353e-05	AbsError: 7.95922e-08
      Equation: "PotentialEquation"	RelError: 1.11353e-05	AbsError: 7.95922e-08
Iteration: 3
  Device: "part1_baseline"	RelError: 3.79683e-02	AbsError: 2.99738e+14
    Region: "bulk"	RelError: 3.79371e-02	AbsError: 2.99738e+14
      Equation: "ElectronContinuityEquation"	RelError: 3.13857e-02	AbsError: 2.99697e+14
      Equation: "HoleContinuityEquation"	RelError: 1.36344e-03	AbsError: 4.16172e+10
      Equation: "PotentialEquation"	RelError: 5.18800e-03	AbsError: 9.16539e-03
    Region: "oxide"	RelError: 3.12515e-05	AbsError: 2.14352e-07
      Equation: "PotentialEquation"	RelError: 3.12515e-05	AbsError: 2.14352e-07
Iteration: 4
  Device: "part1_baseline"	RelError: 3.47057e-02	AbsError: 3.29836e+14
    Region: "bulk"	RelError: 3.46638e-02	AbsError: 3.29836e+14
      Equation: "ElectronContinuityEquation"	RelError: 2.60697e-02	AbsError: 3.29781e+14
      Equation: "HoleContinuityEquation"	RelError: 1.77669e-03	AbsError: 5.46088e+10
      Equation: "PotentialEquation"	RelError: 6.81743e-03	AbsError: 3.84487e-05
    Region: "oxide"	RelError: 4.19033e-05	AbsError: 2.89672e-07
      Equation: "PotentialEquation"	RelError: 4.19033e-05	AbsError: 2.89672e-07
Iteration: 5
  Device: "part1_baseline"	RelError: 5.35162e-05	AbsError: 5.57585e+10
    Region: "bulk"	RelError: 5.35111e-05	AbsError: 5.57585e+10
      Equation: "ElectronContinuityEquation"	RelError: 6.94137e-06	AbsError: 5.57530e+10
      Equation: "HoleContinuityEquation"	RelError: 4.57747e-05	AbsError: 5.45875e+06
      Equation: "PotentialEquation"	RelError: 7.94974e-07	AbsError: 6.23229e-09
    Region: "oxide"	RelError: 5.09946e-09	AbsError: 3.57864e-11
      Equation: "PotentialEquation"	RelError: 5.09946e-09	AbsError: 3.57864e-11
Iteration: 6
  Device: "part1_baseline"	RelError: 4.68140e-13	AbsError: 1.52339e+03
    Region: "bulk"	RelError: 4.68010e-13	AbsError: 1.52339e+03
      Equation: "ElectronContinuityEquation"	RelError: 1.14064e-13	AbsError: 1.52327e+03
      Equation: "HoleContinuityEquation"	RelError: 3.34450e-13	AbsError: 1.23064e-01
      Equation: "PotentialEquation"	RelError: 1.94967e-14	AbsError: 1.69311e-16
    Region: "oxide"	RelError: 1.29257e-16	AbsError: 9.23893e-19
      Equation: "PotentialEquation"	RelError: 1.29257e-16	AbsError: 9.23893e-19
number of equations 6651
Iteration: 0
  Device: "part1_baseline"	RelError: 3.19620e-22	AbsError: 1.78216e-12
    Region: "bulk"	RelError: 3.19620e-22	AbsError: 1.78216e-12
      Equation: "ElectronContinuityEquation"	RelError: 3.19620e-22	AbsError: 1.78198e-12
      Equation: "HoleContinuityEquation"	RelError: 2.97650e-28	AbsError: 1.86584e-16
      Equation: "PotentialEquation"	RelError: 1.16370e-28	AbsError: 1.51910e-31
    Region: "oxide"	RelError: 4.34514e-31	AbsError: 6.67773e-33
      Equation: "PotentialEquation"	RelError: 4.34514e-31	AbsError: 6.67773e-33
Vth          0.48202572128599974    V        PASS
Ion          604.3114180882202      uA/um    PASS
Ioff         0.12863945159867068    pA/um    PASS
SS           67.70107187027735      mV/dec   PASS
Ioff_398K    169.23590251999565     pA/um    FAIL
DIBL         26.25458516188917      mV/V     PASS
Body_effect  0.019347090287320512   V        PASS
Eox          4.0                    MV/cm    PASS
