Creating Region air
Creating Region bulk
Creating Region gate_metal
Creating Region oxide
Contact: source region bulk ni: 0 ci: 51 (0, 0, 0)
Contact: body region bulk ni: 70 ci: 86 (0, 5e-05, 0)
Contact: source region bulk ni: 2 ci: 95 (2.5e-06, 0, 0)
Contact: body region bulk ni: 71 ci: 130 (2.5e-06, 5e-05, 0)
Contact: source region bulk ni: 72 ci: 139 (5e-06, 0, 0)
Contact: body region bulk ni: 107 ci: 174 (5e-06, 5e-05, 0)
Contact: source region bulk ni: 108 ci: 183 (7.5e-06, 0, 0)
Contact: body region bulk ni: 143 ci: 218 (7.5e-06, 5e-05, 0)
Contact: source region bulk ni: 144 ci: 227 (1e-05, 0, 0)
Contact: body region bulk ni: 179 ci: 262 (1e-05, 5e-05, 0)
Contact: source region bulk ni: 180 ci: 271 (1.25e-05, 0, 0)
Contact: body region bulk ni: 215 ci: 306 (1.25e-05, 5e-05, 0)
Contact: source region bulk ni: 216 ci: 315 (1.5e-05, 0, 0)
Contact: body region bulk ni: 251 ci: 350 (1.5e-05, 5e-05, 0)
Contact: source region bulk ni: 252 ci: 359 (1.75e-05, 0, 0)
Contact: body region bulk ni: 287 ci: 394 (1.75e-05, 5e-05, 0)
Contact: source region bulk ni: 288 ci: 403 (2e-05, 0, 0)
Contact: body region bulk ni: 323 ci: 438 (2e-05, 5e-05, 0)
Contact: source region bulk ni: 324 ci: 447 (2.25e-05, 0, 0)
Contact: body region bulk ni: 359 ci: 482 (2.25e-05, 5e-05, 0)
Contact: source region bulk ni: 360 ci: 491 (2.5e-05, 0, 0)
Contact: body region bulk ni: 395 ci: 526 (2.5e-05, 5e-05, 0)
Contact: source region bulk ni: 396 ci: 535 (2.75e-05, 0, 0)
Contact: body region bulk ni: 431 ci: 570 (2.75e-05, 5e-05, 0)
Contact: source region bulk ni: 432 ci: 579 (3e-05, 0, 0)
Contact: body region bulk ni: 467 ci: 614 (3e-05, 5e-05, 0)
Contact: source region bulk ni: 468 ci: 623 (3.25e-05, 0, 0)
Contact: body region bulk ni: 503 ci: 658 (3.25e-05, 5e-05, 0)
Contact: source region bulk ni: 504 ci: 667 (3.5e-05, 0, 0)
Contact: body region bulk ni: 539 ci: 702 (3.5e-05, 5e-05, 0)
Contact: source region bulk ni: 540 ci: 711 (3.75e-05, 0, 0)
Contact: body region bulk ni: 575 ci: 746 (3.75e-05, 5e-05, 0)
Contact: source region bulk ni: 576 ci: 755 (4e-05, 0, 0)
Contact: body region bulk ni: 611 ci: 790 (4e-05, 5e-05, 0)
Contact: source region bulk ni: 612 ci: 799 (4.25e-05, 0, 0)
Contact: body region bulk ni: 647 ci: 834 (4.25e-05, 5e-05, 0)
Contact: source region bulk ni: 648 ci: 843 (4.5e-05, 0, 0)
Contact: body region bulk ni: 683 ci: 878 (4.5e-05, 5e-05, 0)
Contact: source region bulk ni: 684 ci: 887 (4.75e-05, 0, 0)
Contact: body region bulk ni: 719 ci: 922 (4.75e-05, 5e-05, 0)
Contact: gate region oxide ni: 0 ci: 929 (5e-05, -4.5e-07, 0)
Contact: source region bulk ni: 720 ci: 931 (5e-05, 0, 0)
Contact: body region bulk ni: 755 ci: 966 (5e-05, 5e-05, 0)
Contact: gate region oxide ni: 2 ci: 973 (5.25e-05, -4.5e-07, 0)
Contact: body region bulk ni: 791 ci: 1010 (5.25e-05, 5e-05, 0)
Contact: gate region oxide ni: 6 ci: 1017 (5.5e-05, -4.5e-07, 0)
Contact: body region bulk ni: 827 ci: 1054 (5.5e-05, 5e-05, 0)
Contact: gate region oxide ni: 9 ci: 1061 (5.75e-05, -4.5e-07, 0)
Contact: body region bulk ni: 863 ci: 1098 (5.75e-05, 5e-05, 0)
Contact: gate region oxide ni: 12 ci: 1105 (6e-05, -4.5e-07, 0)
Contact: body region bulk ni: 899 ci: 1142 (6e-05, 5e-05, 0)
Contact: gate region oxide ni: 15 ci: 1149 (6.25e-05, -4.5e-07, 0)
Contact: body region bulk ni: 935 ci: 1186 (6.25e-05, 5e-05, 0)
Contact: gate region oxide ni: 18 ci: 1193 (6.5e-05, -4.5e-07, 0)
Contact: body region bulk ni: 971 ci: 1230 (6.5e-05, 5e-05, 0)
Contact: gate region oxide ni: 21 ci: 1237 (6.75e-05, -4.5e-07, 0)
Contact: body region bulk ni: 1007 ci: 1274 (6.75e-05, 5e-05, 0)
Contact: gate region oxide ni: 24 ci: 1281 (7e-05, -4.5e-07, 0)
Contact: body region bulk ni: 1043 ci: 1318 (7e-05, 5e-05, 0)
Contact: gate region oxide ni: 27 ci: 1325 (7.25e-05, -4.5e-07, 0)
Contact: body region bulk ni: 1079 ci: 1362 (7.25e-05, 5e-05, 0)
Contact: gate region oxide ni: 30 ci: 1369 (7.5e-05, -4.5e-07, 0)
Contact: body region bulk ni: 1115 ci: 1406 (7.5e-05, 5e-05, 0)
Contact: gate region oxide ni: 33 ci: 1413 (7.75e-05, -4.5e-07, 0)
Contact: body region bulk ni: 1151 ci: 1450 (7.75e-05, 5e-05, 0)
Contact: gate region oxide ni: 36 ci: 1457 (8e-05, -4.5e-07, 0)
Contact: body region bulk ni: 1187 ci: 1494 (8e-05, 5e-05, 0)
Contact: gate region oxide ni: 39 ci: 1501 (8.25e-05, -4.5e-07, 0)
Contact: body region bulk ni: 1223 ci: 1538 (8.25e-05, 5e-05, 0)
Contact: gate region oxide ni: 42 ci: 1545 (8.5e-05, -4.5e-07, 0)
Contact: body region bulk ni: 1259 ci: 1582 (8.5e-05, 5e-05, 0)
Contact: gate region oxide ni: 45 ci: 1589 (8.75e-05, -4.5e-07, 0)
Contact: body region bulk ni: 1295 ci: 1626 (8.75e-05, 5e-05, 0)
Contact: gate region oxide ni: 48 ci: 1633 (9e-05, -4.5e-07, 0)
Contact: body region bulk ni: 1331 ci: 1670 (9e-05, 5e-05, 0)
Contact: gate region oxide ni: 51 ci: 1677 (9.25e-05, -4.5e-07, 0)
Contact: body region bulk ni: 1367 ci: 1714 (9.25e-05, 5e-05, 0)
Contact: gate region oxide ni: 54 ci: 1721 (9.5e-05, -4.5e-07, 0)
Contact: body region bulk ni: 1403 ci: 1758 (9.5e-05, 5e-05, 0)
Contact: gate region oxide ni: 57 ci: 1765 (9.75e-05, -4.5e-07, 0)
Contact: body region bulk ni: 1439 ci: 1802 (9.75e-05, 5e-05, 0)
Contact: gate region oxide ni: 60 ci: 1809 (0.0001, -4.5e-07, 0)
Contact: body region bulk ni: 1475 ci: 1846 (0.0001, 5e-05, 0)
Contact: gate region oxide ni: 63 ci: 1853 (0.0001025, -4.5e-07, 0)
Contact: body region bulk ni: 1511 ci: 1890 (0.0001025, 5e-05, 0)
Contact: gate region oxide ni: 66 ci: 1897 (0.000105, -4.5e-07, 0)
Contact: body region bulk ni: 1547 ci: 1934 (0.000105, 5e-05, 0)
Contact: gate region oxide ni: 69 ci: 1941 (0.0001075, -4.5e-07, 0)
Contact: body region bulk ni: 1583 ci: 1978 (0.0001075, 5e-05, 0)
Contact: gate region oxide ni: 72 ci: 1985 (0.00011, -4.5e-07, 0)
Contact: drain region bulk ni: 1584 ci: 1987 (0.00011, 0, 0)
Contact: body region bulk ni: 1619 ci: 2022 (0.00011, 5e-05, 0)
Contact: drain region bulk ni: 1620 ci: 2031 (0.0001125, 0, 0)
Contact: body region bulk ni: 1655 ci: 2066 (0.0001125, 5e-05, 0)
Contact: drain region bulk ni: 1656 ci: 2075 (0.000115, 0, 0)
Contact: body region bulk ni: 1691 ci: 2110 (0.000115, 5e-05, 0)
Contact: drain region bulk ni: 1692 ci: 2119 (0.0001175, 0, 0)
Contact: body region bulk ni: 1727 ci: 2154 (0.0001175, 5e-05, 0)
Contact: drain region bulk ni: 1728 ci: 2163 (0.00012, 0, 0)
Contact: body region bulk ni: 1763 ci: 2198 (0.00012, 5e-05, 0)
Contact: drain region bulk ni: 1764 ci: 2207 (0.0001225, 0, 0)
Contact: body region bulk ni: 1799 ci: 2242 (0.0001225, 5e-05, 0)
Contact: drain region bulk ni: 1800 ci: 2251 (0.000125, 0, 0)
Contact: body region bulk ni: 1835 ci: 2286 (0.000125, 5e-05, 0)
Contact: drain region bulk ni: 1836 ci: 2295 (0.0001275, 0, 0)
Contact: body region bulk ni: 1871 ci: 2330 (0.0001275, 5e-05, 0)
Contact: drain region bulk ni: 1872 ci: 2339 (0.00013, 0, 0)
Contact: body region bulk ni: 1907 ci: 2374 (0.00013, 5e-05, 0)
Contact: drain region bulk ni: 1908 ci: 2383 (0.0001325, 0, 0)
Contact: body region bulk ni: 1943 ci: 2418 (0.0001325, 5e-05, 0)
Contact: drain region bulk ni: 1944 ci: 2427 (0.000135, 0, 0)
Contact: body region bulk ni: 1979 ci: 2462 (0.000135, 5e-05, 0)
Contact: drain region bulk ni: 1980 ci: 2471 (0.0001375, 0, 0)
Contact: body region bulk ni: 2015 ci: 2506 (0.0001375, 5e-05, 0)
Contact: drain region bulk ni: 2016 ci: 2515 (0.00014, 0, 0)
Contact: body region bulk ni: 2051 ci: 2550 (0.00014, 5e-05, 0)
Contact: drain region bulk ni: 2052 ci: 2559 (0.0001425, 0, 0)
Contact: body region bulk ni: 2087 ci: 2594 (0.0001425, 5e-05, 0)
Contact: drain region bulk ni: 2088 ci: 2603 (0.000145, 0, 0)
Contact: body region bulk ni: 2123 ci: 2638 (0.000145, 5e-05, 0)
Contact: drain region bulk ni: 2124 ci: 2647 (0.0001475, 0, 0)
Contact: body region bulk ni: 2159 ci: 2682 (0.0001475, 5e-05, 0)
Contact: drain region bulk ni: 2160 ci: 2691 (0.00015, 0, 0)
Contact: body region bulk ni: 2195 ci: 2726 (0.00015, 5e-05, 0)
Contact: drain region bulk ni: 2196 ci: 2735 (0.0001525, 0, 0)
Contact: body region bulk ni: 2231 ci: 2770 (0.0001525, 5e-05, 0)
Contact: drain region bulk ni: 2232 ci: 2779 (0.000155, 0, 0)
Contact: body region bulk ni: 2267 ci: 2814 (0.000155, 5e-05, 0)
Contact: drain region bulk ni: 2268 ci: 2823 (0.0001575, 0, 0)
Contact: body region bulk ni: 2303 ci: 2858 (0.0001575, 5e-05, 0)
Contact: drain region bulk ni: 2304 ci: 2867 (0.00016, 0, 0)
Contact: body region bulk ni: 2339 ci: 2902 (0.00016, 5e-05, 0)
Adding 668 nodes
Adding 1576 edges with 1148 duplicates removed
Adding 908 triangles  with 0 duplicate removed
Adding 2340 nodes
Adding 6819 edges with 6621 duplicates removed
Adding 4480 triangles  with 0 duplicate removed
Adding 125 nodes
Adding 316 edges with 260 duplicates removed
Adding 192 triangles  with 0 duplicate removed
Adding 75 nodes
Adding 170 edges with 118 duplicates removed
Adding 96 triangles  with 0 duplicate removed
Contact body in region bulk with 65 nodes
Contact drain in region bulk with 21 nodes
Contact gate in region oxide with 25 nodes
Contact source in region bulk with 21 nodes
Interface bulk_oxide bulk oxide has 23 node pairs
Adding interface bulk_oxide with 23, 23 nodes
Replacing Node Model gatenodemodel in region oxide of material Oxide
Adding 668 nodes
Adding 1576 edges with 0 duplicates removed
Adding 908 triangles  with 0 duplicate removed
Adding 2340 nodes
Adding 6819 edges with 0 duplicates removed
Adding 4480 triangles  with 0 duplicate removed
Adding 125 nodes
Adding 316 edges with 0 duplicates removed
Adding 192 triangles  with 0 duplicate removed
Adding 75 nodes
Adding 170 edges with 0 duplicates removed
Adding 96 triangles  with 0 duplicate removed
Contact body in region bulk with 65 nodes
Contact drain in region bulk with 21 nodes
Contact gate in region oxide with 25 nodes
Contact source in region bulk with 21 nodes
Adding interface bulk_oxide with 23, 23 nodes
Replacing Node Model DrainDoping in region bulk of material Silicon
Replacing Node Model NetDoping in region bulk of material Silicon
Replacing Node Model SourceDoping in region bulk of material Silicon
Replacing Node Model gatenodemodel in region oxide of material Oxide
number of equations 2415
Iteration: 0
  Device: "part1_baseline"	RelError: 2.00000e+00	AbsError: 2.02932e-01
    Region: "bulk"	RelError: 1.00000e+00	AbsError: 2.02932e-01
      Equation: "PotentialEquation"	RelError: 1.00000e+00	AbsError: 2.02932e-01
    Region: "oxide"	RelError: 1.00000e+00	AbsError: 1.30203e-01
      Equation: "PotentialEquation"	RelError: 1.00000e+00	AbsError: 1.30203e-01
Iteration: 1
  Device: "part1_baseline"	RelError: 9.97423e-01	AbsError: 2.02486e-01
    Region: "bulk"	RelError: 4.99590e-01	AbsError: 2.02486e-01
      Equation: "PotentialEquation"	RelError: 4.99590e-01	AbsError: 2.02486e-01
    Region: "oxide"	RelError: 4.97833e-01	AbsError: 1.29080e-01
      Equation: "PotentialEquation"	RelError: 4.97833e-01	AbsError: 1.29080e-01
Iteration: 2
  Device: "part1_baseline"	RelError: 1.03038e+01	AbsError: 1.49517e-01
    Region: "bulk"	RelError: 6.19488e-01	AbsError: 1.49517e-01
      Equation: "PotentialEquation"	RelError: 6.19488e-01	AbsError: 1.49517e-01
    Region: "oxide"	RelError: 9.68436e+00	AbsError: 8.36719e-02
      Equation: "PotentialEquation"	RelError: 9.68436e+00	AbsError: 8.36719e-02
Iteration: 3
  Device: "part1_baseline"	RelError: 4.08931e+00	AbsError: 8.17909e-02
    Region: "bulk"	RelError: 1.61540e+00	AbsError: 8.17909e-02
      Equation: "PotentialEquation"	RelError: 1.61540e+00	AbsError: 8.17909e-02
    Region: "oxide"	RelError: 2.47391e+00	AbsError: 5.74953e-02
      Equation: "PotentialEquation"	RelError: 2.47391e+00	AbsError: 5.74953e-02
Iteration: 4
  Device: "part1_baseline"	RelError: 1.31005e+02	AbsError: 8.16588e-02
    Region: "bulk"	RelError: 6.58955e+01	AbsError: 8.16588e-02
      Equation: "PotentialEquation"	RelError: 6.58955e+01	AbsError: 8.16588e-02
    Region: "oxide"	RelError: 6.51090e+01	AbsError: 5.46723e-02
      Equation: "PotentialEquation"	RelError: 6.51090e+01	AbsError: 5.46723e-02
Iteration: 5
  Device: "part1_baseline"	RelError: 8.23413e+02	AbsError: 8.02909e-02
    Region: "bulk"	RelError: 7.45296e+02	AbsError: 8.02909e-02
      Equation: "PotentialEquation"	RelError: 7.45296e+02	AbsError: 8.02909e-02
    Region: "oxide"	RelError: 7.81177e+01	AbsError: 5.00083e-02
      Equation: "PotentialEquation"	RelError: 7.81177e+01	AbsError: 5.00083e-02
Iteration: 6
  Device: "part1_baseline"	RelError: 5.86027e+02	AbsError: 7.84339e-02
    Region: "bulk"	RelError: 5.81686e+02	AbsError: 7.84339e-02
      Equation: "PotentialEquation"	RelError: 5.81686e+02	AbsError: 7.84339e-02
    Region: "oxide"	RelError: 4.34092e+00	AbsError: 4.39111e-02
      Equation: "PotentialEquation"	RelError: 4.34092e+00	AbsError: 4.39111e-02
Iteration: 7
  Device: "part1_baseline"	RelError: 2.02573e+02	AbsError: 7.57349e-02
    Region: "bulk"	RelError: 2.00793e+02	AbsError: 7.57349e-02
      Equation: "PotentialEquation"	RelError: 2.00793e+02	AbsError: 7.57349e-02
    Region: "oxide"	RelError: 1.78015e+00	AbsError: 3.60512e-02
      Equation: "PotentialEquation"	RelError: 1.78015e+00	AbsError: 3.60512e-02
Iteration: 8
  Device: "part1_baseline"	RelError: 3.49958e+03	AbsError: 7.17588e-02
    Region: "bulk"	RelError: 2.97585e+03	AbsError: 7.17588e-02
      Equation: "PotentialEquation"	RelError: 2.97585e+03	AbsError: 7.17588e-02
    Region: "oxide"	RelError: 5.23733e+02	AbsError: 2.60636e-02
      Equation: "PotentialEquation"	RelError: 5.23733e+02	AbsError: 2.60636e-02
Iteration: 9
  Device: "part1_baseline"	RelError: 6.73294e+01	AbsError: 6.40294e-02
    Region: "bulk"	RelError: 6.63264e+01	AbsError: 6.40294e-02
      Equation: "PotentialEquation"	RelError: 6.63264e+01	AbsError: 6.40294e-02
    Region: "oxide"	RelError: 1.00302e+00	AbsError: 1.91435e-02
      Equation: "PotentialEquation"	RelError: 1.00302e+00	AbsError: 1.91435e-02
Iteration: 10
  Device: "part1_baseline"	RelError: 1.33165e+01	AbsError: 5.22371e-02
    Region: "bulk"	RelError: 1.30806e+01	AbsError: 5.22371e-02
      Equation: "PotentialEquation"	RelError: 1.30806e+01	AbsError: 5.22371e-02
    Region: "oxide"	RelError: 2.35941e-01	AbsError: 4.45571e-03
      Equation: "PotentialEquation"	RelError: 2.35941e-01	AbsError: 4.45571e-03
Iteration: 11
  Device: "part1_baseline"	RelError: 6.44240e+00	AbsError: 3.98588e-02
    Region: "bulk"	RelError: 6.26810e+00	AbsError: 3.98588e-02
      Equation: "PotentialEquation"	RelError: 6.26810e+00	AbsError: 3.98588e-02
    Region: "oxide"	RelError: 1.74299e-01	AbsError: 2.39447e-03
      Equation: "PotentialEquation"	RelError: 1.74299e-01	AbsError: 2.39447e-03
Iteration: 12
  Device: "part1_baseline"	RelError: 4.21959e+00	AbsError: 2.57250e-02
    Region: "bulk"	RelError: 4.18971e+00	AbsError: 2.57250e-02
      Equation: "PotentialEquation"	RelError: 4.18971e+00	AbsError: 2.57250e-02
    Region: "oxide"	RelError: 2.98753e-02	AbsError: 2.66244e-04
      Equation: "PotentialEquation"	RelError: 2.98753e-02	AbsError: 2.66244e-04
Iteration: 13
  Device: "part1_baseline"	RelError: 7.23942e-01	AbsError: 8.92905e-03
    Region: "bulk"	RelError: 7.21156e-01	AbsError: 8.92905e-03
      Equation: "PotentialEquation"	RelError: 7.21156e-01	AbsError: 8.92905e-03
    Region: "oxide"	RelError: 2.78605e-03	AbsError: 2.14736e-05
      Equation: "PotentialEquation"	RelError: 2.78605e-03	AbsError: 2.14736e-05
Iteration: 14
  Device: "part1_baseline"	RelError: 2.63514e-02	AbsError: 3.50312e-04
    Region: "bulk"	RelError: 2.63000e-02	AbsError: 3.50312e-04
      Equation: "PotentialEquation"	RelError: 2.63000e-02	AbsError: 3.50312e-04
    Region: "oxide"	RelError: 5.14674e-05	AbsError: 3.33976e-07
      Equation: "PotentialEquation"	RelError: 5.14674e-05	AbsError: 3.33976e-07
Iteration: 15
  Device: "part1_baseline"	RelError: 4.22433e-05	AbsError: 9.37807e-07
    Region: "bulk"	RelError: 4.21796e-05	AbsError: 9.37807e-07
      Equation: "PotentialEquation"	RelError: 4.21796e-05	AbsError: 9.37807e-07
    Region: "oxide"	RelError: 6.36237e-08	AbsError: 3.92539e-10
      Equation: "PotentialEquation"	RelError: 6.36237e-08	AbsError: 3.92539e-10
Iteration: 16
  Device: "part1_baseline"	RelError: 2.03957e-10	AbsError: 7.01127e-12
    Region: "bulk"	RelError: 2.03676e-10	AbsError: 7.01127e-12
      Equation: "PotentialEquation"	RelError: 2.03676e-10	AbsError: 7.01127e-12
    Region: "oxide"	RelError: 2.81106e-13	AbsError: 1.71885e-15
      Equation: "PotentialEquation"	RelError: 2.81106e-13	AbsError: 1.71885e-15
Iteration: 17
  Device: "part1_baseline"	RelError: 8.28275e-21	AbsError: 4.13243e-22
    Region: "bulk"	RelError: 8.27174e-21	AbsError: 4.13243e-22
      Equation: "PotentialEquation"	RelError: 8.27174e-21	AbsError: 4.13243e-22
    Region: "oxide"	RelError: 1.10061e-23	AbsError: 6.71042e-26
      Equation: "PotentialEquation"	RelError: 1.10061e-23	AbsError: 6.71042e-26
Warning: Replacing equation with equation of the same name.
Region: bulk, Equation: PotentialEquation, Variable: Potential
number of equations 7095
Iteration: 0
  Device: "part1_baseline"	RelError: 6.19079e-29	AbsError: 1.43900e-13
    Region: "bulk"	RelError: 6.19004e-29	AbsError: 1.43900e-13
      Equation: "ElectronContinuityEquation"	RelError: 3.28715e-29	AbsError: 1.43885e-13
      Equation: "HoleContinuityEquation"	RelError: 2.90011e-29	AbsError: 1.52054e-17
      Equation: "PotentialEquation"	RelError: 2.78145e-32	AbsError: 2.96760e-34
    Region: "oxide"	RelError: 7.54701e-33	AbsError: 8.59810e-35
      Equation: "PotentialEquation"	RelError: 7.54701e-33	AbsError: 8.59810e-35
number of equations 7095
Iteration: 0
  Device: "part1_baseline"	RelError: 2.08296e+03	AbsError: 3.85646e+16
    Region: "bulk"	RelError: 2.08023e+03	AbsError: 3.85646e+16
      Equation: "ElectronContinuityEquation"	RelError: 9.99000e+02	AbsError: 3.78341e+16
      Equation: "HoleContinuityEquation"	RelError: 9.99000e+02	AbsError: 7.30466e+14
      Equation: "PotentialEquation"	RelError: 8.22254e+01	AbsError: 2.78470e-02
    Region: "oxide"	RelError: 2.73295e+00	AbsError: 1.34839e-02
      Equation: "PotentialEquation"	RelError: 2.73295e+00	AbsError: 1.34839e-02
Iteration: 1
  Device: "part1_baseline"	RelError: 2.41091e+01	AbsError: 3.83071e+14
    Region: "bulk"	RelError: 2.41051e+01	AbsError: 3.83071e+14
      Equation: "ElectronContinuityEquation"	RelError: 9.98251e-01	AbsError: 3.22941e+14
      Equation: "HoleContinuityEquation"	RelError: 9.98450e-01	AbsError: 6.01302e+13
      Equation: "PotentialEquation"	RelError: 2.21084e+01	AbsError: 2.21530e-02
    Region: "oxide"	RelError: 3.96184e-03	AbsError: 1.48770e-05
      Equation: "PotentialEquation"	RelError: 3.96184e-03	AbsError: 1.48770e-05
Iteration: 2
  Device: "part1_baseline"	RelError: 1.63230e+00	AbsError: 7.27073e+13
    Region: "bulk"	RelError: 1.63083e+00	AbsError: 7.27073e+13
      Equation: "ElectronContinuityEquation"	RelError: 4.42260e-01	AbsError: 7.25393e+13
      Equation: "HoleContinuityEquation"	RelError: 1.18476e+00	AbsError: 1.67963e+11
      Equation: "PotentialEquation"	RelError: 3.81298e-03	AbsError: 3.36780e-05
    Region: "oxide"	RelError: 1.46392e-03	AbsError: 4.25447e-06
      Equation: "PotentialEquation"	RelError: 1.46392e-03	AbsError: 4.25447e-06
Iteration: 3
  Device: "part1_baseline"	RelError: 5.86128e-04	AbsError: 1.43099e+10
    Region: "bulk"	RelError: 5.85967e-04	AbsError: 1.43099e+10
      Equation: "ElectronContinuityEquation"	RelError: 7.40838e-05	AbsError: 1.42966e+10
      Equation: "HoleContinuityEquation"	RelError: 5.11496e-04	AbsError: 1.33099e+07
      Equation: "PotentialEquation"	RelError: 3.87216e-07	AbsError: 5.11812e-09
    Region: "oxide"	RelError: 1.61464e-07	AbsError: 4.21906e-10
      Equation: "PotentialEquation"	RelError: 1.61464e-07	AbsError: 4.21906e-10
Iteration: 4
  Device: "part1_baseline"	RelError: 1.13100e-11	AbsError: 4.59701e+02
    Region: "bulk"	RelError: 1.13069e-11	AbsError: 4.59701e+02
      Equation: "ElectronContinuityEquation"	RelError: 9.66354e-13	AbsError: 4.59444e+02
      Equation: "HoleContinuityEquation"	RelError: 1.03331e-11	AbsError: 2.57574e-01
      Equation: "PotentialEquation"	RelError: 7.43355e-15	AbsError: 1.19755e-16
    Region: "oxide"	RelError: 3.13264e-15	AbsError: 8.18553e-18
      Equation: "PotentialEquation"	RelError: 3.13264e-15	AbsError: 8.18553e-18
number of equations 7095
Iteration: 0
  Device: "part1_baseline"	RelError: 1.82903e-26	AbsError: 4.23518e-13
    Region: "bulk"	RelError: 1.82775e-26	AbsError: 4.23518e-13
      Equation: "ElectronContinuityEquation"	RelError: 4.75437e-27	AbsError: 4.22886e-13
      Equation: "HoleContinuityEquation"	RelError: 1.35090e-26	AbsError: 6.32308e-16
      Equation: "PotentialEquation"	RelError: 1.40538e-29	AbsError: 1.26104e-31
    Region: "oxide"	RelError: 1.28909e-29	AbsError: 3.21756e-32
      Equation: "PotentialEquation"	RelError: 1.28909e-29	AbsError: 3.21756e-32
number of equations 7095
Iteration: 0
  Device: "part1_baseline"	RelError: 8.34830e+01	AbsError: 1.15365e+16
    Region: "bulk"	RelError: 7.16557e+01	AbsError: 1.15365e+16
      Equation: "ElectronContinuityEquation"	RelError: 4.23964e-01	AbsError: 1.11017e+16
      Equation: "HoleContinuityEquation"	RelError: 2.68281e+00	AbsError: 4.34826e+14
      Equation: "PotentialEquation"	RelError: 6.85490e+01	AbsError: 1.88580e-02
    Region: "oxide"	RelError: 1.18273e+01	AbsError: 2.00000e-02
      Equation: "PotentialEquation"	RelError: 1.18273e+01	AbsError: 2.00000e-02
Iteration: 1
  Device: "part1_baseline"	RelError: 6.53982e-01	AbsError: 6.58250e+13
    Region: "bulk"	RelError: 6.53350e-01	AbsError: 6.58250e+13
      Equation: "ElectronContinuityEquation"	RelError: 1.68637e-01	AbsError: 4.07082e+13
      Equation: "HoleContinuityEquation"	RelError: 4.36639e-01	AbsError: 2.51168e+13
      Equation: "PotentialEquation"	RelError: 4.80743e-02	AbsError: 1.44074e-04
    Region: "oxide"	RelError: 6.31962e-04	AbsError: 1.19985e-05
      Equation: "PotentialEquation"	RelError: 6.31962e-04	AbsError: 1.19985e-05
Iteration: 2
  Device: "part1_baseline"	RelError: 1.37485e-03	AbsError: 2.69377e+10
    Region: "bulk"	RelError: 1.37477e-03	AbsError: 2.69377e+10
      Equation: "ElectronContinuityEquation"	RelError: 4.61106e-04	AbsError: 4.04574e+09
      Equation: "HoleContinuityEquation"	RelError: 9.09510e-04	AbsError: 2.28920e+10
      Equation: "PotentialEquation"	RelError: 4.15117e-06	AbsError: 3.99482e-08
    Region: "oxide"	RelError: 7.93090e-08	AbsError: 4.39078e-10
      Equation: "PotentialEquation"	RelError: 7.93090e-08	AbsError: 4.39078e-10
Iteration: 3
  Device: "part1_baseline"	RelError: 6.49269e-10	AbsError: 7.56030e+03
    Region: "bulk"	RelError: 6.49267e-10	AbsError: 7.56030e+03
      Equation: "ElectronContinuityEquation"	RelError: 6.16353e-10	AbsError: 5.51698e+01
      Equation: "HoleContinuityEquation"	RelError: 3.27617e-11	AbsError: 7.50513e+03
      Equation: "PotentialEquation"	RelError: 1.52235e-13	AbsError: 6.37520e-15
    Region: "oxide"	RelError: 2.34674e-15	AbsError: 1.13513e-16
      Equation: "PotentialEquation"	RelError: 2.34674e-15	AbsError: 1.13513e-16
number of equations 7095
Iteration: 0
  Device: "part1_baseline"	RelError: 3.99623e+01	AbsError: 1.15188e+16
    Region: "bulk"	RelError: 2.98536e+01	AbsError: 1.15188e+16
      Equation: "ElectronContinuityEquation"	RelError: 4.24151e-01	AbsError: 1.11026e+16
      Equation: "HoleContinuityEquation"	RelError: 2.69512e+00	AbsError: 4.16130e+14
      Equation: "PotentialEquation"	RelError: 2.67343e+01	AbsError: 1.88814e-02
    Region: "oxide"	RelError: 1.01087e+01	AbsError: 2.00000e-02
      Equation: "PotentialEquation"	RelError: 1.01087e+01	AbsError: 2.00000e-02
Iteration: 1
  Device: "part1_baseline"	RelError: 7.73786e-01	AbsError: 7.08935e+13
    Region: "bulk"	RelError: 7.72639e-01	AbsError: 7.08935e+13
      Equation: "ElectronContinuityEquation"	RelError: 1.68791e-01	AbsError: 4.77392e+13
      Equation: "HoleContinuityEquation"	RelError: 4.38090e-01	AbsError: 2.31543e+13
      Equation: "PotentialEquation"	RelError: 1.65757e-01	AbsError: 1.32903e-04
    Region: "oxide"	RelError: 1.14680e-03	AbsError: 1.03694e-05
      Equation: "PotentialEquation"	RelError: 1.14680e-03	AbsError: 1.03694e-05
Iteration: 2
  Device: "part1_baseline"	RelError: 1.29748e-03	AbsError: 2.45424e+10
    Region: "bulk"	RelError: 1.29742e-03	AbsError: 2.45424e+10
      Equation: "ElectronContinuityEquation"	RelError: 4.28818e-04	AbsError: 5.89022e+09
      Equation: "HoleContinuityEquation"	RelError: 8.26112e-04	AbsError: 1.86522e+10
      Equation: "PotentialEquation"	RelError: 4.24911e-05	AbsError: 3.41554e-08
    Region: "oxide"	RelError: 6.22953e-08	AbsError: 2.91256e-10
      Equation: "PotentialEquation"	RelError: 6.22953e-08	AbsError: 2.91256e-10
Iteration: 3
  Device: "part1_baseline"	RelError: 5.16217e-10	AbsError: 5.91236e+03
    Region: "bulk"	RelError: 5.16213e-10	AbsError: 5.91236e+03
      Equation: "ElectronContinuityEquation"	RelError: 4.87196e-10	AbsError: 7.52594e+01
      Equation: "HoleContinuityEquation"	RelError: 2.81539e-11	AbsError: 5.83710e+03
      Equation: "PotentialEquation"	RelError: 8.62461e-13	AbsError: 4.88611e-15
    Region: "oxide"	RelError: 4.28435e-15	AbsError: 8.50840e-17
      Equation: "PotentialEquation"	RelError: 4.28435e-15	AbsError: 8.50840e-17
number of equations 7095
Iteration: 0
  Device: "part1_baseline"	RelError: 8.22574e+01	AbsError: 1.14997e+16
    Region: "bulk"	RelError: 7.23994e+01	AbsError: 1.14997e+16
      Equation: "ElectronContinuityEquation"	RelError: 4.24310e-01	AbsError: 1.11022e+16
      Equation: "HoleContinuityEquation"	RelError: 2.70584e+00	AbsError: 3.97508e+14
      Equation: "PotentialEquation"	RelError: 6.92692e+01	AbsError: 1.89017e-02
    Region: "oxide"	RelError: 9.85804e+00	AbsError: 2.00000e-02
      Equation: "PotentialEquation"	RelError: 9.85804e+00	AbsError: 2.00000e-02
Iteration: 1
  Device: "part1_baseline"	RelError: 6.31965e-01	AbsError: 7.74985e+13
    Region: "bulk"	RelError: 6.29023e-01	AbsError: 7.74985e+13
      Equation: "ElectronContinuityEquation"	RelError: 1.68922e-01	AbsError: 5.61452e+13
      Equation: "HoleContinuityEquation"	RelError: 4.39347e-01	AbsError: 2.13533e+13
      Equation: "PotentialEquation"	RelError: 2.07541e-02	AbsError: 1.23828e-04
    Region: "oxide"	RelError: 2.94178e-03	AbsError: 9.03351e-06
      Equation: "PotentialEquation"	RelError: 2.94178e-03	AbsError: 9.03351e-06
Iteration: 2
  Device: "part1_baseline"	RelError: 1.15675e-03	AbsError: 2.46590e+10
    Region: "bulk"	RelError: 1.15668e-03	AbsError: 2.46590e+10
      Equation: "ElectronContinuityEquation"	RelError: 4.02405e-04	AbsError: 8.33723e+09
      Equation: "HoleContinuityEquation"	RelError: 7.52318e-04	AbsError: 1.63218e+10
      Equation: "PotentialEquation"	RelError: 1.95525e-06	AbsError: 3.03329e-08
    Region: "oxide"	RelError: 7.06990e-08	AbsError: 3.46057e-10
      Equation: "PotentialEquation"	RelError: 7.06990e-08	AbsError: 3.46057e-10
Iteration: 3
  Device: "part1_baseline"	RelError: 4.30282e-10	AbsError: 4.44186e+03
    Region: "bulk"	RelError: 4.30269e-10	AbsError: 4.44186e+03
      Equation: "ElectronContinuityEquation"	RelError: 3.95471e-10	AbsError: 1.50921e+02
      Equation: "HoleContinuityEquation"	RelError: 3.47195e-11	AbsError: 4.29094e+03
      Equation: "PotentialEquation"	RelError: 7.84936e-14	AbsError: 3.62390e-15
    Region: "oxide"	RelError: 1.33021e-14	AbsError: 6.35802e-17
      Equation: "PotentialEquation"	RelError: 1.33021e-14	AbsError: 6.35802e-17
number of equations 7095
Iteration: 0
  Device: "part1_baseline"	RelError: 8.80373e+02	AbsError: 1.14888e+16
    Region: "bulk"	RelError: 8.77665e+02	AbsError: 1.14888e+16
      Equation: "ElectronContinuityEquation"	RelError: 4.24444e-01	AbsError: 1.11001e+16
      Equation: "HoleContinuityEquation"	RelError: 2.71524e+00	AbsError: 3.88764e+14
      Equation: "PotentialEquation"	RelError: 8.74525e+02	AbsError: 1.89194e-02
    Region: "oxide"	RelError: 2.70832e+00	AbsError: 2.00000e-02
      Equation: "PotentialEquation"	RelError: 2.70832e+00	AbsError: 2.00000e-02
Iteration: 1
  Device: "part1_baseline"	RelError: 1.40543e+00	AbsError: 8.60373e+13
    Region: "bulk"	RelError: 1.40429e+00	AbsError: 8.60373e+13
      Equation: "ElectronContinuityEquation"	RelError: 1.69032e-01	AbsError: 6.65460e+13
      Equation: "HoleContinuityEquation"	RelError: 4.40444e-01	AbsError: 1.94912e+13
      Equation: "PotentialEquation"	RelError: 7.94818e-01	AbsError: 1.14799e-04
    Region: "oxide"	RelError: 1.13312e-03	AbsError: 7.92456e-06
      Equation: "PotentialEquation"	RelError: 1.13312e-03	AbsError: 7.92456e-06
Iteration: 2
  Device: "part1_baseline"	RelError: 1.08149e-03	AbsError: 2.55830e+10
    Region: "bulk"	RelError: 1.08147e-03	AbsError: 2.55830e+10
      Equation: "ElectronContinuityEquation"	RelError: 3.80319e-04	AbsError: 1.14753e+10
      Equation: "HoleContinuityEquation"	RelError: 6.86809e-04	AbsError: 1.41078e+10
      Equation: "PotentialEquation"	RelError: 1.43401e-05	AbsError: 2.64725e-08
    Region: "oxide"	RelError: 2.04211e-08	AbsError: 4.59306e-10
      Equation: "PotentialEquation"	RelError: 2.04211e-08	AbsError: 4.59306e-10
Iteration: 3
  Device: "part1_baseline"	RelError: 3.87228e-10	AbsError: 3.13388e+03
    Region: "bulk"	RelError: 3.87221e-10	AbsError: 3.13388e+03
      Equation: "ElectronContinuityEquation"	RelError: 3.31232e-10	AbsError: 2.89554e+02
      Equation: "HoleContinuityEquation"	RelError: 5.12104e-11	AbsError: 2.84432e+03
      Equation: "PotentialEquation"	RelError: 4.77839e-12	AbsError: 2.73052e-15
    Region: "oxide"	RelError: 6.81086e-15	AbsError: 4.76323e-17
      Equation: "PotentialEquation"	RelError: 6.81086e-15	AbsError: 4.76323e-17
number of equations 7095
Iteration: 0
  Device: "part1_baseline"	RelError: 1.64539e+02	AbsError: 1.14717e+16
    Region: "bulk"	RelError: 1.63809e+02	AbsError: 1.14717e+16
      Equation: "ElectronContinuityEquation"	RelError: 4.24560e-01	AbsError: 1.10959e+16
      Equation: "HoleContinuityEquation"	RelError: 2.72354e+00	AbsError: 3.75818e+14
      Equation: "PotentialEquation"	RelError: 1.60661e+02	AbsError: 1.89349e-02
    Region: "oxide"	RelError: 7.30274e-01	AbsError: 2.00000e-02
      Equation: "PotentialEquation"	RelError: 7.30274e-01	AbsError: 2.00000e-02
Iteration: 1
  Device: "part1_baseline"	RelError: 7.21887e-01	AbsError: 9.66521e+13
    Region: "bulk"	RelError: 7.21617e-01	AbsError: 9.66521e+13
      Equation: "ElectronContinuityEquation"	RelError: 1.69126e-01	AbsError: 7.81777e+13
      Equation: "HoleContinuityEquation"	RelError: 4.41408e-01	AbsError: 1.84743e+13
      Equation: "PotentialEquation"	RelError: 1.11083e-01	AbsError: 1.07341e-04
    Region: "oxide"	RelError: 2.69616e-04	AbsError: 7.24724e-06
      Equation: "PotentialEquation"	RelError: 2.69616e-04	AbsError: 7.24724e-06
Iteration: 2
  Device: "part1_baseline"	RelError: 9.96555e-04	AbsError: 2.78533e+10
    Region: "bulk"	RelError: 9.96548e-04	AbsError: 2.78533e+10
      Equation: "ElectronContinuityEquation"	RelError: 3.65363e-04	AbsError: 1.62855e+10
      Equation: "HoleContinuityEquation"	RelError: 6.28402e-04	AbsError: 1.15678e+10
      Equation: "PotentialEquation"	RelError: 2.78287e-06	AbsError: 2.28986e-08
    Region: "oxide"	RelError: 6.70450e-09	AbsError: 6.45736e-10
      Equation: "PotentialEquation"	RelError: 6.70450e-09	AbsError: 6.45736e-10
Iteration: 3
  Device: "part1_baseline"	RelError: 3.47232e-10	AbsError: 2.91633e+03
    Region: "bulk"	RelError: 3.47231e-10	AbsError: 2.91633e+03
      Equation: "ElectronContinuityEquation"	RelError: 2.76867e-10	AbsError: 5.25313e+02
      Equation: "HoleContinuityEquation"	RelError: 6.98737e-11	AbsError: 2.39102e+03
      Equation: "PotentialEquation"	RelError: 4.90253e-13	AbsError: 2.19468e-15
    Region: "oxide"	RelError: 1.38283e-15	AbsError: 3.58643e-17
      Equation: "PotentialEquation"	RelError: 1.38283e-15	AbsError: 3.58643e-17
number of equations 7095
Iteration: 0
  Device: "part1_baseline"	RelError: 5.29200e+01	AbsError: 1.14483e+16
    Region: "bulk"	RelError: 5.24978e+01	AbsError: 1.14483e+16
      Equation: "ElectronContinuityEquation"	RelError: 4.24660e-01	AbsError: 1.10891e+16
      Equation: "HoleContinuityEquation"	RelError: 2.73089e+00	AbsError: 3.59211e+14
      Equation: "PotentialEquation"	RelError: 4.93423e+01	AbsError: 1.89486e-02
    Region: "oxide"	RelError: 4.22168e-01	AbsError: 2.00000e-02
      Equation: "PotentialEquation"	RelError: 4.22168e-01	AbsError: 2.00000e-02
Iteration: 1
  Device: "part1_baseline"	RelError: 6.78419e-01	AbsError: 1.08894e+14
    Region: "bulk"	RelError: 6.78281e-01	AbsError: 1.08894e+14
      Equation: "ElectronContinuityEquation"	RelError: 1.69206e-01	AbsError: 9.18370e+13
      Equation: "HoleContinuityEquation"	RelError: 4.42261e-01	AbsError: 1.70573e+13
      Equation: "PotentialEquation"	RelError: 6.68144e-02	AbsError: 1.00690e-04
    Region: "oxide"	RelError: 1.38109e-04	AbsError: 9.33704e-06
      Equation: "PotentialEquation"	RelError: 1.38109e-04	AbsError: 9.33704e-06
Iteration: 2
  Device: "part1_baseline"	RelError: 9.33960e-04	AbsError: 3.29976e+10
    Region: "bulk"	RelError: 9.33954e-04	AbsError: 3.29976e+10
      Equation: "ElectronContinuityEquation"	RelError: 3.54362e-04	AbsError: 2.25397e+10
      Equation: "HoleContinuityEquation"	RelError: 5.76060e-04	AbsError: 1.04579e+10
      Equation: "PotentialEquation"	RelError: 3.53307e-06	AbsError: 2.06996e-08
    Region: "oxide"	RelError: 6.29778e-09	AbsError: 9.10821e-10
      Equation: "PotentialEquation"	RelError: 6.29778e-09	AbsError: 9.10821e-10
Iteration: 3
  Device: "part1_baseline"	RelError: 3.31253e-10	AbsError: 2.88338e+03
    Region: "bulk"	RelError: 3.31252e-10	AbsError: 2.88338e+03
      Equation: "ElectronContinuityEquation"	RelError: 2.38178e-10	AbsError: 1.01145e+03
      Equation: "HoleContinuityEquation"	RelError: 9.29285e-11	AbsError: 1.87192e+03
      Equation: "PotentialEquation"	RelError: 1.45226e-13	AbsError: 1.71669e-15
    Region: "oxide"	RelError: 6.02970e-16	AbsError: 2.70675e-17
      Equation: "PotentialEquation"	RelError: 6.02970e-16	AbsError: 2.70675e-17
number of equations 7095
Iteration: 0
  Device: "part1_baseline"	RelError: 3.84447e+01	AbsError: 1.14272e+16
    Region: "bulk"	RelError: 3.81477e+01	AbsError: 1.14272e+16
      Equation: "ElectronContinuityEquation"	RelError: 4.24748e-01	AbsError: 1.10792e+16
      Equation: "HoleContinuityEquation"	RelError: 2.73744e+00	AbsError: 3.48019e+14
      Equation: "PotentialEquation"	RelError: 3.49855e+01	AbsError: 1.89607e-02
    Region: "oxide"	RelError: 2.96953e-01	AbsError: 2.00000e-02
      Equation: "PotentialEquation"	RelError: 2.96953e-01	AbsError: 2.00000e-02
Iteration: 1
  Device: "part1_baseline"	RelError: 6.44141e-01	AbsError: 1.24443e+14
    Region: "bulk"	RelError: 6.44054e-01	AbsError: 1.24443e+14
      Equation: "ElectronContinuityEquation"	RelError: 1.69274e-01	AbsError: 1.08745e+14
      Equation: "HoleContinuityEquation"	RelError: 4.43018e-01	AbsError: 1.56989e+13
      Equation: "PotentialEquation"	RelError: 3.17631e-02	AbsError: 9.40557e-05
    Region: "oxide"	RelError: 8.63930e-05	AbsError: 1.19774e-05
      Equation: "PotentialEquation"	RelError: 8.63930e-05	AbsError: 1.19774e-05
Iteration: 2
  Device: "part1_baseline"	RelError: 8.79077e-04	AbsError: 3.94917e+10
    Region: "bulk"	RelError: 8.79070e-04	AbsError: 3.94917e+10
      Equation: "ElectronContinuityEquation"	RelError: 3.47745e-04	AbsError: 3.01535e+10
      Equation: "HoleContinuityEquation"	RelError: 5.28879e-04	AbsError: 9.33822e+09
      Equation: "PotentialEquation"	RelError: 2.44632e-06	AbsError: 1.84470e-08
    Region: "oxide"	RelError: 7.41751e-09	AbsError: 1.27965e-09
      Equation: "PotentialEquation"	RelError: 7.41751e-09	AbsError: 1.27965e-09
Iteration: 3
  Device: "part1_baseline"	RelError: 3.40436e-10	AbsError: 3.21480e+03
    Region: "bulk"	RelError: 3.40436e-10	AbsError: 3.21480e+03
      Equation: "ElectronContinuityEquation"	RelError: 2.14617e-10	AbsError: 1.86466e+03
      Equation: "HoleContinuityEquation"	RelError: 1.25702e-10	AbsError: 1.35014e+03
      Equation: "PotentialEquation"	RelError: 1.16569e-13	AbsError: 1.30873e-15
    Region: "oxide"	RelError: 3.17710e-16	AbsError: 4.42782e-17
      Equation: "PotentialEquation"	RelError: 3.17710e-16	AbsError: 4.42782e-17
number of equations 7095
Iteration: 0
  Device: "part1_baseline"	RelError: 3.76370e+01	AbsError: 1.14075e+16
    Region: "bulk"	RelError: 3.74080e+01	AbsError: 1.14075e+16
      Equation: "ElectronContinuityEquation"	RelError: 4.24826e-01	AbsError: 1.10653e+16
      Equation: "HoleContinuityEquation"	RelError: 2.74329e+00	AbsError: 3.42213e+14
      Equation: "PotentialEquation"	RelError: 3.42399e+01	AbsError: 1.89716e-02
    Region: "oxide"	RelError: 2.29048e-01	AbsError: 2.00000e-02
      Equation: "PotentialEquation"	RelError: 2.29048e-01	AbsError: 2.00000e-02
Iteration: 1
  Device: "part1_baseline"	RelError: 6.39089e-01	AbsError: 1.42169e+14
    Region: "bulk"	RelError: 6.39020e-01	AbsError: 1.42169e+14
      Equation: "ElectronContinuityEquation"	RelError: 1.69330e-01	AbsError: 1.27071e+14
      Equation: "HoleContinuityEquation"	RelError: 4.43692e-01	AbsError: 1.50978e+13
      Equation: "PotentialEquation"	RelError: 2.59973e-02	AbsError: 8.81546e-05
    Region: "oxide"	RelError: 6.92043e-05	AbsError: 1.53273e-05
      Equation: "PotentialEquation"	RelError: 6.92043e-05	AbsError: 1.53273e-05
Iteration: 2
  Device: "part1_baseline"	RelError: 8.52457e-04	AbsError: 4.99180e+10
    Region: "bulk"	RelError: 8.52448e-04	AbsError: 4.99180e+10
      Equation: "ElectronContinuityEquation"	RelError: 3.46532e-04	AbsError: 4.19341e+10
      Equation: "HoleContinuityEquation"	RelError: 5.02249e-04	AbsError: 7.98396e+09
      Equation: "PotentialEquation"	RelError: 3.66672e-06	AbsError: 1.62293e-08
    Region: "oxide"	RelError: 8.69845e-09	AbsError: 1.78442e-09
      Equation: "PotentialEquation"	RelError: 8.69845e-09	AbsError: 1.78442e-09
Iteration: 3
  Device: "part1_baseline"	RelError: 3.64341e-10	AbsError: 4.15256e+03
    Region: "bulk"	RelError: 3.64340e-10	AbsError: 4.15256e+03
      Equation: "ElectronContinuityEquation"	RelError: 1.94965e-10	AbsError: 3.15636e+03
      Equation: "HoleContinuityEquation"	RelError: 1.69264e-10	AbsError: 9.96203e+02
      Equation: "PotentialEquation"	RelError: 1.11696e-13	AbsError: 1.05430e-15
    Region: "oxide"	RelError: 4.65234e-16	AbsError: 8.29312e-17
      Equation: "PotentialEquation"	RelError: 4.65234e-16	AbsError: 8.29312e-17
number of equations 7095
Iteration: 0
  Device: "part1_baseline"	RelError: 1.84691e+02	AbsError: 1.13799e+16
    Region: "bulk"	RelError: 1.84504e+02	AbsError: 1.13799e+16
      Equation: "ElectronContinuityEquation"	RelError: 4.24895e-01	AbsError: 1.10463e+16
      Equation: "HoleContinuityEquation"	RelError: 2.74853e+00	AbsError: 3.33571e+14
      Equation: "PotentialEquation"	RelError: 1.81331e+02	AbsError: 1.89812e-02
    Region: "oxide"	RelError: 1.86430e-01	AbsError: 2.00000e-02
      Equation: "PotentialEquation"	RelError: 1.86430e-01	AbsError: 2.00000e-02
Iteration: 1
  Device: "part1_baseline"	RelError: 8.16368e-01	AbsError: 1.65624e+14
    Region: "bulk"	RelError: 8.16285e-01	AbsError: 1.65624e+14
      Equation: "ElectronContinuityEquation"	RelError: 1.69377e-01	AbsError: 1.51423e+14
      Equation: "HoleContinuityEquation"	RelError: 4.44295e-01	AbsError: 1.42016e+13
      Equation: "PotentialEquation"	RelError: 2.02613e-01	AbsError: 8.34145e-05
    Region: "oxide"	RelError: 8.30951e-05	AbsError: 1.95916e-05
      Equation: "PotentialEquation"	RelError: 8.30951e-05	AbsError: 1.95916e-05
Iteration: 2
  Device: "part1_baseline"	RelError: 8.81429e-04	AbsError: 6.29241e+10
    Region: "bulk"	RelError: 8.81418e-04	AbsError: 6.29241e+10
      Equation: "ElectronContinuityEquation"	RelError: 3.50797e-04	AbsError: 5.62885e+10
      Equation: "HoleContinuityEquation"	RelError: 5.27684e-04	AbsError: 6.63554e+09
      Equation: "PotentialEquation"	RelError: 2.93665e-06	AbsError: 1.67851e-08
    Region: "oxide"	RelError: 1.04588e-08	AbsError: 2.46590e-09
      Equation: "PotentialEquation"	RelError: 1.04588e-08	AbsError: 2.46590e-09
Iteration: 3
  Device: "part1_baseline"	RelError: 4.07176e-10	AbsError: 6.73939e+03
    Region: "bulk"	RelError: 4.07175e-10	AbsError: 6.73939e+03
      Equation: "ElectronContinuityEquation"	RelError: 1.79375e-10	AbsError: 5.86857e+03
      Equation: "HoleContinuityEquation"	RelError: 2.27437e-10	AbsError: 8.70827e+02
      Equation: "PotentialEquation"	RelError: 3.63388e-13	AbsError: 1.19972e-15
    Region: "oxide"	RelError: 7.69142e-16	AbsError: 1.52119e-16
      Equation: "PotentialEquation"	RelError: 7.69142e-16	AbsError: 1.52119e-16
number of equations 7095
Iteration: 0
  Device: "part1_baseline"	RelError: 1.98405e+01	AbsError: 1.13434e+16
    Region: "bulk"	RelError: 1.96833e+01	AbsError: 1.13434e+16
      Equation: "ElectronContinuityEquation"	RelError: 4.24957e-01	AbsError: 1.10210e+16
      Equation: "HoleContinuityEquation"	RelError: 2.75321e+00	AbsError: 3.22365e+14
      Equation: "PotentialEquation"	RelError: 1.65051e+01	AbsError: 1.89899e-02
    Region: "oxide"	RelError: 1.57190e-01	AbsError: 2.00000e-02
      Equation: "PotentialEquation"	RelError: 1.57190e-01	AbsError: 2.00000e-02
Iteration: 1
  Device: "part1_baseline"	RelError: 6.36283e-01	AbsError: 1.91116e+14
    Region: "bulk"	RelError: 6.36183e-01	AbsError: 1.91116e+14
      Equation: "ElectronContinuityEquation"	RelError: 1.69414e-01	AbsError: 1.78015e+14
      Equation: "HoleContinuityEquation"	RelError: 4.44834e-01	AbsError: 1.31015e+13
      Equation: "PotentialEquation"	RelError: 2.19349e-02	AbsError: 7.86009e-05
    Region: "oxide"	RelError: 1.00129e-04	AbsError: 2.50344e-05
      Equation: "PotentialEquation"	RelError: 1.00129e-04	AbsError: 2.50344e-05
Iteration: 2
  Device: "part1_baseline"	RelError: 9.27745e-04	AbsError: 8.33525e+10
    Region: "bulk"	RelError: 9.27731e-04	AbsError: 8.33525e+10
      Equation: "ElectronContinuityEquation"	RelError: 3.60440e-04	AbsError: 7.70509e+10
      Equation: "HoleContinuityEquation"	RelError: 5.63879e-04	AbsError: 6.30157e+09
      Equation: "PotentialEquation"	RelError: 3.41307e-06	AbsError: 2.14645e-08
    Region: "oxide"	RelError: 1.35020e-08	AbsError: 3.37581e-09
      Equation: "PotentialEquation"	RelError: 1.35020e-08	AbsError: 3.37581e-09
Iteration: 3
  Device: "part1_baseline"	RelError: 4.88406e-10	AbsError: 1.05922e+04
    Region: "bulk"	RelError: 4.88405e-10	AbsError: 1.05922e+04
      Equation: "ElectronContinuityEquation"	RelError: 1.71840e-10	AbsError: 9.88054e+03
      Equation: "HoleContinuityEquation"	RelError: 3.16423e-10	AbsError: 7.11690e+02
      Equation: "PotentialEquation"	RelError: 1.41634e-13	AbsError: 1.99805e-15
    Region: "oxide"	RelError: 1.27657e-15	AbsError: 2.75830e-16
      Equation: "PotentialEquation"	RelError: 1.27657e-15	AbsError: 2.75830e-16
number of equations 7095
Iteration: 0
  Device: "part1_baseline"	RelError: 5.12468e+01	AbsError: 1.12966e+16
    Region: "bulk"	RelError: 5.11109e+01	AbsError: 1.12966e+16
      Equation: "ElectronContinuityEquation"	RelError: 4.25012e-01	AbsError: 1.09877e+16
      Equation: "HoleContinuityEquation"	RelError: 2.75740e+00	AbsError: 3.08926e+14
      Equation: "PotentialEquation"	RelError: 4.79285e+01	AbsError: 1.89975e-02
    Region: "oxide"	RelError: 1.35881e-01	AbsError: 2.00000e-02
      Equation: "PotentialEquation"	RelError: 1.35881e-01	AbsError: 2.00000e-02
Iteration: 1
  Device: "part1_baseline"	RelError: 6.58853e-01	AbsError: 2.25102e+14
    Region: "bulk"	RelError: 6.58732e-01	AbsError: 2.25102e+14
      Equation: "ElectronContinuityEquation"	RelError: 1.69442e-01	AbsError: 2.12811e+14
      Equation: "HoleContinuityEquation"	RelError: 4.45316e-01	AbsError: 1.22905e+13
      Equation: "PotentialEquation"	RelError: 4.39736e-02	AbsError: 8.80757e-05
    Region: "oxide"	RelError: 1.21089e-04	AbsError: 3.19931e-05
      Equation: "PotentialEquation"	RelError: 1.21089e-04	AbsError: 3.19931e-05
Iteration: 2
  Device: "part1_baseline"	RelError: 9.92199e-04	AbsError: 1.09130e+11
    Region: "bulk"	RelError: 9.92182e-04	AbsError: 1.09130e+11
      Equation: "ElectronContinuityEquation"	RelError: 3.76183e-04	AbsError: 1.03373e+11
      Equation: "HoleContinuityEquation"	RelError: 6.15114e-04	AbsError: 5.75713e+09
      Equation: "PotentialEquation"	RelError: 8.84779e-07	AbsError: 2.75214e-08
    Region: "oxide"	RelError: 1.73366e-08	AbsError: 4.58053e-09
      Equation: "PotentialEquation"	RelError: 1.73366e-08	AbsError: 4.58053e-09
Iteration: 3
  Device: "part1_baseline"	RelError: 6.07387e-10	AbsError: 1.82774e+04
    Region: "bulk"	RelError: 6.07385e-10	AbsError: 1.82774e+04
      Equation: "ElectronContinuityEquation"	RelError: 1.71582e-10	AbsError: 1.77328e+04
      Equation: "HoleContinuityEquation"	RelError: 4.35640e-10	AbsError: 5.44652e+02
      Equation: "PotentialEquation"	RelError: 1.63203e-13	AbsError: 3.25162e-15
    Region: "oxide"	RelError: 2.16064e-15	AbsError: 4.98693e-16
      Equation: "PotentialEquation"	RelError: 2.16064e-15	AbsError: 4.98693e-16
number of equations 7095
Iteration: 0
  Device: "part1_baseline"	RelError: 1.91169e+01	AbsError: 1.12443e+16
    Region: "bulk"	RelError: 1.89973e+01	AbsError: 1.12443e+16
      Equation: "ElectronContinuityEquation"	RelError: 4.25063e-01	AbsError: 1.09441e+16
      Equation: "HoleContinuityEquation"	RelError: 2.76112e+00	AbsError: 3.00174e+14
      Equation: "PotentialEquation"	RelError: 1.58111e+01	AbsError: 1.90044e-02
    Region: "oxide"	RelError: 1.19661e-01	AbsError: 2.00000e-02
      Equation: "PotentialEquation"	RelError: 1.19661e-01	AbsError: 2.00000e-02
Iteration: 1
  Device: "part1_baseline"	RelError: 6.29917e-01	AbsError: 2.66140e+14
    Region: "bulk"	RelError: 6.29770e-01	AbsError: 2.66140e+14
      Equation: "ElectronContinuityEquation"	RelError: 1.69460e-01	AbsError: 2.54197e+14
      Equation: "HoleContinuityEquation"	RelError: 4.45745e-01	AbsError: 1.19437e+13
      Equation: "PotentialEquation"	RelError: 1.45647e-02	AbsError: 1.02024e-04
    Region: "oxide"	RelError: 1.46925e-04	AbsError: 4.08930e-05
      Equation: "PotentialEquation"	RelError: 1.46925e-04	AbsError: 4.08930e-05
Iteration: 2
  Device: "part1_baseline"	RelError: 1.07754e-03	AbsError: 1.48456e+11
    Region: "bulk"	RelError: 1.07751e-03	AbsError: 1.48456e+11
      Equation: "ElectronContinuityEquation"	RelError: 3.98535e-04	AbsError: 1.43382e+11
      Equation: "HoleContinuityEquation"	RelError: 6.77998e-04	AbsError: 5.07388e+09
      Equation: "PotentialEquation"	RelError: 9.79865e-07	AbsError: 3.43018e-08
    Region: "oxide"	RelError: 2.21566e-08	AbsError: 6.16675e-09
      Equation: "PotentialEquation"	RelError: 2.21566e-08	AbsError: 6.16675e-09
Iteration: 3
  Device: "part1_baseline"	RelError: 7.92087e-10	AbsError: 2.94749e+04
    Region: "bulk"	RelError: 7.92083e-10	AbsError: 2.94749e+04
      Equation: "ElectronContinuityEquation"	RelError: 1.70466e-10	AbsError: 2.90846e+04
      Equation: "HoleContinuityEquation"	RelError: 6.21493e-10	AbsError: 3.90319e+02
      Equation: "PotentialEquation"	RelError: 1.23961e-13	AbsError: 5.30374e-15
    Region: "oxide"	RelError: 3.78690e-15	AbsError: 9.06087e-16
      Equation: "PotentialEquation"	RelError: 3.78690e-15	AbsError: 9.06087e-16
number of equations 7095
Iteration: 0
  Device: "part1_baseline"	RelError: 2.03056e+02	AbsError: 1.11846e+16
    Region: "bulk"	RelError: 2.02949e+02	AbsError: 1.11846e+16
      Equation: "ElectronContinuityEquation"	RelError: 4.25108e-01	AbsError: 1.08875e+16
      Equation: "HoleContinuityEquation"	RelError: 2.76439e+00	AbsError: 2.97136e+14
      Equation: "PotentialEquation"	RelError: 1.99760e+02	AbsError: 1.90103e-02
    Region: "oxide"	RelError: 1.06901e-01	AbsError: 2.00000e-02
      Equation: "PotentialEquation"	RelError: 1.06901e-01	AbsError: 2.00000e-02
Iteration: 1
  Device: "part1_baseline"	RelError: 8.63106e-01	AbsError: 3.15328e+14
    Region: "bulk"	RelError: 8.62928e-01	AbsError: 3.15328e+14
      Equation: "ElectronContinuityEquation"	RelError: 1.69468e-01	AbsError: 3.03927e+14
      Equation: "HoleContinuityEquation"	RelError: 4.46124e-01	AbsError: 1.14002e+13
      Equation: "PotentialEquation"	RelError: 2.47336e-01	AbsError: 1.18468e-04
    Region: "oxide"	RelError: 1.78751e-04	AbsError: 5.22566e-05
      Equation: "PotentialEquation"	RelError: 1.78751e-04	AbsError: 5.22566e-05
Iteration: 2
  Device: "part1_baseline"	RelError: 1.18857e-03	AbsError: 1.98074e+11
    Region: "bulk"	RelError: 1.18854e-03	AbsError: 1.98074e+11
      Equation: "ElectronContinuityEquation"	RelError: 4.28596e-04	AbsError: 1.93756e+11
      Equation: "HoleContinuityEquation"	RelError: 7.52228e-04	AbsError: 4.31814e+09
      Equation: "PotentialEquation"	RelError: 7.71988e-06	AbsError: 4.30467e-08
    Region: "oxide"	RelError: 2.82137e-08	AbsError: 8.24809e-09
      Equation: "PotentialEquation"	RelError: 2.82137e-08	AbsError: 8.24809e-09
Iteration: 3
  Device: "part1_baseline"	RelError: 1.04119e-09	AbsError: 5.36727e+04
    Region: "bulk"	RelError: 1.04119e-09	AbsError: 5.36727e+04
      Equation: "ElectronContinuityEquation"	RelError: 1.62801e-10	AbsError: 5.33414e+04
      Equation: "HoleContinuityEquation"	RelError: 8.76774e-10	AbsError: 3.31295e+02
      Equation: "PotentialEquation"	RelError: 1.61081e-12	AbsError: 8.65074e-15
    Region: "oxide"	RelError: 6.95605e-15	AbsError: 1.68644e-15
      Equation: "PotentialEquation"	RelError: 6.95605e-15	AbsError: 1.68644e-15
number of equations 7095
Iteration: 0
  Device: "part1_baseline"	RelError: 1.53096e+02	AbsError: 1.11066e+16
    Region: "bulk"	RelError: 1.53000e+02	AbsError: 1.11066e+16
      Equation: "ElectronContinuityEquation"	RelError: 4.25148e-01	AbsError: 1.08144e+16
      Equation: "HoleContinuityEquation"	RelError: 2.76719e+00	AbsError: 2.92237e+14
      Equation: "PotentialEquation"	RelError: 1.49807e+02	AbsError: 1.90154e-02
    Region: "oxide"	RelError: 9.65991e-02	AbsError: 2.00000e-02
      Equation: "PotentialEquation"	RelError: 9.65991e-02	AbsError: 2.00000e-02
Iteration: 1
  Device: "part1_baseline"	RelError: 7.13634e-01	AbsError: 3.81667e+14
    Region: "bulk"	RelError: 7.13416e-01	AbsError: 3.81667e+14
      Equation: "ElectronContinuityEquation"	RelError: 1.69460e-01	AbsError: 3.70958e+14
      Equation: "HoleContinuityEquation"	RelError: 4.46453e-01	AbsError: 1.07094e+13
      Equation: "PotentialEquation"	RelError: 9.75029e-02	AbsError: 1.37317e-04
    Region: "oxide"	RelError: 2.17803e-04	AbsError: 6.66994e-05
      Equation: "PotentialEquation"	RelError: 2.17803e-04	AbsError: 6.66994e-05
Iteration: 2
  Device: "part1_baseline"	RelError: 1.34874e-03	AbsError: 2.75324e+11
    Region: "bulk"	RelError: 1.34870e-03	AbsError: 2.75324e+11
      Equation: "ElectronContinuityEquation"	RelError: 4.67793e-04	AbsError: 2.71590e+11
      Equation: "HoleContinuityEquation"	RelError: 8.41182e-04	AbsError: 3.73407e+09
      Equation: "PotentialEquation"	RelError: 3.97266e-05	AbsError: 5.28169e-08
    Region: "oxide"	RelError: 3.58130e-08	AbsError: 1.09673e-08
      Equation: "PotentialEquation"	RelError: 3.58130e-08	AbsError: 1.09673e-08
Iteration: 3
  Device: "part1_baseline"	RelError: 1.45742e-09	AbsError: 9.10055e+04
    Region: "bulk"	RelError: 1.45740e-09	AbsError: 9.10055e+04
      Equation: "ElectronContinuityEquation"	RelError: 1.34793e-10	AbsError: 9.07058e+04
      Equation: "HoleContinuityEquation"	RelError: 1.29046e-09	AbsError: 2.99693e+02
      Equation: "PotentialEquation"	RelError: 3.21461e-11	AbsError: 1.38928e-14
    Region: "oxide"	RelError: 1.34506e-14	AbsError: 3.48313e-15
      Equation: "PotentialEquation"	RelError: 1.34506e-14	AbsError: 3.48313e-15
number of equations 7095
Iteration: 0
  Device: "part1_baseline"	RelError: 7.19931e+01	AbsError: 1.10058e+16
    Region: "bulk"	RelError: 7.19050e+01	AbsError: 1.10058e+16
      Equation: "ElectronContinuityEquation"	RelError: 4.25180e-01	AbsError: 1.07203e+16
      Equation: "HoleContinuityEquation"	RelError: 2.76945e+00	AbsError: 2.85586e+14
      Equation: "PotentialEquation"	RelError: 6.87103e+01	AbsError: 1.90196e-02
    Region: "oxide"	RelError: 8.81062e-02	AbsError: 2.00000e-02
      Equation: "PotentialEquation"	RelError: 8.81062e-02	AbsError: 2.00000e-02
Iteration: 1
  Device: "part1_baseline"	RelError: 6.86721e-01	AbsError: 4.68159e+14
    Region: "bulk"	RelError: 6.86455e-01	AbsError: 4.68159e+14
      Equation: "ElectronContinuityEquation"	RelError: 1.69433e-01	AbsError: 4.58240e+14
      Equation: "HoleContinuityEquation"	RelError: 4.46725e-01	AbsError: 9.91861e+12
      Equation: "PotentialEquation"	RelError: 7.02972e-02	AbsError: 1.58576e-04
    Region: "oxide"	RelError: 2.65319e-04	AbsError: 8.48954e-05
      Equation: "PotentialEquation"	RelError: 2.65319e-04	AbsError: 8.48954e-05
Iteration: 2
  Device: "part1_baseline"	RelError: 1.46329e-03	AbsError: 3.84920e+11
    Region: "bulk"	RelError: 1.46325e-03	AbsError: 3.84920e+11
      Equation: "ElectronContinuityEquation"	RelError: 5.17948e-04	AbsError: 3.81353e+11
      Equation: "HoleContinuityEquation"	RelError: 9.33205e-04	AbsError: 3.56698e+09
      Equation: "PotentialEquation"	RelError: 1.20950e-05	AbsError: 6.31141e-08
    Region: "oxide"	RelError: 4.52508e-08	AbsError: 1.44791e-08
      Equation: "PotentialEquation"	RelError: 4.52508e-08	AbsError: 1.44791e-08
Iteration: 3
  Device: "part1_baseline"	RelError: 1.95858e-09	AbsError: 1.54703e+05
    Region: "bulk"	RelError: 1.95855e-09	AbsError: 1.54703e+05
      Equation: "ElectronContinuityEquation"	RelError: 7.52664e-11	AbsError: 1.54445e+05
      Equation: "HoleContinuityEquation"	RelError: 1.88258e-09	AbsError: 2.58849e+02
      Equation: "PotentialEquation"	RelError: 7.01423e-13	AbsError: 2.30381e-14
    Region: "oxide"	RelError: 2.71896e-14	AbsError: 7.48775e-15
      Equation: "PotentialEquation"	RelError: 2.71896e-14	AbsError: 7.48775e-15
number of equations 7095
Iteration: 0
  Device: "part1_baseline"	RelError: 2.17996e+01	AbsError: 1.08770e+16
    Region: "bulk"	RelError: 2.17186e+01	AbsError: 1.08770e+16
      Equation: "ElectronContinuityEquation"	RelError: 4.25201e-01	AbsError: 1.05997e+16
      Equation: "HoleContinuityEquation"	RelError: 2.77100e+00	AbsError: 2.77322e+14
      Equation: "PotentialEquation"	RelError: 1.85224e+01	AbsError: 1.90224e-02
    Region: "oxide"	RelError: 8.09826e-02	AbsError: 2.00000e-02
      Equation: "PotentialEquation"	RelError: 8.09826e-02	AbsError: 2.00000e-02
Iteration: 1
  Device: "part1_baseline"	RelError: 6.29362e-01	AbsError: 5.85215e+14
    Region: "bulk"	RelError: 6.29040e-01	AbsError: 5.85215e+14
      Equation: "ElectronContinuityEquation"	RelError: 1.69372e-01	AbsError: 5.75815e+14
      Equation: "HoleContinuityEquation"	RelError: 4.46928e-01	AbsError: 9.39932e+12
      Equation: "PotentialEquation"	RelError: 1.27404e-02	AbsError: 1.83979e-04
    Region: "oxide"	RelError: 3.22294e-04	AbsError: 1.07489e-04
      Equation: "PotentialEquation"	RelError: 3.22294e-04	AbsError: 1.07489e-04
Iteration: 2
  Device: "part1_baseline"	RelError: 1.63023e-03	AbsError: 5.28149e+11
    Region: "bulk"	RelError: 1.63014e-03	AbsError: 5.28149e+11
      Equation: "ElectronContinuityEquation"	RelError: 5.81284e-04	AbsError: 5.24891e+11
      Equation: "HoleContinuityEquation"	RelError: 1.02917e-03	AbsError: 3.25837e+09
      Equation: "PotentialEquation"	RelError: 1.96870e-05	AbsError: 7.52885e-08
    Region: "oxide"	RelError: 8.63816e-08	AbsError: 2.34463e-08
      Equation: "PotentialEquation"	RelError: 8.63816e-08	AbsError: 2.34463e-08
Iteration: 3
  Device: "part1_baseline"	RelError: 3.06521e-09	AbsError: 2.73778e+05
    Region: "bulk"	RelError: 3.06516e-09	AbsError: 2.73778e+05
      Equation: "ElectronContinuityEquation"	RelError: 2.67164e-10	AbsError: 2.73571e+05
      Equation: "HoleContinuityEquation"	RelError: 2.79341e-09	AbsError: 2.06882e+02
      Equation: "PotentialEquation"	RelError: 4.57987e-12	AbsError: 3.70150e-14
    Region: "oxide"	RelError: 5.62305e-14	AbsError: 1.64033e-14
      Equation: "PotentialEquation"	RelError: 5.62305e-14	AbsError: 1.64033e-14
number of equations 7095
Iteration: 0
  Device: "part1_baseline"	RelError: 2.45572e+01	AbsError: 1.07135e+16
    Region: "bulk"	RelError: 2.44823e+01	AbsError: 1.07135e+16
      Equation: "ElectronContinuityEquation"	RelError: 4.25201e-01	AbsError: 1.04459e+16
      Equation: "HoleContinuityEquation"	RelError: 2.77146e+00	AbsError: 2.67597e+14
      Equation: "PotentialEquation"	RelError: 2.12856e+01	AbsError: 1.90232e-02
    Region: "oxide"	RelError: 7.49185e-02	AbsError: 2.00000e-02
      Equation: "PotentialEquation"	RelError: 7.49185e-02	AbsError: 2.00000e-02
Iteration: 1
  Device: "part1_baseline"	RelError: 6.49080e-01	AbsError: 7.51914e+14
    Region: "bulk"	RelError: 6.48691e-01	AbsError: 7.51914e+14
      Equation: "ElectronContinuityEquation"	RelError: 1.69254e-01	AbsError: 7.42647e+14
      Equation: "HoleContinuityEquation"	RelError: 4.47027e-01	AbsError: 9.26761e+12
      Equation: "PotentialEquation"	RelError: 3.24103e-02	AbsError: 2.12834e-04
    Region: "oxide"	RelError: 3.89064e-04	AbsError: 1.34927e-04
      Equation: "PotentialEquation"	RelError: 3.89064e-04	AbsError: 1.34927e-04
Iteration: 2
  Device: "part1_baseline"	RelError: 1.82373e-03	AbsError: 7.43887e+11
    Region: "bulk"	RelError: 1.82356e-03	AbsError: 7.43887e+11
      Equation: "ElectronContinuityEquation"	RelError: 6.60221e-04	AbsError: 7.41085e+11
      Equation: "HoleContinuityEquation"	RelError: 1.11092e-03	AbsError: 2.80191e+09
      Equation: "PotentialEquation"	RelError: 5.24188e-05	AbsError: 8.61788e-08
    Region: "oxide"	RelError: 1.67544e-07	AbsError: 4.83976e-08
      Equation: "PotentialEquation"	RelError: 1.67544e-07	AbsError: 4.83976e-08
Iteration: 3
  Device: "part1_baseline"	RelError: 4.84552e-09	AbsError: 4.41439e+05
    Region: "bulk"	RelError: 4.84540e-09	AbsError: 4.41439e+05
      Equation: "ElectronContinuityEquation"	RelError: 6.68566e-10	AbsError: 4.41316e+05
      Equation: "HoleContinuityEquation"	RelError: 4.16068e-09	AbsError: 1.22222e+02
      Equation: "PotentialEquation"	RelError: 1.61616e-11	AbsError: 6.01468e-14
    Region: "oxide"	RelError: 1.14244e-13	AbsError: 3.51755e-14
      Equation: "PotentialEquation"	RelError: 1.14244e-13	AbsError: 3.51755e-14
number of equations 7095
Iteration: 0
  Device: "part1_baseline"	RelError: 1.96815e+01	AbsError: 1.05076e+16
    Region: "bulk"	RelError: 1.96118e+01	AbsError: 1.05076e+16
      Equation: "ElectronContinuityEquation"	RelError: 4.25161e-01	AbsError: 1.02510e+16
      Equation: "HoleContinuityEquation"	RelError: 2.77005e+00	AbsError: 2.56573e+14
      Equation: "PotentialEquation"	RelError: 1.64166e+01	AbsError: 1.90207e-02
    Region: "oxide"	RelError: 6.96884e-02	AbsError: 2.00000e-02
      Equation: "PotentialEquation"	RelError: 6.96884e-02	AbsError: 2.00000e-02
Iteration: 1
  Device: "part1_baseline"	RelError: 6.21963e-01	AbsError: 1.00287e+15
    Region: "bulk"	RelError: 6.21498e-01	AbsError: 1.00287e+15
      Equation: "ElectronContinuityEquation"	RelError: 1.69033e-01	AbsError: 9.93845e+14
      Equation: "HoleContinuityEquation"	RelError: 4.46955e-01	AbsError: 9.02099e+12
      Equation: "PotentialEquation"	RelError: 5.51094e-03	AbsError: 2.44240e-04
    Region: "oxide"	RelError: 4.64718e-04	AbsError: 1.67193e-04
      Equation: "PotentialEquation"	RelError: 4.64718e-04	AbsError: 1.67193e-04
Iteration: 2
  Device: "part1_baseline"	RelError: 1.94618e-03	AbsError: 1.19439e+12
    Region: "bulk"	RelError: 1.94588e-03	AbsError: 1.19439e+12
      Equation: "ElectronContinuityEquation"	RelError: 7.56624e-04	AbsError: 1.19223e+12
      Equation: "HoleContinuityEquation"	RelError: 1.16038e-03	AbsError: 2.16168e+09
      Equation: "PotentialEquation"	RelError: 2.88724e-05	AbsError: 1.31688e-07
    Region: "oxide"	RelError: 3.01440e-07	AbsError: 9.22993e-08
      Equation: "PotentialEquation"	RelError: 3.01440e-07	AbsError: 9.22993e-08
Iteration: 3
  Device: "part1_baseline"	RelError: 7.50963e-09	AbsError: 6.53702e+05
    Region: "bulk"	RelError: 7.50941e-09	AbsError: 6.53702e+05
      Equation: "ElectronContinuityEquation"	RelError: 1.45929e-09	AbsError: 6.53212e+05
      Equation: "HoleContinuityEquation"	RelError: 6.02134e-09	AbsError: 4.90127e+02
      Equation: "PotentialEquation"	RelError: 2.87884e-11	AbsError: 1.18176e-13
    Region: "oxide"	RelError: 2.14314e-13	AbsError: 6.91834e-14
      Equation: "PotentialEquation"	RelError: 2.14314e-13	AbsError: 6.91834e-14
number of equations 7095
Iteration: 0
  Device: "part1_baseline"	RelError: 9.30604e+02	AbsError: 1.02567e+16
    Region: "bulk"	RelError: 9.30539e+02	AbsError: 1.02567e+16
      Equation: "ElectronContinuityEquation"	RelError: 4.25040e-01	AbsError: 1.00059e+16
      Equation: "HoleContinuityEquation"	RelError: 2.76521e+00	AbsError: 2.50806e+14
      Equation: "PotentialEquation"	RelError: 9.27349e+02	AbsError: 1.90118e-02
    Region: "oxide"	RelError: 6.51209e-02	AbsError: 2.00000e-02
      Equation: "PotentialEquation"	RelError: 6.51209e-02	AbsError: 2.00000e-02
Iteration: 1
  Device: "part1_baseline"	RelError: 2.54194e+00	AbsError: 1.44185e+15
    Region: "bulk"	RelError: 2.54139e+00	AbsError: 1.44185e+15
      Equation: "ElectronContinuityEquation"	RelError: 1.68620e-01	AbsError: 1.43316e+15
      Equation: "HoleContinuityEquation"	RelError: 4.46571e-01	AbsError: 8.69208e+12
      Equation: "PotentialEquation"	RelError: 1.92620e+00	AbsError: 2.78707e-04
    Region: "oxide"	RelError: 5.46410e-04	AbsError: 2.03464e-04
      Equation: "PotentialEquation"	RelError: 5.46410e-04	AbsError: 2.03464e-04
Iteration: 2
  Device: "part1_baseline"	RelError: 9.78187e-03	AbsError: 1.80797e+12
    Region: "bulk"	RelError: 9.78138e-03	AbsError: 1.80797e+12
      Equation: "ElectronContinuityEquation"	RelError: 8.69810e-04	AbsError: 1.80620e+12
      Equation: "HoleContinuityEquation"	RelError: 1.17051e-03	AbsError: 1.77672e+09
      Equation: "PotentialEquation"	RelError: 7.74106e-03	AbsError: 2.22463e-07
    Region: "oxide"	RelError: 4.99361e-07	AbsError: 1.60629e-07
      Equation: "PotentialEquation"	RelError: 4.99361e-07	AbsError: 1.60629e-07
Iteration: 3
  Device: "part1_baseline"	RelError: 1.33767e-08	AbsError: 1.53975e+06
    Region: "bulk"	RelError: 1.33761e-08	AbsError: 1.53975e+06
      Equation: "ElectronContinuityEquation"	RelError: 2.98223e-09	AbsError: 1.53834e+06
      Equation: "HoleContinuityEquation"	RelError: 8.45669e-09	AbsError: 1.41473e+03
      Equation: "PotentialEquation"	RelError: 1.93721e-09	AbsError: 3.28047e-13
    Region: "oxide"	RelError: 6.02180e-13	AbsError: 1.94722e-13
      Equation: "PotentialEquation"	RelError: 6.02180e-13	AbsError: 1.94722e-13
number of equations 7095
Iteration: 0
  Device: "part1_baseline"	RelError: 1.15176e+01	AbsError: 1.00190e+16
    Region: "bulk"	RelError: 1.14565e+01	AbsError: 1.00190e+16
      Equation: "ElectronContinuityEquation"	RelError: 4.24760e-01	AbsError: 9.77063e+15
      Equation: "HoleContinuityEquation"	RelError: 2.75386e+00	AbsError: 2.48409e+14
      Equation: "PotentialEquation"	RelError: 8.27790e+00	AbsError: 1.89910e-02
    Region: "oxide"	RelError: 6.10785e-02	AbsError: 2.00000e-02
      Equation: "PotentialEquation"	RelError: 6.10785e-02	AbsError: 2.00000e-02
Iteration: 1
  Device: "part1_baseline"	RelError: 6.24737e-01	AbsError: 2.12207e+15
    Region: "bulk"	RelError: 6.24109e-01	AbsError: 2.12207e+15
      Equation: "ElectronContinuityEquation"	RelError: 1.67848e-01	AbsError: 2.11375e+15
      Equation: "HoleContinuityEquation"	RelError: 4.45597e-01	AbsError: 8.31698e+12
      Equation: "PotentialEquation"	RelError: 1.06635e-02	AbsError: 3.13287e-04
    Region: "oxide"	RelError: 6.28783e-04	AbsError: 2.41766e-04
      Equation: "PotentialEquation"	RelError: 6.28783e-04	AbsError: 2.41766e-04
Iteration: 2
  Device: "part1_baseline"	RelError: 2.21595e-03	AbsError: 2.57449e+12
    Region: "bulk"	RelError: 2.21512e-03	AbsError: 2.57449e+12
      Equation: "ElectronContinuityEquation"	RelError: 9.92077e-04	AbsError: 2.57153e+12
      Equation: "HoleContinuityEquation"	RelError: 1.15050e-03	AbsError: 2.96033e+09
      Equation: "PotentialEquation"	RelError: 7.25407e-05	AbsError: 3.74183e-07
    Region: "oxide"	RelError: 8.31054e-07	AbsError: 2.74946e-07
      Equation: "PotentialEquation"	RelError: 8.31054e-07	AbsError: 2.74946e-07
Iteration: 3
  Device: "part1_baseline"	RelError: 1.66498e-08	AbsError: 3.78949e+06
    Region: "bulk"	RelError: 1.66480e-08	AbsError: 3.78949e+06
      Equation: "ElectronContinuityEquation"	RelError: 5.54168e-09	AbsError: 3.78729e+06
      Equation: "HoleContinuityEquation"	RelError: 1.09973e-08	AbsError: 2.19775e+03
      Equation: "PotentialEquation"	RelError: 1.09003e-10	AbsError: 9.58162e-13
    Region: "oxide"	RelError: 1.81263e-12	AbsError: 5.99691e-13
      Equation: "PotentialEquation"	RelError: 1.81263e-12	AbsError: 5.99691e-13
number of equations 7095
Iteration: 0
  Device: "part1_baseline"	RelError: 2.42244e+01	AbsError: 1.33630e+16
    Region: "bulk"	RelError: 2.41670e+01	AbsError: 1.33630e+16
      Equation: "ElectronContinuityEquation"	RelError: 4.24166e-01	AbsError: 1.31187e+16
      Equation: "HoleContinuityEquation"	RelError: 2.73209e+00	AbsError: 2.44295e+14
      Equation: "PotentialEquation"	RelError: 2.10107e+01	AbsError: 1.89508e-02
    Region: "oxide"	RelError: 5.74403e-02	AbsError: 2.00000e-02
      Equation: "PotentialEquation"	RelError: 5.74403e-02	AbsError: 2.00000e-02
Iteration: 1
  Device: "part1_baseline"	RelError: 6.94783e-01	AbsError: 3.00704e+15
    Region: "bulk"	RelError: 6.94079e-01	AbsError: 3.00704e+15
      Equation: "ElectronContinuityEquation"	RelError: 1.66553e-01	AbsError: 2.99911e+15
      Equation: "HoleContinuityEquation"	RelError: 4.43618e-01	AbsError: 7.93402e+12
      Equation: "PotentialEquation"	RelError: 8.39078e-02	AbsError: 3.60894e-04
    Region: "oxide"	RelError: 7.04007e-04	AbsError: 2.78827e-04
      Equation: "PotentialEquation"	RelError: 7.04007e-04	AbsError: 2.78827e-04
Iteration: 2
  Device: "part1_baseline"	RelError: 2.87997e-03	AbsError: 4.36030e+12
    Region: "bulk"	RelError: 2.87866e-03	AbsError: 4.36030e+12
      Equation: "ElectronContinuityEquation"	RelError: 1.11338e-03	AbsError: 4.35522e+12
      Equation: "HoleContinuityEquation"	RelError: 1.27205e-03	AbsError: 5.07667e+09
      Equation: "PotentialEquation"	RelError: 4.93228e-04	AbsError: 5.95727e-07
    Region: "oxide"	RelError: 1.31424e-06	AbsError: 4.49885e-07
      Equation: "PotentialEquation"	RelError: 1.31424e-06	AbsError: 4.49885e-07
Iteration: 3
  Device: "part1_baseline"	RelError: 2.28314e-08	AbsError: 1.03468e+07
    Region: "bulk"	RelError: 2.28252e-08	AbsError: 1.03468e+07
      Equation: "ElectronContinuityEquation"	RelError: 9.29435e-09	AbsError: 1.03345e+07
      Equation: "HoleContinuityEquation"	RelError: 1.25924e-08	AbsError: 1.22333e+04
      Equation: "PotentialEquation"	RelError: 9.38483e-10	AbsError: 3.14416e-12
    Region: "oxide"	RelError: 6.13584e-12	AbsError: 2.10039e-12
      Equation: "PotentialEquation"	RelError: 6.13584e-12	AbsError: 2.10039e-12
number of equations 7095
Iteration: 0
  Device: "part1_baseline"	RelError: 8.97103e+01	AbsError: 1.95292e+16
    Region: "bulk"	RelError: 8.96562e+01	AbsError: 1.95292e+16
      Equation: "ElectronContinuityEquation"	RelError: 4.23049e-01	AbsError: 1.92911e+16
      Equation: "HoleContinuityEquation"	RelError: 2.68946e+00	AbsError: 2.38080e+14
      Equation: "PotentialEquation"	RelError: 8.65437e+01	AbsError: 1.88707e-02
    Region: "oxide"	RelError: 5.40858e-02	AbsError: 2.00000e-02
      Equation: "PotentialEquation"	RelError: 5.40858e-02	AbsError: 2.00000e-02
Iteration: 1
  Device: "part1_baseline"	RelError: 3.95264e+00	AbsError: 4.08726e+15
    Region: "bulk"	RelError: 3.95176e+00	AbsError: 4.08726e+15
      Equation: "ElectronContinuityEquation"	RelError: 1.64197e-01	AbsError: 4.07912e+15
      Equation: "HoleContinuityEquation"	RelError: 4.39727e-01	AbsError: 8.13646e+12
      Equation: "PotentialEquation"	RelError: 3.34783e+00	AbsError: 4.49028e-04
    Region: "oxide"	RelError: 8.80769e-04	AbsError: 3.38393e-04
      Equation: "PotentialEquation"	RelError: 8.80769e-04	AbsError: 3.38393e-04
Iteration: 2
  Device: "part1_baseline"	RelError: 1.08841e-02	AbsError: 7.41376e+12
    Region: "bulk"	RelError: 1.08821e-02	AbsError: 7.41376e+12
      Equation: "ElectronContinuityEquation"	RelError: 1.21147e-03	AbsError: 7.40550e+12
      Equation: "HoleContinuityEquation"	RelError: 1.44119e-03	AbsError: 8.26325e+09
      Equation: "PotentialEquation"	RelError: 8.22949e-03	AbsError: 9.12009e-07
    Region: "oxide"	RelError: 1.98054e-06	AbsError: 6.99665e-07
      Equation: "PotentialEquation"	RelError: 1.98054e-06	AbsError: 6.99665e-07
Iteration: 3
  Device: "part1_baseline"	RelError: 1.10242e-07	AbsError: 3.33730e+07
    Region: "bulk"	RelError: 1.10224e-07	AbsError: 3.33730e+07
      Equation: "ElectronContinuityEquation"	RelError: 1.39823e-08	AbsError: 3.33148e+07
      Equation: "HoleContinuityEquation"	RelError: 2.40297e-08	AbsError: 5.81976e+04
      Equation: "PotentialEquation"	RelError: 7.22124e-08	AbsError: 8.74580e-12
    Region: "oxide"	RelError: 1.71551e-11	AbsError: 6.06039e-12
      Equation: "PotentialEquation"	RelError: 1.71551e-11	AbsError: 6.06039e-12
number of equations 7095
Iteration: 0
  Device: "part1_baseline"	RelError: 6.10518e+01	AbsError: 2.80846e+16
    Region: "bulk"	RelError: 6.10009e+01	AbsError: 2.80846e+16
      Equation: "ElectronContinuityEquation"	RelError: 4.20985e-01	AbsError: 2.78555e+16
      Equation: "HoleContinuityEquation"	RelError: 2.61219e+00	AbsError: 2.29169e+14
      Equation: "PotentialEquation"	RelError: 5.79677e+01	AbsError: 1.87206e-02
    Region: "oxide"	RelError: 5.09006e-02	AbsError: 2.00000e-02
      Equation: "PotentialEquation"	RelError: 5.09006e-02	AbsError: 2.00000e-02
Iteration: 1
  Device: "part1_baseline"	RelError: 1.11576e+00	AbsError: 5.32090e+15
    Region: "bulk"	RelError: 1.11471e+00	AbsError: 5.32090e+15
      Equation: "ElectronContinuityEquation"	RelError: 1.59924e-01	AbsError: 5.31204e+15
      Equation: "HoleContinuityEquation"	RelError: 4.32268e-01	AbsError: 8.85387e+12
      Equation: "PotentialEquation"	RelError: 5.22515e-01	AbsError: 5.46609e-04
    Region: "oxide"	RelError: 1.05735e-03	AbsError: 4.15950e-04
      Equation: "PotentialEquation"	RelError: 1.05735e-03	AbsError: 4.15950e-04
Iteration: 2
  Device: "part1_baseline"	RelError: 4.52861e-03	AbsError: 1.14871e+13
    Region: "bulk"	RelError: 4.52597e-03	AbsError: 1.14871e+13
      Equation: "ElectronContinuityEquation"	RelError: 1.21569e-03	AbsError: 1.14757e+13
      Equation: "HoleContinuityEquation"	RelError: 1.72245e-03	AbsError: 1.13836e+10
      Equation: "PotentialEquation"	RelError: 1.58783e-03	AbsError: 1.24545e-06
    Region: "oxide"	RelError: 2.64254e-06	AbsError: 9.72951e-07
      Equation: "PotentialEquation"	RelError: 2.64254e-06	AbsError: 9.72951e-07
Iteration: 3
  Device: "part1_baseline"	RelError: 7.66573e-08	AbsError: 6.95286e+07
    Region: "bulk"	RelError: 7.66242e-08	AbsError: 6.95286e+07
      Equation: "ElectronContinuityEquation"	RelError: 1.82278e-08	AbsError: 6.93823e+07
      Equation: "HoleContinuityEquation"	RelError: 3.72611e-08	AbsError: 1.46289e+05
      Equation: "PotentialEquation"	RelError: 2.11352e-08	AbsError: 1.71630e-11
    Region: "oxide"	RelError: 3.31389e-11	AbsError: 1.22013e-11
      Equation: "PotentialEquation"	RelError: 3.31389e-11	AbsError: 1.22013e-11
number of equations 7095
Iteration: 0
  Device: "part1_baseline"	RelError: 6.73841e+01	AbsError: 3.91416e+16
    Region: "bulk"	RelError: 6.73364e+01	AbsError: 3.91416e+16
      Equation: "ElectronContinuityEquation"	RelError: 4.17090e-01	AbsError: 3.89249e+16
      Equation: "HoleContinuityEquation"	RelError: 2.48050e+00	AbsError: 2.16774e+14
      Equation: "PotentialEquation"	RelError: 6.44388e+01	AbsError: 1.84494e-02
    Region: "oxide"	RelError: 4.77301e-02	AbsError: 2.00000e-02
      Equation: "PotentialEquation"	RelError: 4.77301e-02	AbsError: 2.00000e-02
Iteration: 1
  Device: "part1_baseline"	RelError: 2.81603e+00	AbsError: 6.64367e+15
    Region: "bulk"	RelError: 2.81474e+00	AbsError: 6.64367e+15
      Equation: "ElectronContinuityEquation"	RelError: 1.52696e-01	AbsError: 6.63400e+15
      Equation: "HoleContinuityEquation"	RelError: 4.19154e-01	AbsError: 9.66713e+12
      Equation: "PotentialEquation"	RelError: 2.24289e+00	AbsError: 6.64046e-04
    Region: "oxide"	RelError: 1.28594e-03	AbsError: 5.17584e-04
      Equation: "PotentialEquation"	RelError: 1.28594e-03	AbsError: 5.17584e-04
Iteration: 2
  Device: "part1_baseline"	RelError: 6.47202e-03	AbsError: 1.51178e+13
    Region: "bulk"	RelError: 6.46906e-03	AbsError: 1.51178e+13
      Equation: "ElectronContinuityEquation"	RelError: 1.08188e-03	AbsError: 1.51063e+13
      Equation: "HoleContinuityEquation"	RelError: 2.04186e-03	AbsError: 1.15035e+10
      Equation: "PotentialEquation"	RelError: 3.34531e-03	AbsError: 1.73091e-06
    Region: "oxide"	RelError: 2.96161e-06	AbsError: 1.14234e-06
      Equation: "PotentialEquation"	RelError: 2.96161e-06	AbsError: 1.14234e-06
Iteration: 3
  Device: "part1_baseline"	RelError: 1.11340e-07	AbsError: 1.15560e+08
    Region: "bulk"	RelError: 1.11305e-07	AbsError: 1.15560e+08
      Equation: "ElectronContinuityEquation"	RelError: 1.82501e-08	AbsError: 1.15421e+08
      Equation: "HoleContinuityEquation"	RelError: 6.10020e-08	AbsError: 1.39482e+05
      Equation: "PotentialEquation"	RelError: 3.20531e-08	AbsError: 1.91404e-11
    Region: "oxide"	RelError: 3.44672e-11	AbsError: 1.33227e-11
      Equation: "PotentialEquation"	RelError: 3.44672e-11	AbsError: 1.33227e-11
number of equations 7095
Iteration: 0
  Device: "part1_baseline"	RelError: 1.58746e+01	AbsError: 5.28533e+16
    Region: "bulk"	RelError: 1.58302e+01	AbsError: 5.28533e+16
      Equation: "ElectronContinuityEquation"	RelError: 4.10205e-01	AbsError: 5.26531e+16
      Equation: "HoleContinuityEquation"	RelError: 2.27999e+00	AbsError: 2.00153e+14
      Equation: "PotentialEquation"	RelError: 1.31400e+01	AbsError: 1.79947e-02
    Region: "oxide"	RelError: 4.44236e-02	AbsError: 2.00000e-02
      Equation: "PotentialEquation"	RelError: 4.44236e-02	AbsError: 2.00000e-02
Iteration: 1
  Device: "part1_baseline"	RelError: 1.45967e+00	AbsError: 7.98481e+15
    Region: "bulk"	RelError: 1.45818e+00	AbsError: 7.98481e+15
      Equation: "ElectronContinuityEquation"	RelError: 1.41604e-01	AbsError: 7.97441e+15
      Equation: "HoleContinuityEquation"	RelError: 3.97356e-01	AbsError: 1.03966e+13
      Equation: "PotentialEquation"	RelError: 9.19217e-01	AbsError: 7.82320e-04
    Region: "oxide"	RelError: 1.49503e-03	AbsError: 6.15207e-04
      Equation: "PotentialEquation"	RelError: 1.49503e-03	AbsError: 6.15207e-04
Iteration: 2
  Device: "part1_baseline"	RelError: 3.61573e-03	AbsError: 1.71560e+13
    Region: "bulk"	RelError: 3.61100e-03	AbsError: 1.71560e+13
      Equation: "ElectronContinuityEquation"	RelError: 8.03249e-04	AbsError: 1.71466e+13
      Equation: "HoleContinuityEquation"	RelError: 2.28670e-03	AbsError: 9.36949e+09
      Equation: "PotentialEquation"	RelError: 5.21053e-04	AbsError: 2.96844e-06
    Region: "oxide"	RelError: 4.72784e-06	AbsError: 1.94552e-06
      Equation: "PotentialEquation"	RelError: 4.72784e-06	AbsError: 1.94552e-06
Iteration: 3
  Device: "part1_baseline"	RelError: 1.17160e-07	AbsError: 2.57377e+08
    Region: "bulk"	RelError: 1.17066e-07	AbsError: 2.57377e+08
      Equation: "ElectronContinuityEquation"	RelError: 1.02893e-08	AbsError: 2.57326e+08
      Equation: "HoleContinuityEquation"	RelError: 9.18968e-08	AbsError: 5.05173e+04
      Equation: "PotentialEquation"	RelError: 1.48802e-08	AbsError: 5.68835e-11
    Region: "oxide"	RelError: 9.32745e-11	AbsError: 3.83827e-11
      Equation: "PotentialEquation"	RelError: 9.32745e-11	AbsError: 3.83827e-11
number of equations 7095
Iteration: 0
  Device: "part1_baseline"	RelError: 6.83901e+00	AbsError: 6.92314e+16
    Region: "bulk"	RelError: 6.79761e+00	AbsError: 6.92314e+16
      Equation: "ElectronContinuityEquation"	RelError: 3.99485e-01	AbsError: 6.90523e+16
      Equation: "HoleContinuityEquation"	RelError: 1.99919e+00	AbsError: 1.79141e+14
      Equation: "PotentialEquation"	RelError: 4.39893e+00	AbsError: 1.72558e-02
    Region: "oxide"	RelError: 4.13975e-02	AbsError: 2.00000e-02
      Equation: "PotentialEquation"	RelError: 4.13975e-02	AbsError: 2.00000e-02
Iteration: 1
  Device: "part1_baseline"	RelError: 9.21901e-01	AbsError: 9.27639e+15
    Region: "bulk"	RelError: 9.20255e-01	AbsError: 9.27639e+15
      Equation: "ElectronContinuityEquation"	RelError: 1.25583e-01	AbsError: 9.26437e+15
      Equation: "HoleContinuityEquation"	RelError: 3.63370e-01	AbsError: 1.20219e+13
      Equation: "PotentialEquation"	RelError: 4.31303e-01	AbsError: 8.73920e-04
    Region: "oxide"	RelError: 1.64521e-03	AbsError: 6.91942e-04
      Equation: "PotentialEquation"	RelError: 1.64521e-03	AbsError: 6.91942e-04
Iteration: 2
  Device: "part1_baseline"	RelError: 4.51852e-03	AbsError: 1.68445e+13
    Region: "bulk"	RelError: 4.51220e-03	AbsError: 1.68445e+13
      Equation: "ElectronContinuityEquation"	RelError: 4.70051e-04	AbsError: 1.68148e+13
      Equation: "HoleContinuityEquation"	RelError: 2.35800e-03	AbsError: 2.97447e+10
      Equation: "PotentialEquation"	RelError: 1.68415e-03	AbsError: 3.99653e-06
    Region: "oxide"	RelError: 6.32220e-06	AbsError: 2.65927e-06
      Equation: "PotentialEquation"	RelError: 6.32220e-06	AbsError: 2.65927e-06
Iteration: 3
  Device: "part1_baseline"	RelError: 1.56175e-07	AbsError: 3.73932e+08
    Region: "bulk"	RelError: 1.55992e-07	AbsError: 3.73932e+08
      Equation: "ElectronContinuityEquation"	RelError: 1.50841e-08	AbsError: 3.73558e+08
      Equation: "HoleContinuityEquation"	RelError: 1.06099e-07	AbsError: 3.74241e+05
      Equation: "PotentialEquation"	RelError: 3.48089e-08	AbsError: 1.12668e-10
    Region: "oxide"	RelError: 1.83130e-10	AbsError: 7.73215e-11
      Equation: "PotentialEquation"	RelError: 1.83130e-10	AbsError: 7.73215e-11
number of equations 7095
Iteration: 0
  Device: "part1_baseline"	RelError: 3.49643e+01	AbsError: 8.81519e+16
    Region: "bulk"	RelError: 3.49245e+01	AbsError: 8.81519e+16
      Equation: "ElectronContinuityEquation"	RelError: 3.83395e-01	AbsError: 8.79972e+16
      Equation: "HoleContinuityEquation"	RelError: 1.66868e+00	AbsError: 1.54724e+14
      Equation: "PotentialEquation"	RelError: 3.28725e+01	AbsError: 1.61868e-02
    Region: "oxide"	RelError: 3.97519e-02	AbsError: 2.00000e-02
      Equation: "PotentialEquation"	RelError: 3.97519e-02	AbsError: 2.00000e-02
Iteration: 1
  Device: "part1_baseline"	RelError: 1.14084e+00	AbsError: 1.04508e+16
    Region: "bulk"	RelError: 1.13912e+00	AbsError: 1.04508e+16
      Equation: "ElectronContinuityEquation"	RelError: 1.05467e-01	AbsError: 1.04379e+16
      Equation: "HoleContinuityEquation"	RelError: 3.17691e-01	AbsError: 1.28804e+13
      Equation: "PotentialEquation"	RelError: 7.15966e-01	AbsError: 9.27677e-04
    Region: "oxide"	RelError: 1.71744e-03	AbsError: 7.43059e-04
      Equation: "PotentialEquation"	RelError: 1.71744e-03	AbsError: 7.43059e-04
Iteration: 2
  Device: "part1_baseline"	RelError: 6.13695e-03	AbsError: 1.79709e+13
    Region: "bulk"	RelError: 6.13004e-03	AbsError: 1.79709e+13
      Equation: "ElectronContinuityEquation"	RelError: 5.16298e-04	AbsError: 1.79216e+13
      Equation: "HoleContinuityEquation"	RelError: 2.27952e-03	AbsError: 4.92919e+10
      Equation: "PotentialEquation"	RelError: 3.33422e-03	AbsError: 4.44630e-06
    Region: "oxide"	RelError: 6.90536e-06	AbsError: 2.98766e-06
      Equation: "PotentialEquation"	RelError: 6.90536e-06	AbsError: 2.98766e-06
Iteration: 3
  Device: "part1_baseline"	RelError: 1.97525e-07	AbsError: 4.03837e+08
    Region: "bulk"	RelError: 1.97315e-07	AbsError: 4.03837e+08
      Equation: "ElectronContinuityEquation"	RelError: 1.48098e-08	AbsError: 4.02784e+08
      Equation: "HoleContinuityEquation"	RelError: 9.58110e-08	AbsError: 1.05364e+06
      Equation: "PotentialEquation"	RelError: 8.66940e-08	AbsError: 1.34718e-10
    Region: "oxide"	RelError: 2.10016e-10	AbsError: 9.08651e-11
      Equation: "PotentialEquation"	RelError: 2.10016e-10	AbsError: 9.08651e-11
number of equations 7095
Iteration: 0
  Device: "part1_baseline"	RelError: 2.69115e+01	AbsError: 1.09362e+17
    Region: "bulk"	RelError: 2.68733e+01	AbsError: 1.09362e+17
      Equation: "ElectronContinuityEquation"	RelError: 3.61812e-01	AbsError: 1.09233e+17
      Equation: "HoleContinuityEquation"	RelError: 1.33425e+00	AbsError: 1.29049e+14
      Equation: "PotentialEquation"	RelError: 2.51772e+01	AbsError: 1.47970e-02
    Region: "oxide"	RelError: 3.82321e-02	AbsError: 2.00000e-02
      Equation: "PotentialEquation"	RelError: 3.82321e-02	AbsError: 2.00000e-02
Iteration: 1
  Device: "part1_baseline"	RelError: 2.16339e+00	AbsError: 1.16420e+16
    Region: "bulk"	RelError: 2.16164e+00	AbsError: 1.16420e+16
      Equation: "ElectronContinuityEquation"	RelError: 8.38990e-02	AbsError: 1.16295e+16
      Equation: "HoleContinuityEquation"	RelError: 2.63545e-01	AbsError: 1.24509e+13
      Equation: "PotentialEquation"	RelError: 1.81420e+00	AbsError: 9.82274e-04
    Region: "oxide"	RelError: 1.74794e-03	AbsError: 7.85268e-04
      Equation: "PotentialEquation"	RelError: 1.74794e-03	AbsError: 7.85268e-04
Iteration: 2
  Device: "part1_baseline"	RelError: 1.19620e-02	AbsError: 1.95312e+13
    Region: "bulk"	RelError: 1.19543e-02	AbsError: 1.95312e+13
      Equation: "ElectronContinuityEquation"	RelError: 4.61897e-04	AbsError: 1.94751e+13
      Equation: "HoleContinuityEquation"	RelError: 2.04291e-03	AbsError: 5.61098e+10
      Equation: "PotentialEquation"	RelError: 9.44953e-03	AbsError: 5.26349e-06
    Region: "oxide"	RelError: 7.66994e-06	AbsError: 3.49436e-06
      Equation: "PotentialEquation"	RelError: 7.66994e-06	AbsError: 3.49436e-06
Iteration: 3
  Device: "part1_baseline"	RelError: 4.29393e-07	AbsError: 5.57234e+08
    Region: "bulk"	RelError: 4.29112e-07	AbsError: 5.57234e+08
      Equation: "ElectronContinuityEquation"	RelError: 2.13071e-08	AbsError: 5.55705e+08
      Equation: "HoleContinuityEquation"	RelError: 1.04855e-07	AbsError: 1.52831e+06
      Equation: "PotentialEquation"	RelError: 3.02950e-07	AbsError: 1.93926e-10
    Region: "oxide"	RelError: 2.80608e-10	AbsError: 1.28573e-10
      Equation: "PotentialEquation"	RelError: 2.80608e-10	AbsError: 1.28573e-10
number of equations 7095
Iteration: 0
  Device: "part1_baseline"	RelError: 2.16678e+01	AbsError: 1.32496e+17
    Region: "bulk"	RelError: 2.16310e+01	AbsError: 1.32496e+17
      Equation: "ElectronContinuityEquation"	RelError: 3.36052e-01	AbsError: 1.32392e+17
      Equation: "HoleContinuityEquation"	RelError: 1.04401e+00	AbsError: 1.04637e+14
      Equation: "PotentialEquation"	RelError: 2.02509e+01	AbsError: 1.32223e-02
    Region: "oxide"	RelError: 3.68242e-02	AbsError: 2.00000e-02
      Equation: "PotentialEquation"	RelError: 3.68242e-02	AbsError: 2.00000e-02
Iteration: 1
  Device: "part1_baseline"	RelError: 2.32537e+00	AbsError: 1.27359e+16
    Region: "bulk"	RelError: 2.32365e+00	AbsError: 1.27359e+16
      Equation: "ElectronContinuityEquation"	RelError: 6.40896e-02	AbsError: 1.27249e+16
      Equation: "HoleContinuityEquation"	RelError: 2.09002e-01	AbsError: 1.09789e+13
      Equation: "PotentialEquation"	RelError: 2.05056e+00	AbsError: 9.63802e-04
    Region: "oxide"	RelError: 1.71954e-03	AbsError: 8.00048e-04
      Equation: "PotentialEquation"	RelError: 1.71954e-03	AbsError: 8.00048e-04
Iteration: 2
  Device: "part1_baseline"	RelError: 9.80378e-03	AbsError: 2.33787e+13
    Region: "bulk"	RelError: 9.79606e-03	AbsError: 2.33787e+13
      Equation: "ElectronContinuityEquation"	RelError: 3.01534e-04	AbsError: 2.33307e+13
      Equation: "HoleContinuityEquation"	RelError: 1.54471e-03	AbsError: 4.79994e+10
      Equation: "PotentialEquation"	RelError: 7.94982e-03	AbsError: 5.16361e-06
    Region: "oxide"	RelError: 7.72361e-06	AbsError: 3.61455e-06
      Equation: "PotentialEquation"	RelError: 7.72361e-06	AbsError: 3.61455e-06
Iteration: 3
  Device: "part1_baseline"	RelError: 2.33342e-07	AbsError: 5.74335e+08
    Region: "bulk"	RelError: 2.33075e-07	AbsError: 5.74335e+08
      Equation: "ElectronContinuityEquation"	RelError: 1.69650e-08	AbsError: 5.73166e+08
      Equation: "HoleContinuityEquation"	RelError: 8.41277e-08	AbsError: 1.16846e+06
      Equation: "PotentialEquation"	RelError: 1.31982e-07	AbsError: 1.79871e-10
    Region: "oxide"	RelError: 2.66471e-10	AbsError: 1.24705e-10
      Equation: "PotentialEquation"	RelError: 2.66471e-10	AbsError: 1.24705e-10
number of equations 7095
Iteration: 0
  Device: "part1_baseline"	RelError: 1.04531e+01	AbsError: 1.57107e+17
    Region: "bulk"	RelError: 1.04176e+01	AbsError: 1.57107e+17
      Equation: "ElectronContinuityEquation"	RelError: 3.08412e-01	AbsError: 1.57024e+17
      Equation: "HoleContinuityEquation"	RelError: 8.17258e-01	AbsError: 8.33770e+13
      Equation: "PotentialEquation"	RelError: 9.29191e+00	AbsError: 1.16420e-02
    Region: "oxide"	RelError: 3.55163e-02	AbsError: 2.00000e-02
      Equation: "PotentialEquation"	RelError: 3.55163e-02	AbsError: 2.00000e-02
Iteration: 1
  Device: "part1_baseline"	RelError: 9.81369e-01	AbsError: 1.36228e+16
    Region: "bulk"	RelError: 9.79812e-01	AbsError: 1.36228e+16
      Equation: "ElectronContinuityEquation"	RelError: 4.80078e-02	AbsError: 1.36138e+16
      Equation: "HoleContinuityEquation"	RelError: 1.61142e-01	AbsError: 9.02731e+12
      Equation: "PotentialEquation"	RelError: 7.70663e-01	AbsError: 8.55590e-04
    Region: "oxide"	RelError: 1.55700e-03	AbsError: 7.42295e-04
      Equation: "PotentialEquation"	RelError: 1.55700e-03	AbsError: 7.42295e-04
Iteration: 2
  Device: "part1_baseline"	RelError: 4.05454e-03	AbsError: 1.99528e+13
    Region: "bulk"	RelError: 4.04881e-03	AbsError: 1.99528e+13
      Equation: "ElectronContinuityEquation"	RelError: 2.43039e-04	AbsError: 1.99196e+13
      Equation: "HoleContinuityEquation"	RelError: 1.03117e-03	AbsError: 3.32315e+10
      Equation: "PotentialEquation"	RelError: 2.77460e-03	AbsError: 3.77092e-06
    Region: "oxide"	RelError: 5.73013e-06	AbsError: 2.73964e-06
      Equation: "PotentialEquation"	RelError: 5.73013e-06	AbsError: 2.73964e-06
Iteration: 3
  Device: "part1_baseline"	RelError: 9.16717e-08	AbsError: 3.24718e+08
    Region: "bulk"	RelError: 9.15399e-08	AbsError: 3.24718e+08
      Equation: "ElectronContinuityEquation"	RelError: 1.06563e-08	AbsError: 3.24180e+08
      Equation: "HoleContinuityEquation"	RelError: 4.11185e-08	AbsError: 5.38138e+05
      Equation: "PotentialEquation"	RelError: 3.97651e-08	AbsError: 8.85491e-11
    Region: "oxide"	RelError: 1.31778e-10	AbsError: 6.31043e-11
      Equation: "PotentialEquation"	RelError: 1.31778e-10	AbsError: 6.31043e-11
number of equations 7095
Iteration: 0
  Device: "part1_baseline"	RelError: 2.55445e+00	AbsError: 1.82707e+17
    Region: "bulk"	RelError: 2.52015e+00	AbsError: 1.82707e+17
      Equation: "ElectronContinuityEquation"	RelError: 2.81118e-01	AbsError: 1.82640e+17
      Equation: "HoleContinuityEquation"	RelError: 6.49338e-01	AbsError: 6.69370e+13
      Equation: "PotentialEquation"	RelError: 1.58970e+00	AbsError: 1.01917e-02
    Region: "oxide"	RelError: 3.42982e-02	AbsError: 2.00000e-02
      Equation: "PotentialEquation"	RelError: 3.42982e-02	AbsError: 2.00000e-02
Iteration: 1
  Device: "part1_baseline"	RelError: 3.51625e-01	AbsError: 1.43065e+16
    Region: "bulk"	RelError: 3.50291e-01	AbsError: 1.43065e+16
      Equation: "ElectronContinuityEquation"	RelError: 3.58934e-02	AbsError: 1.42994e+16
      Equation: "HoleContinuityEquation"	RelError: 1.23023e-01	AbsError: 7.10172e+12
      Equation: "PotentialEquation"	RelError: 1.91375e-01	AbsError: 7.15282e-04
    Region: "oxide"	RelError: 1.33407e-03	AbsError: 6.48747e-04
      Equation: "PotentialEquation"	RelError: 1.33407e-03	AbsError: 6.48747e-04
Iteration: 2
  Device: "part1_baseline"	RelError: 1.36779e-03	AbsError: 1.38856e+13
    Region: "bulk"	RelError: 1.36421e-03	AbsError: 1.38856e+13
      Equation: "ElectronContinuityEquation"	RelError: 1.71762e-04	AbsError: 1.38654e+13
      Equation: "HoleContinuityEquation"	RelError: 6.48532e-04	AbsError: 2.02055e+10
      Equation: "PotentialEquation"	RelError: 5.43915e-04	AbsError: 2.32661e-06
    Region: "oxide"	RelError: 3.58493e-06	AbsError: 1.74333e-06
      Equation: "PotentialEquation"	RelError: 3.58493e-06	AbsError: 1.74333e-06
Iteration: 3
  Device: "part1_baseline"	RelError: 2.47924e-08	AbsError: 1.24509e+08
    Region: "bulk"	RelError: 2.47477e-08	AbsError: 1.24509e+08
      Equation: "ElectronContinuityEquation"	RelError: 4.94980e-09	AbsError: 1.24329e+08
      Equation: "HoleContinuityEquation"	RelError: 1.50822e-08	AbsError: 1.80153e+05
      Equation: "PotentialEquation"	RelError: 4.71569e-09	AbsError: 3.00892e-11
    Region: "oxide"	RelError: 4.47050e-11	AbsError: 2.18338e-11
      Equation: "PotentialEquation"	RelError: 4.47050e-11	AbsError: 2.18338e-11
number of equations 7095
Iteration: 0
  Device: "part1_baseline"	RelError: 1.70513e+00	AbsError: 2.08806e+17
    Region: "bulk"	RelError: 1.67197e+00	AbsError: 2.08806e+17
      Equation: "ElectronContinuityEquation"	RelError: 2.55613e-01	AbsError: 2.08752e+17
      Equation: "HoleContinuityEquation"	RelError: 5.26687e-01	AbsError: 5.38241e+13
      Equation: "PotentialEquation"	RelError: 8.89665e-01	AbsError: 8.93074e-03
    Region: "oxide"	RelError: 3.31608e-02	AbsError: 2.00000e-02
      Equation: "PotentialEquation"	RelError: 3.31608e-02	AbsError: 2.00000e-02
Iteration: 1
  Device: "part1_baseline"	RelError: 1.99720e-01	AbsError: 1.46954e+16
    Region: "bulk"	RelError: 1.98608e-01	AbsError: 1.46954e+16
      Equation: "ElectronContinuityEquation"	RelError: 2.70703e-02	AbsError: 1.46900e+16
      Equation: "HoleContinuityEquation"	RelError: 9.42771e-02	AbsError: 5.46497e+12
      Equation: "PotentialEquation"	RelError: 7.72606e-02	AbsError: 5.83209e-04
    Region: "oxide"	RelError: 1.11250e-03	AbsError: 5.50327e-04
      Equation: "PotentialEquation"	RelError: 1.11250e-03	AbsError: 5.50327e-04
Iteration: 2
  Device: "part1_baseline"	RelError: 6.55398e-04	AbsError: 8.41739e+12
    Region: "bulk"	RelError: 6.53344e-04	AbsError: 8.41739e+12
      Equation: "ElectronContinuityEquation"	RelError: 1.13728e-04	AbsError: 8.40585e+12
      Equation: "HoleContinuityEquation"	RelError: 4.07667e-04	AbsError: 1.15328e+10
      Equation: "PotentialEquation"	RelError: 1.31950e-04	AbsError: 1.31370e-06
    Region: "oxide"	RelError: 2.05326e-06	AbsError: 1.01570e-06
      Equation: "PotentialEquation"	RelError: 2.05326e-06	AbsError: 1.01570e-06
Iteration: 3
  Device: "part1_baseline"	RelError: 7.30257e-09	AbsError: 3.96067e+07
    Region: "bulk"	RelError: 7.28989e-09	AbsError: 3.96067e+07
      Equation: "ElectronContinuityEquation"	RelError: 1.97555e-09	AbsError: 3.95559e+07
      Equation: "HoleContinuityEquation"	RelError: 4.72042e-09	AbsError: 5.08153e+04
      Equation: "PotentialEquation"	RelError: 5.93917e-10	AbsError: 8.50868e-12
    Region: "oxide"	RelError: 1.26779e-11	AbsError: 6.27143e-12
      Equation: "PotentialEquation"	RelError: 1.26779e-11	AbsError: 6.27143e-12
number of equations 7095
Iteration: 0
  Device: "part1_baseline"	RelError: 2.75645e+00	AbsError: 2.34951e+17
    Region: "bulk"	RelError: 2.72436e+00	AbsError: 2.34951e+17
      Equation: "ElectronContinuityEquation"	RelError: 2.32519e-01	AbsError: 2.34907e+17
      Equation: "HoleContinuityEquation"	RelError: 4.36238e-01	AbsError: 4.35380e+13
      Equation: "PotentialEquation"	RelError: 2.05560e+00	AbsError: 7.86289e-03
    Region: "oxide"	RelError: 3.20965e-02	AbsError: 2.00000e-02
      Equation: "PotentialEquation"	RelError: 3.20965e-02	AbsError: 2.00000e-02
Iteration: 1
  Device: "part1_baseline"	RelError: 2.50959e-01	AbsError: 1.47758e+16
    Region: "bulk"	RelError: 2.50039e-01	AbsError: 1.47758e+16
      Equation: "ElectronContinuityEquation"	RelError: 2.07099e-02	AbsError: 1.47716e+16
      Equation: "HoleContinuityEquation"	RelError: 7.30726e-02	AbsError: 4.18136e+12
      Equation: "PotentialEquation"	RelError: 1.56256e-01	AbsError: 4.76990e-04
    Region: "oxide"	RelError: 9.20295e-04	AbsError: 4.61969e-04
      Equation: "PotentialEquation"	RelError: 9.20295e-04	AbsError: 4.61969e-04
Iteration: 2
  Device: "part1_baseline"	RelError: 5.40980e-04	AbsError: 5.86420e+12
    Region: "bulk"	RelError: 5.39842e-04	AbsError: 5.86420e+12
      Equation: "ElectronContinuityEquation"	RelError: 7.33712e-05	AbsError: 5.85772e+12
      Equation: "HoleContinuityEquation"	RelError: 2.66547e-04	AbsError: 6.47776e+09
      Equation: "PotentialEquation"	RelError: 1.99924e-04	AbsError: 7.15404e-07
    Region: "oxide"	RelError: 1.13728e-06	AbsError: 5.71000e-07
      Equation: "PotentialEquation"	RelError: 1.13728e-06	AbsError: 5.71000e-07
Iteration: 3
  Device: "part1_baseline"	RelError: 2.40203e-09	AbsError: 1.17242e+07
    Region: "bulk"	RelError: 2.39867e-09	AbsError: 1.17242e+07
      Equation: "ElectronContinuityEquation"	RelError: 7.45477e-10	AbsError: 1.17109e+07
      Equation: "HoleContinuityEquation"	RelError: 1.37502e-09	AbsError: 1.32767e+04
      Equation: "PotentialEquation"	RelError: 2.78171e-10	AbsError: 2.24272e-12
    Region: "oxide"	RelError: 3.36319e-12	AbsError: 1.68858e-12
      Equation: "PotentialEquation"	RelError: 3.36319e-12	AbsError: 1.68858e-12
number of equations 7095
Iteration: 0
  Device: "part1_baseline"	RelError: 3.91181e+00	AbsError: 2.60751e+17
    Region: "bulk"	RelError: 3.88072e+00	AbsError: 2.60751e+17
      Equation: "ElectronContinuityEquation"	RelError: 2.11932e-01	AbsError: 2.60716e+17
      Equation: "HoleContinuityEquation"	RelError: 3.68181e-01	AbsError: 3.55446e+13
      Equation: "PotentialEquation"	RelError: 3.30060e+00	AbsError: 6.96631e-03
    Region: "oxide"	RelError: 3.10983e-02	AbsError: 2.00000e-02
      Equation: "PotentialEquation"	RelError: 3.10983e-02	AbsError: 2.00000e-02
Iteration: 1
  Device: "part1_baseline"	RelError: 4.68026e-01	AbsError: 1.46148e+16
    Region: "bulk"	RelError: 4.67263e-01	AbsError: 1.46148e+16
      Equation: "ElectronContinuityEquation"	RelError: 1.60108e-02	AbsError: 1.46116e+16
      Equation: "HoleContinuityEquation"	RelError: 5.74581e-02	AbsError: 3.24297e+12
      Equation: "PotentialEquation"	RelError: 3.93794e-01	AbsError: 3.89190e-04
    Region: "oxide"	RelError: 7.62777e-04	AbsError: 3.87821e-04
      Equation: "PotentialEquation"	RelError: 7.62777e-04	AbsError: 3.87821e-04
Iteration: 2
  Device: "part1_baseline"	RelError: 6.11135e-04	AbsError: 5.26966e+12
    Region: "bulk"	RelError: 6.10506e-04	AbsError: 5.26966e+12
      Equation: "ElectronContinuityEquation"	RelError: 4.72747e-05	AbsError: 5.26597e+12
      Equation: "HoleContinuityEquation"	RelError: 1.74522e-04	AbsError: 3.69135e+09
      Equation: "PotentialEquation"	RelError: 3.88710e-04	AbsError: 3.90610e-07
    Region: "oxide"	RelError: 6.28871e-07	AbsError: 3.19879e-07
      Equation: "PotentialEquation"	RelError: 6.28871e-07	AbsError: 3.19879e-07
Iteration: 3
  Device: "part1_baseline"	RelError: 9.37058e-10	AbsError: 3.45241e+06
    Region: "bulk"	RelError: 9.36176e-10	AbsError: 3.45241e+06
      Equation: "ElectronContinuityEquation"	RelError: 2.81365e-10	AbsError: 3.44901e+06
      Equation: "HoleContinuityEquation"	RelError: 3.99670e-10	AbsError: 3.39917e+03
      Equation: "PotentialEquation"	RelError: 2.55141e-10	AbsError: 5.79643e-13
    Region: "oxide"	RelError: 8.81966e-13	AbsError: 4.48617e-13
      Equation: "PotentialEquation"	RelError: 8.81966e-13	AbsError: 4.48617e-13
number of equations 7095
Iteration: 0
  Device: "part1_baseline"	RelError: 1.33322e+00	AbsError: 2.85890e+17
    Region: "bulk"	RelError: 1.30306e+00	AbsError: 2.85890e+17
      Equation: "ElectronContinuityEquation"	RelError: 1.93802e-01	AbsError: 2.85861e+17
      Equation: "HoleContinuityEquation"	RelError: 3.15785e-01	AbsError: 2.93302e+13
      Equation: "PotentialEquation"	RelError: 7.93472e-01	AbsError: 6.21286e-03
    Region: "oxide"	RelError: 3.01604e-02	AbsError: 2.00000e-02
      Equation: "PotentialEquation"	RelError: 3.01604e-02	AbsError: 2.00000e-02
Iteration: 1
  Device: "part1_baseline"	RelError: 1.27687e-01	AbsError: 1.42681e+16
    Region: "bulk"	RelError: 1.27051e-01	AbsError: 1.42681e+16
      Equation: "ElectronContinuityEquation"	RelError: 1.25150e-02	AbsError: 1.42656e+16
      Equation: "HoleContinuityEquation"	RelError: 4.58559e-02	AbsError: 2.53002e+12
      Equation: "PotentialEquation"	RelError: 6.86802e-02	AbsError: 3.27206e-04
    Region: "oxide"	RelError: 6.36232e-04	AbsError: 3.27206e-04
      Equation: "PotentialEquation"	RelError: 6.36232e-04	AbsError: 3.27206e-04
Iteration: 2
  Device: "part1_baseline"	RelError: 2.14199e-04	AbsError: 4.69103e+12
    Region: "bulk"	RelError: 2.13846e-04	AbsError: 4.69103e+12
      Equation: "ElectronContinuityEquation"	RelError: 3.07953e-05	AbsError: 4.68885e+12
      Equation: "HoleContinuityEquation"	RelError: 1.28076e-04	AbsError: 2.17442e+09
      Equation: "PotentialEquation"	RelError: 5.49746e-05	AbsError: 2.19150e-07
    Region: "oxide"	RelError: 3.53296e-07	AbsError: 1.81785e-07
      Equation: "PotentialEquation"	RelError: 3.53296e-07	AbsError: 1.81785e-07
Iteration: 3
  Device: "part1_baseline"	RelError: 2.59859e-10	AbsError: 1.43974e+06
    Region: "bulk"	RelError: 2.59623e-10	AbsError: 1.43974e+06
      Equation: "ElectronContinuityEquation"	RelError: 1.09619e-10	AbsError: 1.43886e+06
      Equation: "HoleContinuityEquation"	RelError: 1.20303e-10	AbsError: 8.84235e+02
      Equation: "PotentialEquation"	RelError: 2.97006e-11	AbsError: 1.51175e-13
    Region: "oxide"	RelError: 2.36383e-13	AbsError: 1.21629e-13
      Equation: "PotentialEquation"	RelError: 2.36383e-13	AbsError: 1.21629e-13
number of equations 7095
Iteration: 0
  Device: "part1_baseline"	RelError: 1.70005e+00	AbsError: 3.10128e+17
    Region: "bulk"	RelError: 1.67078e+00	AbsError: 3.10128e+17
      Equation: "ElectronContinuityEquation"	RelError: 1.77802e-01	AbsError: 3.10104e+17
      Equation: "HoleContinuityEquation"	RelError: 2.74658e-01	AbsError: 2.44701e+13
      Equation: "PotentialEquation"	RelError: 1.21832e+00	AbsError: 5.57806e-03
    Region: "oxide"	RelError: 2.92774e-02	AbsError: 2.00000e-02
      Equation: "PotentialEquation"	RelError: 2.92774e-02	AbsError: 2.00000e-02
Iteration: 1
  Device: "part1_baseline"	RelError: 1.39929e-01	AbsError: 1.37836e+16
    Region: "bulk"	RelError: 1.39394e-01	AbsError: 1.37836e+16
      Equation: "ElectronContinuityEquation"	RelError: 9.89196e-03	AbsError: 1.37816e+16
      Equation: "HoleContinuityEquation"	RelError: 3.71162e-02	AbsError: 1.99257e+12
      Equation: "PotentialEquation"	RelError: 9.23856e-02	AbsError: 2.77971e-04
    Region: "oxide"	RelError: 5.34953e-04	AbsError: 2.77971e-04
      Equation: "PotentialEquation"	RelError: 5.34953e-04	AbsError: 2.77971e-04
Iteration: 2
  Device: "part1_baseline"	RelError: 1.83161e-04	AbsError: 4.24530e+12
    Region: "bulk"	RelError: 1.82957e-04	AbsError: 4.24530e+12
      Equation: "ElectronContinuityEquation"	RelError: 2.03945e-05	AbsError: 4.24396e+12
      Equation: "HoleContinuityEquation"	RelError: 9.48700e-05	AbsError: 1.33805e+09
      Equation: "PotentialEquation"	RelError: 6.76929e-05	AbsError: 1.28440e-07
    Region: "oxide"	RelError: 2.03563e-07	AbsError: 1.05820e-07
      Equation: "PotentialEquation"	RelError: 2.03563e-07	AbsError: 1.05820e-07
Iteration: 3
  Device: "part1_baseline"	RelError: 1.00673e-10	AbsError: 6.86755e+05
    Region: "bulk"	RelError: 1.00607e-10	AbsError: 6.86755e+05
      Equation: "ElectronContinuityEquation"	RelError: 4.48284e-11	AbsError: 6.86482e+05
      Equation: "HoleContinuityEquation"	RelError: 3.84100e-11	AbsError: 2.73041e+02
      Equation: "PotentialEquation"	RelError: 1.73686e-11	AbsError: 4.05024e-14
    Region: "oxide"	RelError: 6.59322e-14	AbsError: 3.42742e-14
      Equation: "PotentialEquation"	RelError: 6.59322e-14	AbsError: 3.42742e-14
number of equations 7095
Iteration: 0
  Device: "part1_baseline"	RelError: 1.33604e+01	AbsError: 3.33298e+17
    Region: "bulk"	RelError: 1.33320e+01	AbsError: 3.33298e+17
      Equation: "ElectronContinuityEquation"	RelError: 1.63604e-01	AbsError: 3.33277e+17
      Equation: "HoleContinuityEquation"	RelError: 2.41618e-01	AbsError: 2.06358e+13
      Equation: "PotentialEquation"	RelError: 1.29268e+01	AbsError: 5.03762e-03
    Region: "oxide"	RelError: 2.84446e-02	AbsError: 2.00000e-02
      Equation: "PotentialEquation"	RelError: 2.84446e-02	AbsError: 2.00000e-02
Iteration: 1
  Device: "part1_baseline"	RelError: 5.43401e-01	AbsError: 1.32010e+16
    Region: "bulk"	RelError: 5.42947e-01	AbsError: 1.32010e+16
      Equation: "ElectronContinuityEquation"	RelError: 7.87783e-03	AbsError: 1.31994e+16
      Equation: "HoleContinuityEquation"	RelError: 3.04476e-02	AbsError: 1.58487e+12
      Equation: "PotentialEquation"	RelError: 5.04622e-01	AbsError: 2.37870e-04
    Region: "oxide"	RelError: 4.53530e-04	AbsError: 2.37870e-04
      Equation: "PotentialEquation"	RelError: 4.53530e-04	AbsError: 2.37870e-04
Iteration: 2
  Device: "part1_baseline"	RelError: 3.84235e-04	AbsError: 3.85574e+12
    Region: "bulk"	RelError: 3.84114e-04	AbsError: 3.85574e+12
      Equation: "ElectronContinuityEquation"	RelError: 1.37659e-05	AbsError: 3.85488e+12
      Equation: "HoleContinuityEquation"	RelError: 7.07041e-05	AbsError: 8.63985e+08
      Equation: "PotentialEquation"	RelError: 2.99644e-04	AbsError: 7.99926e-08
    Region: "oxide"	RelError: 1.20906e-07	AbsError: 6.34318e-08
      Equation: "PotentialEquation"	RelError: 1.20906e-07	AbsError: 6.34318e-08
Iteration: 3
  Device: "part1_baseline"	RelError: 8.11399e-11	AbsError: 3.49934e+05
    Region: "bulk"	RelError: 8.11205e-11	AbsError: 3.49934e+05
      Equation: "ElectronContinuityEquation"	RelError: 1.93974e-11	AbsError: 3.49836e+05
      Equation: "HoleContinuityEquation"	RelError: 2.14470e-11	AbsError: 9.78565e+01
      Equation: "PotentialEquation"	RelError: 4.02761e-11	AbsError: 1.20756e-14
    Region: "oxide"	RelError: 1.93741e-14	AbsError: 1.01644e-14
      Equation: "PotentialEquation"	RelError: 1.93741e-14	AbsError: 1.01644e-14
number of equations 7095
Iteration: 0
  Device: "part1_baseline"	RelError: 1.61883e+00	AbsError: 3.55294e+17
    Region: "bulk"	RelError: 1.59117e+00	AbsError: 3.55294e+17
      Equation: "ElectronContinuityEquation"	RelError: 1.50985e-01	AbsError: 3.55276e+17
      Equation: "HoleContinuityEquation"	RelError: 2.14618e-01	AbsError: 1.75807e+13
      Equation: "PotentialEquation"	RelError: 1.22557e+00	AbsError: 4.57416e-03
    Region: "oxide"	RelError: 2.76579e-02	AbsError: 2.00000e-02
      Equation: "PotentialEquation"	RelError: 2.76579e-02	AbsError: 2.00000e-02
Iteration: 1
  Device: "part1_baseline"	RelError: 1.32227e-01	AbsError: 1.25512e+16
    Region: "bulk"	RelError: 1.31839e-01	AbsError: 1.25512e+16
      Equation: "ElectronContinuityEquation"	RelError: 6.32651e-03	AbsError: 1.25499e+16
      Equation: "HoleContinuityEquation"	RelError: 2.52697e-02	AbsError: 1.27364e+12
      Equation: "PotentialEquation"	RelError: 1.00243e-01	AbsError: 2.04989e-04
    Region: "oxide"	RelError: 3.87553e-04	AbsError: 2.04989e-04
      Equation: "PotentialEquation"	RelError: 3.87553e-04	AbsError: 2.04989e-04
Iteration: 2
  Device: "part1_baseline"	RelError: 1.12720e-04	AbsError: 3.37960e+12
    Region: "bulk"	RelError: 1.12646e-04	AbsError: 3.37960e+12
      Equation: "ElectronContinuityEquation"	RelError: 9.47930e-06	AbsError: 3.37902e+12
      Equation: "HoleContinuityEquation"	RelError: 5.31418e-05	AbsError: 5.85230e+08
      Equation: "PotentialEquation"	RelError: 5.00251e-05	AbsError: 5.31698e-08
    Region: "oxide"	RelError: 7.42585e-08	AbsError: 3.92680e-08
      Equation: "PotentialEquation"	RelError: 7.42585e-08	AbsError: 3.92680e-08
Iteration: 3
  Device: "part1_baseline"	RelError: 2.67848e-11	AbsError: 2.11226e+05
    Region: "bulk"	RelError: 2.67786e-11	AbsError: 2.11226e+05
      Equation: "ElectronContinuityEquation"	RelError: 8.90421e-12	AbsError: 2.11183e+05
      Equation: "HoleContinuityEquation"	RelError: 1.36718e-11	AbsError: 4.29004e+01
      Equation: "PotentialEquation"	RelError: 4.20264e-12	AbsError: 6.85447e-15
    Region: "oxide"	RelError: 6.12588e-15	AbsError: 3.25345e-15
      Equation: "PotentialEquation"	RelError: 6.12588e-15	AbsError: 3.25345e-15
number of equations 7095
Iteration: 0
  Device: "part1_baseline"	RelError: 8.94838e-01	AbsError: 3.76062e+17
    Region: "bulk"	RelError: 8.67925e-01	AbsError: 3.76062e+17
      Equation: "ElectronContinuityEquation"	RelError: 1.39744e-01	AbsError: 3.76047e+17
      Equation: "HoleContinuityEquation"	RelError: 1.92233e-01	AbsError: 1.51213e+13
      Equation: "PotentialEquation"	RelError: 5.35947e-01	AbsError: 4.17400e-03
    Region: "oxide"	RelError: 2.69135e-02	AbsError: 2.00000e-02
      Equation: "PotentialEquation"	RelError: 2.69135e-02	AbsError: 2.00000e-02
Iteration: 1
  Device: "part1_baseline"	RelError: 6.57383e-02	AbsError: 1.18677e+16
    Region: "bulk"	RelError: 6.54047e-02	AbsError: 1.18677e+16
      Equation: "ElectronContinuityEquation"	RelError: 5.12491e-03	AbsError: 1.18667e+16
      Equation: "HoleContinuityEquation"	RelError: 2.11919e-02	AbsError: 1.03403e+12
      Equation: "PotentialEquation"	RelError: 3.90879e-02	AbsError: 1.77861e-04
    Region: "oxide"	RelError: 3.33616e-04	AbsError: 1.77861e-04
      Equation: "PotentialEquation"	RelError: 3.33616e-04	AbsError: 1.77861e-04
Iteration: 2
  Device: "part1_baseline"	RelError: 6.39562e-05	AbsError: 2.93599e+12
    Region: "bulk"	RelError: 6.39090e-05	AbsError: 2.93599e+12
      Equation: "ElectronContinuityEquation"	RelError: 6.65620e-06	AbsError: 2.93557e+12
      Equation: "HoleContinuityEquation"	RelError: 4.02921e-05	AbsError: 4.14331e+08
      Equation: "PotentialEquation"	RelError: 1.69607e-05	AbsError: 3.84280e-08
    Region: "oxide"	RelError: 4.72034e-08	AbsError: 2.51446e-08
      Equation: "PotentialEquation"	RelError: 4.72034e-08	AbsError: 2.51446e-08
Iteration: 3
  Device: "part1_baseline"	RelError: 1.39129e-11	AbsError: 1.42108e+05
    Region: "bulk"	RelError: 1.39094e-11	AbsError: 1.42108e+05
      Equation: "ElectronContinuityEquation"	RelError: 4.33240e-12	AbsError: 1.42085e+05
      Equation: "HoleContinuityEquation"	RelError: 8.50297e-12	AbsError: 2.28495e+01
      Equation: "PotentialEquation"	RelError: 1.07399e-12	AbsError: 4.51267e-15
    Region: "oxide"	RelError: 3.50052e-15	AbsError: 1.92718e-15
      Equation: "PotentialEquation"	RelError: 3.50052e-15	AbsError: 1.92718e-15
number of equations 7095
Iteration: 0
  Device: "part1_baseline"	RelError: 9.54625e-01	AbsError: 3.95591e+17
    Region: "bulk"	RelError: 9.28417e-01	AbsError: 3.95591e+17
      Equation: "ElectronContinuityEquation"	RelError: 1.29725e-01	AbsError: 3.95578e+17
      Equation: "HoleContinuityEquation"	RelError: 1.73442e-01	AbsError: 1.31212e+13
      Equation: "PotentialEquation"	RelError: 6.25250e-01	AbsError: 3.82629e-03
    Region: "oxide"	RelError: 2.62082e-02	AbsError: 2.00000e-02
      Equation: "PotentialEquation"	RelError: 2.62082e-02	AbsError: 2.00000e-02
Iteration: 1
  Device: "part1_baseline"	RelError: 5.97350e-02	AbsError: 1.11573e+16
    Region: "bulk"	RelError: 5.94458e-02	AbsError: 1.11573e+16
      Equation: "ElectronContinuityEquation"	RelError: 4.17830e-03	AbsError: 1.11564e+16
      Equation: "HoleContinuityEquation"	RelError: 1.79402e-02	AbsError: 8.47818e+11
      Equation: "PotentialEquation"	RelError: 3.73274e-02	AbsError: 1.55306e-04
    Region: "oxide"	RelError: 2.89159e-04	AbsError: 1.55306e-04
      Equation: "PotentialEquation"	RelError: 2.89159e-04	AbsError: 1.55306e-04
Iteration: 2
  Device: "part1_baseline"	RelError: 4.86713e-05	AbsError: 2.52580e+12
    Region: "bulk"	RelError: 4.86403e-05	AbsError: 2.52580e+12
      Equation: "ElectronContinuityEquation"	RelError: 4.76056e-06	AbsError: 2.52550e+12
      Equation: "HoleContinuityEquation"	RelError: 3.08044e-05	AbsError: 3.04880e+08
      Equation: "PotentialEquation"	RelError: 1.30753e-05	AbsError: 2.90387e-08
    Region: "oxide"	RelError: 3.10596e-08	AbsError: 1.66662e-08
      Equation: "PotentialEquation"	RelError: 3.10596e-08	AbsError: 1.66662e-08
Iteration: 3
  Device: "part1_baseline"	RelError: 8.06721e-12	AbsError: 9.18237e+04
    Region: "bulk"	RelError: 8.06493e-12	AbsError: 9.18237e+04
      Equation: "ElectronContinuityEquation"	RelError: 2.22718e-12	AbsError: 9.18098e+04
      Equation: "HoleContinuityEquation"	RelError: 5.26053e-12	AbsError: 1.39498e+01
      Equation: "PotentialEquation"	RelError: 5.77211e-13	AbsError: 3.01637e-15
    Region: "oxide"	RelError: 2.28188e-15	AbsError: 1.26389e-15
      Equation: "PotentialEquation"	RelError: 2.28188e-15	AbsError: 1.26389e-15
number of equations 7095
Iteration: 0
  Device: "part1_baseline"	RelError: 1.42941e+00	AbsError: 4.13897e+17
    Region: "bulk"	RelError: 1.40388e+00	AbsError: 4.13897e+17
      Equation: "ElectronContinuityEquation"	RelError: 1.20805e-01	AbsError: 4.13885e+17
      Equation: "HoleContinuityEquation"	RelError: 1.57497e-01	AbsError: 1.14787e+13
      Equation: "PotentialEquation"	RelError: 1.12557e+00	AbsError: 3.52239e-03
    Region: "oxide"	RelError: 2.55388e-02	AbsError: 2.00000e-02
      Equation: "PotentialEquation"	RelError: 2.55388e-02	AbsError: 2.00000e-02
Iteration: 1
  Device: "part1_baseline"	RelError: 8.09332e-02	AbsError: 1.04564e+16
    Region: "bulk"	RelError: 8.06810e-02	AbsError: 1.04564e+16
      Equation: "ElectronContinuityEquation"	RelError: 3.42856e-03	AbsError: 1.04557e+16
      Equation: "HoleContinuityEquation"	RelError: 1.53177e-02	AbsError: 7.01682e+11
      Equation: "PotentialEquation"	RelError: 6.19348e-02	AbsError: 1.36357e-04
    Region: "oxide"	RelError: 2.52174e-04	AbsError: 1.36357e-04
      Equation: "PotentialEquation"	RelError: 2.52174e-04	AbsError: 1.36357e-04
Iteration: 2
  Device: "part1_baseline"	RelError: 4.72686e-05	AbsError: 2.14356e+12
    Region: "bulk"	RelError: 4.72474e-05	AbsError: 2.14356e+12
      Equation: "ElectronContinuityEquation"	RelError: 3.46413e-06	AbsError: 2.14332e+12
      Equation: "HoleContinuityEquation"	RelError: 2.37492e-05	AbsError: 2.31710e+08
      Equation: "PotentialEquation"	RelError: 2.00341e-05	AbsError: 2.26932e-08
    Region: "oxide"	RelError: 2.11733e-08	AbsError: 1.14346e-08
      Equation: "PotentialEquation"	RelError: 2.11733e-08	AbsError: 1.14346e-08
Iteration: 3
  Device: "part1_baseline"	RelError: 5.22964e-12	AbsError: 5.75245e+04
    Region: "bulk"	RelError: 5.22817e-12	AbsError: 5.75245e+04
      Equation: "ElectronContinuityEquation"	RelError: 1.20412e-12	AbsError: 5.75154e+04
      Equation: "HoleContinuityEquation"	RelError: 3.24479e-12	AbsError: 9.13416e+00
      Equation: "PotentialEquation"	RelError: 7.79263e-13	AbsError: 2.01860e-15
    Region: "oxide"	RelError: 1.46161e-15	AbsError: 8.14103e-16
      Equation: "PotentialEquation"	RelError: 1.46161e-15	AbsError: 8.14103e-16
number of equations 7095
Iteration: 0
  Device: "part1_baseline"	RelError: 1.48138e+01	AbsError: 4.31018e+17
    Region: "bulk"	RelError: 1.47889e+01	AbsError: 4.31018e+17
      Equation: "ElectronContinuityEquation"	RelError: 1.12785e-01	AbsError: 4.31008e+17
      Equation: "HoleContinuityEquation"	RelError: 1.43839e-01	AbsError: 1.01174e+13
      Equation: "PotentialEquation"	RelError: 1.45322e+01	AbsError: 3.25533e-03
    Region: "oxide"	RelError: 2.49028e-02	AbsError: 2.00000e-02
      Equation: "PotentialEquation"	RelError: 2.49028e-02	AbsError: 2.00000e-02
Iteration: 1
  Device: "part1_baseline"	RelError: 4.62903e-01	AbsError: 9.77154e+15
    Region: "bulk"	RelError: 4.62682e-01	AbsError: 9.77154e+15
      Equation: "ElectronContinuityEquation"	RelError: 2.83143e-03	AbsError: 9.77095e+15
      Equation: "HoleContinuityEquation"	RelError: 1.31808e-02	AbsError: 5.85889e+11
      Equation: "PotentialEquation"	RelError: 4.46670e-01	AbsError: 1.20329e-04
    Region: "oxide"	RelError: 2.21171e-04	AbsError: 1.20329e-04
      Equation: "PotentialEquation"	RelError: 2.21171e-04	AbsError: 1.20329e-04
Iteration: 2
  Device: "part1_baseline"	RelError: 1.56540e-04	AbsError: 1.80221e+12
    Region: "bulk"	RelError: 1.56525e-04	AbsError: 1.80221e+12
      Equation: "ElectronContinuityEquation"	RelError: 2.56170e-06	AbsError: 1.80203e+12
      Equation: "HoleContinuityEquation"	RelError: 1.84629e-05	AbsError: 1.80798e+08
      Equation: "PotentialEquation"	RelError: 1.35500e-04	AbsError: 1.81081e-08
    Region: "oxide"	RelError: 1.49411e-08	AbsError: 8.11572e-09
      Equation: "PotentialEquation"	RelError: 1.49411e-08	AbsError: 8.11572e-09
Iteration: 3
  Device: "part1_baseline"	RelError: 7.32380e-12	AbsError: 3.51928e+04
    Region: "bulk"	RelError: 7.32288e-12	AbsError: 3.51928e+04
      Equation: "ElectronContinuityEquation"	RelError: 6.81021e-13	AbsError: 3.51866e+04
      Equation: "HoleContinuityEquation"	RelError: 2.00193e-12	AbsError: 6.16501e+00
      Equation: "PotentialEquation"	RelError: 4.63993e-12	AbsError: 1.34845e-15
    Region: "oxide"	RelError: 9.23709e-16	AbsError: 5.17181e-16
      Equation: "PotentialEquation"	RelError: 9.23709e-16	AbsError: 5.17181e-16
number of equations 7095
Iteration: 0
  Device: "part1_baseline"	RelError: 1.42388e+00	AbsError: 4.47008e+17
    Region: "bulk"	RelError: 1.39958e+00	AbsError: 4.47008e+17
      Equation: "ElectronContinuityEquation"	RelError: 1.05560e-01	AbsError: 4.46999e+17
      Equation: "HoleContinuityEquation"	RelError: 1.32041e-01	AbsError: 8.97909e+12
      Equation: "PotentialEquation"	RelError: 1.16198e+00	AbsError: 3.01948e-03
    Region: "oxide"	RelError: 2.42978e-02	AbsError: 2.00000e-02
      Equation: "PotentialEquation"	RelError: 2.42978e-02	AbsError: 2.00000e-02
Iteration: 1
  Device: "part1_baseline"	RelError: 7.91615e-02	AbsError: 9.10951e+15
    Region: "bulk"	RelError: 7.89665e-02	AbsError: 9.10951e+15
      Equation: "ElectronContinuityEquation"	RelError: 2.35417e-03	AbsError: 9.10902e+15
      Equation: "HoleContinuityEquation"	RelError: 1.14233e-02	AbsError: 4.93277e+11
      Equation: "PotentialEquation"	RelError: 6.51891e-02	AbsError: 1.06688e-04
    Region: "oxide"	RelError: 1.94999e-04	AbsError: 1.06688e-04
      Equation: "PotentialEquation"	RelError: 1.94999e-04	AbsError: 1.06688e-04
Iteration: 2
  Device: "part1_baseline"	RelError: 3.51567e-05	AbsError: 1.50609e+12
    Region: "bulk"	RelError: 3.51458e-05	AbsError: 1.50609e+12
      Equation: "ElectronContinuityEquation"	RelError: 1.92294e-06	AbsError: 1.50595e+12
      Equation: "HoleContinuityEquation"	RelError: 1.44712e-05	AbsError: 1.44086e+08
      Equation: "PotentialEquation"	RelError: 1.87517e-05	AbsError: 1.46185e-08
    Region: "oxide"	RelError: 1.08973e-08	AbsError: 5.95093e-09
      Equation: "PotentialEquation"	RelError: 1.08973e-08	AbsError: 5.95093e-09
Iteration: 3
  Device: "part1_baseline"	RelError: 2.26122e-12	AbsError: 2.11411e+04
    Region: "bulk"	RelError: 2.26065e-12	AbsError: 2.11411e+04
      Equation: "ElectronContinuityEquation"	RelError: 4.00761e-13	AbsError: 2.11368e+04
      Equation: "HoleContinuityEquation"	RelError: 1.30126e-12	AbsError: 4.25432e+00
      Equation: "PotentialEquation"	RelError: 5.58625e-13	AbsError: 8.99871e-16
    Region: "oxide"	RelError: 5.78163e-16	AbsError: 3.25284e-16
      Equation: "PotentialEquation"	RelError: 5.78163e-16	AbsError: 3.25284e-16
number of equations 7095
Iteration: 0
  Device: "part1_baseline"	RelError: 7.70777e-01	AbsError: 4.61928e+17
    Region: "bulk"	RelError: 7.47056e-01	AbsError: 4.61928e+17
      Equation: "ElectronContinuityEquation"	RelError: 9.90346e-02	AbsError: 4.61920e+17
      Equation: "HoleContinuityEquation"	RelError: 1.21775e-01	AbsError: 8.01948e+12
      Equation: "PotentialEquation"	RelError: 5.26246e-01	AbsError: 2.81020e-03
    Region: "oxide"	RelError: 2.37214e-02	AbsError: 2.00000e-02
      Equation: "PotentialEquation"	RelError: 2.37214e-02	AbsError: 2.00000e-02
Iteration: 1
  Device: "part1_baseline"	RelError: 3.91345e-02	AbsError: 8.47892e+15
    Region: "bulk"	RelError: 3.89617e-02	AbsError: 8.47892e+15
      Equation: "ElectronContinuityEquation"	RelError: 1.97221e-03	AbsError: 8.47851e+15
      Equation: "HoleContinuityEquation"	RelError: 9.96537e-03	AbsError: 4.18538e+11
      Equation: "PotentialEquation"	RelError: 2.70241e-02	AbsError: 9.50145e-05
    Region: "oxide"	RelError: 1.72767e-04	AbsError: 9.50145e-05
      Equation: "PotentialEquation"	RelError: 1.72767e-04	AbsError: 9.50145e-05
Iteration: 2
  Device: "part1_baseline"	RelError: 2.03430e-05	AbsError: 1.25429e+12
    Region: "bulk"	RelError: 2.03347e-05	AbsError: 1.25429e+12
      Equation: "ElectronContinuityEquation"	RelError: 1.46363e-06	AbsError: 1.25417e+12
      Equation: "HoleContinuityEquation"	RelError: 1.14388e-05	AbsError: 1.16789e+08
      Equation: "PotentialEquation"	RelError: 7.43229e-06	AbsError: 1.19182e-08
    Region: "oxide"	RelError: 8.31958e-09	AbsError: 4.67389e-09
      Equation: "PotentialEquation"	RelError: 8.31958e-09	AbsError: 4.67389e-09
Iteration: 3
  Device: "part1_baseline"	RelError: 1.29468e-12	AbsError: 1.25198e+04
    Region: "bulk"	RelError: 1.29432e-12	AbsError: 1.25198e+04
      Equation: "ElectronContinuityEquation"	RelError: 2.44135e-13	AbsError: 1.25168e+04
      Equation: "HoleContinuityEquation"	RelError: 8.60105e-13	AbsError: 3.00405e+00
      Equation: "PotentialEquation"	RelError: 1.90077e-13	AbsError: 6.00976e-16
    Region: "oxide"	RelError: 3.59568e-16	AbsError: 2.03217e-16
      Equation: "PotentialEquation"	RelError: 3.59568e-16	AbsError: 2.03217e-16
number of equations 7095
Iteration: 0
  Device: "part1_baseline"	RelError: 5.56945e-01	AbsError: 4.75843e+17
    Region: "bulk"	RelError: 5.33774e-01	AbsError: 4.75843e+17
      Equation: "ElectronContinuityEquation"	RelError: 9.31277e-02	AbsError: 4.75836e+17
      Equation: "HoleContinuityEquation"	RelError: 1.12782e-01	AbsError: 7.20428e+12
      Equation: "PotentialEquation"	RelError: 3.27864e-01	AbsError: 2.62370e-03
    Region: "oxide"	RelError: 2.31717e-02	AbsError: 2.00000e-02
      Equation: "PotentialEquation"	RelError: 2.31717e-02	AbsError: 2.00000e-02
Iteration: 1
  Device: "part1_baseline"	RelError: 2.63921e-02	AbsError: 7.88478e+15
    Region: "bulk"	RelError: 2.62383e-02	AbsError: 7.88478e+15
      Equation: "ElectronContinuityEquation"	RelError: 1.66170e-03	AbsError: 7.88442e+15
      Equation: "HoleContinuityEquation"	RelError: 8.74644e-03	AbsError: 3.57707e+11
      Equation: "PotentialEquation"	RelError: 1.58302e-02	AbsError: 8.49793e-05
    Region: "oxide"	RelError: 1.53771e-04	AbsError: 8.49793e-05
      Equation: "PotentialEquation"	RelError: 1.53771e-04	AbsError: 8.49793e-05
Iteration: 2
  Device: "part1_baseline"	RelError: 1.44335e-05	AbsError: 1.04312e+12
    Region: "bulk"	RelError: 1.44265e-05	AbsError: 1.04312e+12
      Equation: "ElectronContinuityEquation"	RelError: 1.12845e-06	AbsError: 1.04302e+12
      Equation: "HoleContinuityEquation"	RelError: 9.11175e-06	AbsError: 9.59624e+07
      Equation: "PotentialEquation"	RelError: 4.18630e-06	AbsError: 9.80001e-09
    Region: "oxide"	RelError: 6.98677e-09	AbsError: 3.96546e-09
      Equation: "PotentialEquation"	RelError: 6.98677e-09	AbsError: 3.96546e-09
Iteration: 3
  Device: "part1_baseline"	RelError: 8.14032e-13	AbsError: 7.97829e+03
    Region: "bulk"	RelError: 8.13809e-13	AbsError: 7.97829e+03
      Equation: "ElectronContinuityEquation"	RelError: 1.53256e-13	AbsError: 7.97618e+03
      Equation: "HoleContinuityEquation"	RelError: 5.69682e-13	AbsError: 2.11112e+00
      Equation: "PotentialEquation"	RelError: 9.08706e-14	AbsError: 4.02382e-16
    Region: "oxide"	RelError: 2.22771e-16	AbsError: 1.26438e-16
      Equation: "PotentialEquation"	RelError: 2.22771e-16	AbsError: 1.26438e-16
number of equations 7095
Iteration: 0
  Device: "part1_baseline"	RelError: 4.47319e-01	AbsError: 4.88822e+17
    Region: "bulk"	RelError: 4.24672e-01	AbsError: 4.88822e+17
      Equation: "ElectronContinuityEquation"	RelError: 8.77678e-02	AbsError: 4.88815e+17
      Equation: "HoleContinuityEquation"	RelError: 1.04855e-01	AbsError: 6.50677e+12
      Equation: "PotentialEquation"	RelError: 2.32049e-01	AbsError: 2.45679e-03
    Region: "oxide"	RelError: 2.26469e-02	AbsError: 2.00000e-02
      Equation: "PotentialEquation"	RelError: 2.26469e-02	AbsError: 2.00000e-02
Iteration: 1
  Device: "part1_baseline"	RelError: 1.98743e-02	AbsError: 7.32949e+15
    Region: "bulk"	RelError: 1.97368e-02	AbsError: 7.32949e+15
      Equation: "ElectronContinuityEquation"	RelError: 1.40793e-03	AbsError: 7.32918e+15
      Equation: "HoleContinuityEquation"	RelError: 7.71989e-03	AbsError: 3.07795e+11
      Equation: "PotentialEquation"	RelError: 1.06090e-02	AbsError: 7.63208e-05
    Region: "oxide"	RelError: 1.37452e-04	AbsError: 7.63208e-05
      Equation: "PotentialEquation"	RelError: 1.37452e-04	AbsError: 7.63208e-05
Iteration: 2
  Device: "part1_baseline"	RelError: 1.09064e-05	AbsError: 8.67655e+11
    Region: "bulk"	RelError: 1.09003e-05	AbsError: 8.67655e+11
      Equation: "ElectronContinuityEquation"	RelError: 8.80446e-07	AbsError: 8.67575e+11
      Equation: "HoleContinuityEquation"	RelError: 7.31159e-06	AbsError: 7.97312e+07
      Equation: "PotentialEquation"	RelError: 2.70828e-06	AbsError: 8.11931e-09
    Region: "oxide"	RelError: 6.06733e-09	AbsError: 3.45732e-09
      Equation: "PotentialEquation"	RelError: 6.06733e-09	AbsError: 3.45732e-09
Iteration: 3
  Device: "part1_baseline"	RelError: 5.27333e-13	AbsError: 5.67069e+03
    Region: "bulk"	RelError: 5.27195e-13	AbsError: 5.67069e+03
      Equation: "ElectronContinuityEquation"	RelError: 9.87516e-14	AbsError: 5.66921e+03
      Equation: "HoleContinuityEquation"	RelError: 3.78975e-13	AbsError: 1.48022e+00
      Equation: "PotentialEquation"	RelError: 4.94682e-14	AbsError: 2.70504e-16
    Region: "oxide"	RelError: 1.37773e-16	AbsError: 7.85068e-17
      Equation: "PotentialEquation"	RelError: 1.37773e-16	AbsError: 7.85068e-17
number of equations 7095
Iteration: 0
  Device: "part1_baseline"	RelError: 3.79002e-01	AbsError: 5.00929e+17
    Region: "bulk"	RelError: 3.56856e-01	AbsError: 5.00929e+17
      Equation: "ElectronContinuityEquation"	RelError: 8.28924e-02	AbsError: 5.00923e+17
      Equation: "HoleContinuityEquation"	RelError: 9.78294e-02	AbsError: 5.90595e+12
      Equation: "PotentialEquation"	RelError: 1.76134e-01	AbsError: 2.30685e-03
    Region: "oxide"	RelError: 2.21454e-02	AbsError: 2.00000e-02
      Equation: "PotentialEquation"	RelError: 2.21454e-02	AbsError: 2.00000e-02
Iteration: 1
  Device: "part1_baseline"	RelError: 1.58239e-02	AbsError: 6.81360e+15
    Region: "bulk"	RelError: 1.57005e-02	AbsError: 6.81360e+15
      Equation: "ElectronContinuityEquation"	RelError: 1.19943e-03	AbsError: 6.81333e+15
      Equation: "HoleContinuityEquation"	RelError: 6.84952e-03	AbsError: 2.66528e+11
      Equation: "PotentialEquation"	RelError: 7.65154e-03	AbsError: 6.87956e-05
    Region: "oxide"	RelError: 1.23361e-04	AbsError: 6.87956e-05
      Equation: "PotentialEquation"	RelError: 1.23361e-04	AbsError: 6.87956e-05
Iteration: 2
  Device: "part1_baseline"	RelError: 8.49926e-06	AbsError: 7.22735e+11
    Region: "bulk"	RelError: 8.49400e-06	AbsError: 7.22735e+11
      Equation: "ElectronContinuityEquation"	RelError: 6.94575e-07	AbsError: 7.22668e+11
      Equation: "HoleContinuityEquation"	RelError: 5.90885e-06	AbsError: 6.68592e+07
      Equation: "PotentialEquation"	RelError: 1.89057e-06	AbsError: 6.77274e-09
    Region: "oxide"	RelError: 5.26526e-09	AbsError: 3.01151e-09
      Equation: "PotentialEquation"	RelError: 5.26526e-09	AbsError: 3.01151e-09
Iteration: 3
  Device: "part1_baseline"	RelError: 3.47707e-13	AbsError: 4.02027e+03
    Region: "bulk"	RelError: 3.47621e-13	AbsError: 4.02027e+03
      Equation: "ElectronContinuityEquation"	RelError: 6.50987e-14	AbsError: 4.01923e+03
      Equation: "HoleContinuityEquation"	RelError: 2.53640e-13	AbsError: 1.03778e+00
      Equation: "PotentialEquation"	RelError: 2.88832e-14	AbsError: 1.82794e-16
    Region: "oxide"	RelError: 8.51827e-17	AbsError: 4.87210e-17
      Equation: "PotentialEquation"	RelError: 8.51827e-17	AbsError: 4.87210e-17
number of equations 7095
Iteration: 0
  Device: "part1_baseline"	RelError: 3.31506e-01	AbsError: 5.12229e+17
    Region: "bulk"	RelError: 3.09840e-01	AbsError: 5.12229e+17
      Equation: "ElectronContinuityEquation"	RelError: 7.84677e-02	AbsError: 5.12224e+17
      Equation: "HoleContinuityEquation"	RelError: 9.15705e-02	AbsError: 5.38517e+12
      Equation: "PotentialEquation"	RelError: 1.39802e-01	AbsError: 2.17164e-03
    Region: "oxide"	RelError: 2.16656e-02	AbsError: 2.00000e-02
      Equation: "PotentialEquation"	RelError: 2.16656e-02	AbsError: 2.00000e-02
Iteration: 1
  Device: "part1_baseline"	RelError: 1.30293e-02	AbsError: 6.34731e+15
    Region: "bulk"	RelError: 1.29182e-02	AbsError: 6.34731e+15
      Equation: "ElectronContinuityEquation"	RelError: 1.02722e-03	AbsError: 6.34708e+15
      Equation: "HoleContinuityEquation"	RelError: 6.10691e-03	AbsError: 2.32162e+11
      Equation: "PotentialEquation"	RelError: 5.78402e-03	AbsError: 6.22284e-05
    Region: "oxide"	RelError: 1.11138e-04	AbsError: 6.22284e-05
      Equation: "PotentialEquation"	RelError: 1.11138e-04	AbsError: 6.22284e-05
Iteration: 2
  Device: "part1_baseline"	RelError: 6.75180e-06	AbsError: 6.03452e+11
    Region: "bulk"	RelError: 6.74723e-06	AbsError: 6.03452e+11
      Equation: "ElectronContinuityEquation"	RelError: 5.53586e-07	AbsError: 6.03396e+11
      Equation: "HoleContinuityEquation"	RelError: 4.80796e-06	AbsError: 5.65045e+07
      Equation: "PotentialEquation"	RelError: 1.38568e-06	AbsError: 5.68470e-09
    Region: "oxide"	RelError: 4.57247e-09	AbsError: 2.62448e-09
      Equation: "PotentialEquation"	RelError: 4.57247e-09	AbsError: 2.62448e-09
Iteration: 3
  Device: "part1_baseline"	RelError: 2.32469e-13	AbsError: 2.84993e+03
    Region: "bulk"	RelError: 2.32416e-13	AbsError: 2.84993e+03
      Equation: "ElectronContinuityEquation"	RelError: 4.37835e-14	AbsError: 2.84920e+03
      Equation: "HoleContinuityEquation"	RelError: 1.70994e-13	AbsError: 7.28808e-01
      Equation: "PotentialEquation"	RelError: 1.76380e-14	AbsError: 1.24271e-16
    Region: "oxide"	RelError: 5.27097e-17	AbsError: 3.02541e-17
      Equation: "PotentialEquation"	RelError: 5.27097e-17	AbsError: 3.02541e-17
number of equations 7095
Iteration: 0
  Device: "part1_baseline"	RelError: 2.96085e-01	AbsError: 5.22785e+17
    Region: "bulk"	RelError: 2.74879e-01	AbsError: 5.22785e+17
      Equation: "ElectronContinuityEquation"	RelError: 7.44203e-02	AbsError: 5.22780e+17
      Equation: "HoleContinuityEquation"	RelError: 8.59681e-02	AbsError: 4.93112e+12
      Equation: "PotentialEquation"	RelError: 1.14490e-01	AbsError: 2.04930e-03
    Region: "oxide"	RelError: 2.12062e-02	AbsError: 2.00000e-02
      Equation: "PotentialEquation"	RelError: 2.12062e-02	AbsError: 2.00000e-02
Iteration: 1
  Device: "part1_baseline"	RelError: 1.09736e-02	AbsError: 5.91881e+15
    Region: "bulk"	RelError: 1.08731e-02	AbsError: 5.91881e+15
      Equation: "ElectronContinuityEquation"	RelError: 8.84228e-04	AbsError: 5.91860e+15
      Equation: "HoleContinuityEquation"	RelError: 5.46959e-03	AbsError: 2.03348e+11
      Equation: "PotentialEquation"	RelError: 4.51931e-03	AbsError: 5.64744e-05
    Region: "oxide"	RelError: 1.00486e-04	AbsError: 5.64744e-05
      Equation: "PotentialEquation"	RelError: 1.00486e-04	AbsError: 5.64744e-05
Iteration: 2
  Device: "part1_baseline"	RelError: 5.43834e-06	AbsError: 5.05419e+11
    Region: "bulk"	RelError: 5.43436e-06	AbsError: 5.05419e+11
      Equation: "ElectronContinuityEquation"	RelError: 4.45434e-07	AbsError: 5.05371e+11
      Equation: "HoleContinuityEquation"	RelError: 3.93796e-06	AbsError: 4.80759e+07
      Equation: "PotentialEquation"	RelError: 1.05096e-06	AbsError: 4.80292e-09
    Region: "oxide"	RelError: 3.97746e-09	AbsError: 2.29056e-09
      Equation: "PotentialEquation"	RelError: 3.97746e-09	AbsError: 2.29056e-09
Iteration: 3
  Device: "part1_baseline"	RelError: 1.59199e-13	AbsError: 2.02384e+03
    Region: "bulk"	RelError: 1.59167e-13	AbsError: 2.02384e+03
      Equation: "ElectronContinuityEquation"	RelError: 2.99757e-14	AbsError: 2.02333e+03
      Equation: "HoleContinuityEquation"	RelError: 1.16221e-13	AbsError: 5.13429e-01
      Equation: "PotentialEquation"	RelError: 1.29703e-14	AbsError: 8.50489e-17
    Region: "oxide"	RelError: 3.26675e-17	AbsError: 1.88127e-17
      Equation: "PotentialEquation"	RelError: 3.26675e-17	AbsError: 1.88127e-17
number of equations 7095
Iteration: 0
  Device: "part1_baseline"	RelError: 2.68385e-01	AbsError: 5.32652e+17
    Region: "bulk"	RelError: 2.47619e-01	AbsError: 5.32652e+17
      Equation: "ElectronContinuityEquation"	RelError: 7.07095e-02	AbsError: 5.32647e+17
      Equation: "HoleContinuityEquation"	RelError: 8.09405e-02	AbsError: 4.53307e+12
      Equation: "PotentialEquation"	RelError: 9.59694e-02	AbsError: 1.93843e-03
    Region: "oxide"	RelError: 2.07658e-02	AbsError: 2.00000e-02
      Equation: "PotentialEquation"	RelError: 2.07658e-02	AbsError: 2.00000e-02
Iteration: 1
  Device: "part1_baseline"	RelError: 9.39547e-03	AbsError: 5.52265e+15
    Region: "bulk"	RelError: 9.30430e-03	AbsError: 5.52265e+15
      Equation: "ElectronContinuityEquation"	RelError: 7.64877e-04	AbsError: 5.52247e+15
      Equation: "HoleContinuityEquation"	RelError: 4.91962e-03	AbsError: 1.79034e+11
      Equation: "PotentialEquation"	RelError: 3.61980e-03	AbsError: 5.14139e-05
    Region: "oxide"	RelError: 9.11715e-05	AbsError: 5.14139e-05
      Equation: "PotentialEquation"	RelError: 9.11715e-05	AbsError: 5.14139e-05
Iteration: 2
  Device: "part1_baseline"	RelError: 4.49281e-06	AbsError: 4.24852e+11
    Region: "bulk"	RelError: 4.48934e-06	AbsError: 4.24852e+11
      Equation: "ElectronContinuityEquation"	RelError: 3.61598e-07	AbsError: 4.24811e+11
      Equation: "HoleContinuityEquation"	RelError: 3.24576e-06	AbsError: 4.11472e+07
      Equation: "PotentialEquation"	RelError: 8.81983e-07	AbsError: 4.08325e-09
    Region: "oxide"	RelError: 3.46791e-09	AbsError: 2.00341e-09
      Equation: "PotentialEquation"	RelError: 3.46791e-09	AbsError: 2.00341e-09
Iteration: 3
  Device: "part1_baseline"	RelError: 1.10187e-13	AbsError: 1.44175e+03
    Region: "bulk"	RelError: 1.10167e-13	AbsError: 1.44175e+03
      Equation: "ElectronContinuityEquation"	RelError: 2.08514e-14	AbsError: 1.44139e+03
      Equation: "HoleContinuityEquation"	RelError: 7.96865e-14	AbsError: 3.63165e-01
      Equation: "PotentialEquation"	RelError: 9.62883e-15	AbsError: 5.86173e-17
    Region: "oxide"	RelError: 2.02879e-17	AbsError: 1.17203e-17
      Equation: "PotentialEquation"	RelError: 2.02879e-17	AbsError: 1.17203e-17
number of equations 7095
Iteration: 0
  Device: "part1_baseline"	RelError: 2.45962e-01	AbsError: 5.41885e+17
    Region: "bulk"	RelError: 2.25619e-01	AbsError: 5.41885e+17
      Equation: "ElectronContinuityEquation"	RelError: 6.72999e-02	AbsError: 5.41881e+17
      Equation: "HoleContinuityEquation"	RelError: 7.64049e-02	AbsError: 4.18234e+12
      Equation: "PotentialEquation"	RelError: 8.19138e-02	AbsError: 1.83751e-03
    Region: "oxide"	RelError: 2.03434e-02	AbsError: 2.00000e-02
      Equation: "PotentialEquation"	RelError: 2.03434e-02	AbsError: 2.00000e-02
Iteration: 1
  Device: "part1_baseline"	RelError: 8.14659e-03	AbsError: 5.15707e+15
    Region: "bulk"	RelError: 8.06360e-03	AbsError: 5.15707e+15
      Equation: "ElectronContinuityEquation"	RelError: 6.64752e-04	AbsError: 5.15691e+15
      Equation: "HoleContinuityEquation"	RelError: 4.44256e-03	AbsError: 1.58394e+11
      Equation: "PotentialEquation"	RelError: 2.95629e-03	AbsError: 4.69473e-05
    Region: "oxide"	RelError: 8.29898e-05	AbsError: 4.69473e-05
      Equation: "PotentialEquation"	RelError: 8.29898e-05	AbsError: 4.69473e-05
Iteration: 2
  Device: "part1_baseline"	RelError: 3.79358e-06	AbsError: 3.58565e+11
    Region: "bulk"	RelError: 3.79054e-06	AbsError: 3.58565e+11
      Equation: "ElectronContinuityEquation"	RelError: 2.95971e-07	AbsError: 3.58529e+11
      Equation: "HoleContinuityEquation"	RelError: 2.69142e-06	AbsError: 3.54035e+07
      Equation: "PotentialEquation"	RelError: 8.03151e-07	AbsError: 3.48852e-09
    Region: "oxide"	RelError: 3.03195e-09	AbsError: 1.75678e-09
      Equation: "PotentialEquation"	RelError: 3.03195e-09	AbsError: 1.75678e-09
Iteration: 3
  Device: "part1_baseline"	RelError: 7.70494e-14	AbsError: 1.03139e+03
    Region: "bulk"	RelError: 7.70368e-14	AbsError: 1.03139e+03
      Equation: "ElectronContinuityEquation"	RelError: 1.47140e-14	AbsError: 1.03113e+03
      Equation: "HoleContinuityEquation"	RelError: 5.51385e-14	AbsError: 2.58099e-01
      Equation: "PotentialEquation"	RelError: 7.18428e-15	AbsError: 4.06956e-17
    Region: "oxide"	RelError: 1.26298e-17	AbsError: 7.31800e-18
      Equation: "PotentialEquation"	RelError: 1.26298e-17	AbsError: 7.31800e-18
number of equations 7095
Iteration: 0
  Device: "part1_baseline"	RelError: 2.27334e-01	AbsError: 5.50533e+17
    Region: "bulk"	RelError: 2.07396e-01	AbsError: 5.50533e+17
      Equation: "ElectronContinuityEquation"	RelError: 6.41602e-02	AbsError: 5.50530e+17
      Equation: "HoleContinuityEquation"	RelError: 7.22947e-02	AbsError: 3.87180e+12
      Equation: "PotentialEquation"	RelError: 7.09408e-02	AbsError: 1.74533e-03
    Region: "oxide"	RelError: 1.99378e-02	AbsError: 2.00000e-02
      Equation: "PotentialEquation"	RelError: 1.99378e-02	AbsError: 2.00000e-02
Iteration: 1
  Device: "part1_baseline"	RelError: 7.23645e-03	AbsError: 4.82012e+15
    Region: "bulk"	RelError: 7.16068e-03	AbsError: 4.82012e+15
      Equation: "ElectronContinuityEquation"	RelError: 5.80340e-04	AbsError: 4.81998e+15
      Equation: "HoleContinuityEquation"	RelError: 4.02673e-03	AbsError: 1.40771e+11
      Equation: "PotentialEquation"	RelError: 2.55361e-03	AbsError: 4.29911e-05
    Region: "oxide"	RelError: 7.57737e-05	AbsError: 4.29911e-05
      Equation: "PotentialEquation"	RelError: 7.57737e-05	AbsError: 4.29911e-05
Iteration: 2
  Device: "part1_baseline"	RelError: 3.22559e-06	AbsError: 3.03917e+11
    Region: "bulk"	RelError: 3.22293e-06	AbsError: 3.03917e+11
      Equation: "ElectronContinuityEquation"	RelError: 2.44126e-07	AbsError: 3.03887e+11
      Equation: "HoleContinuityEquation"	RelError: 2.24467e-06	AbsError: 3.06078e+07
      Equation: "PotentialEquation"	RelError: 7.34133e-07	AbsError: 2.99425e-09
    Region: "oxide"	RelError: 2.65875e-09	AbsError: 1.54490e-09
      Equation: "PotentialEquation"	RelError: 2.65875e-09	AbsError: 1.54490e-09
Iteration: 3
  Device: "part1_baseline"	RelError: 5.44287e-14	AbsError: 7.41499e+02
    Region: "bulk"	RelError: 5.44208e-14	AbsError: 7.41499e+02
      Equation: "ElectronContinuityEquation"	RelError: 1.05193e-14	AbsError: 7.41315e+02
      Equation: "HoleContinuityEquation"	RelError: 3.85117e-14	AbsError: 1.84403e-01
      Equation: "PotentialEquation"	RelError: 5.38972e-15	AbsError: 2.84639e-17
    Region: "oxide"	RelError: 7.88341e-18	AbsError: 4.58076e-18
      Equation: "PotentialEquation"	RelError: 7.88341e-18	AbsError: 4.58076e-18
number of equations 7095
Iteration: 0
  Device: "part1_baseline"	RelError: 2.13821e-01	AbsError: 5.58643e+17
    Region: "bulk"	RelError: 1.94273e-01	AbsError: 5.58643e+17
      Equation: "ElectronContinuityEquation"	RelError: 6.12631e-02	AbsError: 5.58640e+17
      Equation: "HoleContinuityEquation"	RelError: 6.85628e-02	AbsError: 3.59561e+12
      Equation: "PotentialEquation"	RelError: 6.44471e-02	AbsError: 1.66102e-03
    Region: "oxide"	RelError: 1.95480e-02	AbsError: 2.00000e-02
      Equation: "PotentialEquation"	RelError: 1.95480e-02	AbsError: 2.00000e-02
Iteration: 1
  Device: "part1_baseline"	RelError: 6.65583e-03	AbsError: 4.50976e+15
    Region: "bulk"	RelError: 6.58645e-03	AbsError: 4.50976e+15
      Equation: "ElectronContinuityEquation"	RelError: 5.08831e-04	AbsError: 4.50963e+15
      Equation: "HoleContinuityEquation"	RelError: 3.66262e-03	AbsError: 1.25644e+11
      Equation: "PotentialEquation"	RelError: 2.41499e-03	AbsError: 3.94769e-05
    Region: "oxide"	RelError: 6.93861e-05	AbsError: 3.94769e-05
      Equation: "PotentialEquation"	RelError: 6.93861e-05	AbsError: 3.94769e-05
Iteration: 2
  Device: "part1_baseline"	RelError: 2.76102e-06	AbsError: 2.58746e+11
    Region: "bulk"	RelError: 2.75868e-06	AbsError: 2.58746e+11
      Equation: "ElectronContinuityEquation"	RelError: 2.02814e-07	AbsError: 2.58719e+11
      Equation: "HoleContinuityEquation"	RelError: 1.88243e-06	AbsError: 2.65782e+07
      Equation: "PotentialEquation"	RelError: 6.73429e-07	AbsError: 2.58128e-09
    Region: "oxide"	RelError: 2.33882e-09	AbsError: 1.36267e-09
      Equation: "PotentialEquation"	RelError: 2.33882e-09	AbsError: 1.36267e-09
Iteration: 3
  Device: "part1_baseline"	RelError: 3.88374e-14	AbsError: 5.36030e+02
    Region: "bulk"	RelError: 3.88325e-14	AbsError: 5.36030e+02
      Equation: "ElectronContinuityEquation"	RelError: 7.61077e-15	AbsError: 5.35898e+02
      Equation: "HoleContinuityEquation"	RelError: 2.71545e-14	AbsError: 1.32516e-01
      Equation: "PotentialEquation"	RelError: 4.06722e-15	AbsError: 2.00589e-17
    Region: "oxide"	RelError: 4.93565e-18	AbsError: 2.87565e-18
      Equation: "PotentialEquation"	RelError: 4.93565e-18	AbsError: 2.87565e-18
number of equations 7095
Iteration: 0
  Device: "part1_baseline"	RelError: 2.06244e-01	AbsError: 5.66257e+17
    Region: "bulk"	RelError: 1.87070e-01	AbsError: 5.66257e+17
      Equation: "ElectronContinuityEquation"	RelError: 5.85841e-02	AbsError: 5.66253e+17
      Equation: "HoleContinuityEquation"	RelError: 6.51631e-02	AbsError: 3.34894e+12
      Equation: "PotentialEquation"	RelError: 6.33232e-02	AbsError: 1.58369e-03
    Region: "oxide"	RelError: 1.91732e-02	AbsError: 2.00000e-02
      Equation: "PotentialEquation"	RelError: 1.91732e-02	AbsError: 2.00000e-02
Iteration: 1
  Device: "part1_baseline"	RelError: 6.14523e-03	AbsError: 4.22396e+15
    Region: "bulk"	RelError: 6.08152e-03	AbsError: 4.22396e+15
      Equation: "ElectronContinuityEquation"	RelError: 4.47970e-04	AbsError: 4.22385e+15
      Equation: "HoleContinuityEquation"	RelError: 3.34241e-03	AbsError: 1.12594e+11
      Equation: "PotentialEquation"	RelError: 2.29113e-03	AbsError: 3.63464e-05
    Region: "oxide"	RelError: 6.37121e-05	AbsError: 3.63464e-05
      Equation: "PotentialEquation"	RelError: 6.37121e-05	AbsError: 3.63464e-05
Iteration: 2
  Device: "part1_baseline"	RelError: 2.37851e-06	AbsError: 2.21288e+11
    Region: "bulk"	RelError: 2.37645e-06	AbsError: 2.21288e+11
      Equation: "ElectronContinuityEquation"	RelError: 1.69630e-07	AbsError: 2.21265e+11
      Equation: "HoleContinuityEquation"	RelError: 1.58699e-06	AbsError: 2.31731e+07
      Equation: "PotentialEquation"	RelError: 6.19827e-07	AbsError: 2.23454e-09
    Region: "oxide"	RelError: 2.06397e-09	AbsError: 1.20562e-09
      Equation: "PotentialEquation"	RelError: 2.06397e-09	AbsError: 1.20562e-09
Iteration: 3
  Device: "part1_baseline"	RelError: 2.79869e-14	AbsError: 3.89787e+02
    Region: "bulk"	RelError: 2.79836e-14	AbsError: 3.89787e+02
      Equation: "ElectronContinuityEquation"	RelError: 5.56731e-15	AbsError: 3.89691e+02
      Equation: "HoleContinuityEquation"	RelError: 1.93286e-14	AbsError: 9.58197e-02
      Equation: "PotentialEquation"	RelError: 3.08773e-15	AbsError: 1.42638e-17
    Region: "oxide"	RelError: 3.25381e-18	AbsError: 1.83205e-18
      Equation: "PotentialEquation"	RelError: 3.25381e-18	AbsError: 1.83205e-18
number of equations 7095
Iteration: 0
  Device: "part1_baseline"	RelError: 1.99303e-01	AbsError: 5.73412e+17
    Region: "bulk"	RelError: 1.80491e-01	AbsError: 5.73412e+17
      Equation: "ElectronContinuityEquation"	RelError: 5.61018e-02	AbsError: 5.73409e+17
      Equation: "HoleContinuityEquation"	RelError: 6.20521e-02	AbsError: 3.12901e+12
      Equation: "PotentialEquation"	RelError: 6.23368e-02	AbsError: 1.51250e-03
    Region: "oxide"	RelError: 1.88125e-02	AbsError: 2.00000e-02
      Equation: "PotentialEquation"	RelError: 1.88125e-02	AbsError: 2.00000e-02
Iteration: 1
  Device: "part1_baseline"	RelError: 5.69452e-03	AbsError: 3.96076e+15
    Region: "bulk"	RelError: 5.63586e-03	AbsError: 3.96076e+15
      Equation: "ElectronContinuityEquation"	RelError: 3.95939e-04	AbsError: 3.96066e+15
      Equation: "HoleContinuityEquation"	RelError: 3.05970e-03	AbsError: 1.01280e+11
      Equation: "PotentialEquation"	RelError: 2.18022e-03	AbsError: 3.35460e-05
    Region: "oxide"	RelError: 5.86552e-05	AbsError: 3.35460e-05
      Equation: "PotentialEquation"	RelError: 5.86552e-05	AbsError: 3.35460e-05
Iteration: 2
  Device: "part1_baseline"	RelError: 2.06160e-06	AbsError: 1.90118e+11
    Region: "bulk"	RelError: 2.05977e-06	AbsError: 1.90118e+11
      Equation: "ElectronContinuityEquation"	RelError: 1.42772e-07	AbsError: 1.90097e+11
      Equation: "HoleContinuityEquation"	RelError: 1.34467e-06	AbsError: 2.02819e+07
      Equation: "PotentialEquation"	RelError: 5.72329e-07	AbsError: 1.94204e-09
    Region: "oxide"	RelError: 1.82724e-09	AbsError: 1.06995e-09
      Equation: "PotentialEquation"	RelError: 1.82724e-09	AbsError: 1.06995e-09
Iteration: 3
  Device: "part1_baseline"	RelError: 2.03630e-14	AbsError: 2.85192e+02
    Region: "bulk"	RelError: 2.03606e-14	AbsError: 2.85192e+02
      Equation: "ElectronContinuityEquation"	RelError: 4.11423e-15	AbsError: 2.85122e+02
      Equation: "HoleContinuityEquation"	RelError: 1.38877e-14	AbsError: 6.98138e-02
      Equation: "PotentialEquation"	RelError: 2.35861e-15	AbsError: 1.02281e-17
    Region: "oxide"	RelError: 2.44208e-18	AbsError: 1.38153e-18
      Equation: "PotentialEquation"	RelError: 2.44208e-18	AbsError: 1.38153e-18
number of equations 7095
Iteration: 0
  Device: "part1_baseline"	RelError: 1.92945e-01	AbsError: 5.80146e+17
    Region: "bulk"	RelError: 1.74480e-01	AbsError: 5.80146e+17
      Equation: "ElectronContinuityEquation"	RelError: 5.37974e-02	AbsError: 5.80143e+17
      Equation: "HoleContinuityEquation"	RelError: 5.92052e-02	AbsError: 2.93145e+12
      Equation: "PotentialEquation"	RelError: 6.14775e-02	AbsError: 1.44699e-03
    Region: "oxide"	RelError: 1.84652e-02	AbsError: 2.00000e-02
      Equation: "PotentialEquation"	RelError: 1.84652e-02	AbsError: 2.00000e-02
Iteration: 1
  Device: "part1_baseline"	RelError: 5.30647e-03	AbsError: 3.71829e+15
    Region: "bulk"	RelError: 5.25234e-03	AbsError: 3.71829e+15
      Equation: "ElectronContinuityEquation"	RelError: 3.62062e-04	AbsError: 3.71820e+15
      Equation: "HoleContinuityEquation"	RelError: 2.80955e-03	AbsError: 9.14280e+10
      Equation: "PotentialEquation"	RelError: 2.08073e-03	AbsError: 3.10335e-05
    Region: "oxide"	RelError: 5.41340e-05	AbsError: 3.10335e-05
      Equation: "PotentialEquation"	RelError: 5.41340e-05	AbsError: 3.10335e-05
Iteration: 2
  Device: "part1_baseline"	RelError: 1.79745e-06	AbsError: 1.64080e+11
    Region: "bulk"	RelError: 1.79582e-06	AbsError: 1.64080e+11
      Equation: "ElectronContinuityEquation"	RelError: 1.20879e-07	AbsError: 1.64062e+11
      Equation: "HoleContinuityEquation"	RelError: 1.14484e-06	AbsError: 1.78189e+07
      Equation: "PotentialEquation"	RelError: 5.30108e-07	AbsError: 1.69420e-09
    Region: "oxide"	RelError: 1.62276e-09	AbsError: 9.52437e-10
      Equation: "PotentialEquation"	RelError: 1.62276e-09	AbsError: 9.52437e-10
Iteration: 3
  Device: "part1_baseline"	RelError: 1.49554e-14	AbsError: 2.09984e+02
    Region: "bulk"	RelError: 1.49536e-14	AbsError: 2.09984e+02
      Equation: "ElectronContinuityEquation"	RelError: 3.06936e-15	AbsError: 2.09932e+02
      Equation: "HoleContinuityEquation"	RelError: 1.00711e-14	AbsError: 5.15633e-02
      Equation: "PotentialEquation"	RelError: 1.81315e-15	AbsError: 7.38893e-18
    Region: "oxide"	RelError: 1.83584e-18	AbsError: 1.04150e-18
      Equation: "PotentialEquation"	RelError: 1.83584e-18	AbsError: 1.04150e-18
number of equations 7095
Iteration: 0
  Device: "part1_baseline"	RelError: 1.87105e-01	AbsError: 5.86489e+17
    Region: "bulk"	RelError: 1.68975e-01	AbsError: 5.86489e+17
      Equation: "ElectronContinuityEquation"	RelError: 5.16540e-02	AbsError: 5.86486e+17
      Equation: "HoleContinuityEquation"	RelError: 5.65841e-02	AbsError: 2.75297e+12
      Equation: "PotentialEquation"	RelError: 6.07364e-02	AbsError: 1.38636e-03
    Region: "oxide"	RelError: 1.81304e-02	AbsError: 2.00000e-02
      Equation: "PotentialEquation"	RelError: 1.81304e-02	AbsError: 2.00000e-02
Iteration: 1
  Device: "part1_baseline"	RelError: 4.96629e-03	AbsError: 3.49479e+15
    Region: "bulk"	RelError: 4.91620e-03	AbsError: 3.49479e+15
      Equation: "ElectronContinuityEquation"	RelError: 3.37893e-04	AbsError: 3.49471e+15
      Equation: "HoleContinuityEquation"	RelError: 2.58696e-03	AbsError: 8.28113e+10
      Equation: "PotentialEquation"	RelError: 1.99135e-03	AbsError: 2.87732e-05
    Region: "oxide"	RelError: 5.00813e-05	AbsError: 2.87732e-05
      Equation: "PotentialEquation"	RelError: 5.00813e-05	AbsError: 2.87732e-05
Iteration: 2
  Device: "part1_baseline"	RelError: 1.57601e-06	AbsError: 1.42242e+11
    Region: "bulk"	RelError: 1.57457e-06	AbsError: 1.42242e+11
      Equation: "ElectronContinuityEquation"	RelError: 1.02913e-07	AbsError: 1.42227e+11
      Equation: "HoleContinuityEquation"	RelError: 9.79183e-07	AbsError: 1.57077e+07
      Equation: "PotentialEquation"	RelError: 4.92470e-07	AbsError: 1.48331e-09
    Region: "oxide"	RelError: 1.44559e-09	AbsError: 8.50350e-10
      Equation: "PotentialEquation"	RelError: 1.44559e-09	AbsError: 8.50350e-10
Iteration: 3
  Device: "part1_baseline"	RelError: 1.10862e-14	AbsError: 1.55600e+02
    Region: "bulk"	RelError: 1.10848e-14	AbsError: 1.55600e+02
      Equation: "ElectronContinuityEquation"	RelError: 2.31252e-15	AbsError: 1.55561e+02
      Equation: "HoleContinuityEquation"	RelError: 7.36972e-15	AbsError: 3.85989e-02
      Equation: "PotentialEquation"	RelError: 1.40259e-15	AbsError: 5.37686e-18
    Region: "oxide"	RelError: 1.38229e-18	AbsError: 7.86067e-19
      Equation: "PotentialEquation"	RelError: 1.38229e-18	AbsError: 7.86067e-19
number of equations 7095
Iteration: 0
  Device: "part1_baseline"	RelError: 1.81744e-01	AbsError: 5.92472e+17
    Region: "bulk"	RelError: 1.63937e-01	AbsError: 5.92472e+17
      Equation: "ElectronContinuityEquation"	RelError: 4.96568e-02	AbsError: 5.92469e+17
      Equation: "HoleContinuityEquation"	RelError: 5.41736e-02	AbsError: 2.59118e+12
      Equation: "PotentialEquation"	RelError: 6.01061e-02	AbsError: 1.33033e-03
    Region: "oxide"	RelError: 1.78075e-02	AbsError: 2.00000e-02
      Equation: "PotentialEquation"	RelError: 1.78075e-02	AbsError: 2.00000e-02
Iteration: 1
  Device: "part1_baseline"	RelError: 4.66129e-03	AbsError: 3.28863e+15
    Region: "bulk"	RelError: 4.61485e-03	AbsError: 3.28863e+15
      Equation: "ElectronContinuityEquation"	RelError: 3.15667e-04	AbsError: 3.28856e+15
      Equation: "HoleContinuityEquation"	RelError: 2.38822e-03	AbsError: 7.52444e+10
      Equation: "PotentialEquation"	RelError: 1.91096e-03	AbsError: 2.67342e-05
    Region: "oxide"	RelError: 4.64408e-05	AbsError: 2.67342e-05
      Equation: "PotentialEquation"	RelError: 4.64408e-05	AbsError: 2.67342e-05
Iteration: 2
  Device: "part1_baseline"	RelError: 1.38938e-06	AbsError: 1.23853e+11
    Region: "bulk"	RelError: 1.38809e-06	AbsError: 1.23853e+11
      Equation: "ElectronContinuityEquation"	RelError: 8.80769e-08	AbsError: 1.23839e+11
      Equation: "HoleContinuityEquation"	RelError: 8.41174e-07	AbsError: 1.38908e+07
      Equation: "PotentialEquation"	RelError: 4.58834e-07	AbsError: 1.30314e-09
    Region: "oxide"	RelError: 1.29160e-09	AbsError: 7.61398e-10
      Equation: "PotentialEquation"	RelError: 1.29160e-09	AbsError: 7.61398e-10
Iteration: 3
  Device: "part1_baseline"	RelError: 8.29073e-15	AbsError: 1.16041e+02
    Region: "bulk"	RelError: 8.28969e-15	AbsError: 1.16041e+02
      Equation: "ElectronContinuityEquation"	RelError: 1.75697e-15	AbsError: 1.16012e+02
      Equation: "HoleContinuityEquation"	RelError: 5.44076e-15	AbsError: 2.90970e-02
      Equation: "PotentialEquation"	RelError: 1.09196e-15	AbsError: 3.94097e-18
    Region: "oxide"	RelError: 1.04112e-18	AbsError: 5.93415e-19
      Equation: "PotentialEquation"	RelError: 1.04112e-18	AbsError: 5.93415e-19
number of equations 7095
Iteration: 0
  Device: "part1_baseline"	RelError: 1.76812e-01	AbsError: 5.98121e+17
    Region: "bulk"	RelError: 1.59316e-01	AbsError: 5.98121e+17
      Equation: "ElectronContinuityEquation"	RelError: 4.77923e-02	AbsError: 5.98119e+17
      Equation: "HoleContinuityEquation"	RelError: 5.19432e-02	AbsError: 2.44407e+12
      Equation: "PotentialEquation"	RelError: 5.95804e-02	AbsError: 1.27827e-03
    Region: "oxide"	RelError: 1.74960e-02	AbsError: 2.00000e-02
      Equation: "PotentialEquation"	RelError: 1.74960e-02	AbsError: 2.00000e-02
Iteration: 1
  Device: "part1_baseline"	RelError: 4.38727e-03	AbsError: 3.09831e+15
    Region: "bulk"	RelError: 4.34412e-03	AbsError: 3.09831e+15
      Equation: "ElectronContinuityEquation"	RelError: 2.95232e-04	AbsError: 3.09824e+15
      Equation: "HoleContinuityEquation"	RelError: 2.21027e-03	AbsError: 6.85737e+10
      Equation: "PotentialEquation"	RelError: 1.83861e-03	AbsError: 2.48900e-05
    Region: "oxide"	RelError: 4.31570e-05	AbsError: 2.48900e-05
      Equation: "PotentialEquation"	RelError: 4.31570e-05	AbsError: 2.48900e-05
Iteration: 2
  Device: "part1_baseline"	RelError: 1.23126e-06	AbsError: 1.08302e+11
    Region: "bulk"	RelError: 1.23010e-06	AbsError: 1.08302e+11
      Equation: "ElectronContinuityEquation"	RelError: 7.57518e-08	AbsError: 1.08290e+11
      Equation: "HoleContinuityEquation"	RelError: 7.25646e-07	AbsError: 1.23213e+07
      Equation: "PotentialEquation"	RelError: 4.28705e-07	AbsError: 1.14862e-09
    Region: "oxide"	RelError: 1.15734e-09	AbsError: 6.83654e-10
      Equation: "PotentialEquation"	RelError: 1.15734e-09	AbsError: 6.83654e-10
Iteration: 3
  Device: "part1_baseline"	RelError: 6.25311e-15	AbsError: 8.70926e+01
    Region: "bulk"	RelError: 6.25232e-15	AbsError: 8.70926e+01
      Equation: "ElectronContinuityEquation"	RelError: 1.34530e-15	AbsError: 8.70705e+01
      Equation: "HoleContinuityEquation"	RelError: 4.05128e-15	AbsError: 2.20900e-02
      Equation: "PotentialEquation"	RelError: 8.55740e-16	AbsError: 2.90922e-18
    Region: "oxide"	RelError: 7.83175e-19	AbsError: 4.47372e-19
      Equation: "PotentialEquation"	RelError: 7.83175e-19	AbsError: 4.47372e-19
number of equations 7095
Iteration: 0
  Device: "part1_baseline"	RelError: 1.72280e-01	AbsError: 6.03462e+17
    Region: "bulk"	RelError: 1.55085e-01	AbsError: 6.03462e+17
      Equation: "ElectronContinuityEquation"	RelError: 4.60489e-02	AbsError: 6.03460e+17
      Equation: "HoleContinuityEquation"	RelError: 4.98818e-02	AbsError: 2.30990e+12
      Equation: "PotentialEquation"	RelError: 5.91543e-02	AbsError: 1.22995e-03
    Region: "oxide"	RelError: 1.71951e-02	AbsError: 2.00000e-02
      Equation: "PotentialEquation"	RelError: 1.71951e-02	AbsError: 2.00000e-02
Iteration: 1
  Device: "part1_baseline"	RelError: 4.14079e-03	AbsError: 2.92244e+15
    Region: "bulk"	RelError: 4.10061e-03	AbsError: 2.92244e+15
      Equation: "ElectronContinuityEquation"	RelError: 2.76439e-04	AbsError: 2.92237e+15
      Equation: "HoleContinuityEquation"	RelError: 2.05068e-03	AbsError: 6.26715e+10
      Equation: "PotentialEquation"	RelError: 1.77349e-03	AbsError: 2.32180e-05
    Region: "oxide"	RelError: 4.01870e-05	AbsError: 2.32180e-05
      Equation: "PotentialEquation"	RelError: 4.01870e-05	AbsError: 2.32180e-05
Iteration: 2
  Device: "part1_baseline"	RelError: 1.09665e-06	AbsError: 9.50967e+10
    Region: "bulk"	RelError: 1.09561e-06	AbsError: 9.50967e+10
      Equation: "ElectronContinuityEquation"	RelError: 6.54550e-08	AbsError: 9.50858e+10
      Equation: "HoleContinuityEquation"	RelError: 6.28490e-07	AbsError: 1.09607e+07
      Equation: "PotentialEquation"	RelError: 4.01660e-07	AbsError: 1.01561e-09
    Region: "oxide"	RelError: 1.03990e-09	AbsError: 6.15499e-10
      Equation: "PotentialEquation"	RelError: 1.03990e-09	AbsError: 6.15499e-10
Iteration: 3
  Device: "part1_baseline"	RelError: 4.75502e-15	AbsError: 6.57794e+01
    Region: "bulk"	RelError: 4.75443e-15	AbsError: 6.57794e+01
      Equation: "ElectronContinuityEquation"	RelError: 1.03768e-15	AbsError: 6.57625e+01
      Equation: "HoleContinuityEquation"	RelError: 3.04183e-15	AbsError: 1.68827e-02
      Equation: "PotentialEquation"	RelError: 6.74910e-16	AbsError: 2.16262e-18
    Region: "oxide"	RelError: 5.89548e-19	AbsError: 3.37478e-19
      Equation: "PotentialEquation"	RelError: 5.89548e-19	AbsError: 3.37478e-19
number of equations 7095
Iteration: 0
  Device: "part1_baseline"	RelError: 1.68110e-01	AbsError: 6.08517e+17
    Region: "bulk"	RelError: 1.51206e-01	AbsError: 6.08517e+17
      Equation: "ElectronContinuityEquation"	RelError: 4.44159e-02	AbsError: 6.08514e+17
      Equation: "HoleContinuityEquation"	RelError: 4.79662e-02	AbsError: 2.18720e+12
      Equation: "PotentialEquation"	RelError: 5.88235e-02	AbsError: 1.18488e-03
    Region: "oxide"	RelError: 1.69044e-02	AbsError: 2.00000e-02
      Equation: "PotentialEquation"	RelError: 1.69044e-02	AbsError: 2.00000e-02
Iteration: 1
  Device: "part1_baseline"	RelError: 3.91833e-03	AbsError: 2.75976e+15
    Region: "bulk"	RelError: 3.88084e-03	AbsError: 2.75976e+15
      Equation: "ElectronContinuityEquation"	RelError: 2.59148e-04	AbsError: 2.75970e+15
      Equation: "HoleContinuityEquation"	RelError: 1.90680e-03	AbsError: 5.74310e+10
      Equation: "PotentialEquation"	RelError: 1.71489e-03	AbsError: 2.16984e-05
    Region: "oxide"	RelError: 3.74939e-05	AbsError: 2.16984e-05
      Equation: "PotentialEquation"	RelError: 3.74939e-05	AbsError: 2.16984e-05
Iteration: 2
  Device: "part1_baseline"	RelError: 9.81587e-07	AbsError: 8.38364e+10
    Region: "bulk"	RelError: 9.80650e-07	AbsError: 8.38364e+10
      Equation: "ElectronContinuityEquation"	RelError: 5.68068e-08	AbsError: 8.38267e+10
      Equation: "HoleContinuityEquation"	RelError: 5.46504e-07	AbsError: 9.77738e+06
      Equation: "PotentialEquation"	RelError: 3.77340e-07	AbsError: 9.00711e-10
    Region: "oxide"	RelError: 9.36871e-10	AbsError: 5.55569e-10
      Equation: "PotentialEquation"	RelError: 9.36871e-10	AbsError: 5.55569e-10
number of equations 7095
Iteration: 0
  Device: "part1_baseline"	RelError: 1.64280e-01	AbsError: 6.13305e+17
    Region: "bulk"	RelError: 1.47657e-01	AbsError: 6.13305e+17
      Equation: "ElectronContinuityEquation"	RelError: 4.28840e-02	AbsError: 6.13303e+17
      Equation: "HoleContinuityEquation"	RelError: 4.61875e-02	AbsError: 2.07469e+12
      Equation: "PotentialEquation"	RelError: 5.85851e-02	AbsError: 1.14288e-03
    Region: "oxide"	RelError: 1.66234e-02	AbsError: 2.00000e-02
      Equation: "PotentialEquation"	RelError: 1.66234e-02	AbsError: 2.00000e-02
Iteration: 1
  Device: "part1_baseline"	RelError: 3.71731e-03	AbsError: 2.60912e+15
    Region: "bulk"	RelError: 3.68226e-03	AbsError: 2.60912e+15
      Equation: "ElectronContinuityEquation"	RelError: 2.43229e-04	AbsError: 2.60907e+15
      Equation: "HoleContinuityEquation"	RelError: 1.77683e-03	AbsError: 5.27626e+10
      Equation: "PotentialEquation"	RelError: 1.66220e-03	AbsError: 2.03141e-05
    Region: "oxide"	RelError: 3.50492e-05	AbsError: 2.03141e-05
      Equation: "PotentialEquation"	RelError: 3.50492e-05	AbsError: 2.03141e-05
Iteration: 2
  Device: "part1_baseline"	RelError: 8.82770e-07	AbsError: 7.41951e+10
    Region: "bulk"	RelError: 8.81924e-07	AbsError: 7.41951e+10
      Equation: "ElectronContinuityEquation"	RelError: 4.95066e-08	AbsError: 7.41863e+10
      Equation: "HoleContinuityEquation"	RelError: 4.76983e-07	AbsError: 8.74484e+06
      Equation: "PotentialEquation"	RelError: 3.55434e-07	AbsError: 8.01121e-10
    Region: "oxide"	RelError: 8.46198e-10	AbsError: 5.02717e-10
      Equation: "PotentialEquation"	RelError: 8.46198e-10	AbsError: 5.02717e-10
number of equations 7095
Iteration: 0
  Device: "part1_baseline"	RelError: 1.60761e-01	AbsError: 6.17847e+17
    Region: "bulk"	RelError: 1.44409e-01	AbsError: 6.17847e+17
      Equation: "ElectronContinuityEquation"	RelError: 4.14447e-02	AbsError: 6.17846e+17
      Equation: "HoleContinuityEquation"	RelError: 4.45279e-02	AbsError: 1.97126e+12
      Equation: "PotentialEquation"	RelError: 5.84366e-02	AbsError: 1.10356e-03
    Region: "oxide"	RelError: 1.63516e-02	AbsError: 2.00000e-02
      Equation: "PotentialEquation"	RelError: 1.63516e-02	AbsError: 2.00000e-02
Iteration: 1
  Device: "part1_baseline"	RelError: 3.53556e-03	AbsError: 2.46948e+15
    Region: "bulk"	RelError: 3.50274e-03	AbsError: 2.46948e+15
      Equation: "ElectronContinuityEquation"	RelError: 2.28560e-04	AbsError: 2.46943e+15
      Equation: "HoleContinuityEquation"	RelError: 1.65926e-03	AbsError: 4.85907e+10
      Equation: "PotentialEquation"	RelError: 1.61492e-03	AbsError: 1.90503e-05
    Region: "oxide"	RelError: 3.28234e-05	AbsError: 1.90503e-05
      Equation: "PotentialEquation"	RelError: 3.28234e-05	AbsError: 1.90503e-05
Iteration: 2
  Device: "part1_baseline"	RelError: 7.97518e-07	AbsError: 6.59064e+10
    Region: "bulk"	RelError: 7.96752e-07	AbsError: 6.59064e+10
      Equation: "ElectronContinuityEquation"	RelError: 4.33146e-08	AbsError: 6.58985e+10
      Equation: "HoleContinuityEquation"	RelError: 4.17762e-07	AbsError: 7.84117e+06
      Equation: "PotentialEquation"	RelError: 3.35675e-07	AbsError: 7.14519e-10
    Region: "oxide"	RelError: 7.66166e-10	AbsError: 4.55973e-10
      Equation: "PotentialEquation"	RelError: 7.66166e-10	AbsError: 4.55973e-10
number of equations 7095
Iteration: 0
  Device: "part1_baseline"	RelError: 1.57536e-01	AbsError: 6.22160e+17
    Region: "bulk"	RelError: 1.41448e-01	AbsError: 6.22160e+17
      Equation: "ElectronContinuityEquation"	RelError: 4.00903e-02	AbsError: 6.22158e+17
      Equation: "HoleContinuityEquation"	RelError: 4.29807e-02	AbsError: 1.87596e+12
      Equation: "PotentialEquation"	RelError: 5.83768e-02	AbsError: 1.06680e-03
    Region: "oxide"	RelError: 1.60885e-02	AbsError: 2.00000e-02
      Equation: "PotentialEquation"	RelError: 1.60885e-02	AbsError: 2.00000e-02
Iteration: 1
  Device: "part1_baseline"	RelError: 3.37080e-03	AbsError: 2.33989e+15
    Region: "bulk"	RelError: 3.34001e-03	AbsError: 2.33989e+15
      Equation: "ElectronContinuityEquation"	RelError: 2.15031e-04	AbsError: 2.33984e+15
      Equation: "HoleContinuityEquation"	RelError: 1.55239e-03	AbsError: 4.48513e+10
      Equation: "PotentialEquation"	RelError: 1.57259e-03	AbsError: 1.78941e-05
    Region: "oxide"	RelError: 3.07906e-05	AbsError: 1.78941e-05
      Equation: "PotentialEquation"	RelError: 3.07906e-05	AbsError: 1.78941e-05
Iteration: 2
  Device: "part1_baseline"	RelError: 7.23684e-07	AbsError: 5.87522e+10
    Region: "bulk"	RelError: 7.22989e-07	AbsError: 5.87522e+10
      Equation: "ElectronContinuityEquation"	RelError: 3.80388e-08	AbsError: 5.87452e+10
      Equation: "HoleContinuityEquation"	RelError: 3.67117e-07	AbsError: 7.04797e+06
      Equation: "PotentialEquation"	RelError: 3.17833e-07	AbsError: 6.38973e-10
    Region: "oxide"	RelError: 6.95324e-10	AbsError: 4.14515e-10
      Equation: "PotentialEquation"	RelError: 6.95324e-10	AbsError: 4.14515e-10
number of equations 7095
Iteration: 0
  Device: "part1_baseline"	RelError: 1.54584e-01	AbsError: 6.26259e+17
    Region: "bulk"	RelError: 1.38750e-01	AbsError: 6.26259e+17
      Equation: "ElectronContinuityEquation"	RelError: 3.88141e-02	AbsError: 6.26257e+17
      Equation: "HoleContinuityEquation"	RelError: 4.15313e-02	AbsError: 1.78793e+12
      Equation: "PotentialEquation"	RelError: 5.84048e-02	AbsError: 1.03226e-03
    Region: "oxide"	RelError: 1.58338e-02	AbsError: 2.00000e-02
      Equation: "PotentialEquation"	RelError: 1.58338e-02	AbsError: 2.00000e-02
Iteration: 1
  Device: "part1_baseline"	RelError: 3.22150e-03	AbsError: 2.21948e+15
    Region: "bulk"	RelError: 3.19257e-03	AbsError: 2.21948e+15
      Equation: "ElectronContinuityEquation"	RelError: 2.02540e-04	AbsError: 2.21944e+15
      Equation: "HoleContinuityEquation"	RelError: 1.45520e-03	AbsError: 4.14900e+10
      Equation: "PotentialEquation"	RelError: 1.53483e-03	AbsError: 1.68341e-05
    Region: "oxide"	RelError: 2.89301e-05	AbsError: 1.68341e-05
      Equation: "PotentialEquation"	RelError: 2.89301e-05	AbsError: 1.68341e-05
Iteration: 2
  Device: "part1_baseline"	RelError: 6.59519e-07	AbsError: 5.25534e+10
    Region: "bulk"	RelError: 6.58886e-07	AbsError: 5.25534e+10
      Equation: "ElectronContinuityEquation"	RelError: 3.35241e-08	AbsError: 5.25470e+10
      Equation: "HoleContinuityEquation"	RelError: 3.23655e-07	AbsError: 6.34980e+06
      Equation: "PotentialEquation"	RelError: 3.01707e-07	AbsError: 5.72874e-10
    Region: "oxide"	RelError: 6.32443e-10	AbsError: 3.77648e-10
      Equation: "PotentialEquation"	RelError: 6.32443e-10	AbsError: 3.77648e-10
number of equations 7095
Iteration: 0
  Device: "part1_baseline"	RelError: 1.51894e-01	AbsError: 6.30158e+17
    Region: "bulk"	RelError: 1.36307e-01	AbsError: 6.30158e+17
      Equation: "ElectronContinuityEquation"	RelError: 3.76099e-02	AbsError: 6.30157e+17
      Equation: "HoleContinuityEquation"	RelError: 4.01757e-02	AbsError: 1.70646e+12
      Equation: "PotentialEquation"	RelError: 5.85210e-02	AbsError: 9.99867e-04
    Region: "oxide"	RelError: 1.55870e-02	AbsError: 2.00000e-02
      Equation: "PotentialEquation"	RelError: 1.55870e-02	AbsError: 2.00000e-02
Iteration: 1
  Device: "part1_baseline"	RelError: 3.08607e-03	AbsError: 2.10748e+15
    Region: "bulk"	RelError: 3.05885e-03	AbsError: 2.10748e+15
      Equation: "ElectronContinuityEquation"	RelError: 1.90996e-04	AbsError: 2.10745e+15
      Equation: "HoleContinuityEquation"	RelError: 1.36652e-03	AbsError: 3.84602e+10
      Equation: "PotentialEquation"	RelError: 1.50133e-03	AbsError: 1.58604e-05
    Region: "oxide"	RelError: 2.72259e-05	AbsError: 1.58604e-05
      Equation: "PotentialEquation"	RelError: 2.72259e-05	AbsError: 1.58604e-05
Iteration: 2
  Device: "part1_baseline"	RelError: 6.03624e-07	AbsError: 4.71620e+10
    Region: "bulk"	RelError: 6.03047e-07	AbsError: 4.71620e+10
      Equation: "ElectronContinuityEquation"	RelError: 2.96450e-08	AbsError: 4.71562e+10
      Equation: "HoleContinuityEquation"	RelError: 2.86278e-07	AbsError: 5.73363e+06
      Equation: "PotentialEquation"	RelError: 2.87124e-07	AbsError: 5.14873e-10
    Region: "oxide"	RelError: 5.76480e-10	AbsError: 3.44777e-10
      Equation: "PotentialEquation"	RelError: 5.76480e-10	AbsError: 3.44777e-10
number of equations 7095
Iteration: 0
  Device: "part1_baseline"	RelError: 1.49446e-01	AbsError: 6.33872e+17
    Region: "bulk"	RelError: 1.34098e-01	AbsError: 6.33872e+17
      Equation: "ElectronContinuityEquation"	RelError: 3.64721e-02	AbsError: 6.33870e+17
      Equation: "HoleContinuityEquation"	RelError: 3.89000e-02	AbsError: 1.63090e+12
      Equation: "PotentialEquation"	RelError: 5.87261e-02	AbsError: 9.69305e-04
    Region: "oxide"	RelError: 1.53478e-02	AbsError: 2.00000e-02
      Equation: "PotentialEquation"	RelError: 1.53478e-02	AbsError: 2.00000e-02
Iteration: 1
  Device: "part1_baseline"	RelError: 2.96315e-03	AbsError: 2.00318e+15
    Region: "bulk"	RelError: 2.93749e-03	AbsError: 2.00318e+15
      Equation: "ElectronContinuityEquation"	RelError: 1.80315e-04	AbsError: 2.00315e+15
      Equation: "HoleContinuityEquation"	RelError: 1.28536e-03	AbsError: 3.57221e+10
      Equation: "PotentialEquation"	RelError: 1.47181e-03	AbsError: 1.49642e-05
    Region: "oxide"	RelError: 2.56613e-05	AbsError: 1.49642e-05
      Equation: "PotentialEquation"	RelError: 2.56613e-05	AbsError: 1.49642e-05
Iteration: 2
  Device: "part1_baseline"	RelError: 5.54719e-07	AbsError: 4.24557e+10
    Region: "bulk"	RelError: 5.54193e-07	AbsError: 4.24557e+10
      Equation: "ElectronContinuityEquation"	RelError: 2.62988e-08	AbsError: 4.24505e+10
      Equation: "HoleContinuityEquation"	RelError: 2.53960e-07	AbsError: 5.18843e+06
      Equation: "PotentialEquation"	RelError: 2.73934e-07	AbsError: 4.63835e-10
    Region: "oxide"	RelError: 5.26546e-10	AbsError: 3.15395e-10
      Equation: "PotentialEquation"	RelError: 5.26546e-10	AbsError: 3.15395e-10
number of equations 7095
Iteration: 0
  Device: "part1_baseline"	RelError: 1.47238e-01	AbsError: 6.37412e+17
    Region: "bulk"	RelError: 1.32122e-01	AbsError: 6.37412e+17
      Equation: "ElectronContinuityEquation"	RelError: 3.53957e-02	AbsError: 6.37410e+17
      Equation: "HoleContinuityEquation"	RelError: 3.77044e-02	AbsError: 1.56069e+12
      Equation: "PotentialEquation"	RelError: 5.90219e-02	AbsError: 9.40597e-04
    Region: "oxide"	RelError: 1.51158e-02	AbsError: 2.00000e-02
      Equation: "PotentialEquation"	RelError: 1.51158e-02	AbsError: 2.00000e-02
Iteration: 1
  Device: "part1_baseline"	RelError: 2.85181e-03	AbsError: 1.90594e+15
    Region: "bulk"	RelError: 2.82759e-03	AbsError: 1.90594e+15
      Equation: "ElectronContinuityEquation"	RelError: 1.70421e-04	AbsError: 1.90591e+15
      Equation: "HoleContinuityEquation"	RelError: 1.21112e-03	AbsError: 3.32415e+10
      Equation: "PotentialEquation"	RelError: 1.44605e-03	AbsError: 1.41379e-05
    Region: "oxide"	RelError: 2.42205e-05	AbsError: 1.41379e-05
      Equation: "PotentialEquation"	RelError: 2.42205e-05	AbsError: 1.41379e-05
Iteration: 2
  Device: "part1_baseline"	RelError: 5.11812e-07	AbsError: 3.83328e+10
    Region: "bulk"	RelError: 5.11331e-07	AbsError: 3.83328e+10
      Equation: "ElectronContinuityEquation"	RelError: 2.34016e-08	AbsError: 3.83281e+10
      Equation: "HoleContinuityEquation"	RelError: 2.25923e-07	AbsError: 4.70483e+06
      Equation: "PotentialEquation"	RelError: 2.62006e-07	AbsError: 4.18803e-10
    Region: "oxide"	RelError: 4.81881e-10	AbsError: 2.89070e-10
      Equation: "PotentialEquation"	RelError: 4.81881e-10	AbsError: 2.89070e-10
number of equations 7095
Iteration: 0
  Device: "part1_baseline"	RelError: 1.45255e-01	AbsError: 6.40789e+17
    Region: "bulk"	RelError: 1.30365e-01	AbsError: 6.40789e+17
      Equation: "ElectronContinuityEquation"	RelError: 3.43775e-02	AbsError: 6.40788e+17
      Equation: "HoleContinuityEquation"	RelError: 3.65758e-02	AbsError: 1.49532e+12
      Equation: "PotentialEquation"	RelError: 5.94112e-02	AbsError: 9.13435e-04
    Region: "oxide"	RelError: 1.48907e-02	AbsError: 2.00000e-02
      Equation: "PotentialEquation"	RelError: 1.48907e-02	AbsError: 2.00000e-02
Iteration: 1
  Device: "part1_baseline"	RelError: 2.75083e-03	AbsError: 1.81518e+15
    Region: "bulk"	RelError: 2.72794e-03	AbsError: 1.81518e+15
      Equation: "ElectronContinuityEquation"	RelError: 1.61245e-04	AbsError: 1.81515e+15
      Equation: "HoleContinuityEquation"	RelError: 1.14284e-03	AbsError: 3.09888e+10
      Equation: "PotentialEquation"	RelError: 1.42385e-03	AbsError: 1.33748e-05
    Region: "oxide"	RelError: 2.28914e-05	AbsError: 1.33748e-05
      Equation: "PotentialEquation"	RelError: 2.28914e-05	AbsError: 1.33748e-05
Iteration: 2
  Device: "part1_baseline"	RelError: 4.74120e-07	AbsError: 3.47087e+10
    Region: "bulk"	RelError: 4.73678e-07	AbsError: 3.47087e+10
      Equation: "ElectronContinuityEquation"	RelError: 2.08842e-08	AbsError: 3.47045e+10
      Equation: "HoleContinuityEquation"	RelError: 2.01567e-07	AbsError: 4.27484e+06
      Equation: "PotentialEquation"	RelError: 2.51227e-07	AbsError: 3.79144e-10
    Region: "oxide"	RelError: 4.41835e-10	AbsError: 2.65428e-10
      Equation: "PotentialEquation"	RelError: 4.41835e-10	AbsError: 2.65428e-10
number of equations 7095
Iteration: 0
  Device: "part1_baseline"	RelError: 1.43494e-01	AbsError: 6.44014e+17
    Region: "bulk"	RelError: 1.28822e-01	AbsError: 6.44014e+17
      Equation: "ElectronContinuityEquation"	RelError: 3.34121e-02	AbsError: 6.44013e+17
      Equation: "HoleContinuityEquation"	RelError: 3.55122e-02	AbsError: 1.43435e+12
      Equation: "PotentialEquation"	RelError: 5.98975e-02	AbsError: 8.87784e-04
    Region: "oxide"	RelError: 1.46722e-02	AbsError: 2.00000e-02
      Equation: "PotentialEquation"	RelError: 1.46722e-02	AbsError: 2.00000e-02
Iteration: 1
  Device: "part1_baseline"	RelError: 2.65955e-03	AbsError: 1.73036e+15
    Region: "bulk"	RelError: 2.63789e-03	AbsError: 1.73036e+15
      Equation: "ElectronContinuityEquation"	RelError: 1.52726e-04	AbsError: 1.73033e+15
      Equation: "HoleContinuityEquation"	RelError: 1.08008e-03	AbsError: 2.89384e+10
      Equation: "PotentialEquation"	RelError: 1.40509e-03	AbsError: 1.26686e-05
    Region: "oxide"	RelError: 2.16648e-05	AbsError: 1.26686e-05
      Equation: "PotentialEquation"	RelError: 2.16648e-05	AbsError: 1.26686e-05
Iteration: 2
  Device: "part1_baseline"	RelError: 4.40904e-07	AbsError: 3.15125e+10
    Region: "bulk"	RelError: 4.40498e-07	AbsError: 3.15125e+10
      Equation: "ElectronContinuityEquation"	RelError: 1.86894e-08	AbsError: 3.15086e+10
      Equation: "HoleContinuityEquation"	RelError: 1.80311e-07	AbsError: 3.89165e+06
      Equation: "PotentialEquation"	RelError: 2.41498e-07	AbsError: 3.44088e-10
    Region: "oxide"	RelError: 4.05847e-10	AbsError: 2.44149e-10
      Equation: "PotentialEquation"	RelError: 4.05847e-10	AbsError: 2.44149e-10
number of equations 7095
Iteration: 0
  Device: "part1_baseline"	RelError: 1.41949e-01	AbsError: 6.47097e+17
    Region: "bulk"	RelError: 1.27489e-01	AbsError: 6.47097e+17
      Equation: "ElectronContinuityEquation"	RelError: 3.24954e-02	AbsError: 6.47095e+17
      Equation: "HoleContinuityEquation"	RelError: 3.45082e-02	AbsError: 1.37738e+12
      Equation: "PotentialEquation"	RelError: 6.04854e-02	AbsError: 8.63523e-04
    Region: "oxide"	RelError: 1.44600e-02	AbsError: 2.00000e-02
      Equation: "PotentialEquation"	RelError: 1.44600e-02	AbsError: 2.00000e-02
Iteration: 1
  Device: "part1_baseline"	RelError: 2.57718e-03	AbsError: 1.65102e+15
    Region: "bulk"	RelError: 2.55665e-03	AbsError: 1.65102e+15
      Equation: "ElectronContinuityEquation"	RelError: 1.44807e-04	AbsError: 1.65099e+15
      Equation: "HoleContinuityEquation"	RelError: 1.02220e-03	AbsError: 2.70681e+10
      Equation: "PotentialEquation"	RelError: 1.38964e-03	AbsError: 1.20143e-05
    Region: "oxide"	RelError: 2.05304e-05	AbsError: 1.20143e-05
      Equation: "PotentialEquation"	RelError: 2.05304e-05	AbsError: 1.20143e-05
Iteration: 2
  Device: "part1_baseline"	RelError: 4.11574e-07	AbsError: 2.86845e+10
    Region: "bulk"	RelError: 4.11200e-07	AbsError: 2.86845e+10
      Equation: "ElectronContinuityEquation"	RelError: 1.67696e-08	AbsError: 2.86810e+10
      Equation: "HoleContinuityEquation"	RelError: 1.61696e-07	AbsError: 3.54940e+06
      Equation: "PotentialEquation"	RelError: 2.32734e-07	AbsError: 3.12891e-10
    Region: "oxide"	RelError: 3.73436e-10	AbsError: 2.24955e-10
      Equation: "PotentialEquation"	RelError: 3.73436e-10	AbsError: 2.24955e-10
number of equations 7095
Iteration: 0
  Device: "part1_baseline"	RelError: 1.40615e-01	AbsError: 6.50045e+17
    Region: "bulk"	RelError: 1.26361e-01	AbsError: 6.50045e+17
      Equation: "ElectronContinuityEquation"	RelError: 3.16241e-02	AbsError: 6.50044e+17
      Equation: "HoleContinuityEquation"	RelError: 3.35564e-02	AbsError: 1.32408e+12
      Equation: "PotentialEquation"	RelError: 6.11807e-02	AbsError: 8.40477e-04
    Region: "oxide"	RelError: 1.42539e-02	AbsError: 2.00000e-02
      Equation: "PotentialEquation"	RelError: 1.42539e-02	AbsError: 2.00000e-02
Iteration: 1
  Device: "part1_baseline"	RelError: 2.50305e-03	AbsError: 1.57671e+15
    Region: "bulk"	RelError: 2.48357e-03	AbsError: 1.57671e+15
      Equation: "ElectronContinuityEquation"	RelError: 1.37437e-04	AbsError: 1.57669e+15
      Equation: "HoleContinuityEquation"	RelError: 9.68689e-04	AbsError: 2.53584e+10
      Equation: "PotentialEquation"	RelError: 1.37744e-03	AbsError: 1.14069e-05
    Region: "oxide"	RelError: 1.94784e-05	AbsError: 1.14069e-05
      Equation: "PotentialEquation"	RelError: 1.94784e-05	AbsError: 1.14069e-05
Iteration: 2
  Device: "part1_baseline"	RelError: 3.85679e-07	AbsError: 2.61748e+10
    Region: "bulk"	RelError: 3.85335e-07	AbsError: 2.61748e+10
      Equation: "ElectronContinuityEquation"	RelError: 1.50868e-08	AbsError: 2.61716e+10
      Equation: "HoleContinuityEquation"	RelError: 1.45385e-07	AbsError: 3.24306e+06
      Equation: "PotentialEquation"	RelError: 2.24863e-07	AbsError: 2.85065e-10
    Region: "oxide"	RelError: 3.44184e-10	AbsError: 2.07606e-10
      Equation: "PotentialEquation"	RelError: 3.44184e-10	AbsError: 2.07606e-10
number of equations 7095
Iteration: 0
  Device: "part1_baseline"	RelError: 1.39496e-01	AbsError: 6.52868e+17
    Region: "bulk"	RelError: 1.25442e-01	AbsError: 6.52868e+17
      Equation: "ElectronContinuityEquation"	RelError: 3.07949e-02	AbsError: 6.52867e+17
      Equation: "HoleContinuityEquation"	RelError: 3.26572e-02	AbsError: 1.27412e+12
      Equation: "PotentialEquation"	RelError: 6.19903e-02	AbsError: 8.18668e-04
    Region: "oxide"	RelError: 1.40536e-02	AbsError: 2.00000e-02
      Equation: "PotentialEquation"	RelError: 1.40536e-02	AbsError: 2.00000e-02
Iteration: 1
  Device: "part1_baseline"	RelError: 2.43682e-03	AbsError: 1.50705e+15
    Region: "bulk"	RelError: 2.41831e-03	AbsError: 1.50705e+15
      Equation: "ElectronContinuityEquation"	RelError: 1.30571e-04	AbsError: 1.50702e+15
      Equation: "HoleContinuityEquation"	RelError: 9.19280e-04	AbsError: 2.37925e+10
      Equation: "PotentialEquation"	RelError: 1.36846e-03	AbsError: 1.08422e-05
    Region: "oxide"	RelError: 1.85013e-05	AbsError: 1.08422e-05
      Equation: "PotentialEquation"	RelError: 1.85013e-05	AbsError: 1.08422e-05
Iteration: 2
  Device: "part1_baseline"	RelError: 3.62775e-07	AbsError: 2.39408e+10
    Region: "bulk"	RelError: 3.62458e-07	AbsError: 2.39408e+10
      Equation: "ElectronContinuityEquation"	RelError: 1.36133e-08	AbsError: 2.39379e+10
      Equation: "HoleContinuityEquation"	RelError: 1.31022e-07	AbsError: 2.96830e+06
      Equation: "PotentialEquation"	RelError: 2.17822e-07	AbsError: 2.60193e-10
    Region: "oxide"	RelError: 3.17731e-10	AbsError: 1.91894e-10
      Equation: "PotentialEquation"	RelError: 3.17731e-10	AbsError: 1.91894e-10
number of equations 7095
Iteration: 0
  Device: "part1_baseline"	RelError: 1.38591e-01	AbsError: 6.55573e+17
    Region: "bulk"	RelError: 1.24732e-01	AbsError: 6.55573e+17
      Equation: "ElectronContinuityEquation"	RelError: 3.00051e-02	AbsError: 6.55572e+17
      Equation: "HoleContinuityEquation"	RelError: 3.18041e-02	AbsError: 1.22722e+12
      Equation: "PotentialEquation"	RelError: 6.29230e-02	AbsError: 7.97941e-04
    Region: "oxide"	RelError: 1.38589e-02	AbsError: 2.00000e-02
      Equation: "PotentialEquation"	RelError: 1.38589e-02	AbsError: 2.00000e-02
Iteration: 1
  Device: "part1_baseline"	RelError: 2.37787e-03	AbsError: 1.44167e+15
    Region: "bulk"	RelError: 2.36028e-03	AbsError: 1.44167e+15
      Equation: "ElectronContinuityEquation"	RelError: 1.24166e-04	AbsError: 1.44164e+15
      Equation: "HoleContinuityEquation"	RelError: 8.73410e-04	AbsError: 2.23554e+10
      Equation: "PotentialEquation"	RelError: 1.36270e-03	AbsError: 1.03166e-05
    Region: "oxide"	RelError: 1.75937e-05	AbsError: 1.03166e-05
      Equation: "PotentialEquation"	RelError: 1.75937e-05	AbsError: 1.03166e-05
Iteration: 2
  Device: "part1_baseline"	RelError: 3.42508e-07	AbsError: 2.19467e+10
    Region: "bulk"	RelError: 3.42215e-07	AbsError: 2.19467e+10
      Equation: "ElectronContinuityEquation"	RelError: 1.23119e-08	AbsError: 2.19440e+10
      Equation: "HoleContinuityEquation"	RelError: 1.18342e-07	AbsError: 2.72136e+06
      Equation: "PotentialEquation"	RelError: 2.11560e-07	AbsError: 2.37912e-10
    Region: "oxide"	RelError: 2.93761e-10	AbsError: 1.77637e-10
      Equation: "PotentialEquation"	RelError: 2.93761e-10	AbsError: 1.77637e-10
number of equations 7095
Iteration: 0
  Device: "part1_baseline"	RelError: 1.37903e-01	AbsError: 6.58166e+17
    Region: "bulk"	RelError: 1.24233e-01	AbsError: 6.58166e+17
      Equation: "ElectronContinuityEquation"	RelError: 2.92520e-02	AbsError: 6.58165e+17
      Equation: "HoleContinuityEquation"	RelError: 3.09923e-02	AbsError: 1.18315e+12
      Equation: "PotentialEquation"	RelError: 6.39889e-02	AbsError: 7.78186e-04
    Region: "oxide"	RelError: 1.36694e-02	AbsError: 2.00000e-02
      Equation: "PotentialEquation"	RelError: 1.36694e-02	AbsError: 2.00000e-02
Iteration: 1
  Device: "part1_baseline"	RelError: 2.32597e-03	AbsError: 1.38024e+15
    Region: "bulk"	RelError: 2.30922e-03	AbsError: 1.38024e+15
      Equation: "ElectronContinuityEquation"	RelError: 1.18185e-04	AbsError: 1.38022e+15
      Equation: "HoleContinuityEquation"	RelError: 8.30834e-04	AbsError: 2.10342e+10
      Equation: "PotentialEquation"	RelError: 1.36020e-03	AbsError: 9.82648e-06
    Region: "oxide"	RelError: 1.67491e-05	AbsError: 9.82648e-06
      Equation: "PotentialEquation"	RelError: 1.67491e-05	AbsError: 9.82648e-06
Iteration: 2
  Device: "part1_baseline"	RelError: 3.24607e-07	AbsError: 2.01617e+10
    Region: "bulk"	RelError: 3.24335e-07	AbsError: 2.01617e+10
      Equation: "ElectronContinuityEquation"	RelError: 1.11596e-08	AbsError: 2.01592e+10
      Equation: "HoleContinuityEquation"	RelError: 1.07141e-07	AbsError: 2.49900e+06
      Equation: "PotentialEquation"	RelError: 2.06034e-07	AbsError: 2.17912e-10
    Region: "oxide"	RelError: 2.72001e-10	AbsError: 1.64677e-10
      Equation: "PotentialEquation"	RelError: 2.72001e-10	AbsError: 1.64677e-10
number of equations 7095
Iteration: 0
  Device: "part1_baseline"	RelError: 1.37440e-01	AbsError: 6.60655e+17
    Region: "bulk"	RelError: 1.23955e-01	AbsError: 6.60655e+17
      Equation: "ElectronContinuityEquation"	RelError: 2.85334e-02	AbsError: 6.60654e+17
      Equation: "HoleContinuityEquation"	RelError: 3.02215e-02	AbsError: 1.14165e+12
      Equation: "PotentialEquation"	RelError: 6.52004e-02	AbsError: 7.59400e-04
    Region: "oxide"	RelError: 1.34851e-02	AbsError: 2.00000e-02
      Equation: "PotentialEquation"	RelError: 1.34851e-02	AbsError: 2.00000e-02
Iteration: 1
  Device: "part1_baseline"	RelError: 2.28089e-03	AbsError: 1.32248e+15
    Region: "bulk"	RelError: 2.26492e-03	AbsError: 1.32248e+15
      Equation: "ElectronContinuityEquation"	RelError: 1.12594e-04	AbsError: 1.32246e+15
      Equation: "HoleContinuityEquation"	RelError: 7.91281e-04	AbsError: 1.98173e+10
      Equation: "PotentialEquation"	RelError: 1.36105e-03	AbsError: 9.36896e-06
    Region: "oxide"	RelError: 1.59611e-05	AbsError: 9.36896e-06
      Equation: "PotentialEquation"	RelError: 1.59611e-05	AbsError: 9.36896e-06
Iteration: 2
  Device: "part1_baseline"	RelError: 3.08795e-07	AbsError: 1.85598e+10
    Region: "bulk"	RelError: 3.08542e-07	AbsError: 1.85598e+10
      Equation: "ElectronContinuityEquation"	RelError: 1.01365e-08	AbsError: 1.85575e+10
      Equation: "HoleContinuityEquation"	RelError: 9.71962e-08	AbsError: 2.29840e+06
      Equation: "PotentialEquation"	RelError: 2.01210e-07	AbsError: 1.99924e-10
    Region: "oxide"	RelError: 2.52211e-10	AbsError: 1.52875e-10
      Equation: "PotentialEquation"	RelError: 2.52211e-10	AbsError: 1.52875e-10
number of equations 7095
Iteration: 0
  Device: "part1_baseline"	RelError: 1.37214e-01	AbsError: 6.63044e+17
    Region: "bulk"	RelError: 1.23908e-01	AbsError: 6.63044e+17
      Equation: "ElectronContinuityEquation"	RelError: 2.78469e-02	AbsError: 6.63043e+17
      Equation: "HoleContinuityEquation"	RelError: 2.94892e-02	AbsError: 1.10255e+12
      Equation: "PotentialEquation"	RelError: 6.65723e-02	AbsError: 7.41527e-04
    Region: "oxide"	RelError: 1.33056e-02	AbsError: 2.00000e-02
      Equation: "PotentialEquation"	RelError: 1.33056e-02	AbsError: 2.00000e-02
Iteration: 1
  Device: "part1_baseline"	RelError: 2.24235e-03	AbsError: 1.26810e+15
    Region: "bulk"	RelError: 2.22712e-03	AbsError: 1.26810e+15
      Equation: "ElectronContinuityEquation"	RelError: 1.07362e-04	AbsError: 1.26808e+15
      Equation: "HoleContinuityEquation"	RelError: 7.54388e-04	AbsError: 1.86945e+10
      Equation: "PotentialEquation"	RelError: 1.36537e-03	AbsError: 8.94146e-06
    Region: "oxide"	RelError: 1.52250e-05	AbsError: 8.94146e-06
      Equation: "PotentialEquation"	RelError: 1.52250e-05	AbsError: 8.94146e-06
Iteration: 2
  Device: "part1_baseline"	RelError: 2.94882e-07	AbsError: 1.71186e+10
    Region: "bulk"	RelError: 2.94648e-07	AbsError: 1.71186e+10
      Equation: "ElectronContinuityEquation"	RelError: 9.22587e-09	AbsError: 1.71165e+10
      Equation: "HoleContinuityEquation"	RelError: 8.83595e-08	AbsError: 2.11709e+06
      Equation: "PotentialEquation"	RelError: 1.97062e-07	AbsError: 1.83713e-10
    Region: "oxide"	RelError: 2.34182e-10	AbsError: 1.42109e-10
      Equation: "PotentialEquation"	RelError: 2.34182e-10	AbsError: 1.42109e-10
number of equations 7095
Iteration: 0
  Device: "part1_baseline"	RelError: 1.37234e-01	AbsError: 6.65341e+17
    Region: "bulk"	RelError: 1.24103e-01	AbsError: 6.65341e+17
      Equation: "ElectronContinuityEquation"	RelError: 2.71905e-02	AbsError: 6.65340e+17
      Equation: "HoleContinuityEquation"	RelError: 2.87901e-02	AbsError: 1.06564e+12
      Equation: "PotentialEquation"	RelError: 6.81224e-02	AbsError: 7.24439e-04
    Region: "oxide"	RelError: 1.31309e-02	AbsError: 2.00000e-02
      Equation: "PotentialEquation"	RelError: 1.31309e-02	AbsError: 2.00000e-02
Iteration: 1
  Device: "part1_baseline"	RelError: 2.21036e-03	AbsError: 1.21686e+15
    Region: "bulk"	RelError: 2.19582e-03	AbsError: 1.21686e+15
      Equation: "ElectronContinuityEquation"	RelError: 1.02460e-04	AbsError: 1.21684e+15
      Equation: "HoleContinuityEquation"	RelError: 7.20004e-04	AbsError: 1.76570e+10
      Equation: "PotentialEquation"	RelError: 1.37336e-03	AbsError: 8.54149e-06
    Region: "oxide"	RelError: 1.45369e-05	AbsError: 8.54149e-06
      Equation: "PotentialEquation"	RelError: 1.45369e-05	AbsError: 8.54149e-06
Iteration: 2
  Device: "part1_baseline"	RelError: 2.82694e-07	AbsError: 1.58187e+10
    Region: "bulk"	RelError: 2.82477e-07	AbsError: 1.58187e+10
      Equation: "ElectronContinuityEquation"	RelError: 8.41347e-09	AbsError: 1.58167e+10
      Equation: "HoleContinuityEquation"	RelError: 8.04886e-08	AbsError: 1.95294e+06
      Equation: "PotentialEquation"	RelError: 1.93575e-07	AbsError: 1.69079e-10
    Region: "oxide"	RelError: 2.17729e-10	AbsError: 1.32272e-10
      Equation: "PotentialEquation"	RelError: 2.17729e-10	AbsError: 1.32272e-10
number of equations 7095
Iteration: 0
  Device: "part1_baseline"	RelError: 1.37517e-01	AbsError: 6.67549e+17
    Region: "bulk"	RelError: 1.24557e-01	AbsError: 6.67549e+17
      Equation: "ElectronContinuityEquation"	RelError: 2.65625e-02	AbsError: 6.67548e+17
      Equation: "HoleContinuityEquation"	RelError: 2.81221e-02	AbsError: 1.03078e+12
      Equation: "PotentialEquation"	RelError: 6.98720e-02	AbsError: 7.08089e-04
    Region: "oxide"	RelError: 1.29607e-02	AbsError: 2.00000e-02
      Equation: "PotentialEquation"	RelError: 1.29607e-02	AbsError: 2.00000e-02
Iteration: 1
  Device: "part1_baseline"	RelError: 2.18492e-03	AbsError: 1.16853e+15
    Region: "bulk"	RelError: 2.17102e-03	AbsError: 1.16853e+15
      Equation: "ElectronContinuityEquation"	RelError: 9.78630e-05	AbsError: 1.16851e+15
      Equation: "HoleContinuityEquation"	RelError: 6.87911e-04	AbsError: 1.66966e+10
      Equation: "PotentialEquation"	RelError: 1.38525e-03	AbsError: 8.16665e-06
    Region: "oxide"	RelError: 1.38936e-05	AbsError: 8.16665e-06
      Equation: "PotentialEquation"	RelError: 1.38936e-05	AbsError: 8.16665e-06
Iteration: 2
  Device: "part1_baseline"	RelError: 2.72080e-07	AbsError: 1.46436e+10
    Region: "bulk"	RelError: 2.71878e-07	AbsError: 1.46436e+10
      Equation: "ElectronContinuityEquation"	RelError: 7.68699e-09	AbsError: 1.46418e+10
      Equation: "HoleContinuityEquation"	RelError: 7.34512e-08	AbsError: 1.80407e+06
      Equation: "PotentialEquation"	RelError: 1.90739e-07	AbsError: 1.55842e-10
    Region: "oxide"	RelError: 2.02690e-10	AbsError: 1.23270e-10
      Equation: "PotentialEquation"	RelError: 2.02690e-10	AbsError: 1.23270e-10
number of equations 7095
Iteration: 0
  Device: "part1_baseline"	RelError: 1.38089e-01	AbsError: 6.69673e+17
    Region: "bulk"	RelError: 1.25294e-01	AbsError: 6.69673e+17
      Equation: "ElectronContinuityEquation"	RelError: 2.59611e-02	AbsError: 6.69672e+17
      Equation: "HoleContinuityEquation"	RelError: 2.74856e-02	AbsError: 9.97791e+11
      Equation: "PotentialEquation"	RelError: 7.18471e-02	AbsError: 6.92491e-04
    Region: "oxide"	RelError: 1.27949e-02	AbsError: 2.00000e-02
      Equation: "PotentialEquation"	RelError: 1.27949e-02	AbsError: 2.00000e-02
Iteration: 1
  Device: "part1_baseline"	RelError: 2.16606e-03	AbsError: 1.12290e+15
    Region: "bulk"	RelError: 2.15277e-03	AbsError: 1.12290e+15
      Equation: "ElectronContinuityEquation"	RelError: 9.35473e-05	AbsError: 1.12288e+15
      Equation: "HoleContinuityEquation"	RelError: 6.57848e-04	AbsError: 1.58064e+10
      Equation: "PotentialEquation"	RelError: 1.40137e-03	AbsError: 7.81495e-06
    Region: "oxide"	RelError: 1.32903e-05	AbsError: 7.81495e-06
      Equation: "PotentialEquation"	RelError: 1.32903e-05	AbsError: 7.81495e-06
Iteration: 2
  Device: "part1_baseline"	RelError: 2.62946e-07	AbsError: 1.35789e+10
    Region: "bulk"	RelError: 2.62757e-07	AbsError: 1.35789e+10
      Equation: "ElectronContinuityEquation"	RelError: 7.03591e-09	AbsError: 1.35772e+10
      Equation: "HoleContinuityEquation"	RelError: 6.71618e-08	AbsError: 1.66883e+06
      Equation: "PotentialEquation"	RelError: 1.88559e-07	AbsError: 1.43849e-10
    Region: "oxide"	RelError: 1.88923e-10	AbsError: 1.15018e-10
      Equation: "PotentialEquation"	RelError: 1.88923e-10	AbsError: 1.15018e-10
number of equations 7095
Iteration: 0
  Device: "part1_baseline"	RelError: 1.38975e-01	AbsError: 6.71719e+17
    Region: "bulk"	RelError: 1.26342e-01	AbsError: 6.71719e+17
      Equation: "ElectronContinuityEquation"	RelError: 2.53847e-02	AbsError: 6.71718e+17
      Equation: "HoleContinuityEquation"	RelError: 2.68785e-02	AbsError: 9.66555e+11
      Equation: "PotentialEquation"	RelError: 7.40790e-02	AbsError: 6.77596e-04
    Region: "oxide"	RelError: 1.26333e-02	AbsError: 2.00000e-02
      Equation: "PotentialEquation"	RelError: 1.26333e-02	AbsError: 2.00000e-02
Iteration: 1
  Device: "part1_baseline"	RelError: 2.15405e-03	AbsError: 1.07979e+15
    Region: "bulk"	RelError: 2.14133e-03	AbsError: 1.07979e+15
      Equation: "ElectronContinuityEquation"	RelError: 8.94918e-05	AbsError: 1.07977e+15
      Equation: "HoleContinuityEquation"	RelError: 6.29690e-04	AbsError: 1.49799e+10
      Equation: "PotentialEquation"	RelError: 1.42214e-03	AbsError: 7.48457e-06
    Region: "oxide"	RelError: 1.27238e-05	AbsError: 7.48457e-06
      Equation: "PotentialEquation"	RelError: 1.27238e-05	AbsError: 7.48457e-06
Iteration: 2
  Device: "part1_baseline"	RelError: 2.55191e-07	AbsError: 1.26121e+10
    Region: "bulk"	RelError: 2.55015e-07	AbsError: 1.26121e+10
      Equation: "ElectronContinuityEquation"	RelError: 6.45116e-09	AbsError: 1.26106e+10
      Equation: "HoleContinuityEquation"	RelError: 6.15174e-08	AbsError: 1.54577e+06
      Equation: "PotentialEquation"	RelError: 1.87047e-07	AbsError: 1.32965e-10
    Region: "oxide"	RelError: 1.76300e-10	AbsError: 1.07444e-10
      Equation: "PotentialEquation"	RelError: 1.76300e-10	AbsError: 1.07444e-10
number of equations 7095
Iteration: 0
  Device: "part1_baseline"	RelError: 1.40211e-01	AbsError: 6.73690e+17
    Region: "bulk"	RelError: 1.27735e-01	AbsError: 6.73690e+17
      Equation: "ElectronContinuityEquation"	RelError: 2.48318e-02	AbsError: 6.73689e+17
      Equation: "HoleContinuityEquation"	RelError: 2.62967e-02	AbsError: 9.36941e+11
      Equation: "PotentialEquation"	RelError: 7.66064e-02	AbsError: 6.63306e-04
    Region: "oxide"	RelError: 1.24757e-02	AbsError: 2.00000e-02
      Equation: "PotentialEquation"	RelError: 1.24757e-02	AbsError: 2.00000e-02
Iteration: 1
  Device: "part1_baseline"	RelError: 2.14929e-03	AbsError: 1.03901e+15
    Region: "bulk"	RelError: 2.13710e-03	AbsError: 1.03901e+15
      Equation: "ElectronContinuityEquation"	RelError: 8.56771e-05	AbsError: 1.03900e+15
      Equation: "HoleContinuityEquation"	RelError: 6.03336e-04	AbsError: 1.42116e+10
      Equation: "PotentialEquation"	RelError: 1.44808e-03	AbsError: 7.17389e-06
    Region: "oxide"	RelError: 1.21912e-05	AbsError: 7.17389e-06
      Equation: "PotentialEquation"	RelError: 1.21912e-05	AbsError: 7.17389e-06
Iteration: 2
  Device: "part1_baseline"	RelError: 2.48755e-07	AbsError: 1.17325e+10
    Region: "bulk"	RelError: 2.48591e-07	AbsError: 1.17325e+10
      Equation: "ElectronContinuityEquation"	RelError: 5.92490e-09	AbsError: 1.17311e+10
      Equation: "HoleContinuityEquation"	RelError: 5.64389e-08	AbsError: 1.43363e+06
      Equation: "PotentialEquation"	RelError: 1.86227e-07	AbsError: 1.23071e-10
    Region: "oxide"	RelError: 1.64710e-10	AbsError: 1.00482e-10
      Equation: "PotentialEquation"	RelError: 1.64710e-10	AbsError: 1.00482e-10
number of equations 7095
Iteration: 0
  Device: "part1_baseline"	RelError: 1.41839e-01	AbsError: 6.75590e+17
    Region: "bulk"	RelError: 1.29517e-01	AbsError: 6.75590e+17
      Equation: "ElectronContinuityEquation"	RelError: 2.43011e-02	AbsError: 6.75589e+17
      Equation: "HoleContinuityEquation"	RelError: 2.57388e-02	AbsError: 9.08836e+11
      Equation: "PotentialEquation"	RelError: 7.94768e-02	AbsError: 6.49586e-04
    Region: "oxide"	RelError: 1.23219e-02	AbsError: 2.00000e-02
      Equation: "PotentialEquation"	RelError: 1.23219e-02	AbsError: 2.00000e-02
Iteration: 1
  Device: "part1_baseline"	RelError: 2.15219e-03	AbsError: 1.00042e+15
    Region: "bulk"	RelError: 2.14050e-03	AbsError: 1.00042e+15
      Equation: "ElectronContinuityEquation"	RelError: 8.20855e-05	AbsError: 1.00041e+15
      Equation: "HoleContinuityEquation"	RelError: 5.78554e-04	AbsError: 1.34963e+10
      Equation: "PotentialEquation"	RelError: 1.47986e-03	AbsError: 6.88149e-06
    Region: "oxide"	RelError: 1.16910e-05	AbsError: 6.88149e-06
      Equation: "PotentialEquation"	RelError: 1.16910e-05	AbsError: 6.88149e-06
Iteration: 2
  Device: "part1_baseline"	RelError: 2.43620e-07	AbsError: 1.09306e+10
    Region: "bulk"	RelError: 2.43466e-07	AbsError: 1.09306e+10
      Equation: "ElectronContinuityEquation"	RelError: 5.45033e-09	AbsError: 1.09293e+10
      Equation: "HoleContinuityEquation"	RelError: 5.18754e-08	AbsError: 1.33129e+06
      Equation: "PotentialEquation"	RelError: 1.86140e-07	AbsError: 1.14062e-10
    Region: "oxide"	RelError: 1.54054e-10	AbsError: 9.40736e-11
      Equation: "PotentialEquation"	RelError: 1.54054e-10	AbsError: 9.40736e-11
number of equations 7095
Iteration: 0
  Device: "part1_baseline"	RelError: 1.43916e-01	AbsError: 6.77423e+17
    Region: "bulk"	RelError: 1.31744e-01	AbsError: 6.77423e+17
      Equation: "ElectronContinuityEquation"	RelError: 2.37914e-02	AbsError: 6.77422e+17
      Equation: "HoleContinuityEquation"	RelError: 2.52033e-02	AbsError: 8.82137e+11
      Equation: "PotentialEquation"	RelError: 8.27498e-02	AbsError: 6.36403e-04
    Region: "oxide"	RelError: 1.21720e-02	AbsError: 2.00000e-02
      Equation: "PotentialEquation"	RelError: 1.21720e-02	AbsError: 2.00000e-02
Iteration: 1
  Device: "part1_baseline"	RelError: 2.16346e-03	AbsError: 9.63858e+14
    Region: "bulk"	RelError: 2.15224e-03	AbsError: 9.63858e+14
      Equation: "ElectronContinuityEquation"	RelError: 7.87006e-05	AbsError: 9.63845e+14
      Equation: "HoleContinuityEquation"	RelError: 5.55225e-04	AbsError: 1.28295e+10
      Equation: "PotentialEquation"	RelError: 1.51832e-03	AbsError: 6.60619e-06
    Region: "oxide"	RelError: 1.12201e-05	AbsError: 6.60619e-06
      Equation: "PotentialEquation"	RelError: 1.12201e-05	AbsError: 6.60619e-06
Iteration: 2
  Device: "part1_baseline"	RelError: 2.39764e-07	AbsError: 1.01981e+10
    Region: "bulk"	RelError: 2.39620e-07	AbsError: 1.01981e+10
      Equation: "ElectronContinuityEquation"	RelError: 5.02156e-09	AbsError: 1.01969e+10
      Equation: "HoleContinuityEquation"	RelError: 4.77527e-08	AbsError: 1.23774e+06
      Equation: "PotentialEquation"	RelError: 1.86846e-07	AbsError: 1.05848e-10
    Region: "oxide"	RelError: 1.44242e-10	AbsError: 8.81666e-11
      Equation: "PotentialEquation"	RelError: 1.44242e-10	AbsError: 8.81666e-11
number of equations 7095
Iteration: 0
  Device: "part1_baseline"	RelError: 1.46518e-01	AbsError: 6.79192e+17
    Region: "bulk"	RelError: 1.34492e-01	AbsError: 6.79192e+17
      Equation: "ElectronContinuityEquation"	RelError: 2.33014e-02	AbsError: 6.79191e+17
      Equation: "HoleContinuityEquation"	RelError: 2.46903e-02	AbsError: 8.56749e+11
      Equation: "PotentialEquation"	RelError: 8.65005e-02	AbsError: 6.23761e-04
    Region: "oxide"	RelError: 1.20256e-02	AbsError: 2.00000e-02
      Equation: "PotentialEquation"	RelError: 1.20256e-02	AbsError: 2.00000e-02
Iteration: 1
  Device: "part1_baseline"	RelError: 2.18415e-03	AbsError: 9.29192e+14
    Region: "bulk"	RelError: 2.17337e-03	AbsError: 9.29192e+14
      Equation: "ElectronContinuityEquation"	RelError: 7.55079e-05	AbsError: 9.29180e+14
      Equation: "HoleContinuityEquation"	RelError: 5.33310e-04	AbsError: 1.22071e+10
      Equation: "PotentialEquation"	RelError: 1.56455e-03	AbsError: 6.34646e-06
    Region: "oxide"	RelError: 1.07761e-05	AbsError: 6.34646e-06
      Equation: "PotentialEquation"	RelError: 1.07761e-05	AbsError: 6.34646e-06
Iteration: 2
  Device: "part1_baseline"	RelError: 2.37215e-07	AbsError: 9.52784e+09
    Region: "bulk"	RelError: 2.37079e-07	AbsError: 9.52784e+09
      Equation: "ElectronContinuityEquation"	RelError: 4.63346e-09	AbsError: 9.52669e+09
      Equation: "HoleContinuityEquation"	RelError: 4.40225e-08	AbsError: 1.15212e+06
      Equation: "PotentialEquation"	RelError: 1.88423e-07	AbsError: 9.83451e-11
    Region: "oxide"	RelError: 1.35195e-10	AbsError: 8.27149e-11
      Equation: "PotentialEquation"	RelError: 1.35195e-10	AbsError: 8.27149e-11
number of equations 7095
Iteration: 0
  Device: "part1_baseline"	RelError: 1.49738e-01	AbsError: 6.80901e+17
    Region: "bulk"	RelError: 1.37855e-01	AbsError: 6.80901e+17
      Equation: "ElectronContinuityEquation"	RelError: 2.28301e-02	AbsError: 6.80900e+17
      Equation: "HoleContinuityEquation"	RelError: 2.41999e-02	AbsError: 8.32584e+11
      Equation: "PotentialEquation"	RelError: 9.08250e-02	AbsError: 6.11665e-04
    Region: "oxide"	RelError: 1.18827e-02	AbsError: 2.00000e-02
      Equation: "PotentialEquation"	RelError: 1.18827e-02	AbsError: 2.00000e-02
Iteration: 1
  Device: "part1_baseline"	RelError: 2.21550e-03	AbsError: 8.96298e+14
    Region: "bulk"	RelError: 2.20514e-03	AbsError: 8.96298e+14
      Equation: "ElectronContinuityEquation"	RelError: 7.24935e-05	AbsError: 8.96286e+14
      Equation: "HoleContinuityEquation"	RelError: 5.12671e-04	AbsError: 1.16255e+10
      Equation: "PotentialEquation"	RelError: 1.61997e-03	AbsError: 6.10120e-06
    Region: "oxide"	RelError: 1.03569e-05	AbsError: 6.10120e-06
      Equation: "PotentialEquation"	RelError: 1.03569e-05	AbsError: 6.10120e-06
Iteration: 2
  Device: "part1_baseline"	RelError: 2.36046e-07	AbsError: 8.91337e+09
    Region: "bulk"	RelError: 2.35919e-07	AbsError: 8.91337e+09
      Equation: "ElectronContinuityEquation"	RelError: 4.28154e-09	AbsError: 8.91230e+09
      Equation: "HoleContinuityEquation"	RelError: 4.06520e-08	AbsError: 1.07364e+06
      Equation: "PotentialEquation"	RelError: 1.90986e-07	AbsError: 9.14835e-11
    Region: "oxide"	RelError: 1.26845e-10	AbsError: 7.76771e-11
      Equation: "PotentialEquation"	RelError: 1.26845e-10	AbsError: 7.76771e-11
number of equations 7095
Iteration: 0
  Device: "part1_baseline"	RelError: 1.53696e-01	AbsError: 6.82551e+17
    Region: "bulk"	RelError: 1.41953e-01	AbsError: 6.82551e+17
      Equation: "ElectronContinuityEquation"	RelError: 2.23765e-02	AbsError: 6.82550e+17
      Equation: "HoleContinuityEquation"	RelError: 2.37281e-02	AbsError: 8.09564e+11
      Equation: "PotentialEquation"	RelError: 9.58484e-02	AbsError: 6.00017e-04
    Region: "oxide"	RelError: 1.17431e-02	AbsError: 2.00000e-02
      Equation: "PotentialEquation"	RelError: 1.17431e-02	AbsError: 2.00000e-02
Iteration: 1
  Device: "part1_baseline"	RelError: 2.25921e-03	AbsError: 8.65061e+14
    Region: "bulk"	RelError: 2.24925e-03	AbsError: 8.65061e+14
      Equation: "ElectronContinuityEquation"	RelError: 6.96452e-05	AbsError: 8.65050e+14
      Equation: "HoleContinuityEquation"	RelError: 4.93177e-04	AbsError: 1.10813e+10
      Equation: "PotentialEquation"	RelError: 1.68643e-03	AbsError: 5.86937e-06
    Region: "oxide"	RelError: 9.96079e-06	AbsError: 5.86937e-06
      Equation: "PotentialEquation"	RelError: 9.96079e-06	AbsError: 5.86937e-06
Iteration: 2
  Device: "part1_baseline"	RelError: 2.36356e-07	AbsError: 8.34912e+09
    Region: "bulk"	RelError: 2.36237e-07	AbsError: 8.34912e+09
      Equation: "ElectronContinuityEquation"	RelError: 3.96199e-09	AbsError: 8.34812e+09
      Equation: "HoleContinuityEquation"	RelError: 3.75906e-08	AbsError: 1.00162e+06
      Equation: "PotentialEquation"	RelError: 1.94684e-07	AbsError: 8.51992e-11
    Region: "oxide"	RelError: 1.19126e-10	AbsError: 7.30161e-11
      Equation: "PotentialEquation"	RelError: 1.19126e-10	AbsError: 7.30161e-11
number of equations 7095
Iteration: 0
  Device: "part1_baseline"	RelError: 1.58557e-01	AbsError: 6.84147e+17
    Region: "bulk"	RelError: 1.46950e-01	AbsError: 6.84147e+17
      Equation: "ElectronContinuityEquation"	RelError: 2.19396e-02	AbsError: 6.84146e+17
      Equation: "HoleContinuityEquation"	RelError: 2.32739e-02	AbsError: 7.87614e+11
      Equation: "PotentialEquation"	RelError: 1.01736e-01	AbsError: 5.88793e-04
    Region: "oxide"	RelError: 1.16068e-02	AbsError: 2.00000e-02
      Equation: "PotentialEquation"	RelError: 1.16068e-02	AbsError: 2.00000e-02
Iteration: 1
  Device: "part1_baseline"	RelError: 2.31765e-03	AbsError: 8.35374e+14
    Region: "bulk"	RelError: 2.30807e-03	AbsError: 8.35374e+14
      Equation: "ElectronContinuityEquation"	RelError: 6.69516e-05	AbsError: 8.35364e+14
      Equation: "HoleContinuityEquation"	RelError: 4.74746e-04	AbsError: 1.05716e+10
      Equation: "PotentialEquation"	RelError: 1.76637e-03	AbsError: 5.65015e-06
    Region: "oxide"	RelError: 9.58656e-06	AbsError: 5.65015e-06
      Equation: "PotentialEquation"	RelError: 9.58656e-06	AbsError: 5.65015e-06
Iteration: 2
  Device: "part1_baseline"	RelError: 2.38315e-07	AbsError: 7.83014e+09
    Region: "bulk"	RelError: 2.38203e-07	AbsError: 7.83014e+09
      Equation: "ElectronContinuityEquation"	RelError: 3.67178e-09	AbsError: 7.82920e+09
      Equation: "HoleContinuityEquation"	RelError: 3.48054e-08	AbsError: 9.35424e+05
      Equation: "PotentialEquation"	RelError: 1.99726e-07	AbsError: 7.94357e-11
    Region: "oxide"	RelError: 1.11984e-10	AbsError: 6.86988e-11
      Equation: "PotentialEquation"	RelError: 1.11984e-10	AbsError: 6.86988e-11
number of equations 7095
Iteration: 0
  Device: "part1_baseline"	RelError: 1.64541e-01	AbsError: 6.85690e+17
    Region: "bulk"	RelError: 1.53067e-01	AbsError: 6.85690e+17
      Equation: "ElectronContinuityEquation"	RelError: 2.15186e-02	AbsError: 6.85690e+17
      Equation: "HoleContinuityEquation"	RelError: 2.28364e-02	AbsError: 7.66667e+11
      Equation: "PotentialEquation"	RelError: 1.08712e-01	AbsError: 5.77971e-04
    Region: "oxide"	RelError: 1.14737e-02	AbsError: 2.00000e-02
      Equation: "PotentialEquation"	RelError: 1.14737e-02	AbsError: 2.00000e-02
Iteration: 1
  Device: "part1_baseline"	RelError: 2.39411e-03	AbsError: 8.07141e+14
    Region: "bulk"	RelError: 2.38487e-03	AbsError: 8.07141e+14
      Equation: "ElectronContinuityEquation"	RelError: 6.44020e-05	AbsError: 8.07131e+14
      Equation: "HoleContinuityEquation"	RelError: 4.57339e-04	AbsError: 1.00936e+10
      Equation: "PotentialEquation"	RelError: 1.86313e-03	AbsError: 5.44276e-06
    Region: "oxide"	RelError: 9.23289e-06	AbsError: 5.44276e-06
      Equation: "PotentialEquation"	RelError: 9.23289e-06	AbsError: 5.44276e-06
Iteration: 2
  Device: "part1_baseline"	RelError: 2.42187e-07	AbsError: 7.35203e+09
    Region: "bulk"	RelError: 2.42081e-07	AbsError: 7.35203e+09
      Equation: "ElectronContinuityEquation"	RelError: 3.40725e-09	AbsError: 7.35116e+09
      Equation: "HoleContinuityEquation"	RelError: 3.22758e-08	AbsError: 8.74517e+05
      Equation: "PotentialEquation"	RelError: 2.06398e-07	AbsError: 7.41427e-11
    Region: "oxide"	RelError: 1.05367e-10	AbsError: 6.46951e-11
      Equation: "PotentialEquation"	RelError: 1.05367e-10	AbsError: 6.46951e-11
number of equations 7095
Iteration: 0
  Device: "part1_baseline"	RelError: 1.71955e-01	AbsError: 6.87184e+17
    Region: "bulk"	RelError: 1.60612e-01	AbsError: 6.87184e+17
      Equation: "ElectronContinuityEquation"	RelError: 2.11126e-02	AbsError: 6.87183e+17
      Equation: "HoleContinuityEquation"	RelError: 2.24146e-02	AbsError: 7.46661e+11
      Equation: "PotentialEquation"	RelError: 1.17085e-01	AbsError: 5.67531e-04
    Region: "oxide"	RelError: 1.13435e-02	AbsError: 2.00000e-02
      Equation: "PotentialEquation"	RelError: 1.13435e-02	AbsError: 2.00000e-02
Iteration: 1
  Device: "part1_baseline"	RelError: 2.49314e-03	AbsError: 7.80270e+14
    Region: "bulk"	RelError: 2.48424e-03	AbsError: 7.80270e+14
      Equation: "ElectronContinuityEquation"	RelError: 6.19869e-05	AbsError: 7.80260e+14
      Equation: "HoleContinuityEquation"	RelError: 4.40905e-04	AbsError: 9.64481e+09
      Equation: "PotentialEquation"	RelError: 1.98135e-03	AbsError: 5.24618e-06
    Region: "oxide"	RelError: 8.89774e-06	AbsError: 5.24618e-06
      Equation: "PotentialEquation"	RelError: 8.89774e-06	AbsError: 5.24618e-06
Iteration: 2
  Device: "part1_baseline"	RelError: 2.48337e-07	AbsError: 6.91092e+09
    Region: "bulk"	RelError: 2.48238e-07	AbsError: 6.91092e+09
      Equation: "ElectronContinuityEquation"	RelError: 3.16576e-09	AbsError: 6.91010e+09
      Equation: "HoleContinuityEquation"	RelError: 2.99681e-08	AbsError: 8.18403e+05
      Equation: "PotentialEquation"	RelError: 2.15104e-07	AbsError: 6.92757e-11
    Region: "oxide"	RelError: 9.92293e-11	AbsError: 6.09782e-11
      Equation: "PotentialEquation"	RelError: 9.92293e-11	AbsError: 6.09782e-11
number of equations 7095
Iteration: 0
  Device: "part1_baseline"	RelError: 1.81240e-01	AbsError: 6.88630e+17
    Region: "bulk"	RelError: 1.70024e-01	AbsError: 6.88630e+17
      Equation: "ElectronContinuityEquation"	RelError: 2.07209e-02	AbsError: 6.88629e+17
      Equation: "HoleContinuityEquation"	RelError: 2.20079e-02	AbsError: 7.27539e+11
      Equation: "PotentialEquation"	RelError: 1.27295e-01	AbsError: 5.57453e-04
    Region: "oxide"	RelError: 1.12163e-02	AbsError: 2.00000e-02
      Equation: "PotentialEquation"	RelError: 1.12163e-02	AbsError: 2.00000e-02
Iteration: 1
  Device: "part1_baseline"	RelError: 2.62121e-03	AbsError: 7.54677e+14
    Region: "bulk"	RelError: 2.61263e-03	AbsError: 7.54677e+14
      Equation: "ElectronContinuityEquation"	RelError: 5.96973e-05	AbsError: 7.54668e+14
      Equation: "HoleContinuityEquation"	RelError: 4.25323e-04	AbsError: 9.22309e+09
      Equation: "PotentialEquation"	RelError: 2.12761e-03	AbsError: 5.05971e-06
    Region: "oxide"	RelError: 8.57987e-06	AbsError: 5.05971e-06
      Equation: "PotentialEquation"	RelError: 8.57987e-06	AbsError: 5.05971e-06
Iteration: 2
  Device: "part1_baseline"	RelError: 2.57320e-07	AbsError: 6.50334e+09
    Region: "bulk"	RelError: 2.57226e-07	AbsError: 6.50334e+09
      Equation: "ElectronContinuityEquation"	RelError: 2.94497e-09	AbsError: 6.50257e+09
      Equation: "HoleContinuityEquation"	RelError: 2.78586e-08	AbsError: 7.66643e+05
      Equation: "PotentialEquation"	RelError: 2.26423e-07	AbsError: 6.47947e-11
    Region: "oxide"	RelError: 9.35306e-11	AbsError: 5.75238e-11
      Equation: "PotentialEquation"	RelError: 9.35306e-11	AbsError: 5.75238e-11
number of equations 7095
Iteration: 0
  Device: "part1_baseline"	RelError: 1.93044e-01	AbsError: 6.90031e+17
    Region: "bulk"	RelError: 1.81952e-01	AbsError: 6.90031e+17
      Equation: "ElectronContinuityEquation"	RelError: 2.03428e-02	AbsError: 6.90030e+17
      Equation: "HoleContinuityEquation"	RelError: 2.16153e-02	AbsError: 7.09393e+11
      Equation: "PotentialEquation"	RelError: 1.39994e-01	AbsError: 5.47719e-04
    Region: "oxide"	RelError: 1.10919e-02	AbsError: 2.00000e-02
      Equation: "PotentialEquation"	RelError: 1.10919e-02	AbsError: 2.00000e-02
Iteration: 1
  Device: "part1_baseline"	RelError: 2.78800e-03	AbsError: 7.30286e+14
    Region: "bulk"	RelError: 2.77972e-03	AbsError: 7.30286e+14
      Equation: "ElectronContinuityEquation"	RelError: 5.75251e-05	AbsError: 7.30277e+14
      Equation: "HoleContinuityEquation"	RelError: 4.10535e-04	AbsError: 8.82637e+09
      Equation: "PotentialEquation"	RelError: 2.31166e-03	AbsError: 4.88268e-06
    Region: "oxide"	RelError: 8.27816e-06	AbsError: 4.88268e-06
      Equation: "PotentialEquation"	RelError: 8.27816e-06	AbsError: 4.88268e-06
Iteration: 2
  Device: "part1_baseline"	RelError: 2.69977e-07	AbsError: 6.12622e+09
    Region: "bulk"	RelError: 2.69888e-07	AbsError: 6.12622e+09
      Equation: "ElectronContinuityEquation"	RelError: 2.74281e-09	AbsError: 6.12550e+09
      Equation: "HoleContinuityEquation"	RelError: 2.59299e-08	AbsError: 7.18845e+05
      Equation: "PotentialEquation"	RelError: 2.41216e-07	AbsError: 6.06641e-11
    Region: "oxide"	RelError: 8.82337e-11	AbsError: 5.43100e-11
      Equation: "PotentialEquation"	RelError: 8.82337e-11	AbsError: 5.43100e-11
number of equations 7095
Iteration: 0
  Device: "part1_baseline"	RelError: 2.08363e-01	AbsError: 6.91388e+17
    Region: "bulk"	RelError: 1.97392e-01	AbsError: 6.91388e+17
      Equation: "ElectronContinuityEquation"	RelError: 1.99775e-02	AbsError: 6.91388e+17
      Equation: "HoleContinuityEquation"	RelError: 2.12362e-02	AbsError: 6.92239e+11
      Equation: "PotentialEquation"	RelError: 1.56179e-01	AbsError: 5.38313e-04
    Region: "oxide"	RelError: 1.09702e-02	AbsError: 2.00000e-02
      Equation: "PotentialEquation"	RelError: 1.09702e-02	AbsError: 2.00000e-02
Iteration: 1
  Device: "part1_baseline"	RelError: 3.00843e-03	AbsError: 7.07023e+14
    Region: "bulk"	RelError: 3.00043e-03	AbsError: 7.07023e+14
      Equation: "ElectronContinuityEquation"	RelError: 5.54628e-05	AbsError: 7.07015e+14
      Equation: "HoleContinuityEquation"	RelError: 3.96488e-04	AbsError: 8.45281e+09
      Equation: "PotentialEquation"	RelError: 2.54848e-03	AbsError: 4.71474e-06
    Region: "oxide"	RelError: 7.99154e-06	AbsError: 4.71474e-06
      Equation: "PotentialEquation"	RelError: 7.99154e-06	AbsError: 4.71474e-06
Iteration: 2
  Device: "part1_baseline"	RelError: 2.87619e-07	AbsError: 5.77680e+09
    Region: "bulk"	RelError: 2.87536e-07	AbsError: 5.77680e+09
      Equation: "ElectronContinuityEquation"	RelError: 2.55745e-09	AbsError: 5.77613e+09
      Equation: "HoleContinuityEquation"	RelError: 2.41667e-08	AbsError: 6.74655e+05
      Equation: "PotentialEquation"	RelError: 2.60812e-07	AbsError: 5.68677e-11
    Region: "oxide"	RelError: 8.33050e-11	AbsError: 5.13171e-11
      Equation: "PotentialEquation"	RelError: 8.33050e-11	AbsError: 5.13171e-11
number of equations 7095
Iteration: 0
  Device: "part1_baseline"	RelError: 2.28818e-01	AbsError: 6.92704e+17
    Region: "bulk"	RelError: 2.17967e-01	AbsError: 6.92704e+17
      Equation: "ElectronContinuityEquation"	RelError: 1.96246e-02	AbsError: 6.92704e+17
      Equation: "HoleContinuityEquation"	RelError: 2.08717e-02	AbsError: 6.75803e+11
      Equation: "PotentialEquation"	RelError: 1.77471e-01	AbsError: 5.29262e-04
    Region: "oxide"	RelError: 1.08512e-02	AbsError: 2.00000e-02
      Equation: "PotentialEquation"	RelError: 1.08512e-02	AbsError: 2.00000e-02
Iteration: 1
  Device: "part1_baseline"	RelError: 3.30673e-03	AbsError: 6.84823e+14
    Region: "bulk"	RelError: 3.29901e-03	AbsError: 6.84823e+14
      Equation: "ElectronContinuityEquation"	RelError: 5.35032e-05	AbsError: 6.84815e+14
      Equation: "HoleContinuityEquation"	RelError: 3.83151e-04	AbsError: 8.10071e+09
      Equation: "PotentialEquation"	RelError: 2.86236e-03	AbsError: 4.55506e-06
    Region: "oxide"	RelError: 7.71942e-06	AbsError: 4.55506e-06
      Equation: "PotentialEquation"	RelError: 7.71942e-06	AbsError: 4.55506e-06
Iteration: 2
  Device: "part1_baseline"	RelError: 3.12385e-07	AbsError: 5.45263e+09
    Region: "bulk"	RelError: 3.12307e-07	AbsError: 5.45263e+09
      Equation: "ElectronContinuityEquation"	RelError: 2.38726e-09	AbsError: 5.45199e+09
      Equation: "HoleContinuityEquation"	RelError: 2.25478e-08	AbsError: 6.33754e+05
      Equation: "PotentialEquation"	RelError: 2.87372e-07	AbsError: 5.33672e-11
    Region: "oxide"	RelError: 7.87145e-11	AbsError: 4.85271e-11
      Equation: "PotentialEquation"	RelError: 7.87145e-11	AbsError: 4.85271e-11
number of equations 7095
Iteration: 0
  Device: "part1_baseline"	RelError: 2.57219e-01	AbsError: 6.93981e+17
    Region: "bulk"	RelError: 2.46485e-01	AbsError: 6.93981e+17
      Equation: "ElectronContinuityEquation"	RelError: 1.92833e-02	AbsError: 6.93980e+17
      Equation: "HoleContinuityEquation"	RelError: 2.05208e-02	AbsError: 6.60044e+11
      Equation: "PotentialEquation"	RelError: 2.06680e-01	AbsError: 5.20543e-04
    Region: "oxide"	RelError: 1.07347e-02	AbsError: 2.00000e-02
      Equation: "PotentialEquation"	RelError: 1.07347e-02	AbsError: 2.00000e-02
Iteration: 1
  Device: "part1_baseline"	RelError: 3.72501e-03	AbsError: 6.63622e+14
    Region: "bulk"	RelError: 3.71755e-03	AbsError: 6.63622e+14
      Equation: "ElectronContinuityEquation"	RelError: 5.16401e-05	AbsError: 6.63615e+14
      Equation: "HoleContinuityEquation"	RelError: 3.70521e-04	AbsError: 7.76854e+09
      Equation: "PotentialEquation"	RelError: 3.29539e-03	AbsError: 4.40309e-06
    Region: "oxide"	RelError: 7.46096e-06	AbsError: 4.40309e-06
      Equation: "PotentialEquation"	RelError: 7.46096e-06	AbsError: 4.40309e-06
Iteration: 2
  Device: "part1_baseline"	RelError: 3.48010e-07	AbsError: 5.15149e+09
    Region: "bulk"	RelError: 3.47935e-07	AbsError: 5.15149e+09
      Equation: "ElectronContinuityEquation"	RelError: 2.23079e-09	AbsError: 5.15089e+09
      Equation: "HoleContinuityEquation"	RelError: 2.10597e-08	AbsError: 5.95858e+05
      Equation: "PotentialEquation"	RelError: 3.24645e-07	AbsError: 5.01275e-11
    Region: "oxide"	RelError: 7.44347e-11	AbsError: 4.59237e-11
      Equation: "PotentialEquation"	RelError: 7.44347e-11	AbsError: 4.59237e-11
number of equations 7095
Iteration: 0
  Device: "part1_baseline"	RelError: 2.98906e-01	AbsError: 6.95220e+17
    Region: "bulk"	RelError: 2.88286e-01	AbsError: 6.95220e+17
      Equation: "ElectronContinuityEquation"	RelError: 1.89531e-02	AbsError: 6.95219e+17
      Equation: "HoleContinuityEquation"	RelError: 2.01813e-02	AbsError: 6.44925e+11
      Equation: "PotentialEquation"	RelError: 2.49151e-01	AbsError: 5.12104e-04
    Region: "oxide"	RelError: 1.06207e-02	AbsError: 2.00000e-02
      Equation: "PotentialEquation"	RelError: 1.06207e-02	AbsError: 2.00000e-02
Iteration: 1
  Device: "part1_baseline"	RelError: 4.34305e-03	AbsError: 6.43364e+14
    Region: "bulk"	RelError: 4.33584e-03	AbsError: 6.43364e+14
      Equation: "ElectronContinuityEquation"	RelError: 4.98674e-05	AbsError: 6.43357e+14
      Equation: "HoleContinuityEquation"	RelError: 3.58494e-04	AbsError: 7.45488e+09
      Equation: "PotentialEquation"	RelError: 3.92748e-03	AbsError: 4.25837e-06
    Region: "oxide"	RelError: 7.21486e-06	AbsError: 4.25837e-06
      Equation: "PotentialEquation"	RelError: 7.21486e-06	AbsError: 4.25837e-06
Iteration: 2
  Device: "part1_baseline"	RelError: 4.01604e-07	AbsError: 4.87141e+09
    Region: "bulk"	RelError: 4.01534e-07	AbsError: 4.87141e+09
      Equation: "ElectronContinuityEquation"	RelError: 2.08675e-09	AbsError: 4.87085e+09
      Equation: "HoleContinuityEquation"	RelError: 1.96913e-08	AbsError: 5.60710e+05
      Equation: "PotentialEquation"	RelError: 3.79755e-07	AbsError: 4.71259e-11
    Region: "oxide"	RelError: 7.04408e-11	AbsError: 4.34922e-11
      Equation: "PotentialEquation"	RelError: 7.04408e-11	AbsError: 4.34922e-11
number of equations 7095
Iteration: 0
  Device: "part1_baseline"	RelError: 3.65433e-01	AbsError: 6.96422e+17
    Region: "bulk"	RelError: 3.54924e-01	AbsError: 6.96422e+17
      Equation: "ElectronContinuityEquation"	RelError: 1.86335e-02	AbsError: 6.96422e+17
      Equation: "HoleContinuityEquation"	RelError: 1.98528e-02	AbsError: 6.30409e+11
      Equation: "PotentialEquation"	RelError: 3.16438e-01	AbsError: 5.03929e-04
    Region: "oxide"	RelError: 1.05091e-02	AbsError: 2.00000e-02
      Equation: "PotentialEquation"	RelError: 1.05091e-02	AbsError: 2.00000e-02
Iteration: 1
  Device: "part1_baseline"	RelError: 5.33323e-03	AbsError: 6.23995e+14
    Region: "bulk"	RelError: 5.32625e-03	AbsError: 6.23995e+14
      Equation: "ElectronContinuityEquation"	RelError: 4.81795e-05	AbsError: 6.23988e+14
      Equation: "HoleContinuityEquation"	RelError: 3.47034e-04	AbsError: 7.15884e+09
      Equation: "PotentialEquation"	RelError: 4.93103e-03	AbsError: 4.12065e-06
    Region: "oxide"	RelError: 6.98034e-06	AbsError: 4.12065e-06
      Equation: "PotentialEquation"	RelError: 6.98034e-06	AbsError: 4.12065e-06
Iteration: 2
  Device: "part1_baseline"	RelError: 4.88536e-07	AbsError: 4.61062e+09
    Region: "bulk"	RelError: 4.88469e-07	AbsError: 4.61062e+09
      Equation: "ElectronContinuityEquation"	RelError: 1.95399e-09	AbsError: 4.61009e+09
      Equation: "HoleContinuityEquation"	RelError: 1.84342e-08	AbsError: 5.28075e+05
      Equation: "PotentialEquation"	RelError: 4.68081e-07	AbsError: 4.43421e-11
    Region: "oxide"	RelError: 6.67102e-11	AbsError: 4.12191e-11
      Equation: "PotentialEquation"	RelError: 6.67102e-11	AbsError: 4.12191e-11
number of equations 7095
Iteration: 0
  Device: "part1_baseline"	RelError: 4.87283e-01	AbsError: 6.97590e+17
    Region: "bulk"	RelError: 4.76883e-01	AbsError: 6.97590e+17
      Equation: "ElectronContinuityEquation"	RelError: 1.83241e-02	AbsError: 6.97589e+17
      Equation: "HoleContinuityEquation"	RelError: 1.95347e-02	AbsError: 6.16464e+11
      Equation: "PotentialEquation"	RelError: 4.39024e-01	AbsError: 4.96008e-04
    Region: "oxide"	RelError: 1.03998e-02	AbsError: 2.00000e-02
      Equation: "PotentialEquation"	RelError: 1.03998e-02	AbsError: 2.00000e-02
Iteration: 1
  Device: "part1_baseline"	RelError: 7.14859e-03	AbsError: 6.05465e+14
    Region: "bulk"	RelError: 7.14184e-03	AbsError: 6.05465e+14
      Equation: "ElectronContinuityEquation"	RelError: 4.65714e-05	AbsError: 6.05458e+14
      Equation: "HoleContinuityEquation"	RelError: 3.36105e-04	AbsError: 6.87969e+09
      Equation: "PotentialEquation"	RelError: 6.75916e-03	AbsError: 3.98935e-06
    Region: "oxide"	RelError: 6.75672e-06	AbsError: 3.98935e-06
      Equation: "PotentialEquation"	RelError: 6.75672e-06	AbsError: 3.98935e-06
Iteration: 2
  Device: "part1_baseline"	RelError: 6.49212e-07	AbsError: 4.36749e+09
    Region: "bulk"	RelError: 6.49149e-07	AbsError: 4.36749e+09
      Equation: "ElectronContinuityEquation"	RelError: 1.83147e-09	AbsError: 4.36699e+09
      Equation: "HoleContinuityEquation"	RelError: 1.72739e-08	AbsError: 4.97745e+05
      Equation: "PotentialEquation"	RelError: 6.30044e-07	AbsError: 4.17575e-11
    Region: "oxide"	RelError: 6.32224e-11	AbsError: 3.90923e-11
      Equation: "PotentialEquation"	RelError: 6.32224e-11	AbsError: 3.90923e-11
number of equations 7095
Iteration: 0
  Device: "part1_baseline"	RelError: 7.79544e-01	AbsError: 6.98724e+17
    Region: "bulk"	RelError: 7.69251e-01	AbsError: 6.98724e+17
      Equation: "ElectronContinuityEquation"	RelError: 1.80243e-02	AbsError: 6.98724e+17
      Equation: "HoleContinuityEquation"	RelError: 1.92264e-02	AbsError: 6.03059e+11
      Equation: "PotentialEquation"	RelError: 7.32000e-01	AbsError: 4.88330e-04
    Region: "oxide"	RelError: 1.02927e-02	AbsError: 2.00000e-02
      Equation: "PotentialEquation"	RelError: 1.02927e-02	AbsError: 2.00000e-02
Iteration: 1
  Device: "part1_baseline"	RelError: 1.14862e-02	AbsError: 5.87726e+14
    Region: "bulk"	RelError: 1.14797e-02	AbsError: 5.87726e+14
      Equation: "ElectronContinuityEquation"	RelError: 4.50383e-05	AbsError: 5.87720e+14
      Equation: "HoleContinuityEquation"	RelError: 3.25676e-04	AbsError: 6.61541e+09
      Equation: "PotentialEquation"	RelError: 1.11090e-02	AbsError: 3.86405e-06
    Region: "oxide"	RelError: 6.54335e-06	AbsError: 3.86405e-06
      Equation: "PotentialEquation"	RelError: 6.54335e-06	AbsError: 3.86405e-06
Iteration: 2
  Device: "part1_baseline"	RelError: 1.03505e-06	AbsError: 4.14059e+09
    Region: "bulk"	RelError: 1.03499e-06	AbsError: 4.14059e+09
      Equation: "ElectronContinuityEquation"	RelError: 1.71827e-09	AbsError: 4.14012e+09
      Equation: "HoleContinuityEquation"	RelError: 1.62019e-08	AbsError: 4.69530e+05
      Equation: "PotentialEquation"	RelError: 1.01707e-06	AbsError: 3.93556e-11
    Region: "oxide"	RelError: 5.99589e-11	AbsError: 3.71007e-11
      Equation: "PotentialEquation"	RelError: 5.99589e-11	AbsError: 3.71007e-11
Iteration: 3
  Device: "part1_baseline"	RelError: 4.44489e-17	AbsError: 1.41038e-01
    Region: "bulk"	RelError: 4.44458e-17	AbsError: 1.41038e-01
      Equation: "ElectronContinuityEquation"	RelError: 1.17352e-18	AbsError: 1.41015e-01
      Equation: "HoleContinuityEquation"	RelError: 2.32850e-18	AbsError: 2.29036e-05
      Equation: "PotentialEquation"	RelError: 4.09438e-17	AbsError: 1.95977e-21
    Region: "oxide"	RelError: 3.15032e-21	AbsError: 1.94932e-21
      Equation: "PotentialEquation"	RelError: 3.15032e-21	AbsError: 1.94932e-21
number of equations 7095
Iteration: 0
  Device: "part1_baseline"	RelError: 2.40034e+00	AbsError: 6.99827e+17
    Region: "bulk"	RelError: 2.39016e+00	AbsError: 6.99827e+17
      Equation: "ElectronContinuityEquation"	RelError: 1.77337e-02	AbsError: 6.99827e+17
      Equation: "HoleContinuityEquation"	RelError: 1.89277e-02	AbsError: 5.90166e+11
      Equation: "PotentialEquation"	RelError: 2.35350e+00	AbsError: 4.80883e-04
    Region: "oxide"	RelError: 1.01879e-02	AbsError: 2.00000e-02
      Equation: "PotentialEquation"	RelError: 1.01879e-02	AbsError: 2.00000e-02
Iteration: 1
  Device: "part1_baseline"	RelError: 3.48991e-02	AbsError: 5.70736e+14
    Region: "bulk"	RelError: 3.48928e-02	AbsError: 5.70736e+14
      Equation: "ElectronContinuityEquation"	RelError: 4.35757e-05	AbsError: 5.70730e+14
      Equation: "HoleContinuityEquation"	RelError: 3.15717e-04	AbsError: 6.36500e+09
      Equation: "PotentialEquation"	RelError: 3.45335e-02	AbsError: 3.74439e-06
    Region: "oxide"	RelError: 6.33963e-06	AbsError: 3.74439e-06
      Equation: "PotentialEquation"	RelError: 6.33963e-06	AbsError: 3.74439e-06
Iteration: 2
  Device: "part1_baseline"	RelError: 3.12295e-06	AbsError: 3.92861e+09
    Region: "bulk"	RelError: 3.12290e-06	AbsError: 3.92861e+09
      Equation: "ElectronContinuityEquation"	RelError: 1.61356e-09	AbsError: 3.92816e+09
      Equation: "HoleContinuityEquation"	RelError: 1.52104e-08	AbsError: 4.43257e+05
      Equation: "PotentialEquation"	RelError: 3.10607e-06	AbsError: 3.71212e-11
    Region: "oxide"	RelError: 5.69024e-11	AbsError: 3.52341e-11
      Equation: "PotentialEquation"	RelError: 5.69024e-11	AbsError: 3.52341e-11
Iteration: 3
  Device: "part1_baseline"	RelError: 1.23549e-16	AbsError: 1.30129e-01
    Region: "bulk"	RelError: 1.23546e-16	AbsError: 1.30129e-01
      Equation: "ElectronContinuityEquation"	RelError: 1.03851e-18	AbsError: 1.30109e-01
      Equation: "HoleContinuityEquation"	RelError: 2.05720e-18	AbsError: 2.06546e-05
      Equation: "PotentialEquation"	RelError: 1.20451e-16	AbsError: 1.79903e-21
    Region: "oxide"	RelError: 2.90541e-21	AbsError: 1.79903e-21
      Equation: "PotentialEquation"	RelError: 2.90541e-21	AbsError: 1.79903e-21
Adding 668 nodes
Adding 1576 edges with 0 duplicates removed
Adding 908 triangles  with 0 duplicate removed
Adding 2340 nodes
Adding 6819 edges with 0 duplicates removed
Adding 4480 triangles  with 0 duplicate removed
Adding 125 nodes
Adding 316 edges with 0 duplicates removed
Adding 192 triangles  with 0 duplicate removed
Adding 75 nodes
Adding 170 edges with 0 duplicates removed
Adding 96 triangles  with 0 duplicate removed
Contact body in region bulk with 65 nodes
Contact drain in region bulk with 21 nodes
Contact gate in region oxide with 25 nodes
Contact source in region bulk with 21 nodes
Adding interface bulk_oxide with 23, 23 nodes
Replacing Node Model DrainDoping in region bulk of material Silicon
Replacing Node Model NetDoping in region bulk of material Silicon
Replacing Node Model SourceDoping in region bulk of material Silicon
Replacing Node Model gatenodemodel in region oxide of material Oxide
number of equations 2415
Iteration: 0
  Device: "part1_baseline"	RelError: 2.00000e+00	AbsError: 2.02932e-01
    Region: "bulk"	RelError: 1.00000e+00	AbsError: 2.02932e-01
      Equation: "PotentialEquation"	RelError: 1.00000e+00	AbsError: 2.02932e-01
    Region: "oxide"	RelError: 1.00000e+00	AbsError: 1.30203e-01
      Equation: "PotentialEquation"	RelError: 1.00000e+00	AbsError: 1.30203e-01
Iteration: 1
  Device: "part1_baseline"	RelError: 9.97423e-01	AbsError: 2.02486e-01
    Region: "bulk"	RelError: 4.99590e-01	AbsError: 2.02486e-01
      Equation: "PotentialEquation"	RelError: 4.99590e-01	AbsError: 2.02486e-01
    Region: "oxide"	RelError: 4.97833e-01	AbsError: 1.29080e-01
      Equation: "PotentialEquation"	RelError: 4.97833e-01	AbsError: 1.29080e-01
Iteration: 2
  Device: "part1_baseline"	RelError: 1.03038e+01	AbsError: 1.49517e-01
    Region: "bulk"	RelError: 6.19488e-01	AbsError: 1.49517e-01
      Equation: "PotentialEquation"	RelError: 6.19488e-01	AbsError: 1.49517e-01
    Region: "oxide"	RelError: 9.68436e+00	AbsError: 8.36719e-02
      Equation: "PotentialEquation"	RelError: 9.68436e+00	AbsError: 8.36719e-02
Iteration: 3
  Device: "part1_baseline"	RelError: 4.08931e+00	AbsError: 8.17909e-02
    Region: "bulk"	RelError: 1.61540e+00	AbsError: 8.17909e-02
      Equation: "PotentialEquation"	RelError: 1.61540e+00	AbsError: 8.17909e-02
    Region: "oxide"	RelError: 2.47391e+00	AbsError: 5.74953e-02
      Equation: "PotentialEquation"	RelError: 2.47391e+00	AbsError: 5.74953e-02
Iteration: 4
  Device: "part1_baseline"	RelError: 1.31005e+02	AbsError: 8.16588e-02
    Region: "bulk"	RelError: 6.58955e+01	AbsError: 8.16588e-02
      Equation: "PotentialEquation"	RelError: 6.58955e+01	AbsError: 8.16588e-02
    Region: "oxide"	RelError: 6.51090e+01	AbsError: 5.46723e-02
      Equation: "PotentialEquation"	RelError: 6.51090e+01	AbsError: 5.46723e-02
Iteration: 5
  Device: "part1_baseline"	RelError: 8.23413e+02	AbsError: 8.02909e-02
    Region: "bulk"	RelError: 7.45296e+02	AbsError: 8.02909e-02
      Equation: "PotentialEquation"	RelError: 7.45296e+02	AbsError: 8.02909e-02
    Region: "oxide"	RelError: 7.81177e+01	AbsError: 5.00083e-02
      Equation: "PotentialEquation"	RelError: 7.81177e+01	AbsError: 5.00083e-02
Iteration: 6
  Device: "part1_baseline"	RelError: 5.86027e+02	AbsError: 7.84339e-02
    Region: "bulk"	RelError: 5.81686e+02	AbsError: 7.84339e-02
      Equation: "PotentialEquation"	RelError: 5.81686e+02	AbsError: 7.84339e-02
    Region: "oxide"	RelError: 4.34092e+00	AbsError: 4.39111e-02
      Equation: "PotentialEquation"	RelError: 4.34092e+00	AbsError: 4.39111e-02
Iteration: 7
  Device: "part1_baseline"	RelError: 2.02573e+02	AbsError: 7.57349e-02
    Region: "bulk"	RelError: 2.00793e+02	AbsError: 7.57349e-02
      Equation: "PotentialEquation"	RelError: 2.00793e+02	AbsError: 7.57349e-02
    Region: "oxide"	RelError: 1.78015e+00	AbsError: 3.60512e-02
      Equation: "PotentialEquation"	RelError: 1.78015e+00	AbsError: 3.60512e-02
Iteration: 8
  Device: "part1_baseline"	RelError: 3.49958e+03	AbsError: 7.17588e-02
    Region: "bulk"	RelError: 2.97585e+03	AbsError: 7.17588e-02
      Equation: "PotentialEquation"	RelError: 2.97585e+03	AbsError: 7.17588e-02
    Region: "oxide"	RelError: 5.23733e+02	AbsError: 2.60636e-02
      Equation: "PotentialEquation"	RelError: 5.23733e+02	AbsError: 2.60636e-02
Iteration: 9
  Device: "part1_baseline"	RelError: 6.73294e+01	AbsError: 6.40294e-02
    Region: "bulk"	RelError: 6.63264e+01	AbsError: 6.40294e-02
      Equation: "PotentialEquation"	RelError: 6.63264e+01	AbsError: 6.40294e-02
    Region: "oxide"	RelError: 1.00302e+00	AbsError: 1.91435e-02
      Equation: "PotentialEquation"	RelError: 1.00302e+00	AbsError: 1.91435e-02
Iteration: 10
  Device: "part1_baseline"	RelError: 1.33165e+01	AbsError: 5.22371e-02
    Region: "bulk"	RelError: 1.30806e+01	AbsError: 5.22371e-02
      Equation: "PotentialEquation"	RelError: 1.30806e+01	AbsError: 5.22371e-02
    Region: "oxide"	RelError: 2.35941e-01	AbsError: 4.45571e-03
      Equation: "PotentialEquation"	RelError: 2.35941e-01	AbsError: 4.45571e-03
Iteration: 11
  Device: "part1_baseline"	RelError: 6.44240e+00	AbsError: 3.98588e-02
    Region: "bulk"	RelError: 6.26810e+00	AbsError: 3.98588e-02
      Equation: "PotentialEquation"	RelError: 6.26810e+00	AbsError: 3.98588e-02
    Region: "oxide"	RelError: 1.74299e-01	AbsError: 2.39447e-03
      Equation: "PotentialEquation"	RelError: 1.74299e-01	AbsError: 2.39447e-03
Iteration: 12
  Device: "part1_baseline"	RelError: 4.21959e+00	AbsError: 2.57250e-02
    Region: "bulk"	RelError: 4.18971e+00	AbsError: 2.57250e-02
      Equation: "PotentialEquation"	RelError: 4.18971e+00	AbsError: 2.57250e-02
    Region: "oxide"	RelError: 2.98753e-02	AbsError: 2.66244e-04
      Equation: "PotentialEquation"	RelError: 2.98753e-02	AbsError: 2.66244e-04
Iteration: 13
  Device: "part1_baseline"	RelError: 7.23942e-01	AbsError: 8.92905e-03
    Region: "bulk"	RelError: 7.21156e-01	AbsError: 8.92905e-03
      Equation: "PotentialEquation"	RelError: 7.21156e-01	AbsError: 8.92905e-03
    Region: "oxide"	RelError: 2.78605e-03	AbsError: 2.14736e-05
      Equation: "PotentialEquation"	RelError: 2.78605e-03	AbsError: 2.14736e-05
Iteration: 14
  Device: "part1_baseline"	RelError: 2.63514e-02	AbsError: 3.50312e-04
    Region: "bulk"	RelError: 2.63000e-02	AbsError: 3.50312e-04
      Equation: "PotentialEquation"	RelError: 2.63000e-02	AbsError: 3.50312e-04
    Region: "oxide"	RelError: 5.14674e-05	AbsError: 3.33976e-07
      Equation: "PotentialEquation"	RelError: 5.14674e-05	AbsError: 3.33976e-07
Iteration: 15
  Device: "part1_baseline"	RelError: 4.22433e-05	AbsError: 9.37807e-07
    Region: "bulk"	RelError: 4.21796e-05	AbsError: 9.37807e-07
      Equation: "PotentialEquation"	RelError: 4.21796e-05	AbsError: 9.37807e-07
    Region: "oxide"	RelError: 6.36237e-08	AbsError: 3.92539e-10
      Equation: "PotentialEquation"	RelError: 6.36237e-08	AbsError: 3.92539e-10
Iteration: 16
  Device: "part1_baseline"	RelError: 2.03957e-10	AbsError: 7.01127e-12
    Region: "bulk"	RelError: 2.03676e-10	AbsError: 7.01127e-12
      Equation: "PotentialEquation"	RelError: 2.03676e-10	AbsError: 7.01127e-12
    Region: "oxide"	RelError: 2.81106e-13	AbsError: 1.71885e-15
      Equation: "PotentialEquation"	RelError: 2.81106e-13	AbsError: 1.71885e-15
Iteration: 17
  Device: "part1_baseline"	RelError: 8.28275e-21	AbsError: 4.13242e-22
    Region: "bulk"	RelError: 8.27174e-21	AbsError: 4.13242e-22
      Equation: "PotentialEquation"	RelError: 8.27174e-21	AbsError: 4.13242e-22
    Region: "oxide"	RelError: 1.10059e-23	AbsError: 6.71033e-26
      Equation: "PotentialEquation"	RelError: 1.10059e-23	AbsError: 6.71033e-26
Warning: Replacing equation with equation of the same name.
Region: bulk, Equation: PotentialEquation, Variable: Potential
number of equations 7095
Iteration: 0
  Device: "part1_baseline"	RelError: 4.41256e-29	AbsError: 1.43901e-13
    Region: "bulk"	RelError: 4.41174e-29	AbsError: 1.43901e-13
      Equation: "ElectronContinuityEquation"	RelError: 3.28502e-29	AbsError: 1.43885e-13
      Equation: "HoleContinuityEquation"	RelError: 1.12426e-29	AbsError: 1.65390e-17
      Equation: "PotentialEquation"	RelError: 2.44885e-32	AbsError: 2.70192e-34
    Region: "oxide"	RelError: 8.23222e-33	AbsError: 6.06436e-35
      Equation: "PotentialEquation"	RelError: 8.23222e-33	AbsError: 6.06436e-35
number of equations 7095
Iteration: 0
  Device: "part1_baseline"	RelError: 2.21904e+03	AbsError: 7.71291e+16
    Region: "bulk"	RelError: 2.21569e+03	AbsError: 7.71291e+16
      Equation: "ElectronContinuityEquation"	RelError: 9.99000e+02	AbsError: 7.56682e+16
      Equation: "HoleContinuityEquation"	RelError: 9.99000e+02	AbsError: 1.46093e+15
      Equation: "PotentialEquation"	RelError: 2.17686e+02	AbsError: 4.09542e-02
    Region: "oxide"	RelError: 3.35072e+00	AbsError: 1.84810e-02
      Equation: "PotentialEquation"	RelError: 3.35072e+00	AbsError: 1.84810e-02
Iteration: 1
  Device: "part1_baseline"	RelError: 1.01270e+03	AbsError: 1.41828e+15
    Region: "bulk"	RelError: 1.01264e+03	AbsError: 1.41828e+15
      Equation: "ElectronContinuityEquation"	RelError: 9.99000e+02	AbsError: 1.17631e+15
      Equation: "HoleContinuityEquation"	RelError: 9.98712e-01	AbsError: 2.41971e+14
      Equation: "PotentialEquation"	RelError: 1.26407e+01	AbsError: 3.07633e-02
    Region: "oxide"	RelError: 6.33774e-02	AbsError: 8.44347e-03
      Equation: "PotentialEquation"	RelError: 6.33774e-02	AbsError: 8.44347e-03
Iteration: 2
  Device: "part1_baseline"	RelError: 1.62112e+03	AbsError: 2.36818e+14
    Region: "bulk"	RelError: 1.62111e+03	AbsError: 2.36818e+14
      Equation: "ElectronContinuityEquation"	RelError: 1.09967e+01	AbsError: 2.02460e+14
      Equation: "HoleContinuityEquation"	RelError: 1.60839e+03	AbsError: 3.43586e+13
      Equation: "PotentialEquation"	RelError: 1.72620e+00	AbsError: 2.58465e-02
    Region: "oxide"	RelError: 3.06766e-03	AbsError: 1.30560e-05
      Equation: "PotentialEquation"	RelError: 3.06766e-03	AbsError: 1.30560e-05
Iteration: 3
  Device: "part1_baseline"	RelError: 1.75077e+00	AbsError: 5.57285e+14
    Region: "bulk"	RelError: 1.75010e+00	AbsError: 5.57285e+14
      Equation: "ElectronContinuityEquation"	RelError: 7.30867e-01	AbsError: 5.56597e+14
      Equation: "HoleContinuityEquation"	RelError: 9.97811e-01	AbsError: 6.87675e+11
      Equation: "PotentialEquation"	RelError: 2.14240e-02	AbsError: 9.16539e-03
    Region: "oxide"	RelError: 6.63859e-04	AbsError: 4.05734e-06
      Equation: "PotentialEquation"	RelError: 6.63859e-04	AbsError: 4.05734e-06
Iteration: 4
  Device: "part1_baseline"	RelError: 5.61538e-01	AbsError: 7.02050e+14
    Region: "bulk"	RelError: 5.60342e-01	AbsError: 7.02050e+14
      Equation: "ElectronContinuityEquation"	RelError: 5.57875e-02	AbsError: 7.01163e+14
      Equation: "HoleContinuityEquation"	RelError: 4.05582e-01	AbsError: 8.87135e+11
      Equation: "PotentialEquation"	RelError: 9.89728e-02	AbsError: 9.28599e-05
    Region: "oxide"	RelError: 1.19573e-03	AbsError: 3.75437e-06
      Equation: "PotentialEquation"	RelError: 1.19573e-03	AbsError: 3.75437e-06
Iteration: 5
  Device: "part1_baseline"	RelError: 5.12522e-04	AbsError: 3.89951e+11
    Region: "bulk"	RelError: 5.12226e-04	AbsError: 3.89951e+11
      Equation: "ElectronContinuityEquation"	RelError: 5.58631e-05	AbsError: 3.89633e+11
      Equation: "HoleContinuityEquation"	RelError: 4.27497e-04	AbsError: 3.18648e+08
      Equation: "PotentialEquation"	RelError: 2.88661e-05	AbsError: 4.65914e-08
    Region: "oxide"	RelError: 2.95947e-07	AbsError: 7.99307e-10
      Equation: "PotentialEquation"	RelError: 2.95947e-07	AbsError: 7.99307e-10
Iteration: 6
  Device: "part1_baseline"	RelError: 1.56208e-10	AbsError: 1.12838e+05
    Region: "bulk"	RelError: 1.56150e-10	AbsError: 1.12838e+05
      Equation: "ElectronContinuityEquation"	RelError: 1.50099e-11	AbsError: 1.12760e+05
      Equation: "HoleContinuityEquation"	RelError: 1.34890e-10	AbsError: 7.75371e+01
      Equation: "PotentialEquation"	RelError: 6.24938e-12	AbsError: 1.33016e-14
    Region: "oxide"	RelError: 5.87890e-14	AbsError: 1.58780e-16
      Equation: "PotentialEquation"	RelError: 5.87890e-14	AbsError: 1.58780e-16
number of equations 7095
Iteration: 0
  Device: "part1_baseline"	RelError: 2.00992e+03	AbsError: 7.82260e+16
    Region: "bulk"	RelError: 2.00848e+03	AbsError: 7.82260e+16
      Equation: "ElectronContinuityEquation"	RelError: 9.99000e+02	AbsError: 7.68009e+16
      Equation: "HoleContinuityEquation"	RelError: 9.99000e+02	AbsError: 1.42509e+15
      Equation: "PotentialEquation"	RelError: 1.04833e+01	AbsError: 4.09542e-02
    Region: "oxide"	RelError: 1.43275e+00	AbsError: 1.84293e-02
      Equation: "PotentialEquation"	RelError: 1.43275e+00	AbsError: 1.84293e-02
Iteration: 1
  Device: "part1_baseline"	RelError: 1.23345e+03	AbsError: 1.11166e+15
    Region: "bulk"	RelError: 1.23339e+03	AbsError: 1.11166e+15
      Equation: "ElectronContinuityEquation"	RelError: 9.99000e+02	AbsError: 9.01288e+14
      Equation: "HoleContinuityEquation"	RelError: 9.98612e-01	AbsError: 2.10367e+14
      Equation: "PotentialEquation"	RelError: 2.33394e+02	AbsError: 3.07633e-02
    Region: "oxide"	RelError: 5.26306e-02	AbsError: 8.42396e-03
      Equation: "PotentialEquation"	RelError: 5.26306e-02	AbsError: 8.42396e-03
Iteration: 2
  Device: "part1_baseline"	RelError: 1.00752e+03	AbsError: 1.64609e+14
    Region: "bulk"	RelError: 1.00752e+03	AbsError: 1.64609e+14
      Equation: "ElectronContinuityEquation"	RelError: 6.87522e+00	AbsError: 1.45816e+14
      Equation: "HoleContinuityEquation"	RelError: 9.99000e+02	AbsError: 1.87931e+13
      Equation: "PotentialEquation"	RelError: 1.64899e+00	AbsError: 2.58472e-02
    Region: "oxide"	RelError: 5.22045e-04	AbsError: 4.49154e-06
      Equation: "PotentialEquation"	RelError: 5.22045e-04	AbsError: 4.49154e-06
Iteration: 3
  Device: "part1_baseline"	RelError: 1.89224e+00	AbsError: 4.08686e+14
    Region: "bulk"	RelError: 1.89220e+00	AbsError: 4.08686e+14
      Equation: "ElectronContinuityEquation"	RelError: 7.43255e-01	AbsError: 4.08135e+14
      Equation: "HoleContinuityEquation"	RelError: 9.97595e-01	AbsError: 5.50710e+11
      Equation: "PotentialEquation"	RelError: 1.51348e-01	AbsError: 9.16538e-03
    Region: "oxide"	RelError: 4.05952e-05	AbsError: 1.07806e-06
      Equation: "PotentialEquation"	RelError: 4.05952e-05	AbsError: 1.07806e-06
Iteration: 4
  Device: "part1_baseline"	RelError: 7.86631e-01	AbsError: 5.22941e+14
    Region: "bulk"	RelError: 7.86358e-01	AbsError: 5.22941e+14
      Equation: "ElectronContinuityEquation"	RelError: 5.83814e-02	AbsError: 5.22255e+14
      Equation: "HoleContinuityEquation"	RelError: 3.29461e-01	AbsError: 6.85985e+11
      Equation: "PotentialEquation"	RelError: 3.98516e-01	AbsError: 8.09244e-05
    Region: "oxide"	RelError: 2.73228e-04	AbsError: 1.80710e-06
      Equation: "PotentialEquation"	RelError: 2.73228e-04	AbsError: 1.80710e-06
Iteration: 5
  Device: "part1_baseline"	RelError: 3.11303e-04	AbsError: 2.17385e+11
    Region: "bulk"	RelError: 3.11243e-04	AbsError: 2.17385e+11
      Equation: "ElectronContinuityEquation"	RelError: 3.65206e-05	AbsError: 2.17177e+11
      Equation: "HoleContinuityEquation"	RelError: 1.53607e-04	AbsError: 2.08238e+08
      Equation: "PotentialEquation"	RelError: 1.21115e-04	AbsError: 3.25687e-08
    Region: "oxide"	RelError: 6.05552e-08	AbsError: 3.78074e-10
      Equation: "PotentialEquation"	RelError: 6.05552e-08	AbsError: 3.78074e-10
Iteration: 6
  Device: "part1_baseline"	RelError: 7.55209e-11	AbsError: 3.54717e+04
    Region: "bulk"	RelError: 7.55118e-11	AbsError: 3.54717e+04
      Equation: "ElectronContinuityEquation"	RelError: 8.27986e-12	AbsError: 3.54315e+04
      Equation: "HoleContinuityEquation"	RelError: 4.77307e-11	AbsError: 4.02156e+01
      Equation: "PotentialEquation"	RelError: 1.95013e-11	AbsError: 7.81481e-15
    Region: "oxide"	RelError: 9.03271e-15	AbsError: 5.63953e-17
      Equation: "PotentialEquation"	RelError: 9.03271e-15	AbsError: 5.63953e-17
number of equations 7095
Iteration: 0
  Device: "part1_baseline"	RelError: 2.02286e+03	AbsError: 7.82101e+16
    Region: "bulk"	RelError: 2.02223e+03	AbsError: 7.82101e+16
      Equation: "ElectronContinuityEquation"	RelError: 9.99000e+02	AbsError: 7.69916e+16
      Equation: "HoleContinuityEquation"	RelError: 9.99000e+02	AbsError: 1.21845e+15
      Equation: "PotentialEquation"	RelError: 2.42305e+01	AbsError: 4.09542e-02
    Region: "oxide"	RelError: 6.30260e-01	AbsError: 1.84167e-02
      Equation: "PotentialEquation"	RelError: 6.30260e-01	AbsError: 1.84167e-02
Iteration: 1
  Device: "part1_baseline"	RelError: 2.02267e+03	AbsError: 8.21947e+14
    Region: "bulk"	RelError: 2.02262e+03	AbsError: 8.21947e+14
      Equation: "ElectronContinuityEquation"	RelError: 9.99000e+02	AbsError: 6.57819e+14
      Equation: "HoleContinuityEquation"	RelError: 9.99000e+02	AbsError: 1.64129e+14
      Equation: "PotentialEquation"	RelError: 2.46219e+01	AbsError: 3.07633e-02
    Region: "oxide"	RelError: 4.50581e-02	AbsError: 8.42085e-03
      Equation: "PotentialEquation"	RelError: 4.50581e-02	AbsError: 8.42085e-03
Iteration: 2
  Device: "part1_baseline"	RelError: 1.00458e+03	AbsError: 1.47428e+14
    Region: "bulk"	RelError: 1.00458e+03	AbsError: 1.47428e+14
      Equation: "ElectronContinuityEquation"	RelError: 5.42970e+00	AbsError: 1.37390e+14
      Equation: "HoleContinuityEquation"	RelError: 9.99000e+02	AbsError: 1.00378e+13
      Equation: "PotentialEquation"	RelError: 1.46150e-01	AbsError: 2.58449e-02
    Region: "oxide"	RelError: 9.41347e-05	AbsError: 1.66401e-06
      Equation: "PotentialEquation"	RelError: 9.41347e-05	AbsError: 1.66401e-06
Iteration: 3
  Device: "part1_baseline"	RelError: 1.80616e+00	AbsError: 1.89798e+15
    Region: "bulk"	RelError: 1.80607e+00	AbsError: 1.89798e+15
      Equation: "ElectronContinuityEquation"	RelError: 7.66361e-01	AbsError: 1.89727e+15
      Equation: "HoleContinuityEquation"	RelError: 1.00000e+00	AbsError: 7.07853e+11
      Equation: "PotentialEquation"	RelError: 3.97092e-02	AbsError: 9.16577e-03
    Region: "oxide"	RelError: 8.68077e-05	AbsError: 1.20883e-06
      Equation: "PotentialEquation"	RelError: 8.68077e-05	AbsError: 1.20883e-06
Iteration: 4
  Device: "part1_baseline"	RelError: 2.34102e-01	AbsError: 2.01385e+15
    Region: "bulk"	RelError: 2.33965e-01	AbsError: 2.01385e+15
      Equation: "ElectronContinuityEquation"	RelError: 6.04770e-02	AbsError: 2.01302e+15
      Equation: "HoleContinuityEquation"	RelError: 1.23277e-01	AbsError: 8.24582e+11
      Equation: "PotentialEquation"	RelError: 5.02110e-02	AbsError: 2.38956e-04
    Region: "oxide"	RelError: 1.36913e-04	AbsError: 1.94607e-06
      Equation: "PotentialEquation"	RelError: 1.36913e-04	AbsError: 1.94607e-06
Iteration: 5
  Device: "part1_baseline"	RelError: 1.52260e-04	AbsError: 2.06001e+12
    Region: "bulk"	RelError: 1.52193e-04	AbsError: 2.06001e+12
      Equation: "ElectronContinuityEquation"	RelError: 1.02465e-04	AbsError: 2.05961e+12
      Equation: "HoleContinuityEquation"	RelError: 2.18905e-05	AbsError: 3.97944e+08
      Equation: "PotentialEquation"	RelError: 2.78375e-05	AbsError: 2.21859e-07
    Region: "oxide"	RelError: 6.69331e-08	AbsError: 9.41278e-10
      Equation: "PotentialEquation"	RelError: 6.69331e-08	AbsError: 9.41278e-10
Iteration: 6
  Device: "part1_baseline"	RelError: 1.76751e-10	AbsError: 2.05091e+06
    Region: "bulk"	RelError: 1.76695e-10	AbsError: 2.05091e+06
      Equation: "ElectronContinuityEquation"	RelError: 1.32630e-10	AbsError: 2.05059e+06
      Equation: "HoleContinuityEquation"	RelError: 2.08604e-11	AbsError: 3.18485e+02
      Equation: "PotentialEquation"	RelError: 2.32053e-11	AbsError: 2.19092e-13
    Region: "oxide"	RelError: 5.55640e-14	AbsError: 7.84643e-16
      Equation: "PotentialEquation"	RelError: 5.55640e-14	AbsError: 7.84643e-16
number of equations 7095
Iteration: 0
  Device: "part1_baseline"	RelError: 2.07559e+03	AbsError: 7.76906e+16
    Region: "bulk"	RelError: 2.07387e+03	AbsError: 7.76906e+16
      Equation: "ElectronContinuityEquation"	RelError: 9.99000e+02	AbsError: 7.65941e+16
      Equation: "HoleContinuityEquation"	RelError: 9.99000e+02	AbsError: 1.09645e+15
      Equation: "PotentialEquation"	RelError: 7.58692e+01	AbsError: 4.09542e-02
    Region: "oxide"	RelError: 1.71840e+00	AbsError: 1.84160e-02
      Equation: "PotentialEquation"	RelError: 1.71840e+00	AbsError: 1.84160e-02
Iteration: 1
  Device: "part1_baseline"	RelError: 2.00247e+03	AbsError: 7.67191e+14
    Region: "bulk"	RelError: 2.00243e+03	AbsError: 7.67191e+14
      Equation: "ElectronContinuityEquation"	RelError: 9.99000e+02	AbsError: 6.01036e+14
      Equation: "HoleContinuityEquation"	RelError: 9.99000e+02	AbsError: 1.66155e+14
      Equation: "PotentialEquation"	RelError: 4.43334e+00	AbsError: 3.07633e-02
    Region: "oxide"	RelError: 3.94088e-02	AbsError: 8.42264e-03
      Equation: "PotentialEquation"	RelError: 3.94088e-02	AbsError: 8.42264e-03
Iteration: 2
  Device: "part1_baseline"	RelError: 3.52669e+03	AbsError: 1.34988e+14
    Region: "bulk"	RelError: 3.52669e+03	AbsError: 1.34988e+14
      Equation: "ElectronContinuityEquation"	RelError: 4.32572e+00	AbsError: 1.28963e+14
      Equation: "HoleContinuityEquation"	RelError: 3.52229e+03	AbsError: 6.02543e+12
      Equation: "PotentialEquation"	RelError: 7.81799e-02	AbsError: 2.58380e-02
    Region: "oxide"	RelError: 1.17220e-04	AbsError: 6.99863e-07
      Equation: "PotentialEquation"	RelError: 1.17220e-04	AbsError: 6.99863e-07
Iteration: 3
  Device: "part1_baseline"	RelError: 1.81763e+00	AbsError: 1.70406e+15
    Region: "bulk"	RelError: 1.81742e+00	AbsError: 1.70406e+15
      Equation: "ElectronContinuityEquation"	RelError: 7.84310e-01	AbsError: 1.70349e+15
      Equation: "HoleContinuityEquation"	RelError: 1.00000e+00	AbsError: 5.68427e+11
      Equation: "PotentialEquation"	RelError: 3.31077e-02	AbsError: 9.16571e-03
    Region: "oxide"	RelError: 2.14014e-04	AbsError: 1.14831e-06
      Equation: "PotentialEquation"	RelError: 2.14014e-04	AbsError: 1.14831e-06
Iteration: 4
  Device: "part1_baseline"	RelError: 1.09271e-01	AbsError: 1.81741e+15
    Region: "bulk"	RelError: 1.08978e-01	AbsError: 1.81741e+15
      Equation: "ElectronContinuityEquation"	RelError: 6.22538e-02	AbsError: 1.81675e+15
      Equation: "HoleContinuityEquation"	RelError: 7.17861e-03	AbsError: 6.59591e+11
      Equation: "PotentialEquation"	RelError: 3.95457e-02	AbsError: 2.13241e-04
    Region: "oxide"	RelError: 2.92750e-04	AbsError: 1.52748e-06
      Equation: "PotentialEquation"	RelError: 2.92750e-04	AbsError: 1.52748e-06
Iteration: 5
  Device: "part1_baseline"	RelError: 3.32498e-04	AbsError: 1.79248e+12
    Region: "bulk"	RelError: 3.32343e-04	AbsError: 1.79248e+12
      Equation: "ElectronContinuityEquation"	RelError: 9.42347e-05	AbsError: 1.79216e+12
      Equation: "HoleContinuityEquation"	RelError: 2.16395e-04	AbsError: 3.19085e+08
      Equation: "PotentialEquation"	RelError: 2.17132e-05	AbsError: 1.93569e-07
    Region: "oxide"	RelError: 1.55584e-07	AbsError: 8.11799e-10
      Equation: "PotentialEquation"	RelError: 1.55584e-07	AbsError: 8.11799e-10
Iteration: 6
  Device: "part1_baseline"	RelError: 4.02427e-10	AbsError: 1.65115e+06
    Region: "bulk"	RelError: 4.02298e-10	AbsError: 1.65115e+06
      Equation: "ElectronContinuityEquation"	RelError: 1.07614e-10	AbsError: 1.65091e+06
      Equation: "HoleContinuityEquation"	RelError: 2.76945e-10	AbsError: 2.47900e+02
      Equation: "PotentialEquation"	RelError: 1.77396e-11	AbsError: 1.77335e-13
    Region: "oxide"	RelError: 1.28956e-13	AbsError: 6.72849e-16
      Equation: "PotentialEquation"	RelError: 1.28956e-13	AbsError: 6.72849e-16
number of equations 7095
Iteration: 0
  Device: "part1_baseline"	RelError: 4.18440e+03	AbsError: 7.68693e+16
    Region: "bulk"	RelError: 4.18063e+03	AbsError: 7.68693e+16
      Equation: "ElectronContinuityEquation"	RelError: 2.55550e+03	AbsError: 7.58154e+16
      Equation: "HoleContinuityEquation"	RelError: 9.99000e+02	AbsError: 1.05394e+15
      Equation: "PotentialEquation"	RelError: 6.26135e+02	AbsError: 4.09542e-02
    Region: "oxide"	RelError: 3.76561e+00	AbsError: 1.84185e-02
      Equation: "PotentialEquation"	RelError: 3.76561e+00	AbsError: 1.84185e-02
Iteration: 1
  Device: "part1_baseline"	RelError: 2.00222e+03	AbsError: 7.12038e+14
    Region: "bulk"	RelError: 2.00219e+03	AbsError: 7.12038e+14
      Equation: "ElectronContinuityEquation"	RelError: 9.99000e+02	AbsError: 5.81799e+14
      Equation: "HoleContinuityEquation"	RelError: 9.99000e+02	AbsError: 1.30239e+14
      Equation: "PotentialEquation"	RelError: 4.18707e+00	AbsError: 3.07632e-02
    Region: "oxide"	RelError: 3.50240e-02	AbsError: 8.42566e-03
      Equation: "PotentialEquation"	RelError: 3.50240e-02	AbsError: 8.42566e-03
Iteration: 2
  Device: "part1_baseline"	RelError: 1.00246e+03	AbsError: 1.27036e+14
    Region: "bulk"	RelError: 1.00246e+03	AbsError: 1.27036e+14
      Equation: "ElectronContinuityEquation"	RelError: 3.40951e+00	AbsError: 1.20712e+14
      Equation: "HoleContinuityEquation"	RelError: 9.99000e+02	AbsError: 6.32338e+12
      Equation: "PotentialEquation"	RelError: 5.36154e-02	AbsError: 2.58910e-02
    Region: "oxide"	RelError: 1.84894e-04	AbsError: 3.50843e-07
      Equation: "PotentialEquation"	RelError: 1.84894e-04	AbsError: 3.50843e-07
Iteration: 3
  Device: "part1_baseline"	RelError: 1.89431e+00	AbsError: 1.50988e+15
    Region: "bulk"	RelError: 1.89368e+00	AbsError: 1.50988e+15
      Equation: "ElectronContinuityEquation"	RelError: 7.98383e-01	AbsError: 1.50941e+15
      Equation: "HoleContinuityEquation"	RelError: 1.00000e+00	AbsError: 4.70244e+11
      Equation: "PotentialEquation"	RelError: 9.52997e-02	AbsError: 9.16565e-03
    Region: "oxide"	RelError: 6.32341e-04	AbsError: 1.02398e-06
      Equation: "PotentialEquation"	RelError: 6.32341e-04	AbsError: 1.02398e-06
Iteration: 4
  Device: "part1_baseline"	RelError: 2.31872e-01	AbsError: 1.61770e+15
    Region: "bulk"	RelError: 2.31104e-01	AbsError: 1.61770e+15
      Equation: "ElectronContinuityEquation"	RelError: 6.37166e-02	AbsError: 1.61715e+15
      Equation: "HoleContinuityEquation"	RelError: 3.85025e-02	AbsError: 5.45609e+11
      Equation: "PotentialEquation"	RelError: 1.28885e-01	AbsError: 1.88272e-04
    Region: "oxide"	RelError: 7.68071e-04	AbsError: 1.25639e-06
      Equation: "PotentialEquation"	RelError: 7.68071e-04	AbsError: 1.25639e-06
Iteration: 5
  Device: "part1_baseline"	RelError: 2.49174e-03	AbsError: 1.49704e+12
    Region: "bulk"	RelError: 2.49132e-03	AbsError: 1.49704e+12
      Equation: "ElectronContinuityEquation"	RelError: 8.41355e-05	AbsError: 1.49679e+12
      Equation: "HoleContinuityEquation"	RelError: 2.33616e-03	AbsError: 2.52124e+08
      Equation: "PotentialEquation"	RelError: 7.10162e-05	AbsError: 1.62175e-07
    Region: "oxide"	RelError: 4.21877e-07	AbsError: 6.87897e-10
      Equation: "PotentialEquation"	RelError: 4.21877e-07	AbsError: 6.87897e-10
Iteration: 6
  Device: "part1_baseline"	RelError: 2.61463e-09	AbsError: 1.21351e+06
    Region: "bulk"	RelError: 2.61431e-09	AbsError: 1.21351e+06
      Equation: "ElectronContinuityEquation"	RelError: 8.52314e-11	AbsError: 1.21334e+06
      Equation: "HoleContinuityEquation"	RelError: 2.47613e-09	AbsError: 1.75430e+02
      Equation: "PotentialEquation"	RelError: 5.29438e-11	AbsError: 1.30923e-13
    Region: "oxide"	RelError: 3.16684e-13	AbsError: 5.20809e-16
      Equation: "PotentialEquation"	RelError: 3.16684e-13	AbsError: 5.20809e-16
number of equations 7095
Iteration: 0
  Device: "part1_baseline"	RelError: 1.11153e+05	AbsError: 7.57190e+16
    Region: "bulk"	RelError: 1.11152e+05	AbsError: 7.57190e+16
      Equation: "ElectronContinuityEquation"	RelError: 9.99000e+02	AbsError: 7.47801e+16
      Equation: "HoleContinuityEquation"	RelError: 1.10128e+05	AbsError: 9.38871e+14
      Equation: "PotentialEquation"	RelError: 2.49434e+01	AbsError: 4.09542e-02
    Region: "oxide"	RelError: 1.35541e+00	AbsError: 1.84217e-02
      Equation: "PotentialEquation"	RelError: 1.35541e+00	AbsError: 1.84217e-02
Iteration: 1
  Device: "part1_baseline"	RelError: 2.00466e+03	AbsError: 7.55436e+14
    Region: "bulk"	RelError: 2.00463e+03	AbsError: 7.55436e+14
      Equation: "ElectronContinuityEquation"	RelError: 9.99000e+02	AbsError: 6.48830e+14
      Equation: "HoleContinuityEquation"	RelError: 9.99000e+02	AbsError: 1.06606e+14
      Equation: "PotentialEquation"	RelError: 6.63246e+00	AbsError: 3.07632e-02
    Region: "oxide"	RelError: 3.15189e-02	AbsError: 8.42873e-03
      Equation: "PotentialEquation"	RelError: 3.15189e-02	AbsError: 8.42873e-03
Iteration: 2
  Device: "part1_baseline"	RelError: 1.00122e+03	AbsError: 1.14302e+14
    Region: "bulk"	RelError: 1.00122e+03	AbsError: 1.14302e+14
      Equation: "ElectronContinuityEquation"	RelError: 2.21983e+00	AbsError: 1.11305e+14
      Equation: "HoleContinuityEquation"	RelError: 9.98947e+02	AbsError: 2.99735e+12
      Equation: "PotentialEquation"	RelError: 5.27656e-02	AbsError: 2.58744e-02
    Region: "oxide"	RelError: 4.37767e-05	AbsError: 2.14393e-07
      Equation: "PotentialEquation"	RelError: 4.37767e-05	AbsError: 2.14393e-07
Iteration: 3
  Device: "part1_baseline"	RelError: 1.81680e+00	AbsError: 1.32137e+15
    Region: "bulk"	RelError: 1.81661e+00	AbsError: 1.32137e+15
      Equation: "ElectronContinuityEquation"	RelError: 8.08037e-01	AbsError: 1.32100e+15
      Equation: "HoleContinuityEquation"	RelError: 1.00000e+00	AbsError: 3.70087e+11
      Equation: "PotentialEquation"	RelError: 8.57319e-03	AbsError: 9.16560e-03
    Region: "oxide"	RelError: 1.92330e-04	AbsError: 8.79533e-07
      Equation: "PotentialEquation"	RelError: 1.92330e-04	AbsError: 8.79533e-07
Iteration: 4
  Device: "part1_baseline"	RelError: 1.27717e-01	AbsError: 1.42157e+15
    Region: "bulk"	RelError: 1.27489e-01	AbsError: 1.42157e+15
      Equation: "ElectronContinuityEquation"	RelError: 6.49378e-02	AbsError: 1.42114e+15
      Equation: "HoleContinuityEquation"	RelError: 5.63245e-02	AbsError: 4.33402e+11
      Equation: "PotentialEquation"	RelError: 6.22635e-03	AbsError: 1.64396e-04
    Region: "oxide"	RelError: 2.28449e-04	AbsError: 1.04622e-06
      Equation: "PotentialEquation"	RelError: 2.28449e-04	AbsError: 1.04622e-06
Iteration: 5
  Device: "part1_baseline"	RelError: 3.53056e-03	AbsError: 1.20459e+12
    Region: "bulk"	RelError: 3.53044e-03	AbsError: 1.20459e+12
      Equation: "ElectronContinuityEquation"	RelError: 7.78231e-05	AbsError: 1.20440e+12
      Equation: "HoleContinuityEquation"	RelError: 3.45073e-03	AbsError: 1.88342e+08
      Equation: "PotentialEquation"	RelError: 1.89103e-06	AbsError: 1.30872e-07
    Region: "oxide"	RelError: 1.22455e-07	AbsError: 5.63139e-10
      Equation: "PotentialEquation"	RelError: 1.22455e-07	AbsError: 5.63139e-10
Iteration: 6
  Device: "part1_baseline"	RelError: 2.24358e-09	AbsError: 8.20040e+05
    Region: "bulk"	RelError: 2.24350e-09	AbsError: 8.20040e+05
      Equation: "ElectronContinuityEquation"	RelError: 6.45307e-11	AbsError: 8.19926e+05
      Equation: "HoleContinuityEquation"	RelError: 2.17807e-09	AbsError: 1.13727e+02
      Equation: "PotentialEquation"	RelError: 8.92979e-13	AbsError: 8.88012e-14
    Region: "oxide"	RelError: 7.90018e-14	AbsError: 3.66443e-16
      Equation: "PotentialEquation"	RelError: 7.90018e-14	AbsError: 3.66443e-16
number of equations 7095
Iteration: 0
  Device: "part1_baseline"	RelError: 2.04597e+03	AbsError: 7.44121e+16
    Region: "bulk"	RelError: 2.04540e+03	AbsError: 7.44121e+16
      Equation: "ElectronContinuityEquation"	RelError: 9.99000e+02	AbsError: 7.35644e+16
      Equation: "HoleContinuityEquation"	RelError: 9.99000e+02	AbsError: 8.47760e+14
      Equation: "PotentialEquation"	RelError: 4.73969e+01	AbsError: 4.09542e-02
    Region: "oxide"	RelError: 5.75735e-01	AbsError: 1.84248e-02
      Equation: "PotentialEquation"	RelError: 5.75735e-01	AbsError: 1.84248e-02
Iteration: 1
  Device: "part1_baseline"	RelError: 2.00150e+03	AbsError: 7.88113e+14
    Region: "bulk"	RelError: 2.00147e+03	AbsError: 7.88113e+14
      Equation: "ElectronContinuityEquation"	RelError: 9.99000e+02	AbsError: 6.97884e+14
      Equation: "HoleContinuityEquation"	RelError: 9.99000e+02	AbsError: 9.02293e+13
      Equation: "PotentialEquation"	RelError: 3.47030e+00	AbsError: 3.07632e-02
    Region: "oxide"	RelError: 2.86519e-02	AbsError: 8.43152e-03
      Equation: "PotentialEquation"	RelError: 2.86519e-02	AbsError: 8.43152e-03
Iteration: 2
  Device: "part1_baseline"	RelError: 1.14804e+01	AbsError: 1.03420e+14
    Region: "bulk"	RelError: 1.14804e+01	AbsError: 1.03420e+14
      Equation: "ElectronContinuityEquation"	RelError: 9.99998e-01	AbsError: 1.01895e+14
      Equation: "HoleContinuityEquation"	RelError: 1.04411e+01	AbsError: 1.52572e+12
      Equation: "PotentialEquation"	RelError: 3.93316e-02	AbsError: 2.58531e-02
    Region: "oxide"	RelError: 1.44806e-05	AbsError: 1.61067e-07
      Equation: "PotentialEquation"	RelError: 1.44806e-05	AbsError: 1.61067e-07
Iteration: 3
  Device: "part1_baseline"	RelError: 1.57314e+00	AbsError: 1.14294e+15
    Region: "bulk"	RelError: 1.57307e+00	AbsError: 1.14294e+15
      Equation: "ElectronContinuityEquation"	RelError: 8.01990e-01	AbsError: 1.14265e+15
      Equation: "HoleContinuityEquation"	RelError: 7.62543e-01	AbsError: 2.89689e+11
      Equation: "PotentialEquation"	RelError: 8.53395e-03	AbsError: 9.16555e-03
    Region: "oxide"	RelError: 6.88873e-05	AbsError: 7.43146e-07
      Equation: "PotentialEquation"	RelError: 6.88873e-05	AbsError: 7.43146e-07
Iteration: 4
  Device: "part1_baseline"	RelError: 1.36027e-01	AbsError: 1.23424e+15
    Region: "bulk"	RelError: 1.35945e-01	AbsError: 1.23424e+15
      Equation: "ElectronContinuityEquation"	RelError: 6.59682e-02	AbsError: 1.23390e+15
      Equation: "HoleContinuityEquation"	RelError: 6.00122e-02	AbsError: 3.43594e+11
      Equation: "PotentialEquation"	RelError: 9.96480e-03	AbsError: 1.42066e-04
    Region: "oxide"	RelError: 8.14866e-05	AbsError: 8.78993e-07
      Equation: "PotentialEquation"	RelError: 8.14866e-05	AbsError: 8.78993e-07
Iteration: 5
  Device: "part1_baseline"	RelError: 4.02315e-03	AbsError: 9.36713e+11
    Region: "bulk"	RelError: 4.02311e-03	AbsError: 9.36713e+11
      Equation: "ElectronContinuityEquation"	RelError: 7.07875e-05	AbsError: 9.36573e+11
      Equation: "HoleContinuityEquation"	RelError: 3.94732e-03	AbsError: 1.39856e+08
      Equation: "PotentialEquation"	RelError: 5.00593e-06	AbsError: 1.02048e-07
    Region: "oxide"	RelError: 4.11668e-08	AbsError: 4.46594e-10
      Equation: "PotentialEquation"	RelError: 4.11668e-08	AbsError: 4.46594e-10
Iteration: 6
  Device: "part1_baseline"	RelError: 1.81498e-09	AbsError: 5.12849e+05
    Region: "bulk"	RelError: 1.81496e-09	AbsError: 5.12849e+05
      Equation: "ElectronContinuityEquation"	RelError: 4.61891e-11	AbsError: 5.12781e+05
      Equation: "HoleContinuityEquation"	RelError: 1.76616e-09	AbsError: 6.87693e+01
      Equation: "PotentialEquation"	RelError: 2.61490e-12	AbsError: 5.57074e-14
    Region: "oxide"	RelError: 2.16422e-14	AbsError: 2.36747e-16
      Equation: "PotentialEquation"	RelError: 2.16422e-14	AbsError: 2.36747e-16
number of equations 7095
Iteration: 0
  Device: "part1_baseline"	RelError: 9.31834e+03	AbsError: 7.30034e+16
    Region: "bulk"	RelError: 9.31784e+03	AbsError: 7.30034e+16
      Equation: "ElectronContinuityEquation"	RelError: 8.13242e+03	AbsError: 7.22131e+16
      Equation: "HoleContinuityEquation"	RelError: 9.99000e+02	AbsError: 7.90284e+14
      Equation: "PotentialEquation"	RelError: 1.86418e+02	AbsError: 4.09542e-02
    Region: "oxide"	RelError: 5.01370e-01	AbsError: 1.84276e-02
      Equation: "PotentialEquation"	RelError: 5.01370e-01	AbsError: 1.84276e-02
Iteration: 1
  Device: "part1_baseline"	RelError: 2.01036e+03	AbsError: 8.16049e+14
    Region: "bulk"	RelError: 2.01033e+03	AbsError: 8.16049e+14
      Equation: "ElectronContinuityEquation"	RelError: 9.99000e+02	AbsError: 7.37082e+14
      Equation: "HoleContinuityEquation"	RelError: 9.99000e+02	AbsError: 7.89668e+13
      Equation: "PotentialEquation"	RelError: 1.23324e+01	AbsError: 3.07632e-02
    Region: "oxide"	RelError: 2.62629e-02	AbsError: 8.43393e-03
      Equation: "PotentialEquation"	RelError: 2.62629e-02	AbsError: 8.43393e-03
Iteration: 2
  Device: "part1_baseline"	RelError: 8.83981e+00	AbsError: 9.29655e+13
    Region: "bulk"	RelError: 8.83980e+00	AbsError: 9.29655e+13
      Equation: "ElectronContinuityEquation"	RelError: 9.99993e-01	AbsError: 9.22442e+13
      Equation: "HoleContinuityEquation"	RelError: 7.80851e+00	AbsError: 7.21339e+11
      Equation: "PotentialEquation"	RelError: 3.12967e-02	AbsError: 2.58814e-02
    Region: "oxide"	RelError: 1.19921e-05	AbsError: 1.31392e-07
      Equation: "PotentialEquation"	RelError: 1.19921e-05	AbsError: 1.31392e-07
Iteration: 3
  Device: "part1_baseline"	RelError: 1.46826e+00	AbsError: 9.77939e+14
    Region: "bulk"	RelError: 1.46820e+00	AbsError: 9.77939e+14
      Equation: "ElectronContinuityEquation"	RelError: 7.39390e-01	AbsError: 9.77707e+14
      Equation: "HoleContinuityEquation"	RelError: 7.10070e-01	AbsError: 2.32116e+11
      Equation: "PotentialEquation"	RelError: 1.87434e-02	AbsError: 9.16551e-03
    Region: "oxide"	RelError: 5.85448e-05	AbsError: 6.25897e-07
      Equation: "PotentialEquation"	RelError: 5.85448e-05	AbsError: 6.25897e-07
Iteration: 4
  Device: "part1_baseline"	RelError: 1.52205e-01	AbsError: 1.05968e+15
    Region: "bulk"	RelError: 1.52135e-01	AbsError: 1.05968e+15
      Equation: "ElectronContinuityEquation"	RelError: 6.68408e-02	AbsError: 1.05941e+15
      Equation: "HoleContinuityEquation"	RelError: 6.25814e-02	AbsError: 2.78351e+11
      Equation: "PotentialEquation"	RelError: 2.27130e-02	AbsError: 1.21610e-04
    Region: "oxide"	RelError: 6.94898e-05	AbsError: 7.44084e-07
      Equation: "PotentialEquation"	RelError: 6.94898e-05	AbsError: 7.44084e-07
Iteration: 5
  Device: "part1_baseline"	RelError: 4.28711e-03	AbsError: 7.06204e+11
    Region: "bulk"	RelError: 4.28708e-03	AbsError: 7.06204e+11
      Equation: "ElectronContinuityEquation"	RelError: 6.31129e-05	AbsError: 7.06103e+11
      Equation: "HoleContinuityEquation"	RelError: 4.21374e-03	AbsError: 1.01102e+08
      Equation: "PotentialEquation"	RelError: 1.02240e-05	AbsError: 7.71424e-08
    Region: "oxide"	RelError: 3.17614e-08	AbsError: 3.44657e-10
      Equation: "PotentialEquation"	RelError: 3.17614e-08	AbsError: 3.44657e-10
Iteration: 6
  Device: "part1_baseline"	RelError: 1.69231e-09	AbsError: 2.98933e+05
    Region: "bulk"	RelError: 1.69230e-09	AbsError: 2.98933e+05
      Equation: "ElectronContinuityEquation"	RelError: 3.12093e-11	AbsError: 2.98895e+05
      Equation: "HoleContinuityEquation"	RelError: 1.65700e-09	AbsError: 3.80658e+01
      Equation: "PotentialEquation"	RelError: 4.09394e-12	AbsError: 3.25567e-14
    Region: "oxide"	RelError: 1.28796e-14	AbsError: 1.41822e-16
      Equation: "PotentialEquation"	RelError: 1.28796e-14	AbsError: 1.41822e-16
number of equations 7095
Iteration: 0
  Device: "part1_baseline"	RelError: 2.03355e+03	AbsError: 7.14931e+16
    Region: "bulk"	RelError: 2.03254e+03	AbsError: 7.14931e+16
      Equation: "ElectronContinuityEquation"	RelError: 9.99000e+02	AbsError: 7.07518e+16
      Equation: "HoleContinuityEquation"	RelError: 9.99000e+02	AbsError: 7.41224e+14
      Equation: "PotentialEquation"	RelError: 3.45393e+01	AbsError: 4.09542e-02
    Region: "oxide"	RelError: 1.01301e+00	AbsError: 1.84299e-02
      Equation: "PotentialEquation"	RelError: 1.01301e+00	AbsError: 1.84299e-02
Iteration: 1
  Device: "part1_baseline"	RelError: 2.00365e+03	AbsError: 8.39002e+14
    Region: "bulk"	RelError: 2.00363e+03	AbsError: 8.39002e+14
      Equation: "ElectronContinuityEquation"	RelError: 9.99000e+02	AbsError: 7.71776e+14
      Equation: "HoleContinuityEquation"	RelError: 9.99000e+02	AbsError: 6.72265e+13
      Equation: "PotentialEquation"	RelError: 5.63013e+00	AbsError: 3.07632e-02
    Region: "oxide"	RelError: 2.42412e-02	AbsError: 8.43598e-03
      Equation: "PotentialEquation"	RelError: 2.42412e-02	AbsError: 8.43598e-03
Iteration: 2
  Device: "part1_baseline"	RelError: 5.05552e+00	AbsError: 8.31591e+13
    Region: "bulk"	RelError: 5.05550e+00	AbsError: 8.31591e+13
      Equation: "ElectronContinuityEquation"	RelError: 9.99993e-01	AbsError: 8.27992e+13
      Equation: "HoleContinuityEquation"	RelError: 4.02950e+00	AbsError: 3.59846e+11
      Equation: "PotentialEquation"	RelError: 2.60042e-02	AbsError: 2.58966e-02
    Region: "oxide"	RelError: 1.98522e-05	AbsError: 1.15771e-07
      Equation: "PotentialEquation"	RelError: 1.98522e-05	AbsError: 1.15771e-07
Iteration: 3
  Device: "part1_baseline"	RelError: 1.17804e+00	AbsError: 8.28575e+14
    Region: "bulk"	RelError: 1.17795e+00	AbsError: 8.28575e+14
      Equation: "ElectronContinuityEquation"	RelError: 6.51718e-01	AbsError: 8.28392e+14
      Equation: "HoleContinuityEquation"	RelError: 5.19603e-01	AbsError: 1.82626e+11
      Equation: "PotentialEquation"	RelError: 6.63043e-03	AbsError: 9.16547e-03
    Region: "oxide"	RelError: 9.00973e-05	AbsError: 5.22103e-07
      Equation: "PotentialEquation"	RelError: 9.00973e-05	AbsError: 5.22103e-07
Iteration: 4
  Device: "part1_baseline"	RelError: 1.36237e-01	AbsError: 9.00632e+14
    Region: "bulk"	RelError: 1.36129e-01	AbsError: 9.00632e+14
      Equation: "ElectronContinuityEquation"	RelError: 6.75611e-02	AbsError: 9.00409e+14
      Equation: "HoleContinuityEquation"	RelError: 6.38312e-02	AbsError: 2.22525e+11
      Equation: "PotentialEquation"	RelError: 4.73686e-03	AbsError: 1.03156e-04
    Region: "oxide"	RelError: 1.08260e-04	AbsError: 6.28061e-07
      Equation: "PotentialEquation"	RelError: 1.08260e-04	AbsError: 6.28061e-07
Iteration: 5
  Device: "part1_baseline"	RelError: 4.30383e-03	AbsError: 5.17737e+11
    Region: "bulk"	RelError: 4.30378e-03	AbsError: 5.17737e+11
      Equation: "ElectronContinuityEquation"	RelError: 5.55181e-05	AbsError: 5.17665e+11
      Equation: "HoleContinuityEquation"	RelError: 4.24643e-03	AbsError: 7.23027e+07
      Equation: "PotentialEquation"	RelError: 1.83025e-06	AbsError: 5.66952e-08
    Region: "oxide"	RelError: 4.38754e-08	AbsError: 2.58366e-10
      Equation: "PotentialEquation"	RelError: 4.38754e-08	AbsError: 2.58366e-10
Iteration: 6
  Device: "part1_baseline"	RelError: 1.50634e-09	AbsError: 1.63479e+05
    Region: "bulk"	RelError: 1.50633e-09	AbsError: 1.63479e+05
      Equation: "ElectronContinuityEquation"	RelError: 1.99878e-11	AbsError: 1.63459e+05
      Equation: "HoleContinuityEquation"	RelError: 1.48581e-09	AbsError: 2.02545e+01
      Equation: "PotentialEquation"	RelError: 5.38003e-13	AbsError: 1.78448e-14
    Region: "oxide"	RelError: 1.32842e-14	AbsError: 7.93853e-17
      Equation: "PotentialEquation"	RelError: 1.32842e-14	AbsError: 7.93853e-17
number of equations 7095
Iteration: 0
  Device: "part1_baseline"	RelError: 2.10112e+03	AbsError: 6.98874e+16
    Region: "bulk"	RelError: 2.04122e+03	AbsError: 6.98874e+16
      Equation: "ElectronContinuityEquation"	RelError: 9.99000e+02	AbsError: 6.91942e+16
      Equation: "HoleContinuityEquation"	RelError: 9.99000e+02	AbsError: 6.93217e+14
      Equation: "PotentialEquation"	RelError: 4.32193e+01	AbsError: 4.09542e-02
    Region: "oxide"	RelError: 5.99035e+01	AbsError: 1.84319e-02
      Equation: "PotentialEquation"	RelError: 5.99035e+01	AbsError: 1.84319e-02
Iteration: 1
  Device: "part1_baseline"	RelError: 2.00423e+03	AbsError: 8.63706e+14
    Region: "bulk"	RelError: 2.00416e+03	AbsError: 8.63706e+14
      Equation: "ElectronContinuityEquation"	RelError: 9.99000e+02	AbsError: 8.04691e+14
      Equation: "HoleContinuityEquation"	RelError: 9.99000e+02	AbsError: 5.90151e+13
      Equation: "PotentialEquation"	RelError: 6.16050e+00	AbsError: 3.07632e-02
    Region: "oxide"	RelError: 6.60671e-02	AbsError: 8.43770e-03
      Equation: "PotentialEquation"	RelError: 6.60671e-02	AbsError: 8.43770e-03
Iteration: 2
  Device: "part1_baseline"	RelError: 3.95636e+00	AbsError: 7.45309e+13
    Region: "bulk"	RelError: 3.95543e+00	AbsError: 7.45309e+13
      Equation: "ElectronContinuityEquation"	RelError: 9.99993e-01	AbsError: 7.43948e+13
      Equation: "HoleContinuityEquation"	RelError: 2.93321e+00	AbsError: 1.36085e+11
      Equation: "PotentialEquation"	RelError: 2.22246e-02	AbsError: 2.58688e-02
    Region: "oxide"	RelError: 9.30045e-04	AbsError: 1.04070e-07
      Equation: "PotentialEquation"	RelError: 9.30045e-04	AbsError: 1.04070e-07
Iteration: 3
  Device: "part1_baseline"	RelError: 9.92820e-01	AbsError: 6.95853e+14
    Region: "bulk"	RelError: 9.89003e-01	AbsError: 6.95853e+14
      Equation: "ElectronContinuityEquation"	RelError: 5.54580e-01	AbsError: 6.95711e+14
      Equation: "HoleContinuityEquation"	RelError: 4.28261e-01	AbsError: 1.41985e+11
      Equation: "PotentialEquation"	RelError: 6.16221e-03	AbsError: 9.16544e-03
    Region: "oxide"	RelError: 3.81697e-03	AbsError: 4.28759e-07
      Equation: "PotentialEquation"	RelError: 3.81697e-03	AbsError: 4.28759e-07
Iteration: 4
  Device: "part1_baseline"	RelError: 1.38381e-01	AbsError: 7.58498e+14
    Region: "bulk"	RelError: 1.33681e-01	AbsError: 7.58498e+14
      Equation: "ElectronContinuityEquation"	RelError: 6.80627e-02	AbsError: 7.58321e+14
      Equation: "HoleContinuityEquation"	RelError: 6.11640e-02	AbsError: 1.77121e+11
      Equation: "PotentialEquation"	RelError: 4.45459e-03	AbsError: 8.67561e-05
    Region: "oxide"	RelError: 4.69964e-03	AbsError: 5.25437e-07
      Equation: "PotentialEquation"	RelError: 4.69964e-03	AbsError: 5.25437e-07
Iteration: 5
  Device: "part1_baseline"	RelError: 3.90162e-03	AbsError: 3.70149e+11
    Region: "bulk"	RelError: 3.89995e-03	AbsError: 3.70149e+11
      Equation: "ElectronContinuityEquation"	RelError: 4.84125e-05	AbsError: 3.70100e+11
      Equation: "HoleContinuityEquation"	RelError: 3.85061e-03	AbsError: 4.90155e+07
      Equation: "PotentialEquation"	RelError: 9.18145e-07	AbsError: 4.06225e-08
    Region: "oxide"	RelError: 1.67474e-06	AbsError: 1.88116e-10
      Equation: "PotentialEquation"	RelError: 1.67474e-06	AbsError: 1.88116e-10
Iteration: 6
  Device: "part1_baseline"	RelError: 1.19853e-09	AbsError: 8.44211e+04
    Region: "bulk"	RelError: 1.19816e-09	AbsError: 8.44211e+04
      Equation: "ElectronContinuityEquation"	RelError: 1.25109e-11	AbsError: 8.44112e+04
      Equation: "HoleContinuityEquation"	RelError: 1.18551e-09	AbsError: 9.92052e+00
      Equation: "PotentialEquation"	RelError: 1.39289e-13	AbsError: 9.23330e-15
    Region: "oxide"	RelError: 3.69150e-13	AbsError: 4.17982e-17
      Equation: "PotentialEquation"	RelError: 3.69150e-13	AbsError: 4.17982e-17
number of equations 7095
Iteration: 0
  Device: "part1_baseline"	RelError: 2.01245e+03	AbsError: 6.82063e+16
    Region: "bulk"	RelError: 2.01122e+03	AbsError: 6.82063e+16
      Equation: "ElectronContinuityEquation"	RelError: 9.99000e+02	AbsError: 6.75468e+16
      Equation: "HoleContinuityEquation"	RelError: 9.99000e+02	AbsError: 6.59475e+14
      Equation: "PotentialEquation"	RelError: 1.32178e+01	AbsError: 4.09542e-02
    Region: "oxide"	RelError: 1.22781e+00	AbsError: 1.84336e-02
      Equation: "PotentialEquation"	RelError: 1.22781e+00	AbsError: 1.84336e-02
Iteration: 1
  Device: "part1_baseline"	RelError: 1.99967e+03	AbsError: 8.90410e+14
    Region: "bulk"	RelError: 1.99965e+03	AbsError: 8.90410e+14
      Equation: "ElectronContinuityEquation"	RelError: 9.99000e+02	AbsError: 8.37493e+14
      Equation: "HoleContinuityEquation"	RelError: 9.99000e+02	AbsError: 5.29178e+13
      Equation: "PotentialEquation"	RelError: 1.65049e+00	AbsError: 3.07632e-02
    Region: "oxide"	RelError: 2.10063e-02	AbsError: 8.43912e-03
      Equation: "PotentialEquation"	RelError: 2.10063e-02	AbsError: 8.43912e-03
Iteration: 2
  Device: "part1_baseline"	RelError: 2.59995e+00	AbsError: 7.03516e+13
    Region: "bulk"	RelError: 2.59992e+00	AbsError: 7.03516e+13
      Equation: "ElectronContinuityEquation"	RelError: 9.99993e-01	AbsError: 7.02737e+13
      Equation: "HoleContinuityEquation"	RelError: 1.58054e+00	AbsError: 7.79035e+10
      Equation: "PotentialEquation"	RelError: 1.93877e-02	AbsError: 2.58993e-02
    Region: "oxide"	RelError: 2.39979e-05	AbsError: 9.57965e-08
      Equation: "PotentialEquation"	RelError: 2.39979e-05	AbsError: 9.57965e-08
Iteration: 3
  Device: "part1_baseline"	RelError: 7.43438e-01	AbsError: 5.79762e+14
    Region: "bulk"	RelError: 7.43349e-01	AbsError: 5.79762e+14
      Equation: "ElectronContinuityEquation"	RelError: 4.57985e-01	AbsError: 5.79649e+14
      Equation: "HoleContinuityEquation"	RelError: 2.79610e-01	AbsError: 1.13062e+11
      Equation: "PotentialEquation"	RelError: 5.75482e-03	AbsError: 9.16541e-03
    Region: "oxide"	RelError: 8.89566e-05	AbsError: 3.53633e-07
      Equation: "PotentialEquation"	RelError: 8.89566e-05	AbsError: 3.53633e-07
Iteration: 4
  Device: "part1_baseline"	RelError: 1.24530e-01	AbsError: 6.33564e+14
    Region: "bulk"	RelError: 1.24418e-01	AbsError: 6.33564e+14
      Equation: "ElectronContinuityEquation"	RelError: 6.85177e-02	AbsError: 6.33421e+14
      Equation: "HoleContinuityEquation"	RelError: 5.33072e-02	AbsError: 1.43725e+11
      Equation: "PotentialEquation"	RelError: 2.59362e-03	AbsError: 7.24552e-05
    Region: "oxide"	RelError: 1.11289e-04	AbsError: 4.42875e-07
      Equation: "PotentialEquation"	RelError: 1.11289e-04	AbsError: 4.42875e-07
Iteration: 5
  Device: "part1_baseline"	RelError: 2.93598e-03	AbsError: 2.58919e+11
    Region: "bulk"	RelError: 2.93595e-03	AbsError: 2.58919e+11
      Equation: "ElectronContinuityEquation"	RelError: 4.16741e-05	AbsError: 2.58885e+11
      Equation: "HoleContinuityEquation"	RelError: 2.89354e-03	AbsError: 3.40668e+07
      Equation: "PotentialEquation"	RelError: 7.35237e-07	AbsError: 2.84804e-08
    Region: "oxide"	RelError: 3.32589e-08	AbsError: 1.34638e-10
      Equation: "PotentialEquation"	RelError: 3.32589e-08	AbsError: 1.34638e-10
Iteration: 6
  Device: "part1_baseline"	RelError: 8.21176e-10	AbsError: 4.14862e+04
    Region: "bulk"	RelError: 8.21171e-10	AbsError: 4.14862e+04
      Equation: "ElectronContinuityEquation"	RelError: 7.52938e-12	AbsError: 4.14815e+04
      Equation: "HoleContinuityEquation"	RelError: 8.13532e-10	AbsError: 4.76465e+00
      Equation: "PotentialEquation"	RelError: 1.09415e-13	AbsError: 4.54567e-15
    Region: "oxide"	RelError: 5.09272e-15	AbsError: 2.09303e-17
      Equation: "PotentialEquation"	RelError: 5.09272e-15	AbsError: 2.09303e-17
number of equations 7095
Iteration: 0
  Device: "part1_baseline"	RelError: 2.63879e+03	AbsError: 6.64374e+16
    Region: "bulk"	RelError: 2.63823e+03	AbsError: 6.64374e+16
      Equation: "ElectronContinuityEquation"	RelError: 9.99000e+02	AbsError: 6.58126e+16
      Equation: "HoleContinuityEquation"	RelError: 1.02735e+03	AbsError: 6.24844e+14
      Equation: "PotentialEquation"	RelError: 6.11882e+02	AbsError: 4.09542e-02
    Region: "oxide"	RelError: 5.51423e-01	AbsError: 1.84350e-02
      Equation: "PotentialEquation"	RelError: 5.51423e-01	AbsError: 1.84350e-02
Iteration: 1
  Device: "part1_baseline"	RelError: 1.02021e+03	AbsError: 9.18690e+14
    Region: "bulk"	RelError: 1.02019e+03	AbsError: 9.18690e+14
      Equation: "ElectronContinuityEquation"	RelError: 9.99000e+02	AbsError: 8.70937e+14
      Equation: "HoleContinuityEquation"	RelError: 9.98504e-01	AbsError: 4.77531e+13
      Equation: "PotentialEquation"	RelError: 2.01964e+01	AbsError: 3.07632e-02
    Region: "oxide"	RelError: 1.96918e-02	AbsError: 8.44029e-03
      Equation: "PotentialEquation"	RelError: 1.96918e-02	AbsError: 8.44029e-03
Iteration: 2
  Device: "part1_baseline"	RelError: 2.05662e+00	AbsError: 6.58621e+13
    Region: "bulk"	RelError: 2.05661e+00	AbsError: 6.58621e+13
      Equation: "ElectronContinuityEquation"	RelError: 9.99993e-01	AbsError: 6.58006e+13
      Equation: "HoleContinuityEquation"	RelError: 1.03944e+00	AbsError: 6.14355e+10
      Equation: "PotentialEquation"	RelError: 1.71796e-02	AbsError: 2.58908e-02
    Region: "oxide"	RelError: 1.00012e-05	AbsError: 8.89437e-08
      Equation: "PotentialEquation"	RelError: 1.00012e-05	AbsError: 8.89437e-08
Iteration: 3
  Device: "part1_baseline"	RelError: 4.47852e-01	AbsError: 4.79685e+14
    Region: "bulk"	RelError: 4.47819e-01	AbsError: 4.79685e+14
      Equation: "ElectronContinuityEquation"	RelError: 3.49942e-01	AbsError: 4.79597e+14
      Equation: "HoleContinuityEquation"	RelError: 8.15963e-02	AbsError: 8.80803e+10
      Equation: "PotentialEquation"	RelError: 1.62814e-02	AbsError: 9.16540e-03
    Region: "oxide"	RelError: 3.24466e-05	AbsError: 2.87019e-07
      Equation: "PotentialEquation"	RelError: 3.24466e-05	AbsError: 2.87019e-07
Iteration: 4
  Device: "part1_baseline"	RelError: 1.39650e-01	AbsError: 5.25399e+14
    Region: "bulk"	RelError: 1.39608e-01	AbsError: 5.25399e+14
      Equation: "ElectronContinuityEquation"	RelError: 6.88580e-02	AbsError: 5.25283e+14
      Equation: "HoleContinuityEquation"	RelError: 4.93507e-02	AbsError: 1.15362e+11
      Equation: "PotentialEquation"	RelError: 2.13994e-02	AbsError: 6.00952e-05
    Region: "oxide"	RelError: 4.17744e-05	AbsError: 3.70127e-07
      Equation: "PotentialEquation"	RelError: 4.17744e-05	AbsError: 3.70127e-07
Iteration: 5
  Device: "part1_baseline"	RelError: 2.41522e-03	AbsError: 1.77616e+11
    Region: "bulk"	RelError: 2.41521e-03	AbsError: 1.77616e+11
      Equation: "ElectronContinuityEquation"	RelError: 3.55943e-05	AbsError: 1.77593e+11
      Equation: "HoleContinuityEquation"	RelError: 2.37445e-03	AbsError: 2.24961e+07
      Equation: "PotentialEquation"	RelError: 5.16283e-06	AbsError: 1.95779e-08
    Region: "oxide"	RelError: 1.04396e-08	AbsError: 9.41582e-11
      Equation: "PotentialEquation"	RelError: 1.04396e-08	AbsError: 9.41582e-11
Iteration: 6
  Device: "part1_baseline"	RelError: 4.79478e-10	AbsError: 1.95031e+04
    Region: "bulk"	RelError: 4.79477e-10	AbsError: 1.95031e+04
      Equation: "ElectronContinuityEquation"	RelError: 4.40379e-12	AbsError: 1.95010e+04
      Equation: "HoleContinuityEquation"	RelError: 4.74543e-10	AbsError: 2.12569e+00
      Equation: "PotentialEquation"	RelError: 5.29995e-13	AbsError: 2.14048e-15
    Region: "oxide"	RelError: 1.09190e-15	AbsError: 1.00014e-17
      Equation: "PotentialEquation"	RelError: 1.09190e-15	AbsError: 1.00014e-17
number of equations 7095
Iteration: 0
  Device: "part1_baseline"	RelError: 2.22833e+03	AbsError: 6.45843e+16
    Region: "bulk"	RelError: 2.22797e+03	AbsError: 6.45843e+16
      Equation: "ElectronContinuityEquation"	RelError: 9.99000e+02	AbsError: 6.39918e+16
      Equation: "HoleContinuityEquation"	RelError: 9.99000e+02	AbsError: 5.92511e+14
      Equation: "PotentialEquation"	RelError: 2.29973e+02	AbsError: 4.09542e-02
    Region: "oxide"	RelError: 3.55891e-01	AbsError: 1.84361e-02
      Equation: "PotentialEquation"	RelError: 3.55891e-01	AbsError: 1.84361e-02
Iteration: 1
  Device: "part1_baseline"	RelError: 1.05304e+03	AbsError: 9.47921e+14
    Region: "bulk"	RelError: 1.05302e+03	AbsError: 9.47921e+14
      Equation: "ElectronContinuityEquation"	RelError: 9.99000e+02	AbsError: 9.05332e+14
      Equation: "HoleContinuityEquation"	RelError: 9.98429e-01	AbsError: 4.25890e+13
      Equation: "PotentialEquation"	RelError: 5.30199e+01	AbsError: 3.07632e-02
    Region: "oxide"	RelError: 1.85320e-02	AbsError: 8.44123e-03
      Equation: "PotentialEquation"	RelError: 1.85320e-02	AbsError: 8.44123e-03
Iteration: 2
  Device: "part1_baseline"	RelError: 1.93767e+00	AbsError: 6.11457e+13
    Region: "bulk"	RelError: 1.93766e+00	AbsError: 6.11457e+13
      Equation: "ElectronContinuityEquation"	RelError: 9.99993e-01	AbsError: 6.10995e+13
      Equation: "HoleContinuityEquation"	RelError: 9.21688e-01	AbsError: 4.62071e+10
      Equation: "PotentialEquation"	RelError: 1.59812e-02	AbsError: 2.58965e-02
    Region: "oxide"	RelError: 6.36230e-06	AbsError: 8.33528e-08
      Equation: "PotentialEquation"	RelError: 6.36230e-06	AbsError: 8.33528e-08
Iteration: 3
  Device: "part1_baseline"	RelError: 2.79497e-01	AbsError: 3.94444e+14
    Region: "bulk"	RelError: 2.79479e-01	AbsError: 3.94444e+14
      Equation: "ElectronContinuityEquation"	RelError: 2.28417e-01	AbsError: 3.94374e+14
      Equation: "HoleContinuityEquation"	RelError: 2.56989e-02	AbsError: 6.99965e+10
      Equation: "PotentialEquation"	RelError: 2.53629e-02	AbsError: 9.16539e-03
    Region: "oxide"	RelError: 1.79777e-05	AbsError: 2.32753e-07
      Equation: "PotentialEquation"	RelError: 1.79777e-05	AbsError: 2.32753e-07
Iteration: 4
  Device: "part1_baseline"	RelError: 1.50336e-01	AbsError: 4.32921e+14
    Region: "bulk"	RelError: 1.50312e-01	AbsError: 4.32921e+14
      Equation: "ElectronContinuityEquation"	RelError: 6.91490e-02	AbsError: 4.32827e+14
      Equation: "HoleContinuityEquation"	RelError: 4.73958e-02	AbsError: 9.43987e+10
      Equation: "PotentialEquation"	RelError: 3.37671e-02	AbsError: 4.95675e-05
    Region: "oxide"	RelError: 2.39088e-05	AbsError: 3.10732e-07
      Equation: "PotentialEquation"	RelError: 2.39088e-05	AbsError: 3.10732e-07
Iteration: 5
  Device: "part1_baseline"	RelError: 2.19273e-03	AbsError: 1.19837e+11
    Region: "bulk"	RelError: 2.19273e-03	AbsError: 1.19837e+11
      Equation: "ElectronContinuityEquation"	RelError: 3.00243e-05	AbsError: 1.19822e+11
      Equation: "HoleContinuityEquation"	RelError: 2.15903e-03	AbsError: 1.52371e+07
      Equation: "PotentialEquation"	RelError: 3.67502e-06	AbsError: 1.32378e-08
    Region: "oxide"	RelError: 4.85324e-09	AbsError: 6.50072e-11
      Equation: "PotentialEquation"	RelError: 4.85324e-09	AbsError: 6.50072e-11
Iteration: 6
  Device: "part1_baseline"	RelError: 2.26016e-10	AbsError: 8.83124e+03
    Region: "bulk"	RelError: 2.26016e-10	AbsError: 8.83124e+03
      Equation: "ElectronContinuityEquation"	RelError: 2.47854e-12	AbsError: 8.83028e+03
      Equation: "HoleContinuityEquation"	RelError: 2.23412e-10	AbsError: 9.52103e-01
      Equation: "PotentialEquation"	RelError: 1.25013e-13	AbsError: 9.70768e-16
    Region: "oxide"	RelError: 3.36073e-16	AbsError: 4.60612e-18
      Equation: "PotentialEquation"	RelError: 3.36073e-16	AbsError: 4.60612e-18
number of equations 7095
Iteration: 0
  Device: "part1_baseline"	RelError: 2.02627e+03	AbsError: 6.26499e+16
    Region: "bulk"	RelError: 2.02581e+03	AbsError: 6.26499e+16
      Equation: "ElectronContinuityEquation"	RelError: 9.99000e+02	AbsError: 6.20839e+16
      Equation: "HoleContinuityEquation"	RelError: 9.99000e+02	AbsError: 5.66001e+14
      Equation: "PotentialEquation"	RelError: 2.78069e+01	AbsError: 4.09542e-02
    Region: "oxide"	RelError: 4.63690e-01	AbsError: 1.84370e-02
      Equation: "PotentialEquation"	RelError: 4.63690e-01	AbsError: 1.84370e-02
Iteration: 1
  Device: "part1_baseline"	RelError: 4.83443e+00	AbsError: 9.79419e+14
    Region: "bulk"	RelError: 4.81693e+00	AbsError: 9.79419e+14
      Equation: "ElectronContinuityEquation"	RelError: 9.97705e-01	AbsError: 9.40631e+14
      Equation: "HoleContinuityEquation"	RelError: 9.98298e-01	AbsError: 3.87879e+13
      Equation: "PotentialEquation"	RelError: 2.82093e+00	AbsError: 3.07632e-02
    Region: "oxide"	RelError: 1.75009e-02	AbsError: 8.44198e-03
      Equation: "PotentialEquation"	RelError: 1.75009e-02	AbsError: 8.44198e-03
Iteration: 2
  Device: "part1_baseline"	RelError: 1.74940e+00	AbsError: 5.63179e+13
    Region: "bulk"	RelError: 1.74939e+00	AbsError: 5.63179e+13
      Equation: "ElectronContinuityEquation"	RelError: 9.17391e-01	AbsError: 5.62810e+13
      Equation: "HoleContinuityEquation"	RelError: 8.16919e-01	AbsError: 3.68655e+10
      Equation: "PotentialEquation"	RelError: 1.50766e-02	AbsError: 2.58741e-02
    Region: "oxide"	RelError: 8.79432e-06	AbsError: 7.85935e-08
      Equation: "PotentialEquation"	RelError: 8.79432e-06	AbsError: 7.85935e-08
Iteration: 3
  Device: "part1_baseline"	RelError: 2.27204e-01	AbsError: 3.22610e+14
    Region: "bulk"	RelError: 2.27183e-01	AbsError: 3.22610e+14
      Equation: "ElectronContinuityEquation"	RelError: 1.98248e-01	AbsError: 3.22556e+14
      Equation: "HoleContinuityEquation"	RelError: 2.41331e-02	AbsError: 5.38043e+10
      Equation: "PotentialEquation"	RelError: 4.80209e-03	AbsError: 9.16538e-03
    Region: "oxide"	RelError: 2.10925e-05	AbsError: 1.85310e-07
      Equation: "PotentialEquation"	RelError: 2.10925e-05	AbsError: 1.85310e-07
Iteration: 4
  Device: "part1_baseline"	RelError: 1.13793e-01	AbsError: 3.54733e+14
    Region: "bulk"	RelError: 1.13764e-01	AbsError: 3.54733e+14
      Equation: "ElectronContinuityEquation"	RelError: 6.94031e-02	AbsError: 3.54658e+14
      Equation: "HoleContinuityEquation"	RelError: 4.24818e-02	AbsError: 7.55060e+10
      Equation: "PotentialEquation"	RelError: 1.87871e-03	AbsError: 4.06653e-05
    Region: "oxide"	RelError: 2.92989e-05	AbsError: 2.58985e-07
      Equation: "PotentialEquation"	RelError: 2.92989e-05	AbsError: 2.58985e-07
Iteration: 5
  Device: "part1_baseline"	RelError: 1.75716e-03	AbsError: 7.96756e+10
    Region: "bulk"	RelError: 1.75715e-03	AbsError: 7.96756e+10
      Equation: "ElectronContinuityEquation"	RelError: 2.51728e-05	AbsError: 7.96657e+10
      Equation: "HoleContinuityEquation"	RelError: 1.73168e-03	AbsError: 9.85743e+06
      Equation: "PotentialEquation"	RelError: 2.96180e-07	AbsError: 8.81931e-09
    Region: "oxide"	RelError: 4.83915e-09	AbsError: 4.41044e-11
      Equation: "PotentialEquation"	RelError: 4.83915e-09	AbsError: 4.41044e-11
Iteration: 6
  Device: "part1_baseline"	RelError: 8.37891e-11	AbsError: 3.86863e+03
    Region: "bulk"	RelError: 8.37889e-11	AbsError: 3.86863e+03
      Equation: "ElectronContinuityEquation"	RelError: 1.33572e-12	AbsError: 3.86822e+03
      Equation: "HoleContinuityEquation"	RelError: 8.24401e-11	AbsError: 4.03955e-01
      Equation: "PotentialEquation"	RelError: 1.30981e-14	AbsError: 4.25895e-16
    Region: "oxide"	RelError: 2.19674e-16	AbsError: 2.05098e-18
      Equation: "PotentialEquation"	RelError: 2.19674e-16	AbsError: 2.05098e-18
number of equations 7095
Iteration: 0
  Device: "part1_baseline"	RelError: 2.02674e+03	AbsError: 6.06281e+16
    Region: "bulk"	RelError: 2.02587e+03	AbsError: 6.06281e+16
      Equation: "ElectronContinuityEquation"	RelError: 9.99000e+02	AbsError: 6.00881e+16
      Equation: "HoleContinuityEquation"	RelError: 9.99000e+02	AbsError: 5.39960e+14
      Equation: "PotentialEquation"	RelError: 2.78691e+01	AbsError: 4.09542e-02
    Region: "oxide"	RelError: 8.71221e-01	AbsError: 1.84377e-02
      Equation: "PotentialEquation"	RelError: 8.71221e-01	AbsError: 1.84377e-02
Iteration: 1
  Device: "part1_baseline"	RelError: 2.64587e+00	AbsError: 1.01183e+15
    Region: "bulk"	RelError: 2.62929e+00	AbsError: 1.01183e+15
      Equation: "ElectronContinuityEquation"	RelError: 9.97702e-01	AbsError: 9.76556e+14
      Equation: "HoleContinuityEquation"	RelError: 9.98411e-01	AbsError: 3.52721e+13
      Equation: "PotentialEquation"	RelError: 6.33177e-01	AbsError: 3.07632e-02
    Region: "oxide"	RelError: 1.65782e-02	AbsError: 8.44255e-03
      Equation: "PotentialEquation"	RelError: 1.65782e-02	AbsError: 8.44255e-03
Iteration: 2
  Device: "part1_baseline"	RelError: 1.54886e+00	AbsError: 5.15549e+13
    Region: "bulk"	RelError: 1.54884e+00	AbsError: 5.15549e+13
      Equation: "ElectronContinuityEquation"	RelError: 7.48152e-01	AbsError: 5.15250e+13
      Equation: "HoleContinuityEquation"	RelError: 7.86425e-01	AbsError: 2.98752e+10
      Equation: "PotentialEquation"	RelError: 1.42662e-02	AbsError: 2.58461e-02
    Region: "oxide"	RelError: 1.56232e-05	AbsError: 7.46086e-08
      Equation: "PotentialEquation"	RelError: 1.56232e-05	AbsError: 7.46086e-08
Iteration: 3
  Device: "part1_baseline"	RelError: 2.00709e-01	AbsError: 2.62617e+14
    Region: "bulk"	RelError: 2.00678e-01	AbsError: 2.62617e+14
      Equation: "ElectronContinuityEquation"	RelError: 1.71321e-01	AbsError: 2.62577e+14
      Equation: "HoleContinuityEquation"	RelError: 2.48087e-02	AbsError: 4.01605e+10
      Equation: "PotentialEquation"	RelError: 4.54815e-03	AbsError: 9.16537e-03
    Region: "oxide"	RelError: 3.10045e-05	AbsError: 1.44532e-07
      Equation: "PotentialEquation"	RelError: 3.10045e-05	AbsError: 1.44532e-07
Iteration: 4
  Device: "part1_baseline"	RelError: 1.05984e-01	AbsError: 2.89247e+14
    Region: "bulk"	RelError: 1.05938e-01	AbsError: 2.89247e+14
      Equation: "ElectronContinuityEquation"	RelError: 6.96160e-02	AbsError: 2.89187e+14
      Equation: "HoleContinuityEquation"	RelError: 3.47455e-02	AbsError: 5.96157e+10
      Equation: "PotentialEquation"	RelError: 1.57689e-03	AbsError: 3.32066e-05
    Region: "oxide"	RelError: 4.56062e-05	AbsError: 2.14607e-07
      Equation: "PotentialEquation"	RelError: 4.56062e-05	AbsError: 2.14607e-07
Iteration: 5
  Device: "part1_baseline"	RelError: 1.24723e-03	AbsError: 5.23092e+10
    Region: "bulk"	RelError: 1.24723e-03	AbsError: 5.23092e+10
      Equation: "ElectronContinuityEquation"	RelError: 2.09849e-05	AbsError: 5.23028e+10
      Equation: "HoleContinuityEquation"	RelError: 1.22604e-03	AbsError: 6.37021e+06
      Equation: "PotentialEquation"	RelError: 2.07265e-07	AbsError: 5.80094e-09
    Region: "oxide"	RelError: 6.06579e-09	AbsError: 2.94395e-11
      Equation: "PotentialEquation"	RelError: 6.06579e-09	AbsError: 2.94395e-11
Iteration: 6
  Device: "part1_baseline"	RelError: 2.45781e-11	AbsError: 1.64727e+03
    Region: "bulk"	RelError: 2.45779e-11	AbsError: 1.64727e+03
      Equation: "ElectronContinuityEquation"	RelError: 6.58670e-13	AbsError: 1.64711e+03
      Equation: "HoleContinuityEquation"	RelError: 2.39132e-11	AbsError: 1.68412e-01
      Equation: "PotentialEquation"	RelError: 6.04438e-15	AbsError: 1.81603e-16
    Region: "oxide"	RelError: 1.78083e-16	AbsError: 8.86051e-19
      Equation: "PotentialEquation"	RelError: 1.78083e-16	AbsError: 8.86051e-19
number of equations 7095
Iteration: 0
  Device: "part1_baseline"	RelError: 2.03656e+03	AbsError: 6.12708e+16
    Region: "bulk"	RelError: 2.02956e+03	AbsError: 6.12708e+16
      Equation: "ElectronContinuityEquation"	RelError: 9.99000e+02	AbsError: 6.07559e+16
      Equation: "HoleContinuityEquation"	RelError: 9.99000e+02	AbsError: 5.14910e+14
      Equation: "PotentialEquation"	RelError: 3.15630e+01	AbsError: 4.09542e-02
    Region: "oxide"	RelError: 6.99535e+00	AbsError: 1.84383e-02
      Equation: "PotentialEquation"	RelError: 6.99535e+00	AbsError: 1.84383e-02
Iteration: 1
  Device: "part1_baseline"	RelError: 2.41220e+00	AbsError: 1.04490e+15
    Region: "bulk"	RelError: 2.39645e+00	AbsError: 1.04490e+15
      Equation: "ElectronContinuityEquation"	RelError: 9.96680e-01	AbsError: 1.01264e+15
      Equation: "HoleContinuityEquation"	RelError: 9.98324e-01	AbsError: 3.22624e+13
      Equation: "PotentialEquation"	RelError: 4.01444e-01	AbsError: 3.07632e-02
    Region: "oxide"	RelError: 1.57478e-02	AbsError: 8.44296e-03
      Equation: "PotentialEquation"	RelError: 1.57478e-02	AbsError: 8.44296e-03
Iteration: 2
  Device: "part1_baseline"	RelError: 1.32008e+00	AbsError: 4.87403e+13
    Region: "bulk"	RelError: 1.31996e+00	AbsError: 4.87403e+13
      Equation: "ElectronContinuityEquation"	RelError: 6.09941e-01	AbsError: 4.87139e+13
      Equation: "HoleContinuityEquation"	RelError: 6.96477e-01	AbsError: 2.64526e+10
      Equation: "PotentialEquation"	RelError: 1.35375e-02	AbsError: 2.58186e-02
    Region: "oxide"	RelError: 1.20102e-04	AbsError: 7.14381e-08
      Equation: "PotentialEquation"	RelError: 1.20102e-04	AbsError: 7.14381e-08
Iteration: 3
  Device: "part1_baseline"	RelError: 1.83113e-01	AbsError: 2.12899e+14
    Region: "bulk"	RelError: 1.82920e-01	AbsError: 2.12899e+14
      Equation: "ElectronContinuityEquation"	RelError: 1.53248e-01	AbsError: 2.12870e+14
      Equation: "HoleContinuityEquation"	RelError: 2.53454e-02	AbsError: 2.96829e+10
      Equation: "PotentialEquation"	RelError: 4.32639e-03	AbsError: 9.16536e-03
    Region: "oxide"	RelError: 1.93076e-04	AbsError: 1.10695e-07
      Equation: "PotentialEquation"	RelError: 1.93076e-04	AbsError: 1.10695e-07
Iteration: 4
  Device: "part1_baseline"	RelError: 1.05376e-01	AbsError: 2.34839e+14
    Region: "bulk"	RelError: 1.05070e-01	AbsError: 2.34839e+14
      Equation: "ElectronContinuityEquation"	RelError: 6.97827e-02	AbsError: 2.34792e+14
      Equation: "HoleContinuityEquation"	RelError: 3.24981e-02	AbsError: 4.71510e+10
      Equation: "PotentialEquation"	RelError: 2.78938e-03	AbsError: 2.70118e-05
    Region: "oxide"	RelError: 3.05541e-04	AbsError: 1.77783e-07
      Equation: "PotentialEquation"	RelError: 3.05541e-04	AbsError: 1.77783e-07
Iteration: 5
  Device: "part1_baseline"	RelError: 1.57743e-03	AbsError: 3.39783e+10
    Region: "bulk"	RelError: 1.57740e-03	AbsError: 3.39783e+10
      Equation: "ElectronContinuityEquation"	RelError: 1.73652e-05	AbsError: 3.39742e+10
      Equation: "HoleContinuityEquation"	RelError: 1.55976e-03	AbsError: 4.03562e+06
      Equation: "PotentialEquation"	RelError: 2.77147e-07	AbsError: 3.77510e-09
    Region: "oxide"	RelError: 3.24019e-08	AbsError: 1.94404e-11
      Equation: "PotentialEquation"	RelError: 3.24019e-08	AbsError: 1.94404e-11
Iteration: 6
  Device: "part1_baseline"	RelError: 2.28341e-11	AbsError: 6.84948e+02
    Region: "bulk"	RelError: 2.28335e-11	AbsError: 6.84948e+02
      Equation: "ElectronContinuityEquation"	RelError: 3.22490e-13	AbsError: 6.84879e+02
      Equation: "HoleContinuityEquation"	RelError: 2.25060e-11	AbsError: 6.83724e-02
      Equation: "PotentialEquation"	RelError: 4.99885e-15	AbsError: 7.56139e-17
    Region: "oxide"	RelError: 6.07129e-16	AbsError: 3.73758e-19
      Equation: "PotentialEquation"	RelError: 6.07129e-16	AbsError: 3.73758e-19
number of equations 7095
Iteration: 0
  Device: "part1_baseline"	RelError: 2.01764e+03	AbsError: 6.26828e+16
    Region: "bulk"	RelError: 2.01504e+03	AbsError: 6.26828e+16
      Equation: "ElectronContinuityEquation"	RelError: 9.99000e+02	AbsError: 6.21859e+16
      Equation: "HoleContinuityEquation"	RelError: 9.99000e+02	AbsError: 4.96897e+14
      Equation: "PotentialEquation"	RelError: 1.70352e+01	AbsError: 4.09542e-02
    Region: "oxide"	RelError: 2.60674e+00	AbsError: 1.84387e-02
      Equation: "PotentialEquation"	RelError: 2.60674e+00	AbsError: 1.84387e-02
Iteration: 1
  Device: "part1_baseline"	RelError: 2.18503e+00	AbsError: 1.07768e+15
    Region: "bulk"	RelError: 2.17003e+00	AbsError: 1.07768e+15
      Equation: "ElectronContinuityEquation"	RelError: 9.96480e-01	AbsError: 1.04826e+15
      Equation: "HoleContinuityEquation"	RelError: 9.98301e-01	AbsError: 2.94206e+13
      Equation: "PotentialEquation"	RelError: 1.75250e-01	AbsError: 3.07632e-02
    Region: "oxide"	RelError: 1.49964e-02	AbsError: 8.44324e-03
      Equation: "PotentialEquation"	RelError: 1.49964e-02	AbsError: 8.44324e-03
Iteration: 2
  Device: "part1_baseline"	RelError: 1.16605e+00	AbsError: 4.57569e+13
    Region: "bulk"	RelError: 1.16601e+00	AbsError: 4.57569e+13
      Equation: "ElectronContinuityEquation"	RelError: 4.98287e-01	AbsError: 4.57339e+13
      Equation: "HoleContinuityEquation"	RelError: 6.54845e-01	AbsError: 2.29279e+10
      Equation: "PotentialEquation"	RelError: 1.28790e-02	AbsError: 2.57916e-02
    Region: "oxide"	RelError: 3.56753e-05	AbsError: 6.88335e-08
      Equation: "PotentialEquation"	RelError: 3.56753e-05	AbsError: 6.88335e-08
Iteration: 3
  Device: "part1_baseline"	RelError: 1.66224e-01	AbsError: 1.71969e+14
    Region: "bulk"	RelError: 1.66179e-01	AbsError: 1.71969e+14
      Equation: "ElectronContinuityEquation"	RelError: 1.34393e-01	AbsError: 1.71947e+14
      Equation: "HoleContinuityEquation"	RelError: 2.76552e-02	AbsError: 2.14432e+10
      Equation: "PotentialEquation"	RelError: 4.13137e-03	AbsError: 9.16536e-03
    Region: "oxide"	RelError: 4.44768e-05	AbsError: 8.27269e-08
      Equation: "PotentialEquation"	RelError: 4.44768e-05	AbsError: 8.27269e-08
Iteration: 4
  Device: "part1_baseline"	RelError: 1.07551e-01	AbsError: 1.89949e+14
    Region: "bulk"	RelError: 1.07473e-01	AbsError: 1.89949e+14
      Equation: "ElectronContinuityEquation"	RelError: 6.98284e-02	AbsError: 1.89912e+14
      Equation: "HoleContinuityEquation"	RelError: 3.67866e-02	AbsError: 3.71806e+10
      Equation: "PotentialEquation"	RelError: 8.58074e-04	AbsError: 2.19004e-05
    Region: "oxide"	RelError: 7.81223e-05	AbsError: 1.47370e-07
      Equation: "PotentialEquation"	RelError: 7.81223e-05	AbsError: 1.47370e-07
Iteration: 5
  Device: "part1_baseline"	RelError: 1.93964e-03	AbsError: 2.18718e+10
    Region: "bulk"	RelError: 1.93963e-03	AbsError: 2.18718e+10
      Equation: "ElectronContinuityEquation"	RelError: 1.42615e-05	AbsError: 2.18692e+10
      Equation: "HoleContinuityEquation"	RelError: 1.92530e-03	AbsError: 2.52533e+06
      Equation: "PotentialEquation"	RelError: 6.91909e-08	AbsError: 2.43457e-09
    Region: "oxide"	RelError: 6.63277e-09	AbsError: 1.27221e-11
      Equation: "PotentialEquation"	RelError: 6.63277e-09	AbsError: 1.27221e-11
Iteration: 6
  Device: "part1_baseline"	RelError: 1.99874e-11	AbsError: 2.79144e+02
    Region: "bulk"	RelError: 1.99873e-11	AbsError: 2.79144e+02
      Equation: "ElectronContinuityEquation"	RelError: 1.70791e-13	AbsError: 2.79117e+02
      Equation: "HoleContinuityEquation"	RelError: 1.98157e-11	AbsError: 2.69320e-02
      Equation: "PotentialEquation"	RelError: 7.99437e-16	AbsError: 3.08594e-17
    Region: "oxide"	RelError: 7.90728e-17	AbsError: 1.54593e-19
      Equation: "PotentialEquation"	RelError: 7.90728e-17	AbsError: 1.54593e-19
number of equations 7095
Iteration: 0
  Device: "part1_baseline"	RelError: 3.34163e+03	AbsError: 6.41365e+16
    Region: "bulk"	RelError: 3.34091e+03	AbsError: 6.41365e+16
      Equation: "ElectronContinuityEquation"	RelError: 9.99000e+02	AbsError: 6.36653e+16
      Equation: "HoleContinuityEquation"	RelError: 9.99000e+02	AbsError: 4.71162e+14
      Equation: "PotentialEquation"	RelError: 1.34291e+03	AbsError: 4.09542e-02
    Region: "oxide"	RelError: 7.22642e-01	AbsError: 1.84390e-02
      Equation: "PotentialEquation"	RelError: 7.22642e-01	AbsError: 1.84390e-02
Iteration: 1
  Device: "part1_baseline"	RelError: 2.37334e+00	AbsError: 1.11009e+15
    Region: "bulk"	RelError: 2.35902e+00	AbsError: 1.11009e+15
      Equation: "ElectronContinuityEquation"	RelError: 9.96415e-01	AbsError: 1.08267e+15
      Equation: "HoleContinuityEquation"	RelError: 9.98152e-01	AbsError: 2.74170e+13
      Equation: "PotentialEquation"	RelError: 3.64457e-01	AbsError: 3.07632e-02
    Region: "oxide"	RelError: 1.43133e-02	AbsError: 8.44339e-03
      Equation: "PotentialEquation"	RelError: 1.43133e-02	AbsError: 8.44339e-03
Iteration: 2
  Device: "part1_baseline"	RelError: 1.09993e+00	AbsError: 4.26680e+13
    Region: "bulk"	RelError: 1.09992e+00	AbsError: 4.26680e+13
      Equation: "ElectronContinuityEquation"	RelError: 4.08814e-01	AbsError: 4.26477e+13
      Equation: "HoleContinuityEquation"	RelError: 6.23853e-01	AbsError: 2.02387e+10
      Equation: "PotentialEquation"	RelError: 6.72564e-02	AbsError: 2.57652e-02
    Region: "oxide"	RelError: 9.51817e-06	AbsError: 6.67313e-08
      Equation: "PotentialEquation"	RelError: 9.51817e-06	AbsError: 6.67313e-08
Iteration: 3
  Device: "part1_baseline"	RelError: 3.19724e-01	AbsError: 1.38464e+14
    Region: "bulk"	RelError: 3.19715e-01	AbsError: 1.38464e+14
      Equation: "ElectronContinuityEquation"	RelError: 1.15306e-01	AbsError: 1.38449e+14
      Equation: "HoleContinuityEquation"	RelError: 3.16851e-02	AbsError: 1.52333e+10
      Equation: "PotentialEquation"	RelError: 1.72724e-01	AbsError: 9.16535e-03
    Region: "oxide"	RelError: 8.96941e-06	AbsError: 5.96821e-08
      Equation: "PotentialEquation"	RelError: 8.96941e-06	AbsError: 5.96821e-08
Iteration: 4
  Device: "part1_baseline"	RelError: 3.10674e-01	AbsError: 1.53131e+14
    Region: "bulk"	RelError: 3.10656e-01	AbsError: 1.53131e+14
      Equation: "ElectronContinuityEquation"	RelError: 6.94061e-02	AbsError: 1.53102e+14
      Equation: "HoleContinuityEquation"	RelError: 4.24720e-02	AbsError: 2.94529e+10
      Equation: "PotentialEquation"	RelError: 1.98778e-01	AbsError: 1.77066e-05
    Region: "oxide"	RelError: 1.79850e-05	AbsError: 1.22360e-07
      Equation: "PotentialEquation"	RelError: 1.79850e-05	AbsError: 1.22360e-07
Iteration: 5
  Device: "part1_baseline"	RelError: 2.28856e-03	AbsError: 1.39709e+10
    Region: "bulk"	RelError: 2.28856e-03	AbsError: 1.39709e+10
      Equation: "ElectronContinuityEquation"	RelError: 1.16043e-05	AbsError: 1.39693e+10
      Equation: "HoleContinuityEquation"	RelError: 2.26836e-03	AbsError: 1.60296e+06
      Equation: "PotentialEquation"	RelError: 8.58990e-06	AbsError: 1.55807e-09
    Region: "oxide"	RelError: 1.19604e-09	AbsError: 8.26361e-12
      Equation: "PotentialEquation"	RelError: 1.19604e-09	AbsError: 8.26361e-12
Iteration: 6
  Device: "part1_baseline"	RelError: 1.61620e-11	AbsError: 1.11859e+02
    Region: "bulk"	RelError: 1.61620e-11	AbsError: 1.11859e+02
      Equation: "ElectronContinuityEquation"	RelError: 8.88614e-14	AbsError: 1.11848e+02
      Equation: "HoleContinuityEquation"	RelError: 1.60394e-11	AbsError: 1.07087e-02
      Equation: "PotentialEquation"	RelError: 3.37435e-14	AbsError: 1.23838e-17
    Region: "oxide"	RelError: 8.90444e-18	AbsError: 6.27707e-20
      Equation: "PotentialEquation"	RelError: 8.90444e-18	AbsError: 6.27707e-20
number of equations 7095
Iteration: 0
  Device: "part1_baseline"	RelError: 2.03834e+03	AbsError: 6.56459e+16
    Region: "bulk"	RelError: 2.03792e+03	AbsError: 6.56459e+16
      Equation: "ElectronContinuityEquation"	RelError: 9.99000e+02	AbsError: 6.51882e+16
      Equation: "HoleContinuityEquation"	RelError: 9.99000e+02	AbsError: 4.57653e+14
      Equation: "PotentialEquation"	RelError: 3.99166e+01	AbsError: 4.09542e-02
    Region: "oxide"	RelError: 4.19700e-01	AbsError: 1.84391e-02
      Equation: "PotentialEquation"	RelError: 4.19700e-01	AbsError: 1.84391e-02
Iteration: 1
  Device: "part1_baseline"	RelError: 2.09112e+00	AbsError: 1.13963e+15
    Region: "bulk"	RelError: 2.07743e+00	AbsError: 1.13963e+15
      Equation: "ElectronContinuityEquation"	RelError: 9.96540e-01	AbsError: 1.11500e+15
      Equation: "HoleContinuityEquation"	RelError: 9.98238e-01	AbsError: 2.46386e+13
      Equation: "PotentialEquation"	RelError: 8.26486e-02	AbsError: 3.07632e-02
    Region: "oxide"	RelError: 1.36895e-02	AbsError: 8.44344e-03
      Equation: "PotentialEquation"	RelError: 1.36895e-02	AbsError: 8.44344e-03
Iteration: 2
  Device: "part1_baseline"	RelError: 9.25902e-01	AbsError: 4.20604e+13
    Region: "bulk"	RelError: 9.25897e-01	AbsError: 4.20604e+13
      Equation: "ElectronContinuityEquation"	RelError: 3.36688e-01	AbsError: 4.20423e+13
      Equation: "HoleContinuityEquation"	RelError: 5.77473e-01	AbsError: 1.81252e+10
      Equation: "PotentialEquation"	RelError: 1.17354e-02	AbsError: 2.58743e-02
    Region: "oxide"	RelError: 5.34046e-06	AbsError: 6.50745e-08
      Equation: "PotentialEquation"	RelError: 5.34046e-06	AbsError: 6.50745e-08
Iteration: 3
  Device: "part1_baseline"	RelError: 1.36601e-01	AbsError: 4.64060e+14
    Region: "bulk"	RelError: 1.36584e-01	AbsError: 4.64060e+14
      Equation: "ElectronContinuityEquation"	RelError: 9.67728e-02	AbsError: 4.64016e+14
      Equation: "HoleContinuityEquation"	RelError: 3.60218e-02	AbsError: 4.40429e+10
      Equation: "PotentialEquation"	RelError: 3.78972e-03	AbsError: 9.16541e-03
    Region: "oxide"	RelError: 1.64976e-05	AbsError: 1.88671e-07
      Equation: "PotentialEquation"	RelError: 1.64976e-05	AbsError: 1.88671e-07
Iteration: 4
  Device: "part1_baseline"	RelError: 1.21071e-01	AbsError: 4.90094e+14
    Region: "bulk"	RelError: 1.21050e-01	AbsError: 4.90094e+14
      Equation: "ElectronContinuityEquation"	RelError: 6.78600e-02	AbsError: 4.90037e+14
      Equation: "HoleContinuityEquation"	RelError: 4.84884e-02	AbsError: 5.71082e+10
      Equation: "PotentialEquation"	RelError: 4.70149e-03	AbsError: 5.73258e-05
    Region: "oxide"	RelError: 2.14778e-05	AbsError: 2.49855e-07
      Equation: "PotentialEquation"	RelError: 2.14778e-05	AbsError: 2.49855e-07
Iteration: 5
  Device: "part1_baseline"	RelError: 2.72781e-03	AbsError: 1.61461e+11
    Region: "bulk"	RelError: 2.72781e-03	AbsError: 1.61461e+11
      Equation: "ElectronContinuityEquation"	RelError: 3.82362e-05	AbsError: 1.61450e+11
      Equation: "HoleContinuityEquation"	RelError: 2.68916e-03	AbsError: 1.12508e+07
      Equation: "PotentialEquation"	RelError: 4.15844e-07	AbsError: 1.79473e-08
    Region: "oxide"	RelError: 4.46755e-09	AbsError: 5.19345e-11
      Equation: "PotentialEquation"	RelError: 4.46755e-09	AbsError: 5.19345e-11
Iteration: 6
  Device: "part1_baseline"	RelError: 1.66327e-10	AbsError: 1.64484e+04
    Region: "bulk"	RelError: 1.66327e-10	AbsError: 1.64484e+04
      Equation: "ElectronContinuityEquation"	RelError: 3.39599e-12	AbsError: 1.64474e+04
      Equation: "HoleContinuityEquation"	RelError: 1.62902e-10	AbsError: 1.01689e+00
      Equation: "PotentialEquation"	RelError: 2.86063e-14	AbsError: 1.79950e-15
    Region: "oxide"	RelError: 4.00625e-16	AbsError: 4.67209e-18
      Equation: "PotentialEquation"	RelError: 4.00625e-16	AbsError: 4.67209e-18
number of equations 7095
Iteration: 0
  Device: "part1_baseline"	RelError: 1.19036e+03	AbsError: 6.71887e+16
    Region: "bulk"	RelError: 1.19006e+03	AbsError: 6.71887e+16
      Equation: "ElectronContinuityEquation"	RelError: 1.12783e+02	AbsError: 6.67472e+16
      Equation: "HoleContinuityEquation"	RelError: 9.99000e+02	AbsError: 4.41520e+14
      Equation: "PotentialEquation"	RelError: 7.82724e+01	AbsError: 4.09542e-02
    Region: "oxide"	RelError: 3.08571e-01	AbsError: 1.84392e-02
      Equation: "PotentialEquation"	RelError: 3.08571e-01	AbsError: 1.84392e-02
Iteration: 1
  Device: "part1_baseline"	RelError: 2.51310e+00	AbsError: 1.16770e+15
    Region: "bulk"	RelError: 2.49999e+00	AbsError: 1.16770e+15
      Equation: "ElectronContinuityEquation"	RelError: 9.65251e-01	AbsError: 1.14425e+15
      Equation: "HoleContinuityEquation"	RelError: 9.98134e-01	AbsError: 2.34462e+13
      Equation: "PotentialEquation"	RelError: 5.36602e-01	AbsError: 3.07632e-02
    Region: "oxide"	RelError: 1.31177e-02	AbsError: 8.44338e-03
      Equation: "PotentialEquation"	RelError: 1.31177e-02	AbsError: 8.44338e-03
Iteration: 2
  Device: "part1_baseline"	RelError: 7.92979e-01	AbsError: 4.52074e+13
    Region: "bulk"	RelError: 7.92974e-01	AbsError: 4.52074e+13
      Equation: "ElectronContinuityEquation"	RelError: 2.78641e-01	AbsError: 4.51913e+13
      Equation: "HoleContinuityEquation"	RelError: 5.03097e-01	AbsError: 1.60439e+10
      Equation: "PotentialEquation"	RelError: 1.12358e-02	AbsError: 2.58502e-02
    Region: "oxide"	RelError: 5.01897e-06	AbsError: 6.38098e-08
      Equation: "PotentialEquation"	RelError: 5.01897e-06	AbsError: 6.38098e-08
Iteration: 3
  Device: "part1_baseline"	RelError: 1.21832e-01	AbsError: 3.98785e+14
    Region: "bulk"	RelError: 1.21818e-01	AbsError: 3.98785e+14
      Equation: "ElectronContinuityEquation"	RelError: 7.97570e-02	AbsError: 3.98751e+14
      Equation: "HoleContinuityEquation"	RelError: 3.84220e-02	AbsError: 3.43454e+10
      Equation: "PotentialEquation"	RelError: 3.63924e-03	AbsError: 9.16540e-03
    Region: "oxide"	RelError: 1.35820e-05	AbsError: 1.53130e-07
      Equation: "PotentialEquation"	RelError: 1.35820e-05	AbsError: 1.53130e-07
Iteration: 4
  Device: "part1_baseline"	RelError: 1.19286e-01	AbsError: 4.21574e+14
    Region: "bulk"	RelError: 1.19268e-01	AbsError: 4.21574e+14
      Equation: "ElectronContinuityEquation"	RelError: 6.40281e-02	AbsError: 4.21528e+14
      Equation: "HoleContinuityEquation"	RelError: 5.19714e-02	AbsError: 4.61940e+10
      Equation: "PotentialEquation"	RelError: 3.26822e-03	AbsError: 4.91900e-05
    Region: "oxide"	RelError: 1.83555e-05	AbsError: 2.13136e-07
      Equation: "PotentialEquation"	RelError: 1.83555e-05	AbsError: 2.13136e-07
Iteration: 5
  Device: "part1_baseline"	RelError: 2.93175e-03	AbsError: 1.18501e+11
    Region: "bulk"	RelError: 2.93174e-03	AbsError: 1.18501e+11
      Equation: "ElectronContinuityEquation"	RelError: 3.37891e-05	AbsError: 1.18494e+11
      Equation: "HoleContinuityEquation"	RelError: 2.89737e-03	AbsError: 7.76803e+06
      Equation: "PotentialEquation"	RelError: 5.83445e-07	AbsError: 1.31659e-08
    Region: "oxide"	RelError: 3.27090e-09	AbsError: 3.79225e-11
      Equation: "PotentialEquation"	RelError: 3.27090e-09	AbsError: 3.79225e-11
Iteration: 6
  Device: "part1_baseline"	RelError: 6.46079e-11	AbsError: 8.79158e+03
    Region: "bulk"	RelError: 6.46077e-11	AbsError: 8.79158e+03
      Equation: "ElectronContinuityEquation"	RelError: 2.15048e-12	AbsError: 8.79106e+03
      Equation: "HoleContinuityEquation"	RelError: 6.24188e-11	AbsError: 5.18185e-01
      Equation: "PotentialEquation"	RelError: 3.84126e-14	AbsError: 9.62529e-16
    Region: "oxide"	RelError: 2.16355e-16	AbsError: 2.52083e-18
      Equation: "PotentialEquation"	RelError: 2.16355e-16	AbsError: 2.52083e-18
number of equations 7095
Iteration: 0
  Device: "part1_baseline"	RelError: 1.68926e-18	AbsError: 1.03855e-09
    Region: "bulk"	RelError: 1.68926e-18	AbsError: 1.03855e-09
      Equation: "ElectronContinuityEquation"	RelError: 1.68926e-18	AbsError: 1.03774e-09
      Equation: "HoleContinuityEquation"	RelError: 8.85131e-26	AbsError: 8.10084e-13
      Equation: "PotentialEquation"	RelError: 6.33113e-26	AbsError: 6.43491e-28
    Region: "oxide"	RelError: 3.63619e-28	AbsError: 4.21337e-30
      Equation: "PotentialEquation"	RelError: 3.63619e-28	AbsError: 4.21337e-30
number of equations 7095
Iteration: 0
  Device: "part1_baseline"	RelError: 6.95988e+01	AbsError: 1.13844e+16
    Region: "bulk"	RelError: 4.72457e+01	AbsError: 1.13844e+16
      Equation: "ElectronContinuityEquation"	RelError: 4.65072e-01	AbsError: 1.11111e+16
      Equation: "HoleContinuityEquation"	RelError: 2.79989e+00	AbsError: 2.73246e+14
      Equation: "PotentialEquation"	RelError: 4.39808e+01	AbsError: 1.90746e-02
    Region: "oxide"	RelError: 2.23530e+01	AbsError: 2.00000e-02
      Equation: "PotentialEquation"	RelError: 2.23530e+01	AbsError: 2.00000e-02
Iteration: 1
  Device: "part1_baseline"	RelError: 8.55451e-01	AbsError: 5.60092e+13
    Region: "bulk"	RelError: 8.54898e-01	AbsError: 5.60092e+13
      Equation: "ElectronContinuityEquation"	RelError: 2.18031e-01	AbsError: 4.42397e+13
      Equation: "HoleContinuityEquation"	RelError: 4.49877e-01	AbsError: 1.17695e+13
      Equation: "PotentialEquation"	RelError: 1.86990e-01	AbsError: 7.41383e-05
    Region: "oxide"	RelError: 5.52700e-04	AbsError: 3.75294e-06
      Equation: "PotentialEquation"	RelError: 5.52700e-04	AbsError: 3.75294e-06
Iteration: 2
  Device: "part1_baseline"	RelError: 5.97921e-04	AbsError: 1.06903e+10
    Region: "bulk"	RelError: 5.97897e-04	AbsError: 1.06903e+10
      Equation: "ElectronContinuityEquation"	RelError: 1.76731e-04	AbsError: 5.13125e+09
      Equation: "HoleContinuityEquation"	RelError: 4.17077e-04	AbsError: 5.55902e+09
      Equation: "PotentialEquation"	RelError: 4.08973e-06	AbsError: 1.10395e-08
    Region: "oxide"	RelError: 2.39009e-08	AbsError: 1.96298e-10
      Equation: "PotentialEquation"	RelError: 2.39009e-08	AbsError: 1.96298e-10
Iteration: 3
  Device: "part1_baseline"	RelError: 6.36988e-11	AbsError: 6.64494e+02
    Region: "bulk"	RelError: 6.36978e-11	AbsError: 6.64494e+02
      Equation: "ElectronContinuityEquation"	RelError: 4.91709e-11	AbsError: 5.51749e+01
      Equation: "HoleContinuityEquation"	RelError: 1.42510e-11	AbsError: 6.09319e+02
      Equation: "PotentialEquation"	RelError: 2.75829e-13	AbsError: 5.70022e-16
    Region: "oxide"	RelError: 1.08942e-15	AbsError: 1.16803e-17
      Equation: "PotentialEquation"	RelError: 1.08942e-15	AbsError: 1.16803e-17
number of equations 7095
Iteration: 0
  Device: "part1_baseline"	RelError: 7.82500e+01	AbsError: 1.13679e+16
    Region: "bulk"	RelError: 6.73895e+01	AbsError: 1.13679e+16
      Equation: "ElectronContinuityEquation"	RelError: 4.65231e-01	AbsError: 1.11065e+16
      Equation: "HoleContinuityEquation"	RelError: 2.80326e+00	AbsError: 2.61425e+14
      Equation: "PotentialEquation"	RelError: 6.41210e+01	AbsError: 1.90806e-02
    Region: "oxide"	RelError: 1.08605e+01	AbsError: 2.00000e-02
      Equation: "PotentialEquation"	RelError: 1.08605e+01	AbsError: 2.00000e-02
Iteration: 1
  Device: "part1_baseline"	RelError: 7.74571e-01	AbsError: 6.26146e+13
    Region: "bulk"	RelError: 7.73557e-01	AbsError: 6.26146e+13
      Equation: "ElectronContinuityEquation"	RelError: 2.19763e-01	AbsError: 5.18321e+13
      Equation: "HoleContinuityEquation"	RelError: 4.50269e-01	AbsError: 1.07826e+13
      Equation: "PotentialEquation"	RelError: 1.03524e-01	AbsError: 6.86363e-05
    Region: "oxide"	RelError: 1.01433e-03	AbsError: 3.81554e-06
      Equation: "PotentialEquation"	RelError: 1.01433e-03	AbsError: 3.81554e-06
Iteration: 2
  Device: "part1_baseline"	RelError: 5.40507e-04	AbsError: 1.23424e+10
    Region: "bulk"	RelError: 5.40472e-04	AbsError: 1.23424e+10
      Equation: "ElectronContinuityEquation"	RelError: 1.68866e-04	AbsError: 7.30491e+09
      Equation: "HoleContinuityEquation"	RelError: 3.69910e-04	AbsError: 5.03752e+09
      Equation: "PotentialEquation"	RelError: 1.69540e-06	AbsError: 9.75543e-09
    Region: "oxide"	RelError: 3.45720e-08	AbsError: 2.48350e-10
      Equation: "PotentialEquation"	RelError: 3.45720e-08	AbsError: 2.48350e-10
Iteration: 3
  Device: "part1_baseline"	RelError: 6.27986e-11	AbsError: 5.64298e+02
    Region: "bulk"	RelError: 6.27967e-11	AbsError: 5.64298e+02
      Equation: "ElectronContinuityEquation"	RelError: 4.05337e-11	AbsError: 1.09769e+02
      Equation: "HoleContinuityEquation"	RelError: 2.20867e-11	AbsError: 4.54529e+02
      Equation: "PotentialEquation"	RelError: 1.76345e-13	AbsError: 4.26416e-16
    Region: "oxide"	RelError: 1.88262e-15	AbsError: 7.90118e-18
      Equation: "PotentialEquation"	RelError: 1.88262e-15	AbsError: 7.90118e-18
number of equations 7095
Iteration: 0
  Device: "part1_baseline"	RelError: 1.67513e+02	AbsError: 1.13582e+16
    Region: "bulk"	RelError: 1.32410e+02	AbsError: 1.13582e+16
      Equation: "ElectronContinuityEquation"	RelError: 4.67259e-01	AbsError: 1.10993e+16
      Equation: "HoleContinuityEquation"	RelError: 2.80640e+00	AbsError: 2.58979e+14
      Equation: "PotentialEquation"	RelError: 1.29137e+02	AbsError: 1.90862e-02
    Region: "oxide"	RelError: 3.51022e+01	AbsError: 2.00000e-02
      Equation: "PotentialEquation"	RelError: 3.51022e+01	AbsError: 2.00000e-02
Iteration: 1
  Device: "part1_baseline"	RelError: 7.05313e-01	AbsError: 7.04721e+13
    Region: "bulk"	RelError: 7.00309e-01	AbsError: 7.04721e+13
      Equation: "ElectronContinuityEquation"	RelError: 2.20324e-01	AbsError: 6.03705e+13
      Equation: "HoleContinuityEquation"	RelError: 4.50626e-01	AbsError: 1.01016e+13
      Equation: "PotentialEquation"	RelError: 2.93588e-02	AbsError: 6.34401e-05
    Region: "oxide"	RelError: 5.00426e-03	AbsError: 4.92908e-06
      Equation: "PotentialEquation"	RelError: 5.00426e-03	AbsError: 4.92908e-06
Iteration: 2
  Device: "part1_baseline"	RelError: 5.17213e-04	AbsError: 1.45608e+10
    Region: "bulk"	RelError: 5.17140e-04	AbsError: 1.45608e+10
      Equation: "ElectronContinuityEquation"	RelError: 1.65032e-04	AbsError: 1.01546e+10
      Equation: "HoleContinuityEquation"	RelError: 3.49273e-04	AbsError: 4.40622e+09
      Equation: "PotentialEquation"	RelError: 2.83503e-06	AbsError: 8.52673e-09
    Region: "oxide"	RelError: 7.30522e-08	AbsError: 3.55506e-10
      Equation: "PotentialEquation"	RelError: 7.30522e-08	AbsError: 3.55506e-10
Iteration: 3
  Device: "part1_baseline"	RelError: 6.60133e-11	AbsError: 5.34190e+02
    Region: "bulk"	RelError: 6.60038e-11	AbsError: 5.34190e+02
      Equation: "ElectronContinuityEquation"	RelError: 3.51663e-11	AbsError: 2.17170e+02
      Equation: "HoleContinuityEquation"	RelError: 3.07887e-11	AbsError: 3.17019e+02
      Equation: "PotentialEquation"	RelError: 4.88771e-14	AbsError: 3.12855e-16
    Region: "oxide"	RelError: 9.46470e-15	AbsError: 5.39142e-18
      Equation: "PotentialEquation"	RelError: 9.46470e-15	AbsError: 5.39142e-18
number of equations 7095
Iteration: 0
  Device: "part1_baseline"	RelError: 1.64259e+03	AbsError: 1.13442e+16
    Region: "bulk"	RelError: 1.64145e+03	AbsError: 1.13442e+16
      Equation: "ElectronContinuityEquation"	RelError: 4.67987e-01	AbsError: 1.10890e+16
      Equation: "HoleContinuityEquation"	RelError: 2.80921e+00	AbsError: 2.55274e+14
      Equation: "PotentialEquation"	RelError: 1.63817e+03	AbsError: 1.90913e-02
    Region: "oxide"	RelError: 1.14560e+00	AbsError: 2.00000e-02
      Equation: "PotentialEquation"	RelError: 1.14560e+00	AbsError: 2.00000e-02
Iteration: 1
  Device: "part1_baseline"	RelError: 1.47791e+00	AbsError: 8.10899e+13
    Region: "bulk"	RelError: 1.47777e+00	AbsError: 8.10899e+13
      Equation: "ElectronContinuityEquation"	RelError: 2.20376e-01	AbsError: 7.14336e+13
      Equation: "HoleContinuityEquation"	RelError: 4.50950e-01	AbsError: 9.65633e+12
      Equation: "PotentialEquation"	RelError: 8.06446e-01	AbsError: 5.93934e-05
    Region: "oxide"	RelError: 1.41672e-04	AbsError: 6.30973e-06
      Equation: "PotentialEquation"	RelError: 1.41672e-04	AbsError: 6.30973e-06
Iteration: 2
  Device: "part1_baseline"	RelError: 5.24443e-04	AbsError: 1.74908e+10
    Region: "bulk"	RelError: 5.24438e-04	AbsError: 1.74908e+10
      Equation: "ElectronContinuityEquation"	RelError: 1.64503e-04	AbsError: 1.37580e+10
      Equation: "HoleContinuityEquation"	RelError: 3.44683e-04	AbsError: 3.73282e+09
      Equation: "PotentialEquation"	RelError: 1.52528e-05	AbsError: 7.37864e-09
    Region: "oxide"	RelError: 5.15402e-09	AbsError: 5.07026e-10
      Equation: "PotentialEquation"	RelError: 5.15402e-09	AbsError: 5.07026e-10
Iteration: 3
  Device: "part1_baseline"	RelError: 7.41005e-11	AbsError: 6.29374e+02
    Region: "bulk"	RelError: 7.41003e-11	AbsError: 6.29374e+02
      Equation: "ElectronContinuityEquation"	RelError: 3.10436e-11	AbsError: 4.08363e+02
      Equation: "HoleContinuityEquation"	RelError: 4.22152e-11	AbsError: 2.21011e+02
      Equation: "PotentialEquation"	RelError: 8.41467e-13	AbsError: 2.41931e-16
    Region: "oxide"	RelError: 2.14999e-16	AbsError: 8.18540e-18
      Equation: "PotentialEquation"	RelError: 2.14999e-16	AbsError: 8.18540e-18
number of equations 7095
Iteration: 0
  Device: "part1_baseline"	RelError: 6.85064e+01	AbsError: 1.13250e+16
    Region: "bulk"	RelError: 6.79725e+01	AbsError: 1.13250e+16
      Equation: "ElectronContinuityEquation"	RelError: 4.68157e-01	AbsError: 1.10748e+16
      Equation: "HoleContinuityEquation"	RelError: 2.81170e+00	AbsError: 2.50129e+14
      Equation: "PotentialEquation"	RelError: 6.46926e+01	AbsError: 1.90957e-02
    Region: "oxide"	RelError: 5.33954e-01	AbsError: 2.00000e-02
      Equation: "PotentialEquation"	RelError: 5.33954e-01	AbsError: 2.00000e-02
Iteration: 1
  Device: "part1_baseline"	RelError: 7.87836e-01	AbsError: 9.28067e+13
    Region: "bulk"	RelError: 7.87778e-01	AbsError: 9.28067e+13
      Equation: "ElectronContinuityEquation"	RelError: 2.21350e-01	AbsError: 8.37226e+13
      Equation: "HoleContinuityEquation"	RelError: 4.51234e-01	AbsError: 9.08416e+12
      Equation: "PotentialEquation"	RelError: 1.15194e-01	AbsError: 5.59181e-05
    Region: "oxide"	RelError: 5.82023e-05	AbsError: 8.03312e-06
      Equation: "PotentialEquation"	RelError: 5.82023e-05	AbsError: 8.03312e-06
Iteration: 2
  Device: "part1_baseline"	RelError: 5.18307e-04	AbsError: 2.18945e+10
    Region: "bulk"	RelError: 5.18301e-04	AbsError: 2.18945e+10
      Equation: "ElectronContinuityEquation"	RelError: 1.67052e-04	AbsError: 1.88256e+10
      Equation: "HoleContinuityEquation"	RelError: 3.48335e-04	AbsError: 3.06883e+09
      Equation: "PotentialEquation"	RelError: 2.91437e-06	AbsError: 6.43774e-09
    Region: "oxide"	RelError: 5.87364e-09	AbsError: 7.17376e-10
      Equation: "PotentialEquation"	RelError: 5.87364e-09	AbsError: 7.17376e-10
Iteration: 3
  Device: "part1_baseline"	RelError: 8.53212e-11	AbsError: 9.17163e+02
    Region: "bulk"	RelError: 8.53210e-11	AbsError: 9.17163e+02
      Equation: "ElectronContinuityEquation"	RelError: 2.80620e-11	AbsError: 7.23089e+02
      Equation: "HoleContinuityEquation"	RelError: 5.71726e-11	AbsError: 1.94074e+02
      Equation: "PotentialEquation"	RelError: 8.63391e-14	AbsError: 2.00143e-16
    Region: "oxide"	RelError: 1.36603e-16	AbsError: 1.60602e-17
      Equation: "PotentialEquation"	RelError: 1.36603e-16	AbsError: 1.60602e-17
number of equations 7095
Iteration: 0
  Device: "part1_baseline"	RelError: 1.77446e+02	AbsError: 1.13000e+16
    Region: "bulk"	RelError: 1.77098e+02	AbsError: 1.13000e+16
      Equation: "ElectronContinuityEquation"	RelError: 4.68188e-01	AbsError: 1.10559e+16
      Equation: "HoleContinuityEquation"	RelError: 2.81390e+00	AbsError: 2.44142e+14
      Equation: "PotentialEquation"	RelError: 1.73816e+02	AbsError: 1.90996e-02
    Region: "oxide"	RelError: 3.48124e-01	AbsError: 2.00000e-02
      Equation: "PotentialEquation"	RelError: 3.48124e-01	AbsError: 2.00000e-02
Iteration: 1
  Device: "part1_baseline"	RelError: 7.42498e-01	AbsError: 1.05953e+14
    Region: "bulk"	RelError: 7.42445e-01	AbsError: 1.05953e+14
      Equation: "ElectronContinuityEquation"	RelError: 2.22481e-01	AbsError: 9.75261e+13
      Equation: "HoleContinuityEquation"	RelError: 4.51486e-01	AbsError: 8.42690e+12
      Equation: "PotentialEquation"	RelError: 6.84777e-02	AbsError: 5.25237e-05
    Region: "oxide"	RelError: 5.27684e-05	AbsError: 1.01955e-05
      Equation: "PotentialEquation"	RelError: 5.27684e-05	AbsError: 1.01955e-05
Iteration: 2
  Device: "part1_baseline"	RelError: 5.33433e-04	AbsError: 2.86351e+10
    Region: "bulk"	RelError: 5.33427e-04	AbsError: 2.86351e+10
      Equation: "ElectronContinuityEquation"	RelError: 1.72772e-04	AbsError: 2.57485e+10
      Equation: "HoleContinuityEquation"	RelError: 3.60078e-04	AbsError: 2.88655e+09
      Equation: "PotentialEquation"	RelError: 5.76303e-07	AbsError: 8.28678e-09
    Region: "oxide"	RelError: 6.88850e-09	AbsError: 1.00504e-09
      Equation: "PotentialEquation"	RelError: 6.88850e-09	AbsError: 1.00504e-09
Iteration: 3
  Device: "part1_baseline"	RelError: 1.03278e-10	AbsError: 1.46215e+03
    Region: "bulk"	RelError: 1.03278e-10	AbsError: 1.46215e+03
      Equation: "ElectronContinuityEquation"	RelError: 2.61776e-11	AbsError: 1.30062e+03
      Equation: "HoleContinuityEquation"	RelError: 7.70492e-11	AbsError: 1.61529e+02
      Equation: "PotentialEquation"	RelError: 5.09199e-14	AbsError: 2.97609e-16
    Region: "oxide"	RelError: 2.22042e-16	AbsError: 3.01567e-17
      Equation: "PotentialEquation"	RelError: 2.22042e-16	AbsError: 3.01567e-17
number of equations 7095
Iteration: 0
  Device: "part1_baseline"	RelError: 1.20645e+02	AbsError: 1.12695e+16
    Region: "bulk"	RelError: 1.20387e+02	AbsError: 1.12695e+16
      Equation: "ElectronContinuityEquation"	RelError: 4.69547e-01	AbsError: 1.10309e+16
      Equation: "HoleContinuityEquation"	RelError: 2.81586e+00	AbsError: 2.38522e+14
      Equation: "PotentialEquation"	RelError: 1.17101e+02	AbsError: 1.91031e-02
    Region: "oxide"	RelError: 2.58256e-01	AbsError: 2.00000e-02
      Equation: "PotentialEquation"	RelError: 2.58256e-01	AbsError: 2.00000e-02
Iteration: 1
  Device: "part1_baseline"	RelError: 7.11254e-01	AbsError: 1.22906e+14
    Region: "bulk"	RelError: 7.11192e-01	AbsError: 1.22906e+14
      Equation: "ElectronContinuityEquation"	RelError: 2.22770e-01	AbsError: 1.15126e+14
      Equation: "HoleContinuityEquation"	RelError: 4.51711e-01	AbsError: 7.78068e+12
      Equation: "PotentialEquation"	RelError: 3.67112e-02	AbsError: 5.10605e-05
    Region: "oxide"	RelError: 6.22416e-05	AbsError: 1.29199e-05
      Equation: "PotentialEquation"	RelError: 6.22416e-05	AbsError: 1.29199e-05
Iteration: 2
  Device: "part1_baseline"	RelError: 5.63316e-04	AbsError: 3.66804e+10
    Region: "bulk"	RelError: 5.63308e-04	AbsError: 3.66804e+10
      Equation: "ElectronContinuityEquation"	RelError: 1.81834e-04	AbsError: 3.40158e+10
      Equation: "HoleContinuityEquation"	RelError: 3.79901e-04	AbsError: 2.66453e+09
      Equation: "PotentialEquation"	RelError: 1.57383e-06	AbsError: 1.09348e-08
    Region: "oxide"	RelError: 8.05677e-09	AbsError: 1.39309e-09
      Equation: "PotentialEquation"	RelError: 8.05677e-09	AbsError: 1.39309e-09
Iteration: 3
  Device: "part1_baseline"	RelError: 1.31969e-10	AbsError: 2.46911e+03
    Region: "bulk"	RelError: 1.31968e-10	AbsError: 2.46911e+03
      Equation: "ElectronContinuityEquation"	RelError: 2.64955e-11	AbsError: 2.34124e+03
      Equation: "HoleContinuityEquation"	RelError: 1.05427e-10	AbsError: 1.27871e+02
      Equation: "PotentialEquation"	RelError: 4.56654e-14	AbsError: 5.17507e-16
    Region: "oxide"	RelError: 3.53866e-16	AbsError: 5.50304e-17
      Equation: "PotentialEquation"	RelError: 3.53866e-16	AbsError: 5.50304e-17
number of equations 7095
Iteration: 0
  Device: "part1_baseline"	RelError: 4.10401e+01	AbsError: 1.12303e+16
    Region: "bulk"	RelError: 4.08348e+01	AbsError: 1.12303e+16
      Equation: "ElectronContinuityEquation"	RelError: 4.69981e-01	AbsError: 1.09984e+16
      Equation: "HoleContinuityEquation"	RelError: 2.81761e+00	AbsError: 2.31812e+14
      Equation: "PotentialEquation"	RelError: 3.75472e+01	AbsError: 1.91062e-02
    Region: "oxide"	RelError: 2.05271e-01	AbsError: 2.00000e-02
      Equation: "PotentialEquation"	RelError: 2.05271e-01	AbsError: 2.00000e-02
Iteration: 1
  Device: "part1_baseline"	RelError: 7.01098e-01	AbsError: 1.41539e+14
    Region: "bulk"	RelError: 7.01024e-01	AbsError: 1.41539e+14
      Equation: "ElectronContinuityEquation"	RelError: 2.22697e-01	AbsError: 1.33922e+14
      Equation: "HoleContinuityEquation"	RelError: 4.51911e-01	AbsError: 7.61715e+12
      Equation: "PotentialEquation"	RelError: 2.64167e-02	AbsError: 5.94385e-05
    Region: "oxide"	RelError: 7.37441e-05	AbsError: 1.63647e-05
      Equation: "PotentialEquation"	RelError: 7.37441e-05	AbsError: 1.63647e-05
Iteration: 2
  Device: "part1_baseline"	RelError: 6.03306e-04	AbsError: 4.86207e+10
    Region: "bulk"	RelError: 6.03297e-04	AbsError: 4.86207e+10
      Equation: "ElectronContinuityEquation"	RelError: 1.94833e-04	AbsError: 4.62227e+10
      Equation: "HoleContinuityEquation"	RelError: 4.07950e-04	AbsError: 2.39801e+09
      Equation: "PotentialEquation"	RelError: 5.13140e-07	AbsError: 1.40523e-08
    Region: "oxide"	RelError: 9.30070e-09	AbsError: 1.90991e-09
      Equation: "PotentialEquation"	RelError: 9.30070e-09	AbsError: 1.90991e-09
Iteration: 3
  Device: "part1_baseline"	RelError: 1.74264e-10	AbsError: 3.95152e+03
    Region: "bulk"	RelError: 1.74264e-10	AbsError: 3.95152e+03
      Equation: "ElectronContinuityEquation"	RelError: 2.77626e-11	AbsError: 3.85516e+03
      Equation: "HoleContinuityEquation"	RelError: 1.46473e-10	AbsError: 9.63607e+01
      Equation: "PotentialEquation"	RelError: 2.79880e-14	AbsError: 8.57031e-16
    Region: "oxide"	RelError: 5.59499e-16	AbsError: 9.84315e-17
      Equation: "PotentialEquation"	RelError: 5.59499e-16	AbsError: 9.84315e-17
number of equations 7095
Iteration: 0
  Device: "part1_baseline"	RelError: 2.86537e+01	AbsError: 1.11806e+16
    Region: "bulk"	RelError: 2.84834e+01	AbsError: 1.11806e+16
      Equation: "ElectronContinuityEquation"	RelError: 4.70022e-01	AbsError: 1.09565e+16
      Equation: "HoleContinuityEquation"	RelError: 2.81917e+00	AbsError: 2.24142e+14
      Equation: "PotentialEquation"	RelError: 2.51942e+01	AbsError: 1.91090e-02
    Region: "oxide"	RelError: 1.70327e-01	AbsError: 2.00000e-02
      Equation: "PotentialEquation"	RelError: 1.70327e-01	AbsError: 2.00000e-02
Iteration: 1
  Device: "part1_baseline"	RelError: 6.89845e-01	AbsError: 1.65935e+14
    Region: "bulk"	RelError: 6.89757e-01	AbsError: 1.65935e+14
      Equation: "ElectronContinuityEquation"	RelError: 2.22462e-01	AbsError: 1.58575e+14
      Equation: "HoleContinuityEquation"	RelError: 4.52089e-01	AbsError: 7.35952e+12
      Equation: "PotentialEquation"	RelError: 1.52063e-02	AbsError: 6.92249e-05
    Region: "oxide"	RelError: 8.77766e-05	AbsError: 2.07335e-05
      Equation: "PotentialEquation"	RelError: 8.77766e-05	AbsError: 2.07335e-05
Iteration: 2
  Device: "part1_baseline"	RelError: 6.60711e-04	AbsError: 6.34338e+10
    Region: "bulk"	RelError: 6.60700e-04	AbsError: 6.34338e+10
      Equation: "ElectronContinuityEquation"	RelError: 2.11724e-04	AbsError: 6.13265e+10
      Equation: "HoleContinuityEquation"	RelError: 4.47230e-04	AbsError: 2.10725e+09
      Equation: "PotentialEquation"	RelError: 1.74624e-06	AbsError: 1.81381e-08
    Region: "oxide"	RelError: 1.09668e-08	AbsError: 2.59044e-09
      Equation: "PotentialEquation"	RelError: 1.09668e-08	AbsError: 2.59044e-09
Iteration: 3
  Device: "part1_baseline"	RelError: 2.31695e-10	AbsError: 6.91873e+03
    Region: "bulk"	RelError: 2.31694e-10	AbsError: 6.91873e+03
      Equation: "ElectronContinuityEquation"	RelError: 2.99041e-11	AbsError: 6.84969e+03
      Equation: "HoleContinuityEquation"	RelError: 2.01646e-10	AbsError: 6.90437e+01
      Equation: "PotentialEquation"	RelError: 1.44170e-13	AbsError: 1.38805e-15
    Region: "oxide"	RelError: 8.86556e-16	AbsError: 1.73868e-16
      Equation: "PotentialEquation"	RelError: 8.86556e-16	AbsError: 1.73868e-16
number of equations 7095
Iteration: 0
  Device: "part1_baseline"	RelError: 3.04923e+02	AbsError: 1.11223e+16
    Region: "bulk"	RelError: 3.04777e+02	AbsError: 1.11223e+16
      Equation: "ElectronContinuityEquation"	RelError: 4.69893e-01	AbsError: 1.09025e+16
      Equation: "HoleContinuityEquation"	RelError: 2.82055e+00	AbsError: 2.19821e+14
      Equation: "PotentialEquation"	RelError: 3.01487e+02	AbsError: 1.91114e-02
    Region: "oxide"	RelError: 1.45550e-01	AbsError: 2.00000e-02
      Equation: "PotentialEquation"	RelError: 1.45550e-01	AbsError: 2.00000e-02
Iteration: 1
  Device: "part1_baseline"	RelError: 7.93522e-01	AbsError: 1.92324e+14
    Region: "bulk"	RelError: 7.93417e-01	AbsError: 1.92324e+14
      Equation: "ElectronContinuityEquation"	RelError: 2.22959e-01	AbsError: 1.85296e+14
      Equation: "HoleContinuityEquation"	RelError: 4.52247e-01	AbsError: 7.02751e+12
      Equation: "PotentialEquation"	RelError: 1.18211e-01	AbsError: 7.97573e-05
    Region: "oxide"	RelError: 1.04963e-04	AbsError: 2.62884e-05
      Equation: "PotentialEquation"	RelError: 1.04963e-04	AbsError: 2.62884e-05
Iteration: 2
  Device: "part1_baseline"	RelError: 7.31165e-04	AbsError: 8.44225e+10
    Region: "bulk"	RelError: 7.31151e-04	AbsError: 8.44225e+10
      Equation: "ElectronContinuityEquation"	RelError: 2.33029e-04	AbsError: 8.26133e+10
      Equation: "HoleContinuityEquation"	RelError: 4.95966e-04	AbsError: 1.80921e+09
      Equation: "PotentialEquation"	RelError: 2.15594e-06	AbsError: 2.27783e-08
    Region: "oxide"	RelError: 1.38879e-08	AbsError: 3.47829e-09
      Equation: "PotentialEquation"	RelError: 1.38879e-08	AbsError: 3.47829e-09
Iteration: 3
  Device: "part1_baseline"	RelError: 6.18470e-10	AbsError: 1.12845e+04
    Region: "bulk"	RelError: 6.18468e-10	AbsError: 1.12845e+04
      Equation: "ElectronContinuityEquation"	RelError: 3.28231e-11	AbsError: 1.12274e+04
      Equation: "HoleContinuityEquation"	RelError: 5.84980e-10	AbsError: 5.71133e+01
      Equation: "PotentialEquation"	RelError: 6.64973e-13	AbsError: 2.23529e-15
    Region: "oxide"	RelError: 1.42484e-15	AbsError: 3.05725e-16
      Equation: "PotentialEquation"	RelError: 1.42484e-15	AbsError: 3.05725e-16
number of equations 7095
Iteration: 0
  Device: "part1_baseline"	RelError: 3.92317e+01	AbsError: 1.10512e+16
    Region: "bulk"	RelError: 3.91047e+01	AbsError: 1.10512e+16
      Equation: "ElectronContinuityEquation"	RelError: 4.70008e-01	AbsError: 1.08334e+16
      Equation: "HoleContinuityEquation"	RelError: 2.82175e+00	AbsError: 2.17826e+14
      Equation: "PotentialEquation"	RelError: 3.58129e+01	AbsError: 1.91136e-02
    Region: "oxide"	RelError: 1.27065e-01	AbsError: 2.00000e-02
      Equation: "PotentialEquation"	RelError: 1.27065e-01	AbsError: 2.00000e-02
Iteration: 1
  Device: "part1_baseline"	RelError: 7.13802e-01	AbsError: 2.27227e+14
    Region: "bulk"	RelError: 7.13676e-01	AbsError: 2.27227e+14
      Equation: "ElectronContinuityEquation"	RelError: 2.23153e-01	AbsError: 2.20587e+14
      Equation: "HoleContinuityEquation"	RelError: 4.52387e-01	AbsError: 6.63989e+12
      Equation: "PotentialEquation"	RelError: 3.81364e-02	AbsError: 9.24164e-05
    Region: "oxide"	RelError: 1.26073e-04	AbsError: 3.33642e-05
      Equation: "PotentialEquation"	RelError: 1.26073e-04	AbsError: 3.33642e-05
Iteration: 2
  Device: "part1_baseline"	RelError: 1.59907e-03	AbsError: 1.11132e+11
    Region: "bulk"	RelError: 1.59905e-03	AbsError: 1.11132e+11
      Equation: "ElectronContinuityEquation"	RelError: 2.59696e-04	AbsError: 1.09615e+11
      Equation: "HoleContinuityEquation"	RelError: 1.33849e-03	AbsError: 1.51708e+09
      Equation: "PotentialEquation"	RelError: 8.59895e-07	AbsError: 2.86894e-08
    Region: "oxide"	RelError: 1.74941e-08	AbsError: 4.62966e-09
      Equation: "PotentialEquation"	RelError: 1.74941e-08	AbsError: 4.62966e-09
Iteration: 3
  Device: "part1_baseline"	RelError: 2.44592e-09	AbsError: 1.96298e+04
    Region: "bulk"	RelError: 2.44592e-09	AbsError: 1.96298e+04
      Equation: "ElectronContinuityEquation"	RelError: 3.59239e-11	AbsError: 1.95763e+04
      Equation: "HoleContinuityEquation"	RelError: 2.40982e-09	AbsError: 5.34893e+01
      Equation: "PotentialEquation"	RelError: 1.74448e-13	AbsError: 3.52914e-15
    Region: "oxide"	RelError: 2.35514e-15	AbsError: 5.39606e-16
      Equation: "PotentialEquation"	RelError: 2.35514e-15	AbsError: 5.39606e-16
number of equations 7095
Iteration: 0
  Device: "part1_baseline"	RelError: 3.96537e+01	AbsError: 1.10352e+16
    Region: "bulk"	RelError: 3.95409e+01	AbsError: 1.10352e+16
      Equation: "ElectronContinuityEquation"	RelError: 4.70357e-01	AbsError: 1.08202e+16
      Equation: "HoleContinuityEquation"	RelError: 2.82279e+00	AbsError: 2.15009e+14
      Equation: "PotentialEquation"	RelError: 3.62478e+01	AbsError: 1.91154e-02
    Region: "oxide"	RelError: 1.12745e-01	AbsError: 2.00000e-02
      Equation: "PotentialEquation"	RelError: 1.12745e-01	AbsError: 2.00000e-02
Iteration: 1
  Device: "part1_baseline"	RelError: 6.99970e-01	AbsError: 2.68357e+14
    Region: "bulk"	RelError: 6.99818e-01	AbsError: 2.68357e+14
      Equation: "ElectronContinuityEquation"	RelError: 2.23010e-01	AbsError: 2.62143e+14
      Equation: "HoleContinuityEquation"	RelError: 4.52508e-01	AbsError: 6.21398e+12
      Equation: "PotentialEquation"	RelError: 2.43005e-02	AbsError: 1.06142e-04
    Region: "oxide"	RelError: 1.52046e-04	AbsError: 4.23825e-05
      Equation: "PotentialEquation"	RelError: 1.52046e-04	AbsError: 4.23825e-05
Iteration: 2
  Device: "part1_baseline"	RelError: 3.80666e-03	AbsError: 1.51925e+11
    Region: "bulk"	RelError: 3.80664e-03	AbsError: 1.51925e+11
      Equation: "ElectronContinuityEquation"	RelError: 2.92192e-04	AbsError: 1.50450e+11
      Equation: "HoleContinuityEquation"	RelError: 3.51377e-03	AbsError: 1.47469e+09
      Equation: "PotentialEquation"	RelError: 6.72247e-07	AbsError: 3.52042e-08
    Region: "oxide"	RelError: 2.19529e-08	AbsError: 6.11933e-09
      Equation: "PotentialEquation"	RelError: 2.19529e-08	AbsError: 6.11933e-09
Iteration: 3
  Device: "part1_baseline"	RelError: 8.23369e-09	AbsError: 3.12864e+04
    Region: "bulk"	RelError: 8.23369e-09	AbsError: 3.12864e+04
      Equation: "ElectronContinuityEquation"	RelError: 3.73651e-11	AbsError: 3.12376e+04
      Equation: "HoleContinuityEquation"	RelError: 8.19607e-09	AbsError: 4.88139e+01
      Equation: "PotentialEquation"	RelError: 2.53911e-13	AbsError: 5.60953e-15
    Region: "oxide"	RelError: 4.05820e-15	AbsError: 9.62821e-16
      Equation: "PotentialEquation"	RelError: 4.05820e-15	AbsError: 9.62821e-16
number of equations 7095
Iteration: 0
  Device: "part1_baseline"	RelError: 1.57222e+01	AbsError: 1.10349e+16
    Region: "bulk"	RelError: 1.56209e+01	AbsError: 1.10349e+16
      Equation: "ElectronContinuityEquation"	RelError: 4.70346e-01	AbsError: 1.08232e+16
      Equation: "HoleContinuityEquation"	RelError: 2.82364e+00	AbsError: 2.11688e+14
      Equation: "PotentialEquation"	RelError: 1.23269e+01	AbsError: 1.91170e-02
    Region: "oxide"	RelError: 1.01324e-01	AbsError: 2.00000e-02
      Equation: "PotentialEquation"	RelError: 1.01324e-01	AbsError: 2.00000e-02
Iteration: 1
  Device: "part1_baseline"	RelError: 6.78270e-01	AbsError: 3.17825e+14
    Region: "bulk"	RelError: 6.78086e-01	AbsError: 3.17825e+14
      Equation: "ElectronContinuityEquation"	RelError: 2.22704e-01	AbsError: 3.11981e+14
      Equation: "HoleContinuityEquation"	RelError: 4.52610e-01	AbsError: 5.84451e+12
      Equation: "PotentialEquation"	RelError: 2.77106e-03	AbsError: 1.22439e-04
    Region: "oxide"	RelError: 1.83981e-04	AbsError: 5.38615e-05
      Equation: "PotentialEquation"	RelError: 1.83981e-04	AbsError: 5.38615e-05
Iteration: 2
  Device: "part1_baseline"	RelError: 8.05248e-03	AbsError: 2.02966e+11
    Region: "bulk"	RelError: 8.05245e-03	AbsError: 2.02966e+11
      Equation: "ElectronContinuityEquation"	RelError: 3.31593e-04	AbsError: 2.01565e+11
      Equation: "HoleContinuityEquation"	RelError: 7.72005e-03	AbsError: 1.40043e+09
      Equation: "PotentialEquation"	RelError: 8.04881e-07	AbsError: 4.34876e-08
    Region: "oxide"	RelError: 2.74897e-08	AbsError: 8.04778e-09
      Equation: "PotentialEquation"	RelError: 2.74897e-08	AbsError: 8.04778e-09
Iteration: 3
  Device: "part1_baseline"	RelError: 2.32414e-08	AbsError: 5.64407e+04
    Region: "bulk"	RelError: 2.32414e-08	AbsError: 5.64407e+04
      Equation: "ElectronContinuityEquation"	RelError: 3.45845e-11	AbsError: 5.63963e+04
      Equation: "HoleContinuityEquation"	RelError: 2.32063e-08	AbsError: 4.43823e+01
      Equation: "PotentialEquation"	RelError: 5.43994e-13	AbsError: 8.99059e-15
    Region: "oxide"	RelError: 7.35739e-15	AbsError: 1.79098e-15
      Equation: "PotentialEquation"	RelError: 7.35739e-15	AbsError: 1.79098e-15
number of equations 7095
Iteration: 0
  Device: "part1_baseline"	RelError: 4.29501e+01	AbsError: 1.10351e+16
    Region: "bulk"	RelError: 4.28581e+01	AbsError: 1.10351e+16
      Equation: "ElectronContinuityEquation"	RelError: 4.70170e-01	AbsError: 1.08262e+16
      Equation: "HoleContinuityEquation"	RelError: 2.82427e+00	AbsError: 2.08935e+14
      Equation: "PotentialEquation"	RelError: 3.95637e+01	AbsError: 1.91181e-02
    Region: "oxide"	RelError: 9.20018e-02	AbsError: 2.00000e-02
      Equation: "PotentialEquation"	RelError: 9.20018e-02	AbsError: 2.00000e-02
Iteration: 1
  Device: "part1_baseline"	RelError: 7.24858e-01	AbsError: 3.84790e+14
    Region: "bulk"	RelError: 7.24635e-01	AbsError: 3.84790e+14
      Equation: "ElectronContinuityEquation"	RelError: 2.22300e-01	AbsError: 3.79164e+14
      Equation: "HoleContinuityEquation"	RelError: 4.52691e-01	AbsError: 5.62579e+12
      Equation: "PotentialEquation"	RelError: 4.96440e-02	AbsError: 1.41008e-04
    Region: "oxide"	RelError: 2.23098e-04	AbsError: 6.84100e-05
      Equation: "PotentialEquation"	RelError: 2.23098e-04	AbsError: 6.84100e-05
Iteration: 2
  Device: "part1_baseline"	RelError: 1.40649e-02	AbsError: 2.81326e+11
    Region: "bulk"	RelError: 1.40649e-02	AbsError: 2.81326e+11
      Equation: "ElectronContinuityEquation"	RelError: 3.79436e-04	AbsError: 2.80033e+11
      Equation: "HoleContinuityEquation"	RelError: 1.36807e-02	AbsError: 1.29304e+09
      Equation: "PotentialEquation"	RelError: 4.77578e-06	AbsError: 5.27548e-08
    Region: "oxide"	RelError: 3.43881e-08	AbsError: 1.05446e-08
      Equation: "PotentialEquation"	RelError: 3.43881e-08	AbsError: 1.05446e-08
Iteration: 3
  Device: "part1_baseline"	RelError: 5.35679e-08	AbsError: 9.48198e+04
    Region: "bulk"	RelError: 5.35679e-08	AbsError: 9.48198e+04
      Equation: "ElectronContinuityEquation"	RelError: 4.66039e-11	AbsError: 9.47783e+04
      Equation: "HoleContinuityEquation"	RelError: 5.35199e-08	AbsError: 4.14669e+01
      Equation: "PotentialEquation"	RelError: 1.38932e-12	AbsError: 1.41614e-14
    Region: "oxide"	RelError: 1.40515e-14	AbsError: 3.65259e-15
      Equation: "PotentialEquation"	RelError: 1.40515e-14	AbsError: 3.65259e-15
number of equations 7095
Iteration: 0
  Device: "part1_baseline"	RelError: 8.50897e+00	AbsError: 1.10345e+16
    Region: "bulk"	RelError: 8.42472e+00	AbsError: 1.10345e+16
      Equation: "ElectronContinuityEquation"	RelError: 4.69905e-01	AbsError: 1.08291e+16
      Equation: "HoleContinuityEquation"	RelError: 2.82460e+00	AbsError: 2.05470e+14
      Equation: "PotentialEquation"	RelError: 5.13021e+00	AbsError: 1.91187e-02
    Region: "oxide"	RelError: 8.42465e-02	AbsError: 2.00000e-02
      Equation: "PotentialEquation"	RelError: 8.42465e-02	AbsError: 2.00000e-02
Iteration: 1
  Device: "part1_baseline"	RelError: 6.82561e-01	AbsError: 4.72084e+14
    Region: "bulk"	RelError: 6.82290e-01	AbsError: 4.72084e+14
      Equation: "ElectronContinuityEquation"	RelError: 2.21808e-01	AbsError: 4.66533e+14
      Equation: "HoleContinuityEquation"	RelError: 4.52743e-01	AbsError: 5.55048e+12
      Equation: "PotentialEquation"	RelError: 7.73890e-03	AbsError: 1.61973e-04
    Region: "oxide"	RelError: 2.70610e-04	AbsError: 8.66917e-05
      Equation: "PotentialEquation"	RelError: 2.70610e-04	AbsError: 8.66917e-05
Iteration: 2
  Device: "part1_baseline"	RelError: 2.04130e-02	AbsError: 3.92011e+11
    Region: "bulk"	RelError: 2.04130e-02	AbsError: 3.92011e+11
      Equation: "ElectronContinuityEquation"	RelError: 4.37519e-04	AbsError: 3.90859e+11
      Equation: "HoleContinuityEquation"	RelError: 1.99711e-02	AbsError: 1.15188e+09
      Equation: "PotentialEquation"	RelError: 4.38442e-06	AbsError: 6.23706e-08
    Region: "oxide"	RelError: 4.65242e-08	AbsError: 1.37546e-08
      Equation: "PotentialEquation"	RelError: 4.65242e-08	AbsError: 1.37546e-08
Iteration: 3
  Device: "part1_baseline"	RelError: 1.03445e-07	AbsError: 1.57283e+05
    Region: "bulk"	RelError: 1.03445e-07	AbsError: 1.57283e+05
      Equation: "ElectronContinuityEquation"	RelError: 1.09689e-10	AbsError: 1.57243e+05
      Equation: "HoleContinuityEquation"	RelError: 1.03334e-07	AbsError: 4.00845e+01
      Equation: "PotentialEquation"	RelError: 1.62587e-12	AbsError: 2.32334e-14
    Region: "oxide"	RelError: 2.80062e-14	AbsError: 7.74015e-15
      Equation: "PotentialEquation"	RelError: 2.80062e-14	AbsError: 7.74015e-15
number of equations 7095
Iteration: 0
  Device: "part1_baseline"	RelError: 2.84180e+01	AbsError: 1.10332e+16
    Region: "bulk"	RelError: 2.83403e+01	AbsError: 1.10332e+16
      Equation: "ElectronContinuityEquation"	RelError: 4.69571e-01	AbsError: 1.08319e+16
      Equation: "HoleContinuityEquation"	RelError: 2.82447e+00	AbsError: 2.01325e+14
      Equation: "PotentialEquation"	RelError: 2.50463e+01	AbsError: 1.91185e-02
    Region: "oxide"	RelError: 7.76912e-02	AbsError: 2.00000e-02
      Equation: "PotentialEquation"	RelError: 7.76912e-02	AbsError: 2.00000e-02
Iteration: 1
  Device: "part1_baseline"	RelError: 7.04785e-01	AbsError: 5.89528e+14
    Region: "bulk"	RelError: 7.04457e-01	AbsError: 5.89528e+14
      Equation: "ElectronContinuityEquation"	RelError: 2.21206e-01	AbsError: 5.84099e+14
      Equation: "HoleContinuityEquation"	RelError: 4.52753e-01	AbsError: 5.42973e+12
      Equation: "PotentialEquation"	RelError: 3.04976e-02	AbsError: 1.87028e-04
    Region: "oxide"	RelError: 3.27473e-04	AbsError: 1.09334e-04
      Equation: "PotentialEquation"	RelError: 3.27473e-04	AbsError: 1.09334e-04
Iteration: 2
  Device: "part1_baseline"	RelError: 2.63173e-02	AbsError: 5.35790e+11
    Region: "bulk"	RelError: 2.63172e-02	AbsError: 5.35790e+11
      Equation: "ElectronContinuityEquation"	RelError: 5.07448e-04	AbsError: 5.34820e+11
      Equation: "HoleContinuityEquation"	RelError: 2.57786e-02	AbsError: 9.70281e+08
      Equation: "PotentialEquation"	RelError: 3.12130e-05	AbsError: 7.35719e-08
    Region: "oxide"	RelError: 9.53264e-08	AbsError: 2.60309e-08
      Equation: "PotentialEquation"	RelError: 9.53264e-08	AbsError: 2.60309e-08
Iteration: 3
  Device: "part1_baseline"	RelError: 1.79357e-07	AbsError: 2.76862e+05
    Region: "bulk"	RelError: 1.79357e-07	AbsError: 2.76862e+05
      Equation: "ElectronContinuityEquation"	RelError: 3.25184e-10	AbsError: 2.76823e+05
      Equation: "HoleContinuityEquation"	RelError: 1.79024e-07	AbsError: 3.87838e+01
      Equation: "PotentialEquation"	RelError: 7.97762e-12	AbsError: 3.69327e-14
    Region: "oxide"	RelError: 5.69215e-14	AbsError: 1.66604e-14
      Equation: "PotentialEquation"	RelError: 5.69215e-14	AbsError: 1.66604e-14
number of equations 7095
Iteration: 0
  Device: "part1_baseline"	RelError: 3.51298e+01	AbsError: 1.10312e+16
    Region: "bulk"	RelError: 3.50578e+01	AbsError: 1.10312e+16
      Equation: "ElectronContinuityEquation"	RelError: 4.69155e-01	AbsError: 1.08347e+16
      Equation: "HoleContinuityEquation"	RelError: 2.82353e+00	AbsError: 1.96532e+14
      Equation: "PotentialEquation"	RelError: 3.17651e+01	AbsError: 1.91170e-02
    Region: "oxide"	RelError: 7.20729e-02	AbsError: 2.00000e-02
      Equation: "PotentialEquation"	RelError: 7.20729e-02	AbsError: 2.00000e-02
Iteration: 1
  Device: "part1_baseline"	RelError: 6.84015e-01	AbsError: 7.56085e+14
    Region: "bulk"	RelError: 6.83621e-01	AbsError: 7.56085e+14
      Equation: "ElectronContinuityEquation"	RelError: 2.20439e-01	AbsError: 7.50811e+14
      Equation: "HoleContinuityEquation"	RelError: 4.52693e-01	AbsError: 5.27419e+12
      Equation: "PotentialEquation"	RelError: 1.04888e-02	AbsError: 2.15540e-04
    Region: "oxide"	RelError: 3.93963e-04	AbsError: 1.36759e-04
      Equation: "PotentialEquation"	RelError: 3.93963e-04	AbsError: 1.36759e-04
Iteration: 2
  Device: "part1_baseline"	RelError: 3.11346e-02	AbsError: 7.60947e+11
    Region: "bulk"	RelError: 3.11344e-02	AbsError: 7.60947e+11
      Equation: "ElectronContinuityEquation"	RelError: 5.91054e-04	AbsError: 7.60216e+11
      Equation: "HoleContinuityEquation"	RelError: 3.04954e-02	AbsError: 7.30986e+08
      Equation: "PotentialEquation"	RelError: 4.78959e-05	AbsError: 8.37819e-08
    Region: "oxide"	RelError: 1.79487e-07	AbsError: 5.21435e-08
      Equation: "PotentialEquation"	RelError: 1.79487e-07	AbsError: 5.21435e-08
Iteration: 3
  Device: "part1_baseline"	RelError: 2.83439e-07	AbsError: 4.43749e+05
    Region: "bulk"	RelError: 2.83439e-07	AbsError: 4.43749e+05
      Equation: "ElectronContinuityEquation"	RelError: 7.57580e-10	AbsError: 4.43702e+05
      Equation: "HoleContinuityEquation"	RelError: 2.82669e-07	AbsError: 4.78884e+01
      Equation: "PotentialEquation"	RelError: 1.30137e-11	AbsError: 6.07418e-14
    Region: "oxide"	RelError: 1.13130e-13	AbsError: 3.49415e-14
      Equation: "PotentialEquation"	RelError: 1.13130e-13	AbsError: 3.49415e-14
number of equations 7095
Iteration: 0
  Device: "part1_baseline"	RelError: 9.51093e+00	AbsError: 1.10285e+16
    Region: "bulk"	RelError: 9.44373e+00	AbsError: 1.10285e+16
      Equation: "ElectronContinuityEquation"	RelError: 4.68618e-01	AbsError: 1.08374e+16
      Equation: "HoleContinuityEquation"	RelError: 2.82115e+00	AbsError: 1.91111e+14
      Equation: "PotentialEquation"	RelError: 6.15396e+00	AbsError: 1.91135e-02
    Region: "oxide"	RelError: 6.71958e-02	AbsError: 2.00000e-02
      Equation: "PotentialEquation"	RelError: 6.71958e-02	AbsError: 2.00000e-02
Iteration: 1
  Device: "part1_baseline"	RelError: 6.80467e-01	AbsError: 1.00687e+15
    Region: "bulk"	RelError: 6.79997e-01	AbsError: 1.00687e+15
      Equation: "ElectronContinuityEquation"	RelError: 2.19402e-01	AbsError: 1.00177e+15
      Equation: "HoleContinuityEquation"	RelError: 4.52507e-01	AbsError: 5.09583e+12
      Equation: "PotentialEquation"	RelError: 8.08817e-03	AbsError: 2.46535e-04
    Region: "oxide"	RelError: 4.69074e-04	AbsError: 1.68905e-04
      Equation: "PotentialEquation"	RelError: 4.69074e-04	AbsError: 1.68905e-04
Iteration: 2
  Device: "part1_baseline"	RelError: 3.44904e-02	AbsError: 1.21783e+12
    Region: "bulk"	RelError: 3.44901e-02	AbsError: 1.21783e+12
      Equation: "ElectronContinuityEquation"	RelError: 6.88112e-04	AbsError: 1.21710e+12
      Equation: "HoleContinuityEquation"	RelError: 3.37762e-02	AbsError: 7.37791e+08
      Equation: "PotentialEquation"	RelError: 2.57700e-05	AbsError: 1.38195e-07
    Region: "oxide"	RelError: 3.13443e-07	AbsError: 9.64900e-08
      Equation: "PotentialEquation"	RelError: 3.13443e-07	AbsError: 9.64900e-08
Iteration: 3
  Device: "part1_baseline"	RelError: 4.18757e-07	AbsError: 6.37956e+05
    Region: "bulk"	RelError: 4.18757e-07	AbsError: 6.37956e+05
      Equation: "ElectronContinuityEquation"	RelError: 1.51730e-09	AbsError: 6.37763e+05
      Equation: "HoleContinuityEquation"	RelError: 4.17233e-07	AbsError: 1.93577e+02
      Equation: "PotentialEquation"	RelError: 6.29306e-12	AbsError: 1.34900e-13
    Region: "oxide"	RelError: 2.39356e-13	AbsError: 7.36832e-14
      Equation: "PotentialEquation"	RelError: 2.39356e-13	AbsError: 7.36832e-14
number of equations 7095
Iteration: 0
  Device: "part1_baseline"	RelError: 3.08762e+01	AbsError: 1.10249e+16
    Region: "bulk"	RelError: 3.08133e+01	AbsError: 1.10249e+16
      Equation: "ElectronContinuityEquation"	RelError: 4.67880e-01	AbsError: 1.08399e+16
      Equation: "HoleContinuityEquation"	RelError: 2.81663e+00	AbsError: 1.85060e+14
      Equation: "PotentialEquation"	RelError: 2.75288e+01	AbsError: 1.91067e-02
    Region: "oxide"	RelError: 6.29080e-02	AbsError: 2.00000e-02
      Equation: "PotentialEquation"	RelError: 6.29080e-02	AbsError: 2.00000e-02
Iteration: 1
  Device: "part1_baseline"	RelError: 7.07913e-01	AbsError: 1.44607e+15
    Region: "bulk"	RelError: 7.07363e-01	AbsError: 1.44607e+15
      Equation: "ElectronContinuityEquation"	RelError: 2.17913e-01	AbsError: 1.44108e+15
      Equation: "HoleContinuityEquation"	RelError: 4.52112e-01	AbsError: 4.99198e+12
      Equation: "PotentialEquation"	RelError: 3.73385e-02	AbsError: 2.80308e-04
    Region: "oxide"	RelError: 5.49814e-04	AbsError: 2.04885e-04
      Equation: "PotentialEquation"	RelError: 5.49814e-04	AbsError: 2.04885e-04
Iteration: 2
  Device: "part1_baseline"	RelError: 3.67675e-02	AbsError: 1.83768e+12
    Region: "bulk"	RelError: 3.67670e-02	AbsError: 1.83768e+12
      Equation: "ElectronContinuityEquation"	RelError: 8.15527e-04	AbsError: 1.83645e+12
      Equation: "HoleContinuityEquation"	RelError: 3.57726e-02	AbsError: 1.22760e+09
      Equation: "PotentialEquation"	RelError: 1.78809e-04	AbsError: 2.31400e-07
    Region: "oxide"	RelError: 5.12542e-07	AbsError: 1.61703e-07
      Equation: "PotentialEquation"	RelError: 5.12542e-07	AbsError: 1.61703e-07
Iteration: 3
  Device: "part1_baseline"	RelError: 5.86275e-07	AbsError: 1.18931e+06
    Region: "bulk"	RelError: 5.86274e-07	AbsError: 1.18931e+06
      Equation: "ElectronContinuityEquation"	RelError: 2.63326e-09	AbsError: 1.18897e+06
      Equation: "HoleContinuityEquation"	RelError: 5.83566e-07	AbsError: 3.44883e+02
      Equation: "PotentialEquation"	RelError: 7.50580e-11	AbsError: 3.63954e-13
    Region: "oxide"	RelError: 6.57042e-13	AbsError: 2.13534e-13
      Equation: "PotentialEquation"	RelError: 6.57042e-13	AbsError: 2.13534e-13
number of equations 7095
Iteration: 0
  Device: "part1_baseline"	RelError: 1.98207e+01	AbsError: 1.10205e+16
    Region: "bulk"	RelError: 1.97616e+01	AbsError: 1.10205e+16
      Equation: "ElectronContinuityEquation"	RelError: 4.66793e-01	AbsError: 1.08421e+16
      Equation: "HoleContinuityEquation"	RelError: 2.80814e+00	AbsError: 1.78339e+14
      Equation: "PotentialEquation"	RelError: 1.64867e+01	AbsError: 1.90927e-02
    Region: "oxide"	RelError: 5.90832e-02	AbsError: 2.00000e-02
      Equation: "PotentialEquation"	RelError: 5.90832e-02	AbsError: 2.00000e-02
Iteration: 1
  Device: "part1_baseline"	RelError: 6.94404e-01	AbsError: 2.12592e+15
    Region: "bulk"	RelError: 6.93774e-01	AbsError: 2.12592e+15
      Equation: "ElectronContinuityEquation"	RelError: 2.15655e-01	AbsError: 2.12103e+15
      Equation: "HoleContinuityEquation"	RelError: 4.51393e-01	AbsError: 4.89428e+12
      Equation: "PotentialEquation"	RelError: 2.67250e-02	AbsError: 3.14101e-04
    Region: "oxide"	RelError: 6.30629e-04	AbsError: 2.42631e-04
      Equation: "PotentialEquation"	RelError: 6.30629e-04	AbsError: 2.42631e-04
Iteration: 2
  Device: "part1_baseline"	RelError: 3.76053e-02	AbsError: 2.60763e+12
    Region: "bulk"	RelError: 3.76045e-02	AbsError: 2.60763e+12
      Equation: "ElectronContinuityEquation"	RelError: 9.53599e-04	AbsError: 2.60559e+12
      Equation: "HoleContinuityEquation"	RelError: 3.65266e-02	AbsError: 2.03810e+09
      Equation: "PotentialEquation"	RelError: 1.24299e-04	AbsError: 3.66816e-07
    Region: "oxide"	RelError: 8.09815e-07	AbsError: 2.69848e-07
      Equation: "PotentialEquation"	RelError: 8.09815e-07	AbsError: 2.69848e-07
Iteration: 3
  Device: "part1_baseline"	RelError: 7.64301e-07	AbsError: 3.30514e+06
    Region: "bulk"	RelError: 7.64299e-07	AbsError: 3.30514e+06
      Equation: "ElectronContinuityEquation"	RelError: 3.87823e-09	AbsError: 3.30278e+06
      Equation: "HoleContinuityEquation"	RelError: 7.60313e-07	AbsError: 2.36676e+03
      Equation: "PotentialEquation"	RelError: 1.07036e-10	AbsError: 1.08708e-12
    Region: "oxide"	RelError: 2.02690e-12	AbsError: 6.75409e-13
      Equation: "PotentialEquation"	RelError: 2.02690e-12	AbsError: 6.75409e-13
number of equations 7095
Iteration: 0
  Device: "part1_baseline"	RelError: 3.97077e+01	AbsError: 1.33864e+16
    Region: "bulk"	RelError: 3.96521e+01	AbsError: 1.33864e+16
      Equation: "ElectronContinuityEquation"	RelError: 4.65104e-01	AbsError: 1.32110e+16
      Equation: "HoleContinuityEquation"	RelError: 2.79173e+00	AbsError: 1.75426e+14
      Equation: "PotentialEquation"	RelError: 3.63952e+01	AbsError: 1.90648e-02
    Region: "oxide"	RelError: 5.56322e-02	AbsError: 2.00000e-02
      Equation: "PotentialEquation"	RelError: 5.56322e-02	AbsError: 2.00000e-02
Iteration: 1
  Device: "part1_baseline"	RelError: 7.03364e-01	AbsError: 3.00807e+15
    Region: "bulk"	RelError: 7.02644e-01	AbsError: 3.00807e+15
      Equation: "ElectronContinuityEquation"	RelError: 2.12122e-01	AbsError: 3.00325e+15
      Equation: "HoleContinuityEquation"	RelError: 4.49966e-01	AbsError: 4.81747e+12
      Equation: "PotentialEquation"	RelError: 4.05557e-02	AbsError: 3.70802e-04
    Region: "oxide"	RelError: 7.19480e-04	AbsError: 2.78760e-04
      Equation: "PotentialEquation"	RelError: 7.19480e-04	AbsError: 2.78760e-04
Iteration: 2
  Device: "part1_baseline"	RelError: 3.75188e-02	AbsError: 4.15823e+12
    Region: "bulk"	RelError: 3.75176e-02	AbsError: 4.15823e+12
      Equation: "ElectronContinuityEquation"	RelError: 1.07645e-03	AbsError: 4.15500e+12
      Equation: "HoleContinuityEquation"	RelError: 3.59358e-02	AbsError: 3.23097e+09
      Equation: "PotentialEquation"	RelError: 5.05373e-04	AbsError: 5.53256e-07
    Region: "oxide"	RelError: 1.19776e-06	AbsError: 4.13880e-07
      Equation: "PotentialEquation"	RelError: 1.19776e-06	AbsError: 4.13880e-07
Iteration: 3
  Device: "part1_baseline"	RelError: 9.11196e-07	AbsError: 9.45032e+06
    Region: "bulk"	RelError: 9.11190e-07	AbsError: 9.45032e+06
      Equation: "ElectronContinuityEquation"	RelError: 4.83805e-09	AbsError: 9.43871e+06
      Equation: "HoleContinuityEquation"	RelError: 9.05349e-07	AbsError: 1.16125e+04
      Equation: "PotentialEquation"	RelError: 1.00332e-09	AbsError: 3.02388e-12
    Region: "oxide"	RelError: 5.76528e-12	AbsError: 1.99217e-12
      Equation: "PotentialEquation"	RelError: 5.76528e-12	AbsError: 1.99217e-12
number of equations 7095
Iteration: 0
  Device: "part1_baseline"	RelError: 1.87069e+01	AbsError: 1.95513e+16
    Region: "bulk"	RelError: 1.86544e+01	AbsError: 1.95513e+16
      Equation: "ElectronContinuityEquation"	RelError: 4.62391e-01	AbsError: 1.93789e+16
      Equation: "HoleContinuityEquation"	RelError: 2.76100e+00	AbsError: 1.72352e+14
      Equation: "PotentialEquation"	RelError: 1.54310e+01	AbsError: 1.90211e-02
    Region: "oxide"	RelError: 5.24395e-02	AbsError: 2.00000e-02
      Equation: "PotentialEquation"	RelError: 5.24395e-02	AbsError: 2.00000e-02
Iteration: 1
  Device: "part1_baseline"	RelError: 7.47986e-01	AbsError: 4.08205e+15
    Region: "bulk"	RelError: 7.47098e-01	AbsError: 4.08205e+15
      Equation: "ElectronContinuityEquation"	RelError: 2.06573e-01	AbsError: 4.07719e+15
      Equation: "HoleContinuityEquation"	RelError: 4.47217e-01	AbsError: 4.85045e+12
      Equation: "PotentialEquation"	RelError: 9.33074e-02	AbsError: 4.54815e-04
    Region: "oxide"	RelError: 8.88619e-04	AbsError: 3.42069e-04
      Equation: "PotentialEquation"	RelError: 8.88619e-04	AbsError: 3.42069e-04
Iteration: 2
  Device: "part1_baseline"	RelError: 3.53254e-02	AbsError: 6.46806e+12
    Region: "bulk"	RelError: 3.53238e-02	AbsError: 6.46806e+12
      Equation: "ElectronContinuityEquation"	RelError: 1.14372e-03	AbsError: 6.46374e+12
      Equation: "HoleContinuityEquation"	RelError: 3.38314e-02	AbsError: 4.31894e+09
      Equation: "PotentialEquation"	RelError: 3.48711e-04	AbsError: 7.44519e-07
    Region: "oxide"	RelError: 1.58512e-06	AbsError: 5.68577e-07
      Equation: "PotentialEquation"	RelError: 1.58512e-06	AbsError: 5.68577e-07
Iteration: 3
  Device: "part1_baseline"	RelError: 9.35385e-07	AbsError: 2.10886e+07
    Region: "bulk"	RelError: 9.35374e-07	AbsError: 2.10886e+07
      Equation: "ElectronContinuityEquation"	RelError: 7.11712e-09	AbsError: 2.10582e+07
      Equation: "HoleContinuityEquation"	RelError: 9.26393e-07	AbsError: 3.04080e+04
      Equation: "PotentialEquation"	RelError: 1.86421e-09	AbsError: 6.11466e-12
    Region: "oxide"	RelError: 1.15348e-11	AbsError: 4.13748e-12
      Equation: "PotentialEquation"	RelError: 1.15348e-11	AbsError: 4.13748e-12
number of equations 7095
Iteration: 0
  Device: "part1_baseline"	RelError: 3.55741e+01	AbsError: 2.81046e+16
    Region: "bulk"	RelError: 3.55247e+01	AbsError: 2.81046e+16
      Equation: "ElectronContinuityEquation"	RelError: 4.58030e-01	AbsError: 2.79368e+16
      Equation: "HoleContinuityEquation"	RelError: 2.70609e+00	AbsError: 1.67755e+14
      Equation: "PotentialEquation"	RelError: 3.23606e+01	AbsError: 1.89527e-02
    Region: "oxide"	RelError: 4.93783e-02	AbsError: 2.00000e-02
      Equation: "PotentialEquation"	RelError: 4.93783e-02	AbsError: 2.00000e-02
Iteration: 1
  Device: "part1_baseline"	RelError: 9.57072e-01	AbsError: 5.30712e+15
    Region: "bulk"	RelError: 9.56017e-01	AbsError: 5.30712e+15
      Equation: "ElectronContinuityEquation"	RelError: 1.98128e-01	AbsError: 5.30180e+15
      Equation: "HoleContinuityEquation"	RelError: 4.42108e-01	AbsError: 5.31841e+12
      Equation: "PotentialEquation"	RelError: 3.15780e-01	AbsError: 5.49491e-04
    Region: "oxide"	RelError: 1.05519e-03	AbsError: 4.13456e-04
      Equation: "PotentialEquation"	RelError: 1.05519e-03	AbsError: 4.13456e-04
Iteration: 2
  Device: "part1_baseline"	RelError: 3.20017e-02	AbsError: 8.61602e+12
    Region: "bulk"	RelError: 3.20001e-02	AbsError: 8.61602e+12
      Equation: "ElectronContinuityEquation"	RelError: 1.11351e-03	AbsError: 8.61207e+12
      Equation: "HoleContinuityEquation"	RelError: 3.01203e-02	AbsError: 3.94819e+09
      Equation: "PotentialEquation"	RelError: 7.66262e-04	AbsError: 8.75003e-07
    Region: "oxide"	RelError: 1.68256e-06	AbsError: 6.34118e-07
      Equation: "PotentialEquation"	RelError: 1.68256e-06	AbsError: 6.34118e-07
Iteration: 3
  Device: "part1_baseline"	RelError: 8.09747e-07	AbsError: 2.70373e+07
    Region: "bulk"	RelError: 8.09737e-07	AbsError: 2.70373e+07
      Equation: "ElectronContinuityEquation"	RelError: 6.66781e-09	AbsError: 2.70090e+07
      Equation: "HoleContinuityEquation"	RelError: 7.98525e-07	AbsError: 2.83320e+04
      Equation: "PotentialEquation"	RelError: 4.54429e-09	AbsError: 5.78304e-12
    Region: "oxide"	RelError: 1.04236e-11	AbsError: 3.92841e-12
      Equation: "PotentialEquation"	RelError: 1.04236e-11	AbsError: 3.92841e-12
number of equations 7095
Iteration: 0
  Device: "part1_baseline"	RelError: 5.04443e+00	AbsError: 3.91437e+16
    Region: "bulk"	RelError: 4.99801e+00	AbsError: 3.91437e+16
      Equation: "ElectronContinuityEquation"	RelError: 4.51254e-01	AbsError: 3.89824e+16
      Equation: "HoleContinuityEquation"	RelError: 2.61764e+00	AbsError: 1.61284e+14
      Equation: "PotentialEquation"	RelError: 1.92911e+00	AbsError: 1.88598e-02
    Region: "oxide"	RelError: 4.64194e-02	AbsError: 2.00000e-02
      Equation: "PotentialEquation"	RelError: 4.64194e-02	AbsError: 2.00000e-02
Iteration: 1
  Device: "part1_baseline"	RelError: 6.79242e-01	AbsError: 6.62024e+15
    Region: "bulk"	RelError: 6.77997e-01	AbsError: 6.62024e+15
      Equation: "ElectronContinuityEquation"	RelError: 1.86158e-01	AbsError: 6.61436e+15
      Equation: "HoleContinuityEquation"	RelError: 4.33228e-01	AbsError: 5.88401e+12
      Equation: "PotentialEquation"	RelError: 5.86107e-02	AbsError: 6.45446e-04
    Region: "oxide"	RelError: 1.24499e-03	AbsError: 5.02782e-04
      Equation: "PotentialEquation"	RelError: 1.24499e-03	AbsError: 5.02782e-04
Iteration: 2
  Device: "part1_baseline"	RelError: 2.60323e-02	AbsError: 9.01530e+12
    Region: "bulk"	RelError: 2.60295e-02	AbsError: 9.01530e+12
      Equation: "ElectronContinuityEquation"	RelError: 9.81333e-04	AbsError: 9.01277e+12
      Equation: "HoleContinuityEquation"	RelError: 2.49881e-02	AbsError: 2.52863e+09
      Equation: "PotentialEquation"	RelError: 6.00689e-05	AbsError: 1.81171e-06
    Region: "oxide"	RelError: 2.79879e-06	AbsError: 1.13028e-06
      Equation: "PotentialEquation"	RelError: 2.79879e-06	AbsError: 1.13028e-06
Iteration: 3
  Device: "part1_baseline"	RelError: 5.52465e-07	AbsError: 8.74763e+07
    Region: "bulk"	RelError: 5.52432e-07	AbsError: 8.74763e+07
      Equation: "ElectronContinuityEquation"	RelError: 8.44468e-09	AbsError: 8.74590e+07
      Equation: "HoleContinuityEquation"	RelError: 5.43725e-07	AbsError: 1.73565e+04
      Equation: "PotentialEquation"	RelError: 2.62198e-10	AbsError: 2.07271e-11
    Region: "oxide"	RelError: 3.27860e-11	AbsError: 1.32405e-11
      Equation: "PotentialEquation"	RelError: 3.27860e-11	AbsError: 1.32405e-11
number of equations 7095
Iteration: 0
  Device: "part1_baseline"	RelError: 6.19589e+00	AbsError: 5.28200e+16
    Region: "bulk"	RelError: 6.15238e+00	AbsError: 5.28200e+16
      Equation: "ElectronContinuityEquation"	RelError: 4.41428e-01	AbsError: 5.26672e+16
      Equation: "HoleContinuityEquation"	RelError: 2.49341e+00	AbsError: 1.52799e+14
      Equation: "PotentialEquation"	RelError: 3.21754e+00	AbsError: 1.87438e-02
    Region: "oxide"	RelError: 4.35177e-02	AbsError: 2.00000e-02
      Equation: "PotentialEquation"	RelError: 4.35177e-02	AbsError: 2.00000e-02
Iteration: 1
  Device: "part1_baseline"	RelError: 7.05016e-01	AbsError: 7.95016e+15
    Region: "bulk"	RelError: 7.03639e-01	AbsError: 7.95016e+15
      Equation: "ElectronContinuityEquation"	RelError: 1.70927e-01	AbsError: 7.94387e+15
      Equation: "HoleContinuityEquation"	RelError: 4.20199e-01	AbsError: 6.28964e+12
      Equation: "PotentialEquation"	RelError: 1.12513e-01	AbsError: 7.23714e-04
    Region: "oxide"	RelError: 1.37668e-03	AbsError: 5.69597e-04
      Equation: "PotentialEquation"	RelError: 1.37668e-03	AbsError: 5.69597e-04
Iteration: 2
  Device: "part1_baseline"	RelError: 1.99364e-02	AbsError: 1.01389e+13
    Region: "bulk"	RelError: 1.99321e-02	AbsError: 1.01389e+13
      Equation: "ElectronContinuityEquation"	RelError: 8.01512e-04	AbsError: 1.01301e+13
      Equation: "HoleContinuityEquation"	RelError: 1.88295e-02	AbsError: 8.73231e+09
      Equation: "PotentialEquation"	RelError: 3.01055e-04	AbsError: 2.75362e-06
    Region: "oxide"	RelError: 4.32435e-06	AbsError: 1.78920e-06
      Equation: "PotentialEquation"	RelError: 4.32435e-06	AbsError: 1.78920e-06
Iteration: 3
  Device: "part1_baseline"	RelError: 3.16219e-07	AbsError: 1.75446e+08
    Region: "bulk"	RelError: 3.16135e-07	AbsError: 1.75446e+08
      Equation: "ElectronContinuityEquation"	RelError: 8.67007e-09	AbsError: 1.75381e+08
      Equation: "HoleContinuityEquation"	RelError: 3.04205e-07	AbsError: 6.48810e+04
      Equation: "PotentialEquation"	RelError: 3.25944e-09	AbsError: 5.28395e-11
    Region: "oxide"	RelError: 8.47240e-11	AbsError: 3.50545e-11
      Equation: "PotentialEquation"	RelError: 8.47240e-11	AbsError: 3.50545e-11
number of equations 7095
Iteration: 0
  Device: "part1_baseline"	RelError: 5.57640e+00	AbsError: 6.91421e+16
    Region: "bulk"	RelError: 5.53500e+00	AbsError: 6.91421e+16
      Equation: "ElectronContinuityEquation"	RelError: 4.28499e-01	AbsError: 6.89995e+16
      Equation: "HoleContinuityEquation"	RelError: 2.32715e+00	AbsError: 1.42623e+14
      Equation: "PotentialEquation"	RelError: 2.77935e+00	AbsError: 1.86148e-02
    Region: "oxide"	RelError: 4.13975e-02	AbsError: 2.00000e-02
      Equation: "PotentialEquation"	RelError: 4.13975e-02	AbsError: 2.00000e-02
Iteration: 1
  Device: "part1_baseline"	RelError: 6.50400e-01	AbsError: 9.22468e+15
    Region: "bulk"	RelError: 6.48995e-01	AbsError: 9.22468e+15
      Equation: "ElectronContinuityEquation"	RelError: 1.53918e-01	AbsError: 9.21836e+15
      Equation: "HoleContinuityEquation"	RelError: 4.01259e-01	AbsError: 6.31366e+12
      Equation: "PotentialEquation"	RelError: 9.38175e-02	AbsError: 7.46338e-04
    Region: "oxide"	RelError: 1.40432e-03	AbsError: 5.97889e-04
      Equation: "PotentialEquation"	RelError: 1.40432e-03	AbsError: 5.97889e-04
Iteration: 2
  Device: "part1_baseline"	RelError: 1.38104e-02	AbsError: 1.17668e+13
    Region: "bulk"	RelError: 1.38055e-02	AbsError: 1.17668e+13
      Equation: "ElectronContinuityEquation"	RelError: 6.40911e-04	AbsError: 1.17520e+13
      Equation: "HoleContinuityEquation"	RelError: 1.28731e-02	AbsError: 1.48441e+10
      Equation: "PotentialEquation"	RelError: 2.91425e-04	AbsError: 3.16533e-06
    Region: "oxide"	RelError: 4.95755e-06	AbsError: 2.11069e-06
      Equation: "PotentialEquation"	RelError: 4.95755e-06	AbsError: 2.11069e-06
Iteration: 3
  Device: "part1_baseline"	RelError: 1.64442e-07	AbsError: 2.34130e+08
    Region: "bulk"	RelError: 1.64325e-07	AbsError: 2.34130e+08
      Equation: "ElectronContinuityEquation"	RelError: 9.33431e-09	AbsError: 2.33906e+08
      Equation: "HoleContinuityEquation"	RelError: 1.50508e-07	AbsError: 2.24637e+05
      Equation: "PotentialEquation"	RelError: 4.48269e-09	AbsError: 7.39890e-11
    Region: "oxide"	RelError: 1.17105e-10	AbsError: 4.98576e-11
      Equation: "PotentialEquation"	RelError: 1.17105e-10	AbsError: 4.98576e-11
number of equations 7095
Iteration: 0
  Device: "part1_baseline"	RelError: 6.74757e+01	AbsError: 8.79753e+16
    Region: "bulk"	RelError: 6.74359e+01	AbsError: 8.79753e+16
      Equation: "ElectronContinuityEquation"	RelError: 4.13256e-01	AbsError: 8.78438e+16
      Equation: "HoleContinuityEquation"	RelError: 2.13072e+00	AbsError: 1.31547e+14
      Equation: "PotentialEquation"	RelError: 6.48919e+01	AbsError: 1.84830e-02
    Region: "oxide"	RelError: 3.97519e-02	AbsError: 2.00000e-02
      Equation: "PotentialEquation"	RelError: 3.97519e-02	AbsError: 2.00000e-02
Iteration: 1
  Device: "part1_baseline"	RelError: 1.96469e+00	AbsError: 1.03742e+16
    Region: "bulk"	RelError: 1.96335e+00	AbsError: 1.03742e+16
      Equation: "ElectronContinuityEquation"	RelError: 1.37206e-01	AbsError: 1.03682e+16
      Equation: "HoleContinuityEquation"	RelError: 3.76701e-01	AbsError: 5.92922e+12
      Equation: "PotentialEquation"	RelError: 1.44944e+00	AbsError: 7.12586e-04
    Region: "oxide"	RelError: 1.33922e-03	AbsError: 5.87409e-04
      Equation: "PotentialEquation"	RelError: 1.33922e-03	AbsError: 5.87409e-04
Iteration: 2
  Device: "part1_baseline"	RelError: 1.36469e-02	AbsError: 1.16253e+13
    Region: "bulk"	RelError: 1.36424e-02	AbsError: 1.16253e+13
      Equation: "ElectronContinuityEquation"	RelError: 5.21976e-04	AbsError: 1.16090e+13
      Equation: "HoleContinuityEquation"	RelError: 7.78706e-03	AbsError: 1.62612e+10
      Equation: "PotentialEquation"	RelError: 5.33340e-03	AbsError: 2.86672e-06
    Region: "oxide"	RelError: 4.42375e-06	AbsError: 1.94213e-06
      Equation: "PotentialEquation"	RelError: 4.42375e-06	AbsError: 1.94213e-06
Iteration: 3
  Device: "part1_baseline"	RelError: 1.80452e-07	AbsError: 1.83650e+08
    Region: "bulk"	RelError: 1.80360e-07	AbsError: 1.83650e+08
      Equation: "ElectronContinuityEquation"	RelError: 6.08774e-09	AbsError: 1.83392e+08
      Equation: "HoleContinuityEquation"	RelError: 8.02679e-08	AbsError: 2.57589e+05
      Equation: "PotentialEquation"	RelError: 9.40048e-08	AbsError: 6.01721e-11
    Region: "oxide"	RelError: 9.17324e-11	AbsError: 4.03672e-11
      Equation: "PotentialEquation"	RelError: 9.17324e-11	AbsError: 4.03672e-11
number of equations 7095
Iteration: 0
  Device: "part1_baseline"	RelError: 3.65458e+01	AbsError: 1.09049e+17
    Region: "bulk"	RelError: 3.65075e+01	AbsError: 1.09049e+17
      Equation: "ElectronContinuityEquation"	RelError: 3.97050e-01	AbsError: 1.08928e+17
      Equation: "HoleContinuityEquation"	RelError: 1.92323e+00	AbsError: 1.20519e+14
      Equation: "PotentialEquation"	RelError: 3.41872e+01	AbsError: 1.83357e-02
    Region: "oxide"	RelError: 3.82321e-02	AbsError: 2.00000e-02
      Equation: "PotentialEquation"	RelError: 3.82321e-02	AbsError: 2.00000e-02
Iteration: 1
  Device: "part1_baseline"	RelError: 4.50182e+00	AbsError: 1.13382e+16
    Region: "bulk"	RelError: 4.50061e+00	AbsError: 1.13382e+16
      Equation: "ElectronContinuityEquation"	RelError: 1.22358e-01	AbsError: 1.13329e+16
      Equation: "HoleContinuityEquation"	RelError: 3.48144e-01	AbsError: 5.27098e+12
      Equation: "PotentialEquation"	RelError: 4.03011e+00	AbsError: 6.41589e-04
    Region: "oxide"	RelError: 1.20633e-03	AbsError: 5.44691e-04
      Equation: "PotentialEquation"	RelError: 1.20633e-03	AbsError: 5.44691e-04
Iteration: 2
  Device: "part1_baseline"	RelError: 1.56966e-02	AbsError: 9.66687e+12
    Region: "bulk"	RelError: 1.56934e-02	AbsError: 9.66687e+12
      Equation: "ElectronContinuityEquation"	RelError: 4.32871e-04	AbsError: 9.65316e+12
      Equation: "HoleContinuityEquation"	RelError: 5.09574e-03	AbsError: 1.37118e+10
      Equation: "PotentialEquation"	RelError: 1.01648e-02	AbsError: 2.17726e-06
    Region: "oxide"	RelError: 3.28125e-06	AbsError: 1.48722e-06
      Equation: "PotentialEquation"	RelError: 3.28125e-06	AbsError: 1.48722e-06
Iteration: 3
  Device: "part1_baseline"	RelError: 1.69551e-07	AbsError: 9.71123e+07
    Region: "bulk"	RelError: 1.69503e-07	AbsError: 9.71123e+07
      Equation: "ElectronContinuityEquation"	RelError: 3.95829e-09	AbsError: 9.69505e+07
      Equation: "HoleContinuityEquation"	RelError: 4.64792e-08	AbsError: 1.61825e+05
      Equation: "PotentialEquation"	RelError: 1.19065e-07	AbsError: 3.30729e-11
    Region: "oxide"	RelError: 4.84490e-11	AbsError: 2.20694e-11
      Equation: "PotentialEquation"	RelError: 4.84490e-11	AbsError: 2.20694e-11
number of equations 7095
Iteration: 0
  Device: "part1_baseline"	RelError: 1.29346e+01	AbsError: 1.31976e+17
    Region: "bulk"	RelError: 1.28978e+01	AbsError: 1.31976e+17
      Equation: "ElectronContinuityEquation"	RelError: 3.81180e-01	AbsError: 1.31866e+17
      Equation: "HoleContinuityEquation"	RelError: 1.72202e+00	AbsError: 1.10290e+14
      Equation: "PotentialEquation"	RelError: 1.07946e+01	AbsError: 1.82041e-02
    Region: "oxide"	RelError: 3.68242e-02	AbsError: 2.00000e-02
      Equation: "PotentialEquation"	RelError: 3.68242e-02	AbsError: 2.00000e-02
Iteration: 1
  Device: "part1_baseline"	RelError: 9.38934e-01	AbsError: 1.20741e+16
    Region: "bulk"	RelError: 9.37885e-01	AbsError: 1.20741e+16
      Equation: "ElectronContinuityEquation"	RelError: 1.09964e-01	AbsError: 1.20695e+16
      Equation: "HoleContinuityEquation"	RelError: 3.17775e-01	AbsError: 4.66192e+12
      Equation: "PotentialEquation"	RelError: 5.10146e-01	AbsError: 5.57118e-04
    Region: "oxide"	RelError: 1.04891e-03	AbsError: 4.85889e-04
      Equation: "PotentialEquation"	RelError: 1.04891e-03	AbsError: 4.85889e-04
Iteration: 2
  Device: "part1_baseline"	RelError: 4.77523e-03	AbsError: 7.14433e+12
    Region: "bulk"	RelError: 4.77307e-03	AbsError: 7.14433e+12
      Equation: "ElectronContinuityEquation"	RelError: 3.60976e-04	AbsError: 7.13439e+12
      Equation: "HoleContinuityEquation"	RelError: 3.16628e-03	AbsError: 9.94298e+09
      Equation: "PotentialEquation"	RelError: 1.24581e-03	AbsError: 1.48971e-06
    Region: "oxide"	RelError: 2.16487e-06	AbsError: 1.01397e-06
      Equation: "PotentialEquation"	RelError: 2.16487e-06	AbsError: 1.01397e-06
Iteration: 3
  Device: "part1_baseline"	RelError: 3.98297e-08	AbsError: 4.07581e+07
    Region: "bulk"	RelError: 3.98104e-08	AbsError: 4.07581e+07
      Equation: "ElectronContinuityEquation"	RelError: 2.56713e-09	AbsError: 4.06862e+07
      Equation: "HoleContinuityEquation"	RelError: 2.73267e-08	AbsError: 7.18613e+04
      Equation: "PotentialEquation"	RelError: 9.91652e-09	AbsError: 1.39413e-11
    Region: "oxide"	RelError: 1.93751e-11	AbsError: 9.14219e-12
      Equation: "PotentialEquation"	RelError: 1.93751e-11	AbsError: 9.14219e-12
number of equations 7095
Iteration: 0
  Device: "part1_baseline"	RelError: 3.58061e+01	AbsError: 1.56293e+17
    Region: "bulk"	RelError: 3.57706e+01	AbsError: 1.56293e+17
      Equation: "ElectronContinuityEquation"	RelError: 3.66494e-01	AbsError: 1.56191e+17
      Equation: "HoleContinuityEquation"	RelError: 1.53735e+00	AbsError: 1.01417e+14
      Equation: "PotentialEquation"	RelError: 3.38668e+01	AbsError: 1.80802e-02
    Region: "oxide"	RelError: 3.55163e-02	AbsError: 2.00000e-02
      Equation: "PotentialEquation"	RelError: 3.55163e-02	AbsError: 2.00000e-02
Iteration: 1
  Device: "part1_baseline"	RelError: 9.36830e-01	AbsError: 1.25616e+16
    Region: "bulk"	RelError: 9.35934e-01	AbsError: 1.25616e+16
      Equation: "ElectronContinuityEquation"	RelError: 9.98965e-02	AbsError: 1.25576e+16
      Equation: "HoleContinuityEquation"	RelError: 2.87494e-01	AbsError: 4.04180e+12
      Equation: "PotentialEquation"	RelError: 5.48543e-01	AbsError: 4.75380e-04
    Region: "oxide"	RelError: 8.96593e-04	AbsError: 4.27438e-04
      Equation: "PotentialEquation"	RelError: 8.96593e-04	AbsError: 4.27438e-04
Iteration: 2
  Device: "part1_baseline"	RelError: 3.55641e-03	AbsError: 4.94914e+12
    Region: "bulk"	RelError: 3.55507e-03	AbsError: 4.94914e+12
      Equation: "ElectronContinuityEquation"	RelError: 3.01384e-04	AbsError: 4.94246e+12
      Equation: "HoleContinuityEquation"	RelError: 2.13364e-03	AbsError: 6.67674e+09
      Equation: "PotentialEquation"	RelError: 1.12005e-03	AbsError: 9.63859e-07
    Region: "oxide"	RelError: 1.34282e-06	AbsError: 6.50584e-07
      Equation: "PotentialEquation"	RelError: 1.34282e-06	AbsError: 6.50584e-07
Iteration: 3
  Device: "part1_baseline"	RelError: 2.39696e-08	AbsError: 1.48634e+07
    Region: "bulk"	RelError: 2.39630e-08	AbsError: 1.48634e+07
      Equation: "ElectronContinuityEquation"	RelError: 1.38778e-09	AbsError: 1.48369e+07
      Equation: "HoleContinuityEquation"	RelError: 1.74647e-08	AbsError: 2.64369e+04
      Equation: "PotentialEquation"	RelError: 5.11055e-09	AbsError: 5.16464e-12
    Region: "oxide"	RelError: 6.64503e-12	AbsError: 3.25089e-12
      Equation: "PotentialEquation"	RelError: 6.64503e-12	AbsError: 3.25089e-12
number of equations 7095
Iteration: 0
  Device: "part1_baseline"	RelError: 4.85004e+00	AbsError: 1.81501e+17
    Region: "bulk"	RelError: 4.81574e+00	AbsError: 1.81501e+17
      Equation: "ElectronContinuityEquation"	RelError: 3.53343e-01	AbsError: 1.81408e+17
      Equation: "HoleContinuityEquation"	RelError: 1.37283e+00	AbsError: 9.37573e+13
      Equation: "PotentialEquation"	RelError: 3.08956e+00	AbsError: 1.79470e-02
    Region: "oxide"	RelError: 3.42982e-02	AbsError: 2.00000e-02
      Equation: "PotentialEquation"	RelError: 3.42982e-02	AbsError: 2.00000e-02
Iteration: 1
  Device: "part1_baseline"	RelError: 4.93265e-01	AbsError: 1.28023e+16
    Region: "bulk"	RelError: 4.92501e-01	AbsError: 1.28023e+16
      Equation: "ElectronContinuityEquation"	RelError: 9.17430e-02	AbsError: 1.27989e+16
      Equation: "HoleContinuityEquation"	RelError: 2.58538e-01	AbsError: 3.45406e+12
      Equation: "PotentialEquation"	RelError: 1.42220e-01	AbsError: 4.05430e-04
    Region: "oxide"	RelError: 7.63710e-04	AbsError: 3.72527e-04
      Equation: "PotentialEquation"	RelError: 7.63710e-04	AbsError: 3.72527e-04
Iteration: 2
  Device: "part1_baseline"	RelError: 1.82305e-03	AbsError: 3.58542e+12
    Region: "bulk"	RelError: 1.82223e-03	AbsError: 3.58542e+12
      Equation: "ElectronContinuityEquation"	RelError: 2.52426e-04	AbsError: 3.58106e+12
      Equation: "HoleContinuityEquation"	RelError: 1.35728e-03	AbsError: 4.35751e+09
      Equation: "PotentialEquation"	RelError: 2.12522e-04	AbsError: 6.14942e-07
    Region: "oxide"	RelError: 8.14675e-07	AbsError: 4.08783e-07
      Equation: "PotentialEquation"	RelError: 8.14675e-07	AbsError: 4.08783e-07
Iteration: 3
  Device: "part1_baseline"	RelError: 1.29917e-08	AbsError: 5.08706e+06
    Region: "bulk"	RelError: 1.29896e-08	AbsError: 5.08706e+06
      Equation: "ElectronContinuityEquation"	RelError: 7.02774e-10	AbsError: 5.07814e+06
      Equation: "HoleContinuityEquation"	RelError: 1.19123e-08	AbsError: 8.91761e+03
      Equation: "PotentialEquation"	RelError: 3.74518e-10	AbsError: 1.85774e-12
    Region: "oxide"	RelError: 2.10824e-12	AbsError: 1.07754e-12
      Equation: "PotentialEquation"	RelError: 2.10824e-12	AbsError: 1.07754e-12
number of equations 7095
Iteration: 0
  Device: "part1_baseline"	RelError: 3.85134e+00	AbsError: 2.07114e+17
    Region: "bulk"	RelError: 3.81818e+00	AbsError: 2.07114e+17
      Equation: "ElectronContinuityEquation"	RelError: 3.41747e-01	AbsError: 2.07027e+17
      Equation: "HoleContinuityEquation"	RelError: 1.22802e+00	AbsError: 8.72344e+13
      Equation: "PotentialEquation"	RelError: 2.24842e+00	AbsError: 1.78068e-02
    Region: "oxide"	RelError: 3.31608e-02	AbsError: 2.00000e-02
      Equation: "PotentialEquation"	RelError: 3.31608e-02	AbsError: 2.00000e-02
Iteration: 1
  Device: "part1_baseline"	RelError: 3.71209e-01	AbsError: 1.28159e+16
    Region: "bulk"	RelError: 3.70558e-01	AbsError: 1.28159e+16
      Equation: "ElectronContinuityEquation"	RelError: 8.50684e-02	AbsError: 1.28130e+16
      Equation: "HoleContinuityEquation"	RelError: 2.31536e-01	AbsError: 2.93724e+12
      Equation: "PotentialEquation"	RelError: 5.39537e-02	AbsError: 3.46769e-04
    Region: "oxide"	RelError: 6.50660e-04	AbsError: 3.25442e-04
      Equation: "PotentialEquation"	RelError: 6.50660e-04	AbsError: 3.25442e-04
Iteration: 2
  Device: "part1_baseline"	RelError: 1.21533e-03	AbsError: 3.87717e+12
    Region: "bulk"	RelError: 1.21484e-03	AbsError: 3.87717e+12
      Equation: "ElectronContinuityEquation"	RelError: 2.12718e-04	AbsError: 3.87433e+12
      Equation: "HoleContinuityEquation"	RelError: 9.33721e-04	AbsError: 2.84915e+09
      Equation: "PotentialEquation"	RelError: 6.83984e-05	AbsError: 4.00314e-07
    Region: "oxide"	RelError: 4.96397e-07	AbsError: 2.58353e-07
      Equation: "PotentialEquation"	RelError: 4.96397e-07	AbsError: 2.58353e-07
Iteration: 3
  Device: "part1_baseline"	RelError: 8.40652e-09	AbsError: 1.77813e+06
    Region: "bulk"	RelError: 8.40587e-09	AbsError: 1.77813e+06
      Equation: "ElectronContinuityEquation"	RelError: 3.51785e-10	AbsError: 1.77500e+06
      Equation: "HoleContinuityEquation"	RelError: 7.95759e-09	AbsError: 3.13145e+03
      Equation: "PotentialEquation"	RelError: 9.64956e-11	AbsError: 6.76005e-13
    Region: "oxide"	RelError: 6.49845e-13	AbsError: 3.48772e-13
      Equation: "PotentialEquation"	RelError: 6.49845e-13	AbsError: 3.48772e-13
number of equations 7095
Iteration: 0
  Device: "part1_baseline"	RelError: 4.35671e+00	AbsError: 2.32686e+17
    Region: "bulk"	RelError: 4.32462e+00	AbsError: 2.32686e+17
      Equation: "ElectronContinuityEquation"	RelError: 3.31555e-01	AbsError: 2.32604e+17
      Equation: "HoleContinuityEquation"	RelError: 1.11166e+00	AbsError: 8.17053e+13
      Equation: "PotentialEquation"	RelError: 2.88140e+00	AbsError: 1.77147e-02
    Region: "oxide"	RelError: 3.20965e-02	AbsError: 2.00000e-02
      Equation: "PotentialEquation"	RelError: 3.20965e-02	AbsError: 2.00000e-02
Iteration: 1
  Device: "part1_baseline"	RelError: 3.68593e-01	AbsError: 1.26341e+16
    Region: "bulk"	RelError: 3.68036e-01	AbsError: 1.26341e+16
      Equation: "ElectronContinuityEquation"	RelError: 7.95108e-02	AbsError: 1.26316e+16
      Equation: "HoleContinuityEquation"	RelError: 2.06670e-01	AbsError: 2.49975e+12
      Equation: "PotentialEquation"	RelError: 8.18550e-02	AbsError: 2.99887e-04
    Region: "oxide"	RelError: 5.56592e-04	AbsError: 2.85383e-04
      Equation: "PotentialEquation"	RelError: 5.56592e-04	AbsError: 2.85383e-04
Iteration: 2
  Device: "part1_baseline"	RelError: 9.02195e-04	AbsError: 3.85886e+12
    Region: "bulk"	RelError: 9.01886e-04	AbsError: 3.85886e+12
      Equation: "ElectronContinuityEquation"	RelError: 1.80692e-04	AbsError: 3.85696e+12
      Equation: "HoleContinuityEquation"	RelError: 6.43278e-04	AbsError: 1.90033e+09
      Equation: "PotentialEquation"	RelError: 7.79160e-05	AbsError: 2.72879e-07
    Region: "oxide"	RelError: 3.09069e-07	AbsError: 1.67151e-07
      Equation: "PotentialEquation"	RelError: 3.09069e-07	AbsError: 1.67151e-07
Iteration: 3
  Device: "part1_baseline"	RelError: 5.41434e-09	AbsError: 1.22889e+06
    Region: "bulk"	RelError: 5.41415e-09	AbsError: 1.22889e+06
      Equation: "ElectronContinuityEquation"	RelError: 1.79235e-10	AbsError: 1.22780e+06
      Equation: "HoleContinuityEquation"	RelError: 5.21018e-09	AbsError: 1.08981e+03
      Equation: "PotentialEquation"	RelError: 2.47347e-11	AbsError: 2.71959e-13
    Region: "oxide"	RelError: 1.93596e-13	AbsError: 1.08583e-13
      Equation: "PotentialEquation"	RelError: 1.93596e-13	AbsError: 1.08583e-13
number of equations 7095
Iteration: 0
  Device: "part1_baseline"	RelError: 9.73565e+00	AbsError: 2.57839e+17
    Region: "bulk"	RelError: 9.70455e+00	AbsError: 2.57839e+17
      Equation: "ElectronContinuityEquation"	RelError: 3.22559e-01	AbsError: 2.57762e+17
      Equation: "HoleContinuityEquation"	RelError: 1.02120e+00	AbsError: 7.70146e+13
      Equation: "PotentialEquation"	RelError: 8.36079e+00	AbsError: 1.76197e-02
    Region: "oxide"	RelError: 3.10983e-02	AbsError: 2.00000e-02
      Equation: "PotentialEquation"	RelError: 3.10983e-02	AbsError: 2.00000e-02
Iteration: 1
  Device: "part1_baseline"	RelError: 4.88049e-01	AbsError: 1.23046e+16
    Region: "bulk"	RelError: 4.87570e-01	AbsError: 1.23046e+16
      Equation: "ElectronContinuityEquation"	RelError: 7.47957e-02	AbsError: 1.23025e+16
      Equation: "HoleContinuityEquation"	RelError: 1.87873e-01	AbsError: 2.13628e+12
      Equation: "PotentialEquation"	RelError: 2.24901e-01	AbsError: 2.63129e-04
    Region: "oxide"	RelError: 4.79132e-04	AbsError: 2.51893e-04
      Equation: "PotentialEquation"	RelError: 4.79132e-04	AbsError: 2.51893e-04
Iteration: 2
  Device: "part1_baseline"	RelError: 8.24719e-04	AbsError: 3.63196e+12
    Region: "bulk"	RelError: 8.24520e-04	AbsError: 3.63196e+12
      Equation: "ElectronContinuityEquation"	RelError: 1.54817e-04	AbsError: 3.63064e+12
      Equation: "HoleContinuityEquation"	RelError: 4.84672e-04	AbsError: 1.32557e+09
      Equation: "PotentialEquation"	RelError: 1.85031e-04	AbsError: 1.96249e-07
    Region: "oxide"	RelError: 1.98914e-07	AbsError: 1.12342e-07
      Equation: "PotentialEquation"	RelError: 1.98914e-07	AbsError: 1.12342e-07
Iteration: 3
  Device: "part1_baseline"	RelError: 3.51763e-09	AbsError: 8.18640e+05
    Region: "bulk"	RelError: 3.51758e-09	AbsError: 8.18640e+05
      Equation: "ElectronContinuityEquation"	RelError: 9.42780e-11	AbsError: 8.18262e+05
      Equation: "HoleContinuityEquation"	RelError: 3.36695e-09	AbsError: 3.78671e+02
      Equation: "PotentialEquation"	RelError: 5.63502e-11	AbsError: 1.22251e-13
    Region: "oxide"	RelError: 5.21782e-14	AbsError: 3.06720e-14
      Equation: "PotentialEquation"	RelError: 5.21782e-14	AbsError: 3.06720e-14
number of equations 7095
Iteration: 0
  Device: "part1_baseline"	RelError: 3.08276e+00	AbsError: 2.82271e+17
    Region: "bulk"	RelError: 3.05260e+00	AbsError: 2.82271e+17
      Equation: "ElectronContinuityEquation"	RelError: 3.14553e-01	AbsError: 2.82198e+17
      Equation: "HoleContinuityEquation"	RelError: 9.43769e-01	AbsError: 7.30190e+13
      Equation: "PotentialEquation"	RelError: 1.79428e+00	AbsError: 1.75217e-02
    Region: "oxide"	RelError: 3.01604e-02	AbsError: 2.00000e-02
      Equation: "PotentialEquation"	RelError: 3.01604e-02	AbsError: 2.00000e-02
Iteration: 1
  Device: "part1_baseline"	RelError: 2.81614e-01	AbsError: 1.18607e+16
    Region: "bulk"	RelError: 2.81199e-01	AbsError: 1.18607e+16
      Equation: "ElectronContinuityEquation"	RelError: 7.07217e-02	AbsError: 1.18588e+16
      Equation: "HoleContinuityEquation"	RelError: 1.71441e-01	AbsError: 1.83680e+12
      Equation: "PotentialEquation"	RelError: 3.90361e-02	AbsError: 2.34075e-04
    Region: "oxide"	RelError: 4.15102e-04	AbsError: 2.24279e-04
      Equation: "PotentialEquation"	RelError: 4.15102e-04	AbsError: 2.24279e-04
Iteration: 2
  Device: "part1_baseline"	RelError: 5.81809e-04	AbsError: 3.28469e+12
    Region: "bulk"	RelError: 5.81675e-04	AbsError: 3.28469e+12
      Equation: "ElectronContinuityEquation"	RelError: 1.33774e-04	AbsError: 3.28373e+12
      Equation: "HoleContinuityEquation"	RelError: 4.20147e-04	AbsError: 9.63610e+08
      Equation: "PotentialEquation"	RelError: 2.77548e-05	AbsError: 1.48421e-07
    Region: "oxide"	RelError: 1.33486e-07	AbsError: 7.89531e-08
      Equation: "PotentialEquation"	RelError: 1.33486e-07	AbsError: 7.89531e-08
Iteration: 3
  Device: "part1_baseline"	RelError: 2.23600e-09	AbsError: 5.33316e+05
    Region: "bulk"	RelError: 2.23597e-09	AbsError: 5.33316e+05
      Equation: "ElectronContinuityEquation"	RelError: 5.09747e-11	AbsError: 5.33184e+05
      Equation: "HoleContinuityEquation"	RelError: 2.18221e-09	AbsError: 1.32355e+02
      Equation: "PotentialEquation"	RelError: 2.79147e-12	AbsError: 6.20731e-14
    Region: "oxide"	RelError: 2.61478e-14	AbsError: 1.42775e-14
      Equation: "PotentialEquation"	RelError: 2.61478e-14	AbsError: 1.42775e-14
number of equations 7095
Iteration: 0
  Device: "part1_baseline"	RelError: 3.75496e+00	AbsError: 3.05756e+17
    Region: "bulk"	RelError: 3.72568e+00	AbsError: 3.05756e+17
      Equation: "ElectronContinuityEquation"	RelError: 3.07352e-01	AbsError: 3.05687e+17
      Equation: "HoleContinuityEquation"	RelError: 8.76740e-01	AbsError: 6.95953e+13
      Equation: "PotentialEquation"	RelError: 2.54159e+00	AbsError: 1.74207e-02
    Region: "oxide"	RelError: 2.92774e-02	AbsError: 2.00000e-02
      Equation: "PotentialEquation"	RelError: 2.92774e-02	AbsError: 2.00000e-02
Iteration: 1
  Device: "part1_baseline"	RelError: 2.76846e-01	AbsError: 1.13286e+16
    Region: "bulk"	RelError: 2.76485e-01	AbsError: 1.13286e+16
      Equation: "ElectronContinuityEquation"	RelError: 6.71430e-02	AbsError: 1.13270e+16
      Equation: "HoleContinuityEquation"	RelError: 1.56987e-01	AbsError: 1.59064e+12
      Equation: "PotentialEquation"	RelError: 5.23553e-02	AbsError: 2.11059e-04
    Region: "oxide"	RelError: 3.61506e-04	AbsError: 2.01687e-04
      Equation: "PotentialEquation"	RelError: 3.61506e-04	AbsError: 2.01687e-04
Iteration: 2
  Device: "part1_baseline"	RelError: 5.18321e-04	AbsError: 2.88489e+12
    Region: "bulk"	RelError: 5.18227e-04	AbsError: 2.88489e+12
      Equation: "ElectronContinuityEquation"	RelError: 1.16506e-04	AbsError: 2.88417e+12
      Equation: "HoleContinuityEquation"	RelError: 3.68972e-04	AbsError: 7.20722e+08
      Equation: "PotentialEquation"	RelError: 3.27496e-05	AbsError: 1.15855e-07
    Region: "oxide"	RelError: 9.41486e-08	AbsError: 5.79808e-08
      Equation: "PotentialEquation"	RelError: 9.41486e-08	AbsError: 5.79808e-08
Iteration: 3
  Device: "part1_baseline"	RelError: 1.47839e-09	AbsError: 3.55817e+05
    Region: "bulk"	RelError: 1.47837e-09	AbsError: 3.55817e+05
      Equation: "ElectronContinuityEquation"	RelError: 3.05667e-11	AbsError: 3.55760e+05
      Equation: "HoleContinuityEquation"	RelError: 1.44610e-09	AbsError: 5.68799e+01
      Equation: "PotentialEquation"	RelError: 1.70674e-12	AbsError: 3.41484e-14
    Region: "oxide"	RelError: 2.07710e-14	AbsError: 1.19679e-14
      Equation: "PotentialEquation"	RelError: 2.07710e-14	AbsError: 1.19679e-14
number of equations 7095
Iteration: 0
  Device: "part1_baseline"	RelError: 1.69058e+01	AbsError: 3.28140e+17
    Region: "bulk"	RelError: 1.68773e+01	AbsError: 3.28140e+17
      Equation: "ElectronContinuityEquation"	RelError: 3.00805e-01	AbsError: 3.28073e+17
      Equation: "HoleContinuityEquation"	RelError: 8.17955e-01	AbsError: 6.66410e+13
      Equation: "PotentialEquation"	RelError: 1.57586e+01	AbsError: 1.73163e-02
    Region: "oxide"	RelError: 2.84446e-02	AbsError: 2.00000e-02
      Equation: "PotentialEquation"	RelError: 2.84446e-02	AbsError: 2.00000e-02
Iteration: 1
  Device: "part1_baseline"	RelError: 4.14833e-01	AbsError: 1.07414e+16
    Region: "bulk"	RelError: 4.14516e-01	AbsError: 1.07414e+16
      Equation: "ElectronContinuityEquation"	RelError: 6.39535e-02	AbsError: 1.07400e+16
      Equation: "HoleContinuityEquation"	RelError: 1.44197e-01	AbsError: 1.38813e+12
      Equation: "PotentialEquation"	RelError: 2.06366e-01	AbsError: 1.92865e-04
    Region: "oxide"	RelError: 3.16933e-04	AbsError: 1.83297e-04
      Equation: "PotentialEquation"	RelError: 3.16933e-04	AbsError: 1.83297e-04
Iteration: 2
  Device: "part1_baseline"	RelError: 5.24989e-04	AbsError: 2.47943e+12
    Region: "bulk"	RelError: 5.24919e-04	AbsError: 2.47943e+12
      Equation: "ElectronContinuityEquation"	RelError: 1.02195e-04	AbsError: 2.47887e+12
      Equation: "HoleContinuityEquation"	RelError: 3.24212e-04	AbsError: 5.53254e+08
      Equation: "PotentialEquation"	RelError: 9.85121e-05	AbsError: 9.57064e-08
    Region: "oxide"	RelError: 6.99915e-08	AbsError: 4.53049e-08
      Equation: "PotentialEquation"	RelError: 6.99915e-08	AbsError: 4.53049e-08
Iteration: 3
  Device: "part1_baseline"	RelError: 1.00853e-09	AbsError: 2.62287e+05
    Region: "bulk"	RelError: 1.00851e-09	AbsError: 2.62287e+05
      Equation: "ElectronContinuityEquation"	RelError: 1.87291e-11	AbsError: 2.62260e+05
      Equation: "HoleContinuityEquation"	RelError: 9.81539e-10	AbsError: 2.70146e+01
      Equation: "PotentialEquation"	RelError: 8.24202e-12	AbsError: 2.16489e-14
    Region: "oxide"	RelError: 1.56559e-14	AbsError: 9.38808e-15
      Equation: "PotentialEquation"	RelError: 1.56559e-14	AbsError: 9.38808e-15
number of equations 7095
Iteration: 0
  Device: "part1_baseline"	RelError: 4.83576e+00	AbsError: 3.49328e+17
    Region: "bulk"	RelError: 4.80810e+00	AbsError: 3.49328e+17
      Equation: "ElectronContinuityEquation"	RelError: 2.94790e-01	AbsError: 3.49264e+17
      Equation: "HoleContinuityEquation"	RelError: 7.65619e-01	AbsError: 6.40727e+13
      Equation: "PotentialEquation"	RelError: 3.74770e+00	AbsError: 1.72083e-02
    Region: "oxide"	RelError: 2.76579e-02	AbsError: 2.00000e-02
      Equation: "PotentialEquation"	RelError: 2.76579e-02	AbsError: 2.00000e-02
Iteration: 1
  Device: "part1_baseline"	RelError: 2.44576e-01	AbsError: 1.01262e+16
    Region: "bulk"	RelError: 2.44296e-01	AbsError: 1.01262e+16
      Equation: "ElectronContinuityEquation"	RelError: 6.10757e-02	AbsError: 1.01249e+16
      Equation: "HoleContinuityEquation"	RelError: 1.32780e-01	AbsError: 1.22111e+12
      Equation: "PotentialEquation"	RelError: 5.04400e-02	AbsError: 1.78101e-04
    Region: "oxide"	RelError: 2.79468e-04	AbsError: 1.68389e-04
      Equation: "PotentialEquation"	RelError: 2.79468e-04	AbsError: 1.68389e-04
Iteration: 2
  Device: "part1_baseline"	RelError: 3.96742e-04	AbsError: 2.09721e+12
    Region: "bulk"	RelError: 3.96689e-04	AbsError: 2.09721e+12
      Equation: "ElectronContinuityEquation"	RelError: 9.02147e-05	AbsError: 2.09678e+12
      Equation: "HoleContinuityEquation"	RelError: 2.81026e-04	AbsError: 4.34322e+08
      Equation: "PotentialEquation"	RelError: 2.54481e-05	AbsError: 7.93179e-08
    Region: "oxide"	RelError: 5.31081e-08	AbsError: 3.62854e-08
      Equation: "PotentialEquation"	RelError: 5.31081e-08	AbsError: 3.62854e-08
Iteration: 3
  Device: "part1_baseline"	RelError: 6.82977e-10	AbsError: 1.83075e+05
    Region: "bulk"	RelError: 6.82966e-10	AbsError: 1.83075e+05
      Equation: "ElectronContinuityEquation"	RelError: 1.21330e-11	AbsError: 1.83057e+05
      Equation: "HoleContinuityEquation"	RelError: 6.70438e-10	AbsError: 1.75803e+01
      Equation: "PotentialEquation"	RelError: 3.94761e-13	AbsError: 1.42546e-14
    Region: "oxide"	RelError: 1.13443e-14	AbsError: 7.09933e-15
      Equation: "PotentialEquation"	RelError: 1.13443e-14	AbsError: 7.09933e-15
number of equations 7095
Iteration: 0
  Device: "part1_baseline"	RelError: 3.52892e+00	AbsError: 3.69277e+17
    Region: "bulk"	RelError: 3.50200e+00	AbsError: 3.69277e+17
      Equation: "ElectronContinuityEquation"	RelError: 2.89209e-01	AbsError: 3.69215e+17
      Equation: "HoleContinuityEquation"	RelError: 7.18260e-01	AbsError: 6.18222e+13
      Equation: "PotentialEquation"	RelError: 2.49453e+00	AbsError: 1.70965e-02
    Region: "oxide"	RelError: 2.69135e-02	AbsError: 2.00000e-02
      Equation: "PotentialEquation"	RelError: 2.69135e-02	AbsError: 2.00000e-02
Iteration: 1
  Device: "part1_baseline"	RelError: 2.12236e-01	AbsError: 9.50389e+15
    Region: "bulk"	RelError: 2.11988e-01	AbsError: 9.50389e+15
      Equation: "ElectronContinuityEquation"	RelError: 5.84522e-02	AbsError: 9.50281e+15
      Equation: "HoleContinuityEquation"	RelError: 1.22475e-01	AbsError: 1.08286e+12
      Equation: "PotentialEquation"	RelError: 3.10613e-02	AbsError: 1.67144e-04
    Region: "oxide"	RelError: 2.48125e-04	AbsError: 1.56325e-04
      Equation: "PotentialEquation"	RelError: 2.48125e-04	AbsError: 1.56325e-04
Iteration: 2
  Device: "part1_baseline"	RelError: 3.35833e-04	AbsError: 1.75351e+12
    Region: "bulk"	RelError: 3.35789e-04	AbsError: 1.75351e+12
      Equation: "ElectronContinuityEquation"	RelError: 8.00908e-05	AbsError: 1.75317e+12
      Equation: "HoleContinuityEquation"	RelError: 2.43798e-04	AbsError: 3.47351e+08
      Equation: "PotentialEquation"	RelError: 1.18999e-05	AbsError: 6.81773e-08
    Region: "oxide"	RelError: 4.36653e-08	AbsError: 3.04745e-08
      Equation: "PotentialEquation"	RelError: 4.36653e-08	AbsError: 3.04745e-08
Iteration: 3
  Device: "part1_baseline"	RelError: 4.64595e-10	AbsError: 1.38497e+05
    Region: "bulk"	RelError: 4.64587e-10	AbsError: 1.38497e+05
      Equation: "ElectronContinuityEquation"	RelError: 8.32073e-12	AbsError: 1.38486e+05
      Equation: "HoleContinuityEquation"	RelError: 4.56111e-10	AbsError: 1.07799e+01
      Equation: "PotentialEquation"	RelError: 1.55173e-13	AbsError: 9.36583e-15
    Region: "oxide"	RelError: 8.07195e-15	AbsError: 5.28844e-15
      Equation: "PotentialEquation"	RelError: 8.07195e-15	AbsError: 5.28844e-15
number of equations 7095
Iteration: 0
  Device: "part1_baseline"	RelError: 8.63129e+00	AbsError: 3.87981e+17
    Region: "bulk"	RelError: 8.60508e+00	AbsError: 3.87981e+17
      Equation: "ElectronContinuityEquation"	RelError: 2.83987e-01	AbsError: 3.87921e+17
      Equation: "HoleContinuityEquation"	RelError: 6.74720e-01	AbsError: 5.98345e+13
      Equation: "PotentialEquation"	RelError: 7.64637e+00	AbsError: 1.70124e-02
    Region: "oxide"	RelError: 2.62082e-02	AbsError: 2.00000e-02
      Equation: "PotentialEquation"	RelError: 2.62082e-02	AbsError: 2.00000e-02
Iteration: 1
  Device: "part1_baseline"	RelError: 2.64764e-01	AbsError: 8.89016e+15
    Region: "bulk"	RelError: 2.64542e-01	AbsError: 8.89016e+15
      Equation: "ElectronContinuityEquation"	RelError: 5.60397e-02	AbsError: 8.88919e+15
      Equation: "HoleContinuityEquation"	RelError: 1.13057e-01	AbsError: 9.67970e+11
      Equation: "PotentialEquation"	RelError: 9.54451e-02	AbsError: 1.56702e-04
    Region: "oxide"	RelError: 2.21963e-04	AbsError: 1.46395e-04
      Equation: "PotentialEquation"	RelError: 2.21963e-04	AbsError: 1.46395e-04
Iteration: 2
  Device: "part1_baseline"	RelError: 3.26774e-04	AbsError: 1.45427e+12
    Region: "bulk"	RelError: 3.26739e-04	AbsError: 1.45427e+12
      Equation: "ElectronContinuityEquation"	RelError: 7.14598e-05	AbsError: 1.45398e+12
      Equation: "HoleContinuityEquation"	RelError: 2.21415e-04	AbsError: 2.82010e+08
      Equation: "PotentialEquation"	RelError: 3.38644e-05	AbsError: 5.97254e-08
    Region: "oxide"	RelError: 3.48836e-08	AbsError: 2.48474e-08
      Equation: "PotentialEquation"	RelError: 3.48836e-08	AbsError: 2.48474e-08
Iteration: 3
  Device: "part1_baseline"	RelError: 3.12030e-10	AbsError: 1.12022e+05
    Region: "bulk"	RelError: 3.12025e-10	AbsError: 1.12022e+05
      Equation: "ElectronContinuityEquation"	RelError: 6.44723e-12	AbsError: 1.12015e+05
      Equation: "HoleContinuityEquation"	RelError: 3.05515e-10	AbsError: 6.30702e+00
      Equation: "PotentialEquation"	RelError: 6.20456e-14	AbsError: 7.03110e-15
    Region: "oxide"	RelError: 5.64276e-15	AbsError: 3.86356e-15
      Equation: "PotentialEquation"	RelError: 5.64276e-15	AbsError: 3.86356e-15
number of equations 7095
Iteration: 0
  Device: "part1_baseline"	RelError: 4.62569e+00	AbsError: 4.05463e+17
    Region: "bulk"	RelError: 4.60015e+00	AbsError: 4.05463e+17
      Equation: "ElectronContinuityEquation"	RelError: 2.79065e-01	AbsError: 4.05405e+17
      Equation: "HoleContinuityEquation"	RelError: 6.34120e-01	AbsError: 5.80648e+13
      Equation: "PotentialEquation"	RelError: 3.68696e+00	AbsError: 1.69449e-02
    Region: "oxide"	RelError: 2.55388e-02	AbsError: 2.00000e-02
      Equation: "PotentialEquation"	RelError: 2.55388e-02	AbsError: 2.00000e-02
Iteration: 1
  Device: "part1_baseline"	RelError: 1.93836e-01	AbsError: 8.29593e+15
    Region: "bulk"	RelError: 1.93635e-01	AbsError: 8.29593e+15
      Equation: "ElectronContinuityEquation"	RelError: 5.38055e-02	AbsError: 8.29506e+15
      Equation: "HoleContinuityEquation"	RelError: 1.04353e-01	AbsError: 8.72368e+11
      Equation: "PotentialEquation"	RelError: 3.54772e-02	AbsError: 1.47988e-04
    Region: "oxide"	RelError: 2.00219e-04	AbsError: 1.37804e-04
      Equation: "PotentialEquation"	RelError: 2.00219e-04	AbsError: 1.37804e-04
Iteration: 2
  Device: "part1_baseline"	RelError: 2.75720e-04	AbsError: 1.19954e+12
    Region: "bulk"	RelError: 2.75689e-04	AbsError: 1.19954e+12
      Equation: "ElectronContinuityEquation"	RelError: 6.40421e-05	AbsError: 1.19931e+12
      Equation: "HoleContinuityEquation"	RelError: 1.99140e-04	AbsError: 2.31744e+08
      Equation: "PotentialEquation"	RelError: 1.25068e-05	AbsError: 5.24494e-08
    Region: "oxide"	RelError: 3.02250e-08	AbsError: 2.28297e-08
      Equation: "PotentialEquation"	RelError: 3.02250e-08	AbsError: 2.28297e-08
Iteration: 3
  Device: "part1_baseline"	RelError: 2.04952e-10	AbsError: 8.42968e+04
    Region: "bulk"	RelError: 2.04948e-10	AbsError: 8.42968e+04
      Equation: "ElectronContinuityEquation"	RelError: 5.07373e-12	AbsError: 8.42918e+04
      Equation: "HoleContinuityEquation"	RelError: 1.99798e-10	AbsError: 5.04513e+00
      Equation: "PotentialEquation"	RelError: 7.61750e-14	AbsError: 5.45535e-15
    Region: "oxide"	RelError: 4.04435e-15	AbsError: 2.83720e-15
      Equation: "PotentialEquation"	RelError: 4.04435e-15	AbsError: 2.83720e-15
number of equations 7095
Iteration: 0
  Device: "part1_baseline"	RelError: 3.98135e+01	AbsError: 4.21766e+17
    Region: "bulk"	RelError: 3.97886e+01	AbsError: 4.21766e+17
      Equation: "ElectronContinuityEquation"	RelError: 2.74395e-01	AbsError: 4.21709e+17
      Equation: "HoleContinuityEquation"	RelError: 5.95803e-01	AbsError: 5.69309e+13
      Equation: "PotentialEquation"	RelError: 3.89184e+01	AbsError: 1.68755e-02
    Region: "oxide"	RelError: 2.49028e-02	AbsError: 2.00000e-02
      Equation: "PotentialEquation"	RelError: 2.49028e-02	AbsError: 2.00000e-02
Iteration: 1
  Device: "part1_baseline"	RelError: 5.74116e-01	AbsError: 7.72848e+15
    Region: "bulk"	RelError: 5.73933e-01	AbsError: 7.72848e+15
      Equation: "ElectronContinuityEquation"	RelError: 5.17244e-02	AbsError: 7.72769e+15
      Equation: "HoleContinuityEquation"	RelError: 9.62291e-02	AbsError: 7.94477e+11
      Equation: "PotentialEquation"	RelError: 4.25980e-01	AbsError: 1.41620e-04
    Region: "oxide"	RelError: 1.82311e-04	AbsError: 1.31077e-04
      Equation: "PotentialEquation"	RelError: 1.82311e-04	AbsError: 1.31077e-04
Iteration: 2
  Device: "part1_baseline"	RelError: 4.13937e-04	AbsError: 9.86148e+11
    Region: "bulk"	RelError: 4.13911e-04	AbsError: 9.86148e+11
      Equation: "ElectronContinuityEquation"	RelError: 5.76204e-05	AbsError: 9.85956e+11
      Equation: "HoleContinuityEquation"	RelError: 1.77543e-04	AbsError: 1.92293e+08
      Equation: "PotentialEquation"	RelError: 1.78747e-04	AbsError: 4.61502e-08
    Region: "oxide"	RelError: 2.66426e-08	AbsError: 2.05209e-08
      Equation: "PotentialEquation"	RelError: 2.66426e-08	AbsError: 2.05209e-08
Iteration: 3
  Device: "part1_baseline"	RelError: 1.37523e-10	AbsError: 5.95786e+04
    Region: "bulk"	RelError: 1.37520e-10	AbsError: 5.95786e+04
      Equation: "ElectronContinuityEquation"	RelError: 4.04094e-12	AbsError: 5.95743e+04
      Equation: "HoleContinuityEquation"	RelError: 1.29491e-10	AbsError: 4.35907e+00
      Equation: "PotentialEquation"	RelError: 3.98816e-12	AbsError: 4.28476e-15
    Region: "oxide"	RelError: 2.81135e-15	AbsError: 2.08108e-15
      Equation: "PotentialEquation"	RelError: 2.81135e-15	AbsError: 2.08108e-15
number of equations 7095
Iteration: 0
  Device: "part1_baseline"	RelError: 1.83984e+00	AbsError: 4.36945e+17
    Region: "bulk"	RelError: 1.81554e+00	AbsError: 4.36945e+17
      Equation: "ElectronContinuityEquation"	RelError: 2.69942e-01	AbsError: 4.36889e+17
      Equation: "HoleContinuityEquation"	RelError: 5.63569e-01	AbsError: 5.59258e+13
      Equation: "PotentialEquation"	RelError: 9.82032e-01	AbsError: 1.68041e-02
    Region: "oxide"	RelError: 2.42978e-02	AbsError: 2.00000e-02
      Equation: "PotentialEquation"	RelError: 2.42978e-02	AbsError: 2.00000e-02
Iteration: 1
  Device: "part1_baseline"	RelError: 1.45289e-01	AbsError: 7.19220e+15
    Region: "bulk"	RelError: 1.45122e-01	AbsError: 7.19220e+15
      Equation: "ElectronContinuityEquation"	RelError: 4.97765e-02	AbsError: 7.19147e+15
      Equation: "HoleContinuityEquation"	RelError: 8.85875e-02	AbsError: 7.28628e+11
      Equation: "PotentialEquation"	RelError: 6.75748e-03	AbsError: 1.34722e-04
    Region: "oxide"	RelError: 1.67379e-04	AbsError: 1.24792e-04
      Equation: "PotentialEquation"	RelError: 1.67379e-04	AbsError: 1.24792e-04
Iteration: 2
  Device: "part1_baseline"	RelError: 2.11803e-04	AbsError: 8.09366e+11
    Region: "bulk"	RelError: 2.11781e-04	AbsError: 8.09366e+11
      Equation: "ElectronContinuityEquation"	RelError: 5.20238e-05	AbsError: 8.09205e+11
      Equation: "HoleContinuityEquation"	RelError: 1.57047e-04	AbsError: 1.60815e+08
      Equation: "PotentialEquation"	RelError: 2.70975e-06	AbsError: 4.14561e-08
    Region: "oxide"	RelError: 2.27457e-08	AbsError: 1.78527e-08
      Equation: "PotentialEquation"	RelError: 2.27457e-08	AbsError: 1.78527e-08
Iteration: 3
  Device: "part1_baseline"	RelError: 8.73807e-11	AbsError: 4.87331e+04
    Region: "bulk"	RelError: 8.73787e-11	AbsError: 4.87331e+04
      Equation: "ElectronContinuityEquation"	RelError: 3.24781e-12	AbsError: 4.87292e+04
      Equation: "HoleContinuityEquation"	RelError: 8.40594e-11	AbsError: 3.93483e+00
      Equation: "PotentialEquation"	RelError: 7.14958e-14	AbsError: 3.40287e-15
    Region: "oxide"	RelError: 2.01140e-15	AbsError: 1.51625e-15
      Equation: "PotentialEquation"	RelError: 2.01140e-15	AbsError: 1.51625e-15
number of equations 7095
Iteration: 0
  Device: "part1_baseline"	RelError: 1.32551e+00	AbsError: 4.51064e+17
    Region: "bulk"	RelError: 1.30179e+00	AbsError: 4.51064e+17
      Equation: "ElectronContinuityEquation"	RelError: 2.65677e-01	AbsError: 4.51009e+17
      Equation: "HoleContinuityEquation"	RelError: 5.42329e-01	AbsError: 5.50232e+13
      Equation: "PotentialEquation"	RelError: 4.93783e-01	AbsError: 1.67306e-02
    Region: "oxide"	RelError: 2.37214e-02	AbsError: 2.00000e-02
      Equation: "PotentialEquation"	RelError: 2.37214e-02	AbsError: 2.00000e-02
Iteration: 1
  Device: "part1_baseline"	RelError: 1.33271e-01	AbsError: 6.68931e+15
    Region: "bulk"	RelError: 1.33117e-01	AbsError: 6.68931e+15
      Equation: "ElectronContinuityEquation"	RelError: 4.79461e-02	AbsError: 6.68863e+15
      Equation: "HoleContinuityEquation"	RelError: 8.21505e-02	AbsError: 6.72678e+11
      Equation: "PotentialEquation"	RelError: 3.02015e-03	AbsError: 1.28927e-04
    Region: "oxide"	RelError: 1.54525e-04	AbsError: 1.18866e-04
      Equation: "PotentialEquation"	RelError: 1.54525e-04	AbsError: 1.18866e-04
Iteration: 2
  Device: "part1_baseline"	RelError: 1.86218e-04	AbsError: 6.64022e+11
    Region: "bulk"	RelError: 1.86199e-04	AbsError: 6.64022e+11
      Equation: "ElectronContinuityEquation"	RelError: 4.71171e-05	AbsError: 6.63886e+11
      Equation: "HoleContinuityEquation"	RelError: 1.37922e-04	AbsError: 1.35355e+08
      Equation: "PotentialEquation"	RelError: 1.15996e-06	AbsError: 3.80432e-08
    Region: "oxide"	RelError: 1.88181e-08	AbsError: 1.50666e-08
      Equation: "PotentialEquation"	RelError: 1.88181e-08	AbsError: 1.50666e-08
Iteration: 3
  Device: "part1_baseline"	RelError: 5.71047e-11	AbsError: 4.51296e+04
    Region: "bulk"	RelError: 5.71033e-11	AbsError: 4.51296e+04
      Equation: "ElectronContinuityEquation"	RelError: 2.62941e-12	AbsError: 4.51259e+04
      Equation: "HoleContinuityEquation"	RelError: 5.44382e-11	AbsError: 3.62215e+00
      Equation: "PotentialEquation"	RelError: 3.57502e-14	AbsError: 2.72344e-15
    Region: "oxide"	RelError: 1.33146e-15	AbsError: 1.03648e-15
      Equation: "PotentialEquation"	RelError: 1.33146e-15	AbsError: 1.03648e-15
number of equations 7095
Iteration: 0
  Device: "part1_baseline"	RelError: 1.19185e+00	AbsError: 4.64189e+17
    Region: "bulk"	RelError: 1.16868e+00	AbsError: 4.64189e+17
      Equation: "ElectronContinuityEquation"	RelError: 2.61577e-01	AbsError: 4.64135e+17
      Equation: "HoleContinuityEquation"	RelError: 5.22822e-01	AbsError: 5.42074e+13
      Equation: "PotentialEquation"	RelError: 3.84279e-01	AbsError: 1.66547e-02
    Region: "oxide"	RelError: 2.31717e-02	AbsError: 2.00000e-02
      Equation: "PotentialEquation"	RelError: 2.31717e-02	AbsError: 2.00000e-02
Iteration: 1
  Device: "part1_baseline"	RelError: 1.26485e-01	AbsError: 6.22048e+15
    Region: "bulk"	RelError: 1.26340e-01	AbsError: 6.22048e+15
      Equation: "ElectronContinuityEquation"	RelError: 4.62205e-02	AbsError: 6.21985e+15
      Equation: "HoleContinuityEquation"	RelError: 7.78969e-02	AbsError: 6.24897e+11
      Equation: "PotentialEquation"	RelError: 2.22303e-03	AbsError: 1.23137e-04
    Region: "oxide"	RelError: 1.44081e-04	AbsError: 1.14909e-04
      Equation: "PotentialEquation"	RelError: 1.44081e-04	AbsError: 1.14909e-04
Iteration: 2
  Device: "part1_baseline"	RelError: 1.63871e-04	AbsError: 5.45111e+11
    Region: "bulk"	RelError: 1.63853e-04	AbsError: 5.45111e+11
      Equation: "ElectronContinuityEquation"	RelError: 4.27922e-05	AbsError: 5.44996e+11
      Equation: "HoleContinuityEquation"	RelError: 1.20308e-04	AbsError: 1.14533e+08
      Equation: "PotentialEquation"	RelError: 7.53148e-07	AbsError: 3.49425e-08
    Region: "oxide"	RelError: 1.78172e-08	AbsError: 1.51822e-08
      Equation: "PotentialEquation"	RelError: 1.78172e-08	AbsError: 1.51822e-08
Iteration: 3
  Device: "part1_baseline"	RelError: 3.72060e-11	AbsError: 3.77774e+04
    Region: "bulk"	RelError: 3.72050e-11	AbsError: 3.77774e+04
      Equation: "ElectronContinuityEquation"	RelError: 2.14310e-12	AbsError: 3.77739e+04
      Equation: "HoleContinuityEquation"	RelError: 3.50341e-11	AbsError: 3.47488e+00
      Equation: "PotentialEquation"	RelError: 2.77715e-14	AbsError: 2.18545e-15
    Region: "oxide"	RelError: 9.55729e-16	AbsError: 7.77463e-16
      Equation: "PotentialEquation"	RelError: 9.55729e-16	AbsError: 7.77463e-16
number of equations 7095
Iteration: 0
  Device: "part1_baseline"	RelError: 1.39550e+00	AbsError: 4.76389e+17
    Region: "bulk"	RelError: 1.37286e+00	AbsError: 4.76389e+17
      Equation: "ElectronContinuityEquation"	RelError: 2.57624e-01	AbsError: 4.76336e+17
      Equation: "HoleContinuityEquation"	RelError: 5.04737e-01	AbsError: 5.34651e+13
      Equation: "PotentialEquation"	RelError: 6.10496e-01	AbsError: 1.65763e-02
    Region: "oxide"	RelError: 2.26469e-02	AbsError: 2.00000e-02
      Equation: "PotentialEquation"	RelError: 2.26469e-02	AbsError: 2.00000e-02
Iteration: 1
  Device: "part1_baseline"	RelError: 1.21872e-01	AbsError: 5.78530e+15
    Region: "bulk"	RelError: 1.21738e-01	AbsError: 5.78530e+15
      Equation: "ElectronContinuityEquation"	RelError: 4.45892e-02	AbsError: 5.78471e+15
      Equation: "HoleContinuityEquation"	RelError: 7.40033e-02	AbsError: 5.83884e+11
      Equation: "PotentialEquation"	RelError: 3.14504e-03	AbsError: 1.19237e-04
    Region: "oxide"	RelError: 1.34250e-04	AbsError: 1.10690e-04
      Equation: "PotentialEquation"	RelError: 1.34250e-04	AbsError: 1.10690e-04
Iteration: 2
  Device: "part1_baseline"	RelError: 1.48169e-04	AbsError: 4.48104e+11
    Region: "bulk"	RelError: 1.48152e-04	AbsError: 4.48104e+11
      Equation: "ElectronContinuityEquation"	RelError: 3.89625e-05	AbsError: 4.48007e+11
      Equation: "HoleContinuityEquation"	RelError: 1.08211e-04	AbsError: 9.73494e+07
      Equation: "PotentialEquation"	RelError: 9.78735e-07	AbsError: 3.21028e-08
    Region: "oxide"	RelError: 1.70527e-08	AbsError: 1.47884e-08
      Equation: "PotentialEquation"	RelError: 1.70527e-08	AbsError: 1.47884e-08
Iteration: 3
  Device: "part1_baseline"	RelError: 2.46307e-11	AbsError: 2.88367e+04
    Region: "bulk"	RelError: 2.46300e-11	AbsError: 2.88367e+04
      Equation: "ElectronContinuityEquation"	RelError: 1.75943e-12	AbsError: 2.88334e+04
      Equation: "HoleContinuityEquation"	RelError: 2.28319e-11	AbsError: 3.27097e+00
      Equation: "PotentialEquation"	RelError: 3.87502e-14	AbsError: 1.83851e-15
    Region: "oxide"	RelError: 6.49748e-16	AbsError: 5.37623e-16
      Equation: "PotentialEquation"	RelError: 6.49748e-16	AbsError: 5.37623e-16
number of equations 7095
Iteration: 0
  Device: "part1_baseline"	RelError: 2.27893e+00	AbsError: 4.87731e+17
    Region: "bulk"	RelError: 2.25678e+00	AbsError: 4.87731e+17
      Equation: "ElectronContinuityEquation"	RelError: 2.53802e-01	AbsError: 4.87678e+17
      Equation: "HoleContinuityEquation"	RelError: 4.87798e-01	AbsError: 5.27851e+13
      Equation: "PotentialEquation"	RelError: 1.51518e+00	AbsError: 1.64953e-02
    Region: "oxide"	RelError: 2.21454e-02	AbsError: 2.00000e-02
      Equation: "PotentialEquation"	RelError: 2.21454e-02	AbsError: 2.00000e-02
Iteration: 1
  Device: "part1_baseline"	RelError: 1.20530e-01	AbsError: 5.39620e+15
    Region: "bulk"	RelError: 1.20404e-01	AbsError: 5.39620e+15
      Equation: "ElectronContinuityEquation"	RelError: 4.30434e-02	AbsError: 5.39565e+15
      Equation: "HoleContinuityEquation"	RelError: 7.04101e-02	AbsError: 5.48498e+11
      Equation: "PotentialEquation"	RelError: 6.95048e-03	AbsError: 1.15349e-04
    Region: "oxide"	RelError: 1.26378e-04	AbsError: 1.06306e-04
      Equation: "PotentialEquation"	RelError: 1.26378e-04	AbsError: 1.06306e-04
Iteration: 2
  Device: "part1_baseline"	RelError: 1.35126e-04	AbsError: 3.80042e+11
    Region: "bulk"	RelError: 1.35110e-04	AbsError: 3.80042e+11
      Equation: "ElectronContinuityEquation"	RelError: 3.55576e-05	AbsError: 3.79959e+11
      Equation: "HoleContinuityEquation"	RelError: 9.78400e-05	AbsError: 8.30674e+07
      Equation: "PotentialEquation"	RelError: 1.71227e-06	AbsError: 2.94858e-08
    Region: "oxide"	RelError: 1.58076e-08	AbsError: 1.39443e-08
      Equation: "PotentialEquation"	RelError: 1.58076e-08	AbsError: 1.39443e-08
Iteration: 3
  Device: "part1_baseline"	RelError: 1.66893e-11	AbsError: 2.01836e+04
    Region: "bulk"	RelError: 1.66889e-11	AbsError: 2.01836e+04
      Equation: "ElectronContinuityEquation"	RelError: 1.45642e-12	AbsError: 2.01806e+04
      Equation: "HoleContinuityEquation"	RelError: 1.51612e-11	AbsError: 3.01124e+00
      Equation: "PotentialEquation"	RelError: 7.12925e-14	AbsError: 1.59189e-15
    Region: "oxide"	RelError: 3.95096e-16	AbsError: 3.32345e-16
      Equation: "PotentialEquation"	RelError: 3.95096e-16	AbsError: 3.32345e-16
number of equations 7095
Iteration: 0
  Device: "part1_baseline"	RelError: 4.56481e+01	AbsError: 4.98278e+17
    Region: "bulk"	RelError: 4.56265e+01	AbsError: 4.98278e+17
      Equation: "ElectronContinuityEquation"	RelError: 2.50101e-01	AbsError: 4.98226e+17
      Equation: "HoleContinuityEquation"	RelError: 4.71765e-01	AbsError: 5.21580e+13
      Equation: "PotentialEquation"	RelError: 4.49046e+01	AbsError: 1.64115e-02
    Region: "oxide"	RelError: 2.16656e-02	AbsError: 2.00000e-02
      Equation: "PotentialEquation"	RelError: 2.16656e-02	AbsError: 2.00000e-02
Iteration: 1
  Device: "part1_baseline"	RelError: 3.17641e-01	AbsError: 5.10954e+15
    Region: "bulk"	RelError: 3.17522e-01	AbsError: 5.10954e+15
      Equation: "ElectronContinuityEquation"	RelError: 4.15758e-02	AbsError: 5.10902e+15
      Equation: "HoleContinuityEquation"	RelError: 6.70652e-02	AbsError: 5.17810e+11
      Equation: "PotentialEquation"	RelError: 2.08881e-01	AbsError: 1.11457e-04
    Region: "oxide"	RelError: 1.19158e-04	AbsError: 1.01846e-04
      Equation: "PotentialEquation"	RelError: 1.19158e-04	AbsError: 1.01846e-04
Iteration: 2
  Device: "part1_baseline"	RelError: 1.99705e-04	AbsError: 3.20632e+11
    Region: "bulk"	RelError: 1.99691e-04	AbsError: 3.20632e+11
      Equation: "ElectronContinuityEquation"	RelError: 3.25199e-05	AbsError: 3.20561e+11
      Equation: "HoleContinuityEquation"	RelError: 8.84806e-05	AbsError: 7.11337e+07
      Equation: "PotentialEquation"	RelError: 7.86901e-05	AbsError: 2.70639e-08
    Region: "oxide"	RelError: 1.42157e-08	AbsError: 1.27490e-08
      Equation: "PotentialEquation"	RelError: 1.42157e-08	AbsError: 1.27490e-08
Iteration: 3
  Device: "part1_baseline"	RelError: 1.46853e-11	AbsError: 1.40879e+04
    Region: "bulk"	RelError: 1.46850e-11	AbsError: 1.40879e+04
      Equation: "ElectronContinuityEquation"	RelError: 1.21652e-12	AbsError: 1.40852e+04
      Equation: "HoleContinuityEquation"	RelError: 1.00653e-11	AbsError: 2.73109e+00
      Equation: "PotentialEquation"	RelError: 3.40322e-12	AbsError: 1.39197e-15
    Region: "oxide"	RelError: 2.58358e-16	AbsError: 2.44508e-16
      Equation: "PotentialEquation"	RelError: 2.58358e-16	AbsError: 2.44508e-16
number of equations 7095
Iteration: 0
  Device: "part1_baseline"	RelError: 1.70591e+00	AbsError: 5.08092e+17
    Region: "bulk"	RelError: 1.68470e+00	AbsError: 5.08092e+17
      Equation: "ElectronContinuityEquation"	RelError: 2.46509e-01	AbsError: 5.08040e+17
      Equation: "HoleContinuityEquation"	RelError: 4.56419e-01	AbsError: 5.15759e+13
      Equation: "PotentialEquation"	RelError: 9.81775e-01	AbsError: 1.63248e-02
    Region: "oxide"	RelError: 2.12062e-02	AbsError: 2.00000e-02
      Equation: "PotentialEquation"	RelError: 2.12062e-02	AbsError: 2.00000e-02
Iteration: 1
  Device: "part1_baseline"	RelError: 1.07635e-01	AbsError: 4.87514e+15
    Region: "bulk"	RelError: 1.07522e-01	AbsError: 4.87514e+15
      Equation: "ElectronContinuityEquation"	RelError: 4.01799e-02	AbsError: 4.87465e+15
      Equation: "HoleContinuityEquation"	RelError: 6.39226e-02	AbsError: 4.91057e+11
      Equation: "PotentialEquation"	RelError: 3.41995e-03	AbsError: 1.08145e-04
    Region: "oxide"	RelError: 1.12183e-04	AbsError: 9.97265e-05
      Equation: "PotentialEquation"	RelError: 1.12183e-04	AbsError: 9.97265e-05
Iteration: 2
  Device: "part1_baseline"	RelError: 1.11084e-04	AbsError: 3.11594e+11
    Region: "bulk"	RelError: 1.11072e-04	AbsError: 3.11594e+11
      Equation: "ElectronContinuityEquation"	RelError: 2.98012e-05	AbsError: 3.11533e+11
      Equation: "HoleContinuityEquation"	RelError: 8.00202e-05	AbsError: 6.11235e+07
      Equation: "PotentialEquation"	RelError: 1.25005e-06	AbsError: 2.48167e-08
    Region: "oxide"	RelError: 1.24237e-08	AbsError: 1.13220e-08
      Equation: "PotentialEquation"	RelError: 1.24237e-08	AbsError: 1.13220e-08
Iteration: 3
  Device: "part1_baseline"	RelError: 8.36635e-12	AbsError: 1.34188e+04
    Region: "bulk"	RelError: 8.36615e-12	AbsError: 1.34188e+04
      Equation: "ElectronContinuityEquation"	RelError: 1.02518e-12	AbsError: 1.34163e+04
      Equation: "HoleContinuityEquation"	RelError: 7.28476e-12	AbsError: 2.47959e+00
      Equation: "PotentialEquation"	RelError: 5.62083e-14	AbsError: 1.23695e-15
    Region: "oxide"	RelError: 2.03365e-16	AbsError: 1.95646e-16
      Equation: "PotentialEquation"	RelError: 2.03365e-16	AbsError: 1.95646e-16
number of equations 7095
Iteration: 0
  Device: "part1_baseline"	RelError: 1.19990e+00	AbsError: 5.17230e+17
    Region: "bulk"	RelError: 1.17913e+00	AbsError: 5.17230e+17
      Equation: "ElectronContinuityEquation"	RelError: 2.43019e-01	AbsError: 5.17178e+17
      Equation: "HoleContinuityEquation"	RelError: 4.41568e-01	AbsError: 5.10320e+13
      Equation: "PotentialEquation"	RelError: 4.94545e-01	AbsError: 1.62349e-02
    Region: "oxide"	RelError: 2.07658e-02	AbsError: 2.00000e-02
      Equation: "PotentialEquation"	RelError: 2.07658e-02	AbsError: 2.00000e-02
Iteration: 1
  Device: "part1_baseline"	RelError: 1.01480e-01	AbsError: 4.67585e+15
    Region: "bulk"	RelError: 1.01375e-01	AbsError: 4.67585e+15
      Equation: "ElectronContinuityEquation"	RelError: 3.88505e-02	AbsError: 4.67538e+15
      Equation: "HoleContinuityEquation"	RelError: 6.09418e-02	AbsError: 4.67612e+11
      Equation: "PotentialEquation"	RelError: 1.58255e-03	AbsError: 1.04411e-04
    Region: "oxide"	RelError: 1.05500e-04	AbsError: 9.74208e-05
      Equation: "PotentialEquation"	RelError: 1.05500e-04	AbsError: 9.74208e-05
Iteration: 2
  Device: "part1_baseline"	RelError: 1.00279e-04	AbsError: 3.11650e+11
    Region: "bulk"	RelError: 1.00269e-04	AbsError: 3.11650e+11
      Equation: "ElectronContinuityEquation"	RelError: 2.73609e-05	AbsError: 3.11597e+11
      Equation: "HoleContinuityEquation"	RelError: 7.23564e-05	AbsError: 5.27016e+07
      Equation: "PotentialEquation"	RelError: 5.51439e-07	AbsError: 2.29100e-08
    Region: "oxide"	RelError: 1.05681e-08	AbsError: 9.78212e-09
      Equation: "PotentialEquation"	RelError: 1.05681e-08	AbsError: 9.78212e-09
Iteration: 3
  Device: "part1_baseline"	RelError: 6.23856e-12	AbsError: 1.47006e+04
    Region: "bulk"	RelError: 6.23839e-12	AbsError: 1.47006e+04
      Equation: "ElectronContinuityEquation"	RelError: 8.70542e-13	AbsError: 1.46983e+04
      Equation: "HoleContinuityEquation"	RelError: 5.34175e-12	AbsError: 2.28422e+00
      Equation: "PotentialEquation"	RelError: 2.61071e-14	AbsError: 1.12601e-15
    Region: "oxide"	RelError: 1.65316e-16	AbsError: 1.39335e-16
      Equation: "PotentialEquation"	RelError: 1.65316e-16	AbsError: 1.39335e-16
number of equations 7095
Iteration: 0
  Device: "part1_baseline"	RelError: 1.31601e+00	AbsError: 5.25744e+17
    Region: "bulk"	RelError: 1.29567e+00	AbsError: 5.25744e+17
      Equation: "ElectronContinuityEquation"	RelError: 2.39623e-01	AbsError: 5.25694e+17
      Equation: "HoleContinuityEquation"	RelError: 4.27037e-01	AbsError: 5.05205e+13
      Equation: "PotentialEquation"	RelError: 6.29007e-01	AbsError: 1.61419e-02
    Region: "oxide"	RelError: 2.03434e-02	AbsError: 2.00000e-02
      Equation: "PotentialEquation"	RelError: 2.03434e-02	AbsError: 2.00000e-02
Iteration: 1
  Device: "part1_baseline"	RelError: 9.75077e-02	AbsError: 4.50768e+15
    Region: "bulk"	RelError: 9.74068e-02	AbsError: 4.50768e+15
      Equation: "ElectronContinuityEquation"	RelError: 3.75829e-02	AbsError: 4.50724e+15
      Equation: "HoleContinuityEquation"	RelError: 5.80872e-02	AbsError: 4.46952e+11
      Equation: "PotentialEquation"	RelError: 1.73664e-03	AbsError: 1.00361e-04
    Region: "oxide"	RelError: 1.00894e-04	AbsError: 9.48130e-05
      Equation: "PotentialEquation"	RelError: 1.00894e-04	AbsError: 9.48130e-05
Iteration: 2
  Device: "part1_baseline"	RelError: 9.11889e-05	AbsError: 3.03072e+11
    Region: "bulk"	RelError: 9.11793e-05	AbsError: 3.03072e+11
      Equation: "ElectronContinuityEquation"	RelError: 2.51638e-05	AbsError: 3.03026e+11
      Equation: "HoleContinuityEquation"	RelError: 6.53970e-05	AbsError: 4.57262e+07
      Equation: "PotentialEquation"	RelError: 6.18496e-07	AbsError: 2.17711e-08
    Region: "oxide"	RelError: 9.57418e-09	AbsError: 9.50585e-09
      Equation: "PotentialEquation"	RelError: 9.57418e-09	AbsError: 9.50585e-09
Iteration: 3
  Device: "part1_baseline"	RelError: 4.67598e-12	AbsError: 1.43000e+04
    Region: "bulk"	RelError: 4.67578e-12	AbsError: 1.43000e+04
      Equation: "ElectronContinuityEquation"	RelError: 7.43354e-13	AbsError: 1.42978e+04
      Equation: "HoleContinuityEquation"	RelError: 3.90390e-12	AbsError: 2.14428e+00
      Equation: "PotentialEquation"	RelError: 2.85282e-14	AbsError: 1.04167e-15
    Region: "oxide"	RelError: 2.04913e-16	AbsError: 1.75162e-16
      Equation: "PotentialEquation"	RelError: 2.04913e-16	AbsError: 1.75162e-16
number of equations 7095
Iteration: 0
  Device: "part1_baseline"	RelError: 2.33213e+00	AbsError: 5.33685e+17
    Region: "bulk"	RelError: 2.31219e+00	AbsError: 5.33685e+17
      Equation: "ElectronContinuityEquation"	RelError: 2.36317e-01	AbsError: 5.33635e+17
      Equation: "HoleContinuityEquation"	RelError: 4.12670e-01	AbsError: 5.00366e+13
      Equation: "PotentialEquation"	RelError: 1.66320e+00	AbsError: 1.60455e-02
    Region: "oxide"	RelError: 1.99378e-02	AbsError: 2.00000e-02
      Equation: "PotentialEquation"	RelError: 1.99378e-02	AbsError: 2.00000e-02
Iteration: 1
  Device: "part1_baseline"	RelError: 9.58711e-02	AbsError: 4.36471e+15
    Region: "bulk"	RelError: 9.57746e-02	AbsError: 4.36471e+15
      Equation: "ElectronContinuityEquation"	RelError: 3.63731e-02	AbsError: 4.36428e+15
      Equation: "HoleContinuityEquation"	RelError: 5.53275e-02	AbsError: 4.28646e+11
      Equation: "PotentialEquation"	RelError: 4.07402e-03	AbsError: 9.70295e-05
    Region: "oxide"	RelError: 9.64438e-05	AbsError: 9.19743e-05
      Equation: "PotentialEquation"	RelError: 9.64438e-05	AbsError: 9.19743e-05
Iteration: 2
  Device: "part1_baseline"	RelError: 8.32948e-05	AbsError: 2.85630e+11
    Region: "bulk"	RelError: 8.32848e-05	AbsError: 2.85630e+11
      Equation: "ElectronContinuityEquation"	RelError: 2.31795e-05	AbsError: 2.85590e+11
      Equation: "HoleContinuityEquation"	RelError: 5.90604e-05	AbsError: 3.98423e+07
      Equation: "PotentialEquation"	RelError: 1.04490e-06	AbsError: 2.06826e-08
    Region: "oxide"	RelError: 9.94166e-09	AbsError: 1.00214e-08
      Equation: "PotentialEquation"	RelError: 9.94166e-09	AbsError: 1.00214e-08
Iteration: 3
  Device: "part1_baseline"	RelError: 3.59181e-12	AbsError: 1.23687e+04
    Region: "bulk"	RelError: 3.59157e-12	AbsError: 1.23687e+04
      Equation: "ElectronContinuityEquation"	RelError: 6.36847e-13	AbsError: 1.23666e+04
      Equation: "HoleContinuityEquation"	RelError: 2.90401e-12	AbsError: 2.03732e+00
      Equation: "PotentialEquation"	RelError: 5.07126e-14	AbsError: 9.68630e-16
    Region: "oxide"	RelError: 2.43113e-16	AbsError: 2.20494e-16
      Equation: "PotentialEquation"	RelError: 2.43113e-16	AbsError: 2.20494e-16
number of equations 7095
Iteration: 0
  Device: "part1_baseline"	RelError: 8.31209e+00	AbsError: 5.41098e+17
    Region: "bulk"	RelError: 8.29254e+00	AbsError: 5.41098e+17
      Equation: "ElectronContinuityEquation"	RelError: 2.33094e-01	AbsError: 5.41049e+17
      Equation: "HoleContinuityEquation"	RelError: 3.98334e-01	AbsError: 4.95761e+13
      Equation: "PotentialEquation"	RelError: 7.66111e+00	AbsError: 1.59458e-02
    Region: "oxide"	RelError: 1.95480e-02	AbsError: 2.00000e-02
      Equation: "PotentialEquation"	RelError: 1.95480e-02	AbsError: 2.00000e-02
Iteration: 1
  Device: "part1_baseline"	RelError: 1.04607e-01	AbsError: 4.23476e+15
    Region: "bulk"	RelError: 1.04515e-01	AbsError: 4.23476e+15
      Equation: "ElectronContinuityEquation"	RelError: 3.52176e-02	AbsError: 4.23435e+15
      Equation: "HoleContinuityEquation"	RelError: 5.26357e-02	AbsError: 4.12331e+11
      Equation: "PotentialEquation"	RelError: 1.66614e-02	AbsError: 9.55001e-05
    Region: "oxide"	RelError: 9.19682e-05	AbsError: 8.89702e-05
      Equation: "PotentialEquation"	RelError: 9.19682e-05	AbsError: 8.89702e-05
Iteration: 2
  Device: "part1_baseline"	RelError: 8.26560e-05	AbsError: 2.59705e+11
    Region: "bulk"	RelError: 8.26459e-05	AbsError: 2.59705e+11
      Equation: "ElectronContinuityEquation"	RelError: 2.13815e-05	AbsError: 2.59670e+11
      Equation: "HoleContinuityEquation"	RelError: 5.32756e-05	AbsError: 3.48198e+07
      Equation: "PotentialEquation"	RelError: 7.98878e-06	AbsError: 1.96282e-08
    Region: "oxide"	RelError: 1.00585e-08	AbsError: 1.02900e-08
      Equation: "PotentialEquation"	RelError: 1.00585e-08	AbsError: 1.02900e-08
Iteration: 3
  Device: "part1_baseline"	RelError: 3.26832e-12	AbsError: 9.37804e+03
    Region: "bulk"	RelError: 3.26803e-12	AbsError: 9.37804e+03
      Equation: "ElectronContinuityEquation"	RelError: 5.46384e-13	AbsError: 9.37611e+03
      Equation: "HoleContinuityEquation"	RelError: 2.31506e-12	AbsError: 1.93294e+00
      Equation: "PotentialEquation"	RelError: 4.06584e-13	AbsError: 8.94956e-16
    Region: "oxide"	RelError: 2.88390e-16	AbsError: 2.65201e-16
      Equation: "PotentialEquation"	RelError: 2.88390e-16	AbsError: 2.65201e-16
number of equations 7095
Iteration: 0
  Device: "part1_baseline"	RelError: 8.86405e+00	AbsError: 5.48025e+17
    Region: "bulk"	RelError: 8.84488e+00	AbsError: 5.48025e+17
      Equation: "ElectronContinuityEquation"	RelError: 2.29951e-01	AbsError: 5.47976e+17
      Equation: "HoleContinuityEquation"	RelError: 3.83916e-01	AbsError: 4.91354e+13
      Equation: "PotentialEquation"	RelError: 8.23101e+00	AbsError: 1.58426e-02
    Region: "oxide"	RelError: 1.91732e-02	AbsError: 2.00000e-02
      Equation: "PotentialEquation"	RelError: 1.91732e-02	AbsError: 2.00000e-02
Iteration: 1
  Device: "part1_baseline"	RelError: 1.02293e-01	AbsError: 4.12769e+15
    Region: "bulk"	RelError: 1.02206e-01	AbsError: 4.12769e+15
      Equation: "ElectronContinuityEquation"	RelError: 3.41133e-02	AbsError: 4.12729e+15
      Equation: "HoleContinuityEquation"	RelError: 4.99893e-02	AbsError: 3.97705e+11
      Equation: "PotentialEquation"	RelError: 1.81033e-02	AbsError: 9.34311e-05
    Region: "oxide"	RelError: 8.75234e-05	AbsError: 8.58580e-05
      Equation: "PotentialEquation"	RelError: 8.75234e-05	AbsError: 8.58580e-05
Iteration: 2
  Device: "part1_baseline"	RelError: 6.93848e-05	AbsError: 2.26260e+11
    Region: "bulk"	RelError: 6.93749e-05	AbsError: 2.26260e+11
      Equation: "ElectronContinuityEquation"	RelError: 1.97471e-05	AbsError: 2.26230e+11
      Equation: "HoleContinuityEquation"	RelError: 4.79813e-05	AbsError: 3.05074e+07
      Equation: "PotentialEquation"	RelError: 1.64650e-06	AbsError: 1.85957e-08
    Region: "oxide"	RelError: 9.91232e-09	AbsError: 1.02874e-08
      Equation: "PotentialEquation"	RelError: 9.91232e-09	AbsError: 1.02874e-08
Iteration: 3
  Device: "part1_baseline"	RelError: 2.52000e-12	AbsError: 6.89524e+03
    Region: "bulk"	RelError: 2.51969e-12	AbsError: 6.89524e+03
      Equation: "ElectronContinuityEquation"	RelError: 4.68948e-13	AbsError: 6.89343e+03
      Equation: "HoleContinuityEquation"	RelError: 1.84766e-12	AbsError: 1.80698e+00
      Equation: "PotentialEquation"	RelError: 2.03080e-13	AbsError: 8.13901e-16
    Region: "oxide"	RelError: 3.09059e-16	AbsError: 2.88065e-16
      Equation: "PotentialEquation"	RelError: 3.09059e-16	AbsError: 2.88065e-16
number of equations 7095
Iteration: 0
  Device: "part1_baseline"	RelError: 2.13432e+00	AbsError: 5.54503e+17
    Region: "bulk"	RelError: 2.11551e+00	AbsError: 5.54503e+17
      Equation: "ElectronContinuityEquation"	RelError: 2.26885e-01	AbsError: 5.54454e+17
      Equation: "HoleContinuityEquation"	RelError: 3.75088e-01	AbsError: 4.87114e+13
      Equation: "PotentialEquation"	RelError: 1.51354e+00	AbsError: 1.57411e-02
    Region: "oxide"	RelError: 1.88125e-02	AbsError: 2.00000e-02
      Equation: "PotentialEquation"	RelError: 1.88125e-02	AbsError: 2.00000e-02
Iteration: 1
  Device: "part1_baseline"	RelError: 8.35886e-02	AbsError: 4.02158e+15
    Region: "bulk"	RelError: 8.35055e-02	AbsError: 4.02158e+15
      Equation: "ElectronContinuityEquation"	RelError: 3.30571e-02	AbsError: 4.02119e+15
      Equation: "HoleContinuityEquation"	RelError: 4.73708e-02	AbsError: 3.84516e+11
      Equation: "PotentialEquation"	RelError: 3.07759e-03	AbsError: 9.19856e-05
    Region: "oxide"	RelError: 8.31549e-05	AbsError: 8.38270e-05
      Equation: "PotentialEquation"	RelError: 8.31549e-05	AbsError: 8.38270e-05
Iteration: 2
  Device: "part1_baseline"	RelError: 6.20119e-05	AbsError: 1.97460e+11
    Region: "bulk"	RelError: 6.20024e-05	AbsError: 1.97460e+11
      Equation: "ElectronContinuityEquation"	RelError: 1.82568e-05	AbsError: 1.97433e+11
      Equation: "HoleContinuityEquation"	RelError: 4.31256e-05	AbsError: 2.67827e+07
      Equation: "PotentialEquation"	RelError: 6.19943e-07	AbsError: 1.75784e-08
    Region: "oxide"	RelError: 9.51614e-09	AbsError: 1.00157e-08
      Equation: "PotentialEquation"	RelError: 9.51614e-09	AbsError: 1.00157e-08
Iteration: 3
  Device: "part1_baseline"	RelError: 1.92850e-12	AbsError: 6.66272e+03
    Region: "bulk"	RelError: 1.92819e-12	AbsError: 6.66272e+03
      Equation: "ElectronContinuityEquation"	RelError: 4.02585e-13	AbsError: 6.66107e+03
      Equation: "HoleContinuityEquation"	RelError: 1.47579e-12	AbsError: 1.64983e+00
      Equation: "PotentialEquation"	RelError: 4.98148e-14	AbsError: 7.24996e-16
    Region: "oxide"	RelError: 3.06931e-16	AbsError: 2.89865e-16
      Equation: "PotentialEquation"	RelError: 3.06931e-16	AbsError: 2.89865e-16
number of equations 7095
Iteration: 0
  Device: "part1_baseline"	RelError: 3.59960e+00	AbsError: 5.60567e+17
    Region: "bulk"	RelError: 3.58114e+00	AbsError: 5.60567e+17
      Equation: "ElectronContinuityEquation"	RelError: 2.23892e-01	AbsError: 5.60519e+17
      Equation: "HoleContinuityEquation"	RelError: 3.68430e-01	AbsError: 4.83016e+13
      Equation: "PotentialEquation"	RelError: 2.98881e+00	AbsError: 1.56876e-02
    Region: "oxide"	RelError: 1.84652e-02	AbsError: 2.00000e-02
      Equation: "PotentialEquation"	RelError: 1.84652e-02	AbsError: 2.00000e-02
Iteration: 1
  Device: "part1_baseline"	RelError: 8.28419e-02	AbsError: 3.94628e+15
    Region: "bulk"	RelError: 8.27630e-02	AbsError: 3.94628e+15
      Equation: "ElectronContinuityEquation"	RelError: 3.20464e-02	AbsError: 3.94590e+15
      Equation: "HoleContinuityEquation"	RelError: 4.50653e-02	AbsError: 3.72552e+11
      Equation: "PotentialEquation"	RelError: 5.65132e-03	AbsError: 9.03162e-05
    Region: "oxide"	RelError: 7.88984e-05	AbsError: 8.31828e-05
      Equation: "PotentialEquation"	RelError: 7.88984e-05	AbsError: 8.31828e-05
Iteration: 2
  Device: "part1_baseline"	RelError: 5.66342e-05	AbsError: 2.02240e+11
    Region: "bulk"	RelError: 5.66253e-05	AbsError: 2.02240e+11
      Equation: "ElectronContinuityEquation"	RelError: 1.68945e-05	AbsError: 2.02217e+11
      Equation: "HoleContinuityEquation"	RelError: 3.86652e-05	AbsError: 2.35501e+07
      Equation: "PotentialEquation"	RelError: 1.06556e-06	AbsError: 1.65747e-08
    Region: "oxide"	RelError: 8.90627e-09	AbsError: 9.50289e-09
      Equation: "PotentialEquation"	RelError: 8.90627e-09	AbsError: 9.50289e-09
Iteration: 3
  Device: "part1_baseline"	RelError: 1.61438e-12	AbsError: 6.10729e+03
    Region: "bulk"	RelError: 1.61409e-12	AbsError: 6.10729e+03
      Equation: "ElectronContinuityEquation"	RelError: 3.45932e-13	AbsError: 6.10582e+03
      Equation: "HoleContinuityEquation"	RelError: 1.17925e-12	AbsError: 1.46764e+00
      Equation: "PotentialEquation"	RelError: 8.89083e-14	AbsError: 6.32952e-16
    Region: "oxide"	RelError: 2.86796e-16	AbsError: 2.74346e-16
      Equation: "PotentialEquation"	RelError: 2.86796e-16	AbsError: 2.74346e-16
number of equations 7095
Iteration: 0
  Device: "part1_baseline"	RelError: 1.45171e+00	AbsError: 5.66250e+17
    Region: "bulk"	RelError: 1.43358e+00	AbsError: 5.66250e+17
      Equation: "ElectronContinuityEquation"	RelError: 2.20970e-01	AbsError: 5.66202e+17
      Equation: "HoleContinuityEquation"	RelError: 3.62046e-01	AbsError: 4.79284e+13
      Equation: "PotentialEquation"	RelError: 8.50566e-01	AbsError: 1.56325e-02
    Region: "oxide"	RelError: 1.81304e-02	AbsError: 2.00000e-02
      Equation: "PotentialEquation"	RelError: 1.81304e-02	AbsError: 2.00000e-02
Iteration: 1
  Device: "part1_baseline"	RelError: 7.64692e-02	AbsError: 3.86284e+15
    Region: "bulk"	RelError: 7.63932e-02	AbsError: 3.86284e+15
      Equation: "ElectronContinuityEquation"	RelError: 3.10784e-02	AbsError: 3.86248e+15
      Equation: "HoleContinuityEquation"	RelError: 4.38299e-02	AbsError: 3.61638e+11
      Equation: "PotentialEquation"	RelError: 1.48485e-03	AbsError: 8.82287e-05
    Region: "oxide"	RelError: 7.60079e-05	AbsError: 8.21884e-05
      Equation: "PotentialEquation"	RelError: 7.60079e-05	AbsError: 8.21884e-05
Iteration: 2
  Device: "part1_baseline"	RelError: 5.05403e-05	AbsError: 2.04352e+11
    Region: "bulk"	RelError: 5.05321e-05	AbsError: 2.04352e+11
      Equation: "ElectronContinuityEquation"	RelError: 1.56467e-05	AbsError: 2.04332e+11
      Equation: "HoleContinuityEquation"	RelError: 3.45647e-05	AbsError: 2.07378e+07
      Equation: "PotentialEquation"	RelError: 3.20690e-07	AbsError: 1.56056e-08
    Region: "oxide"	RelError: 8.13570e-09	AbsError: 8.79725e-09
      Equation: "PotentialEquation"	RelError: 8.13570e-09	AbsError: 8.79725e-09
Iteration: 3
  Device: "part1_baseline"	RelError: 1.25990e-12	AbsError: 5.43621e+03
    Region: "bulk"	RelError: 1.25964e-12	AbsError: 5.43621e+03
      Equation: "ElectronContinuityEquation"	RelError: 2.97879e-13	AbsError: 5.43493e+03
      Equation: "HoleContinuityEquation"	RelError: 9.42313e-13	AbsError: 1.27744e+00
      Equation: "PotentialEquation"	RelError: 1.94506e-14	AbsError: 5.45121e-16
    Region: "oxide"	RelError: 2.59914e-16	AbsError: 2.65295e-16
      Equation: "PotentialEquation"	RelError: 2.59914e-16	AbsError: 2.65295e-16
number of equations 7095
Iteration: 0
  Device: "part1_baseline"	RelError: 6.10111e+00	AbsError: 5.71580e+17
    Region: "bulk"	RelError: 6.08330e+00	AbsError: 5.71580e+17
      Equation: "ElectronContinuityEquation"	RelError: 2.18116e-01	AbsError: 5.71533e+17
      Equation: "HoleContinuityEquation"	RelError: 3.55877e-01	AbsError: 4.76560e+13
      Equation: "PotentialEquation"	RelError: 5.50931e+00	AbsError: 1.55757e-02
    Region: "oxide"	RelError: 1.78075e-02	AbsError: 2.00000e-02
      Equation: "PotentialEquation"	RelError: 1.78075e-02	AbsError: 2.00000e-02
Iteration: 1
  Device: "part1_baseline"	RelError: 8.17163e-02	AbsError: 3.78142e+15
    Region: "bulk"	RelError: 8.16424e-02	AbsError: 3.78142e+15
      Equation: "ElectronContinuityEquation"	RelError: 3.01505e-02	AbsError: 3.78106e+15
      Equation: "HoleContinuityEquation"	RelError: 4.26559e-02	AbsError: 3.52509e+11
      Equation: "PotentialEquation"	RelError: 8.83607e-03	AbsError: 8.57847e-05
    Region: "oxide"	RelError: 7.38336e-05	AbsError: 8.08830e-05
      Equation: "PotentialEquation"	RelError: 7.38336e-05	AbsError: 8.08830e-05
Iteration: 2
  Device: "part1_baseline"	RelError: 4.68145e-05	AbsError: 1.96893e+11
    Region: "bulk"	RelError: 4.68073e-05	AbsError: 1.96893e+11
      Equation: "ElectronContinuityEquation"	RelError: 1.45023e-05	AbsError: 1.96875e+11
      Equation: "HoleContinuityEquation"	RelError: 3.15403e-05	AbsError: 1.82930e+07
      Equation: "PotentialEquation"	RelError: 7.64722e-07	AbsError: 1.46912e-08
    Region: "oxide"	RelError: 7.26559e-09	AbsError: 7.95929e-09
      Equation: "PotentialEquation"	RelError: 7.26559e-09	AbsError: 7.95929e-09
Iteration: 3
  Device: "part1_baseline"	RelError: 1.19052e-12	AbsError: 5.81091e+03
    Region: "bulk"	RelError: 1.19028e-12	AbsError: 5.81091e+03
      Equation: "ElectronContinuityEquation"	RelError: 2.57383e-13	AbsError: 5.80981e+03
      Equation: "HoleContinuityEquation"	RelError: 8.29912e-13	AbsError: 1.09974e+00
      Equation: "PotentialEquation"	RelError: 1.02983e-13	AbsError: 4.68688e-16
    Region: "oxide"	RelError: 2.43504e-16	AbsError: 2.51696e-16
      Equation: "PotentialEquation"	RelError: 2.43504e-16	AbsError: 2.51696e-16
number of equations 7095
Iteration: 0
  Device: "part1_baseline"	RelError: 4.75761e+00	AbsError: 5.76585e+17
    Region: "bulk"	RelError: 4.74011e+00	AbsError: 5.76585e+17
      Equation: "ElectronContinuityEquation"	RelError: 2.15327e-01	AbsError: 5.76538e+17
      Equation: "HoleContinuityEquation"	RelError: 3.49867e-01	AbsError: 4.73904e+13
      Equation: "PotentialEquation"	RelError: 4.17492e+00	AbsError: 1.55170e-02
    Region: "oxide"	RelError: 1.74960e-02	AbsError: 2.00000e-02
      Equation: "PotentialEquation"	RelError: 1.74960e-02	AbsError: 2.00000e-02
Iteration: 1
  Device: "part1_baseline"	RelError: 7.66771e-02	AbsError: 3.73763e+15
    Region: "bulk"	RelError: 7.66057e-02	AbsError: 3.73763e+15
      Equation: "ElectronContinuityEquation"	RelError: 2.92600e-02	AbsError: 3.73729e+15
      Equation: "HoleContinuityEquation"	RelError: 4.15323e-02	AbsError: 3.44431e+11
      Equation: "PotentialEquation"	RelError: 5.81332e-03	AbsError: 8.30535e-05
    Region: "oxide"	RelError: 7.14864e-05	AbsError: 7.93127e-05
      Equation: "PotentialEquation"	RelError: 7.14864e-05	AbsError: 7.93127e-05
Iteration: 2
  Device: "part1_baseline"	RelError: 4.45472e-05	AbsError: 1.89784e+11
    Region: "bulk"	RelError: 4.45408e-05	AbsError: 1.89784e+11
      Equation: "ElectronContinuityEquation"	RelError: 1.34519e-05	AbsError: 1.89768e+11
      Equation: "HoleContinuityEquation"	RelError: 2.91927e-05	AbsError: 1.61753e+07
      Equation: "PotentialEquation"	RelError: 1.89624e-06	AbsError: 1.37989e-08
    Region: "oxide"	RelError: 6.35645e-09	AbsError: 7.05235e-09
      Equation: "PotentialEquation"	RelError: 6.35645e-09	AbsError: 7.05235e-09
Iteration: 3
  Device: "part1_baseline"	RelError: 1.13657e-12	AbsError: 5.82165e+03
    Region: "bulk"	RelError: 1.13635e-12	AbsError: 5.82165e+03
      Equation: "ElectronContinuityEquation"	RelError: 2.23408e-13	AbsError: 5.82069e+03
      Equation: "HoleContinuityEquation"	RelError: 8.09533e-13	AbsError: 9.51600e-01
      Equation: "PotentialEquation"	RelError: 1.03405e-13	AbsError: 4.08510e-16
    Region: "oxide"	RelError: 2.22758e-16	AbsError: 2.33102e-16
      Equation: "PotentialEquation"	RelError: 2.22758e-16	AbsError: 2.33102e-16
number of equations 7095
Iteration: 0
  Device: "part1_baseline"	RelError: 3.28000e+00	AbsError: 5.81288e+17
    Region: "bulk"	RelError: 3.26281e+00	AbsError: 5.81288e+17
      Equation: "ElectronContinuityEquation"	RelError: 2.12599e-01	AbsError: 5.81241e+17
      Equation: "HoleContinuityEquation"	RelError: 3.43962e-01	AbsError: 4.71302e+13
      Equation: "PotentialEquation"	RelError: 2.70625e+00	AbsError: 1.54565e-02
    Region: "oxide"	RelError: 1.71951e-02	AbsError: 2.00000e-02
      Equation: "PotentialEquation"	RelError: 1.71951e-02	AbsError: 2.00000e-02
Iteration: 1
  Device: "part1_baseline"	RelError: 7.23993e-02	AbsError: 3.68387e+15
    Region: "bulk"	RelError: 7.23303e-02	AbsError: 3.68387e+15
      Equation: "ElectronContinuityEquation"	RelError: 2.84045e-02	AbsError: 3.68353e+15
      Equation: "HoleContinuityEquation"	RelError: 4.04491e-02	AbsError: 3.37047e+11
      Equation: "PotentialEquation"	RelError: 3.47672e-03	AbsError: 8.01069e-05
    Region: "oxide"	RelError: 6.90157e-05	AbsError: 7.75271e-05
      Equation: "PotentialEquation"	RelError: 6.90157e-05	AbsError: 7.75271e-05
Iteration: 2
  Device: "part1_baseline"	RelError: 4.28026e-05	AbsError: 1.98050e+11
    Region: "bulk"	RelError: 4.27971e-05	AbsError: 1.98050e+11
      Equation: "ElectronContinuityEquation"	RelError: 1.24875e-05	AbsError: 1.98036e+11
      Equation: "HoleContinuityEquation"	RelError: 2.93707e-05	AbsError: 1.43515e+07
      Equation: "PotentialEquation"	RelError: 9.38830e-07	AbsError: 1.29351e-08
    Region: "oxide"	RelError: 5.46088e-09	AbsError: 6.13435e-09
      Equation: "PotentialEquation"	RelError: 5.46088e-09	AbsError: 6.13435e-09
Iteration: 3
  Device: "part1_baseline"	RelError: 1.01633e-12	AbsError: 5.61463e+03
    Region: "bulk"	RelError: 1.01613e-12	AbsError: 5.61463e+03
      Equation: "ElectronContinuityEquation"	RelError: 1.94926e-13	AbsError: 5.61379e+03
      Equation: "HoleContinuityEquation"	RelError: 7.81903e-13	AbsError: 8.42319e-01
      Equation: "PotentialEquation"	RelError: 3.92962e-14	AbsError: 3.74752e-16
    Region: "oxide"	RelError: 2.04061e-16	AbsError: 2.16121e-16
      Equation: "PotentialEquation"	RelError: 2.04061e-16	AbsError: 2.16121e-16
number of equations 7095
Iteration: 0
  Device: "part1_baseline"	RelError: 3.65660e+00	AbsError: 5.85711e+17
    Region: "bulk"	RelError: 3.63969e+00	AbsError: 5.85711e+17
      Equation: "ElectronContinuityEquation"	RelError: 2.09930e-01	AbsError: 5.85664e+17
      Equation: "HoleContinuityEquation"	RelError: 3.38108e-01	AbsError: 4.68742e+13
      Equation: "PotentialEquation"	RelError: 3.09165e+00	AbsError: 1.53940e-02
    Region: "oxide"	RelError: 1.69044e-02	AbsError: 2.00000e-02
      Equation: "PotentialEquation"	RelError: 1.69044e-02	AbsError: 2.00000e-02
Iteration: 1
  Device: "part1_baseline"	RelError: 7.04467e-02	AbsError: 3.62175e+15
    Region: "bulk"	RelError: 7.03803e-02	AbsError: 3.62175e+15
      Equation: "ElectronContinuityEquation"	RelError: 2.75816e-02	AbsError: 3.62142e+15
      Equation: "HoleContinuityEquation"	RelError: 3.93967e-02	AbsError: 3.30260e+11
      Equation: "PotentialEquation"	RelError: 3.40203e-03	AbsError: 7.70144e-05
    Region: "oxide"	RelError: 6.64677e-05	AbsError: 7.55751e-05
      Equation: "PotentialEquation"	RelError: 6.64677e-05	AbsError: 7.55751e-05
Iteration: 2
  Device: "part1_baseline"	RelError: 4.35422e-05	AbsError: 2.05166e+11
    Region: "bulk"	RelError: 4.35374e-05	AbsError: 2.05166e+11
      Equation: "ElectronContinuityEquation"	RelError: 1.16021e-05	AbsError: 2.05153e+11
      Equation: "HoleContinuityEquation"	RelError: 3.01280e-05	AbsError: 1.28033e+07
      Equation: "PotentialEquation"	RelError: 1.80725e-06	AbsError: 1.21445e-08
    Region: "oxide"	RelError: 4.82647e-09	AbsError: 5.85900e-09
      Equation: "PotentialEquation"	RelError: 4.82647e-09	AbsError: 5.85900e-09
Iteration: 3
  Device: "part1_baseline"	RelError: 9.96889e-13	AbsError: 5.31539e+03
    Region: "bulk"	RelError: 9.96698e-13	AbsError: 5.31539e+03
      Equation: "ElectronContinuityEquation"	RelError: 1.70964e-13	AbsError: 5.31462e+03
      Equation: "HoleContinuityEquation"	RelError: 7.49450e-13	AbsError: 7.72342e-01
      Equation: "PotentialEquation"	RelError: 7.62839e-14	AbsError: 3.63566e-16
    Region: "oxide"	RelError: 1.90670e-16	AbsError: 2.04327e-16
      Equation: "PotentialEquation"	RelError: 1.90670e-16	AbsError: 2.04327e-16
number of equations 7095
Iteration: 0
  Device: "part1_baseline"	RelError: 3.41825e+00	AbsError: 5.89875e+17
    Region: "bulk"	RelError: 3.40163e+00	AbsError: 5.89875e+17
      Equation: "ElectronContinuityEquation"	RelError: 2.07818e-01	AbsError: 5.89829e+17
      Equation: "HoleContinuityEquation"	RelError: 3.32255e-01	AbsError: 4.66211e+13
      Equation: "PotentialEquation"	RelError: 2.86155e+00	AbsError: 1.53294e-02
    Region: "oxide"	RelError: 1.66234e-02	AbsError: 2.00000e-02
      Equation: "PotentialEquation"	RelError: 1.66234e-02	AbsError: 2.00000e-02
Iteration: 1
  Device: "part1_baseline"	RelError: 6.77527e-02	AbsError: 3.55285e+15
    Region: "bulk"	RelError: 6.76888e-02	AbsError: 3.55285e+15
      Equation: "ElectronContinuityEquation"	RelError: 2.67893e-02	AbsError: 3.55252e+15
      Equation: "HoleContinuityEquation"	RelError: 3.83660e-02	AbsError: 3.23989e+11
      Equation: "PotentialEquation"	RelError: 2.53347e-03	AbsError: 7.55823e-05
    Region: "oxide"	RelError: 6.38837e-05	AbsError: 7.35024e-05
      Equation: "PotentialEquation"	RelError: 6.38837e-05	AbsError: 7.35024e-05
Iteration: 2
  Device: "part1_baseline"	RelError: 4.23101e-05	AbsError: 2.07673e+11
    Region: "bulk"	RelError: 4.23049e-05	AbsError: 2.07673e+11
      Equation: "ElectronContinuityEquation"	RelError: 1.07892e-05	AbsError: 2.07661e+11
      Equation: "HoleContinuityEquation"	RelError: 3.11093e-05	AbsError: 1.15703e+07
      Equation: "PotentialEquation"	RelError: 4.06404e-07	AbsError: 1.17958e-08
    Region: "oxide"	RelError: 5.19604e-09	AbsError: 6.38470e-09
      Equation: "PotentialEquation"	RelError: 5.19604e-09	AbsError: 6.38470e-09
Iteration: 3
  Device: "part1_baseline"	RelError: 8.90622e-13	AbsError: 5.00876e+03
    Region: "bulk"	RelError: 8.90439e-13	AbsError: 5.00876e+03
      Equation: "ElectronContinuityEquation"	RelError: 1.50653e-13	AbsError: 5.00802e+03
      Equation: "HoleContinuityEquation"	RelError: 7.13832e-13	AbsError: 7.34702e-01
      Equation: "PotentialEquation"	RelError: 2.59536e-14	AbsError: 3.60196e-16
    Region: "oxide"	RelError: 1.82980e-16	AbsError: 1.98356e-16
      Equation: "PotentialEquation"	RelError: 1.82980e-16	AbsError: 1.98356e-16
number of equations 7095
Iteration: 0
  Device: "part1_baseline"	RelError: 2.21496e+00	AbsError: 5.93799e+17
    Region: "bulk"	RelError: 2.19860e+00	AbsError: 5.93799e+17
      Equation: "ElectronContinuityEquation"	RelError: 2.07770e-01	AbsError: 5.93752e+17
      Equation: "HoleContinuityEquation"	RelError: 3.26350e-01	AbsError: 4.63702e+13
      Equation: "PotentialEquation"	RelError: 1.66448e+00	AbsError: 1.52627e-02
    Region: "oxide"	RelError: 1.63516e-02	AbsError: 2.00000e-02
      Equation: "PotentialEquation"	RelError: 1.63516e-02	AbsError: 2.00000e-02
Iteration: 1
  Device: "part1_baseline"	RelError: 6.50082e-02	AbsError: 3.52882e+15
    Region: "bulk"	RelError: 6.49469e-02	AbsError: 3.52882e+15
      Equation: "ElectronContinuityEquation"	RelError: 2.60260e-02	AbsError: 3.52851e+15
      Equation: "HoleContinuityEquation"	RelError: 3.73484e-02	AbsError: 3.18162e+11
      Equation: "PotentialEquation"	RelError: 1.57243e-03	AbsError: 7.51972e-05
    Region: "oxide"	RelError: 6.12980e-05	AbsError: 7.13488e-05
      Equation: "PotentialEquation"	RelError: 6.12980e-05	AbsError: 7.13488e-05
Iteration: 2
  Device: "part1_baseline"	RelError: 4.24641e-05	AbsError: 2.06307e+11
    Region: "bulk"	RelError: 4.24585e-05	AbsError: 2.06307e+11
      Equation: "ElectronContinuityEquation"	RelError: 1.00424e-05	AbsError: 2.06297e+11
      Equation: "HoleContinuityEquation"	RelError: 3.22023e-05	AbsError: 1.05013e+07
      Equation: "PotentialEquation"	RelError: 2.13918e-07	AbsError: 1.14520e-08
    Region: "oxide"	RelError: 5.51105e-09	AbsError: 6.85276e-09
      Equation: "PotentialEquation"	RelError: 5.51105e-09	AbsError: 6.85276e-09
Iteration: 3
  Device: "part1_baseline"	RelError: 8.46208e-13	AbsError: 4.73426e+03
    Region: "bulk"	RelError: 8.46029e-13	AbsError: 4.73426e+03
      Equation: "ElectronContinuityEquation"	RelError: 1.33263e-13	AbsError: 4.73354e+03
      Equation: "HoleContinuityEquation"	RelError: 6.96597e-13	AbsError: 7.17912e-01
      Equation: "PotentialEquation"	RelError: 1.61686e-14	AbsError: 3.59074e-16
    Region: "oxide"	RelError: 1.79391e-16	AbsError: 1.96669e-16
      Equation: "PotentialEquation"	RelError: 1.79391e-16	AbsError: 1.96669e-16
number of equations 7095
Iteration: 0
  Device: "part1_baseline"	RelError: 3.06197e+00	AbsError: 5.97498e+17
    Region: "bulk"	RelError: 3.04588e+00	AbsError: 5.97498e+17
      Equation: "ElectronContinuityEquation"	RelError: 2.07537e-01	AbsError: 5.97452e+17
      Equation: "HoleContinuityEquation"	RelError: 3.20347e-01	AbsError: 4.61205e+13
      Equation: "PotentialEquation"	RelError: 2.51800e+00	AbsError: 1.51937e-02
    Region: "oxide"	RelError: 1.60885e-02	AbsError: 2.00000e-02
      Equation: "PotentialEquation"	RelError: 1.60885e-02	AbsError: 2.00000e-02
Iteration: 1
  Device: "part1_baseline"	RelError: 6.38999e-02	AbsError: 3.50990e+15
    Region: "bulk"	RelError: 6.38412e-02	AbsError: 3.50990e+15
      Equation: "ElectronContinuityEquation"	RelError: 2.52904e-02	AbsError: 3.50959e+15
      Equation: "HoleContinuityEquation"	RelError: 3.63359e-02	AbsError: 3.12713e+11
      Equation: "PotentialEquation"	RelError: 2.21489e-03	AbsError: 7.50130e-05
    Region: "oxide"	RelError: 5.87380e-05	AbsError: 6.91481e-05
      Equation: "PotentialEquation"	RelError: 5.87380e-05	AbsError: 6.91481e-05
Iteration: 2
  Device: "part1_baseline"	RelError: 4.27820e-05	AbsError: 2.01786e+11
    Region: "bulk"	RelError: 4.27762e-05	AbsError: 2.01786e+11
      Equation: "ElectronContinuityEquation"	RelError: 9.35559e-06	AbsError: 2.01776e+11
      Equation: "HoleContinuityEquation"	RelError: 3.31918e-05	AbsError: 9.56882e+06
      Equation: "PotentialEquation"	RelError: 2.28783e-07	AbsError: 1.11068e-08
    Region: "oxide"	RelError: 5.74785e-09	AbsError: 7.23090e-09
      Equation: "PotentialEquation"	RelError: 5.74785e-09	AbsError: 7.23090e-09
Iteration: 3
  Device: "part1_baseline"	RelError: 8.32936e-13	AbsError: 4.49358e+03
    Region: "bulk"	RelError: 8.32759e-13	AbsError: 4.49358e+03
      Equation: "ElectronContinuityEquation"	RelError: 1.18221e-13	AbsError: 4.49287e+03
      Equation: "HoleContinuityEquation"	RelError: 6.89701e-13	AbsError: 7.09211e-01
      Equation: "PotentialEquation"	RelError: 2.48368e-14	AbsError: 3.56254e-16
    Region: "oxide"	RelError: 1.77362e-16	AbsError: 1.96603e-16
      Equation: "PotentialEquation"	RelError: 1.77362e-16	AbsError: 1.96603e-16
number of equations 7095
Iteration: 0
  Device: "part1_baseline"	RelError: 1.48779e+01	AbsError: 6.00990e+17
    Region: "bulk"	RelError: 1.48620e+01	AbsError: 6.00990e+17
      Equation: "ElectronContinuityEquation"	RelError: 2.07102e-01	AbsError: 6.00944e+17
      Equation: "HoleContinuityEquation"	RelError: 3.14196e-01	AbsError: 4.58713e+13
      Equation: "PotentialEquation"	RelError: 1.43407e+01	AbsError: 1.51225e-02
    Region: "oxide"	RelError: 1.58338e-02	AbsError: 2.00000e-02
      Equation: "PotentialEquation"	RelError: 1.58338e-02	AbsError: 2.00000e-02
Iteration: 1
  Device: "part1_baseline"	RelError: 7.05275e-02	AbsError: 3.48054e+15
    Region: "bulk"	RelError: 7.04713e-02	AbsError: 3.48054e+15
      Equation: "ElectronContinuityEquation"	RelError: 2.45812e-02	AbsError: 3.48023e+15
      Equation: "HoleContinuityEquation"	RelError: 3.53208e-02	AbsError: 3.07586e+11
      Equation: "PotentialEquation"	RelError: 1.05693e-02	AbsError: 7.50119e-05
    Region: "oxide"	RelError: 5.62246e-05	AbsError: 6.83735e-05
      Equation: "PotentialEquation"	RelError: 5.62246e-05	AbsError: 6.83735e-05
Iteration: 2
  Device: "part1_baseline"	RelError: 4.34109e-05	AbsError: 1.96891e+11
    Region: "bulk"	RelError: 4.34050e-05	AbsError: 1.96891e+11
      Equation: "ElectronContinuityEquation"	RelError: 8.72299e-06	AbsError: 1.96883e+11
      Equation: "HoleContinuityEquation"	RelError: 3.40672e-05	AbsError: 8.74543e+06
      Equation: "PotentialEquation"	RelError: 6.14803e-07	AbsError: 1.08184e-08
    Region: "oxide"	RelError: 5.88762e-09	AbsError: 7.49165e-09
      Equation: "PotentialEquation"	RelError: 5.88762e-09	AbsError: 7.49165e-09
Iteration: 3
  Device: "part1_baseline"	RelError: 9.19213e-13	AbsError: 4.26490e+03
    Region: "bulk"	RelError: 9.19036e-13	AbsError: 4.26490e+03
      Equation: "ElectronContinuityEquation"	RelError: 1.05106e-13	AbsError: 4.26420e+03
      Equation: "HoleContinuityEquation"	RelError: 6.78219e-13	AbsError: 6.97369e-01
      Equation: "PotentialEquation"	RelError: 1.35711e-13	AbsError: 3.51366e-16
    Region: "oxide"	RelError: 1.77313e-16	AbsError: 2.11065e-16
      Equation: "PotentialEquation"	RelError: 1.77313e-16	AbsError: 2.11065e-16
number of equations 7095
Iteration: 0
  Device: "part1_baseline"	RelError: 2.40517e+00	AbsError: 6.04287e+17
    Region: "bulk"	RelError: 2.38958e+00	AbsError: 6.04287e+17
      Equation: "ElectronContinuityEquation"	RelError: 2.06448e-01	AbsError: 6.04242e+17
      Equation: "HoleContinuityEquation"	RelError: 3.07853e-01	AbsError: 4.56220e+13
      Equation: "PotentialEquation"	RelError: 1.87528e+00	AbsError: 1.50489e-02
    Region: "oxide"	RelError: 1.55870e-02	AbsError: 2.00000e-02
      Equation: "PotentialEquation"	RelError: 1.55870e-02	AbsError: 2.00000e-02
Iteration: 1
  Device: "part1_baseline"	RelError: 6.00775e-02	AbsError: 3.44205e+15
    Region: "bulk"	RelError: 6.00237e-02	AbsError: 3.44205e+15
      Equation: "ElectronContinuityEquation"	RelError: 2.38979e-02	AbsError: 3.44175e+15
      Equation: "HoleContinuityEquation"	RelError: 3.42959e-02	AbsError: 3.02731e+11
      Equation: "PotentialEquation"	RelError: 1.82992e-03	AbsError: 7.46733e-05
    Region: "oxide"	RelError: 5.37725e-05	AbsError: 6.87536e-05
      Equation: "PotentialEquation"	RelError: 5.37725e-05	AbsError: 6.87536e-05
Iteration: 2
  Device: "part1_baseline"	RelError: 4.35292e-05	AbsError: 2.13782e+11
    Region: "bulk"	RelError: 4.35232e-05	AbsError: 2.13782e+11
      Equation: "ElectronContinuityEquation"	RelError: 8.13886e-06	AbsError: 2.13774e+11
      Equation: "HoleContinuityEquation"	RelError: 3.48200e-05	AbsError: 8.00544e+06
      Equation: "PotentialEquation"	RelError: 5.64345e-07	AbsError: 1.05180e-08
    Region: "oxide"	RelError: 5.91872e-09	AbsError: 7.61579e-09
      Equation: "PotentialEquation"	RelError: 5.91872e-09	AbsError: 7.61579e-09
Iteration: 3
  Device: "part1_baseline"	RelError: 7.86246e-13	AbsError: 4.80122e+03
    Region: "bulk"	RelError: 7.86056e-13	AbsError: 4.80122e+03
      Equation: "ElectronContinuityEquation"	RelError: 9.36174e-14	AbsError: 4.80055e+03
      Equation: "HoleContinuityEquation"	RelError: 6.62700e-13	AbsError: 6.74576e-01
      Equation: "PotentialEquation"	RelError: 2.97385e-14	AbsError: 3.39838e-16
    Region: "oxide"	RelError: 1.89723e-16	AbsError: 2.28303e-16
      Equation: "PotentialEquation"	RelError: 1.89723e-16	AbsError: 2.28303e-16
number of equations 7095
Iteration: 0
  Device: "part1_baseline"	RelError: 9.19129e+00	AbsError: 6.07404e+17
    Region: "bulk"	RelError: 9.17594e+00	AbsError: 6.07404e+17
      Equation: "ElectronContinuityEquation"	RelError: 2.06078e-01	AbsError: 6.07359e+17
      Equation: "HoleContinuityEquation"	RelError: 3.01278e-01	AbsError: 4.53722e+13
      Equation: "PotentialEquation"	RelError: 8.66859e+00	AbsError: 1.49729e-02
    Region: "oxide"	RelError: 1.53478e-02	AbsError: 2.00000e-02
      Equation: "PotentialEquation"	RelError: 1.53478e-02	AbsError: 2.00000e-02
Iteration: 1
  Device: "part1_baseline"	RelError: 6.33483e-02	AbsError: 3.39572e+15
    Region: "bulk"	RelError: 6.32953e-02	AbsError: 3.39572e+15
      Equation: "ElectronContinuityEquation"	RelError: 2.32398e-02	AbsError: 3.39542e+15
      Equation: "HoleContinuityEquation"	RelError: 3.32547e-02	AbsError: 2.98103e+11
      Equation: "PotentialEquation"	RelError: 6.80088e-03	AbsError: 7.39950e-05
    Region: "oxide"	RelError: 5.29417e-05	AbsError: 6.88707e-05
      Equation: "PotentialEquation"	RelError: 5.29417e-05	AbsError: 6.88707e-05
Iteration: 2
  Device: "part1_baseline"	RelError: 4.81409e-05	AbsError: 2.25876e+11
    Region: "bulk"	RelError: 4.81350e-05	AbsError: 2.25876e+11
      Equation: "ElectronContinuityEquation"	RelError: 7.59781e-06	AbsError: 2.25869e+11
      Equation: "HoleContinuityEquation"	RelError: 3.54453e-05	AbsError: 7.32715e+06
      Equation: "PotentialEquation"	RelError: 5.09189e-06	AbsError: 1.01932e-08
    Region: "oxide"	RelError: 5.83803e-09	AbsError: 7.59457e-09
      Equation: "PotentialEquation"	RelError: 5.83803e-09	AbsError: 7.59457e-09
Iteration: 3
  Device: "part1_baseline"	RelError: 9.36904e-13	AbsError: 5.24925e+03
    Region: "bulk"	RelError: 9.36712e-13	AbsError: 5.24925e+03
      Equation: "ElectronContinuityEquation"	RelError: 8.35337e-14	AbsError: 5.24861e+03
      Equation: "HoleContinuityEquation"	RelError: 6.43611e-13	AbsError: 6.37277e-01
      Equation: "PotentialEquation"	RelError: 2.09567e-13	AbsError: 3.20778e-16
    Region: "oxide"	RelError: 1.92073e-16	AbsError: 2.33603e-16
      Equation: "PotentialEquation"	RelError: 1.92073e-16	AbsError: 2.33603e-16
number of equations 7095
Iteration: 0
  Device: "part1_baseline"	RelError: 7.40799e+00	AbsError: 6.10352e+17
    Region: "bulk"	RelError: 7.39287e+00	AbsError: 6.10352e+17
      Equation: "ElectronContinuityEquation"	RelError: 2.05535e-01	AbsError: 6.10307e+17
      Equation: "HoleContinuityEquation"	RelError: 2.94434e-01	AbsError: 4.51212e+13
      Equation: "PotentialEquation"	RelError: 6.89290e+00	AbsError: 1.48944e-02
    Region: "oxide"	RelError: 1.51158e-02	AbsError: 2.00000e-02
      Equation: "PotentialEquation"	RelError: 1.51158e-02	AbsError: 2.00000e-02
Iteration: 1
  Device: "part1_baseline"	RelError: 6.06366e-02	AbsError: 3.34273e+15
    Region: "bulk"	RelError: 6.05843e-02	AbsError: 3.34273e+15
      Equation: "ElectronContinuityEquation"	RelError: 2.26062e-02	AbsError: 3.34243e+15
      Equation: "HoleContinuityEquation"	RelError: 3.21916e-02	AbsError: 2.93667e+11
      Equation: "PotentialEquation"	RelError: 5.78653e-03	AbsError: 7.29866e-05
    Region: "oxide"	RelError: 5.22653e-05	AbsError: 6.87232e-05
      Equation: "PotentialEquation"	RelError: 5.22653e-05	AbsError: 6.87232e-05
Iteration: 2
  Device: "part1_baseline"	RelError: 4.36729e-05	AbsError: 2.33413e+11
    Region: "bulk"	RelError: 4.36673e-05	AbsError: 2.33413e+11
      Equation: "ElectronContinuityEquation"	RelError: 7.09489e-06	AbsError: 2.33407e+11
      Equation: "HoleContinuityEquation"	RelError: 3.59425e-05	AbsError: 6.69613e+06
      Equation: "PotentialEquation"	RelError: 6.29835e-07	AbsError: 9.84195e-09
    Region: "oxide"	RelError: 5.65113e-09	AbsError: 7.43062e-09
      Equation: "PotentialEquation"	RelError: 5.65113e-09	AbsError: 7.43062e-09
Iteration: 3
  Device: "part1_baseline"	RelError: 7.68423e-13	AbsError: 5.39102e+03
    Region: "bulk"	RelError: 7.68237e-13	AbsError: 5.39102e+03
      Equation: "ElectronContinuityEquation"	RelError: 7.46746e-14	AbsError: 5.39043e+03
      Equation: "HoleContinuityEquation"	RelError: 6.21417e-13	AbsError: 5.85978e-01
      Equation: "PotentialEquation"	RelError: 7.21459e-14	AbsError: 2.95415e-16
    Region: "oxide"	RelError: 1.85115e-16	AbsError: 2.27500e-16
      Equation: "PotentialEquation"	RelError: 1.85115e-16	AbsError: 2.27500e-16
number of equations 7095
Iteration: 0
  Device: "part1_baseline"	RelError: 5.48753e+00	AbsError: 6.13142e+17
    Region: "bulk"	RelError: 5.47264e+00	AbsError: 6.13142e+17
      Equation: "ElectronContinuityEquation"	RelError: 2.04804e-01	AbsError: 6.13097e+17
      Equation: "HoleContinuityEquation"	RelError: 2.87290e-01	AbsError: 4.48689e+13
      Equation: "PotentialEquation"	RelError: 4.98054e+00	AbsError: 1.48133e-02
    Region: "oxide"	RelError: 1.48907e-02	AbsError: 2.00000e-02
      Equation: "PotentialEquation"	RelError: 1.48907e-02	AbsError: 2.00000e-02
Iteration: 1
  Device: "part1_baseline"	RelError: 5.74442e-02	AbsError: 3.30981e+15
    Region: "bulk"	RelError: 5.73928e-02	AbsError: 3.30981e+15
      Equation: "ElectronContinuityEquation"	RelError: 2.19966e-02	AbsError: 3.30952e+15
      Equation: "HoleContinuityEquation"	RelError: 3.11017e-02	AbsError: 2.89391e+11
      Equation: "PotentialEquation"	RelError: 4.29448e-03	AbsError: 7.16694e-05
    Region: "oxide"	RelError: 5.14148e-05	AbsError: 6.83182e-05
      Equation: "PotentialEquation"	RelError: 5.14148e-05	AbsError: 6.83182e-05
Iteration: 2
  Device: "part1_baseline"	RelError: 4.32240e-05	AbsError: 2.36728e+11
    Region: "bulk"	RelError: 4.32186e-05	AbsError: 2.36728e+11
      Equation: "ElectronContinuityEquation"	RelError: 6.62566e-06	AbsError: 2.36722e+11
      Equation: "HoleContinuityEquation"	RelError: 3.63158e-05	AbsError: 6.11066e+06
      Equation: "PotentialEquation"	RelError: 2.77202e-07	AbsError: 9.46496e-09
    Region: "oxide"	RelError: 5.37134e-09	AbsError: 7.13725e-09
      Equation: "PotentialEquation"	RelError: 5.37134e-09	AbsError: 7.13725e-09
Iteration: 3
  Device: "part1_baseline"	RelError: 7.18053e-13	AbsError: 5.26128e+03
    Region: "bulk"	RelError: 7.17882e-13	AbsError: 5.26128e+03
      Equation: "ElectronContinuityEquation"	RelError: 6.68692e-14	AbsError: 5.26076e+03
      Equation: "HoleContinuityEquation"	RelError: 5.96641e-13	AbsError: 5.24386e-01
      Equation: "PotentialEquation"	RelError: 5.43727e-14	AbsError: 2.65982e-16
    Region: "oxide"	RelError: 1.70902e-16	AbsError: 2.12191e-16
      Equation: "PotentialEquation"	RelError: 1.70902e-16	AbsError: 2.12191e-16
number of equations 7095
Iteration: 0
  Device: "part1_baseline"	RelError: 1.89797e+00	AbsError: 6.15784e+17
    Region: "bulk"	RelError: 1.88330e+00	AbsError: 6.15784e+17
      Equation: "ElectronContinuityEquation"	RelError: 2.03979e-01	AbsError: 6.15740e+17
      Equation: "HoleContinuityEquation"	RelError: 2.84187e-01	AbsError: 4.46148e+13
      Equation: "PotentialEquation"	RelError: 1.39513e+00	AbsError: 1.47296e-02
    Region: "oxide"	RelError: 1.46722e-02	AbsError: 2.00000e-02
      Equation: "PotentialEquation"	RelError: 1.46722e-02	AbsError: 2.00000e-02
Iteration: 1
  Device: "part1_baseline"	RelError: 5.24949e-02	AbsError: 3.32835e+15
    Region: "bulk"	RelError: 5.24445e-02	AbsError: 3.32835e+15
      Equation: "ElectronContinuityEquation"	RelError: 2.14102e-02	AbsError: 3.32807e+15
      Equation: "HoleContinuityEquation"	RelError: 2.99817e-02	AbsError: 2.85251e+11
      Equation: "PotentialEquation"	RelError: 1.05257e-03	AbsError: 7.00749e-05
    Region: "oxide"	RelError: 5.04069e-05	AbsError: 6.76715e-05
      Equation: "PotentialEquation"	RelError: 5.04069e-05	AbsError: 6.76715e-05
Iteration: 2
  Device: "part1_baseline"	RelError: 4.29343e-05	AbsError: 2.36239e+11
    Region: "bulk"	RelError: 4.29293e-05	AbsError: 2.36239e+11
      Equation: "ElectronContinuityEquation"	RelError: 6.18626e-06	AbsError: 2.36233e+11
      Equation: "HoleContinuityEquation"	RelError: 3.65734e-05	AbsError: 5.55583e+06
      Equation: "PotentialEquation"	RelError: 1.69599e-07	AbsError: 9.06569e-09
    Region: "oxide"	RelError: 5.01774e-09	AbsError: 6.73634e-09
      Equation: "PotentialEquation"	RelError: 5.01774e-09	AbsError: 6.73634e-09
Iteration: 3
  Device: "part1_baseline"	RelError: 6.42092e-13	AbsError: 4.91956e+03
    Region: "bulk"	RelError: 6.41940e-13	AbsError: 4.91956e+03
      Equation: "ElectronContinuityEquation"	RelError: 5.99436e-14	AbsError: 4.91910e+03
      Equation: "HoleContinuityEquation"	RelError: 5.69879e-13	AbsError: 4.57980e-01
      Equation: "PotentialEquation"	RelError: 1.21176e-14	AbsError: 2.35166e-16
    Region: "oxide"	RelError: 1.52158e-16	AbsError: 1.90823e-16
      Equation: "PotentialEquation"	RelError: 1.52158e-16	AbsError: 1.90823e-16
number of equations 7095
Iteration: 0
  Device: "part1_baseline"	RelError: 1.08238e+00	AbsError: 6.18289e+17
    Region: "bulk"	RelError: 1.06792e+00	AbsError: 6.18289e+17
      Equation: "ElectronContinuityEquation"	RelError: 2.03822e-01	AbsError: 6.18244e+17
      Equation: "HoleContinuityEquation"	RelError: 2.81634e-01	AbsError: 4.43588e+13
      Equation: "PotentialEquation"	RelError: 5.82462e-01	AbsError: 1.46431e-02
    Region: "oxide"	RelError: 1.44600e-02	AbsError: 2.00000e-02
      Equation: "PotentialEquation"	RelError: 1.44600e-02	AbsError: 2.00000e-02
Iteration: 1
  Device: "part1_baseline"	RelError: 5.01784e-02	AbsError: 3.33453e+15
    Region: "bulk"	RelError: 5.01292e-02	AbsError: 3.33453e+15
      Equation: "ElectronContinuityEquation"	RelError: 2.08461e-02	AbsError: 3.33425e+15
      Equation: "HoleContinuityEquation"	RelError: 2.88293e-02	AbsError: 2.81229e+11
      Equation: "PotentialEquation"	RelError: 4.53728e-04	AbsError: 6.82432e-05
    Region: "oxide"	RelError: 4.92630e-05	AbsError: 6.68060e-05
      Equation: "PotentialEquation"	RelError: 4.92630e-05	AbsError: 6.68060e-05
Iteration: 2
  Device: "part1_baseline"	RelError: 4.26231e-05	AbsError: 2.32437e+11
    Region: "bulk"	RelError: 4.26185e-05	AbsError: 2.32437e+11
      Equation: "ElectronContinuityEquation"	RelError: 5.77343e-06	AbsError: 2.32432e+11
      Equation: "HoleContinuityEquation"	RelError: 3.67273e-05	AbsError: 5.03206e+06
      Equation: "PotentialEquation"	RelError: 1.17768e-07	AbsError: 8.66368e-09
    Region: "oxide"	RelError: 4.61280e-09	AbsError: 6.25547e-09
      Equation: "PotentialEquation"	RelError: 4.61280e-09	AbsError: 6.25547e-09
Iteration: 3
  Device: "part1_baseline"	RelError: 6.00287e-13	AbsError: 4.43870e+03
    Region: "bulk"	RelError: 6.00155e-13	AbsError: 4.43870e+03
      Equation: "ElectronContinuityEquation"	RelError: 5.37228e-14	AbsError: 4.43830e+03
      Equation: "HoleContinuityEquation"	RelError: 5.41789e-13	AbsError: 3.92857e-01
      Equation: "PotentialEquation"	RelError: 4.64339e-15	AbsError: 2.05569e-16
    Region: "oxide"	RelError: 1.31681e-16	AbsError: 1.66777e-16
      Equation: "PotentialEquation"	RelError: 1.31681e-16	AbsError: 1.66777e-16
number of equations 7095
Iteration: 0
  Device: "part1_baseline"	RelError: 8.65382e-01	AbsError: 6.20664e+17
    Region: "bulk"	RelError: 8.51128e-01	AbsError: 6.20664e+17
      Equation: "ElectronContinuityEquation"	RelError: 2.04003e-01	AbsError: 6.20619e+17
      Equation: "HoleContinuityEquation"	RelError: 2.79102e-01	AbsError: 4.41005e+13
      Equation: "PotentialEquation"	RelError: 3.68022e-01	AbsError: 1.45540e-02
    Region: "oxide"	RelError: 1.42539e-02	AbsError: 2.00000e-02
      Equation: "PotentialEquation"	RelError: 1.42539e-02	AbsError: 2.00000e-02
Iteration: 1
  Device: "part1_baseline"	RelError: 4.89467e-02	AbsError: 3.32936e+15
    Region: "bulk"	RelError: 4.88987e-02	AbsError: 3.32936e+15
      Equation: "ElectronContinuityEquation"	RelError: 2.03030e-02	AbsError: 3.32908e+15
      Equation: "HoleContinuityEquation"	RelError: 2.83115e-02	AbsError: 2.77311e+11
      Equation: "PotentialEquation"	RelError: 2.84123e-04	AbsError: 6.62205e-05
    Region: "oxide"	RelError: 4.80078e-05	AbsError: 6.57506e-05
      Equation: "PotentialEquation"	RelError: 4.80078e-05	AbsError: 6.57506e-05
Iteration: 2
  Device: "part1_baseline"	RelError: 4.22674e-05	AbsError: 2.25868e+11
    Region: "bulk"	RelError: 4.22632e-05	AbsError: 2.25868e+11
      Equation: "ElectronContinuityEquation"	RelError: 5.38451e-06	AbsError: 2.25863e+11
      Equation: "HoleContinuityEquation"	RelError: 3.67912e-05	AbsError: 4.54286e+06
      Equation: "PotentialEquation"	RelError: 8.74923e-08	AbsError: 8.27360e-09
    Region: "oxide"	RelError: 4.17979e-09	AbsError: 5.72456e-09
      Equation: "PotentialEquation"	RelError: 4.17979e-09	AbsError: 5.72456e-09
Iteration: 3
  Device: "part1_baseline"	RelError: 5.63913e-13	AbsError: 3.89311e+03
    Region: "bulk"	RelError: 5.63801e-13	AbsError: 3.89311e+03
      Equation: "ElectronContinuityEquation"	RelError: 4.80427e-14	AbsError: 3.89278e+03
      Equation: "HoleContinuityEquation"	RelError: 5.13045e-13	AbsError: 3.34512e-01
      Equation: "PotentialEquation"	RelError: 2.71374e-15	AbsError: 1.79278e-16
    Region: "oxide"	RelError: 1.11887e-16	AbsError: 1.43083e-16
      Equation: "PotentialEquation"	RelError: 1.11887e-16	AbsError: 1.43083e-16
number of equations 7095
Iteration: 0
  Device: "part1_baseline"	RelError: 7.63684e-01	AbsError: 6.22917e+17
    Region: "bulk"	RelError: 7.49630e-01	AbsError: 6.22917e+17
      Equation: "ElectronContinuityEquation"	RelError: 2.04081e-01	AbsError: 6.22873e+17
      Equation: "HoleContinuityEquation"	RelError: 2.76574e-01	AbsError: 4.38399e+13
      Equation: "PotentialEquation"	RelError: 2.68975e-01	AbsError: 1.44620e-02
    Region: "oxide"	RelError: 1.40536e-02	AbsError: 2.00000e-02
      Equation: "PotentialEquation"	RelError: 1.40536e-02	AbsError: 2.00000e-02
Iteration: 1
  Device: "part1_baseline"	RelError: 4.79310e-02	AbsError: 3.31396e+15
    Region: "bulk"	RelError: 4.78843e-02	AbsError: 3.31396e+15
      Equation: "ElectronContinuityEquation"	RelError: 1.97795e-02	AbsError: 3.31368e+15
      Equation: "HoleContinuityEquation"	RelError: 2.79001e-02	AbsError: 2.73486e+11
      Equation: "PotentialEquation"	RelError: 2.04665e-04	AbsError: 6.45380e-05
    Region: "oxide"	RelError: 4.66677e-05	AbsError: 6.45380e-05
      Equation: "PotentialEquation"	RelError: 4.66677e-05	AbsError: 6.45380e-05
Iteration: 2
  Device: "part1_baseline"	RelError: 4.18682e-05	AbsError: 2.17102e+11
    Region: "bulk"	RelError: 4.18644e-05	AbsError: 2.17102e+11
      Equation: "ElectronContinuityEquation"	RelError: 5.01738e-06	AbsError: 2.17097e+11
      Equation: "HoleContinuityEquation"	RelError: 3.67792e-05	AbsError: 4.09332e+06
      Equation: "PotentialEquation"	RelError: 6.78308e-08	AbsError: 7.87547e-09
    Region: "oxide"	RelError: 3.74047e-09	AbsError: 5.17279e-09
      Equation: "PotentialEquation"	RelError: 3.74047e-09	AbsError: 5.17279e-09
Iteration: 3
  Device: "part1_baseline"	RelError: 5.29202e-13	AbsError: 3.34886e+03
    Region: "bulk"	RelError: 5.29108e-13	AbsError: 3.34886e+03
      Equation: "ElectronContinuityEquation"	RelError: 4.27638e-14	AbsError: 3.34857e+03
      Equation: "HoleContinuityEquation"	RelError: 4.84286e-13	AbsError: 2.85801e-01
      Equation: "PotentialEquation"	RelError: 2.05767e-15	AbsError: 1.57631e-16
    Region: "oxide"	RelError: 9.45317e-17	AbsError: 1.22042e-16
      Equation: "PotentialEquation"	RelError: 9.45317e-17	AbsError: 1.22042e-16
number of equations 7095
Iteration: 0
  Device: "part1_baseline"	RelError: 7.63920e-01	AbsError: 6.25056e+17
    Region: "bulk"	RelError: 7.50062e-01	AbsError: 6.25056e+17
      Equation: "ElectronContinuityEquation"	RelError: 2.04049e-01	AbsError: 6.25013e+17
      Equation: "HoleContinuityEquation"	RelError: 2.74032e-01	AbsError: 4.35767e+13
      Equation: "PotentialEquation"	RelError: 2.71981e-01	AbsError: 1.43671e-02
    Region: "oxide"	RelError: 1.38589e-02	AbsError: 2.00000e-02
      Equation: "PotentialEquation"	RelError: 1.38589e-02	AbsError: 2.00000e-02
Iteration: 1
  Device: "part1_baseline"	RelError: 4.69827e-02	AbsError: 3.28950e+15
    Region: "bulk"	RelError: 4.69374e-02	AbsError: 3.28950e+15
      Equation: "ElectronContinuityEquation"	RelError: 1.92740e-02	AbsError: 3.28923e+15
      Equation: "HoleContinuityEquation"	RelError: 2.74939e-02	AbsError: 2.69747e+11
      Equation: "PotentialEquation"	RelError: 1.69517e-04	AbsError: 6.32024e-05
    Region: "oxide"	RelError: 4.52693e-05	AbsError: 6.32024e-05
      Equation: "PotentialEquation"	RelError: 4.52693e-05	AbsError: 6.32024e-05
Iteration: 2
  Device: "part1_baseline"	RelError: 4.14449e-05	AbsError: 2.14923e+11
    Region: "bulk"	RelError: 4.14416e-05	AbsError: 2.14923e+11
      Equation: "ElectronContinuityEquation"	RelError: 4.67041e-06	AbsError: 2.14920e+11
      Equation: "HoleContinuityEquation"	RelError: 3.67036e-05	AbsError: 3.68865e+06
      Equation: "PotentialEquation"	RelError: 6.76025e-08	AbsError: 7.47700e-09
    Region: "oxide"	RelError: 3.31342e-09	AbsError: 4.62600e-09
      Equation: "PotentialEquation"	RelError: 3.31342e-09	AbsError: 4.62600e-09
Iteration: 3
  Device: "part1_baseline"	RelError: 4.96196e-13	AbsError: 2.85686e+03
    Region: "bulk"	RelError: 4.96115e-13	AbsError: 2.85686e+03
      Equation: "ElectronContinuityEquation"	RelError: 3.77814e-14	AbsError: 2.85661e+03
      Equation: "HoleContinuityEquation"	RelError: 4.56065e-13	AbsError: 2.48724e-01
      Equation: "PotentialEquation"	RelError: 2.26868e-15	AbsError: 1.41176e-16
    Region: "oxide"	RelError: 8.06255e-17	AbsError: 1.05065e-16
      Equation: "PotentialEquation"	RelError: 8.06255e-17	AbsError: 1.05065e-16
number of equations 7095
Iteration: 0
  Device: "part1_baseline"	RelError: 8.61897e-01	AbsError: 6.27088e+17
    Region: "bulk"	RelError: 8.48228e-01	AbsError: 6.27088e+17
      Equation: "ElectronContinuityEquation"	RelError: 2.03894e-01	AbsError: 6.27045e+17
      Equation: "HoleContinuityEquation"	RelError: 2.71458e-01	AbsError: 4.33107e+13
      Equation: "PotentialEquation"	RelError: 3.72875e-01	AbsError: 1.42694e-02
    Region: "oxide"	RelError: 1.36694e-02	AbsError: 2.00000e-02
      Equation: "PotentialEquation"	RelError: 1.36694e-02	AbsError: 2.00000e-02
Iteration: 1
  Device: "part1_baseline"	RelError: 4.61444e-02	AbsError: 3.25717e+15
    Region: "bulk"	RelError: 4.61005e-02	AbsError: 3.25717e+15
      Equation: "ElectronContinuityEquation"	RelError: 1.87846e-02	AbsError: 3.25691e+15
      Equation: "HoleContinuityEquation"	RelError: 2.70902e-02	AbsError: 2.66088e+11
      Equation: "PotentialEquation"	RelError: 2.25680e-04	AbsError: 6.17780e-05
    Region: "oxide"	RelError: 4.38381e-05	AbsError: 6.17780e-05
      Equation: "PotentialEquation"	RelError: 4.38381e-05	AbsError: 6.17780e-05
Iteration: 2
  Device: "part1_baseline"	RelError: 4.10845e-05	AbsError: 2.39962e+11
    Region: "bulk"	RelError: 4.10816e-05	AbsError: 2.39962e+11
      Equation: "ElectronContinuityEquation"	RelError: 4.34235e-06	AbsError: 2.39959e+11
      Equation: "HoleContinuityEquation"	RelError: 3.66557e-05	AbsError: 3.33295e+06
      Equation: "PotentialEquation"	RelError: 8.35296e-08	AbsError: 7.08523e-09
    Region: "oxide"	RelError: 2.91294e-09	AbsError: 4.10502e-09
      Equation: "PotentialEquation"	RelError: 2.91294e-09	AbsError: 4.10502e-09
Iteration: 3
  Device: "part1_baseline"	RelError: 4.64649e-13	AbsError: 2.44981e+03
    Region: "bulk"	RelError: 4.64579e-13	AbsError: 2.44981e+03
      Equation: "ElectronContinuityEquation"	RelError: 3.30289e-14	AbsError: 2.44958e+03
      Equation: "HoleContinuityEquation"	RelError: 4.28802e-13	AbsError: 2.23528e-01
      Equation: "PotentialEquation"	RelError: 2.74772e-15	AbsError: 1.29767e-16
    Region: "oxide"	RelError: 7.04872e-17	AbsError: 9.26994e-17
      Equation: "PotentialEquation"	RelError: 7.04872e-17	AbsError: 9.26994e-17
number of equations 7095
Iteration: 0
  Device: "part1_baseline"	RelError: 1.07916e+00	AbsError: 6.29020e+17
    Region: "bulk"	RelError: 1.06567e+00	AbsError: 6.29020e+17
      Equation: "ElectronContinuityEquation"	RelError: 2.03605e-01	AbsError: 6.28977e+17
      Equation: "HoleContinuityEquation"	RelError: 2.68834e-01	AbsError: 4.30418e+13
      Equation: "PotentialEquation"	RelError: 5.93231e-01	AbsError: 1.41687e-02
    Region: "oxide"	RelError: 1.34851e-02	AbsError: 2.00000e-02
      Equation: "PotentialEquation"	RelError: 1.34851e-02	AbsError: 2.00000e-02
Iteration: 1
  Device: "part1_baseline"	RelError: 4.53888e-02	AbsError: 3.21819e+15
    Region: "bulk"	RelError: 4.53464e-02	AbsError: 3.21819e+15
      Equation: "ElectronContinuityEquation"	RelError: 1.83097e-02	AbsError: 3.21792e+15
      Equation: "HoleContinuityEquation"	RelError: 2.66865e-02	AbsError: 2.62504e+11
      Equation: "PotentialEquation"	RelError: 3.50229e-04	AbsError: 6.02970e-05
    Region: "oxide"	RelError: 4.23970e-05	AbsError: 6.02970e-05
      Equation: "PotentialEquation"	RelError: 4.23970e-05	AbsError: 6.02970e-05
Iteration: 2
  Device: "part1_baseline"	RelError: 4.11389e-05	AbsError: 2.59933e+11
    Region: "bulk"	RelError: 4.11363e-05	AbsError: 2.59933e+11
      Equation: "ElectronContinuityEquation"	RelError: 4.03230e-06	AbsError: 2.59930e+11
      Equation: "HoleContinuityEquation"	RelError: 3.69877e-05	AbsError: 3.02839e+06
      Equation: "PotentialEquation"	RelError: 1.16322e-07	AbsError: 6.70604e-09
    Region: "oxide"	RelError: 2.54873e-09	AbsError: 3.84645e-09
      Equation: "PotentialEquation"	RelError: 2.54873e-09	AbsError: 3.84645e-09
Iteration: 3
  Device: "part1_baseline"	RelError: 4.35178e-13	AbsError: 3.00969e+03
    Region: "bulk"	RelError: 4.35114e-13	AbsError: 3.00969e+03
      Equation: "ElectronContinuityEquation"	RelError: 2.84761e-14	AbsError: 3.00948e+03
      Equation: "HoleContinuityEquation"	RelError: 4.02765e-13	AbsError: 2.09141e-01
      Equation: "PotentialEquation"	RelError: 3.87294e-15	AbsError: 1.23128e-16
    Region: "oxide"	RelError: 6.38943e-17	AbsError: 8.47902e-17
      Equation: "PotentialEquation"	RelError: 6.38943e-17	AbsError: 8.47902e-17
number of equations 7095
Iteration: 0
  Device: "part1_baseline"	RelError: 1.93554e+00	AbsError: 6.30856e+17
    Region: "bulk"	RelError: 1.92224e+00	AbsError: 6.30856e+17
      Equation: "ElectronContinuityEquation"	RelError: 2.03166e-01	AbsError: 6.30814e+17
      Equation: "HoleContinuityEquation"	RelError: 2.66139e-01	AbsError: 4.27699e+13
      Equation: "PotentialEquation"	RelError: 1.45293e+00	AbsError: 1.40652e-02
    Region: "oxide"	RelError: 1.33056e-02	AbsError: 2.00000e-02
      Equation: "PotentialEquation"	RelError: 1.33056e-02	AbsError: 2.00000e-02
Iteration: 1
  Device: "part1_baseline"	RelError: 4.50141e-02	AbsError: 3.17368e+15
    Region: "bulk"	RelError: 4.49731e-02	AbsError: 3.17368e+15
      Equation: "ElectronContinuityEquation"	RelError: 1.78474e-02	AbsError: 3.17343e+15
      Equation: "HoleContinuityEquation"	RelError: 2.62802e-02	AbsError: 2.58988e+11
      Equation: "PotentialEquation"	RelError: 8.45514e-04	AbsError: 5.88364e-05
    Region: "oxide"	RelError: 4.09660e-05	AbsError: 5.87884e-05
      Equation: "PotentialEquation"	RelError: 4.09660e-05	AbsError: 5.87884e-05
Iteration: 2
  Device: "part1_baseline"	RelError: 4.12373e-05	AbsError: 2.74829e+11
    Region: "bulk"	RelError: 4.12346e-05	AbsError: 2.74829e+11
      Equation: "ElectronContinuityEquation"	RelError: 3.73957e-06	AbsError: 2.74826e+11
      Equation: "HoleContinuityEquation"	RelError: 3.72797e-05	AbsError: 2.77471e+06
      Equation: "PotentialEquation"	RelError: 2.15336e-07	AbsError: 6.34373e-09
    Region: "oxide"	RelError: 2.72808e-09	AbsError: 4.23352e-09
      Equation: "PotentialEquation"	RelError: 2.72808e-09	AbsError: 4.23352e-09
Iteration: 3
  Device: "part1_baseline"	RelError: 4.12730e-13	AbsError: 3.49532e+03
    Region: "bulk"	RelError: 4.12669e-13	AbsError: 3.49532e+03
      Equation: "ElectronContinuityEquation"	RelError: 2.41240e-14	AbsError: 3.49511e+03
      Equation: "HoleContinuityEquation"	RelError: 3.81076e-13	AbsError: 2.03553e-01
      Equation: "PotentialEquation"	RelError: 7.46920e-15	AbsError: 1.20780e-16
    Region: "oxide"	RelError: 6.12109e-17	AbsError: 8.78409e-17
      Equation: "PotentialEquation"	RelError: 6.12109e-17	AbsError: 8.78409e-17
number of equations 7095
Iteration: 0
  Device: "part1_baseline"	RelError: 4.04588e+01	AbsError: 6.32604e+17
    Region: "bulk"	RelError: 4.04456e+01	AbsError: 6.32604e+17
      Equation: "ElectronContinuityEquation"	RelError: 2.02559e-01	AbsError: 6.32561e+17
      Equation: "HoleContinuityEquation"	RelError: 2.63354e-01	AbsError: 4.24947e+13
      Equation: "PotentialEquation"	RelError: 3.99797e+01	AbsError: 1.39589e-02
    Region: "oxide"	RelError: 1.31309e-02	AbsError: 2.00000e-02
      Equation: "PotentialEquation"	RelError: 1.31309e-02	AbsError: 2.00000e-02
Iteration: 1
  Device: "part1_baseline"	RelError: 7.07099e-02	AbsError: 3.12476e+15
    Region: "bulk"	RelError: 7.06704e-02	AbsError: 3.12476e+15
      Equation: "ElectronContinuityEquation"	RelError: 1.73963e-02	AbsError: 3.12450e+15
      Equation: "HoleContinuityEquation"	RelError: 2.58685e-02	AbsError: 2.55537e+11
      Equation: "PotentialEquation"	RelError: 2.74055e-02	AbsError: 5.98627e-05
    Region: "oxide"	RelError: 3.95617e-05	AbsError: 5.72769e-05
      Equation: "PotentialEquation"	RelError: 3.95617e-05	AbsError: 5.72769e-05
Iteration: 2
  Device: "part1_baseline"	RelError: 4.90789e-05	AbsError: 2.84855e+11
    Region: "bulk"	RelError: 4.90759e-05	AbsError: 2.84855e+11
      Equation: "ElectronContinuityEquation"	RelError: 3.46366e-06	AbsError: 2.84852e+11
      Equation: "HoleContinuityEquation"	RelError: 3.75211e-05	AbsError: 2.56919e+06
      Equation: "PotentialEquation"	RelError: 8.09116e-06	AbsError: 6.44663e-09
    Region: "oxide"	RelError: 2.95817e-09	AbsError: 4.63172e-09
      Equation: "PotentialEquation"	RelError: 2.95817e-09	AbsError: 4.63172e-09
Iteration: 3
  Device: "part1_baseline"	RelError: 6.88588e-13	AbsError: 3.85957e+03
    Region: "bulk"	RelError: 6.88520e-13	AbsError: 3.85957e+03
      Equation: "ElectronContinuityEquation"	RelError: 1.99990e-14	AbsError: 3.85936e+03
      Equation: "HoleContinuityEquation"	RelError: 3.70246e-13	AbsError: 2.04298e-01
      Equation: "PotentialEquation"	RelError: 2.98275e-13	AbsError: 1.20737e-16
    Region: "oxide"	RelError: 6.78599e-17	AbsError: 9.82467e-17
      Equation: "PotentialEquation"	RelError: 6.78599e-17	AbsError: 9.82467e-17
number of equations 7095
Iteration: 0
  Device: "part1_baseline"	RelError: 1.50183e+00	AbsError: 6.34267e+17
    Region: "bulk"	RelError: 1.48887e+00	AbsError: 6.34267e+17
      Equation: "ElectronContinuityEquation"	RelError: 2.01981e-01	AbsError: 6.34225e+17
      Equation: "HoleContinuityEquation"	RelError: 2.60457e-01	AbsError: 4.22163e+13
      Equation: "PotentialEquation"	RelError: 1.02643e+00	AbsError: 1.38499e-02
    Region: "oxide"	RelError: 1.29607e-02	AbsError: 2.00000e-02
      Equation: "PotentialEquation"	RelError: 1.29607e-02	AbsError: 2.00000e-02
Iteration: 1
  Device: "part1_baseline"	RelError: 4.31815e-02	AbsError: 3.17709e+15
    Region: "bulk"	RelError: 4.31433e-02	AbsError: 3.17709e+15
      Equation: "ElectronContinuityEquation"	RelError: 1.69551e-02	AbsError: 3.17684e+15
      Equation: "HoleContinuityEquation"	RelError: 2.54488e-02	AbsError: 2.52142e+11
      Equation: "PotentialEquation"	RelError: 7.39397e-04	AbsError: 6.07545e-05
    Region: "oxide"	RelError: 3.81965e-05	AbsError: 5.57826e-05
      Equation: "PotentialEquation"	RelError: 3.81965e-05	AbsError: 5.57826e-05
Iteration: 2
  Device: "part1_baseline"	RelError: 4.11061e-05	AbsError: 2.90383e+11
    Region: "bulk"	RelError: 4.11030e-05	AbsError: 2.90383e+11
      Equation: "ElectronContinuityEquation"	RelError: 3.20412e-06	AbsError: 2.90381e+11
      Equation: "HoleContinuityEquation"	RelError: 3.76957e-05	AbsError: 2.40680e+06
      Equation: "PotentialEquation"	RelError: 2.03182e-07	AbsError: 6.68036e-09
    Region: "oxide"	RelError: 3.18263e-09	AbsError: 5.02707e-09
      Equation: "PotentialEquation"	RelError: 3.18263e-09	AbsError: 5.02707e-09
Iteration: 3
  Device: "part1_baseline"	RelError: 3.83391e-13	AbsError: 4.10209e+03
    Region: "bulk"	RelError: 3.83317e-13	AbsError: 4.10209e+03
      Equation: "ElectronContinuityEquation"	RelError: 1.61472e-14	AbsError: 4.10188e+03
      Equation: "HoleContinuityEquation"	RelError: 3.59139e-13	AbsError: 2.08801e-01
      Equation: "PotentialEquation"	RelError: 8.03061e-15	AbsError: 1.21881e-16
    Region: "oxide"	RelError: 7.43950e-17	AbsError: 1.08647e-16
      Equation: "PotentialEquation"	RelError: 7.43950e-17	AbsError: 1.08647e-16
number of equations 7095
Iteration: 0
  Device: "part1_baseline"	RelError: 4.02943e+00	AbsError: 6.35851e+17
    Region: "bulk"	RelError: 4.01664e+00	AbsError: 6.35851e+17
      Equation: "ElectronContinuityEquation"	RelError: 2.01551e-01	AbsError: 6.35809e+17
      Equation: "HoleContinuityEquation"	RelError: 2.57426e-01	AbsError: 4.19343e+13
      Equation: "PotentialEquation"	RelError: 3.55766e+00	AbsError: 1.37384e-02
    Region: "oxide"	RelError: 1.27949e-02	AbsError: 2.00000e-02
      Equation: "PotentialEquation"	RelError: 1.27949e-02	AbsError: 2.00000e-02
Iteration: 1
  Device: "part1_baseline"	RelError: 4.42530e-02	AbsError: 3.22392e+15
    Region: "bulk"	RelError: 4.42161e-02	AbsError: 3.22392e+15
      Equation: "ElectronContinuityEquation"	RelError: 1.65228e-02	AbsError: 3.22368e+15
      Equation: "HoleContinuityEquation"	RelError: 2.50181e-02	AbsError: 2.48797e+11
      Equation: "PotentialEquation"	RelError: 2.67517e-03	AbsError: 6.14871e-05
    Region: "oxide"	RelError: 3.68794e-05	AbsError: 5.67797e-05
      Equation: "PotentialEquation"	RelError: 3.68794e-05	AbsError: 5.67797e-05
Iteration: 2
  Device: "part1_baseline"	RelError: 4.14678e-05	AbsError: 2.91892e+11
    Region: "bulk"	RelError: 4.14644e-05	AbsError: 2.91892e+11
      Equation: "ElectronContinuityEquation"	RelError: 2.96054e-06	AbsError: 2.91890e+11
      Equation: "HoleContinuityEquation"	RelError: 3.82748e-05	AbsError: 2.28072e+06
      Equation: "PotentialEquation"	RelError: 2.29075e-07	AbsError: 6.84961e-09
    Region: "oxide"	RelError: 3.39225e-09	AbsError: 5.40457e-09
      Equation: "PotentialEquation"	RelError: 3.39225e-09	AbsError: 5.40457e-09
Iteration: 3
  Device: "part1_baseline"	RelError: 3.81300e-13	AbsError: 4.22942e+03
    Region: "bulk"	RelError: 3.81220e-13	AbsError: 4.22942e+03
      Equation: "ElectronContinuityEquation"	RelError: 1.26289e-14	AbsError: 4.22920e+03
      Equation: "HoleContinuityEquation"	RelError: 3.47662e-13	AbsError: 2.14643e-01
      Equation: "PotentialEquation"	RelError: 2.09289e-14	AbsError: 1.26114e-16
    Region: "oxide"	RelError: 7.99205e-17	AbsError: 1.17717e-16
      Equation: "PotentialEquation"	RelError: 7.99205e-17	AbsError: 1.17717e-16
number of equations 7095
Iteration: 0
  Device: "part1_baseline"	RelError: 2.09089e+00	AbsError: 6.37360e+17
    Region: "bulk"	RelError: 2.07826e+00	AbsError: 6.37360e+17
      Equation: "ElectronContinuityEquation"	RelError: 2.00982e-01	AbsError: 6.37319e+17
      Equation: "HoleContinuityEquation"	RelError: 2.54239e-01	AbsError: 4.17336e+13
      Equation: "PotentialEquation"	RelError: 1.62304e+00	AbsError: 1.36245e-02
    Region: "oxide"	RelError: 1.26333e-02	AbsError: 2.00000e-02
      Equation: "PotentialEquation"	RelError: 1.26333e-02	AbsError: 2.00000e-02
Iteration: 1
  Device: "part1_baseline"	RelError: 4.19464e-02	AbsError: 3.25841e+15
    Region: "bulk"	RelError: 4.19103e-02	AbsError: 3.25841e+15
      Equation: "ElectronContinuityEquation"	RelError: 1.60988e-02	AbsError: 3.25816e+15
      Equation: "HoleContinuityEquation"	RelError: 2.45738e-02	AbsError: 2.45493e+11
      Equation: "PotentialEquation"	RelError: 1.23770e-03	AbsError: 6.20376e-05
    Region: "oxide"	RelError: 3.60164e-05	AbsError: 5.78703e-05
      Equation: "PotentialEquation"	RelError: 3.60164e-05	AbsError: 5.78703e-05
Iteration: 2
  Device: "part1_baseline"	RelError: 4.17482e-05	AbsError: 2.89913e+11
    Region: "bulk"	RelError: 4.17447e-05	AbsError: 2.89913e+11
      Equation: "ElectronContinuityEquation"	RelError: 2.73243e-06	AbsError: 2.89910e+11
      Equation: "HoleContinuityEquation"	RelError: 3.88748e-05	AbsError: 2.19920e+06
      Equation: "PotentialEquation"	RelError: 1.37430e-07	AbsError: 7.05535e-09
    Region: "oxide"	RelError: 3.57808e-09	AbsError: 5.74919e-09
      Equation: "PotentialEquation"	RelError: 3.57808e-09	AbsError: 5.74919e-09
Iteration: 3
  Device: "part1_baseline"	RelError: 3.59117e-13	AbsError: 4.25214e+03
    Region: "bulk"	RelError: 3.59033e-13	AbsError: 4.25214e+03
      Equation: "ElectronContinuityEquation"	RelError: 1.24431e-14	AbsError: 4.25192e+03
      Equation: "HoleContinuityEquation"	RelError: 3.35657e-13	AbsError: 2.19785e-01
      Equation: "PotentialEquation"	RelError: 1.09328e-14	AbsError: 1.31297e-16
    Region: "oxide"	RelError: 8.38072e-17	AbsError: 1.24481e-16
      Equation: "PotentialEquation"	RelError: 8.38072e-17	AbsError: 1.24481e-16
number of equations 7095
Iteration: 0
  Device: "part1_baseline"	RelError: 2.87846e+00	AbsError: 6.38799e+17
    Region: "bulk"	RelError: 2.86598e+00	AbsError: 6.38799e+17
      Equation: "ElectronContinuityEquation"	RelError: 2.00259e-01	AbsError: 6.38757e+17
      Equation: "HoleContinuityEquation"	RelError: 2.50872e-01	AbsError: 4.15349e+13
      Equation: "PotentialEquation"	RelError: 2.41485e+00	AbsError: 1.35084e-02
    Region: "oxide"	RelError: 1.24757e-02	AbsError: 2.00000e-02
      Equation: "PotentialEquation"	RelError: 1.24757e-02	AbsError: 2.00000e-02
Iteration: 1
  Device: "part1_baseline"	RelError: 4.18240e-02	AbsError: 3.28133e+15
    Region: "bulk"	RelError: 4.17877e-02	AbsError: 3.28133e+15
      Equation: "ElectronContinuityEquation"	RelError: 1.58637e-02	AbsError: 3.28109e+15
      Equation: "HoleContinuityEquation"	RelError: 2.41130e-02	AbsError: 2.42222e+11
      Equation: "PotentialEquation"	RelError: 1.81096e-03	AbsError: 6.23860e-05
    Region: "oxide"	RelError: 3.63075e-05	AbsError: 5.88265e-05
      Equation: "PotentialEquation"	RelError: 3.63075e-05	AbsError: 5.88265e-05
Iteration: 2
  Device: "part1_baseline"	RelError: 4.19727e-05	AbsError: 2.84991e+11
    Region: "bulk"	RelError: 4.19690e-05	AbsError: 2.84991e+11
      Equation: "ElectronContinuityEquation"	RelError: 2.51925e-06	AbsError: 2.84989e+11
      Equation: "HoleContinuityEquation"	RelError: 3.93989e-05	AbsError: 2.14598e+06
      Equation: "PotentialEquation"	RelError: 5.08042e-08	AbsError: 7.27481e-09
    Region: "oxide"	RelError: 3.73212e-09	AbsError: 6.04689e-09
      Equation: "PotentialEquation"	RelError: 3.73212e-09	AbsError: 6.04689e-09
Iteration: 3
  Device: "part1_baseline"	RelError: 3.49076e-13	AbsError: 4.18280e+03
    Region: "bulk"	RelError: 3.48990e-13	AbsError: 4.18280e+03
      Equation: "ElectronContinuityEquation"	RelError: 1.28240e-14	AbsError: 4.18258e+03
      Equation: "HoleContinuityEquation"	RelError: 3.22926e-13	AbsError: 2.22614e-01
      Equation: "PotentialEquation"	RelError: 1.32397e-14	AbsError: 1.35013e-16
    Region: "oxide"	RelError: 8.56893e-17	AbsError: 1.28331e-16
      Equation: "PotentialEquation"	RelError: 8.56893e-17	AbsError: 1.28331e-16
number of equations 7095
Iteration: 0
  Device: "part1_baseline"	RelError: 2.24387e+00	AbsError: 6.40171e+17
    Region: "bulk"	RelError: 2.23155e+00	AbsError: 6.40171e+17
      Equation: "ElectronContinuityEquation"	RelError: 1.99365e-01	AbsError: 6.40130e+17
      Equation: "HoleContinuityEquation"	RelError: 2.47303e-01	AbsError: 4.13318e+13
      Equation: "PotentialEquation"	RelError: 1.78488e+00	AbsError: 1.33905e-02
    Region: "oxide"	RelError: 1.23219e-02	AbsError: 2.00000e-02
      Equation: "PotentialEquation"	RelError: 1.23219e-02	AbsError: 2.00000e-02
Iteration: 1
  Device: "part1_baseline"	RelError: 4.07848e-02	AbsError: 3.29356e+15
    Region: "bulk"	RelError: 4.07483e-02	AbsError: 3.29356e+15
      Equation: "ElectronContinuityEquation"	RelError: 1.58050e-02	AbsError: 3.29332e+15
      Equation: "HoleContinuityEquation"	RelError: 2.36330e-02	AbsError: 2.39172e+11
      Equation: "PotentialEquation"	RelError: 1.31032e-03	AbsError: 6.25169e-05
    Region: "oxide"	RelError: 3.65024e-05	AbsError: 5.96289e-05
      Equation: "PotentialEquation"	RelError: 3.65024e-05	AbsError: 5.96289e-05
Iteration: 2
  Device: "part1_baseline"	RelError: 4.21929e-05	AbsError: 2.77655e+11
    Region: "bulk"	RelError: 4.21890e-05	AbsError: 2.77655e+11
      Equation: "ElectronContinuityEquation"	RelError: 2.32031e-06	AbsError: 2.77653e+11
      Equation: "HoleContinuityEquation"	RelError: 3.98345e-05	AbsError: 2.10014e+06
      Equation: "PotentialEquation"	RelError: 3.42727e-08	AbsError: 7.39894e-09
    Region: "oxide"	RelError: 3.84781e-09	AbsError: 6.28563e-09
      Equation: "PotentialEquation"	RelError: 3.84781e-09	AbsError: 6.28563e-09
Iteration: 3
  Device: "part1_baseline"	RelError: 3.32831e-13	AbsError: 4.03475e+03
    Region: "bulk"	RelError: 3.32746e-13	AbsError: 4.03475e+03
      Equation: "ElectronContinuityEquation"	RelError: 1.40263e-14	AbsError: 4.03452e+03
      Equation: "HoleContinuityEquation"	RelError: 3.09263e-13	AbsError: 2.22090e-01
      Equation: "PotentialEquation"	RelError: 9.45652e-15	AbsError: 1.37132e-16
    Region: "oxide"	RelError: 8.54461e-17	AbsError: 1.29010e-16
      Equation: "PotentialEquation"	RelError: 8.54461e-17	AbsError: 1.29010e-16
number of equations 7095
Iteration: 0
  Device: "part1_baseline"	RelError: 1.09489e+00	AbsError: 6.41480e+17
    Region: "bulk"	RelError: 1.08272e+00	AbsError: 6.41480e+17
      Equation: "ElectronContinuityEquation"	RelError: 1.98328e-01	AbsError: 6.41439e+17
      Equation: "HoleContinuityEquation"	RelError: 2.43510e-01	AbsError: 4.11240e+13
      Equation: "PotentialEquation"	RelError: 6.40883e-01	AbsError: 1.32710e-02
    Region: "oxide"	RelError: 1.21720e-02	AbsError: 2.00000e-02
      Equation: "PotentialEquation"	RelError: 1.21720e-02	AbsError: 2.00000e-02
Iteration: 1
  Device: "part1_baseline"	RelError: 3.93898e-02	AbsError: 3.29600e+15
    Region: "bulk"	RelError: 3.93532e-02	AbsError: 3.29600e+15
      Equation: "ElectronContinuityEquation"	RelError: 1.57294e-02	AbsError: 3.29577e+15
      Equation: "HoleContinuityEquation"	RelError: 2.31312e-02	AbsError: 2.37095e+11
      Equation: "PotentialEquation"	RelError: 4.92669e-04	AbsError: 6.24203e-05
    Region: "oxide"	RelError: 3.65936e-05	AbsError: 6.02613e-05
      Equation: "PotentialEquation"	RelError: 3.65936e-05	AbsError: 6.02613e-05
Iteration: 2
  Device: "part1_baseline"	RelError: 4.23376e-05	AbsError: 2.68390e+11
    Region: "bulk"	RelError: 4.23337e-05	AbsError: 2.68390e+11
      Equation: "ElectronContinuityEquation"	RelError: 2.13477e-06	AbsError: 2.68388e+11
      Equation: "HoleContinuityEquation"	RelError: 4.01713e-05	AbsError: 2.08711e+06
      Equation: "PotentialEquation"	RelError: 2.76660e-08	AbsError: 7.41950e-09
    Region: "oxide"	RelError: 3.92050e-09	AbsError: 6.45616e-09
      Equation: "PotentialEquation"	RelError: 3.92050e-09	AbsError: 6.45616e-09
Iteration: 3
  Device: "part1_baseline"	RelError: 3.14491e-13	AbsError: 3.82181e+03
    Region: "bulk"	RelError: 3.14408e-13	AbsError: 3.82181e+03
      Equation: "ElectronContinuityEquation"	RelError: 1.39162e-14	AbsError: 3.82159e+03
      Equation: "HoleContinuityEquation"	RelError: 2.97049e-13	AbsError: 2.17726e-01
      Equation: "PotentialEquation"	RelError: 3.44252e-15	AbsError: 1.39107e-16
    Region: "oxide"	RelError: 8.31720e-17	AbsError: 1.26583e-16
      Equation: "PotentialEquation"	RelError: 8.31720e-17	AbsError: 1.26583e-16
number of equations 7095
Iteration: 0
  Device: "part1_baseline"	RelError: 1.03720e+00	AbsError: 6.42730e+17
    Region: "bulk"	RelError: 1.02518e+00	AbsError: 6.42730e+17
      Equation: "ElectronContinuityEquation"	RelError: 1.98261e-01	AbsError: 6.42689e+17
      Equation: "HoleContinuityEquation"	RelError: 2.39471e-01	AbsError: 4.09115e+13
      Equation: "PotentialEquation"	RelError: 5.87447e-01	AbsError: 1.31503e-02
    Region: "oxide"	RelError: 1.20256e-02	AbsError: 2.00000e-02
      Equation: "PotentialEquation"	RelError: 1.20256e-02	AbsError: 2.00000e-02
Iteration: 1
  Device: "part1_baseline"	RelError: 3.85900e-02	AbsError: 3.28958e+15
    Region: "bulk"	RelError: 3.85535e-02	AbsError: 3.28958e+15
      Equation: "ElectronContinuityEquation"	RelError: 1.56342e-02	AbsError: 3.28935e+15
      Equation: "HoleContinuityEquation"	RelError: 2.26050e-02	AbsError: 2.35001e+11
      Equation: "PotentialEquation"	RelError: 3.14303e-04	AbsError: 6.20930e-05
    Region: "oxide"	RelError: 3.65766e-05	AbsError: 6.07120e-05
      Equation: "PotentialEquation"	RelError: 3.65766e-05	AbsError: 6.07120e-05
Iteration: 2
  Device: "part1_baseline"	RelError: 4.23916e-05	AbsError: 2.57634e+11
    Region: "bulk"	RelError: 4.23876e-05	AbsError: 2.57634e+11
      Equation: "ElectronContinuityEquation"	RelError: 1.96167e-06	AbsError: 2.57632e+11
      Equation: "HoleContinuityEquation"	RelError: 4.04030e-05	AbsError: 2.06420e+06
      Equation: "PotentialEquation"	RelError: 2.29474e-08	AbsError: 7.33376e-09
    Region: "oxide"	RelError: 3.94765e-09	AbsError: 6.55255e-09
      Equation: "PotentialEquation"	RelError: 3.94765e-09	AbsError: 6.55255e-09
Iteration: 3
  Device: "part1_baseline"	RelError: 2.99658e-13	AbsError: 3.55842e+03
    Region: "bulk"	RelError: 2.99579e-13	AbsError: 3.55842e+03
      Equation: "ElectronContinuityEquation"	RelError: 1.26728e-14	AbsError: 3.55821e+03
      Equation: "HoleContinuityEquation"	RelError: 2.84524e-13	AbsError: 2.09544e-01
      Equation: "PotentialEquation"	RelError: 2.38214e-15	AbsError: 1.37889e-16
    Region: "oxide"	RelError: 7.91373e-17	AbsError: 1.21392e-16
      Equation: "PotentialEquation"	RelError: 7.91373e-17	AbsError: 1.21392e-16
number of equations 7095
Iteration: 0
  Device: "part1_baseline"	RelError: 1.86429e+00	AbsError: 6.43924e+17
    Region: "bulk"	RelError: 1.85241e+00	AbsError: 6.43924e+17
      Equation: "ElectronContinuityEquation"	RelError: 1.98092e-01	AbsError: 6.43883e+17
      Equation: "HoleContinuityEquation"	RelError: 2.35167e-01	AbsError: 4.06945e+13
      Equation: "PotentialEquation"	RelError: 1.41915e+00	AbsError: 1.30288e-02
    Region: "oxide"	RelError: 1.18827e-02	AbsError: 2.00000e-02
      Equation: "PotentialEquation"	RelError: 1.18827e-02	AbsError: 2.00000e-02
Iteration: 1
  Device: "part1_baseline"	RelError: 3.83834e-02	AbsError: 3.27521e+15
    Region: "bulk"	RelError: 3.83470e-02	AbsError: 3.27521e+15
      Equation: "ElectronContinuityEquation"	RelError: 1.55173e-02	AbsError: 3.27497e+15
      Equation: "HoleContinuityEquation"	RelError: 2.20523e-02	AbsError: 2.32883e+11
      Equation: "PotentialEquation"	RelError: 7.77369e-04	AbsError: 6.15387e-05
    Region: "oxide"	RelError: 3.64498e-05	AbsError: 6.09742e-05
      Equation: "PotentialEquation"	RelError: 3.64498e-05	AbsError: 6.09742e-05
Iteration: 2
  Device: "part1_baseline"	RelError: 4.23717e-05	AbsError: 2.45772e+11
    Region: "bulk"	RelError: 4.23678e-05	AbsError: 2.45772e+11
      Equation: "ElectronContinuityEquation"	RelError: 1.79987e-06	AbsError: 2.45770e+11
      Equation: "HoleContinuityEquation"	RelError: 4.05279e-05	AbsError: 2.02557e+06
      Equation: "PotentialEquation"	RelError: 4.00102e-08	AbsError: 7.14464e-09
    Region: "oxide"	RelError: 3.92897e-09	AbsError: 6.57248e-09
      Equation: "PotentialEquation"	RelError: 3.92897e-09	AbsError: 6.57248e-09
Iteration: 3
  Device: "part1_baseline"	RelError: 2.88440e-13	AbsError: 3.25972e+03
    Region: "bulk"	RelError: 2.88366e-13	AbsError: 3.25972e+03
      Equation: "ElectronContinuityEquation"	RelError: 1.23229e-14	AbsError: 3.25952e+03
      Equation: "HoleContinuityEquation"	RelError: 2.70550e-13	AbsError: 1.98056e-01
      Equation: "PotentialEquation"	RelError: 5.49326e-15	AbsError: 1.32746e-16
    Region: "oxide"	RelError: 7.37416e-17	AbsError: 1.13994e-16
      Equation: "PotentialEquation"	RelError: 7.37416e-17	AbsError: 1.13994e-16
number of equations 7095
Iteration: 0
  Device: "part1_baseline"	RelError: 3.84120e+00	AbsError: 6.45064e+17
    Region: "bulk"	RelError: 3.82945e+00	AbsError: 6.45064e+17
      Equation: "ElectronContinuityEquation"	RelError: 1.97811e-01	AbsError: 6.45024e+17
      Equation: "HoleContinuityEquation"	RelError: 2.30581e-01	AbsError: 4.04728e+13
      Equation: "PotentialEquation"	RelError: 3.40106e+00	AbsError: 1.29068e-02
    Region: "oxide"	RelError: 1.17431e-02	AbsError: 2.00000e-02
      Equation: "PotentialEquation"	RelError: 1.17431e-02	AbsError: 2.00000e-02
Iteration: 1
  Device: "part1_baseline"	RelError: 3.88009e-02	AbsError: 3.25377e+15
    Region: "bulk"	RelError: 3.87647e-02	AbsError: 3.25377e+15
      Equation: "ElectronContinuityEquation"	RelError: 1.53769e-02	AbsError: 3.25354e+15
      Equation: "HoleContinuityEquation"	RelError: 2.14712e-02	AbsError: 2.30735e+11
      Equation: "PotentialEquation"	RelError: 1.91659e-03	AbsError: 6.10468e-05
    Region: "oxide"	RelError: 3.62151e-05	AbsError: 6.10468e-05
      Equation: "PotentialEquation"	RelError: 3.62151e-05	AbsError: 6.10468e-05
Iteration: 2
  Device: "part1_baseline"	RelError: 4.22923e-05	AbsError: 2.33139e+11
    Region: "bulk"	RelError: 4.22884e-05	AbsError: 2.33139e+11
      Equation: "ElectronContinuityEquation"	RelError: 1.64815e-06	AbsError: 2.33137e+11
      Equation: "HoleContinuityEquation"	RelError: 4.05488e-05	AbsError: 1.96757e+06
      Equation: "PotentialEquation"	RelError: 9.15029e-08	AbsError: 6.86032e-09
    Region: "oxide"	RelError: 3.86620e-09	AbsError: 6.51716e-09
      Equation: "PotentialEquation"	RelError: 3.86620e-09	AbsError: 6.51716e-09
Iteration: 3
  Device: "part1_baseline"	RelError: 2.79740e-13	AbsError: 2.94136e+03
    Region: "bulk"	RelError: 2.79672e-13	AbsError: 2.94136e+03
      Equation: "ElectronContinuityEquation"	RelError: 1.21948e-14	AbsError: 2.94118e+03
      Equation: "HoleContinuityEquation"	RelError: 2.55087e-13	AbsError: 1.84081e-01
      Equation: "PotentialEquation"	RelError: 1.23908e-14	AbsError: 1.26287e-16
    Region: "oxide"	RelError: 6.74557e-17	AbsError: 1.07584e-16
      Equation: "PotentialEquation"	RelError: 6.74557e-17	AbsError: 1.07584e-16
number of equations 7095
Iteration: 0
  Device: "part1_baseline"	RelError: 1.21087e+00	AbsError: 6.46154e+17
    Region: "bulk"	RelError: 1.19926e+00	AbsError: 6.46154e+17
      Equation: "ElectronContinuityEquation"	RelError: 1.97408e-01	AbsError: 6.46114e+17
      Equation: "HoleContinuityEquation"	RelError: 2.28931e-01	AbsError: 4.02466e+13
      Equation: "PotentialEquation"	RelError: 7.72920e-01	AbsError: 1.27848e-02
    Region: "oxide"	RelError: 1.16068e-02	AbsError: 2.00000e-02
      Equation: "PotentialEquation"	RelError: 1.16068e-02	AbsError: 2.00000e-02
Iteration: 1
  Device: "part1_baseline"	RelError: 3.66991e-02	AbsError: 3.22615e+15
    Region: "bulk"	RelError: 3.66632e-02	AbsError: 3.22615e+15
      Equation: "ElectronContinuityEquation"	RelError: 1.53561e-02	AbsError: 3.22592e+15
      Equation: "HoleContinuityEquation"	RelError: 2.08604e-02	AbsError: 2.28555e+11
      Equation: "PotentialEquation"	RelError: 4.46788e-04	AbsError: 6.09345e-05
    Region: "oxide"	RelError: 3.58776e-05	AbsError: 6.09345e-05
      Equation: "PotentialEquation"	RelError: 3.58776e-05	AbsError: 6.09345e-05
Iteration: 2
  Device: "part1_baseline"	RelError: 4.20023e-05	AbsError: 2.39725e+11
    Region: "bulk"	RelError: 4.19985e-05	AbsError: 2.39725e+11
      Equation: "ElectronContinuityEquation"	RelError: 1.50519e-06	AbsError: 2.39723e+11
      Equation: "HoleContinuityEquation"	RelError: 4.04732e-05	AbsError: 1.88868e+06
      Equation: "PotentialEquation"	RelError: 2.01096e-08	AbsError: 6.49346e-09
    Region: "oxide"	RelError: 3.76295e-09	AbsError: 6.39098e-09
      Equation: "PotentialEquation"	RelError: 3.76295e-09	AbsError: 6.39098e-09
Iteration: 3
  Device: "part1_baseline"	RelError: 2.52803e-13	AbsError: 2.61877e+03
    Region: "bulk"	RelError: 2.52742e-13	AbsError: 2.61877e+03
      Equation: "ElectronContinuityEquation"	RelError: 1.19782e-14	AbsError: 2.61860e+03
      Equation: "HoleContinuityEquation"	RelError: 2.38163e-13	AbsError: 1.68627e-01
      Equation: "PotentialEquation"	RelError: 2.60049e-15	AbsError: 1.18953e-16
    Region: "oxide"	RelError: 6.07630e-17	AbsError: 1.03190e-16
      Equation: "PotentialEquation"	RelError: 6.07630e-17	AbsError: 1.03190e-16
number of equations 7095
Iteration: 0
  Device: "part1_baseline"	RelError: 8.71603e-01	AbsError: 6.47197e+17
    Region: "bulk"	RelError: 8.60129e-01	AbsError: 6.47197e+17
      Equation: "ElectronContinuityEquation"	RelError: 1.96868e-01	AbsError: 6.47157e+17
      Equation: "HoleContinuityEquation"	RelError: 2.27479e-01	AbsError: 4.00158e+13
      Equation: "PotentialEquation"	RelError: 4.35783e-01	AbsError: 1.26745e-02
    Region: "oxide"	RelError: 1.14737e-02	AbsError: 2.00000e-02
      Equation: "PotentialEquation"	RelError: 1.14737e-02	AbsError: 2.00000e-02
Iteration: 1
  Device: "part1_baseline"	RelError: 3.58476e-02	AbsError: 3.19317e+15
    Region: "bulk"	RelError: 3.58122e-02	AbsError: 3.19317e+15
      Equation: "ElectronContinuityEquation"	RelError: 1.53342e-02	AbsError: 3.19295e+15
      Equation: "HoleContinuityEquation"	RelError: 2.02189e-02	AbsError: 2.26341e+11
      Equation: "PotentialEquation"	RelError: 2.58980e-04	AbsError: 6.06477e-05
    Region: "oxide"	RelError: 3.54458e-05	AbsError: 6.06477e-05
      Equation: "PotentialEquation"	RelError: 3.54458e-05	AbsError: 6.06477e-05
Iteration: 2
  Device: "part1_baseline"	RelError: 4.17022e-05	AbsError: 2.79813e+11
    Region: "bulk"	RelError: 4.16986e-05	AbsError: 2.79813e+11
      Equation: "ElectronContinuityEquation"	RelError: 1.36959e-06	AbsError: 2.79812e+11
      Equation: "HoleContinuityEquation"	RelError: 4.03124e-05	AbsError: 1.78936e+06
      Equation: "PotentialEquation"	RelError: 1.66241e-08	AbsError: 6.20105e-09
    Region: "oxide"	RelError: 3.62423e-09	AbsError: 6.20105e-09
      Equation: "PotentialEquation"	RelError: 3.62423e-09	AbsError: 6.20105e-09
Iteration: 3
  Device: "part1_baseline"	RelError: 2.32935e-13	AbsError: 2.81873e+03
    Region: "bulk"	RelError: 2.32877e-13	AbsError: 2.81873e+03
      Equation: "ElectronContinuityEquation"	RelError: 1.16750e-14	AbsError: 2.81858e+03
      Equation: "HoleContinuityEquation"	RelError: 2.19862e-13	AbsError: 1.52729e-01
      Equation: "PotentialEquation"	RelError: 1.34025e-15	AbsError: 1.10679e-16
    Region: "oxide"	RelError: 5.76279e-17	AbsError: 9.86014e-17
      Equation: "PotentialEquation"	RelError: 5.76279e-17	AbsError: 9.86014e-17
number of equations 7095
Iteration: 0
  Device: "part1_baseline"	RelError: 8.48333e-01	AbsError: 6.48194e+17
    Region: "bulk"	RelError: 8.36989e-01	AbsError: 6.48194e+17
      Equation: "ElectronContinuityEquation"	RelError: 1.96176e-01	AbsError: 6.48155e+17
      Equation: "HoleContinuityEquation"	RelError: 2.25966e-01	AbsError: 3.97807e+13
      Equation: "PotentialEquation"	RelError: 4.14848e-01	AbsError: 1.26113e-02
    Region: "oxide"	RelError: 1.13435e-02	AbsError: 2.00000e-02
      Equation: "PotentialEquation"	RelError: 1.13435e-02	AbsError: 2.00000e-02
Iteration: 1
  Device: "part1_baseline"	RelError: 3.52892e-02	AbsError: 3.15568e+15
    Region: "bulk"	RelError: 3.52543e-02	AbsError: 3.15568e+15
      Equation: "ElectronContinuityEquation"	RelError: 1.52981e-02	AbsError: 3.15546e+15
      Equation: "HoleContinuityEquation"	RelError: 1.97353e-02	AbsError: 2.24095e+11
      Equation: "PotentialEquation"	RelError: 2.20861e-04	AbsError: 6.02024e-05
    Region: "oxide"	RelError: 3.49307e-05	AbsError: 6.02024e-05
      Equation: "PotentialEquation"	RelError: 3.49307e-05	AbsError: 6.02024e-05
Iteration: 2
  Device: "part1_baseline"	RelError: 4.14104e-05	AbsError: 3.16450e+11
    Region: "bulk"	RelError: 4.14070e-05	AbsError: 3.16450e+11
      Equation: "ElectronContinuityEquation"	RelError: 1.30808e-06	AbsError: 3.16448e+11
      Equation: "HoleContinuityEquation"	RelError: 4.00799e-05	AbsError: 1.67168e+06
      Equation: "PotentialEquation"	RelError: 1.90155e-08	AbsError: 5.95648e-09
    Region: "oxide"	RelError: 3.45607e-09	AbsError: 5.95648e-09
      Equation: "PotentialEquation"	RelError: 3.45607e-09	AbsError: 5.95648e-09
Iteration: 3
  Device: "part1_baseline"	RelError: 2.12724e-13	AbsError: 3.80514e+03
    Region: "bulk"	RelError: 2.12669e-13	AbsError: 3.80514e+03
      Equation: "ElectronContinuityEquation"	RelError: 1.12920e-14	AbsError: 3.80500e+03
      Equation: "HoleContinuityEquation"	RelError: 2.00301e-13	AbsError: 1.37289e-01
      Equation: "PotentialEquation"	RelError: 1.07585e-15	AbsError: 1.01978e-16
    Region: "oxide"	RelError: 5.47203e-17	AbsError: 9.43094e-17
      Equation: "PotentialEquation"	RelError: 5.47203e-17	AbsError: 9.43094e-17
number of equations 7095
Iteration: 0
  Device: "part1_baseline"	RelError: 1.13949e+00	AbsError: 6.49149e+17
    Region: "bulk"	RelError: 1.12827e+00	AbsError: 6.49149e+17
      Equation: "ElectronContinuityEquation"	RelError: 1.95728e-01	AbsError: 6.49110e+17
      Equation: "HoleContinuityEquation"	RelError: 2.24379e-01	AbsError: 3.95411e+13
      Equation: "PotentialEquation"	RelError: 7.08162e-01	AbsError: 1.25455e-02
    Region: "oxide"	RelError: 1.12163e-02	AbsError: 2.00000e-02
      Equation: "PotentialEquation"	RelError: 1.12163e-02	AbsError: 2.00000e-02
Iteration: 1
  Device: "part1_baseline"	RelError: 3.51055e-02	AbsError: 3.11447e+15
    Region: "bulk"	RelError: 3.50712e-02	AbsError: 3.11447e+15
      Equation: "ElectronContinuityEquation"	RelError: 1.52464e-02	AbsError: 3.11425e+15
      Equation: "HoleContinuityEquation"	RelError: 1.95310e-02	AbsError: 2.21820e+11
      Equation: "PotentialEquation"	RelError: 2.93716e-04	AbsError: 5.96193e-05
    Region: "oxide"	RelError: 3.43460e-05	AbsError: 5.96193e-05
      Equation: "PotentialEquation"	RelError: 3.43460e-05	AbsError: 5.96193e-05
Iteration: 2
  Device: "part1_baseline"	RelError: 4.11304e-05	AbsError: 3.48456e+11
    Region: "bulk"	RelError: 4.11271e-05	AbsError: 3.48456e+11
      Equation: "ElectronContinuityEquation"	RelError: 1.31418e-06	AbsError: 3.48455e+11
      Equation: "HoleContinuityEquation"	RelError: 3.97902e-05	AbsError: 1.53894e+06
      Equation: "PotentialEquation"	RelError: 2.26609e-08	AbsError: 5.66775e-09
    Region: "oxide"	RelError: 3.26513e-09	AbsError: 5.66775e-09
      Equation: "PotentialEquation"	RelError: 3.26513e-09	AbsError: 5.66775e-09
Iteration: 3
  Device: "part1_baseline"	RelError: 1.92099e-13	AbsError: 4.70290e+03
    Region: "bulk"	RelError: 1.92046e-13	AbsError: 4.70290e+03
      Equation: "ElectronContinuityEquation"	RelError: 1.08407e-14	AbsError: 4.70278e+03
      Equation: "HoleContinuityEquation"	RelError: 1.79612e-13	AbsError: 1.23015e-01
      Equation: "PotentialEquation"	RelError: 1.59374e-15	AbsError: 9.33055e-17
    Region: "oxide"	RelError: 5.21710e-17	AbsError: 9.05608e-17
      Equation: "PotentialEquation"	RelError: 5.21710e-17	AbsError: 9.05608e-17
number of equations 7095
Iteration: 0
  Device: "part1_baseline"	RelError: 2.84910e+00	AbsError: 6.50064e+17
    Region: "bulk"	RelError: 2.83801e+00	AbsError: 6.50064e+17
      Equation: "ElectronContinuityEquation"	RelError: 1.95301e-01	AbsError: 6.50024e+17
      Equation: "HoleContinuityEquation"	RelError: 2.22707e-01	AbsError: 3.92972e+13
      Equation: "PotentialEquation"	RelError: 2.42000e+00	AbsError: 1.24771e-02
    Region: "oxide"	RelError: 1.10919e-02	AbsError: 2.00000e-02
      Equation: "PotentialEquation"	RelError: 1.10919e-02	AbsError: 2.00000e-02
Iteration: 1
  Device: "part1_baseline"	RelError: 3.52838e-02	AbsError: 3.18611e+15
    Region: "bulk"	RelError: 3.52501e-02	AbsError: 3.18611e+15
      Equation: "ElectronContinuityEquation"	RelError: 1.51777e-02	AbsError: 3.18589e+15
      Equation: "HoleContinuityEquation"	RelError: 1.93201e-02	AbsError: 2.19523e+11
      Equation: "PotentialEquation"	RelError: 7.52312e-04	AbsError: 5.89233e-05
    Region: "oxide"	RelError: 3.37073e-05	AbsError: 5.89233e-05
      Equation: "PotentialEquation"	RelError: 3.37073e-05	AbsError: 5.89233e-05
Iteration: 2
  Device: "part1_baseline"	RelError: 4.08744e-05	AbsError: 3.74921e+11
    Region: "bulk"	RelError: 4.08713e-05	AbsError: 3.74921e+11
      Equation: "ElectronContinuityEquation"	RelError: 1.33962e-06	AbsError: 3.74920e+11
      Equation: "HoleContinuityEquation"	RelError: 3.94569e-05	AbsError: 1.39530e+06
      Equation: "PotentialEquation"	RelError: 7.47644e-08	AbsError: 5.34605e-09
    Region: "oxide"	RelError: 3.05823e-09	AbsError: 5.34605e-09
      Equation: "PotentialEquation"	RelError: 3.05823e-09	AbsError: 5.34605e-09
Iteration: 3
  Device: "part1_baseline"	RelError: 1.73229e-13	AbsError: 5.44068e+03
    Region: "bulk"	RelError: 1.73179e-13	AbsError: 5.44068e+03
      Equation: "ElectronContinuityEquation"	RelError: 1.03360e-14	AbsError: 5.44057e+03
      Equation: "HoleContinuityEquation"	RelError: 1.57909e-13	AbsError: 1.10364e-01
      Equation: "PotentialEquation"	RelError: 4.93452e-15	AbsError: 8.73847e-17
    Region: "oxide"	RelError: 4.99887e-17	AbsError: 8.73847e-17
      Equation: "PotentialEquation"	RelError: 4.99887e-17	AbsError: 8.73847e-17
number of equations 7095
Iteration: 0
  Device: "part1_baseline"	RelError: 2.13256e+00	AbsError: 6.50940e+17
    Region: "bulk"	RelError: 2.12159e+00	AbsError: 6.50940e+17
      Equation: "ElectronContinuityEquation"	RelError: 1.94765e-01	AbsError: 6.50901e+17
      Equation: "HoleContinuityEquation"	RelError: 2.20933e-01	AbsError: 3.90491e+13
      Equation: "PotentialEquation"	RelError: 1.70589e+00	AbsError: 1.24057e-02
    Region: "oxide"	RelError: 1.09702e-02	AbsError: 2.00000e-02
      Equation: "PotentialEquation"	RelError: 1.09702e-02	AbsError: 2.00000e-02
Iteration: 1
  Device: "part1_baseline"	RelError: 3.49674e-02	AbsError: 3.29368e+15
    Region: "bulk"	RelError: 3.49344e-02	AbsError: 3.29368e+15
      Equation: "ElectronContinuityEquation"	RelError: 1.50903e-02	AbsError: 3.29346e+15
      Equation: "HoleContinuityEquation"	RelError: 1.91010e-02	AbsError: 2.17211e+11
      Equation: "PotentialEquation"	RelError: 7.43124e-04	AbsError: 5.81427e-05
    Region: "oxide"	RelError: 3.30316e-05	AbsError: 5.81427e-05
      Equation: "PotentialEquation"	RelError: 3.30316e-05	AbsError: 5.81427e-05
Iteration: 2
  Device: "part1_baseline"	RelError: 4.05183e-05	AbsError: 3.95250e+11
    Region: "bulk"	RelError: 4.05155e-05	AbsError: 3.95250e+11
      Equation: "ElectronContinuityEquation"	RelError: 1.37098e-06	AbsError: 3.95249e+11
      Equation: "HoleContinuityEquation"	RelError: 3.90905e-05	AbsError: 1.24536e+06
      Equation: "PotentialEquation"	RelError: 5.40184e-08	AbsError: 5.00734e-09
    Region: "oxide"	RelError: 2.84211e-09	AbsError: 5.00272e-09
      Equation: "PotentialEquation"	RelError: 2.84211e-09	AbsError: 5.00272e-09
Iteration: 3
  Device: "part1_baseline"	RelError: 1.48289e-13	AbsError: 5.96810e+03
    Region: "bulk"	RelError: 1.48241e-13	AbsError: 5.96810e+03
      Equation: "ElectronContinuityEquation"	RelError: 9.79519e-15	AbsError: 5.96800e+03
      Equation: "HoleContinuityEquation"	RelError: 1.35269e-13	AbsError: 9.95767e-02
      Equation: "PotentialEquation"	RelError: 3.17712e-15	AbsError: 8.46680e-17
    Region: "oxide"	RelError: 4.81010e-17	AbsError: 8.46680e-17
      Equation: "PotentialEquation"	RelError: 4.81010e-17	AbsError: 8.46680e-17
number of equations 7095
Iteration: 0
  Device: "part1_baseline"	RelError: 2.65049e+00	AbsError: 6.51780e+17
    Region: "bulk"	RelError: 2.63964e+00	AbsError: 6.51780e+17
      Equation: "ElectronContinuityEquation"	RelError: 1.94110e-01	AbsError: 6.51741e+17
      Equation: "HoleContinuityEquation"	RelError: 2.19042e-01	AbsError: 3.87967e+13
      Equation: "PotentialEquation"	RelError: 2.22649e+00	AbsError: 1.23311e-02
    Region: "oxide"	RelError: 1.08512e-02	AbsError: 2.00000e-02
      Equation: "PotentialEquation"	RelError: 1.08512e-02	AbsError: 2.00000e-02
Iteration: 1
  Device: "part1_baseline"	RelError: 3.63694e-02	AbsError: 3.38676e+15
    Region: "bulk"	RelError: 3.63371e-02	AbsError: 3.38676e+15
      Equation: "ElectronContinuityEquation"	RelError: 1.49979e-02	AbsError: 3.38655e+15
      Equation: "HoleContinuityEquation"	RelError: 1.88722e-02	AbsError: 2.14892e+11
      Equation: "PotentialEquation"	RelError: 2.46699e-03	AbsError: 5.73080e-05
    Region: "oxide"	RelError: 3.23367e-05	AbsError: 5.73080e-05
      Equation: "PotentialEquation"	RelError: 3.23367e-05	AbsError: 5.73080e-05
Iteration: 2
  Device: "part1_baseline"	RelError: 4.02292e-05	AbsError: 4.09189e+11
    Region: "bulk"	RelError: 4.02266e-05	AbsError: 4.09189e+11
      Equation: "ElectronContinuityEquation"	RelError: 1.40160e-06	AbsError: 4.09188e+11
      Equation: "HoleContinuityEquation"	RelError: 3.86971e-05	AbsError: 1.09387e+06
      Equation: "PotentialEquation"	RelError: 1.27902e-07	AbsError: 4.76521e-09
    Region: "oxide"	RelError: 2.62315e-09	AbsError: 4.64881e-09
      Equation: "PotentialEquation"	RelError: 2.62315e-09	AbsError: 4.64881e-09
Iteration: 3
  Device: "part1_baseline"	RelError: 1.49993e-13	AbsError: 6.26136e+03
    Region: "bulk"	RelError: 1.49946e-13	AbsError: 6.26136e+03
      Equation: "ElectronContinuityEquation"	RelError: 9.23743e-15	AbsError: 6.26127e+03
      Equation: "HoleContinuityEquation"	RelError: 1.33533e-13	AbsError: 9.08775e-02
      Equation: "PotentialEquation"	RelError: 7.17597e-15	AbsError: 8.22457e-17
    Region: "oxide"	RelError: 4.64081e-17	AbsError: 8.22457e-17
      Equation: "PotentialEquation"	RelError: 4.64081e-17	AbsError: 8.22457e-17
number of equations 7095
Iteration: 0
  Device: "part1_baseline"	RelError: 3.61985e+01	AbsError: 6.52585e+17
    Region: "bulk"	RelError: 3.61878e+01	AbsError: 6.52585e+17
      Equation: "ElectronContinuityEquation"	RelError: 1.93323e-01	AbsError: 6.52547e+17
      Equation: "HoleContinuityEquation"	RelError: 2.17018e-01	AbsError: 3.85401e+13
      Equation: "PotentialEquation"	RelError: 3.57774e+01	AbsError: 1.22532e-02
    Region: "oxide"	RelError: 1.07347e-02	AbsError: 2.00000e-02
      Equation: "PotentialEquation"	RelError: 1.07347e-02	AbsError: 2.00000e-02
Iteration: 1
  Device: "part1_baseline"	RelError: 5.72120e-02	AbsError: 3.46530e+15
    Region: "bulk"	RelError: 5.71804e-02	AbsError: 3.46530e+15
      Equation: "ElectronContinuityEquation"	RelError: 1.49426e-02	AbsError: 3.46508e+15
      Equation: "HoleContinuityEquation"	RelError: 1.86321e-02	AbsError: 2.12577e+11
      Equation: "PotentialEquation"	RelError: 2.36057e-02	AbsError: 5.64509e-05
    Region: "oxide"	RelError: 3.16407e-05	AbsError: 5.64509e-05
      Equation: "PotentialEquation"	RelError: 3.16407e-05	AbsError: 5.64509e-05
Iteration: 2
  Device: "part1_baseline"	RelError: 4.08933e-05	AbsError: 4.16814e+11
    Region: "bulk"	RelError: 4.08909e-05	AbsError: 4.16814e+11
      Equation: "ElectronContinuityEquation"	RelError: 1.43216e-06	AbsError: 4.16813e+11
      Equation: "HoleContinuityEquation"	RelError: 3.82776e-05	AbsError: 9.45465e+05
      Equation: "PotentialEquation"	RelError: 1.18116e-06	AbsError: 4.52617e-09
    Region: "oxide"	RelError: 2.40720e-09	AbsError: 4.29475e-09
      Equation: "PotentialEquation"	RelError: 2.40720e-09	AbsError: 4.29475e-09
Iteration: 3
  Device: "part1_baseline"	RelError: 2.16077e-13	AbsError: 6.32389e+03
    Region: "bulk"	RelError: 2.16032e-13	AbsError: 6.32389e+03
      Equation: "ElectronContinuityEquation"	RelError: 8.85105e-15	AbsError: 6.32381e+03
      Equation: "HoleContinuityEquation"	RelError: 1.43526e-13	AbsError: 8.40521e-02
      Equation: "PotentialEquation"	RelError: 6.36552e-14	AbsError: 7.99848e-17
    Region: "oxide"	RelError: 4.48314e-17	AbsError: 7.99848e-17
      Equation: "PotentialEquation"	RelError: 4.48314e-17	AbsError: 7.99848e-17
number of equations 7095
Iteration: 0
  Device: "part1_baseline"	RelError: 2.68105e+00	AbsError: 6.53358e+17
    Region: "bulk"	RelError: 2.67043e+00	AbsError: 6.53358e+17
      Equation: "ElectronContinuityEquation"	RelError: 1.92390e-01	AbsError: 6.53320e+17
      Equation: "HoleContinuityEquation"	RelError: 2.14841e-01	AbsError: 3.82793e+13
      Equation: "PotentialEquation"	RelError: 2.26320e+00	AbsError: 1.21717e-02
    Region: "oxide"	RelError: 1.06207e-02	AbsError: 2.00000e-02
      Equation: "PotentialEquation"	RelError: 1.06207e-02	AbsError: 2.00000e-02
Iteration: 1
  Device: "part1_baseline"	RelError: 3.52512e-02	AbsError: 3.52967e+15
    Region: "bulk"	RelError: 3.52203e-02	AbsError: 3.52967e+15
      Equation: "ElectronContinuityEquation"	RelError: 1.48739e-02	AbsError: 3.52946e+15
      Equation: "HoleContinuityEquation"	RelError: 1.83790e-02	AbsError: 2.10275e+11
      Equation: "PotentialEquation"	RelError: 1.96740e-03	AbsError: 5.56039e-05
    Region: "oxide"	RelError: 3.09614e-05	AbsError: 5.56039e-05
      Equation: "PotentialEquation"	RelError: 3.09614e-05	AbsError: 5.56039e-05
Iteration: 2
  Device: "part1_baseline"	RelError: 3.94650e-05	AbsError: 4.18498e+11
    Region: "bulk"	RelError: 3.94628e-05	AbsError: 4.18498e+11
      Equation: "ElectronContinuityEquation"	RelError: 1.47008e-06	AbsError: 4.18497e+11
      Equation: "HoleContinuityEquation"	RelError: 3.79352e-05	AbsError: 8.53261e+05
      Equation: "PotentialEquation"	RelError: 5.74536e-08	AbsError: 4.29307e-09
    Region: "oxide"	RelError: 2.19950e-09	AbsError: 3.95011e-09
      Equation: "PotentialEquation"	RelError: 2.19950e-09	AbsError: 3.95011e-09
Iteration: 3
  Device: "part1_baseline"	RelError: 1.65780e-13	AbsError: 6.18244e+03
    Region: "bulk"	RelError: 1.65737e-13	AbsError: 6.18244e+03
      Equation: "ElectronContinuityEquation"	RelError: 8.51316e-15	AbsError: 6.18236e+03
      Equation: "HoleContinuityEquation"	RelError: 1.52971e-13	AbsError: 7.89661e-02
      Equation: "PotentialEquation"	RelError: 4.25325e-15	AbsError: 7.78356e-17
    Region: "oxide"	RelError: 4.33404e-17	AbsError: 7.78356e-17
      Equation: "PotentialEquation"	RelError: 4.33404e-17	AbsError: 7.78356e-17
number of equations 7095
Iteration: 0
  Device: "part1_baseline"	RelError: 1.10789e+00	AbsError: 6.54101e+17
    Region: "bulk"	RelError: 1.09738e+00	AbsError: 6.54101e+17
      Equation: "ElectronContinuityEquation"	RelError: 1.91293e-01	AbsError: 6.54063e+17
      Equation: "HoleContinuityEquation"	RelError: 2.12492e-01	AbsError: 3.80141e+13
      Equation: "PotentialEquation"	RelError: 6.93599e-01	AbsError: 1.20862e-02
    Region: "oxide"	RelError: 1.05091e-02	AbsError: 2.00000e-02
      Equation: "PotentialEquation"	RelError: 1.05091e-02	AbsError: 2.00000e-02
Iteration: 1
  Device: "part1_baseline"	RelError: 3.35561e-02	AbsError: 3.58066e+15
    Region: "bulk"	RelError: 3.35258e-02	AbsError: 3.58066e+15
      Equation: "ElectronContinuityEquation"	RelError: 1.47906e-02	AbsError: 3.58045e+15
      Equation: "HoleContinuityEquation"	RelError: 1.81109e-02	AbsError: 2.07997e+11
      Equation: "PotentialEquation"	RelError: 6.24318e-04	AbsError: 5.47990e-05
    Region: "oxide"	RelError: 3.03161e-05	AbsError: 5.47990e-05
      Equation: "PotentialEquation"	RelError: 3.03161e-05	AbsError: 5.47990e-05
Iteration: 2
  Device: "part1_baseline"	RelError: 3.94205e-05	AbsError: 4.14858e+11
    Region: "bulk"	RelError: 3.94185e-05	AbsError: 4.14858e+11
      Equation: "ElectronContinuityEquation"	RelError: 1.50968e-06	AbsError: 4.14857e+11
      Equation: "HoleContinuityEquation"	RelError: 3.78901e-05	AbsError: 8.95568e+05
      Equation: "PotentialEquation"	RelError: 1.86892e-08	AbsError: 4.07882e-09
    Region: "oxide"	RelError: 2.00461e-09	AbsError: 3.62351e-09
      Equation: "PotentialEquation"	RelError: 2.00461e-09	AbsError: 3.62351e-09
Iteration: 3
  Device: "part1_baseline"	RelError: 1.78527e-13	AbsError: 5.88022e+03
    Region: "bulk"	RelError: 1.78485e-13	AbsError: 5.88022e+03
      Equation: "ElectronContinuityEquation"	RelError: 8.20726e-15	AbsError: 5.88014e+03
      Equation: "HoleContinuityEquation"	RelError: 1.69022e-13	AbsError: 7.55352e-02
      Equation: "PotentialEquation"	RelError: 1.25596e-15	AbsError: 7.58522e-17
    Region: "oxide"	RelError: 4.19632e-17	AbsError: 7.58522e-17
      Equation: "PotentialEquation"	RelError: 4.19632e-17	AbsError: 7.58522e-17
number of equations 7095
Iteration: 0
  Device: "part1_baseline"	RelError: 1.34434e+00	AbsError: 6.54814e+17
    Region: "bulk"	RelError: 1.33394e+00	AbsError: 6.54814e+17
      Equation: "ElectronContinuityEquation"	RelError: 1.90016e-01	AbsError: 6.54776e+17
      Equation: "HoleContinuityEquation"	RelError: 2.09951e-01	AbsError: 3.77445e+13
      Equation: "PotentialEquation"	RelError: 9.33971e-01	AbsError: 1.19966e-02
    Region: "oxide"	RelError: 1.03998e-02	AbsError: 2.00000e-02
      Equation: "PotentialEquation"	RelError: 1.03998e-02	AbsError: 2.00000e-02
Iteration: 1
  Device: "part1_baseline"	RelError: 3.35253e-02	AbsError: 3.61940e+15
    Region: "bulk"	RelError: 3.34956e-02	AbsError: 3.61940e+15
      Equation: "ElectronContinuityEquation"	RelError: 1.46912e-02	AbsError: 3.61920e+15
      Equation: "HoleContinuityEquation"	RelError: 1.78261e-02	AbsError: 2.05753e+11
      Equation: "PotentialEquation"	RelError: 9.78310e-04	AbsError: 5.40669e-05
    Region: "oxide"	RelError: 2.97209e-05	AbsError: 5.40669e-05
      Equation: "PotentialEquation"	RelError: 2.97209e-05	AbsError: 5.40669e-05
Iteration: 2
  Device: "part1_baseline"	RelError: 3.93524e-05	AbsError: 4.06685e+11
    Region: "bulk"	RelError: 3.93505e-05	AbsError: 4.06685e+11
      Equation: "ElectronContinuityEquation"	RelError: 1.55139e-06	AbsError: 4.06684e+11
      Equation: "HoleContinuityEquation"	RelError: 3.77818e-05	AbsError: 9.43935e+05
      Equation: "PotentialEquation"	RelError: 1.73965e-08	AbsError: 4.45068e-09
    Region: "oxide"	RelError: 1.82641e-09	AbsError: 3.57319e-09
      Equation: "PotentialEquation"	RelError: 1.82641e-09	AbsError: 3.57319e-09
Iteration: 3
  Device: "part1_baseline"	RelError: 1.99901e-13	AbsError: 5.46885e+03
    Region: "bulk"	RelError: 1.99860e-13	AbsError: 5.46885e+03
      Equation: "ElectronContinuityEquation"	RelError: 7.95449e-15	AbsError: 5.46877e+03
      Equation: "HoleContinuityEquation"	RelError: 1.90065e-13	AbsError: 7.37308e-02
      Equation: "PotentialEquation"	RelError: 1.83998e-15	AbsError: 7.41843e-17
    Region: "oxide"	RelError: 4.07795e-17	AbsError: 7.41843e-17
      Equation: "PotentialEquation"	RelError: 4.07795e-17	AbsError: 7.41843e-17
number of equations 7095
Iteration: 0
  Device: "part1_baseline"	RelError: 1.39175e+01	AbsError: 6.55500e+17
    Region: "bulk"	RelError: 1.39072e+01	AbsError: 6.55500e+17
      Equation: "ElectronContinuityEquation"	RelError: 1.88671e-01	AbsError: 6.55462e+17
      Equation: "HoleContinuityEquation"	RelError: 2.07194e-01	AbsError: 3.74704e+13
      Equation: "PotentialEquation"	RelError: 1.35113e+01	AbsError: 1.19024e-02
    Region: "oxide"	RelError: 1.02927e-02	AbsError: 2.00000e-02
      Equation: "PotentialEquation"	RelError: 1.02927e-02	AbsError: 2.00000e-02
Iteration: 1
  Device: "part1_baseline"	RelError: 4.66656e-02	AbsError: 3.64731e+15
    Region: "bulk"	RelError: 4.66364e-02	AbsError: 3.64731e+15
      Equation: "ElectronContinuityEquation"	RelError: 1.45744e-02	AbsError: 3.64710e+15
      Equation: "HoleContinuityEquation"	RelError: 1.75224e-02	AbsError: 2.03553e+11
      Equation: "PotentialEquation"	RelError: 1.45396e-02	AbsError: 5.34368e-05
    Region: "oxide"	RelError: 2.91906e-05	AbsError: 5.34368e-05
      Equation: "PotentialEquation"	RelError: 2.91906e-05	AbsError: 5.34368e-05
Iteration: 2
  Device: "part1_baseline"	RelError: 3.94507e-05	AbsError: 3.94878e+11
    Region: "bulk"	RelError: 3.94487e-05	AbsError: 3.94878e+11
      Equation: "ElectronContinuityEquation"	RelError: 1.59555e-06	AbsError: 3.94877e+11
      Equation: "HoleContinuityEquation"	RelError: 3.75872e-05	AbsError: 9.88833e+05
      Equation: "PotentialEquation"	RelError: 2.65899e-07	AbsError: 4.91006e-09
    Region: "oxide"	RelError: 1.98715e-09	AbsError: 3.99520e-09
      Equation: "PotentialEquation"	RelError: 1.98715e-09	AbsError: 3.99520e-09
Iteration: 3
  Device: "part1_baseline"	RelError: 2.45905e-13	AbsError: 5.00091e+03
    Region: "bulk"	RelError: 2.45865e-13	AbsError: 5.00091e+03
      Equation: "ElectronContinuityEquation"	RelError: 7.77705e-15	AbsError: 5.00083e+03
      Equation: "HoleContinuityEquation"	RelError: 2.11684e-13	AbsError: 7.35820e-02
      Equation: "PotentialEquation"	RelError: 2.64043e-14	AbsError: 7.30520e-17
    Region: "oxide"	RelError: 3.99057e-17	AbsError: 7.30520e-17
      Equation: "PotentialEquation"	RelError: 3.99057e-17	AbsError: 7.30520e-17
number of equations 7095
Iteration: 0
  Device: "part1_baseline"	RelError: 1.48324e+00	AbsError: 6.56160e+17
    Region: "bulk"	RelError: 1.47305e+00	AbsError: 6.56160e+17
      Equation: "ElectronContinuityEquation"	RelError: 1.87456e-01	AbsError: 6.56123e+17
      Equation: "HoleContinuityEquation"	RelError: 2.04202e-01	AbsError: 3.71915e+13
      Equation: "PotentialEquation"	RelError: 1.08140e+00	AbsError: 1.18034e-02
    Region: "oxide"	RelError: 1.01879e-02	AbsError: 2.00000e-02
      Equation: "PotentialEquation"	RelError: 1.01879e-02	AbsError: 2.00000e-02
Iteration: 1
  Device: "part1_baseline"	RelError: 3.29004e-02	AbsError: 3.66598e+15
    Region: "bulk"	RelError: 3.28716e-02	AbsError: 3.66598e+15
      Equation: "ElectronContinuityEquation"	RelError: 1.44383e-02	AbsError: 3.66578e+15
      Equation: "HoleContinuityEquation"	RelError: 1.71980e-02	AbsError: 2.01405e+11
      Equation: "PotentialEquation"	RelError: 1.23528e-03	AbsError: 5.47365e-05
    Region: "oxide"	RelError: 2.87385e-05	AbsError: 5.29355e-05
      Equation: "PotentialEquation"	RelError: 2.87385e-05	AbsError: 5.29355e-05
Iteration: 2
  Device: "part1_baseline"	RelError: 3.90400e-05	AbsError: 3.80380e+11
    Region: "bulk"	RelError: 3.90378e-05	AbsError: 3.80380e+11
      Equation: "ElectronContinuityEquation"	RelError: 1.64243e-06	AbsError: 3.80379e+11
      Equation: "HoleContinuityEquation"	RelError: 3.73730e-05	AbsError: 1.03026e+06
      Equation: "PotentialEquation"	RelError: 2.23582e-08	AbsError: 5.42012e-09
    Region: "oxide"	RelError: 2.21438e-09	AbsError: 4.47808e-09
      Equation: "PotentialEquation"	RelError: 2.21438e-09	AbsError: 4.47808e-09
Iteration: 3
  Device: "part1_baseline"	RelError: 2.44095e-13	AbsError: 4.52415e+03
    Region: "bulk"	RelError: 2.44056e-13	AbsError: 4.52415e+03
      Equation: "ElectronContinuityEquation"	RelError: 7.73830e-15	AbsError: 4.52408e+03
      Equation: "HoleContinuityEquation"	RelError: 2.34088e-13	AbsError: 7.51799e-02
      Equation: "PotentialEquation"	RelError: 2.22929e-15	AbsError: 7.27168e-17
    Region: "oxide"	RelError: 3.94778e-17	AbsError: 7.27168e-17
      Equation: "PotentialEquation"	RelError: 3.94778e-17	AbsError: 7.27168e-17
Adding 668 nodes
Adding 1576 edges with 0 duplicates removed
Adding 908 triangles  with 0 duplicate removed
Adding 2340 nodes
Adding 6819 edges with 0 duplicates removed
Adding 4480 triangles  with 0 duplicate removed
Adding 125 nodes
Adding 316 edges with 0 duplicates removed
Adding 192 triangles  with 0 duplicate removed
Adding 75 nodes
Adding 170 edges with 0 duplicates removed
Adding 96 triangles  with 0 duplicate removed
Contact body in region bulk with 65 nodes
Contact drain in region bulk with 21 nodes
Contact gate in region oxide with 25 nodes
Contact source in region bulk with 21 nodes
Adding interface bulk_oxide with 23, 23 nodes
Replacing Node Model DrainDoping in region bulk of material Silicon
Replacing Node Model NetDoping in region bulk of material Silicon
Replacing Node Model SourceDoping in region bulk of material Silicon
Replacing Node Model gatenodemodel in region oxide of material Oxide
number of equations 2415
Iteration: 0
  Device: "part1_baseline"	RelError: 2.00000e+00	AbsError: 2.02932e-01
    Region: "bulk"	RelError: 1.00000e+00	AbsError: 2.02932e-01
      Equation: "PotentialEquation"	RelError: 1.00000e+00	AbsError: 2.02932e-01
    Region: "oxide"	RelError: 1.00000e+00	AbsError: 1.30203e-01
      Equation: "PotentialEquation"	RelError: 1.00000e+00	AbsError: 1.30203e-01
Iteration: 1
  Device: "part1_baseline"	RelError: 9.97423e-01	AbsError: 2.02486e-01
    Region: "bulk"	RelError: 4.99590e-01	AbsError: 2.02486e-01
      Equation: "PotentialEquation"	RelError: 4.99590e-01	AbsError: 2.02486e-01
    Region: "oxide"	RelError: 4.97833e-01	AbsError: 1.29080e-01
      Equation: "PotentialEquation"	RelError: 4.97833e-01	AbsError: 1.29080e-01
Iteration: 2
  Device: "part1_baseline"	RelError: 1.03038e+01	AbsError: 1.49517e-01
    Region: "bulk"	RelError: 6.19488e-01	AbsError: 1.49517e-01
      Equation: "PotentialEquation"	RelError: 6.19488e-01	AbsError: 1.49517e-01
    Region: "oxide"	RelError: 9.68436e+00	AbsError: 8.36719e-02
      Equation: "PotentialEquation"	RelError: 9.68436e+00	AbsError: 8.36719e-02
Iteration: 3
  Device: "part1_baseline"	RelError: 4.08931e+00	AbsError: 8.17909e-02
    Region: "bulk"	RelError: 1.61540e+00	AbsError: 8.17909e-02
      Equation: "PotentialEquation"	RelError: 1.61540e+00	AbsError: 8.17909e-02
    Region: "oxide"	RelError: 2.47391e+00	AbsError: 5.74953e-02
      Equation: "PotentialEquation"	RelError: 2.47391e+00	AbsError: 5.74953e-02
Iteration: 4
  Device: "part1_baseline"	RelError: 1.31005e+02	AbsError: 8.16588e-02
    Region: "bulk"	RelError: 6.58955e+01	AbsError: 8.16588e-02
      Equation: "PotentialEquation"	RelError: 6.58955e+01	AbsError: 8.16588e-02
    Region: "oxide"	RelError: 6.51090e+01	AbsError: 5.46723e-02
      Equation: "PotentialEquation"	RelError: 6.51090e+01	AbsError: 5.46723e-02
Iteration: 5
  Device: "part1_baseline"	RelError: 8.23413e+02	AbsError: 8.02909e-02
    Region: "bulk"	RelError: 7.45296e+02	AbsError: 8.02909e-02
      Equation: "PotentialEquation"	RelError: 7.45296e+02	AbsError: 8.02909e-02
    Region: "oxide"	RelError: 7.81177e+01	AbsError: 5.00083e-02
      Equation: "PotentialEquation"	RelError: 7.81177e+01	AbsError: 5.00083e-02
Iteration: 6
  Device: "part1_baseline"	RelError: 5.86027e+02	AbsError: 7.84339e-02
    Region: "bulk"	RelError: 5.81686e+02	AbsError: 7.84339e-02
      Equation: "PotentialEquation"	RelError: 5.81686e+02	AbsError: 7.84339e-02
    Region: "oxide"	RelError: 4.34092e+00	AbsError: 4.39111e-02
      Equation: "PotentialEquation"	RelError: 4.34092e+00	AbsError: 4.39111e-02
Iteration: 7
  Device: "part1_baseline"	RelError: 2.02573e+02	AbsError: 7.57349e-02
    Region: "bulk"	RelError: 2.00793e+02	AbsError: 7.57349e-02
      Equation: "PotentialEquation"	RelError: 2.00793e+02	AbsError: 7.57349e-02
    Region: "oxide"	RelError: 1.78015e+00	AbsError: 3.60512e-02
      Equation: "PotentialEquation"	RelError: 1.78015e+00	AbsError: 3.60512e-02
Iteration: 8
  Device: "part1_baseline"	RelError: 3.49958e+03	AbsError: 7.17588e-02
    Region: "bulk"	RelError: 2.97585e+03	AbsError: 7.17588e-02
      Equation: "PotentialEquation"	RelError: 2.97585e+03	AbsError: 7.17588e-02
    Region: "oxide"	RelError: 5.23733e+02	AbsError: 2.60636e-02
      Equation: "PotentialEquation"	RelError: 5.23733e+02	AbsError: 2.60636e-02
Iteration: 9
  Device: "part1_baseline"	RelError: 6.73294e+01	AbsError: 6.40294e-02
    Region: "bulk"	RelError: 6.63264e+01	AbsError: 6.40294e-02
      Equation: "PotentialEquation"	RelError: 6.63264e+01	AbsError: 6.40294e-02
    Region: "oxide"	RelError: 1.00302e+00	AbsError: 1.91435e-02
      Equation: "PotentialEquation"	RelError: 1.00302e+00	AbsError: 1.91435e-02
Iteration: 10
  Device: "part1_baseline"	RelError: 1.33165e+01	AbsError: 5.22371e-02
    Region: "bulk"	RelError: 1.30806e+01	AbsError: 5.22371e-02
      Equation: "PotentialEquation"	RelError: 1.30806e+01	AbsError: 5.22371e-02
    Region: "oxide"	RelError: 2.35941e-01	AbsError: 4.45571e-03
      Equation: "PotentialEquation"	RelError: 2.35941e-01	AbsError: 4.45571e-03
Iteration: 11
  Device: "part1_baseline"	RelError: 6.44240e+00	AbsError: 3.98588e-02
    Region: "bulk"	RelError: 6.26810e+00	AbsError: 3.98588e-02
      Equation: "PotentialEquation"	RelError: 6.26810e+00	AbsError: 3.98588e-02
    Region: "oxide"	RelError: 1.74299e-01	AbsError: 2.39447e-03
      Equation: "PotentialEquation"	RelError: 1.74299e-01	AbsError: 2.39447e-03
Iteration: 12
  Device: "part1_baseline"	RelError: 4.21959e+00	AbsError: 2.57250e-02
    Region: "bulk"	RelError: 4.18971e+00	AbsError: 2.57250e-02
      Equation: "PotentialEquation"	RelError: 4.18971e+00	AbsError: 2.57250e-02
    Region: "oxide"	RelError: 2.98753e-02	AbsError: 2.66244e-04
      Equation: "PotentialEquation"	RelError: 2.98753e-02	AbsError: 2.66244e-04
Iteration: 13
  Device: "part1_baseline"	RelError: 7.23942e-01	AbsError: 8.92905e-03
    Region: "bulk"	RelError: 7.21156e-01	AbsError: 8.92905e-03
      Equation: "PotentialEquation"	RelError: 7.21156e-01	AbsError: 8.92905e-03
    Region: "oxide"	RelError: 2.78605e-03	AbsError: 2.14736e-05
      Equation: "PotentialEquation"	RelError: 2.78605e-03	AbsError: 2.14736e-05
Iteration: 14
  Device: "part1_baseline"	RelError: 2.63514e-02	AbsError: 3.50312e-04
    Region: "bulk"	RelError: 2.63000e-02	AbsError: 3.50312e-04
      Equation: "PotentialEquation"	RelError: 2.63000e-02	AbsError: 3.50312e-04
    Region: "oxide"	RelError: 5.14674e-05	AbsError: 3.33976e-07
      Equation: "PotentialEquation"	RelError: 5.14674e-05	AbsError: 3.33976e-07
Iteration: 15
  Device: "part1_baseline"	RelError: 4.22433e-05	AbsError: 9.37807e-07
    Region: "bulk"	RelError: 4.21796e-05	AbsError: 9.37807e-07
      Equation: "PotentialEquation"	RelError: 4.21796e-05	AbsError: 9.37807e-07
    Region: "oxide"	RelError: 6.36237e-08	AbsError: 3.92539e-10
      Equation: "PotentialEquation"	RelError: 6.36237e-08	AbsError: 3.92539e-10
Iteration: 16
  Device: "part1_baseline"	RelError: 2.03957e-10	AbsError: 7.01127e-12
    Region: "bulk"	RelError: 2.03676e-10	AbsError: 7.01127e-12
      Equation: "PotentialEquation"	RelError: 2.03676e-10	AbsError: 7.01127e-12
    Region: "oxide"	RelError: 2.81106e-13	AbsError: 1.71885e-15
      Equation: "PotentialEquation"	RelError: 2.81106e-13	AbsError: 1.71885e-15
Iteration: 17
  Device: "part1_baseline"	RelError: 8.28282e-21	AbsError: 4.13241e-22
    Region: "bulk"	RelError: 8.27181e-21	AbsError: 4.13241e-22
      Equation: "PotentialEquation"	RelError: 8.27181e-21	AbsError: 4.13241e-22
    Region: "oxide"	RelError: 1.10060e-23	AbsError: 6.71044e-26
      Equation: "PotentialEquation"	RelError: 1.10060e-23	AbsError: 6.71044e-26
Warning: Replacing equation with equation of the same name.
Region: bulk, Equation: PotentialEquation, Variable: Potential
number of equations 7095
Iteration: 0
  Device: "part1_baseline"	RelError: 6.14352e-29	AbsError: 1.43901e-13
    Region: "bulk"	RelError: 6.14317e-29	AbsError: 1.43901e-13
      Equation: "ElectronContinuityEquation"	RelError: 3.24175e-29	AbsError: 1.43885e-13
      Equation: "HoleContinuityEquation"	RelError: 2.90012e-29	AbsError: 1.65455e-17
      Equation: "PotentialEquation"	RelError: 1.30897e-32	AbsError: 2.70141e-34
    Region: "oxide"	RelError: 3.49815e-33	AbsError: 6.39401e-35
      Equation: "PotentialEquation"	RelError: 3.49815e-33	AbsError: 6.39401e-35
number of equations 7095
Iteration: 0
  Device: "part1_baseline"	RelError: 2.04738e+03	AbsError: 4.85165e+16
    Region: "bulk"	RelError: 2.04712e+03	AbsError: 4.85165e+16
      Equation: "ElectronContinuityEquation"	RelError: 9.99000e+02	AbsError: 4.57454e+16
      Equation: "HoleContinuityEquation"	RelError: 9.99000e+02	AbsError: 2.77111e+15
      Equation: "PotentialEquation"	RelError: 4.91194e+01	AbsError: 4.09542e-02
    Region: "oxide"	RelError: 2.61294e-01	AbsError: 4.77856e-03
      Equation: "PotentialEquation"	RelError: 2.61294e-01	AbsError: 4.77856e-03
Iteration: 1
  Device: "part1_baseline"	RelError: 8.24663e+00	AbsError: 2.38298e+15
    Region: "bulk"	RelError: 8.23018e+00	AbsError: 2.38298e+15
      Equation: "ElectronContinuityEquation"	RelError: 9.98731e-01	AbsError: 1.59488e+15
      Equation: "HoleContinuityEquation"	RelError: 9.98677e-01	AbsError: 7.88101e+14
      Equation: "PotentialEquation"	RelError: 6.23278e+00	AbsError: 3.07632e-02
    Region: "oxide"	RelError: 1.64503e-02	AbsError: 4.79484e-04
      Equation: "PotentialEquation"	RelError: 1.64503e-02	AbsError: 4.79484e-04
Iteration: 2
  Device: "part1_baseline"	RelError: 1.00770e+03	AbsError: 3.68551e+14
    Region: "bulk"	RelError: 1.00770e+03	AbsError: 3.68551e+14
      Equation: "ElectronContinuityEquation"	RelError: 9.99000e+02	AbsError: 1.87753e+14
      Equation: "HoleContinuityEquation"	RelError: 8.61255e+00	AbsError: 1.80798e+14
      Equation: "PotentialEquation"	RelError: 8.58164e-02	AbsError: 2.58319e-02
    Region: "oxide"	RelError: 1.70779e-03	AbsError: 5.42523e-05
      Equation: "PotentialEquation"	RelError: 1.70779e-03	AbsError: 5.42523e-05
Iteration: 3
  Device: "part1_baseline"	RelError: 1.51856e+00	AbsError: 5.88908e+13
    Region: "bulk"	RelError: 1.51842e+00	AbsError: 5.88908e+13
      Equation: "ElectronContinuityEquation"	RelError: 9.97098e-01	AbsError: 4.52193e+12
      Equation: "HoleContinuityEquation"	RelError: 5.01297e-01	AbsError: 5.43689e+13
      Equation: "PotentialEquation"	RelError: 2.00272e-02	AbsError: 9.16533e-03
    Region: "oxide"	RelError: 1.41067e-04	AbsError: 6.82471e-06
      Equation: "PotentialEquation"	RelError: 1.41067e-04	AbsError: 6.82471e-06
Iteration: 4
  Device: "part1_baseline"	RelError: 1.54100e-01	AbsError: 3.89182e+13
    Region: "bulk"	RelError: 1.53963e-01	AbsError: 3.89182e+13
      Equation: "ElectronContinuityEquation"	RelError: 1.35210e-01	AbsError: 2.53740e+13
      Equation: "HoleContinuityEquation"	RelError: 5.49817e-03	AbsError: 1.35442e+13
      Equation: "PotentialEquation"	RelError: 1.32556e-02	AbsError: 6.58534e-05
    Region: "oxide"	RelError: 1.36740e-04	AbsError: 2.30681e-06
      Equation: "PotentialEquation"	RelError: 1.36740e-04	AbsError: 2.30681e-06
Iteration: 5
  Device: "part1_baseline"	RelError: 3.53972e-05	AbsError: 4.84191e+09
    Region: "bulk"	RelError: 3.53961e-05	AbsError: 4.84191e+09
      Equation: "ElectronContinuityEquation"	RelError: 2.40992e-05	AbsError: 1.48131e+09
      Equation: "HoleContinuityEquation"	RelError: 9.61760e-06	AbsError: 3.36060e+09
      Equation: "PotentialEquation"	RelError: 1.67931e-06	AbsError: 1.25340e-08
    Region: "oxide"	RelError: 1.15277e-09	AbsError: 8.43796e-11
      Equation: "PotentialEquation"	RelError: 1.15277e-09	AbsError: 8.43796e-11
Iteration: 6
  Device: "part1_baseline"	RelError: 2.30450e-12	AbsError: 1.97297e+02
    Region: "bulk"	RelError: 2.30449e-12	AbsError: 1.97297e+02
      Equation: "ElectronContinuityEquation"	RelError: 5.16671e-13	AbsError: 6.56941e+01
      Equation: "HoleContinuityEquation"	RelError: 1.73085e-12	AbsError: 1.31603e+02
      Equation: "PotentialEquation"	RelError: 5.69750e-14	AbsError: 5.88801e-16
    Region: "oxide"	RelError: 1.13004e-17	AbsError: 8.27156e-19
      Equation: "PotentialEquation"	RelError: 1.13004e-17	AbsError: 8.27156e-19
number of equations 7095
Iteration: 0
  Device: "part1_baseline"	RelError: 2.07264e+03	AbsError: 4.53425e+16
    Region: "bulk"	RelError: 2.07245e+03	AbsError: 4.53425e+16
      Equation: "ElectronContinuityEquation"	RelError: 9.99000e+02	AbsError: 4.29470e+16
      Equation: "HoleContinuityEquation"	RelError: 9.99000e+02	AbsError: 2.39552e+15
      Equation: "PotentialEquation"	RelError: 7.44509e+01	AbsError: 4.09542e-02
    Region: "oxide"	RelError: 1.91495e-01	AbsError: 3.98275e-03
      Equation: "PotentialEquation"	RelError: 1.91495e-01	AbsError: 3.98275e-03
Iteration: 1
  Device: "part1_baseline"	RelError: 1.00217e+03	AbsError: 1.92543e+15
    Region: "bulk"	RelError: 1.00216e+03	AbsError: 1.92543e+15
      Equation: "ElectronContinuityEquation"	RelError: 9.99000e+02	AbsError: 1.34831e+15
      Equation: "HoleContinuityEquation"	RelError: 9.98652e-01	AbsError: 5.77122e+14
      Equation: "PotentialEquation"	RelError: 2.16517e+00	AbsError: 3.07632e-02
    Region: "oxide"	RelError: 9.65499e-03	AbsError: 2.88117e-04
      Equation: "PotentialEquation"	RelError: 9.65499e-03	AbsError: 2.88117e-04
Iteration: 2
  Device: "part1_baseline"	RelError: 1.16819e+01	AbsError: 2.52798e+14
    Region: "bulk"	RelError: 1.16810e+01	AbsError: 2.52798e+14
      Equation: "ElectronContinuityEquation"	RelError: 2.95658e+00	AbsError: 1.47873e+14
      Equation: "HoleContinuityEquation"	RelError: 8.67712e+00	AbsError: 1.04924e+14
      Equation: "PotentialEquation"	RelError: 4.72780e-02	AbsError: 2.58124e-02
    Region: "oxide"	RelError: 9.69865e-04	AbsError: 3.14736e-05
      Equation: "PotentialEquation"	RelError: 9.69865e-04	AbsError: 3.14736e-05
Iteration: 3
  Device: "part1_baseline"	RelError: 1.01210e+00	AbsError: 3.03594e+13
    Region: "bulk"	RelError: 1.01206e+00	AbsError: 3.03594e+13
      Equation: "ElectronContinuityEquation"	RelError: 4.92631e-01	AbsError: 3.96163e+12
      Equation: "HoleContinuityEquation"	RelError: 5.02991e-01	AbsError: 2.63978e+13
      Equation: "PotentialEquation"	RelError: 1.64358e-02	AbsError: 9.16533e-03
    Region: "oxide"	RelError: 3.93683e-05	AbsError: 2.84467e-06
      Equation: "PotentialEquation"	RelError: 3.93683e-05	AbsError: 2.84467e-06
Iteration: 4
  Device: "part1_baseline"	RelError: 1.48632e-02	AbsError: 4.07013e+13
    Region: "bulk"	RelError: 1.47510e-02	AbsError: 4.07013e+13
      Equation: "ElectronContinuityEquation"	RelError: 2.84136e-03	AbsError: 2.64101e+13
      Equation: "HoleContinuityEquation"	RelError: 7.38815e-03	AbsError: 1.42912e+13
      Equation: "PotentialEquation"	RelError: 4.52149e-03	AbsError: 6.63102e-05
    Region: "oxide"	RelError: 1.12194e-04	AbsError: 2.22181e-06
      Equation: "PotentialEquation"	RelError: 1.12194e-04	AbsError: 2.22181e-06
Iteration: 5
  Device: "part1_baseline"	RelError: 1.43751e-05	AbsError: 6.57303e+09
    Region: "bulk"	RelError: 1.43723e-05	AbsError: 6.57303e+09
      Equation: "ElectronContinuityEquation"	RelError: 1.11175e-06	AbsError: 1.93272e+09
      Equation: "HoleContinuityEquation"	RelError: 1.26643e-05	AbsError: 4.64030e+09
      Equation: "PotentialEquation"	RelError: 5.96217e-07	AbsError: 1.65183e-08
    Region: "oxide"	RelError: 2.75710e-09	AbsError: 2.40897e-11
      Equation: "PotentialEquation"	RelError: 2.75710e-09	AbsError: 2.40897e-11
Iteration: 6
  Device: "part1_baseline"	RelError: 2.94078e-12	AbsError: 5.46165e+02
    Region: "bulk"	RelError: 2.94071e-12	AbsError: 5.46165e+02
      Equation: "ElectronContinuityEquation"	RelError: 1.53803e-13	AbsError: 1.56010e+02
      Equation: "HoleContinuityEquation"	RelError: 2.73732e-12	AbsError: 3.90156e+02
      Equation: "PotentialEquation"	RelError: 4.95832e-14	AbsError: 1.43302e-15
    Region: "oxide"	RelError: 7.82216e-17	AbsError: 6.61338e-19
      Equation: "PotentialEquation"	RelError: 7.82216e-17	AbsError: 6.61338e-19
number of equations 7095
Iteration: 0
  Device: "part1_baseline"	RelError: 2.29702e+03	AbsError: 4.27092e+16
    Region: "bulk"	RelError: 2.29687e+03	AbsError: 4.27092e+16
      Equation: "ElectronContinuityEquation"	RelError: 9.99000e+02	AbsError: 4.05619e+16
      Equation: "HoleContinuityEquation"	RelError: 9.99000e+02	AbsError: 2.14725e+15
      Equation: "PotentialEquation"	RelError: 2.98868e+02	AbsError: 4.09542e-02
    Region: "oxide"	RelError: 1.49907e-01	AbsError: 3.49364e-03
      Equation: "PotentialEquation"	RelError: 1.49907e-01	AbsError: 3.49364e-03
Iteration: 1
  Device: "part1_baseline"	RelError: 1.00111e+03	AbsError: 1.64919e+15
    Region: "bulk"	RelError: 1.00110e+03	AbsError: 1.64919e+15
      Equation: "ElectronContinuityEquation"	RelError: 9.99000e+02	AbsError: 1.14380e+15
      Equation: "HoleContinuityEquation"	RelError: 9.98455e-01	AbsError: 5.05390e+14
      Equation: "PotentialEquation"	RelError: 1.10064e+00	AbsError: 3.07632e-02
    Region: "oxide"	RelError: 6.23011e-03	AbsError: 1.93640e-04
      Equation: "PotentialEquation"	RelError: 6.23011e-03	AbsError: 1.93640e-04
Iteration: 2
  Device: "part1_baseline"	RelError: 1.05483e+01	AbsError: 2.00914e+14
    Region: "bulk"	RelError: 1.05477e+01	AbsError: 2.00914e+14
      Equation: "ElectronContinuityEquation"	RelError: 9.99999e-01	AbsError: 1.17705e+14
      Equation: "HoleContinuityEquation"	RelError: 9.43679e+00	AbsError: 8.32089e+13
      Equation: "PotentialEquation"	RelError: 1.10917e-01	AbsError: 2.58964e-02
    Region: "oxide"	RelError: 6.01870e-04	AbsError: 2.00307e-05
      Equation: "PotentialEquation"	RelError: 6.01870e-04	AbsError: 2.00307e-05
Iteration: 3
  Device: "part1_baseline"	RelError: 8.02365e-01	AbsError: 3.02443e+13
    Region: "bulk"	RelError: 8.02353e-01	AbsError: 3.02443e+13
      Equation: "ElectronContinuityEquation"	RelError: 2.52575e-01	AbsError: 7.54983e+12
      Equation: "HoleContinuityEquation"	RelError: 5.35841e-01	AbsError: 2.26944e+13
      Equation: "PotentialEquation"	RelError: 1.39366e-02	AbsError: 9.16533e-03
    Region: "oxide"	RelError: 1.24637e-05	AbsError: 1.00006e-06
      Equation: "PotentialEquation"	RelError: 1.24637e-05	AbsError: 1.00006e-06
Iteration: 4
  Device: "part1_baseline"	RelError: 3.29923e-02	AbsError: 4.98834e+13
    Region: "bulk"	RelError: 3.28947e-02	AbsError: 4.98834e+13
      Equation: "ElectronContinuityEquation"	RelError: 4.37542e-03	AbsError: 2.75528e+13
      Equation: "HoleContinuityEquation"	RelError: 6.94456e-03	AbsError: 2.23305e+13
      Equation: "PotentialEquation"	RelError: 2.15747e-02	AbsError: 8.45696e-05
    Region: "oxide"	RelError: 9.75562e-05	AbsError: 2.18831e-06
      Equation: "PotentialEquation"	RelError: 9.75562e-05	AbsError: 2.18831e-06
Iteration: 5
  Device: "part1_baseline"	RelError: 1.50217e-05	AbsError: 2.19355e+10
    Region: "bulk"	RelError: 1.50142e-05	AbsError: 2.19355e+10
      Equation: "ElectronContinuityEquation"	RelError: 1.85901e-06	AbsError: 6.02660e+09
      Equation: "HoleContinuityEquation"	RelError: 1.09890e-05	AbsError: 1.59089e+10
      Equation: "PotentialEquation"	RelError: 2.16623e-06	AbsError: 6.30282e-08
    Region: "oxide"	RelError: 7.48529e-09	AbsError: 9.71058e-11
      Equation: "PotentialEquation"	RelError: 7.48529e-09	AbsError: 9.71058e-11
Iteration: 6
  Device: "part1_baseline"	RelError: 7.24661e-12	AbsError: 1.11842e+04
    Region: "bulk"	RelError: 7.24558e-12	AbsError: 1.11842e+04
      Equation: "ElectronContinuityEquation"	RelError: 1.50172e-12	AbsError: 2.78858e+03
      Equation: "HoleContinuityEquation"	RelError: 5.41854e-12	AbsError: 8.39567e+03
      Equation: "PotentialEquation"	RelError: 3.25319e-13	AbsError: 3.28140e-14
    Region: "oxide"	RelError: 1.02793e-15	AbsError: 1.22726e-17
      Equation: "PotentialEquation"	RelError: 1.02793e-15	AbsError: 1.22726e-17
number of equations 7095
Iteration: 0
  Device: "part1_baseline"	RelError: 2.00342e+03	AbsError: 4.04747e+16
    Region: "bulk"	RelError: 2.00330e+03	AbsError: 4.04747e+16
      Equation: "ElectronContinuityEquation"	RelError: 9.99000e+02	AbsError: 3.85228e+16
      Equation: "HoleContinuityEquation"	RelError: 9.99000e+02	AbsError: 1.95190e+15
      Equation: "PotentialEquation"	RelError: 5.29943e+00	AbsError: 4.09542e-02
    Region: "oxide"	RelError: 1.22640e-01	AbsError: 3.15885e-03
      Equation: "PotentialEquation"	RelError: 1.22640e-01	AbsError: 3.15885e-03
Iteration: 1
  Device: "part1_baseline"	RelError: 1.00016e+03	AbsError: 1.39325e+15
    Region: "bulk"	RelError: 1.00015e+03	AbsError: 1.39325e+15
      Equation: "ElectronContinuityEquation"	RelError: 9.99000e+02	AbsError: 9.69890e+14
      Equation: "HoleContinuityEquation"	RelError: 9.98545e-01	AbsError: 4.23358e+14
      Equation: "PotentialEquation"	RelError: 1.52489e-01	AbsError: 3.07632e-02
    Region: "oxide"	RelError: 4.27170e-03	AbsError: 1.39884e-04
      Equation: "PotentialEquation"	RelError: 4.27170e-03	AbsError: 1.39884e-04
Iteration: 2
  Device: "part1_baseline"	RelError: 9.86550e+00	AbsError: 1.56479e+14
    Region: "bulk"	RelError: 9.86510e+00	AbsError: 1.56479e+14
      Equation: "ElectronContinuityEquation"	RelError: 9.99998e-01	AbsError: 9.31832e+13
      Equation: "HoleContinuityEquation"	RelError: 8.83022e+00	AbsError: 6.32960e+13
      Equation: "PotentialEquation"	RelError: 3.48882e-02	AbsError: 2.58994e-02
    Region: "oxide"	RelError: 3.92176e-04	AbsError: 1.35378e-05
      Equation: "PotentialEquation"	RelError: 3.92176e-04	AbsError: 1.35378e-05
Iteration: 3
  Device: "part1_baseline"	RelError: 7.74869e-01	AbsError: 3.71551e+13
    Region: "bulk"	RelError: 7.74849e-01	AbsError: 3.71551e+13
      Equation: "ElectronContinuityEquation"	RelError: 2.15412e-01	AbsError: 1.14011e+13
      Equation: "HoleContinuityEquation"	RelError: 5.47341e-01	AbsError: 2.57540e+13
      Equation: "PotentialEquation"	RelError: 1.20971e-02	AbsError: 9.16533e-03
    Region: "oxide"	RelError: 1.93678e-05	AbsError: 2.47611e-07
      Equation: "PotentialEquation"	RelError: 1.93678e-05	AbsError: 2.47611e-07
Iteration: 4
  Device: "part1_baseline"	RelError: 2.54465e-02	AbsError: 5.58855e+13
    Region: "bulk"	RelError: 2.53600e-02	AbsError: 5.58855e+13
      Equation: "ElectronContinuityEquation"	RelError: 1.23874e-02	AbsError: 2.87173e+13
      Equation: "HoleContinuityEquation"	RelError: 8.19464e-03	AbsError: 2.71682e+13
      Equation: "PotentialEquation"	RelError: 4.77797e-03	AbsError: 9.27025e-05
    Region: "oxide"	RelError: 8.64640e-05	AbsError: 2.11372e-06
      Equation: "PotentialEquation"	RelError: 8.64640e-05	AbsError: 2.11372e-06
Iteration: 5
  Device: "part1_baseline"	RelError: 1.53677e-05	AbsError: 3.25335e+10
    Region: "bulk"	RelError: 1.53537e-05	AbsError: 3.25335e+10
      Equation: "ElectronContinuityEquation"	RelError: 1.79284e-06	AbsError: 8.68127e+09
      Equation: "HoleContinuityEquation"	RelError: 1.11595e-05	AbsError: 2.38522e+10
      Equation: "PotentialEquation"	RelError: 2.40135e-06	AbsError: 8.13592e-08
    Region: "oxide"	RelError: 1.40449e-08	AbsError: 2.25010e-10
      Equation: "PotentialEquation"	RelError: 1.40449e-08	AbsError: 2.25010e-10
Iteration: 6
  Device: "part1_baseline"	RelError: 1.31246e-11	AbsError: 2.47030e+04
    Region: "bulk"	RelError: 1.31205e-11	AbsError: 2.47030e+04
      Equation: "ElectronContinuityEquation"	RelError: 1.84988e-12	AbsError: 6.14427e+03
      Equation: "HoleContinuityEquation"	RelError: 1.00102e-11	AbsError: 1.85588e+04
      Equation: "PotentialEquation"	RelError: 1.26035e-12	AbsError: 6.13140e-14
    Region: "oxide"	RelError: 4.18029e-15	AbsError: 6.02368e-17
      Equation: "PotentialEquation"	RelError: 4.18029e-15	AbsError: 6.02368e-17
number of equations 7095
Iteration: 0
  Device: "part1_baseline"	RelError: 2.01998e+03	AbsError: 3.85715e+16
    Region: "bulk"	RelError: 2.01987e+03	AbsError: 3.85715e+16
      Equation: "ElectronContinuityEquation"	RelError: 9.99000e+02	AbsError: 3.67811e+16
      Equation: "HoleContinuityEquation"	RelError: 9.99000e+02	AbsError: 1.79034e+15
      Equation: "PotentialEquation"	RelError: 2.18734e+01	AbsError: 4.09542e-02
    Region: "oxide"	RelError: 1.03562e-01	AbsError: 2.91333e-03
      Equation: "PotentialEquation"	RelError: 1.03562e-01	AbsError: 2.91333e-03
Iteration: 1
  Device: "part1_baseline"	RelError: 1.00149e+03	AbsError: 1.15865e+15
    Region: "bulk"	RelError: 1.00148e+03	AbsError: 1.15865e+15
      Equation: "ElectronContinuityEquation"	RelError: 9.99000e+02	AbsError: 8.18777e+14
      Equation: "HoleContinuityEquation"	RelError: 9.98575e-01	AbsError: 3.39869e+14
      Equation: "PotentialEquation"	RelError: 1.48551e+00	AbsError: 3.07632e-02
    Region: "oxide"	RelError: 3.04662e-03	AbsError: 1.05877e-04
      Equation: "PotentialEquation"	RelError: 3.04662e-03	AbsError: 1.05877e-04
Iteration: 2
  Device: "part1_baseline"	RelError: 9.33630e+00	AbsError: 1.25936e+14
    Region: "bulk"	RelError: 9.33603e+00	AbsError: 1.25936e+14
      Equation: "ElectronContinuityEquation"	RelError: 9.99998e-01	AbsError: 7.42813e+13
      Equation: "HoleContinuityEquation"	RelError: 8.22122e+00	AbsError: 5.16549e+13
      Equation: "PotentialEquation"	RelError: 1.14810e-01	AbsError: 2.57138e-02
    Region: "oxide"	RelError: 2.69319e-04	AbsError: 9.75005e-06
      Equation: "PotentialEquation"	RelError: 2.69319e-04	AbsError: 9.75005e-06
Iteration: 3
  Device: "part1_baseline"	RelError: 7.80348e-01	AbsError: 4.12926e+13
    Region: "bulk"	RelError: 7.80317e-01	AbsError: 4.12926e+13
      Equation: "ElectronContinuityEquation"	RelError: 2.06329e-01	AbsError: 1.46782e+13
      Equation: "HoleContinuityEquation"	RelError: 5.55408e-01	AbsError: 2.66144e+13
      Equation: "PotentialEquation"	RelError: 1.85799e-02	AbsError: 9.16533e-03
    Region: "oxide"	RelError: 3.06519e-05	AbsError: 5.67143e-07
      Equation: "PotentialEquation"	RelError: 3.06519e-05	AbsError: 5.67143e-07
Iteration: 4
  Device: "part1_baseline"	RelError: 6.45834e-02	AbsError: 6.05650e+13
    Region: "bulk"	RelError: 6.45013e-02	AbsError: 6.05650e+13
      Equation: "ElectronContinuityEquation"	RelError: 1.77722e-02	AbsError: 3.03647e+13
      Equation: "HoleContinuityEquation"	RelError: 1.10991e-02	AbsError: 3.02003e+13
      Equation: "PotentialEquation"	RelError: 3.56301e-02	AbsError: 9.52407e-05
    Region: "oxide"	RelError: 8.20488e-05	AbsError: 2.23471e-06
      Equation: "PotentialEquation"	RelError: 8.20488e-05	AbsError: 2.23471e-06
Iteration: 5
  Device: "part1_baseline"	RelError: 3.83151e-05	AbsError: 4.01025e+10
    Region: "bulk"	RelError: 3.82953e-05	AbsError: 4.01025e+10
      Equation: "ElectronContinuityEquation"	RelError: 1.86637e-06	AbsError: 1.04387e+10
      Equation: "HoleContinuityEquation"	RelError: 1.33295e-05	AbsError: 2.96639e+10
      Equation: "PotentialEquation"	RelError: 2.30995e-05	AbsError: 9.18769e-08
    Region: "oxide"	RelError: 1.98235e-08	AbsError: 3.76449e-10
      Equation: "PotentialEquation"	RelError: 1.98235e-08	AbsError: 3.76449e-10
Iteration: 6
  Device: "part1_baseline"	RelError: 3.18434e-11	AbsError: 3.72955e+04
    Region: "bulk"	RelError: 3.18353e-11	AbsError: 3.72955e+04
      Equation: "ElectronContinuityEquation"	RelError: 1.79965e-12	AbsError: 8.89313e+03
      Equation: "HoleContinuityEquation"	RelError: 1.21683e-11	AbsError: 2.84024e+04
      Equation: "PotentialEquation"	RelError: 1.78674e-11	AbsError: 8.62057e-14
    Region: "oxide"	RelError: 8.04055e-15	AbsError: 1.33734e-16
      Equation: "PotentialEquation"	RelError: 8.04055e-15	AbsError: 1.33734e-16
number of equations 7095
Iteration: 0
  Device: "part1_baseline"	RelError: 2.37964e+03	AbsError: 3.72271e+16
    Region: "bulk"	RelError: 2.37772e+03	AbsError: 3.72271e+16
      Equation: "ElectronContinuityEquation"	RelError: 9.99000e+02	AbsError: 3.67609e+16
      Equation: "HoleContinuityEquation"	RelError: 1.36928e+03	AbsError: 4.66243e+14
      Equation: "PotentialEquation"	RelError: 9.44192e+00	AbsError: 2.78470e-02
    Region: "oxide"	RelError: 1.92038e+00	AbsError: 1.34898e-02
      Equation: "PotentialEquation"	RelError: 1.92038e+00	AbsError: 1.34898e-02
Iteration: 1
  Device: "part1_baseline"	RelError: 1.00404e+03	AbsError: 1.67701e+14
    Region: "bulk"	RelError: 1.00403e+03	AbsError: 1.67701e+14
      Equation: "ElectronContinuityEquation"	RelError: 9.98184e-01	AbsError: 1.41364e+14
      Equation: "HoleContinuityEquation"	RelError: 9.99000e+02	AbsError: 2.63368e+13
      Equation: "PotentialEquation"	RelError: 4.03543e+00	AbsError: 2.21530e-02
    Region: "oxide"	RelError: 1.56501e-03	AbsError: 8.52721e-06
      Equation: "PotentialEquation"	RelError: 1.56501e-03	AbsError: 8.52721e-06
Iteration: 2
  Device: "part1_baseline"	RelError: 1.39788e+00	AbsError: 4.32225e+13
    Region: "bulk"	RelError: 1.39735e+00	AbsError: 4.32225e+13
      Equation: "ElectronContinuityEquation"	RelError: 3.95331e-01	AbsError: 4.31736e+13
      Equation: "HoleContinuityEquation"	RelError: 9.99163e-01	AbsError: 4.88747e+10
      Equation: "PotentialEquation"	RelError: 2.85574e-03	AbsError: 1.60019e-05
    Region: "oxide"	RelError: 5.29169e-04	AbsError: 2.37545e-06
      Equation: "PotentialEquation"	RelError: 5.29169e-04	AbsError: 2.37545e-06
Iteration: 3
  Device: "part1_baseline"	RelError: 8.62479e-03	AbsError: 3.34658e+09
    Region: "bulk"	RelError: 8.62477e-03	AbsError: 3.34658e+09
      Equation: "ElectronContinuityEquation"	RelError: 1.82752e-05	AbsError: 3.34510e+09
      Equation: "HoleContinuityEquation"	RelError: 8.60634e-03	AbsError: 1.47675e+06
      Equation: "PotentialEquation"	RelError: 1.56875e-07	AbsError: 1.11988e-09
    Region: "oxide"	RelError: 2.72101e-08	AbsError: 1.02665e-10
      Equation: "PotentialEquation"	RelError: 2.72101e-08	AbsError: 1.02665e-10
Iteration: 4
  Device: "part1_baseline"	RelError: 2.64205e-11	AbsError: 2.28256e+01
    Region: "bulk"	RelError: 2.64204e-11	AbsError: 2.28256e+01
      Equation: "ElectronContinuityEquation"	RelError: 4.83775e-14	AbsError: 2.28198e+01
      Equation: "HoleContinuityEquation"	RelError: 2.63713e-11	AbsError: 5.77126e-03
      Equation: "PotentialEquation"	RelError: 6.98093e-16	AbsError: 5.51309e-18
    Region: "oxide"	RelError: 1.21003e-16	AbsError: 4.56624e-19
      Equation: "PotentialEquation"	RelError: 1.21003e-16	AbsError: 4.56624e-19
number of equations 7095
Iteration: 0
  Device: "part1_baseline"	RelError: 9.24358e-26	AbsError: 3.32909e-11
    Region: "bulk"	RelError: 9.10089e-26	AbsError: 3.32909e-11
      Equation: "ElectronContinuityEquation"	RelError: 9.47454e-27	AbsError: 3.31798e-11
      Equation: "HoleContinuityEquation"	RelError: 4.63631e-26	AbsError: 1.11147e-13
      Equation: "PotentialEquation"	RelError: 3.51712e-26	AbsError: 1.35323e-28
    Region: "oxide"	RelError: 1.42688e-27	AbsError: 2.29538e-29
      Equation: "PotentialEquation"	RelError: 1.42688e-27	AbsError: 2.29538e-29
number of equations 7095
Iteration: 0
  Device: "part1_baseline"	RelError: 2.17149e+02	AbsError: 1.13396e+16
    Region: "bulk"	RelError: 2.07023e+02	AbsError: 1.13396e+16
      Equation: "ElectronContinuityEquation"	RelError: 4.25953e-01	AbsError: 1.11513e+16
      Equation: "HoleContinuityEquation"	RelError: 2.43914e+00	AbsError: 1.88338e+14
      Equation: "PotentialEquation"	RelError: 2.04158e+02	AbsError: 1.91258e-02
    Region: "oxide"	RelError: 1.01255e+01	AbsError: 2.00000e-02
      Equation: "PotentialEquation"	RelError: 1.01255e+01	AbsError: 2.00000e-02
Iteration: 1
  Device: "part1_baseline"	RelError: 5.99707e-01	AbsError: 2.85816e+13
    Region: "bulk"	RelError: 5.99510e-01	AbsError: 2.85816e+13
      Equation: "ElectronContinuityEquation"	RelError: 1.70607e-01	AbsError: 2.38436e+13
      Equation: "HoleContinuityEquation"	RelError: 4.16089e-01	AbsError: 4.73800e+12
      Equation: "PotentialEquation"	RelError: 1.28141e-02	AbsError: 3.17284e-05
    Region: "oxide"	RelError: 1.97146e-04	AbsError: 1.88733e-06
      Equation: "PotentialEquation"	RelError: 1.97146e-04	AbsError: 1.88733e-06
Iteration: 2
  Device: "part1_baseline"	RelError: 4.63544e-03	AbsError: 2.26759e+09
    Region: "bulk"	RelError: 4.63543e-03	AbsError: 2.26759e+09
      Equation: "ElectronContinuityEquation"	RelError: 3.70706e-04	AbsError: 1.51681e+09
      Equation: "HoleContinuityEquation"	RelError: 4.26438e-03	AbsError: 7.50778e+08
      Equation: "PotentialEquation"	RelError: 3.43634e-07	AbsError: 2.13005e-09
    Region: "oxide"	RelError: 8.92882e-09	AbsError: 5.07766e-11
      Equation: "PotentialEquation"	RelError: 8.92882e-09	AbsError: 5.07766e-11
Iteration: 3
  Device: "part1_baseline"	RelError: 4.78620e-11	AbsError: 1.79456e+01
    Region: "bulk"	RelError: 4.78620e-11	AbsError: 1.79456e+01
      Equation: "ElectronContinuityEquation"	RelError: 1.95562e-11	AbsError: 4.61880e+00
      Equation: "HoleContinuityEquation"	RelError: 2.82961e-11	AbsError: 1.33268e+01
      Equation: "PotentialEquation"	RelError: 9.68282e-15	AbsError: 2.28364e-17
    Region: "oxide"	RelError: 5.26613e-17	AbsError: 2.91483e-19
      Equation: "PotentialEquation"	RelError: 5.26613e-17	AbsError: 2.91483e-19
number of equations 7095
Iteration: 0
  Device: "part1_baseline"	RelError: 4.62959e+01	AbsError: 1.13409e+16
    Region: "bulk"	RelError: 7.92862e+00	AbsError: 1.13409e+16
      Equation: "ElectronContinuityEquation"	RelError: 4.26016e-01	AbsError: 1.11523e+16
      Equation: "HoleContinuityEquation"	RelError: 2.14782e+00	AbsError: 1.88566e+14
      Equation: "PotentialEquation"	RelError: 5.35479e+00	AbsError: 1.91276e-02
    Region: "oxide"	RelError: 3.83673e+01	AbsError: 2.00000e-02
      Equation: "PotentialEquation"	RelError: 3.83673e+01	AbsError: 2.00000e-02
Iteration: 1
  Device: "part1_baseline"	RelError: 5.56825e-01	AbsError: 3.35934e+13
    Region: "bulk"	RelError: 5.56763e-01	AbsError: 3.35934e+13
      Equation: "ElectronContinuityEquation"	RelError: 1.70628e-01	AbsError: 2.91328e+13
      Equation: "HoleContinuityEquation"	RelError: 3.84689e-01	AbsError: 4.46056e+12
      Equation: "PotentialEquation"	RelError: 1.44571e-03	AbsError: 3.06891e-05
    Region: "oxide"	RelError: 6.19375e-05	AbsError: 2.45284e-06
      Equation: "PotentialEquation"	RelError: 6.19375e-05	AbsError: 2.45284e-06
Iteration: 2
  Device: "part1_baseline"	RelError: 4.82749e-03	AbsError: 2.95137e+09
    Region: "bulk"	RelError: 4.82748e-03	AbsError: 2.95137e+09
      Equation: "ElectronContinuityEquation"	RelError: 3.27349e-04	AbsError: 2.23306e+09
      Equation: "HoleContinuityEquation"	RelError: 4.50007e-03	AbsError: 7.18310e+08
      Equation: "PotentialEquation"	RelError: 6.33271e-08	AbsError: 1.96772e-09
    Region: "oxide"	RelError: 5.22107e-09	AbsError: 8.12649e-11
      Equation: "PotentialEquation"	RelError: 5.22107e-09	AbsError: 8.12649e-11
Iteration: 3
  Device: "part1_baseline"	RelError: 7.76436e-11	AbsError: 2.36713e+01
    Region: "bulk"	RelError: 7.76434e-11	AbsError: 2.36713e+01
      Equation: "ElectronContinuityEquation"	RelError: 1.62049e-11	AbsError: 1.03760e+01
      Equation: "HoleContinuityEquation"	RelError: 6.14382e-11	AbsError: 1.32952e+01
      Equation: "PotentialEquation"	RelError: 3.36372e-16	AbsError: 2.15811e-17
    Region: "oxide"	RelError: 1.19524e-16	AbsError: 2.54421e-19
      Equation: "PotentialEquation"	RelError: 1.19524e-16	AbsError: 2.54421e-19
number of equations 7095
Iteration: 0
  Device: "part1_baseline"	RelError: 9.33582e+01	AbsError: 1.13408e+16
    Region: "bulk"	RelError: 4.78663e+01	AbsError: 1.13408e+16
      Equation: "ElectronContinuityEquation"	RelError: 4.26048e-01	AbsError: 1.11525e+16
      Equation: "HoleContinuityEquation"	RelError: 1.94842e+00	AbsError: 1.88321e+14
      Equation: "PotentialEquation"	RelError: 4.54918e+01	AbsError: 1.91292e-02
    Region: "oxide"	RelError: 4.54918e+01	AbsError: 2.00000e-02
      Equation: "PotentialEquation"	RelError: 4.54918e+01	AbsError: 2.00000e-02
Iteration: 1
  Device: "part1_baseline"	RelError: 5.24958e-01	AbsError: 3.96309e+13
    Region: "bulk"	RelError: 5.24450e-01	AbsError: 3.96309e+13
      Equation: "ElectronContinuityEquation"	RelError: 1.70637e-01	AbsError: 3.54568e+13
      Equation: "HoleContinuityEquation"	RelError: 3.50429e-01	AbsError: 4.17412e+12
      Equation: "PotentialEquation"	RelError: 3.38393e-03	AbsError: 2.96422e-05
    Region: "oxide"	RelError: 5.08455e-04	AbsError: 3.18547e-06
      Equation: "PotentialEquation"	RelError: 5.08455e-04	AbsError: 3.18547e-06
Iteration: 2
  Device: "part1_baseline"	RelError: 6.09780e-03	AbsError: 4.12610e+09
    Region: "bulk"	RelError: 6.09780e-03	AbsError: 4.12610e+09
      Equation: "ElectronContinuityEquation"	RelError: 2.83190e-04	AbsError: 3.40016e+09
      Equation: "HoleContinuityEquation"	RelError: 5.81454e-03	AbsError: 7.25940e+08
      Equation: "PotentialEquation"	RelError: 6.79509e-08	AbsError: 1.88713e-09
    Region: "oxide"	RelError: 9.60654e-09	AbsError: 1.28704e-10
      Equation: "PotentialEquation"	RelError: 9.60654e-09	AbsError: 1.28704e-10
Iteration: 3
  Device: "part1_baseline"	RelError: 1.51091e-10	AbsError: 3.56027e+01
    Region: "bulk"	RelError: 1.51091e-10	AbsError: 3.56027e+01
      Equation: "ElectronContinuityEquation"	RelError: 1.31067e-11	AbsError: 2.26956e+01
      Equation: "HoleContinuityEquation"	RelError: 1.37984e-10	AbsError: 1.29071e+01
      Equation: "PotentialEquation"	RelError: 4.41293e-16	AbsError: 2.01818e-17
    Region: "oxide"	RelError: 2.76887e-16	AbsError: 5.27742e-19
      Equation: "PotentialEquation"	RelError: 2.76887e-16	AbsError: 5.27742e-19
number of equations 7095
Iteration: 0
  Device: "part1_baseline"	RelError: 6.94339e+01	AbsError: 1.13392e+16
    Region: "bulk"	RelError: 5.68671e+01	AbsError: 1.13392e+16
      Equation: "ElectronContinuityEquation"	RelError: 4.26066e-01	AbsError: 1.11516e+16
      Equation: "HoleContinuityEquation"	RelError: 1.82229e+00	AbsError: 1.87603e+14
      Equation: "PotentialEquation"	RelError: 5.46187e+01	AbsError: 1.91307e-02
    Region: "oxide"	RelError: 1.25668e+01	AbsError: 2.00000e-02
      Equation: "PotentialEquation"	RelError: 1.25668e+01	AbsError: 2.00000e-02
Iteration: 1
  Device: "part1_baseline"	RelError: 5.08059e-01	AbsError: 4.70090e+13
    Region: "bulk"	RelError: 5.07782e-01	AbsError: 4.70090e+13
      Equation: "ElectronContinuityEquation"	RelError: 1.70639e-01	AbsError: 4.29461e+13
      Equation: "HoleContinuityEquation"	RelError: 3.30327e-01	AbsError: 4.06288e+12
      Equation: "PotentialEquation"	RelError: 6.81614e-03	AbsError: 2.85897e-05
    Region: "oxide"	RelError: 2.76970e-04	AbsError: 4.13825e-06
      Equation: "PotentialEquation"	RelError: 2.76970e-04	AbsError: 4.13825e-06
Iteration: 2
  Device: "part1_baseline"	RelError: 7.39589e-03	AbsError: 5.86020e+09
    Region: "bulk"	RelError: 7.39589e-03	AbsError: 5.86020e+09
      Equation: "ElectronContinuityEquation"	RelError: 2.42108e-04	AbsError: 5.13814e+09
      Equation: "HoleContinuityEquation"	RelError: 7.15361e-03	AbsError: 7.22060e+08
      Equation: "PotentialEquation"	RelError: 1.67272e-07	AbsError: 1.82226e-09
    Region: "oxide"	RelError: 6.28085e-09	AbsError: 2.02390e-10
      Equation: "PotentialEquation"	RelError: 6.28085e-09	AbsError: 2.02390e-10
Iteration: 3
  Device: "part1_baseline"	RelError: 2.76660e-10	AbsError: 6.40150e+01
    Region: "bulk"	RelError: 2.76660e-10	AbsError: 6.40150e+01
      Equation: "ElectronContinuityEquation"	RelError: 1.04191e-11	AbsError: 5.17985e+01
      Equation: "HoleContinuityEquation"	RelError: 2.66240e-10	AbsError: 1.22165e+01
      Equation: "PotentialEquation"	RelError: 9.29955e-16	AbsError: 1.86355e-17
    Region: "oxide"	RelError: 7.58047e-17	AbsError: 1.27708e-18
      Equation: "PotentialEquation"	RelError: 7.58047e-17	AbsError: 1.27708e-18
number of equations 7095
Iteration: 0
  Device: "part1_baseline"	RelError: 1.53201e+03	AbsError: 1.13358e+16
    Region: "bulk"	RelError: 1.53009e+03	AbsError: 1.13358e+16
      Equation: "ElectronContinuityEquation"	RelError: 4.26075e-01	AbsError: 1.11494e+16
      Equation: "HoleContinuityEquation"	RelError: 1.71633e+00	AbsError: 1.86419e+14
      Equation: "PotentialEquation"	RelError: 1.52795e+03	AbsError: 1.91321e-02
    Region: "oxide"	RelError: 1.91641e+00	AbsError: 2.00000e-02
      Equation: "PotentialEquation"	RelError: 1.91641e+00	AbsError: 2.00000e-02
Iteration: 1
  Device: "part1_baseline"	RelError: 5.48853e-01	AbsError: 5.65268e+13
    Region: "bulk"	RelError: 5.48788e-01	AbsError: 5.65268e+13
      Equation: "ElectronContinuityEquation"	RelError: 1.70636e-01	AbsError: 5.24354e+13
      Equation: "HoleContinuityEquation"	RelError: 3.13151e-01	AbsError: 4.09140e+12
      Equation: "PotentialEquation"	RelError: 6.50010e-02	AbsError: 2.75322e-05
    Region: "oxide"	RelError: 6.53667e-05	AbsError: 5.38157e-06
      Equation: "PotentialEquation"	RelError: 6.53667e-05	AbsError: 5.38157e-06
Iteration: 2
  Device: "part1_baseline"	RelError: 7.99116e-03	AbsError: 8.35259e+09
    Region: "bulk"	RelError: 7.99116e-03	AbsError: 8.35259e+09
      Equation: "ElectronContinuityEquation"	RelError: 2.19432e-04	AbsError: 7.64482e+09
      Equation: "HoleContinuityEquation"	RelError: 7.77055e-03	AbsError: 7.07773e+08
      Equation: "PotentialEquation"	RelError: 1.18111e-06	AbsError: 2.42644e-09
    Region: "oxide"	RelError: 2.61704e-09	AbsError: 3.16488e-10
      Equation: "PotentialEquation"	RelError: 2.61704e-09	AbsError: 3.16488e-10
Iteration: 3
  Device: "part1_baseline"	RelError: 5.29638e-10	AbsError: 1.30117e+02
    Region: "bulk"	RelError: 5.29638e-10	AbsError: 1.30117e+02
      Equation: "ElectronContinuityEquation"	RelError: 8.83237e-12	AbsError: 1.18831e+02
      Equation: "HoleContinuityEquation"	RelError: 5.20795e-10	AbsError: 1.12862e+01
      Equation: "PotentialEquation"	RelError: 9.89071e-15	AbsError: 2.72609e-17
    Region: "oxide"	RelError: 2.59463e-17	AbsError: 3.00040e-18
      Equation: "PotentialEquation"	RelError: 2.59463e-17	AbsError: 3.00040e-18
number of equations 7095
Iteration: 0
  Device: "part1_baseline"	RelError: 9.77195e+01	AbsError: 1.13302e+16
    Region: "bulk"	RelError: 9.70623e+01	AbsError: 1.13302e+16
      Equation: "ElectronContinuityEquation"	RelError: 4.26080e-01	AbsError: 1.11454e+16
      Equation: "HoleContinuityEquation"	RelError: 1.62619e+00	AbsError: 1.84775e+14
      Equation: "PotentialEquation"	RelError: 9.50101e+01	AbsError: 1.91334e-02
    Region: "oxide"	RelError: 6.57113e-01	AbsError: 2.00000e-02
      Equation: "PotentialEquation"	RelError: 6.57113e-01	AbsError: 2.00000e-02
Iteration: 1
  Device: "part1_baseline"	RelError: 4.78956e-01	AbsError: 6.83777e+13
    Region: "bulk"	RelError: 4.78919e-01	AbsError: 6.83777e+13
      Equation: "ElectronContinuityEquation"	RelError: 1.70630e-01	AbsError: 6.42894e+13
      Equation: "HoleContinuityEquation"	RelError: 2.97997e-01	AbsError: 4.08824e+12
      Equation: "PotentialEquation"	RelError: 1.02924e-02	AbsError: 2.75512e-05
    Region: "oxide"	RelError: 3.69394e-05	AbsError: 7.00889e-06
      Equation: "PotentialEquation"	RelError: 3.69394e-05	AbsError: 7.00889e-06
Iteration: 2
  Device: "part1_baseline"	RelError: 9.87160e-03	AbsError: 1.18464e+10
    Region: "bulk"	RelError: 9.87160e-03	AbsError: 1.18464e+10
      Equation: "ElectronContinuityEquation"	RelError: 1.96877e-04	AbsError: 1.11621e+10
      Equation: "HoleContinuityEquation"	RelError: 9.67332e-03	AbsError: 6.84366e+08
      Equation: "PotentialEquation"	RelError: 1.40053e-06	AbsError: 3.59181e-09
    Region: "oxide"	RelError: 3.40692e-09	AbsError: 4.92319e-10
      Equation: "PotentialEquation"	RelError: 3.40692e-09	AbsError: 4.92319e-10
Iteration: 3
  Device: "part1_baseline"	RelError: 1.00903e-09	AbsError: 2.72176e+02
    Region: "bulk"	RelError: 1.00903e-09	AbsError: 2.72176e+02
      Equation: "ElectronContinuityEquation"	RelError: 7.47858e-12	AbsError: 2.61992e+02
      Equation: "HoleContinuityEquation"	RelError: 1.00153e-09	AbsError: 1.01839e+01
      Equation: "PotentialEquation"	RelError: 2.13490e-14	AbsError: 6.01191e-17
    Region: "oxide"	RelError: 5.08220e-17	AbsError: 6.91497e-18
      Equation: "PotentialEquation"	RelError: 5.08220e-17	AbsError: 6.91497e-18
number of equations 7095
Iteration: 0
  Device: "part1_baseline"	RelError: 2.34757e+02	AbsError: 1.13218e+16
    Region: "bulk"	RelError: 2.34360e+02	AbsError: 1.13218e+16
      Equation: "ElectronContinuityEquation"	RelError: 4.26083e-01	AbsError: 1.11391e+16
      Equation: "HoleContinuityEquation"	RelError: 1.54922e+00	AbsError: 1.82685e+14
      Equation: "PotentialEquation"	RelError: 2.32385e+02	AbsError: 1.91345e-02
    Region: "oxide"	RelError: 3.96551e-01	AbsError: 2.00000e-02
      Equation: "PotentialEquation"	RelError: 3.96551e-01	AbsError: 2.00000e-02
Iteration: 1
  Device: "part1_baseline"	RelError: 4.85559e-01	AbsError: 8.22195e+13
    Region: "bulk"	RelError: 4.85514e-01	AbsError: 8.22195e+13
      Equation: "ElectronContinuityEquation"	RelError: 1.70620e-01	AbsError: 7.81636e+13
      Equation: "HoleContinuityEquation"	RelError: 2.84202e-01	AbsError: 4.05585e+12
      Equation: "PotentialEquation"	RelError: 3.06920e-02	AbsError: 3.36440e-05
    Region: "oxide"	RelError: 4.47878e-05	AbsError: 9.14406e-06
      Equation: "PotentialEquation"	RelError: 4.47878e-05	AbsError: 9.14406e-06
Iteration: 2
  Device: "part1_baseline"	RelError: 1.12814e-02	AbsError: 1.74257e+10
    Region: "bulk"	RelError: 1.12813e-02	AbsError: 1.74257e+10
      Equation: "ElectronContinuityEquation"	RelError: 1.74390e-04	AbsError: 1.67725e+10
      Equation: "HoleContinuityEquation"	RelError: 1.11012e-02	AbsError: 6.53232e+08
      Equation: "PotentialEquation"	RelError: 5.78080e-06	AbsError: 5.24210e-09
    Region: "oxide"	RelError: 4.46423e-09	AbsError: 7.61503e-10
      Equation: "PotentialEquation"	RelError: 4.46423e-09	AbsError: 7.61503e-10
Iteration: 3
  Device: "part1_baseline"	RelError: 1.91582e-09	AbsError: 5.59213e+02
    Region: "bulk"	RelError: 1.91582e-09	AbsError: 5.59213e+02
      Equation: "ElectronContinuityEquation"	RelError: 6.18020e-12	AbsError: 5.50235e+02
      Equation: "HoleContinuityEquation"	RelError: 1.90951e-09	AbsError: 8.97759e+00
      Equation: "PotentialEquation"	RelError: 1.37356e-13	AbsError: 1.28798e-16
    Region: "oxide"	RelError: 9.95323e-17	AbsError: 1.56696e-17
      Equation: "PotentialEquation"	RelError: 9.95323e-17	AbsError: 1.56696e-17
number of equations 7095
Iteration: 0
  Device: "part1_baseline"	RelError: 3.62747e+01	AbsError: 1.13101e+16
    Region: "bulk"	RelError: 3.59908e+01	AbsError: 1.13101e+16
      Equation: "ElectronContinuityEquation"	RelError: 4.26085e-01	AbsError: 1.11299e+16
      Equation: "HoleContinuityEquation"	RelError: 1.47940e+00	AbsError: 1.80163e+14
      Equation: "PotentialEquation"	RelError: 3.40853e+01	AbsError: 1.91356e-02
    Region: "oxide"	RelError: 2.83959e-01	AbsError: 2.00000e-02
      Equation: "PotentialEquation"	RelError: 2.83959e-01	AbsError: 2.00000e-02
Iteration: 1
  Device: "part1_baseline"	RelError: 4.43689e-01	AbsError: 9.96594e+13
    Region: "bulk"	RelError: 4.43634e-01	AbsError: 9.96594e+13
      Equation: "ElectronContinuityEquation"	RelError: 1.70607e-01	AbsError: 9.56625e+13
      Equation: "HoleContinuityEquation"	RelError: 2.71414e-01	AbsError: 3.99691e+12
      Equation: "PotentialEquation"	RelError: 1.61247e-03	AbsError: 4.10562e-05
    Region: "oxide"	RelError: 5.46778e-05	AbsError: 1.19508e-05
      Equation: "PotentialEquation"	RelError: 5.46778e-05	AbsError: 1.19508e-05
Iteration: 2
  Device: "part1_baseline"	RelError: 1.31285e-02	AbsError: 2.55083e+10
    Region: "bulk"	RelError: 1.31285e-02	AbsError: 2.55083e+10
      Equation: "ElectronContinuityEquation"	RelError: 1.54174e-04	AbsError: 2.48924e+10
      Equation: "HoleContinuityEquation"	RelError: 1.29740e-02	AbsError: 6.15805e+08
      Equation: "PotentialEquation"	RelError: 3.81889e-07	AbsError: 7.65325e-09
    Region: "oxide"	RelError: 5.84064e-09	AbsError: 1.17004e-09
      Equation: "PotentialEquation"	RelError: 5.84064e-09	AbsError: 1.17004e-09
Iteration: 3
  Device: "part1_baseline"	RelError: 3.49567e-09	AbsError: 1.20717e+03
    Region: "bulk"	RelError: 3.49567e-09	AbsError: 1.20717e+03
      Equation: "ElectronContinuityEquation"	RelError: 4.96076e-12	AbsError: 1.19943e+03
      Equation: "HoleContinuityEquation"	RelError: 3.49070e-09	AbsError: 7.73440e+00
      Equation: "PotentialEquation"	RelError: 1.45532e-14	AbsError: 2.66574e-16
    Region: "oxide"	RelError: 1.94450e-16	AbsError: 3.48799e-17
      Equation: "PotentialEquation"	RelError: 1.94450e-16	AbsError: 3.48799e-17
number of equations 7095
Iteration: 0
  Device: "part1_baseline"	RelError: 6.71270e+01	AbsError: 1.12941e+16
    Region: "bulk"	RelError: 6.69058e+01	AbsError: 1.12941e+16
      Equation: "ElectronContinuityEquation"	RelError: 4.26085e-01	AbsError: 1.11168e+16
      Equation: "HoleContinuityEquation"	RelError: 1.41433e+00	AbsError: 1.77228e+14
      Equation: "PotentialEquation"	RelError: 6.50654e+01	AbsError: 1.91365e-02
    Region: "oxide"	RelError: 2.21166e-01	AbsError: 2.00000e-02
      Equation: "PotentialEquation"	RelError: 2.21166e-01	AbsError: 2.00000e-02
Iteration: 1
  Device: "part1_baseline"	RelError: 4.35248e-01	AbsError: 1.21124e+14
    Region: "bulk"	RelError: 4.35181e-01	AbsError: 1.21124e+14
      Equation: "ElectronContinuityEquation"	RelError: 1.70590e-01	AbsError: 1.17210e+14
      Equation: "HoleContinuityEquation"	RelError: 2.61422e-01	AbsError: 3.91428e+12
      Equation: "PotentialEquation"	RelError: 3.16883e-03	AbsError: 4.97658e-05
    Region: "oxide"	RelError: 6.71592e-05	AbsError: 1.56441e-05
      Equation: "PotentialEquation"	RelError: 6.71592e-05	AbsError: 1.56441e-05
Iteration: 2
  Device: "part1_baseline"	RelError: 1.51295e-02	AbsError: 3.63644e+10
    Region: "bulk"	RelError: 1.51295e-02	AbsError: 3.63644e+10
      Equation: "ElectronContinuityEquation"	RelError: 1.37155e-04	AbsError: 3.57909e+10
      Equation: "HoleContinuityEquation"	RelError: 1.49917e-02	AbsError: 5.73487e+08
      Equation: "PotentialEquation"	RelError: 6.47444e-07	AbsError: 1.10505e-08
    Region: "oxide"	RelError: 7.65575e-09	AbsError: 1.78333e-09
      Equation: "PotentialEquation"	RelError: 7.65575e-09	AbsError: 1.78333e-09
Iteration: 3
  Device: "part1_baseline"	RelError: 6.29095e-09	AbsError: 2.57894e+03
    Region: "bulk"	RelError: 6.29095e-09	AbsError: 2.57894e+03
      Equation: "ElectronContinuityEquation"	RelError: 8.24011e-12	AbsError: 2.57242e+03
      Equation: "HoleContinuityEquation"	RelError: 6.28268e-09	AbsError: 6.52125e+00
      Equation: "PotentialEquation"	RelError: 2.96424e-14	AbsError: 5.56756e-16
    Region: "oxide"	RelError: 3.78070e-16	AbsError: 7.61198e-17
      Equation: "PotentialEquation"	RelError: 3.78070e-16	AbsError: 7.61198e-17
number of equations 7095
Iteration: 0
  Device: "part1_baseline"	RelError: 4.24239e+01	AbsError: 1.12726e+16
    Region: "bulk"	RelError: 4.22428e+01	AbsError: 1.12726e+16
      Equation: "ElectronContinuityEquation"	RelError: 4.26085e-01	AbsError: 1.10987e+16
      Equation: "HoleContinuityEquation"	RelError: 1.36445e+00	AbsError: 1.73901e+14
      Equation: "PotentialEquation"	RelError: 4.04523e+01	AbsError: 1.91372e-02
    Region: "oxide"	RelError: 1.81116e-01	AbsError: 2.00000e-02
      Equation: "PotentialEquation"	RelError: 1.81116e-01	AbsError: 2.00000e-02
Iteration: 1
  Device: "part1_baseline"	RelError: 4.56595e-01	AbsError: 1.46873e+14
    Region: "bulk"	RelError: 4.56512e-01	AbsError: 1.46873e+14
      Equation: "ElectronContinuityEquation"	RelError: 1.70568e-01	AbsError: 1.43063e+14
      Equation: "HoleContinuityEquation"	RelError: 2.50994e-01	AbsError: 3.81092e+12
      Equation: "PotentialEquation"	RelError: 3.49505e-02	AbsError: 6.02499e-05
    Region: "oxide"	RelError: 8.29215e-05	AbsError: 2.05045e-05
      Equation: "PotentialEquation"	RelError: 8.29215e-05	AbsError: 2.05045e-05
Iteration: 2
  Device: "part1_baseline"	RelError: 1.70326e-02	AbsError: 5.39907e+10
    Region: "bulk"	RelError: 1.70326e-02	AbsError: 5.39907e+10
      Equation: "ElectronContinuityEquation"	RelError: 1.57757e-04	AbsError: 5.34631e+10
      Equation: "HoleContinuityEquation"	RelError: 1.68676e-02	AbsError: 5.27579e+08
      Equation: "PotentialEquation"	RelError: 7.22273e-06	AbsError: 1.55707e-08
    Region: "oxide"	RelError: 1.08861e-08	AbsError: 2.69188e-09
      Equation: "PotentialEquation"	RelError: 1.08861e-08	AbsError: 2.69188e-09
Iteration: 3
  Device: "part1_baseline"	RelError: 1.08904e-08	AbsError: 5.08169e+03
    Region: "bulk"	RelError: 1.08904e-08	AbsError: 5.08169e+03
      Equation: "ElectronContinuityEquation"	RelError: 1.40305e-11	AbsError: 5.07628e+03
      Equation: "HoleContinuityEquation"	RelError: 1.08758e-08	AbsError: 5.40865e+00
      Equation: "PotentialEquation"	RelError: 5.05989e-13	AbsError: 1.11134e-15
    Region: "oxide"	RelError: 7.31147e-16	AbsError: 1.62527e-16
      Equation: "PotentialEquation"	RelError: 7.31147e-16	AbsError: 1.62527e-16
number of equations 7095
Iteration: 0
  Device: "part1_baseline"	RelError: 2.83455e+01	AbsError: 1.12441e+16
    Region: "bulk"	RelError: 2.81922e+01	AbsError: 1.12441e+16
      Equation: "ElectronContinuityEquation"	RelError: 4.26084e-01	AbsError: 1.10739e+16
      Equation: "HoleContinuityEquation"	RelError: 1.48567e+00	AbsError: 1.70207e+14
      Equation: "PotentialEquation"	RelError: 2.62804e+01	AbsError: 1.91378e-02
    Region: "oxide"	RelError: 1.53346e-01	AbsError: 2.00000e-02
      Equation: "PotentialEquation"	RelError: 1.53346e-01	AbsError: 2.00000e-02
Iteration: 1
  Device: "part1_baseline"	RelError: 4.32675e-01	AbsError: 1.79683e+14
    Region: "bulk"	RelError: 4.32572e-01	AbsError: 1.79683e+14
      Equation: "ElectronContinuityEquation"	RelError: 1.70540e-01	AbsError: 1.75993e+14
      Equation: "HoleContinuityEquation"	RelError: 2.50009e-01	AbsError: 3.68979e+12
      Equation: "PotentialEquation"	RelError: 1.20223e-02	AbsError: 7.27987e-05
    Region: "oxide"	RelError: 1.02818e-04	AbsError: 2.68934e-05
      Equation: "PotentialEquation"	RelError: 1.02818e-04	AbsError: 2.68934e-05
Iteration: 2
  Device: "part1_baseline"	RelError: 1.88950e-02	AbsError: 7.72976e+10
    Region: "bulk"	RelError: 1.88950e-02	AbsError: 7.72976e+10
      Equation: "ElectronContinuityEquation"	RelError: 1.87994e-04	AbsError: 7.68184e+10
      Equation: "HoleContinuityEquation"	RelError: 1.87046e-02	AbsError: 4.79209e+08
      Equation: "PotentialEquation"	RelError: 2.47020e-06	AbsError: 2.19354e-08
    Region: "oxide"	RelError: 1.53576e-08	AbsError: 4.01698e-09
      Equation: "PotentialEquation"	RelError: 1.53576e-08	AbsError: 4.01698e-09
Iteration: 3
  Device: "part1_baseline"	RelError: 1.81569e-08	AbsError: 1.07437e+04
    Region: "bulk"	RelError: 1.81569e-08	AbsError: 1.07437e+04
      Equation: "ElectronContinuityEquation"	RelError: 2.29782e-11	AbsError: 1.07392e+04
      Equation: "HoleContinuityEquation"	RelError: 1.81337e-08	AbsError: 4.47986e+00
      Equation: "PotentialEquation"	RelError: 2.43000e-13	AbsError: 2.14294e-15
    Region: "oxide"	RelError: 1.41054e-15	AbsError: 3.39139e-16
      Equation: "PotentialEquation"	RelError: 1.41054e-15	AbsError: 3.39139e-16
number of equations 7095
Iteration: 0
  Device: "part1_baseline"	RelError: 1.24196e+01	AbsError: 1.12065e+16
    Region: "bulk"	RelError: 1.22866e+01	AbsError: 1.12065e+16
      Equation: "ElectronContinuityEquation"	RelError: 4.26082e-01	AbsError: 1.10403e+16
      Equation: "HoleContinuityEquation"	RelError: 1.57940e+00	AbsError: 1.66172e+14
      Equation: "PotentialEquation"	RelError: 1.02811e+01	AbsError: 1.91382e-02
    Region: "oxide"	RelError: 1.32960e-01	AbsError: 2.00000e-02
      Equation: "PotentialEquation"	RelError: 1.32960e-01	AbsError: 2.00000e-02
Iteration: 1
  Device: "part1_baseline"	RelError: 4.50679e-01	AbsError: 2.20173e+14
    Region: "bulk"	RelError: 4.50551e-01	AbsError: 2.20173e+14
      Equation: "ElectronContinuityEquation"	RelError: 1.70505e-01	AbsError: 2.16619e+14
      Equation: "HoleContinuityEquation"	RelError: 2.69254e-01	AbsError: 3.55386e+12
      Equation: "PotentialEquation"	RelError: 1.07918e-02	AbsError: 8.73087e-05
    Region: "oxide"	RelError: 1.27881e-04	AbsError: 3.52676e-05
      Equation: "PotentialEquation"	RelError: 1.27881e-04	AbsError: 3.52676e-05
Iteration: 2
  Device: "part1_baseline"	RelError: 2.07808e-02	AbsError: 1.13448e+11
    Region: "bulk"	RelError: 2.07807e-02	AbsError: 1.13448e+11
      Equation: "ElectronContinuityEquation"	RelError: 2.25199e-04	AbsError: 1.13019e+11
      Equation: "HoleContinuityEquation"	RelError: 2.05533e-02	AbsError: 4.29234e+08
      Equation: "PotentialEquation"	RelError: 2.21651e-06	AbsError: 2.99775e-08
    Region: "oxide"	RelError: 2.14488e-08	AbsError: 5.91526e-09
      Equation: "PotentialEquation"	RelError: 2.14488e-08	AbsError: 5.91526e-09
Iteration: 3
  Device: "part1_baseline"	RelError: 2.95089e-08	AbsError: 2.06413e+04
    Region: "bulk"	RelError: 2.95089e-08	AbsError: 2.06413e+04
      Equation: "ElectronContinuityEquation"	RelError: 3.54797e-11	AbsError: 2.06367e+04
      Equation: "HoleContinuityEquation"	RelError: 2.94731e-08	AbsError: 4.67070e+00
      Equation: "PotentialEquation"	RelError: 3.60382e-13	AbsError: 4.07001e-15
    Region: "oxide"	RelError: 2.73635e-15	AbsError: 6.92133e-16
      Equation: "PotentialEquation"	RelError: 2.73635e-15	AbsError: 6.92133e-16
number of equations 7095
Iteration: 0
  Device: "part1_baseline"	RelError: 6.41827e+01	AbsError: 1.11571e+16
    Region: "bulk"	RelError: 6.40654e+01	AbsError: 1.11571e+16
      Equation: "ElectronContinuityEquation"	RelError: 4.26078e-01	AbsError: 1.09953e+16
      Equation: "HoleContinuityEquation"	RelError: 1.69357e+00	AbsError: 1.61824e+14
      Equation: "PotentialEquation"	RelError: 6.19457e+01	AbsError: 1.91384e-02
    Region: "oxide"	RelError: 1.17357e-01	AbsError: 2.00000e-02
      Equation: "PotentialEquation"	RelError: 1.17357e-01	AbsError: 2.00000e-02
Iteration: 1
  Device: "part1_baseline"	RelError: 5.08258e-01	AbsError: 2.69338e+14
    Region: "bulk"	RelError: 5.08099e-01	AbsError: 2.69338e+14
      Equation: "ElectronContinuityEquation"	RelError: 1.70461e-01	AbsError: 2.65932e+14
      Equation: "HoleContinuityEquation"	RelError: 2.85337e-01	AbsError: 3.40602e+12
      Equation: "PotentialEquation"	RelError: 5.23004e-02	AbsError: 1.04772e-04
    Region: "oxide"	RelError: 1.59318e-04	AbsError: 4.61897e-05
      Equation: "PotentialEquation"	RelError: 1.59318e-04	AbsError: 4.61897e-05
Iteration: 2
  Device: "part1_baseline"	RelError: 2.22401e-02	AbsError: 1.60368e+11
    Region: "bulk"	RelError: 2.22400e-02	AbsError: 1.60368e+11
      Equation: "ElectronContinuityEquation"	RelError: 2.70521e-04	AbsError: 1.59989e+11
      Equation: "HoleContinuityEquation"	RelError: 2.19584e-02	AbsError: 3.78114e+08
      Equation: "PotentialEquation"	RelError: 1.11198e-05	AbsError: 4.05623e-08
    Region: "oxide"	RelError: 2.95924e-08	AbsError: 8.57950e-09
      Equation: "PotentialEquation"	RelError: 2.95924e-08	AbsError: 8.57950e-09
Iteration: 3
  Device: "part1_baseline"	RelError: 4.66899e-08	AbsError: 4.14858e+04
    Region: "bulk"	RelError: 4.66899e-08	AbsError: 4.14858e+04
      Equation: "ElectronContinuityEquation"	RelError: 4.98035e-11	AbsError: 4.14793e+04
      Equation: "HoleContinuityEquation"	RelError: 4.66391e-08	AbsError: 6.48307e+00
      Equation: "PotentialEquation"	RelError: 9.95868e-13	AbsError: 7.37845e-15
    Region: "oxide"	RelError: 5.40915e-15	AbsError: 1.38631e-15
      Equation: "PotentialEquation"	RelError: 5.40915e-15	AbsError: 1.38631e-15
number of equations 7095
Iteration: 0
  Device: "part1_baseline"	RelError: 3.26970e+01	AbsError: 1.10926e+16
    Region: "bulk"	RelError: 3.25920e+01	AbsError: 1.10926e+16
      Equation: "ElectronContinuityEquation"	RelError: 4.26072e-01	AbsError: 1.09354e+16
      Equation: "HoleContinuityEquation"	RelError: 1.78732e+00	AbsError: 1.57195e+14
      Equation: "PotentialEquation"	RelError: 3.03786e+01	AbsError: 1.91383e-02
    Region: "oxide"	RelError: 1.05031e-01	AbsError: 2.00000e-02
      Equation: "PotentialEquation"	RelError: 1.05031e-01	AbsError: 2.00000e-02
Iteration: 1
  Device: "part1_baseline"	RelError: 4.74901e-01	AbsError: 3.36307e+14
    Region: "bulk"	RelError: 4.74703e-01	AbsError: 3.36307e+14
      Equation: "ElectronContinuityEquation"	RelError: 1.70406e-01	AbsError: 3.33058e+14
      Equation: "HoleContinuityEquation"	RelError: 3.01968e-01	AbsError: 3.24909e+12
      Equation: "PotentialEquation"	RelError: 2.32941e-03	AbsError: 1.24854e-04
    Region: "oxide"	RelError: 1.98464e-04	AbsError: 6.03229e-05
      Equation: "PotentialEquation"	RelError: 1.98464e-04	AbsError: 6.03229e-05
Iteration: 2
  Device: "part1_baseline"	RelError: 2.32146e-02	AbsError: 2.37088e+11
    Region: "bulk"	RelError: 2.32145e-02	AbsError: 2.37088e+11
      Equation: "ElectronContinuityEquation"	RelError: 3.28713e-04	AbsError: 2.36762e+11
      Equation: "HoleContinuityEquation"	RelError: 2.28854e-02	AbsError: 3.25694e+08
      Equation: "PotentialEquation"	RelError: 4.75900e-07	AbsError: 5.28579e-08
    Region: "oxide"	RelError: 4.02357e-08	AbsError: 1.22296e-08
      Equation: "PotentialEquation"	RelError: 4.02357e-08	AbsError: 1.22296e-08
Iteration: 3
  Device: "part1_baseline"	RelError: 7.24047e-08	AbsError: 7.50502e+04
    Region: "bulk"	RelError: 7.24047e-08	AbsError: 7.50502e+04
      Equation: "ElectronContinuityEquation"	RelError: 6.19731e-11	AbsError: 7.50406e+04
      Equation: "HoleContinuityEquation"	RelError: 7.23424e-08	AbsError: 9.59514e+00
      Equation: "PotentialEquation"	RelError: 2.81476e-13	AbsError: 1.32092e-14
    Region: "oxide"	RelError: 1.10662e-14	AbsError: 2.80838e-15
      Equation: "PotentialEquation"	RelError: 1.10662e-14	AbsError: 2.80838e-15
number of equations 7095
Iteration: 0
  Device: "part1_baseline"	RelError: 1.39962e+01	AbsError: 1.10082e+16
    Region: "bulk"	RelError: 1.39011e+01	AbsError: 1.10082e+16
      Equation: "ElectronContinuityEquation"	RelError: 4.26063e-01	AbsError: 1.08559e+16
      Equation: "HoleContinuityEquation"	RelError: 1.85809e+00	AbsError: 1.52316e+14
      Equation: "PotentialEquation"	RelError: 1.16170e+01	AbsError: 1.91378e-02
    Region: "oxide"	RelError: 9.50455e-02	AbsError: 2.00000e-02
      Equation: "PotentialEquation"	RelError: 9.50455e-02	AbsError: 2.00000e-02
Iteration: 1
  Device: "part1_baseline"	RelError: 5.00553e-01	AbsError: 4.23135e+14
    Region: "bulk"	RelError: 5.00307e-01	AbsError: 4.23135e+14
      Equation: "ElectronContinuityEquation"	RelError: 1.70349e-01	AbsError: 4.20049e+14
      Equation: "HoleContinuityEquation"	RelError: 3.14391e-01	AbsError: 3.08583e+12
      Equation: "PotentialEquation"	RelError: 1.55668e-02	AbsError: 1.48075e-04
    Region: "oxide"	RelError: 2.46662e-04	AbsError: 7.83968e-05
      Equation: "PotentialEquation"	RelError: 2.46662e-04	AbsError: 7.83968e-05
Iteration: 2
  Device: "part1_baseline"	RelError: 2.38153e-02	AbsError: 3.42181e+11
    Region: "bulk"	RelError: 2.38152e-02	AbsError: 3.42181e+11
      Equation: "ElectronContinuityEquation"	RelError: 3.99447e-04	AbsError: 3.41867e+11
      Equation: "HoleContinuityEquation"	RelError: 2.34152e-02	AbsError: 3.14395e+08
      Equation: "PotentialEquation"	RelError: 5.30513e-07	AbsError: 6.80627e-08
    Region: "oxide"	RelError: 5.37338e-08	AbsError: 1.70783e-08
      Equation: "PotentialEquation"	RelError: 5.37338e-08	AbsError: 1.70783e-08
Iteration: 3
  Device: "part1_baseline"	RelError: 1.10025e-07	AbsError: 1.46442e+05
    Region: "bulk"	RelError: 1.10025e-07	AbsError: 1.46442e+05
      Equation: "ElectronContinuityEquation"	RelError: 8.36103e-11	AbsError: 1.46427e+05
      Equation: "HoleContinuityEquation"	RelError: 1.09939e-07	AbsError: 1.54618e+01
      Equation: "PotentialEquation"	RelError: 2.02905e-12	AbsError: 2.29935e-14
    Region: "oxide"	RelError: 2.36634e-14	AbsError: 6.39731e-15
      Equation: "PotentialEquation"	RelError: 2.36634e-14	AbsError: 6.39731e-15
number of equations 7095
Iteration: 0
  Device: "part1_baseline"	RelError: 4.00792e+01	AbsError: 1.08984e+16
    Region: "bulk"	RelError: 3.99924e+01	AbsError: 1.08984e+16
      Equation: "ElectronContinuityEquation"	RelError: 4.26047e-01	AbsError: 1.07511e+16
      Equation: "HoleContinuityEquation"	RelError: 1.93586e+00	AbsError: 1.47218e+14
      Equation: "PotentialEquation"	RelError: 3.76305e+01	AbsError: 1.91367e-02
    Region: "oxide"	RelError: 8.67918e-02	AbsError: 2.00000e-02
      Equation: "PotentialEquation"	RelError: 8.67918e-02	AbsError: 2.00000e-02
Iteration: 1
  Device: "part1_baseline"	RelError: 5.43416e-01	AbsError: 5.40600e+14
    Region: "bulk"	RelError: 5.43111e-01	AbsError: 5.40600e+14
      Equation: "ElectronContinuityEquation"	RelError: 1.70271e-01	AbsError: 5.37681e+14
      Equation: "HoleContinuityEquation"	RelError: 3.24797e-01	AbsError: 2.91900e+12
      Equation: "PotentialEquation"	RelError: 4.80425e-02	AbsError: 1.75408e-04
    Region: "oxide"	RelError: 3.05016e-04	AbsError: 1.01121e-04
      Equation: "PotentialEquation"	RelError: 3.05016e-04	AbsError: 1.01121e-04
Iteration: 2
  Device: "part1_baseline"	RelError: 2.41386e-02	AbsError: 4.83893e+11
    Region: "bulk"	RelError: 2.41385e-02	AbsError: 4.83893e+11
      Equation: "ElectronContinuityEquation"	RelError: 4.83333e-04	AbsError: 4.83594e+11
      Equation: "HoleContinuityEquation"	RelError: 2.36484e-02	AbsError: 2.98575e+08
      Equation: "PotentialEquation"	RelError: 6.77520e-06	AbsError: 8.41992e-08
    Region: "oxide"	RelError: 7.00928e-08	AbsError: 2.32376e-08
      Equation: "PotentialEquation"	RelError: 7.00928e-08	AbsError: 2.32376e-08
Iteration: 3
  Device: "part1_baseline"	RelError: 1.64734e-07	AbsError: 2.65187e+05
    Region: "bulk"	RelError: 1.64734e-07	AbsError: 2.65187e+05
      Equation: "ElectronContinuityEquation"	RelError: 1.26778e-10	AbsError: 2.65159e+05
      Equation: "HoleContinuityEquation"	RelError: 1.64604e-07	AbsError: 2.83627e+01
      Equation: "PotentialEquation"	RelError: 3.85824e-12	AbsError: 3.83981e-14
    Region: "oxide"	RelError: 5.25756e-14	AbsError: 1.50796e-14
      Equation: "PotentialEquation"	RelError: 5.25756e-14	AbsError: 1.50796e-14
number of equations 7095
Iteration: 0
  Device: "part1_baseline"	RelError: 6.38496e+01	AbsError: 1.07609e+16
    Region: "bulk"	RelError: 6.37697e+01	AbsError: 1.07609e+16
      Equation: "ElectronContinuityEquation"	RelError: 4.26033e-01	AbsError: 1.06141e+16
      Equation: "HoleContinuityEquation"	RelError: 2.00231e+00	AbsError: 1.46843e+14
      Equation: "PotentialEquation"	RelError: 6.13414e+01	AbsError: 1.91348e-02
    Region: "oxide"	RelError: 7.98532e-02	AbsError: 2.00000e-02
      Equation: "PotentialEquation"	RelError: 7.98532e-02	AbsError: 2.00000e-02
Iteration: 1
  Device: "part1_baseline"	RelError: 5.37558e-01	AbsError: 7.07637e+14
    Region: "bulk"	RelError: 5.37184e-01	AbsError: 7.07637e+14
      Equation: "ElectronContinuityEquation"	RelError: 1.70162e-01	AbsError: 7.04886e+14
      Equation: "HoleContinuityEquation"	RelError: 3.35513e-01	AbsError: 2.75146e+12
      Equation: "PotentialEquation"	RelError: 3.15097e-02	AbsError: 2.05966e-04
    Region: "oxide"	RelError: 3.73978e-04	AbsError: 1.29016e-04
      Equation: "PotentialEquation"	RelError: 3.73978e-04	AbsError: 1.29016e-04
Iteration: 2
  Device: "part1_baseline"	RelError: 2.42745e-02	AbsError: 7.09822e+11
    Region: "bulk"	RelError: 2.42744e-02	AbsError: 7.09822e+11
      Equation: "ElectronContinuityEquation"	RelError: 5.82270e-04	AbsError: 7.09575e+11
      Equation: "HoleContinuityEquation"	RelError: 2.36513e-02	AbsError: 2.47576e+08
      Equation: "PotentialEquation"	RelError: 4.07535e-05	AbsError: 9.90267e-08
    Region: "oxide"	RelError: 1.12399e-07	AbsError: 3.16493e-08
      Equation: "PotentialEquation"	RelError: 1.12399e-07	AbsError: 3.16493e-08
Iteration: 3
  Device: "part1_baseline"	RelError: 2.42862e-07	AbsError: 4.33971e+05
    Region: "bulk"	RelError: 2.42862e-07	AbsError: 4.33971e+05
      Equation: "ElectronContinuityEquation"	RelError: 3.94011e-10	AbsError: 4.33929e+05
      Equation: "HoleContinuityEquation"	RelError: 2.42461e-07	AbsError: 4.21664e+01
      Equation: "PotentialEquation"	RelError: 6.81082e-12	AbsError: 6.42125e-14
    Region: "oxide"	RelError: 1.17925e-13	AbsError: 3.57510e-14
      Equation: "PotentialEquation"	RelError: 1.17925e-13	AbsError: 3.57510e-14
number of equations 7095
Iteration: 0
  Device: "part1_baseline"	RelError: 3.39703e+01	AbsError: 1.05831e+16
    Region: "bulk"	RelError: 3.38964e+01	AbsError: 1.05831e+16
      Equation: "ElectronContinuityEquation"	RelError: 4.26002e-01	AbsError: 1.04362e+16
      Equation: "HoleContinuityEquation"	RelError: 2.05622e+00	AbsError: 1.46902e+14
      Equation: "PotentialEquation"	RelError: 3.14142e+01	AbsError: 1.91312e-02
    Region: "oxide"	RelError: 7.39358e-02	AbsError: 2.00000e-02
      Equation: "PotentialEquation"	RelError: 7.39358e-02	AbsError: 2.00000e-02
Iteration: 1
  Device: "part1_baseline"	RelError: 6.53991e-01	AbsError: 9.59442e+14
    Region: "bulk"	RelError: 6.53539e-01	AbsError: 9.59442e+14
      Equation: "ElectronContinuityEquation"	RelError: 1.69997e-01	AbsError: 9.56653e+14
      Equation: "HoleContinuityEquation"	RelError: 3.44193e-01	AbsError: 2.78828e+12
      Equation: "PotentialEquation"	RelError: 1.39349e-01	AbsError: 2.39467e-04
    Region: "oxide"	RelError: 4.52768e-04	AbsError: 1.62154e-04
      Equation: "PotentialEquation"	RelError: 4.52768e-04	AbsError: 1.62154e-04
Iteration: 2
  Device: "part1_baseline"	RelError: 2.42731e-02	AbsError: 1.12695e+12
    Region: "bulk"	RelError: 2.42729e-02	AbsError: 1.12695e+12
      Equation: "ElectronContinuityEquation"	RelError: 6.98122e-04	AbsError: 1.12667e+12
      Equation: "HoleContinuityEquation"	RelError: 2.34616e-02	AbsError: 2.87370e+08
      Equation: "PotentialEquation"	RelError: 1.13176e-04	AbsError: 1.11200e-07
    Region: "oxide"	RelError: 2.26651e-07	AbsError: 6.77841e-08
      Equation: "PotentialEquation"	RelError: 2.26651e-07	AbsError: 6.77841e-08
Iteration: 3
  Device: "part1_baseline"	RelError: 3.52755e-07	AbsError: 7.41595e+05
    Region: "bulk"	RelError: 3.52755e-07	AbsError: 7.41595e+05
      Equation: "ElectronContinuityEquation"	RelError: 1.09066e-09	AbsError: 7.41558e+05
      Equation: "HoleContinuityEquation"	RelError: 3.51607e-07	AbsError: 3.70640e+01
      Equation: "PotentialEquation"	RelError: 5.73013e-11	AbsError: 1.24226e-13
    Region: "oxide"	RelError: 2.52818e-13	AbsError: 8.07377e-14
      Equation: "PotentialEquation"	RelError: 2.52818e-13	AbsError: 8.07377e-14
number of equations 7095
Iteration: 0
  Device: "part1_baseline"	RelError: 2.42266e+01	AbsError: 1.03544e+16
    Region: "bulk"	RelError: 2.41578e+01	AbsError: 1.03544e+16
      Equation: "ElectronContinuityEquation"	RelError: 4.25933e-01	AbsError: 1.02077e+16
      Equation: "HoleContinuityEquation"	RelError: 2.10294e+00	AbsError: 1.46640e+14
      Equation: "PotentialEquation"	RelError: 2.16289e+01	AbsError: 1.91245e-02
    Region: "oxide"	RelError: 6.88241e-02	AbsError: 2.00000e-02
      Equation: "PotentialEquation"	RelError: 6.88241e-02	AbsError: 2.00000e-02
Iteration: 1
  Device: "part1_baseline"	RelError: 5.56325e-01	AbsError: 1.39700e+15
    Region: "bulk"	RelError: 5.55786e-01	AbsError: 1.39700e+15
      Equation: "ElectronContinuityEquation"	RelError: 1.69732e-01	AbsError: 1.39414e+15
      Equation: "HoleContinuityEquation"	RelError: 3.51049e-01	AbsError: 2.86109e+12
      Equation: "PotentialEquation"	RelError: 3.50048e-02	AbsError: 2.76902e-04
    Region: "oxide"	RelError: 5.38686e-04	AbsError: 1.99809e-04
      Equation: "PotentialEquation"	RelError: 5.38686e-04	AbsError: 1.99809e-04
Iteration: 2
  Device: "part1_baseline"	RelError: 2.39750e-02	AbsError: 1.74105e+12
    Region: "bulk"	RelError: 2.39746e-02	AbsError: 1.74105e+12
      Equation: "ElectronContinuityEquation"	RelError: 8.33172e-04	AbsError: 1.74050e+12
      Equation: "HoleContinuityEquation"	RelError: 2.30888e-02	AbsError: 5.47191e+08
      Equation: "PotentialEquation"	RelError: 5.26209e-05	AbsError: 1.76123e-07
    Region: "oxide"	RelError: 4.15876e-07	AbsError: 1.31597e-07
      Equation: "PotentialEquation"	RelError: 4.15876e-07	AbsError: 1.31597e-07
Iteration: 3
  Device: "part1_baseline"	RelError: 5.05300e-07	AbsError: 1.12821e+06
    Region: "bulk"	RelError: 5.05300e-07	AbsError: 1.12821e+06
      Equation: "ElectronContinuityEquation"	RelError: 2.38061e-09	AbsError: 1.12788e+06
      Equation: "HoleContinuityEquation"	RelError: 5.02856e-07	AbsError: 3.28813e+02
      Equation: "PotentialEquation"	RelError: 6.33904e-11	AbsError: 2.42544e-13
    Region: "oxide"	RelError: 4.75441e-13	AbsError: 1.59422e-13
      Equation: "PotentialEquation"	RelError: 4.75441e-13	AbsError: 1.59422e-13
number of equations 7095
Iteration: 0
  Device: "part1_baseline"	RelError: 4.72790e+01	AbsError: 1.00643e+16
    Region: "bulk"	RelError: 4.72147e+01	AbsError: 1.00643e+16
      Equation: "ElectronContinuityEquation"	RelError: 4.25788e-01	AbsError: 9.91832e+15
      Equation: "HoleContinuityEquation"	RelError: 2.15846e+00	AbsError: 1.46005e+14
      Equation: "PotentialEquation"	RelError: 4.46304e+01	AbsError: 1.91119e-02
    Region: "oxide"	RelError: 6.43539e-02	AbsError: 2.00000e-02
      Equation: "PotentialEquation"	RelError: 6.43539e-02	AbsError: 2.00000e-02
Iteration: 1
  Device: "part1_baseline"	RelError: 5.91609e-01	AbsError: 2.07885e+15
    Region: "bulk"	RelError: 5.90982e-01	AbsError: 2.07885e+15
      Equation: "ElectronContinuityEquation"	RelError: 1.69280e-01	AbsError: 2.07590e+15
      Equation: "HoleContinuityEquation"	RelError: 3.57632e-01	AbsError: 2.94418e+12
      Equation: "PotentialEquation"	RelError: 6.40710e-02	AbsError: 3.13572e-04
    Region: "oxide"	RelError: 6.26558e-04	AbsError: 2.40127e-04
      Equation: "PotentialEquation"	RelError: 6.26558e-04	AbsError: 2.40127e-04
Iteration: 2
  Device: "part1_baseline"	RelError: 2.36803e-02	AbsError: 2.50604e+12
    Region: "bulk"	RelError: 2.36796e-02	AbsError: 2.50604e+12
      Equation: "ElectronContinuityEquation"	RelError: 9.86291e-04	AbsError: 2.50499e+12
      Equation: "HoleContinuityEquation"	RelError: 2.25104e-02	AbsError: 1.05005e+09
      Equation: "PotentialEquation"	RelError: 1.82921e-04	AbsError: 2.97988e-07
    Region: "oxide"	RelError: 6.86975e-07	AbsError: 2.29183e-07
      Equation: "PotentialEquation"	RelError: 6.86975e-07	AbsError: 2.29183e-07
Iteration: 3
  Device: "part1_baseline"	RelError: 7.05316e-07	AbsError: 3.47871e+06
    Region: "bulk"	RelError: 7.05315e-07	AbsError: 3.47871e+06
      Equation: "ElectronContinuityEquation"	RelError: 4.28629e-09	AbsError: 3.47753e+06
      Equation: "HoleContinuityEquation"	RelError: 7.00602e-07	AbsError: 1.18014e+03
      Equation: "PotentialEquation"	RelError: 4.26727e-10	AbsError: 5.81287e-13
    Region: "oxide"	RelError: 1.16882e-12	AbsError: 3.89931e-13
      Equation: "PotentialEquation"	RelError: 1.16882e-12	AbsError: 3.89931e-13
number of equations 7095
Iteration: 0
  Device: "part1_baseline"	RelError: 2.35433e+01	AbsError: 1.28073e+16
    Region: "bulk"	RelError: 2.34829e+01	AbsError: 1.28073e+16
      Equation: "ElectronContinuityEquation"	RelError: 4.25488e-01	AbsError: 1.26624e+16
      Equation: "HoleContinuityEquation"	RelError: 2.20667e+00	AbsError: 1.44907e+14
      Equation: "PotentialEquation"	RelError: 2.08507e+01	AbsError: 1.90877e-02
    Region: "oxide"	RelError: 6.03928e-02	AbsError: 2.00000e-02
      Equation: "PotentialEquation"	RelError: 6.03928e-02	AbsError: 2.00000e-02
Iteration: 1
  Device: "part1_baseline"	RelError: 5.84547e-01	AbsError: 2.97522e+15
    Region: "bulk"	RelError: 5.83838e-01	AbsError: 2.97522e+15
      Equation: "ElectronContinuityEquation"	RelError: 1.68473e-01	AbsError: 2.97217e+15
      Equation: "HoleContinuityEquation"	RelError: 3.64750e-01	AbsError: 3.05722e+12
      Equation: "PotentialEquation"	RelError: 5.06154e-02	AbsError: 3.47874e-04
    Region: "oxide"	RelError: 7.08652e-04	AbsError: 2.79948e-04
      Equation: "PotentialEquation"	RelError: 7.08652e-04	AbsError: 2.79948e-04
Iteration: 2
  Device: "part1_baseline"	RelError: 2.29866e-02	AbsError: 4.06895e+12
    Region: "bulk"	RelError: 2.29855e-02	AbsError: 4.06895e+12
      Equation: "ElectronContinuityEquation"	RelError: 1.15193e-03	AbsError: 4.06696e+12
      Equation: "HoleContinuityEquation"	RelError: 2.16619e-02	AbsError: 1.99340e+09
      Equation: "PotentialEquation"	RelError: 1.71740e-04	AbsError: 4.83431e-07
    Region: "oxide"	RelError: 1.10411e-06	AbsError: 3.75235e-07
      Equation: "PotentialEquation"	RelError: 1.10411e-06	AbsError: 3.75235e-07
Iteration: 3
  Device: "part1_baseline"	RelError: 9.50802e-07	AbsError: 8.33055e+06
    Region: "bulk"	RelError: 9.50799e-07	AbsError: 8.33055e+06
      Equation: "ElectronContinuityEquation"	RelError: 6.45107e-09	AbsError: 8.32842e+06
      Equation: "HoleContinuityEquation"	RelError: 9.43921e-07	AbsError: 2.13500e+03
      Equation: "PotentialEquation"	RelError: 4.26564e-10	AbsError: 1.50917e-12
    Region: "oxide"	RelError: 3.09808e-12	AbsError: 1.05289e-12
      Equation: "PotentialEquation"	RelError: 3.09808e-12	AbsError: 1.05289e-12
number of equations 7095
Iteration: 0
  Device: "part1_baseline"	RelError: 6.55764e+01	AbsError: 1.89793e+16
    Region: "bulk"	RelError: 6.55195e+01	AbsError: 1.89793e+16
      Equation: "ElectronContinuityEquation"	RelError: 4.24879e-01	AbsError: 1.88361e+16
      Equation: "HoleContinuityEquation"	RelError: 2.23780e+00	AbsError: 1.43186e+14
      Equation: "PotentialEquation"	RelError: 6.28568e+01	AbsError: 1.90434e-02
    Region: "oxide"	RelError: 5.68237e-02	AbsError: 2.00000e-02
      Equation: "PotentialEquation"	RelError: 5.68237e-02	AbsError: 2.00000e-02
Iteration: 1
  Device: "part1_baseline"	RelError: 8.75787e-01	AbsError: 4.07729e+15
    Region: "bulk"	RelError: 8.74979e-01	AbsError: 4.07729e+15
      Equation: "ElectronContinuityEquation"	RelError: 1.67003e-01	AbsError: 4.07406e+15
      Equation: "HoleContinuityEquation"	RelError: 3.70472e-01	AbsError: 3.22946e+12
      Equation: "PotentialEquation"	RelError: 3.37505e-01	AbsError: 4.04417e-04
    Region: "oxide"	RelError: 8.07279e-04	AbsError: 3.15010e-04
      Equation: "PotentialEquation"	RelError: 8.07279e-04	AbsError: 3.15010e-04
Iteration: 2
  Device: "part1_baseline"	RelError: 2.37507e-02	AbsError: 6.87592e+12
    Region: "bulk"	RelError: 2.37490e-02	AbsError: 6.87592e+12
      Equation: "ElectronContinuityEquation"	RelError: 1.30701e-03	AbsError: 6.87228e+12
      Equation: "HoleContinuityEquation"	RelError: 2.04234e-02	AbsError: 3.64254e+09
      Equation: "PotentialEquation"	RelError: 2.01859e-03	AbsError: 7.49502e-07
    Region: "oxide"	RelError: 1.69767e-06	AbsError: 5.94683e-07
      Equation: "PotentialEquation"	RelError: 1.69767e-06	AbsError: 5.94683e-07
Iteration: 3
  Device: "part1_baseline"	RelError: 1.18912e-06	AbsError: 2.36082e+07
    Region: "bulk"	RelError: 1.18911e-06	AbsError: 2.36082e+07
      Equation: "ElectronContinuityEquation"	RelError: 8.55929e-09	AbsError: 2.36014e+07
      Equation: "HoleContinuityEquation"	RelError: 1.17982e-06	AbsError: 6.78916e+03
      Equation: "PotentialEquation"	RelError: 7.27944e-10	AbsError: 4.77029e-12
    Region: "oxide"	RelError: 9.95922e-12	AbsError: 3.48865e-12
      Equation: "PotentialEquation"	RelError: 9.95922e-12	AbsError: 3.48865e-12
Iteration: 4
  Device: "part1_baseline"	RelError: 2.32109e-17	AbsError: 1.05902e-03
    Region: "bulk"	RelError: 2.32105e-17	AbsError: 1.05902e-03
      Equation: "ElectronContinuityEquation"	RelError: 2.87716e-19	AbsError: 1.05881e-03
      Equation: "HoleContinuityEquation"	RelError: 2.26829e-17	AbsError: 2.13255e-07
      Equation: "PotentialEquation"	RelError: 2.39903e-19	AbsError: 1.83399e-22
    Region: "oxide"	RelError: 3.80785e-22	AbsError: 1.36059e-22
      Equation: "PotentialEquation"	RelError: 3.80785e-22	AbsError: 1.36059e-22
number of equations 7095
Iteration: 0
  Device: "part1_baseline"	RelError: 2.26077e+01	AbsError: 2.75398e+16
    Region: "bulk"	RelError: 2.25542e+01	AbsError: 2.75398e+16
      Equation: "ElectronContinuityEquation"	RelError: 4.23665e-01	AbsError: 2.73993e+16
      Equation: "HoleContinuityEquation"	RelError: 2.24350e+00	AbsError: 1.40571e+14
      Equation: "PotentialEquation"	RelError: 1.98870e+01	AbsError: 1.89599e-02
    Region: "oxide"	RelError: 5.35281e-02	AbsError: 2.00000e-02
      Equation: "PotentialEquation"	RelError: 5.35281e-02	AbsError: 2.00000e-02
Iteration: 1
  Device: "part1_baseline"	RelError: 8.41426e-01	AbsError: 5.33869e+15
    Region: "bulk"	RelError: 8.40428e-01	AbsError: 5.33869e+15
      Equation: "ElectronContinuityEquation"	RelError: 1.64544e-01	AbsError: 5.33519e+15
      Equation: "HoleContinuityEquation"	RelError: 3.73468e-01	AbsError: 3.49850e+12
      Equation: "PotentialEquation"	RelError: 3.02417e-01	AbsError: 4.98585e-04
    Region: "oxide"	RelError: 9.97776e-04	AbsError: 3.93960e-04
      Equation: "PotentialEquation"	RelError: 9.97776e-04	AbsError: 3.93960e-04
Iteration: 2
  Device: "part1_baseline"	RelError: 2.14751e-02	AbsError: 1.12056e+13
    Region: "bulk"	RelError: 2.14726e-02	AbsError: 1.12056e+13
      Equation: "ElectronContinuityEquation"	RelError: 1.40866e-03	AbsError: 1.11995e+13
      Equation: "HoleContinuityEquation"	RelError: 1.86381e-02	AbsError: 6.09592e+09
      Equation: "PotentialEquation"	RelError: 1.42583e-03	AbsError: 1.10882e-06
    Region: "oxide"	RelError: 2.47257e-06	AbsError: 8.92361e-07
      Equation: "PotentialEquation"	RelError: 2.47257e-06	AbsError: 8.92361e-07
Iteration: 3
  Device: "part1_baseline"	RelError: 1.31888e-06	AbsError: 6.74911e+07
    Region: "bulk"	RelError: 1.31885e-06	AbsError: 6.74911e+07
      Equation: "ElectronContinuityEquation"	RelError: 1.36570e-08	AbsError: 6.74504e+07
      Equation: "HoleContinuityEquation"	RelError: 1.29255e-06	AbsError: 4.06878e+04
      Equation: "PotentialEquation"	RelError: 1.26470e-08	AbsError: 1.30001e-11
    Region: "oxide"	RelError: 2.70919e-11	AbsError: 9.84097e-12
      Equation: "PotentialEquation"	RelError: 2.70919e-11	AbsError: 9.84097e-12
Iteration: 4
  Device: "part1_baseline"	RelError: 1.16398e-16	AbsError: 8.65389e-03
    Region: "bulk"	RelError: 1.16395e-16	AbsError: 8.65389e-03
      Equation: "ElectronContinuityEquation"	RelError: 1.81983e-18	AbsError: 8.65194e-03
      Equation: "HoleContinuityEquation"	RelError: 1.13725e-16	AbsError: 1.94289e-06
      Equation: "PotentialEquation"	RelError: 8.49477e-19	AbsError: 1.62862e-21
    Region: "oxide"	RelError: 3.43297e-21	AbsError: 1.24701e-21
      Equation: "PotentialEquation"	RelError: 3.43297e-21	AbsError: 1.24701e-21
number of equations 7095
Iteration: 0
  Device: "part1_baseline"	RelError: 2.12455e+01	AbsError: 3.86605e+16
    Region: "bulk"	RelError: 2.11951e+01	AbsError: 3.86605e+16
      Equation: "ElectronContinuityEquation"	RelError: 4.21457e-01	AbsError: 3.85238e+16
      Equation: "HoleContinuityEquation"	RelError: 2.20906e+00	AbsError: 1.36640e+14
      Equation: "PotentialEquation"	RelError: 1.85646e+01	AbsError: 1.88037e-02
    Region: "oxide"	RelError: 5.03852e-02	AbsError: 2.00000e-02
      Equation: "PotentialEquation"	RelError: 5.03852e-02	AbsError: 2.00000e-02
Iteration: 1
  Device: "part1_baseline"	RelError: 8.20947e-01	AbsError: 6.68481e+15
    Region: "bulk"	RelError: 8.19764e-01	AbsError: 6.68481e+15
      Equation: "ElectronContinuityEquation"	RelError: 1.60200e-01	AbsError: 6.68091e+15
      Equation: "HoleContinuityEquation"	RelError: 3.72221e-01	AbsError: 3.89816e+12
      Equation: "PotentialEquation"	RelError: 2.87344e-01	AbsError: 5.96387e-04
    Region: "oxide"	RelError: 1.18240e-03	AbsError: 4.72369e-04
      Equation: "PotentialEquation"	RelError: 1.18240e-03	AbsError: 4.72369e-04
Iteration: 2
  Device: "part1_baseline"	RelError: 1.91283e-02	AbsError: 1.66762e+13
    Region: "bulk"	RelError: 1.91250e-02	AbsError: 1.66762e+13
      Equation: "ElectronContinuityEquation"	RelError: 1.39917e-03	AbsError: 1.66677e+13
      Equation: "HoleContinuityEquation"	RelError: 1.61791e-02	AbsError: 8.55123e+09
      Equation: "PotentialEquation"	RelError: 1.54668e-03	AbsError: 1.50041e-06
    Region: "oxide"	RelError: 3.27289e-06	AbsError: 1.22395e-06
      Equation: "PotentialEquation"	RelError: 3.27289e-06	AbsError: 1.22395e-06
Iteration: 3
  Device: "part1_baseline"	RelError: 1.16414e-06	AbsError: 1.28661e+08
    Region: "bulk"	RelError: 1.16409e-06	AbsError: 1.28661e+08
      Equation: "ElectronContinuityEquation"	RelError: 1.99187e-08	AbsError: 1.28550e+08
      Equation: "HoleContinuityEquation"	RelError: 1.12961e-06	AbsError: 1.10961e+05
      Equation: "PotentialEquation"	RelError: 1.45660e-08	AbsError: 2.39948e-11
    Region: "oxide"	RelError: 4.88814e-11	AbsError: 1.83547e-11
      Equation: "PotentialEquation"	RelError: 4.88814e-11	AbsError: 1.83547e-11
Iteration: 4
  Device: "part1_baseline"	RelError: 2.98113e-16	AbsError: 4.11114e-02
    Region: "bulk"	RelError: 2.98099e-16	AbsError: 4.11114e-02
      Equation: "ElectronContinuityEquation"	RelError: 5.84844e-18	AbsError: 4.10900e-02
      Equation: "HoleContinuityEquation"	RelError: 2.90723e-16	AbsError: 2.13481e-05
      Equation: "PotentialEquation"	RelError: 1.52794e-18	AbsError: 6.71940e-21
    Region: "oxide"	RelError: 1.38983e-20	AbsError: 5.21871e-21
      Equation: "PotentialEquation"	RelError: 1.38983e-20	AbsError: 5.21871e-21
number of equations 7095
Iteration: 0
  Device: "part1_baseline"	RelError: 2.77515e+01	AbsError: 5.24820e+16
    Region: "bulk"	RelError: 2.77042e+01	AbsError: 5.24820e+16
      Equation: "ElectronContinuityEquation"	RelError: 4.17496e-01	AbsError: 5.23512e+16
      Equation: "HoleContinuityEquation"	RelError: 2.11435e+00	AbsError: 1.30816e+14
      Equation: "PotentialEquation"	RelError: 2.51724e+01	AbsError: 1.85253e-02
    Region: "oxide"	RelError: 4.72544e-02	AbsError: 2.00000e-02
      Equation: "PotentialEquation"	RelError: 4.72544e-02	AbsError: 2.00000e-02
Iteration: 1
  Device: "part1_baseline"	RelError: 1.54444e+02	AbsError: 8.03496e+15
    Region: "bulk"	RelError: 1.54442e+02	AbsError: 8.03496e+15
      Equation: "ElectronContinuityEquation"	RelError: 1.52704e-01	AbsError: 8.03054e+15
      Equation: "HoleContinuityEquation"	RelError: 3.64165e-01	AbsError: 4.42501e+12
      Equation: "PotentialEquation"	RelError: 1.53925e+02	AbsError: 7.12732e-04
    Region: "oxide"	RelError: 1.40541e-03	AbsError: 5.78683e-04
      Equation: "PotentialEquation"	RelError: 1.40541e-03	AbsError: 5.78683e-04
Iteration: 2
  Device: "part1_baseline"	RelError: 4.49206e-02	AbsError: 2.11197e+13
    Region: "bulk"	RelError: 4.49169e-02	AbsError: 2.11197e+13
      Equation: "ElectronContinuityEquation"	RelError: 1.22766e-03	AbsError: 2.11113e+13
      Equation: "HoleContinuityEquation"	RelError: 1.30028e-02	AbsError: 8.44281e+09
      Equation: "PotentialEquation"	RelError: 3.06864e-02	AbsError: 2.07619e-06
    Region: "oxide"	RelError: 3.67670e-06	AbsError: 1.45159e-06
      Equation: "PotentialEquation"	RelError: 3.67670e-06	AbsError: 1.45159e-06
Iteration: 3
  Device: "part1_baseline"	RelError: 1.90951e-06	AbsError: 2.13036e+08
    Region: "bulk"	RelError: 1.90945e-06	AbsError: 2.13036e+08
      Equation: "ElectronContinuityEquation"	RelError: 1.97043e-08	AbsError: 2.12910e+08
      Equation: "HoleContinuityEquation"	RelError: 6.90530e-07	AbsError: 1.25811e+05
      Equation: "PotentialEquation"	RelError: 1.19922e-06	AbsError: 2.68972e-11
    Region: "oxide"	RelError: 5.14570e-11	AbsError: 2.01314e-11
      Equation: "PotentialEquation"	RelError: 5.14570e-11	AbsError: 2.01314e-11
Iteration: 4
  Device: "part1_baseline"	RelError: 6.73802e-16	AbsError: 3.53864e-02
    Region: "bulk"	RelError: 6.73789e-16	AbsError: 3.53864e-02
      Equation: "ElectronContinuityEquation"	RelError: 5.73452e-18	AbsError: 3.53572e-02
      Equation: "HoleContinuityEquation"	RelError: 2.46040e-16	AbsError: 2.92064e-05
      Equation: "PotentialEquation"	RelError: 4.22015e-16	AbsError: 6.98761e-21
    Region: "oxide"	RelError: 1.32246e-20	AbsError: 5.18655e-21
      Equation: "PotentialEquation"	RelError: 1.32246e-20	AbsError: 5.18655e-21
number of equations 7095
Iteration: 0
  Device: "part1_baseline"	RelError: 6.01237e+00	AbsError: 6.89857e+16
    Region: "bulk"	RelError: 5.96841e+00	AbsError: 6.89857e+16
      Equation: "ElectronContinuityEquation"	RelError: 4.10443e-01	AbsError: 6.88632e+16
      Equation: "HoleContinuityEquation"	RelError: 1.94277e+00	AbsError: 1.22490e+14
      Equation: "PotentialEquation"	RelError: 3.61520e+00	AbsError: 1.80514e-02
    Region: "oxide"	RelError: 4.39538e-02	AbsError: 2.00000e-02
      Equation: "PotentialEquation"	RelError: 4.39538e-02	AbsError: 2.00000e-02
Iteration: 1
  Device: "part1_baseline"	RelError: 6.29548e-01	AbsError: 9.31961e+15
    Region: "bulk"	RelError: 6.27952e-01	AbsError: 9.31961e+15
      Equation: "ElectronContinuityEquation"	RelError: 1.40885e-01	AbsError: 9.31426e+15
      Equation: "HoleContinuityEquation"	RelError: 3.46039e-01	AbsError: 5.34754e+12
      Equation: "PotentialEquation"	RelError: 1.41028e-01	AbsError: 8.17418e-04
    Region: "oxide"	RelError: 1.59572e-03	AbsError: 6.69609e-04
      Equation: "PotentialEquation"	RelError: 1.59572e-03	AbsError: 6.69609e-04
Iteration: 2
  Device: "part1_baseline"	RelError: 1.05140e-02	AbsError: 2.34452e+13
    Region: "bulk"	RelError: 1.05084e-02	AbsError: 2.34452e+13
      Equation: "ElectronContinuityEquation"	RelError: 8.81627e-04	AbsError: 2.34412e+13
      Equation: "HoleContinuityEquation"	RelError: 9.47241e-03	AbsError: 4.03208e+09
      Equation: "PotentialEquation"	RelError: 1.54376e-04	AbsError: 3.26939e-06
    Region: "oxide"	RelError: 5.58377e-06	AbsError: 2.34312e-06
      Equation: "PotentialEquation"	RelError: 5.58377e-06	AbsError: 2.34312e-06
Iteration: 3
  Device: "part1_baseline"	RelError: 2.67292e-07	AbsError: 4.58512e+08
    Region: "bulk"	RelError: 2.67173e-07	AbsError: 4.58512e+08
      Equation: "ElectronContinuityEquation"	RelError: 1.41444e-08	AbsError: 4.58501e+08
      Equation: "HoleContinuityEquation"	RelError: 2.51000e-07	AbsError: 1.13378e+04
      Equation: "PotentialEquation"	RelError: 2.02905e-09	AbsError: 6.69098e-11
    Region: "oxide"	RelError: 1.18786e-10	AbsError: 4.98464e-11
      Equation: "PotentialEquation"	RelError: 1.18786e-10	AbsError: 4.98464e-11
number of equations 7095
Iteration: 0
  Device: "part1_baseline"	RelError: 1.59355e+01	AbsError: 8.80169e+16
    Region: "bulk"	RelError: 1.58952e+01	AbsError: 8.80169e+16
      Equation: "ElectronContinuityEquation"	RelError: 3.98864e-01	AbsError: 8.79056e+16
      Equation: "HoleContinuityEquation"	RelError: 1.69835e+00	AbsError: 1.11351e+14
      Equation: "PotentialEquation"	RelError: 1.37980e+01	AbsError: 1.72770e-02
    Region: "oxide"	RelError: 4.03322e-02	AbsError: 2.00000e-02
      Equation: "PotentialEquation"	RelError: 4.03322e-02	AbsError: 2.00000e-02
Iteration: 1
  Device: "part1_baseline"	RelError: 9.21171e-01	AbsError: 1.05617e+16
    Region: "bulk"	RelError: 9.19451e-01	AbsError: 1.05617e+16
      Equation: "ElectronContinuityEquation"	RelError: 1.24020e-01	AbsError: 1.05551e+16
      Equation: "HoleContinuityEquation"	RelError: 3.15511e-01	AbsError: 6.63891e+12
      Equation: "PotentialEquation"	RelError: 4.79920e-01	AbsError: 8.93900e-04
    Region: "oxide"	RelError: 1.71993e-03	AbsError: 7.34814e-04
      Equation: "PotentialEquation"	RelError: 1.71993e-03	AbsError: 7.34814e-04
Iteration: 2
  Device: "part1_baseline"	RelError: 8.27327e-03	AbsError: 2.17378e+13
    Region: "bulk"	RelError: 8.26634e-03	AbsError: 2.17378e+13
      Equation: "ElectronContinuityEquation"	RelError: 4.52509e-04	AbsError: 2.17241e+13
      Equation: "HoleContinuityEquation"	RelError: 6.05989e-03	AbsError: 1.37090e+10
      Equation: "PotentialEquation"	RelError: 1.75394e-03	AbsError: 4.09081e-06
    Region: "oxide"	RelError: 6.93471e-06	AbsError: 2.97742e-06
      Equation: "PotentialEquation"	RelError: 6.93471e-06	AbsError: 2.97742e-06
Iteration: 3
  Device: "part1_baseline"	RelError: 1.92813e-07	AbsError: 5.56413e+08
    Region: "bulk"	RelError: 1.92608e-07	AbsError: 5.56413e+08
      Equation: "ElectronContinuityEquation"	RelError: 1.40416e-08	AbsError: 5.56285e+08
      Equation: "HoleContinuityEquation"	RelError: 1.44950e-07	AbsError: 1.27873e+05
      Equation: "PotentialEquation"	RelError: 3.36157e-08	AbsError: 1.17465e-10
    Region: "oxide"	RelError: 2.05477e-10	AbsError: 8.82218e-11
      Equation: "PotentialEquation"	RelError: 2.05477e-10	AbsError: 8.82218e-11
number of equations 7095
Iteration: 0
  Device: "part1_baseline"	RelError: 2.40889e+01	AbsError: 1.09308e+17
    Region: "bulk"	RelError: 2.40507e+01	AbsError: 1.09308e+17
      Equation: "ElectronContinuityEquation"	RelError: 3.81825e-01	AbsError: 1.09210e+17
      Equation: "HoleContinuityEquation"	RelError: 1.41453e+00	AbsError: 9.77673e+13
      Equation: "PotentialEquation"	RelError: 2.22543e+01	AbsError: 1.61438e-02
    Region: "oxide"	RelError: 3.82321e-02	AbsError: 2.00000e-02
      Equation: "PotentialEquation"	RelError: 3.82321e-02	AbsError: 2.00000e-02
Iteration: 1
  Device: "part1_baseline"	RelError: 3.76407e+00	AbsError: 1.19776e+16
    Region: "bulk"	RelError: 3.76229e+00	AbsError: 1.19776e+16
      Equation: "ElectronContinuityEquation"	RelError: 1.02744e-01	AbsError: 1.19702e+16
      Equation: "HoleContinuityEquation"	RelError: 2.73674e-01	AbsError: 7.41836e+12
      Equation: "PotentialEquation"	RelError: 3.38587e+00	AbsError: 9.38522e-04
    Region: "oxide"	RelError: 1.77355e-03	AbsError: 7.77563e-04
      Equation: "PotentialEquation"	RelError: 1.77355e-03	AbsError: 7.77563e-04
Iteration: 2
  Device: "part1_baseline"	RelError: 1.68514e-02	AbsError: 2.28432e+13
    Region: "bulk"	RelError: 1.68442e-02	AbsError: 2.28432e+13
      Equation: "ElectronContinuityEquation"	RelError: 5.04705e-04	AbsError: 2.28169e+13
      Equation: "HoleContinuityEquation"	RelError: 3.45232e-03	AbsError: 2.63177e+10
      Equation: "PotentialEquation"	RelError: 1.28872e-02	AbsError: 4.32728e-06
    Region: "oxide"	RelError: 7.17063e-06	AbsError: 3.14758e-06
      Equation: "PotentialEquation"	RelError: 7.17063e-06	AbsError: 3.14758e-06
Iteration: 3
  Device: "part1_baseline"	RelError: 4.07572e-07	AbsError: 5.40702e+08
    Region: "bulk"	RelError: 4.07365e-07	AbsError: 5.40702e+08
      Equation: "ElectronContinuityEquation"	RelError: 1.37636e-08	AbsError: 5.40218e+08
      Equation: "HoleContinuityEquation"	RelError: 2.01137e-07	AbsError: 4.84340e+05
      Equation: "PotentialEquation"	RelError: 1.92464e-07	AbsError: 1.22907e-10
    Region: "oxide"	RelError: 2.06995e-10	AbsError: 9.08613e-11
      Equation: "PotentialEquation"	RelError: 2.06995e-10	AbsError: 9.08613e-11
number of equations 7095
Iteration: 0
  Device: "part1_baseline"	RelError: 4.61246e+00	AbsError: 1.32492e+17
    Region: "bulk"	RelError: 4.57563e+00	AbsError: 1.32492e+17
      Equation: "ElectronContinuityEquation"	RelError: 3.58844e-01	AbsError: 1.32409e+17
      Equation: "HoleContinuityEquation"	RelError: 1.13724e+00	AbsError: 8.28956e+13
      Equation: "PotentialEquation"	RelError: 3.07954e+00	AbsError: 1.46767e-02
    Region: "oxide"	RelError: 3.68242e-02	AbsError: 2.00000e-02
      Equation: "PotentialEquation"	RelError: 3.68242e-02	AbsError: 2.00000e-02
Iteration: 1
  Device: "part1_baseline"	RelError: 6.87079e-01	AbsError: 1.31556e+16
    Region: "bulk"	RelError: 6.85273e-01	AbsError: 1.31556e+16
      Equation: "ElectronContinuityEquation"	RelError: 8.00662e-02	AbsError: 1.31482e+16
      Equation: "HoleContinuityEquation"	RelError: 2.25759e-01	AbsError: 7.42034e+12
      Equation: "PotentialEquation"	RelError: 3.79448e-01	AbsError: 1.00175e-03
    Region: "oxide"	RelError: 1.80603e-03	AbsError: 8.25056e-04
      Equation: "PotentialEquation"	RelError: 1.80603e-03	AbsError: 8.25056e-04
Iteration: 2
  Device: "part1_baseline"	RelError: 4.13702e-03	AbsError: 2.62457e+13
    Region: "bulk"	RelError: 4.12872e-03	AbsError: 2.62457e+13
      Equation: "ElectronContinuityEquation"	RelError: 4.61826e-04	AbsError: 2.62143e+13
      Equation: "HoleContinuityEquation"	RelError: 1.81537e-03	AbsError: 3.13638e+10
      Equation: "PotentialEquation"	RelError: 1.85152e-03	AbsError: 5.36748e-06
    Region: "oxide"	RelError: 8.29110e-06	AbsError: 3.85538e-06
      Equation: "PotentialEquation"	RelError: 8.29110e-06	AbsError: 3.85538e-06
Iteration: 3
  Device: "part1_baseline"	RelError: 2.21845e-07	AbsError: 7.65995e+08
    Region: "bulk"	RelError: 2.21542e-07	AbsError: 7.65995e+08
      Equation: "ElectronContinuityEquation"	RelError: 2.04730e-08	AbsError: 7.65173e+08
      Equation: "HoleContinuityEquation"	RelError: 1.43547e-07	AbsError: 8.22730e+05
      Equation: "PotentialEquation"	RelError: 5.75223e-08	AbsError: 1.95280e-10
    Region: "oxide"	RelError: 3.02610e-10	AbsError: 1.40714e-10
      Equation: "PotentialEquation"	RelError: 3.02610e-10	AbsError: 1.40714e-10
number of equations 7095
Iteration: 0
  Device: "part1_baseline"	RelError: 7.50703e+00	AbsError: 1.57128e+17
    Region: "bulk"	RelError: 7.47151e+00	AbsError: 1.57128e+17
      Equation: "ElectronContinuityEquation"	RelError: 3.31419e-01	AbsError: 1.57060e+17
      Equation: "HoleContinuityEquation"	RelError: 9.00776e-01	AbsError: 6.82862e+13
      Equation: "PotentialEquation"	RelError: 6.23932e+00	AbsError: 1.30191e-02
    Region: "oxide"	RelError: 3.55163e-02	AbsError: 2.00000e-02
      Equation: "PotentialEquation"	RelError: 3.55163e-02	AbsError: 2.00000e-02
Iteration: 1
  Device: "part1_baseline"	RelError: 6.35155e-01	AbsError: 1.41693e+16
    Region: "bulk"	RelError: 6.33380e-01	AbsError: 1.41693e+16
      Equation: "ElectronContinuityEquation"	RelError: 5.97199e-02	AbsError: 1.41626e+16
      Equation: "HoleContinuityEquation"	RelError: 1.78734e-01	AbsError: 6.72069e+12
      Equation: "PotentialEquation"	RelError: 3.94926e-01	AbsError: 9.82619e-04
    Region: "oxide"	RelError: 1.77484e-03	AbsError: 8.36476e-04
      Equation: "PotentialEquation"	RelError: 1.77484e-03	AbsError: 8.36476e-04
Iteration: 2
  Device: "part1_baseline"	RelError: 3.17664e-03	AbsError: 2.91913e+13
    Region: "bulk"	RelError: 3.16830e-03	AbsError: 2.91913e+13
      Equation: "ElectronContinuityEquation"	RelError: 2.93468e-04	AbsError: 2.91641e+13
      Equation: "HoleContinuityEquation"	RelError: 9.67745e-04	AbsError: 2.71219e+10
      Equation: "PotentialEquation"	RelError: 1.90709e-03	AbsError: 5.29284e-06
    Region: "oxide"	RelError: 8.33947e-06	AbsError: 3.95357e-06
      Equation: "PotentialEquation"	RelError: 8.33947e-06	AbsError: 3.95357e-06
Iteration: 3
  Device: "part1_baseline"	RelError: 1.30891e-07	AbsError: 8.63092e+08
    Region: "bulk"	RelError: 1.30598e-07	AbsError: 8.63092e+08
      Equation: "ElectronContinuityEquation"	RelError: 1.27635e-08	AbsError: 8.62426e+08
      Equation: "HoleContinuityEquation"	RelError: 6.02464e-08	AbsError: 6.65782e+05
      Equation: "PotentialEquation"	RelError: 5.75883e-08	AbsError: 1.85801e-10
    Region: "oxide"	RelError: 2.92347e-10	AbsError: 1.38596e-10
      Equation: "PotentialEquation"	RelError: 2.92347e-10	AbsError: 1.38596e-10
number of equations 7095
Iteration: 0
  Device: "part1_baseline"	RelError: 1.77166e+01	AbsError: 1.82738e+17
    Region: "bulk"	RelError: 1.76823e+01	AbsError: 1.82738e+17
      Equation: "ElectronContinuityEquation"	RelError: 3.02244e-01	AbsError: 1.82683e+17
      Equation: "HoleContinuityEquation"	RelError: 7.16406e-01	AbsError: 5.52327e+13
      Equation: "PotentialEquation"	RelError: 1.66636e+01	AbsError: 1.13703e-02
    Region: "oxide"	RelError: 3.42982e-02	AbsError: 2.00000e-02
      Equation: "PotentialEquation"	RelError: 3.42982e-02	AbsError: 2.00000e-02
Iteration: 1
  Device: "part1_baseline"	RelError: 4.54017e+00	AbsError: 1.50702e+16
    Region: "bulk"	RelError: 4.53858e+00	AbsError: 1.50702e+16
      Equation: "ElectronContinuityEquation"	RelError: 4.35943e-02	AbsError: 1.50645e+16
      Equation: "HoleContinuityEquation"	RelError: 1.38438e-01	AbsError: 5.64253e+12
      Equation: "PotentialEquation"	RelError: 4.35655e+00	AbsError: 8.67758e-04
    Region: "oxide"	RelError: 1.59053e-03	AbsError: 7.66430e-04
      Equation: "PotentialEquation"	RelError: 1.59053e-03	AbsError: 7.66430e-04
Iteration: 2
  Device: "part1_baseline"	RelError: 1.34323e-02	AbsError: 2.33745e+13
    Region: "bulk"	RelError: 1.34261e-02	AbsError: 2.33745e+13
      Equation: "ElectronContinuityEquation"	RelError: 1.93548e-04	AbsError: 2.33558e+13
      Equation: "HoleContinuityEquation"	RelError: 5.47137e-04	AbsError: 1.87121e+10
      Equation: "PotentialEquation"	RelError: 1.26854e-02	AbsError: 3.86182e-06
    Region: "oxide"	RelError: 6.16011e-06	AbsError: 2.97067e-06
      Equation: "PotentialEquation"	RelError: 6.16011e-06	AbsError: 2.97067e-06
Iteration: 3
  Device: "part1_baseline"	RelError: 1.99729e-07	AbsError: 4.80452e+08
    Region: "bulk"	RelError: 1.99585e-07	AbsError: 4.80452e+08
      Equation: "ElectronContinuityEquation"	RelError: 5.88794e-09	AbsError: 4.80140e+08
      Equation: "HoleContinuityEquation"	RelError: 1.93353e-08	AbsError: 3.12201e+05
      Equation: "PotentialEquation"	RelError: 1.74361e-07	AbsError: 9.15191e-11
    Region: "oxide"	RelError: 1.44113e-10	AbsError: 6.98403e-11
      Equation: "PotentialEquation"	RelError: 1.44113e-10	AbsError: 6.98403e-11
number of equations 7095
Iteration: 0
  Device: "part1_baseline"	RelError: 1.94219e+00	AbsError: 2.08839e+17
    Region: "bulk"	RelError: 1.90903e+00	AbsError: 2.08839e+17
      Equation: "ElectronContinuityEquation"	RelError: 2.73744e-01	AbsError: 2.08795e+17
      Equation: "HoleContinuityEquation"	RelError: 5.76956e-01	AbsError: 4.43657e+13
      Equation: "PotentialEquation"	RelError: 1.05833e+00	AbsError: 9.87666e-03
    Region: "oxide"	RelError: 3.31608e-02	AbsError: 2.00000e-02
      Equation: "PotentialEquation"	RelError: 3.31608e-02	AbsError: 2.00000e-02
Iteration: 1
  Device: "part1_baseline"	RelError: 2.63656e-01	AbsError: 1.55278e+16
    Region: "bulk"	RelError: 2.62310e-01	AbsError: 1.55278e+16
      Equation: "ElectronContinuityEquation"	RelError: 3.18555e-02	AbsError: 1.55233e+16
      Equation: "HoleContinuityEquation"	RelError: 1.06329e-01	AbsError: 4.51476e+12
      Equation: "PotentialEquation"	RelError: 1.24126e-01	AbsError: 7.19509e-04
    Region: "oxide"	RelError: 1.34588e-03	AbsError: 6.60090e-04
      Equation: "PotentialEquation"	RelError: 1.34588e-03	AbsError: 6.60090e-04
Iteration: 2
  Device: "part1_baseline"	RelError: 8.48797e-04	AbsError: 1.53591e+13
    Region: "bulk"	RelError: 8.44981e-04	AbsError: 1.53591e+13
      Equation: "ElectronContinuityEquation"	RelError: 1.40508e-04	AbsError: 1.53479e+13
      Equation: "HoleContinuityEquation"	RelError: 3.40174e-04	AbsError: 1.12311e+10
      Equation: "PotentialEquation"	RelError: 3.64298e-04	AbsError: 2.37236e-06
    Region: "oxide"	RelError: 3.81667e-06	AbsError: 1.87574e-06
      Equation: "PotentialEquation"	RelError: 3.81667e-06	AbsError: 1.87574e-06
Iteration: 3
  Device: "part1_baseline"	RelError: 1.26154e-08	AbsError: 1.72023e+08
    Region: "bulk"	RelError: 1.25668e-08	AbsError: 1.72023e+08
      Equation: "ElectronContinuityEquation"	RelError: 2.85083e-09	AbsError: 1.71918e+08
      Equation: "HoleContinuityEquation"	RelError: 6.00622e-09	AbsError: 1.04636e+05
      Equation: "PotentialEquation"	RelError: 3.70978e-09	AbsError: 3.08305e-11
    Region: "oxide"	RelError: 4.85292e-11	AbsError: 2.38502e-11
      Equation: "PotentialEquation"	RelError: 4.85292e-11	AbsError: 2.38502e-11
number of equations 7095
Iteration: 0
  Device: "part1_baseline"	RelError: 1.67834e+00	AbsError: 2.34984e+17
    Region: "bulk"	RelError: 1.64625e+00	AbsError: 2.34984e+17
      Equation: "ElectronContinuityEquation"	RelError: 2.47457e-01	AbsError: 2.34949e+17
      Equation: "HoleContinuityEquation"	RelError: 4.73112e-01	AbsError: 3.57069e+13
      Equation: "PotentialEquation"	RelError: 9.25677e-01	AbsError: 8.59696e-03
    Region: "oxide"	RelError: 3.20965e-02	AbsError: 2.00000e-02
      Equation: "PotentialEquation"	RelError: 3.20965e-02	AbsError: 2.00000e-02
Iteration: 1
  Device: "part1_baseline"	RelError: 1.91059e-01	AbsError: 1.55389e+16
    Region: "bulk"	RelError: 1.89950e-01	AbsError: 1.55389e+16
      Equation: "ElectronContinuityEquation"	RelError: 2.35896e-02	AbsError: 1.55353e+16
      Equation: "HoleContinuityEquation"	RelError: 8.19709e-02	AbsError: 3.52531e+12
      Equation: "PotentialEquation"	RelError: 8.43897e-02	AbsError: 5.80545e-04
    Region: "oxide"	RelError: 1.10838e-03	AbsError: 5.51787e-04
      Equation: "PotentialEquation"	RelError: 1.10838e-03	AbsError: 5.51787e-04
Iteration: 2
  Device: "part1_baseline"	RelError: 5.15038e-04	AbsError: 1.08062e+13
    Region: "bulk"	RelError: 5.12875e-04	AbsError: 1.08062e+13
      Equation: "ElectronContinuityEquation"	RelError: 9.42253e-05	AbsError: 1.07999e+13
      Equation: "HoleContinuityEquation"	RelError: 2.30111e-04	AbsError: 6.29275e+09
      Equation: "PotentialEquation"	RelError: 1.88539e-04	AbsError: 1.32896e-06
    Region: "oxide"	RelError: 2.16289e-06	AbsError: 1.08038e-06
      Equation: "PotentialEquation"	RelError: 2.16289e-06	AbsError: 1.08038e-06
Iteration: 3
  Device: "part1_baseline"	RelError: 4.21137e-09	AbsError: 5.26911e+07
    Region: "bulk"	RelError: 4.19771e-09	AbsError: 5.26911e+07
      Equation: "ElectronContinuityEquation"	RelError: 1.15001e-09	AbsError: 5.26616e+07
      Equation: "HoleContinuityEquation"	RelError: 2.00920e-09	AbsError: 2.94662e+04
      Equation: "PotentialEquation"	RelError: 1.03850e-09	AbsError: 8.69498e-12
    Region: "oxide"	RelError: 1.36570e-11	AbsError: 6.82175e-12
      Equation: "PotentialEquation"	RelError: 1.36570e-11	AbsError: 6.82175e-12
number of equations 7095
Iteration: 0
  Device: "part1_baseline"	RelError: 2.83574e+00	AbsError: 2.60784e+17
    Region: "bulk"	RelError: 2.80465e+00	AbsError: 2.60784e+17
      Equation: "ElectronContinuityEquation"	RelError: 2.24035e-01	AbsError: 2.60755e+17
      Equation: "HoleContinuityEquation"	RelError: 3.95295e-01	AbsError: 2.89544e+13
      Equation: "PotentialEquation"	RelError: 2.18532e+00	AbsError: 7.52880e-03
    Region: "oxide"	RelError: 3.10983e-02	AbsError: 2.00000e-02
      Equation: "PotentialEquation"	RelError: 3.10983e-02	AbsError: 2.00000e-02
Iteration: 1
  Device: "part1_baseline"	RelError: 2.55092e-01	AbsError: 1.52398e+16
    Region: "bulk"	RelError: 2.54186e-01	AbsError: 1.52398e+16
      Equation: "ElectronContinuityEquation"	RelError: 1.77447e-02	AbsError: 1.52371e+16
      Equation: "HoleContinuityEquation"	RelError: 6.38929e-02	AbsError: 2.73073e+12
      Equation: "PotentialEquation"	RelError: 1.72549e-01	AbsError: 4.68722e-04
    Region: "oxide"	RelError: 9.05911e-04	AbsError: 4.56994e-04
      Equation: "PotentialEquation"	RelError: 9.05911e-04	AbsError: 4.56994e-04
Iteration: 2
  Device: "part1_baseline"	RelError: 5.01117e-04	AbsError: 8.31888e+12
    Region: "bulk"	RelError: 4.99929e-04	AbsError: 8.31888e+12
      Equation: "ElectronContinuityEquation"	RelError: 6.13120e-05	AbsError: 8.31543e+12
      Equation: "HoleContinuityEquation"	RelError: 1.65078e-04	AbsError: 3.45446e+09
      Equation: "PotentialEquation"	RelError: 2.73540e-04	AbsError: 7.18333e-07
    Region: "oxide"	RelError: 1.18797e-06	AbsError: 6.01800e-07
      Equation: "PotentialEquation"	RelError: 1.18797e-06	AbsError: 6.01800e-07
Iteration: 3
  Device: "part1_baseline"	RelError: 1.89577e-09	AbsError: 1.57522e+07
    Region: "bulk"	RelError: 1.89219e-09	AbsError: 1.57522e+07
      Equation: "ElectronContinuityEquation"	RelError: 4.32958e-10	AbsError: 1.57445e+07
      Equation: "HoleContinuityEquation"	RelError: 7.31906e-10	AbsError: 7.72656e+03
      Equation: "PotentialEquation"	RelError: 7.27331e-10	AbsError: 2.27411e-12
    Region: "oxide"	RelError: 3.57933e-12	AbsError: 1.81321e-12
      Equation: "PotentialEquation"	RelError: 3.57933e-12	AbsError: 1.81321e-12
number of equations 7095
Iteration: 0
  Device: "part1_baseline"	RelError: 3.66108e+00	AbsError: 2.85923e+17
    Region: "bulk"	RelError: 3.63092e+00	AbsError: 2.85923e+17
      Equation: "ElectronContinuityEquation"	RelError: 2.03437e-01	AbsError: 2.85899e+17
      Equation: "HoleContinuityEquation"	RelError: 3.35990e-01	AbsError: 2.37218e+13
      Equation: "PotentialEquation"	RelError: 3.09149e+00	AbsError: 6.64375e-03
    Region: "oxide"	RelError: 3.01604e-02	AbsError: 2.00000e-02
      Equation: "PotentialEquation"	RelError: 3.01604e-02	AbsError: 2.00000e-02
Iteration: 1
  Device: "part1_baseline"	RelError: 4.53541e-01	AbsError: 1.47424e+16
    Region: "bulk"	RelError: 4.52798e-01	AbsError: 1.47424e+16
      Equation: "ElectronContinuityEquation"	RelError: 1.35528e-02	AbsError: 1.47403e+16
      Equation: "HoleContinuityEquation"	RelError: 5.05021e-02	AbsError: 2.11908e+12
      Equation: "PotentialEquation"	RelError: 3.88744e-01	AbsError: 3.79302e-04
    Region: "oxide"	RelError: 7.42676e-04	AbsError: 3.79302e-04
      Equation: "PotentialEquation"	RelError: 7.42676e-04	AbsError: 3.79302e-04
Iteration: 2
  Device: "part1_baseline"	RelError: 6.00356e-04	AbsError: 6.54137e+12
    Region: "bulk"	RelError: 5.99699e-04	AbsError: 6.54137e+12
      Equation: "ElectronContinuityEquation"	RelError: 3.97469e-05	AbsError: 6.53945e+12
      Equation: "HoleContinuityEquation"	RelError: 1.20410e-04	AbsError: 1.91682e+09
      Equation: "PotentialEquation"	RelError: 4.39542e-04	AbsError: 3.87866e-07
    Region: "oxide"	RelError: 6.56587e-07	AbsError: 3.35334e-07
      Equation: "PotentialEquation"	RelError: 6.56587e-07	AbsError: 3.35334e-07
Iteration: 3
  Device: "part1_baseline"	RelError: 1.04137e-09	AbsError: 5.14556e+06
    Region: "bulk"	RelError: 1.04043e-09	AbsError: 5.14556e+06
      Equation: "ElectronContinuityEquation"	RelError: 1.60984e-10	AbsError: 5.14357e+06
      Equation: "HoleContinuityEquation"	RelError: 3.23470e-10	AbsError: 1.99477e+03
      Equation: "PotentialEquation"	RelError: 5.55975e-10	AbsError: 5.88379e-13
    Region: "oxide"	RelError: 9.35930e-13	AbsError: 4.79987e-13
      Equation: "PotentialEquation"	RelError: 9.35930e-13	AbsError: 4.79987e-13
number of equations 7095
Iteration: 0
  Device: "part1_baseline"	RelError: 4.54935e+00	AbsError: 3.10161e+17
    Region: "bulk"	RelError: 4.52007e+00	AbsError: 3.10161e+17
      Equation: "ElectronContinuityEquation"	RelError: 1.85409e-01	AbsError: 3.10141e+17
      Equation: "HoleContinuityEquation"	RelError: 2.89873e-01	AbsError: 1.96561e+13
      Equation: "PotentialEquation"	RelError: 4.04479e+00	AbsError: 5.90851e-03
    Region: "oxide"	RelError: 2.92774e-02	AbsError: 2.00000e-02
      Equation: "PotentialEquation"	RelError: 2.92774e-02	AbsError: 2.00000e-02
Iteration: 1
  Device: "part1_baseline"	RelError: 3.09581e-01	AbsError: 1.41271e+16
    Region: "bulk"	RelError: 3.08967e-01	AbsError: 1.41271e+16
      Equation: "ElectronContinuityEquation"	RelError: 1.05155e-02	AbsError: 1.41254e+16
      Equation: "HoleContinuityEquation"	RelError: 4.04986e-02	AbsError: 1.65614e+12
      Equation: "PotentialEquation"	RelError: 2.57953e-01	AbsError: 3.16848e-04
    Region: "oxide"	RelError: 6.13672e-04	AbsError: 3.16848e-04
      Equation: "PotentialEquation"	RelError: 6.13672e-04	AbsError: 3.16848e-04
Iteration: 2
  Device: "part1_baseline"	RelError: 3.37202e-04	AbsError: 5.23821e+12
    Region: "bulk"	RelError: 3.36833e-04	AbsError: 5.23821e+12
      Equation: "ElectronContinuityEquation"	RelError: 2.60199e-05	AbsError: 5.23712e+12
      Equation: "HoleContinuityEquation"	RelError: 9.60315e-05	AbsError: 1.09592e+09
      Equation: "PotentialEquation"	RelError: 2.14782e-04	AbsError: 2.13852e-07
    Region: "oxide"	RelError: 3.69316e-07	AbsError: 1.90683e-07
      Equation: "PotentialEquation"	RelError: 3.69316e-07	AbsError: 1.90683e-07
Iteration: 3
  Device: "part1_baseline"	RelError: 3.38151e-10	AbsError: 1.92345e+06
    Region: "bulk"	RelError: 3.37898e-10	AbsError: 1.92345e+06
      Equation: "ElectronContinuityEquation"	RelError: 6.12262e-11	AbsError: 1.92293e+06
      Equation: "HoleContinuityEquation"	RelError: 1.48697e-10	AbsError: 5.20981e+02
      Equation: "PotentialEquation"	RelError: 1.27975e-10	AbsError: 1.55387e-13
    Region: "oxide"	RelError: 2.53854e-13	AbsError: 1.31168e-13
      Equation: "PotentialEquation"	RelError: 2.53854e-13	AbsError: 1.31168e-13
number of equations 7095
Iteration: 0
  Device: "part1_baseline"	RelError: 2.12962e+00	AbsError: 3.33330e+17
    Region: "bulk"	RelError: 2.10118e+00	AbsError: 3.33330e+17
      Equation: "ElectronContinuityEquation"	RelError: 1.69629e-01	AbsError: 3.33314e+17
      Equation: "HoleContinuityEquation"	RelError: 2.54341e-01	AbsError: 1.64732e+13
      Equation: "PotentialEquation"	RelError: 1.67721e+00	AbsError: 5.29339e-03
    Region: "oxide"	RelError: 2.84446e-02	AbsError: 2.00000e-02
      Equation: "PotentialEquation"	RelError: 2.84446e-02	AbsError: 2.00000e-02
Iteration: 1
  Device: "part1_baseline"	RelError: 1.97386e-01	AbsError: 1.34351e+16
    Region: "bulk"	RelError: 1.96874e-01	AbsError: 1.34351e+16
      Equation: "ElectronContinuityEquation"	RelError: 8.26459e-03	AbsError: 1.34338e+16
      Equation: "HoleContinuityEquation"	RelError: 3.29267e-02	AbsError: 1.30690e+12
      Equation: "PotentialEquation"	RelError: 1.55683e-01	AbsError: 2.66902e-04
    Region: "oxide"	RelError: 5.11953e-04	AbsError: 2.66902e-04
      Equation: "PotentialEquation"	RelError: 5.11953e-04	AbsError: 2.66902e-04
Iteration: 2
  Device: "part1_baseline"	RelError: 1.89642e-04	AbsError: 4.22681e+12
    Region: "bulk"	RelError: 1.89429e-04	AbsError: 4.22681e+12
      Equation: "ElectronContinuityEquation"	RelError: 1.73108e-05	AbsError: 4.22615e+12
      Equation: "HoleContinuityEquation"	RelError: 7.48986e-05	AbsError: 6.52654e+08
      Equation: "PotentialEquation"	RelError: 9.72193e-05	AbsError: 1.21959e-07
    Region: "oxide"	RelError: 2.13114e-07	AbsError: 1.11105e-07
      Equation: "PotentialEquation"	RelError: 2.13114e-07	AbsError: 1.11105e-07
Iteration: 3
  Device: "part1_baseline"	RelError: 1.22834e-10	AbsError: 8.07744e+05
    Region: "bulk"	RelError: 1.22761e-10	AbsError: 8.07744e+05
      Equation: "ElectronContinuityEquation"	RelError: 2.42337e-11	AbsError: 8.07602e+05
      Equation: "HoleContinuityEquation"	RelError: 7.09130e-11	AbsError: 1.41904e+02
      Equation: "PotentialEquation"	RelError: 2.76147e-11	AbsError: 4.27120e-14
    Region: "oxide"	RelError: 7.27847e-14	AbsError: 3.79456e-14
      Equation: "PotentialEquation"	RelError: 7.27847e-14	AbsError: 3.79456e-14
number of equations 7095
Iteration: 0
  Device: "part1_baseline"	RelError: 3.95030e+00	AbsError: 3.55326e+17
    Region: "bulk"	RelError: 3.92264e+00	AbsError: 3.55326e+17
      Equation: "ElectronContinuityEquation"	RelError: 1.55782e-01	AbsError: 3.55312e+17
      Equation: "HoleContinuityEquation"	RelError: 2.25824e-01	AbsError: 1.39569e+13
      Equation: "PotentialEquation"	RelError: 3.54103e+00	AbsError: 4.77433e-03
    Region: "oxide"	RelError: 2.76579e-02	AbsError: 2.00000e-02
      Equation: "PotentialEquation"	RelError: 2.76579e-02	AbsError: 2.00000e-02
Iteration: 1
  Device: "part1_baseline"	RelError: 2.32398e-01	AbsError: 1.27028e+16
    Region: "bulk"	RelError: 2.31967e-01	AbsError: 1.27028e+16
      Equation: "ElectronContinuityEquation"	RelError: 6.56133e-03	AbsError: 1.27018e+16
      Equation: "HoleContinuityEquation"	RelError: 2.71949e-02	AbsError: 1.04234e+12
      Equation: "PotentialEquation"	RelError: 1.98210e-01	AbsError: 2.26797e-04
    Region: "oxide"	RelError: 4.31267e-04	AbsError: 2.26797e-04
      Equation: "PotentialEquation"	RelError: 4.31267e-04	AbsError: 2.26797e-04
Iteration: 2
  Device: "part1_baseline"	RelError: 1.51161e-04	AbsError: 3.42538e+12
    Region: "bulk"	RelError: 1.51034e-04	AbsError: 3.42538e+12
      Equation: "ElectronContinuityEquation"	RelError: 1.17338e-05	AbsError: 3.42497e+12
      Equation: "HoleContinuityEquation"	RelError: 5.80715e-05	AbsError: 4.07636e+08
      Equation: "PotentialEquation"	RelError: 8.12292e-05	AbsError: 7.24470e-08
    Region: "oxide"	RelError: 1.26696e-07	AbsError: 6.66276e-08
      Equation: "PotentialEquation"	RelError: 1.26696e-07	AbsError: 6.66276e-08
Iteration: 3
  Device: "part1_baseline"	RelError: 5.22073e-11	AbsError: 3.63027e+05
    Region: "bulk"	RelError: 5.21853e-11	AbsError: 3.63027e+05
      Equation: "ElectronContinuityEquation"	RelError: 1.01111e-11	AbsError: 3.62981e+05
      Equation: "HoleContinuityEquation"	RelError: 3.49946e-11	AbsError: 4.52171e+01
      Equation: "PotentialEquation"	RelError: 7.07960e-12	AbsError: 1.20673e-14
    Region: "oxide"	RelError: 2.20166e-14	AbsError: 1.15782e-14
      Equation: "PotentialEquation"	RelError: 2.20166e-14	AbsError: 1.15782e-14
number of equations 7095
Iteration: 0
  Device: "part1_baseline"	RelError: 2.43436e+00	AbsError: 3.76094e+17
    Region: "bulk"	RelError: 2.40745e+00	AbsError: 3.76094e+17
      Equation: "ElectronContinuityEquation"	RelError: 1.43587e-01	AbsError: 3.76082e+17
      Equation: "HoleContinuityEquation"	RelError: 2.02094e-01	AbsError: 1.19463e+13
      Equation: "PotentialEquation"	RelError: 2.06177e+00	AbsError: 4.33248e-03
    Region: "oxide"	RelError: 2.69135e-02	AbsError: 2.00000e-02
      Equation: "PotentialEquation"	RelError: 2.69135e-02	AbsError: 2.00000e-02
Iteration: 1
  Device: "part1_baseline"	RelError: 1.88611e-01	AbsError: 1.19565e+16
    Region: "bulk"	RelError: 1.88244e-01	AbsError: 1.19565e+16
      Equation: "ElectronContinuityEquation"	RelError: 5.26985e-03	AbsError: 1.19557e+16
      Equation: "HoleContinuityEquation"	RelError: 2.28171e-02	AbsError: 8.40373e+11
      Equation: "PotentialEquation"	RelError: 1.60157e-01	AbsError: 1.94364e-04
    Region: "oxide"	RelError: 3.66657e-04	AbsError: 1.94364e-04
      Equation: "PotentialEquation"	RelError: 3.66657e-04	AbsError: 1.94364e-04
Iteration: 2
  Device: "part1_baseline"	RelError: 1.06744e-04	AbsError: 2.90394e+12
    Region: "bulk"	RelError: 1.06666e-04	AbsError: 2.90394e+12
      Equation: "ElectronContinuityEquation"	RelError: 8.10785e-06	AbsError: 2.90368e+12
      Equation: "HoleContinuityEquation"	RelError: 4.50552e-05	AbsError: 2.67752e+08
      Equation: "PotentialEquation"	RelError: 5.35028e-05	AbsError: 4.53916e-08
    Region: "oxide"	RelError: 7.77494e-08	AbsError: 4.12089e-08
      Equation: "PotentialEquation"	RelError: 7.77494e-08	AbsError: 4.12089e-08
Iteration: 3
  Device: "part1_baseline"	RelError: 2.51155e-11	AbsError: 1.66767e+05
    Region: "bulk"	RelError: 2.51085e-11	AbsError: 1.66767e+05
      Equation: "ElectronContinuityEquation"	RelError: 4.46799e-12	AbsError: 1.66750e+05
      Equation: "HoleContinuityEquation"	RelError: 1.78643e-11	AbsError: 1.63758e+01
      Equation: "PotentialEquation"	RelError: 2.77615e-12	AbsError: 3.71612e-15
    Region: "oxide"	RelError: 7.01126e-15	AbsError: 3.71612e-15
      Equation: "PotentialEquation"	RelError: 7.01126e-15	AbsError: 3.71612e-15
number of equations 7095
Iteration: 0
  Device: "part1_baseline"	RelError: 1.44374e+00	AbsError: 3.95623e+17
    Region: "bulk"	RelError: 1.41753e+00	AbsError: 3.95623e+17
      Equation: "ElectronContinuityEquation"	RelError: 1.32807e-01	AbsError: 3.95612e+17
      Equation: "HoleContinuityEquation"	RelError: 1.82223e-01	AbsError: 1.03224e+13
      Equation: "PotentialEquation"	RelError: 1.10250e+00	AbsError: 3.95324e-03
    Region: "oxide"	RelError: 2.62082e-02	AbsError: 2.00000e-02
      Equation: "PotentialEquation"	RelError: 2.62082e-02	AbsError: 2.00000e-02
Iteration: 1
  Device: "part1_baseline"	RelError: 9.26851e-02	AbsError: 1.12151e+16
    Region: "bulk"	RelError: 9.23708e-02	AbsError: 1.12151e+16
      Equation: "ElectronContinuityEquation"	RelError: 4.26877e-03	AbsError: 1.12144e+16
      Equation: "HoleContinuityEquation"	RelError: 1.93105e-02	AbsError: 6.84704e+11
      Equation: "PotentialEquation"	RelError: 6.87915e-02	AbsError: 1.67893e-04
    Region: "oxide"	RelError: 3.14378e-04	AbsError: 1.67893e-04
      Equation: "PotentialEquation"	RelError: 3.14378e-04	AbsError: 1.67893e-04
Iteration: 2
  Device: "part1_baseline"	RelError: 6.17421e-05	AbsError: 2.50513e+12
    Region: "bulk"	RelError: 6.16928e-05	AbsError: 2.50513e+12
      Equation: "ElectronContinuityEquation"	RelError: 5.70852e-06	AbsError: 2.50494e+12
      Equation: "HoleContinuityEquation"	RelError: 3.49828e-05	AbsError: 1.84770e+08
      Equation: "PotentialEquation"	RelError: 2.10015e-05	AbsError: 2.99081e-08
    Region: "oxide"	RelError: 4.92928e-08	AbsError: 2.63128e-08
      Equation: "PotentialEquation"	RelError: 4.92928e-08	AbsError: 2.63128e-08
Iteration: 3
  Device: "part1_baseline"	RelError: 1.31705e-11	AbsError: 9.02521e+04
    Region: "bulk"	RelError: 1.31682e-11	AbsError: 9.02521e+04
      Equation: "ElectronContinuityEquation"	RelError: 2.08826e-12	AbsError: 9.02450e+04
      Equation: "HoleContinuityEquation"	RelError: 1.02497e-11	AbsError: 7.02668e+00
      Equation: "PotentialEquation"	RelError: 8.30201e-13	AbsError: 2.25761e-15
    Region: "oxide"	RelError: 2.33757e-15	AbsError: 1.29471e-15
      Equation: "PotentialEquation"	RelError: 2.33757e-15	AbsError: 1.29471e-15
number of equations 7095
Iteration: 0
  Device: "part1_baseline"	RelError: 8.70866e+00	AbsError: 4.13928e+17
    Region: "bulk"	RelError: 8.68312e+00	AbsError: 4.13928e+17
      Equation: "ElectronContinuityEquation"	RelError: 1.23284e-01	AbsError: 4.13919e+17
      Equation: "HoleContinuityEquation"	RelError: 1.65712e-01	AbsError: 8.99708e+12
      Equation: "PotentialEquation"	RelError: 8.39412e+00	AbsError: 3.62524e-03
    Region: "oxide"	RelError: 2.55388e-02	AbsError: 2.00000e-02
      Equation: "PotentialEquation"	RelError: 2.55388e-02	AbsError: 2.00000e-02
Iteration: 1
  Device: "part1_baseline"	RelError: 3.67170e-01	AbsError: 1.04894e+16
    Region: "bulk"	RelError: 3.66898e-01	AbsError: 1.04894e+16
      Equation: "ElectronContinuityEquation"	RelError: 3.48447e-03	AbsError: 1.04889e+16
      Equation: "HoleContinuityEquation"	RelError: 1.64748e-02	AbsError: 5.63495e+11
      Equation: "PotentialEquation"	RelError: 3.46939e-01	AbsError: 1.46056e-04
    Region: "oxide"	RelError: 2.71640e-04	AbsError: 1.46056e-04
      Equation: "PotentialEquation"	RelError: 2.71640e-04	AbsError: 1.46056e-04
Iteration: 2
  Device: "part1_baseline"	RelError: 1.21879e-04	AbsError: 2.13013e+12
    Region: "bulk"	RelError: 1.21847e-04	AbsError: 2.13013e+12
      Equation: "ElectronContinuityEquation"	RelError: 4.09162e-06	AbsError: 2.12999e+12
      Equation: "HoleContinuityEquation"	RelError: 2.72529e-05	AbsError: 1.33421e+08
      Equation: "PotentialEquation"	RelError: 9.05021e-05	AbsError: 2.15955e-08
    Region: "oxide"	RelError: 3.22960e-08	AbsError: 1.73522e-08
      Equation: "PotentialEquation"	RelError: 3.22960e-08	AbsError: 1.73522e-08
Iteration: 3
  Device: "part1_baseline"	RelError: 9.69338e-12	AbsError: 5.68456e+04
    Region: "bulk"	RelError: 9.69188e-12	AbsError: 5.68456e+04
      Equation: "ElectronContinuityEquation"	RelError: 1.03172e-12	AbsError: 5.68420e+04
      Equation: "HoleContinuityEquation"	RelError: 6.34551e-12	AbsError: 3.59832e+00
      Equation: "PotentialEquation"	RelError: 2.31465e-12	AbsError: 1.48777e-15
    Region: "oxide"	RelError: 1.49815e-15	AbsError: 8.34446e-16
      Equation: "PotentialEquation"	RelError: 1.49815e-15	AbsError: 8.34446e-16
number of equations 7095
Iteration: 0
  Device: "part1_baseline"	RelError: 1.55365e+00	AbsError: 4.31049e+17
    Region: "bulk"	RelError: 1.52874e+00	AbsError: 4.31049e+17
      Equation: "ElectronContinuityEquation"	RelError: 1.14810e-01	AbsError: 4.31041e+17
      Equation: "HoleContinuityEquation"	RelError: 1.51456e-01	AbsError: 7.90464e+12
      Equation: "PotentialEquation"	RelError: 1.26248e+00	AbsError: 3.33958e-03
    Region: "oxide"	RelError: 2.49028e-02	AbsError: 2.00000e-02
      Equation: "PotentialEquation"	RelError: 2.49028e-02	AbsError: 2.00000e-02
Iteration: 1
  Device: "part1_baseline"	RelError: 9.90497e-02	AbsError: 9.78895e+15
    Region: "bulk"	RelError: 9.88134e-02	AbsError: 9.78895e+15
      Equation: "ElectronContinuityEquation"	RelError: 2.87116e-03	AbsError: 9.78848e+15
      Equation: "HoleContinuityEquation"	RelError: 1.41827e-02	AbsError: 4.68146e+11
      Equation: "PotentialEquation"	RelError: 8.17595e-02	AbsError: 1.27879e-04
    Region: "oxide"	RelError: 2.36362e-04	AbsError: 1.27879e-04
      Equation: "PotentialEquation"	RelError: 2.36362e-04	AbsError: 1.27879e-04
Iteration: 2
  Device: "part1_baseline"	RelError: 4.31289e-05	AbsError: 1.79343e+12
    Region: "bulk"	RelError: 4.31071e-05	AbsError: 1.79343e+12
      Equation: "ElectronContinuityEquation"	RelError: 2.98224e-06	AbsError: 1.79333e+12
      Equation: "HoleContinuityEquation"	RelError: 2.13352e-05	AbsError: 1.00216e+08
      Equation: "PotentialEquation"	RelError: 1.87897e-05	AbsError: 1.69830e-08
    Region: "oxide"	RelError: 2.18655e-08	AbsError: 1.18182e-08
      Equation: "PotentialEquation"	RelError: 2.18655e-08	AbsError: 1.18182e-08
Iteration: 3
  Device: "part1_baseline"	RelError: 4.84216e-12	AbsError: 3.49364e+04
    Region: "bulk"	RelError: 4.84121e-12	AbsError: 3.49364e+04
      Equation: "ElectronContinuityEquation"	RelError: 5.37695e-13	AbsError: 3.49343e+04
      Equation: "HoleContinuityEquation"	RelError: 3.94366e-12	AbsError: 2.12253e+00
      Equation: "PotentialEquation"	RelError: 3.59852e-13	AbsError: 9.94231e-16
    Region: "oxide"	RelError: 9.47748e-16	AbsError: 5.30636e-16
      Equation: "PotentialEquation"	RelError: 9.47748e-16	AbsError: 5.30636e-16
number of equations 7095
Iteration: 0
  Device: "part1_baseline"	RelError: 1.15642e+00	AbsError: 4.47038e+17
    Region: "bulk"	RelError: 1.13212e+00	AbsError: 4.47038e+17
      Equation: "ElectronContinuityEquation"	RelError: 1.07224e-01	AbsError: 4.47031e+17
      Equation: "HoleContinuityEquation"	RelError: 1.39072e-01	AbsError: 6.99570e+12
      Equation: "PotentialEquation"	RelError: 8.85827e-01	AbsError: 3.08922e-03
    Region: "oxide"	RelError: 2.42978e-02	AbsError: 2.00000e-02
      Equation: "PotentialEquation"	RelError: 2.42978e-02	AbsError: 2.00000e-02
Iteration: 1
  Device: "part1_baseline"	RelError: 6.37253e-02	AbsError: 9.12298e+15
    Region: "bulk"	RelError: 6.35184e-02	AbsError: 9.12298e+15
      Equation: "ElectronContinuityEquation"	RelError: 2.38185e-03	AbsError: 9.12258e+15
      Equation: "HoleContinuityEquation"	RelError: 1.23175e-02	AbsError: 3.92387e+11
      Equation: "PotentialEquation"	RelError: 4.88190e-02	AbsError: 1.12624e-04
    Region: "oxide"	RelError: 2.06983e-04	AbsError: 1.12624e-04
      Equation: "PotentialEquation"	RelError: 2.06983e-04	AbsError: 1.12624e-04
Iteration: 2
  Device: "part1_baseline"	RelError: 3.16261e-05	AbsError: 1.50032e+12
    Region: "bulk"	RelError: 3.16108e-05	AbsError: 1.50032e+12
      Equation: "ElectronContinuityEquation"	RelError: 2.20785e-06	AbsError: 1.50025e+12
      Equation: "HoleContinuityEquation"	RelError: 1.67999e-05	AbsError: 7.77842e+07
      Equation: "PotentialEquation"	RelError: 1.26030e-05	AbsError: 1.36100e-08
    Region: "oxide"	RelError: 1.52905e-08	AbsError: 8.30997e-09
      Equation: "PotentialEquation"	RelError: 1.52905e-08	AbsError: 8.30997e-09
Iteration: 3
  Device: "part1_baseline"	RelError: 3.08104e-12	AbsError: 2.10735e+04
    Region: "bulk"	RelError: 3.08044e-12	AbsError: 2.10735e+04
      Equation: "ElectronContinuityEquation"	RelError: 2.96727e-13	AbsError: 2.10722e+04
      Equation: "HoleContinuityEquation"	RelError: 2.46681e-12	AbsError: 1.36534e+00
      Equation: "PotentialEquation"	RelError: 3.16910e-13	AbsError: 6.67562e-16
    Region: "oxide"	RelError: 5.93963e-16	AbsError: 3.34172e-16
      Equation: "PotentialEquation"	RelError: 5.93963e-16	AbsError: 3.34172e-16
number of equations 7095
Iteration: 0
  Device: "part1_baseline"	RelError: 3.21627e+00	AbsError: 4.61957e+17
    Region: "bulk"	RelError: 3.19255e+00	AbsError: 4.61957e+17
      Equation: "ElectronContinuityEquation"	RelError: 1.00411e-01	AbsError: 4.61951e+17
      Equation: "HoleContinuityEquation"	RelError: 1.28251e-01	AbsError: 6.23280e+12
      Equation: "PotentialEquation"	RelError: 2.96389e+00	AbsError: 2.86853e-03
    Region: "oxide"	RelError: 2.37214e-02	AbsError: 2.00000e-02
      Equation: "PotentialEquation"	RelError: 2.37214e-02	AbsError: 2.00000e-02
Iteration: 1
  Device: "part1_baseline"	RelError: 1.53163e-01	AbsError: 8.48916e+15
    Region: "bulk"	RelError: 1.52980e-01	AbsError: 8.48916e+15
      Equation: "ElectronContinuityEquation"	RelError: 1.98875e-03	AbsError: 8.48883e+15
      Equation: "HoleContinuityEquation"	RelError: 1.07594e-02	AbsError: 3.31612e+11
      Equation: "PotentialEquation"	RelError: 1.40232e-01	AbsError: 9.97259e-05
    Region: "oxide"	RelError: 1.82318e-04	AbsError: 9.97259e-05
      Equation: "PotentialEquation"	RelError: 1.82318e-04	AbsError: 9.97259e-05
Iteration: 2
  Device: "part1_baseline"	RelError: 4.88888e-05	AbsError: 1.25049e+12
    Region: "bulk"	RelError: 4.88777e-05	AbsError: 1.25049e+12
      Equation: "ElectronContinuityEquation"	RelError: 1.65841e-06	AbsError: 1.25043e+12
      Equation: "HoleContinuityEquation"	RelError: 1.33130e-05	AbsError: 6.19907e+07
      Equation: "PotentialEquation"	RelError: 3.39063e-05	AbsError: 1.10551e-08
    Region: "oxide"	RelError: 1.10345e-08	AbsError: 6.02747e-09
      Equation: "PotentialEquation"	RelError: 1.10345e-08	AbsError: 6.02747e-09
Iteration: 3
  Device: "part1_baseline"	RelError: 2.45890e-12	AbsError: 1.25291e+04
    Region: "bulk"	RelError: 2.45853e-12	AbsError: 1.25291e+04
      Equation: "ElectronContinuityEquation"	RelError: 1.72781e-13	AbsError: 1.25282e+04
      Equation: "HoleContinuityEquation"	RelError: 1.55586e-12	AbsError: 9.19121e-01
      Equation: "PotentialEquation"	RelError: 7.29898e-13	AbsError: 4.49359e-16
    Region: "oxide"	RelError: 3.69946e-16	AbsError: 2.09082e-16
      Equation: "PotentialEquation"	RelError: 3.69946e-16	AbsError: 2.09082e-16
number of equations 7095
Iteration: 0
  Device: "part1_baseline"	RelError: 2.02022e+00	AbsError: 4.75872e+17
    Region: "bulk"	RelError: 1.99704e+00	AbsError: 4.75872e+17
      Equation: "ElectronContinuityEquation"	RelError: 9.42741e-02	AbsError: 4.75866e+17
      Equation: "HoleContinuityEquation"	RelError: 1.18745e-01	AbsError: 5.58724e+12
      Equation: "PotentialEquation"	RelError: 1.78403e+00	AbsError: 2.67294e-03
    Region: "oxide"	RelError: 2.31717e-02	AbsError: 2.00000e-02
      Equation: "PotentialEquation"	RelError: 2.31717e-02	AbsError: 2.00000e-02
Iteration: 1
  Device: "part1_baseline"	RelError: 1.14307e-01	AbsError: 7.89241e+15
    Region: "bulk"	RelError: 1.14146e-01	AbsError: 7.89241e+15
      Equation: "ElectronContinuityEquation"	RelError: 1.67097e-03	AbsError: 7.89213e+15
      Equation: "HoleContinuityEquation"	RelError: 9.45002e-03	AbsError: 2.82412e+11
      Equation: "PotentialEquation"	RelError: 1.03025e-01	AbsError: 8.87452e-05
    Region: "oxide"	RelError: 1.61458e-04	AbsError: 8.87452e-05
      Equation: "PotentialEquation"	RelError: 1.61458e-04	AbsError: 8.87452e-05
Iteration: 2
  Device: "part1_baseline"	RelError: 3.55108e-05	AbsError: 1.04061e+12
    Region: "bulk"	RelError: 3.55026e-05	AbsError: 1.04061e+12
      Equation: "ElectronContinuityEquation"	RelError: 1.26256e-06	AbsError: 1.04056e+12
      Equation: "HoleContinuityEquation"	RelError: 1.06197e-05	AbsError: 5.04489e+07
      Equation: "PotentialEquation"	RelError: 2.36203e-05	AbsError: 9.07956e-09
    Region: "oxide"	RelError: 8.20620e-09	AbsError: 4.50376e-09
      Equation: "PotentialEquation"	RelError: 8.20620e-09	AbsError: 4.50376e-09
Iteration: 3
  Device: "part1_baseline"	RelError: 1.52866e-12	AbsError: 7.36372e+03
    Region: "bulk"	RelError: 1.52843e-12	AbsError: 7.36372e+03
      Equation: "ElectronContinuityEquation"	RelError: 1.04537e-13	AbsError: 7.36308e+03
      Equation: "HoleContinuityEquation"	RelError: 9.90694e-13	AbsError: 6.33302e-01
      Equation: "PotentialEquation"	RelError: 4.33197e-13	AbsError: 3.03300e-16
    Region: "oxide"	RelError: 2.29595e-16	AbsError: 1.30310e-16
      Equation: "PotentialEquation"	RelError: 2.29595e-16	AbsError: 1.30310e-16
number of equations 7095
Iteration: 0
  Device: "part1_baseline"	RelError: 1.90919e+01	AbsError: 4.88849e+17
    Region: "bulk"	RelError: 1.90693e+01	AbsError: 4.88849e+17
      Equation: "ElectronContinuityEquation"	RelError: 8.87280e-02	AbsError: 4.88844e+17
      Equation: "HoleContinuityEquation"	RelError: 1.10349e-01	AbsError: 5.03679e+12
      Equation: "PotentialEquation"	RelError: 1.88702e+01	AbsError: 2.49884e-03
    Region: "oxide"	RelError: 2.26469e-02	AbsError: 2.00000e-02
      Equation: "PotentialEquation"	RelError: 2.26469e-02	AbsError: 2.00000e-02
Iteration: 1
  Device: "part1_baseline"	RelError: 4.78617e-01	AbsError: 7.33501e+15
    Region: "bulk"	RelError: 4.78473e-01	AbsError: 7.33501e+15
      Equation: "ElectronContinuityEquation"	RelError: 1.41385e-03	AbsError: 7.33477e+15
      Equation: "HoleContinuityEquation"	RelError: 8.34311e-03	AbsError: 2.42238e+11
      Equation: "PotentialEquation"	RelError: 4.68716e-01	AbsError: 7.93386e-05
    Region: "oxide"	RelError: 1.43704e-04	AbsError: 7.93386e-05
      Equation: "PotentialEquation"	RelError: 1.43704e-04	AbsError: 7.93386e-05
Iteration: 2
  Device: "part1_baseline"	RelError: 8.66583e-05	AbsError: 8.66007e+11
    Region: "bulk"	RelError: 8.66520e-05	AbsError: 8.66007e+11
      Equation: "ElectronContinuityEquation"	RelError: 9.73246e-07	AbsError: 8.65966e+11
      Equation: "HoleContinuityEquation"	RelError: 8.54637e-06	AbsError: 4.17372e+07
      Equation: "PotentialEquation"	RelError: 7.71324e-05	AbsError: 7.52637e-09
    Region: "oxide"	RelError: 6.27722e-09	AbsError: 3.47881e-09
      Equation: "PotentialEquation"	RelError: 6.27722e-09	AbsError: 3.47881e-09
Iteration: 3
  Device: "part1_baseline"	RelError: 1.40825e-12	AbsError: 5.23146e+03
    Region: "bulk"	RelError: 1.40810e-12	AbsError: 5.23146e+03
      Equation: "ElectronContinuityEquation"	RelError: 6.54002e-14	AbsError: 5.23102e+03
      Equation: "HoleContinuityEquation"	RelError: 6.37365e-13	AbsError: 4.41862e-01
      Equation: "PotentialEquation"	RelError: 7.05338e-13	AbsError: 2.05454e-16
    Region: "oxide"	RelError: 1.42272e-16	AbsError: 8.10705e-17
      Equation: "PotentialEquation"	RelError: 1.42272e-16	AbsError: 8.10705e-17
number of equations 7095
Iteration: 0
  Device: "part1_baseline"	RelError: 1.33203e+00	AbsError: 5.00955e+17
    Region: "bulk"	RelError: 1.30989e+00	AbsError: 5.00955e+17
      Equation: "ElectronContinuityEquation"	RelError: 8.37014e-02	AbsError: 5.00951e+17
      Equation: "HoleContinuityEquation"	RelError: 1.02899e-01	AbsError: 4.56413e+12
      Equation: "PotentialEquation"	RelError: 1.12329e+00	AbsError: 2.34325e-03
    Region: "oxide"	RelError: 2.21454e-02	AbsError: 2.00000e-02
      Equation: "PotentialEquation"	RelError: 2.21454e-02	AbsError: 2.00000e-02
Iteration: 1
  Device: "part1_baseline"	RelError: 6.14018e-02	AbsError: 6.81744e+15
    Region: "bulk"	RelError: 6.12733e-02	AbsError: 6.81744e+15
      Equation: "ElectronContinuityEquation"	RelError: 1.20387e-03	AbsError: 6.81723e+15
      Equation: "HoleContinuityEquation"	RelError: 7.40204e-03	AbsError: 2.09167e+11
      Equation: "PotentialEquation"	RelError: 5.26674e-02	AbsError: 7.12342e-05
    Region: "oxide"	RelError: 1.28498e-04	AbsError: 7.12342e-05
      Equation: "PotentialEquation"	RelError: 1.28498e-04	AbsError: 7.12342e-05
Iteration: 2
  Device: "part1_baseline"	RelError: 1.60202e-05	AbsError: 7.21660e+11
    Region: "bulk"	RelError: 1.60149e-05	AbsError: 7.21660e+11
      Equation: "ElectronContinuityEquation"	RelError: 7.58955e-07	AbsError: 7.21625e+11
      Equation: "HoleContinuityEquation"	RelError: 6.92459e-06	AbsError: 3.49811e+07
      Equation: "PotentialEquation"	RelError: 8.33138e-06	AbsError: 6.28855e-09
    Region: "oxide"	RelError: 5.30588e-09	AbsError: 3.03476e-09
      Equation: "PotentialEquation"	RelError: 5.30588e-09	AbsError: 3.03476e-09
Iteration: 3
  Device: "part1_baseline"	RelError: 5.22798e-13	AbsError: 3.73642e+03
    Region: "bulk"	RelError: 5.22710e-13	AbsError: 3.73642e+03
      Equation: "ElectronContinuityEquation"	RelError: 4.21211e-14	AbsError: 3.73611e+03
      Equation: "HoleContinuityEquation"	RelError: 4.14488e-13	AbsError: 3.10719e-01
      Equation: "PotentialEquation"	RelError: 6.61007e-14	AbsError: 1.39808e-16
    Region: "oxide"	RelError: 8.81607e-17	AbsError: 5.04245e-17
      Equation: "PotentialEquation"	RelError: 8.81607e-17	AbsError: 5.04245e-17
number of equations 7095
Iteration: 0
  Device: "part1_baseline"	RelError: 7.16185e-01	AbsError: 5.12255e+17
    Region: "bulk"	RelError: 6.94519e-01	AbsError: 5.12255e+17
      Equation: "ElectronContinuityEquation"	RelError: 7.91425e-02	AbsError: 5.12251e+17
      Equation: "HoleContinuityEquation"	RelError: 9.62562e-02	AbsError: 4.15557e+12
      Equation: "PotentialEquation"	RelError: 5.19120e-01	AbsError: 2.20347e-03
    Region: "oxide"	RelError: 2.16656e-02	AbsError: 2.00000e-02
      Equation: "PotentialEquation"	RelError: 2.16656e-02	AbsError: 2.00000e-02
Iteration: 1
  Device: "part1_baseline"	RelError: 3.02990e-02	AbsError: 6.34783e+15
    Region: "bulk"	RelError: 3.01836e-02	AbsError: 6.34783e+15
      Equation: "ElectronContinuityEquation"	RelError: 1.03056e-03	AbsError: 6.34765e+15
      Equation: "HoleContinuityEquation"	RelError: 6.59758e-03	AbsError: 1.81736e+11
      Equation: "PotentialEquation"	RelError: 2.25555e-02	AbsError: 6.42146e-05
    Region: "oxide"	RelError: 1.15395e-04	AbsError: 6.42146e-05
      Equation: "PotentialEquation"	RelError: 1.15395e-04	AbsError: 6.42146e-05
Iteration: 2
  Device: "part1_baseline"	RelError: 9.69790e-06	AbsError: 6.02760e+11
    Region: "bulk"	RelError: 9.69328e-06	AbsError: 6.02760e+11
      Equation: "ElectronContinuityEquation"	RelError: 5.98235e-07	AbsError: 6.02730e+11
      Equation: "HoleContinuityEquation"	RelError: 5.64480e-06	AbsError: 2.96238e+07
      Equation: "PotentialEquation"	RelError: 3.45025e-06	AbsError: 5.29088e-09
    Region: "oxide"	RelError: 4.61278e-09	AbsError: 2.64764e-09
      Equation: "PotentialEquation"	RelError: 4.61278e-09	AbsError: 2.64764e-09
Iteration: 3
  Device: "part1_baseline"	RelError: 3.26502e-13	AbsError: 2.66410e+03
    Region: "bulk"	RelError: 3.26447e-13	AbsError: 2.66410e+03
      Equation: "ElectronContinuityEquation"	RelError: 2.78197e-14	AbsError: 2.66388e+03
      Equation: "HoleContinuityEquation"	RelError: 2.72522e-13	AbsError: 2.20100e-01
      Equation: "PotentialEquation"	RelError: 2.61057e-14	AbsError: 9.56516e-17
    Region: "oxide"	RelError: 5.46925e-17	AbsError: 3.13924e-17
      Equation: "PotentialEquation"	RelError: 5.46925e-17	AbsError: 3.13924e-17
number of equations 7095
Iteration: 0
  Device: "part1_baseline"	RelError: 5.13883e-01	AbsError: 5.22809e+17
    Region: "bulk"	RelError: 4.92676e-01	AbsError: 5.22809e+17
      Equation: "ElectronContinuityEquation"	RelError: 7.49939e-02	AbsError: 5.22806e+17
      Equation: "HoleContinuityEquation"	RelError: 9.03080e-02	AbsError: 3.80024e+12
      Equation: "PotentialEquation"	RelError: 3.27374e-01	AbsError: 2.07740e-03
    Region: "oxide"	RelError: 2.12062e-02	AbsError: 2.00000e-02
      Equation: "PotentialEquation"	RelError: 2.12062e-02	AbsError: 2.00000e-02
Iteration: 1
  Device: "part1_baseline"	RelError: 2.03636e-02	AbsError: 5.91913e+15
    Region: "bulk"	RelError: 2.02596e-02	AbsError: 5.91913e+15
      Equation: "ElectronContinuityEquation"	RelError: 8.86756e-04	AbsError: 5.91897e+15
      Equation: "HoleContinuityEquation"	RelError: 5.90629e-03	AbsError: 1.58818e+11
      Equation: "PotentialEquation"	RelError: 1.34665e-02	AbsError: 5.81045e-05
    Region: "oxide"	RelError: 1.04045e-04	AbsError: 5.81045e-05
      Equation: "PotentialEquation"	RelError: 1.04045e-04	AbsError: 5.81045e-05
Iteration: 2
  Device: "part1_baseline"	RelError: 7.10960e-06	AbsError: 5.04985e+11
    Region: "bulk"	RelError: 7.10558e-06	AbsError: 5.04985e+11
      Equation: "ElectronContinuityEquation"	RelError: 4.76279e-07	AbsError: 5.04960e+11
      Equation: "HoleContinuityEquation"	RelError: 4.62924e-06	AbsError: 2.52987e+07
      Equation: "PotentialEquation"	RelError: 2.00006e-06	AbsError: 4.47912e-09
    Region: "oxide"	RelError: 4.01574e-09	AbsError: 2.31262e-09
      Equation: "PotentialEquation"	RelError: 4.01574e-09	AbsError: 2.31262e-09
Iteration: 3
  Device: "part1_baseline"	RelError: 2.14926e-13	AbsError: 1.90046e+03
    Region: "bulk"	RelError: 2.14892e-13	AbsError: 1.90046e+03
      Equation: "ElectronContinuityEquation"	RelError: 1.87805e-14	AbsError: 1.90030e+03
      Equation: "HoleContinuityEquation"	RelError: 1.81163e-13	AbsError: 1.56848e-01
      Equation: "PotentialEquation"	RelError: 1.49487e-14	AbsError: 6.58377e-17
    Region: "oxide"	RelError: 3.39957e-17	AbsError: 1.95778e-17
      Equation: "PotentialEquation"	RelError: 3.39957e-17	AbsError: 1.95778e-17
number of equations 7095
Iteration: 0
  Device: "part1_baseline"	RelError: 5.49796e-01	AbsError: 5.32676e+17
    Region: "bulk"	RelError: 5.29030e-01	AbsError: 5.32676e+17
      Equation: "ElectronContinuityEquation"	RelError: 7.11995e-02	AbsError: 5.32672e+17
      Equation: "HoleContinuityEquation"	RelError: 8.49597e-02	AbsError: 3.48945e+12
      Equation: "PotentialEquation"	RelError: 3.72871e-01	AbsError: 1.96325e-03
    Region: "oxide"	RelError: 2.07658e-02	AbsError: 2.00000e-02
      Equation: "PotentialEquation"	RelError: 2.07658e-02	AbsError: 2.00000e-02
Iteration: 1
  Device: "part1_baseline"	RelError: 2.09515e-02	AbsError: 5.52282e+15
    Region: "bulk"	RelError: 2.08574e-02	AbsError: 5.52282e+15
      Equation: "ElectronContinuityEquation"	RelError: 7.66799e-04	AbsError: 5.52268e+15
      Equation: "HoleContinuityEquation"	RelError: 5.30927e-03	AbsError: 1.39541e+11
      Equation: "PotentialEquation"	RelError: 1.47813e-02	AbsError: 5.27625e-05
    Region: "oxide"	RelError: 9.41635e-05	AbsError: 5.27625e-05
      Equation: "PotentialEquation"	RelError: 9.41635e-05	AbsError: 5.27625e-05
Iteration: 2
  Device: "part1_baseline"	RelError: 6.36009e-06	AbsError: 4.24592e+11
    Region: "bulk"	RelError: 6.35659e-06	AbsError: 4.24592e+11
      Equation: "ElectronContinuityEquation"	RelError: 3.82725e-07	AbsError: 4.24570e+11
      Equation: "HoleContinuityEquation"	RelError: 3.81875e-06	AbsError: 2.17558e+07
      Equation: "PotentialEquation"	RelError: 2.15511e-06	AbsError: 3.81320e-09
    Region: "oxide"	RelError: 3.50330e-09	AbsError: 2.02387e-09
      Equation: "PotentialEquation"	RelError: 3.50330e-09	AbsError: 2.02387e-09
Iteration: 3
  Device: "part1_baseline"	RelError: 1.45928e-13	AbsError: 1.35860e+03
    Region: "bulk"	RelError: 1.45907e-13	AbsError: 1.35860e+03
      Equation: "ElectronContinuityEquation"	RelError: 1.29230e-14	AbsError: 1.35848e+03
      Equation: "HoleContinuityEquation"	RelError: 1.21752e-13	AbsError: 1.12399e-01
      Equation: "PotentialEquation"	RelError: 1.12323e-14	AbsError: 4.56126e-17
    Region: "oxide"	RelError: 2.11841e-17	AbsError: 1.22381e-17
      Equation: "PotentialEquation"	RelError: 2.11841e-17	AbsError: 1.22381e-17
number of equations 7095
Iteration: 0
  Device: "part1_baseline"	RelError: 6.79706e-01	AbsError: 5.41908e+17
    Region: "bulk"	RelError: 6.59363e-01	AbsError: 5.41908e+17
      Equation: "ElectronContinuityEquation"	RelError: 6.77203e-02	AbsError: 5.41905e+17
      Equation: "HoleContinuityEquation"	RelError: 8.01321e-02	AbsError: 3.21615e+12
      Equation: "PotentialEquation"	RelError: 5.11510e-01	AbsError: 1.85954e-03
    Region: "oxide"	RelError: 2.03434e-02	AbsError: 2.00000e-02
      Equation: "PotentialEquation"	RelError: 2.03434e-02	AbsError: 2.00000e-02
Iteration: 1
  Device: "part1_baseline"	RelError: 2.48870e-02	AbsError: 5.15712e+15
    Region: "bulk"	RelError: 2.48015e-02	AbsError: 5.15712e+15
      Equation: "ElectronContinuityEquation"	RelError: 6.66219e-04	AbsError: 5.15700e+15
      Equation: "HoleContinuityEquation"	RelError: 4.79117e-03	AbsError: 1.23225e+11
      Equation: "PotentialEquation"	RelError: 1.93441e-02	AbsError: 4.80759e-05
    Region: "oxide"	RelError: 8.55213e-05	AbsError: 4.80759e-05
      Equation: "PotentialEquation"	RelError: 8.55213e-05	AbsError: 4.80759e-05
Iteration: 2
  Device: "part1_baseline"	RelError: 6.23316e-06	AbsError: 3.58421e+11
    Region: "bulk"	RelError: 6.23010e-06	AbsError: 3.58421e+11
      Equation: "ElectronContinuityEquation"	RelError: 3.10222e-07	AbsError: 3.58402e+11
      Equation: "HoleContinuityEquation"	RelError: 3.16819e-06	AbsError: 1.88195e+07
      Equation: "PotentialEquation"	RelError: 2.75168e-06	AbsError: 3.26301e-09
    Region: "oxide"	RelError: 3.06412e-09	AbsError: 1.77544e-09
      Equation: "PotentialEquation"	RelError: 3.06412e-09	AbsError: 1.77544e-09
Iteration: 3
  Device: "part1_baseline"	RelError: 1.03880e-13	AbsError: 9.74496e+02
    Region: "bulk"	RelError: 1.03867e-13	AbsError: 9.74496e+02
      Equation: "ElectronContinuityEquation"	RelError: 9.04327e-15	AbsError: 9.74415e+02
      Equation: "HoleContinuityEquation"	RelError: 8.27061e-14	AbsError: 8.10119e-02
      Equation: "PotentialEquation"	RelError: 1.21179e-14	AbsError: 3.18180e-17
    Region: "oxide"	RelError: 1.32396e-17	AbsError: 7.67141e-18
      Equation: "PotentialEquation"	RelError: 1.32396e-17	AbsError: 7.67141e-18
number of equations 7095
Iteration: 0
  Device: "part1_baseline"	RelError: 1.02485e+00	AbsError: 5.50555e+17
    Region: "bulk"	RelError: 1.00491e+00	AbsError: 5.50555e+17
      Equation: "ElectronContinuityEquation"	RelError: 6.45224e-02	AbsError: 5.50552e+17
      Equation: "HoleContinuityEquation"	RelError: 7.57587e-02	AbsError: 2.97461e+12
      Equation: "PotentialEquation"	RelError: 8.64631e-01	AbsError: 1.76525e-03
    Region: "oxide"	RelError: 1.99378e-02	AbsError: 2.00000e-02
      Equation: "PotentialEquation"	RelError: 1.99378e-02	AbsError: 2.00000e-02
Iteration: 1
  Device: "part1_baseline"	RelError: 3.60034e-02	AbsError: 4.82007e+15
    Region: "bulk"	RelError: 3.59255e-02	AbsError: 4.82007e+15
      Equation: "ElectronContinuityEquation"	RelError: 5.81462e-04	AbsError: 4.81996e+15
      Equation: "HoleContinuityEquation"	RelError: 4.33952e-03	AbsError: 1.09331e+11
      Equation: "PotentialEquation"	RelError: 3.10045e-02	AbsError: 4.39415e-05
    Region: "oxide"	RelError: 7.79298e-05	AbsError: 4.39415e-05
      Equation: "PotentialEquation"	RelError: 7.79298e-05	AbsError: 4.39415e-05
Iteration: 2
  Device: "part1_baseline"	RelError: 7.20808e-06	AbsError: 3.03852e+11
    Region: "bulk"	RelError: 7.20539e-06	AbsError: 3.03852e+11
      Equation: "ElectronContinuityEquation"	RelError: 2.53496e-07	AbsError: 3.03836e+11
      Equation: "HoleContinuityEquation"	RelError: 2.64303e-06	AbsError: 1.63626e+07
      Equation: "PotentialEquation"	RelError: 4.30887e-06	AbsError: 2.80552e-09
    Region: "oxide"	RelError: 2.68770e-09	AbsError: 1.56174e-09
      Equation: "PotentialEquation"	RelError: 2.68770e-09	AbsError: 1.56174e-09
Iteration: 3
  Device: "part1_baseline"	RelError: 7.92066e-14	AbsError: 7.01979e+02
    Region: "bulk"	RelError: 7.91983e-14	AbsError: 7.01979e+02
      Equation: "ElectronContinuityEquation"	RelError: 6.42359e-15	AbsError: 7.01920e+02
      Equation: "HoleContinuityEquation"	RelError: 5.67739e-14	AbsError: 5.87439e-02
      Equation: "PotentialEquation"	RelError: 1.60008e-14	AbsError: 2.23526e-17
    Region: "oxide"	RelError: 8.30176e-18	AbsError: 4.82390e-18
      Equation: "PotentialEquation"	RelError: 8.30176e-18	AbsError: 4.82390e-18
number of equations 7095
Iteration: 0
  Device: "part1_baseline"	RelError: 3.63741e+00	AbsError: 5.58664e+17
    Region: "bulk"	RelError: 3.61787e+00	AbsError: 5.58664e+17
      Equation: "ElectronContinuityEquation"	RelError: 6.15763e-02	AbsError: 5.58662e+17
      Equation: "HoleContinuityEquation"	RelError: 7.17828e-02	AbsError: 2.76015e+12
      Equation: "PotentialEquation"	RelError: 3.48451e+00	AbsError: 1.67908e-03
    Region: "oxide"	RelError: 1.95480e-02	AbsError: 2.00000e-02
      Equation: "PotentialEquation"	RelError: 1.95480e-02	AbsError: 2.00000e-02
Iteration: 1
  Device: "part1_baseline"	RelError: 1.14756e-01	AbsError: 4.50963e+15
    Region: "bulk"	RelError: 1.14685e-01	AbsError: 4.50963e+15
      Equation: "ElectronContinuityEquation"	RelError: 5.09692e-04	AbsError: 4.50953e+15
      Equation: "HoleContinuityEquation"	RelError: 3.94407e-03	AbsError: 9.74340e+10
      Equation: "PotentialEquation"	RelError: 1.10231e-01	AbsError: 4.02806e-05
    Region: "oxide"	RelError: 7.12340e-05	AbsError: 4.02806e-05
      Equation: "PotentialEquation"	RelError: 7.12340e-05	AbsError: 4.02806e-05
Iteration: 2
  Device: "part1_baseline"	RelError: 1.74074e-05	AbsError: 2.58733e+11
    Region: "bulk"	RelError: 1.74051e-05	AbsError: 2.58733e+11
      Equation: "ElectronContinuityEquation"	RelError: 2.08715e-07	AbsError: 2.58718e+11
      Equation: "HoleContinuityEquation"	RelError: 2.21671e-06	AbsError: 1.42904e+07
      Equation: "PotentialEquation"	RelError: 1.49797e-05	AbsError: 2.42292e-09
    Region: "oxide"	RelError: 2.36469e-09	AbsError: 1.37775e-09
      Equation: "PotentialEquation"	RelError: 2.36469e-09	AbsError: 1.37775e-09
Iteration: 3
  Device: "part1_baseline"	RelError: 9.08726e-14	AbsError: 5.08174e+02
    Region: "bulk"	RelError: 9.08674e-14	AbsError: 5.08174e+02
      Equation: "ElectronContinuityEquation"	RelError: 4.62424e-15	AbsError: 5.08131e+02
      Equation: "HoleContinuityEquation"	RelError: 3.93717e-14	AbsError: 4.28636e-02
      Equation: "PotentialEquation"	RelError: 4.68715e-14	AbsError: 1.58165e-17
    Region: "oxide"	RelError: 5.22513e-18	AbsError: 3.04434e-18
      Equation: "PotentialEquation"	RelError: 5.22513e-18	AbsError: 3.04434e-18
number of equations 7095
Iteration: 0
  Device: "part1_baseline"	RelError: 1.67695e+00	AbsError: 5.66277e+17
    Region: "bulk"	RelError: 1.65777e+00	AbsError: 5.66277e+17
      Equation: "ElectronContinuityEquation"	RelError: 5.88561e-02	AbsError: 5.66274e+17
      Equation: "HoleContinuityEquation"	RelError: 6.81567e-02	AbsError: 2.56889e+12
      Equation: "PotentialEquation"	RelError: 1.53076e+00	AbsError: 1.60004e-03
    Region: "oxide"	RelError: 1.91732e-02	AbsError: 2.00000e-02
      Equation: "PotentialEquation"	RelError: 1.91732e-02	AbsError: 2.00000e-02
Iteration: 1
  Device: "part1_baseline"	RelError: 5.93553e-02	AbsError: 4.22377e+15
    Region: "bulk"	RelError: 5.92900e-02	AbsError: 4.22377e+15
      Equation: "ElectronContinuityEquation"	RelError: 4.53888e-04	AbsError: 4.22368e+15
      Equation: "HoleContinuityEquation"	RelError: 3.59639e-03	AbsError: 8.71925e+10
      Equation: "PotentialEquation"	RelError: 5.52397e-02	AbsError: 3.70271e-05
    Region: "oxide"	RelError: 6.53052e-05	AbsError: 3.70271e-05
      Equation: "PotentialEquation"	RelError: 6.53052e-05	AbsError: 3.70271e-05
Iteration: 2
  Device: "part1_baseline"	RelError: 9.38744e-06	AbsError: 2.21309e+11
    Region: "bulk"	RelError: 9.38535e-06	AbsError: 2.21309e+11
      Equation: "ElectronContinuityEquation"	RelError: 1.73065e-07	AbsError: 2.21297e+11
      Equation: "HoleContinuityEquation"	RelError: 1.86871e-06	AbsError: 1.25310e+07
      Equation: "PotentialEquation"	RelError: 7.34358e-06	AbsError: 2.10126e-09
    Region: "oxide"	RelError: 2.08699e-09	AbsError: 1.21907e-09
      Equation: "PotentialEquation"	RelError: 2.08699e-09	AbsError: 1.21907e-09
Iteration: 3
  Device: "part1_baseline"	RelError: 5.03167e-14	AbsError: 3.69875e+02
    Region: "bulk"	RelError: 5.03128e-14	AbsError: 3.69875e+02
      Equation: "ElectronContinuityEquation"	RelError: 3.36940e-15	AbsError: 3.69843e+02
      Equation: "HoleContinuityEquation"	RelError: 2.75743e-14	AbsError: 3.14789e-02
      Equation: "PotentialEquation"	RelError: 1.93691e-14	AbsError: 1.12729e-17
    Region: "oxide"	RelError: 3.88087e-18	AbsError: 2.18963e-18
      Equation: "PotentialEquation"	RelError: 3.88087e-18	AbsError: 2.18963e-18
number of equations 7095
Iteration: 0
  Device: "part1_baseline"	RelError: 7.41077e-01	AbsError: 5.73432e+17
    Region: "bulk"	RelError: 7.22264e-01	AbsError: 5.73432e+17
      Equation: "ElectronContinuityEquation"	RelError: 5.63388e-02	AbsError: 5.73429e+17
      Equation: "HoleContinuityEquation"	RelError: 6.48392e-02	AbsError: 2.39762e+12
      Equation: "PotentialEquation"	RelError: 6.01086e-01	AbsError: 1.52750e-03
    Region: "oxide"	RelError: 1.88125e-02	AbsError: 2.00000e-02
      Equation: "PotentialEquation"	RelError: 1.88125e-02	AbsError: 2.00000e-02
Iteration: 1
  Device: "part1_baseline"	RelError: 2.39574e-02	AbsError: 3.96052e+15
    Region: "bulk"	RelError: 2.38974e-02	AbsError: 3.96052e+15
      Equation: "ElectronContinuityEquation"	RelError: 4.15198e-04	AbsError: 3.96044e+15
      Equation: "HoleContinuityEquation"	RelError: 3.28950e-03	AbsError: 7.83323e+10
      Equation: "PotentialEquation"	RelError: 2.01927e-02	AbsError: 3.41259e-05
    Region: "oxide"	RelError: 6.00364e-05	AbsError: 3.41259e-05
      Equation: "PotentialEquation"	RelError: 6.00364e-05	AbsError: 3.41259e-05
Iteration: 2
  Device: "part1_baseline"	RelError: 4.35624e-06	AbsError: 1.90160e+11
    Region: "bulk"	RelError: 4.35439e-06	AbsError: 1.90160e+11
      Equation: "ElectronContinuityEquation"	RelError: 1.44460e-07	AbsError: 1.90149e+11
      Equation: "HoleContinuityEquation"	RelError: 1.58313e-06	AbsError: 1.10286e+07
      Equation: "PotentialEquation"	RelError: 2.62680e-06	AbsError: 1.82949e-09
    Region: "oxide"	RelError: 1.84767e-09	AbsError: 1.08192e-09
      Equation: "PotentialEquation"	RelError: 1.84767e-09	AbsError: 1.08192e-09
Iteration: 3
  Device: "part1_baseline"	RelError: 2.78281e-14	AbsError: 2.70766e+02
    Region: "bulk"	RelError: 2.78252e-14	AbsError: 2.70766e+02
      Equation: "ElectronContinuityEquation"	RelError: 2.48225e-15	AbsError: 2.70742e+02
      Equation: "HoleContinuityEquation"	RelError: 1.94970e-14	AbsError: 2.32904e-02
      Equation: "PotentialEquation"	RelError: 5.84601e-15	AbsError: 8.09294e-18
    Region: "oxide"	RelError: 2.90614e-18	AbsError: 1.64401e-18
      Equation: "PotentialEquation"	RelError: 2.90614e-18	AbsError: 1.64401e-18
number of equations 7095
Iteration: 0
  Device: "part1_baseline"	RelError: 4.98754e-01	AbsError: 5.80164e+17
    Region: "bulk"	RelError: 4.80288e-01	AbsError: 5.80164e+17
      Equation: "ElectronContinuityEquation"	RelError: 5.40046e-02	AbsError: 5.80162e+17
      Equation: "HoleContinuityEquation"	RelError: 6.17954e-02	AbsError: 2.24367e+12
      Equation: "PotentialEquation"	RelError: 3.64489e-01	AbsError: 1.46072e-03
    Region: "oxide"	RelError: 1.84652e-02	AbsError: 2.00000e-02
      Equation: "PotentialEquation"	RelError: 1.84652e-02	AbsError: 2.00000e-02
Iteration: 1
  Device: "part1_baseline"	RelError: 1.51580e-02	AbsError: 3.71801e+15
    Region: "bulk"	RelError: 1.51026e-02	AbsError: 3.71801e+15
      Equation: "ElectronContinuityEquation"	RelError: 3.80688e-04	AbsError: 3.71794e+15
      Equation: "HoleContinuityEquation"	RelError: 3.01758e-03	AbsError: 7.06308e+10
      Equation: "PotentialEquation"	RelError: 1.17044e-02	AbsError: 3.15304e-05
    Region: "oxide"	RelError: 5.53383e-05	AbsError: 3.15304e-05
      Equation: "PotentialEquation"	RelError: 5.53383e-05	AbsError: 3.15304e-05
Iteration: 2
  Device: "part1_baseline"	RelError: 2.96056e-06	AbsError: 1.64135e+11
    Region: "bulk"	RelError: 2.95892e-06	AbsError: 1.64135e+11
      Equation: "ElectronContinuityEquation"	RelError: 1.21337e-07	AbsError: 1.64125e+11
      Equation: "HoleContinuityEquation"	RelError: 1.34755e-06	AbsError: 9.73927e+06
      Equation: "PotentialEquation"	RelError: 1.49003e-06	AbsError: 1.59883e-09
    Region: "oxide"	RelError: 1.64087e-09	AbsError: 9.63075e-10
      Equation: "PotentialEquation"	RelError: 1.64087e-09	AbsError: 9.63075e-10
Iteration: 3
  Device: "part1_baseline"	RelError: 1.85669e-14	AbsError: 1.99399e+02
    Region: "bulk"	RelError: 1.85648e-14	AbsError: 1.99399e+02
      Equation: "ElectronContinuityEquation"	RelError: 1.84722e-15	AbsError: 1.99382e+02
      Equation: "HoleContinuityEquation"	RelError: 1.39130e-14	AbsError: 1.73577e-02
      Equation: "PotentialEquation"	RelError: 2.80449e-15	AbsError: 5.85268e-18
    Region: "oxide"	RelError: 2.17620e-18	AbsError: 1.23419e-18
      Equation: "PotentialEquation"	RelError: 2.17620e-18	AbsError: 1.23419e-18
number of equations 7095
Iteration: 0
  Device: "part1_baseline"	RelError: 3.85874e-01	AbsError: 5.86507e+17
    Region: "bulk"	RelError: 3.67743e-01	AbsError: 5.86507e+17
      Equation: "ElectronContinuityEquation"	RelError: 5.18357e-02	AbsError: 5.86505e+17
      Equation: "HoleContinuityEquation"	RelError: 5.89949e-02	AbsError: 2.10477e+12
      Equation: "PotentialEquation"	RelError: 2.56913e-01	AbsError: 1.39898e-03
    Region: "oxide"	RelError: 1.81304e-02	AbsError: 2.00000e-02
      Equation: "PotentialEquation"	RelError: 1.81304e-02	AbsError: 2.00000e-02
Iteration: 1
  Device: "part1_baseline"	RelError: 1.11072e-02	AbsError: 3.49448e+15
    Region: "bulk"	RelError: 1.10561e-02	AbsError: 3.49448e+15
      Equation: "ElectronContinuityEquation"	RelError: 3.49836e-04	AbsError: 3.49441e+15
      Equation: "HoleContinuityEquation"	RelError: 2.77580e-03	AbsError: 6.39066e+10
      Equation: "PotentialEquation"	RelError: 7.93042e-03	AbsError: 2.92012e-05
    Region: "oxide"	RelError: 5.11420e-05	AbsError: 2.92012e-05
      Equation: "PotentialEquation"	RelError: 5.11420e-05	AbsError: 2.92012e-05
Iteration: 2
  Device: "part1_baseline"	RelError: 2.27700e-06	AbsError: 1.42305e+11
    Region: "bulk"	RelError: 2.27554e-06	AbsError: 1.42305e+11
      Equation: "ElectronContinuityEquation"	RelError: 1.02514e-07	AbsError: 1.42296e+11
      Equation: "HoleContinuityEquation"	RelError: 1.15224e-06	AbsError: 8.62786e+06
      Equation: "PotentialEquation"	RelError: 1.02078e-06	AbsError: 1.40223e-09
    Region: "oxide"	RelError: 1.46163e-09	AbsError: 8.59797e-10
      Equation: "PotentialEquation"	RelError: 1.46163e-09	AbsError: 8.59797e-10
Iteration: 3
  Device: "part1_baseline"	RelError: 1.31878e-14	AbsError: 1.47741e+02
    Region: "bulk"	RelError: 1.31862e-14	AbsError: 1.47741e+02
      Equation: "ElectronContinuityEquation"	RelError: 1.38751e-15	AbsError: 1.47728e+02
      Equation: "HoleContinuityEquation"	RelError: 1.00167e-14	AbsError: 1.30223e-02
      Equation: "PotentialEquation"	RelError: 1.78203e-15	AbsError: 4.26300e-18
    Region: "oxide"	RelError: 1.63188e-18	AbsError: 9.27729e-19
      Equation: "PotentialEquation"	RelError: 1.63188e-18	AbsError: 9.27729e-19
number of equations 7095
Iteration: 0
  Device: "part1_baseline"	RelError: 4.20810e-01	AbsError: 5.92489e+17
    Region: "bulk"	RelError: 4.03003e-01	AbsError: 5.92489e+17
      Equation: "ElectronContinuityEquation"	RelError: 4.98165e-02	AbsError: 5.92487e+17
      Equation: "HoleContinuityEquation"	RelError: 5.64115e-02	AbsError: 1.97902e+12
      Equation: "PotentialEquation"	RelError: 2.96775e-01	AbsError: 1.34197e-03
    Region: "oxide"	RelError: 1.78075e-02	AbsError: 2.00000e-02
      Equation: "PotentialEquation"	RelError: 1.78075e-02	AbsError: 2.00000e-02
Iteration: 1
  Device: "part1_baseline"	RelError: 1.18173e-02	AbsError: 3.28830e+15
    Region: "bulk"	RelError: 1.17699e-02	AbsError: 3.28830e+15
      Equation: "ElectronContinuityEquation"	RelError: 3.22851e-04	AbsError: 3.28824e+15
      Equation: "HoleContinuityEquation"	RelError: 2.56006e-03	AbsError: 5.80110e+10
      Equation: "PotentialEquation"	RelError: 8.88700e-03	AbsError: 2.71048e-05
    Region: "oxide"	RelError: 4.73752e-05	AbsError: 2.71048e-05
      Equation: "PotentialEquation"	RelError: 4.73752e-05	AbsError: 2.71048e-05
Iteration: 2
  Device: "part1_baseline"	RelError: 2.24166e-06	AbsError: 1.23919e+11
    Region: "bulk"	RelError: 2.24036e-06	AbsError: 1.23919e+11
      Equation: "ElectronContinuityEquation"	RelError: 8.70907e-08	AbsError: 1.23911e+11
      Equation: "HoleContinuityEquation"	RelError: 9.89524e-07	AbsError: 7.66598e+06
      Equation: "PotentialEquation"	RelError: 1.16374e-06	AbsError: 1.23396e-09
    Region: "oxide"	RelError: 1.30582e-09	AbsError: 7.69789e-10
      Equation: "PotentialEquation"	RelError: 1.30582e-09	AbsError: 7.69789e-10
Iteration: 3
  Device: "part1_baseline"	RelError: 1.00454e-14	AbsError: 1.10142e+02
    Region: "bulk"	RelError: 1.00442e-14	AbsError: 1.10142e+02
      Equation: "ElectronContinuityEquation"	RelError: 1.05126e-15	AbsError: 1.10132e+02
      Equation: "HoleContinuityEquation"	RelError: 7.27316e-15	AbsError: 9.83629e-03
      Equation: "PotentialEquation"	RelError: 1.71977e-15	AbsError: 3.12742e-18
    Region: "oxide"	RelError: 1.22494e-18	AbsError: 6.97993e-19
      Equation: "PotentialEquation"	RelError: 1.22494e-18	AbsError: 6.97993e-19
number of equations 7095
Iteration: 0
  Device: "part1_baseline"	RelError: 5.01899e-01	AbsError: 5.98138e+17
    Region: "bulk"	RelError: 4.84403e-01	AbsError: 5.98138e+17
      Equation: "ElectronContinuityEquation"	RelError: 4.79356e-02	AbsError: 5.98136e+17
      Equation: "HoleContinuityEquation"	RelError: 5.40225e-02	AbsError: 1.86482e+12
      Equation: "PotentialEquation"	RelError: 3.82445e-01	AbsError: 1.28905e-03
    Region: "oxide"	RelError: 1.74960e-02	AbsError: 2.00000e-02
      Equation: "PotentialEquation"	RelError: 1.74960e-02	AbsError: 2.00000e-02
Iteration: 1
  Device: "part1_baseline"	RelError: 1.37679e-02	AbsError: 3.09796e+15
    Region: "bulk"	RelError: 1.37239e-02	AbsError: 3.09796e+15
      Equation: "ElectronContinuityEquation"	RelError: 3.01713e-04	AbsError: 3.09790e+15
      Equation: "HoleContinuityEquation"	RelError: 2.36695e-03	AbsError: 5.28212e+10
      Equation: "PotentialEquation"	RelError: 1.10552e-02	AbsError: 2.52125e-05
    Region: "oxide"	RelError: 4.39838e-05	AbsError: 2.52125e-05
      Equation: "PotentialEquation"	RelError: 4.39838e-05	AbsError: 2.52125e-05
Iteration: 2
  Device: "part1_baseline"	RelError: 2.34442e-06	AbsError: 1.08368e+11
    Region: "bulk"	RelError: 2.34325e-06	AbsError: 1.08368e+11
      Equation: "ElectronContinuityEquation"	RelError: 7.43735e-08	AbsError: 1.08362e+11
      Equation: "HoleContinuityEquation"	RelError: 8.53325e-07	AbsError: 6.83044e+06
      Equation: "PotentialEquation"	RelError: 1.41555e-06	AbsError: 1.08939e-09
    Region: "oxide"	RelError: 1.16995e-09	AbsError: 6.91111e-10
      Equation: "PotentialEquation"	RelError: 1.16995e-09	AbsError: 6.91111e-10
Iteration: 3
  Device: "part1_baseline"	RelError: 7.90551e-15	AbsError: 8.26189e+01
    Region: "bulk"	RelError: 7.90459e-15	AbsError: 8.26189e+01
      Equation: "ElectronContinuityEquation"	RelError: 8.02945e-16	AbsError: 8.26114e+01
      Equation: "HoleContinuityEquation"	RelError: 5.32449e-15	AbsError: 7.48088e-03
      Equation: "PotentialEquation"	RelError: 1.77716e-15	AbsError: 2.31063e-18
    Region: "oxide"	RelError: 9.20146e-19	AbsError: 5.25475e-19
      Equation: "PotentialEquation"	RelError: 9.20146e-19	AbsError: 5.25475e-19
number of equations 7095
Iteration: 0
  Device: "part1_baseline"	RelError: 6.69053e-01	AbsError: 6.03478e+17
    Region: "bulk"	RelError: 6.51858e-01	AbsError: 6.03478e+17
      Equation: "ElectronContinuityEquation"	RelError: 4.61798e-02	AbsError: 6.03476e+17
      Equation: "HoleContinuityEquation"	RelError: 5.18080e-02	AbsError: 1.76078e+12
      Equation: "PotentialEquation"	RelError: 5.53870e-01	AbsError: 1.23986e-03
    Region: "oxide"	RelError: 1.71951e-02	AbsError: 2.00000e-02
      Equation: "PotentialEquation"	RelError: 1.71951e-02	AbsError: 2.00000e-02
Iteration: 1
  Device: "part1_baseline"	RelError: 1.79511e-02	AbsError: 2.92208e+15
    Region: "bulk"	RelError: 1.79102e-02	AbsError: 2.92208e+15
      Equation: "ElectronContinuityEquation"	RelError: 2.82305e-04	AbsError: 2.92203e+15
      Equation: "HoleContinuityEquation"	RelError: 2.19354e-03	AbsError: 4.82354e+10
      Equation: "PotentialEquation"	RelError: 1.54344e-02	AbsError: 2.35000e-05
    Region: "oxide"	RelError: 4.09218e-05	AbsError: 2.35000e-05
      Equation: "PotentialEquation"	RelError: 4.09218e-05	AbsError: 2.35000e-05
Iteration: 2
  Device: "part1_baseline"	RelError: 2.73597e-06	AbsError: 9.51620e+10
    Region: "bulk"	RelError: 2.73491e-06	AbsError: 9.51620e+10
      Equation: "ElectronContinuityEquation"	RelError: 6.38259e-08	AbsError: 9.51559e+10
      Equation: "HoleContinuityEquation"	RelError: 7.38807e-07	AbsError: 6.10220e+06
      Equation: "PotentialEquation"	RelError: 1.93228e-06	AbsError: 9.65443e-10
    Region: "oxide"	RelError: 1.05110e-09	AbsError: 6.22131e-10
      Equation: "PotentialEquation"	RelError: 1.05110e-09	AbsError: 6.22131e-10
Iteration: 3
  Device: "part1_baseline"	RelError: 6.61569e-15	AbsError: 6.23544e+01
    Region: "bulk"	RelError: 6.61499e-15	AbsError: 6.23544e+01
      Equation: "ElectronContinuityEquation"	RelError: 6.17938e-16	AbsError: 6.23487e+01
      Equation: "HoleContinuityEquation"	RelError: 3.92869e-15	AbsError: 5.72745e-03
      Equation: "PotentialEquation"	RelError: 2.06837e-15	AbsError: 1.71910e-18
    Region: "oxide"	RelError: 6.91847e-19	AbsError: 3.95939e-19
      Equation: "PotentialEquation"	RelError: 6.91847e-19	AbsError: 3.95939e-19
number of equations 7095
Iteration: 0
  Device: "part1_baseline"	RelError: 1.17267e+00	AbsError: 6.08532e+17
    Region: "bulk"	RelError: 1.15577e+00	AbsError: 6.08532e+17
      Equation: "ElectronContinuityEquation"	RelError: 4.45358e-02	AbsError: 6.08530e+17
      Equation: "HoleContinuityEquation"	RelError: 4.97508e-02	AbsError: 1.66583e+12
      Equation: "PotentialEquation"	RelError: 1.06148e+00	AbsError: 1.19413e-03
    Region: "oxide"	RelError: 1.69044e-02	AbsError: 2.00000e-02
      Equation: "PotentialEquation"	RelError: 1.69044e-02	AbsError: 2.00000e-02
Iteration: 1
  Device: "part1_baseline"	RelError: 3.06322e-02	AbsError: 2.75939e+15
    Region: "bulk"	RelError: 3.05940e-02	AbsError: 2.75939e+15
      Equation: "ElectronContinuityEquation"	RelError: 2.64472e-04	AbsError: 2.75935e+15
      Equation: "HoleContinuityEquation"	RelError: 2.03737e-03	AbsError: 4.41689e+10
      Equation: "PotentialEquation"	RelError: 2.82922e-02	AbsError: 2.19461e-05
    Region: "oxide"	RelError: 3.81496e-05	AbsError: 2.19461e-05
      Equation: "PotentialEquation"	RelError: 3.81496e-05	AbsError: 2.19461e-05
Iteration: 2
  Device: "part1_baseline"	RelError: 4.16098e-06	AbsError: 8.38994e+10
    Region: "bulk"	RelError: 4.16004e-06	AbsError: 8.38994e+10
      Equation: "ElectronContinuityEquation"	RelError: 5.50291e-08	AbsError: 8.38939e+10
      Equation: "HoleContinuityEquation"	RelError: 6.42098e-07	AbsError: 5.46546e+06
      Equation: "PotentialEquation"	RelError: 3.46291e-06	AbsError: 8.58438e-10
    Region: "oxide"	RelError: 9.46823e-10	AbsError: 5.61476e-10
      Equation: "PotentialEquation"	RelError: 9.46823e-10	AbsError: 5.61476e-10
Iteration: 3
  Device: "part1_baseline"	RelError: 6.57416e-15	AbsError: 4.73462e+01
    Region: "bulk"	RelError: 6.57364e-15	AbsError: 4.73462e+01
      Equation: "ElectronContinuityEquation"	RelError: 4.78946e-16	AbsError: 4.73417e+01
      Equation: "HoleContinuityEquation"	RelError: 2.92076e-15	AbsError: 4.41556e-03
      Equation: "PotentialEquation"	RelError: 3.17393e-15	AbsError: 1.28795e-18
    Region: "oxide"	RelError: 5.19884e-19	AbsError: 2.98134e-19
      Equation: "PotentialEquation"	RelError: 5.19884e-19	AbsError: 2.98134e-19
number of equations 7095
Iteration: 0
  Device: "part1_baseline"	RelError: 4.02334e+01	AbsError: 6.13320e+17
    Region: "bulk"	RelError: 4.02168e+01	AbsError: 6.13320e+17
      Equation: "ElectronContinuityEquation"	RelError: 4.29941e-02	AbsError: 6.13318e+17
      Equation: "HoleContinuityEquation"	RelError: 4.78357e-02	AbsError: 1.57927e+12
      Equation: "PotentialEquation"	RelError: 4.01260e+01	AbsError: 1.15137e-03
    Region: "oxide"	RelError: 1.66234e-02	AbsError: 2.00000e-02
      Equation: "PotentialEquation"	RelError: 1.66234e-02	AbsError: 2.00000e-02
Iteration: 1
  Device: "part1_baseline"	RelError: 5.18513e-01	AbsError: 2.60875e+15
    Region: "bulk"	RelError: 5.18477e-01	AbsError: 2.60875e+15
      Equation: "ElectronContinuityEquation"	RelError: 2.48074e-04	AbsError: 2.60871e+15
      Equation: "HoleContinuityEquation"	RelError: 1.89633e-03	AbsError: 4.05504e+10
      Equation: "PotentialEquation"	RelError: 5.16333e-01	AbsError: 2.05328e-05
    Region: "oxide"	RelError: 3.56339e-05	AbsError: 2.05328e-05
      Equation: "PotentialEquation"	RelError: 3.56339e-05	AbsError: 2.05328e-05
Iteration: 2
  Device: "part1_baseline"	RelError: 6.23954e-05	AbsError: 7.42551e+10
    Region: "bulk"	RelError: 6.23946e-05	AbsError: 7.42551e+10
      Equation: "ElectronContinuityEquation"	RelError: 4.76534e-08	AbsError: 7.42502e+10
      Equation: "HoleContinuityEquation"	RelError: 5.60087e-07	AbsError: 4.90706e+06
      Equation: "PotentialEquation"	RelError: 6.17868e-05	AbsError: 7.65401e-10
    Region: "oxide"	RelError: 8.55058e-10	AbsError: 5.07986e-10
      Equation: "PotentialEquation"	RelError: 8.55058e-10	AbsError: 5.07986e-10
Iteration: 3
  Device: "part1_baseline"	RelError: 5.12631e-14	AbsError: 3.61654e+01
    Region: "bulk"	RelError: 5.12627e-14	AbsError: 3.61654e+01
      Equation: "ElectronContinuityEquation"	RelError: 3.73712e-16	AbsError: 3.61620e+01
      Equation: "HoleContinuityEquation"	RelError: 2.18722e-15	AbsError: 3.42756e-03
      Equation: "PotentialEquation"	RelError: 4.87018e-14	AbsError: 9.71588e-19
    Region: "oxide"	RelError: 3.90217e-19	AbsError: 2.24215e-19
      Equation: "PotentialEquation"	RelError: 3.90217e-19	AbsError: 2.24215e-19
number of equations 7095
Iteration: 0
  Device: "part1_baseline"	RelError: 8.44359e+00	AbsError: 6.17861e+17
    Region: "bulk"	RelError: 8.42724e+00	AbsError: 6.17861e+17
      Equation: "ElectronContinuityEquation"	RelError: 4.15460e-02	AbsError: 6.17860e+17
      Equation: "HoleContinuityEquation"	RelError: 4.60492e-02	AbsError: 1.49976e+12
      Equation: "PotentialEquation"	RelError: 8.33965e+00	AbsError: 1.11150e-03
    Region: "oxide"	RelError: 1.63516e-02	AbsError: 2.00000e-02
      Equation: "PotentialEquation"	RelError: 1.63516e-02	AbsError: 2.00000e-02
Iteration: 1
  Device: "part1_baseline"	RelError: 1.70157e-01	AbsError: 2.46911e+15
    Region: "bulk"	RelError: 1.70124e-01	AbsError: 2.46911e+15
      Equation: "ElectronContinuityEquation"	RelError: 2.32982e-04	AbsError: 2.46907e+15
      Equation: "HoleContinuityEquation"	RelError: 1.76860e-03	AbsError: 3.73203e+10
      Equation: "PotentialEquation"	RelError: 1.68122e-01	AbsError: 1.92441e-05
    Region: "oxide"	RelError: 3.33494e-05	AbsError: 1.92441e-05
      Equation: "PotentialEquation"	RelError: 3.33494e-05	AbsError: 1.92441e-05
Iteration: 2
  Device: "part1_baseline"	RelError: 1.84136e-05	AbsError: 6.59631e+10
    Region: "bulk"	RelError: 1.84129e-05	AbsError: 6.59631e+10
      Equation: "ElectronContinuityEquation"	RelError: 4.14384e-08	AbsError: 6.59586e+10
      Equation: "HoleContinuityEquation"	RelError: 4.90259e-07	AbsError: 4.41598e+06
      Equation: "PotentialEquation"	RelError: 1.78812e-05	AbsError: 6.84257e-10
    Region: "oxide"	RelError: 7.74066e-10	AbsError: 4.60679e-10
      Equation: "PotentialEquation"	RelError: 7.74066e-10	AbsError: 4.60679e-10
Iteration: 3
  Device: "part1_baseline"	RelError: 1.29127e-14	AbsError: 2.77870e+01
    Region: "bulk"	RelError: 1.29124e-14	AbsError: 2.77870e+01
      Equation: "ElectronContinuityEquation"	RelError: 2.93456e-16	AbsError: 2.77843e+01
      Equation: "HoleContinuityEquation"	RelError: 1.64935e-15	AbsError: 2.67801e-03
      Equation: "PotentialEquation"	RelError: 1.09696e-14	AbsError: 7.37948e-19
    Region: "oxide"	RelError: 2.92701e-19	AbsError: 1.68502e-19
      Equation: "PotentialEquation"	RelError: 2.92701e-19	AbsError: 1.68502e-19
number of equations 7095
Iteration: 0
  Device: "part1_baseline"	RelError: 1.27903e+00	AbsError: 6.22173e+17
    Region: "bulk"	RelError: 1.26294e+00	AbsError: 6.22173e+17
      Equation: "ElectronContinuityEquation"	RelError: 4.01838e-02	AbsError: 6.22172e+17
      Equation: "HoleContinuityEquation"	RelError: 4.43795e-02	AbsError: 1.42654e+12
      Equation: "PotentialEquation"	RelError: 1.17838e+00	AbsError: 1.07414e-03
    Region: "oxide"	RelError: 1.60885e-02	AbsError: 2.00000e-02
      Equation: "PotentialEquation"	RelError: 1.60885e-02	AbsError: 2.00000e-02
Iteration: 1
  Device: "part1_baseline"	RelError: 3.03763e-02	AbsError: 2.33952e+15
    Region: "bulk"	RelError: 3.03451e-02	AbsError: 2.33952e+15
      Equation: "ElectronContinuityEquation"	RelError: 2.19077e-04	AbsError: 2.33949e+15
      Equation: "HoleContinuityEquation"	RelError: 1.65263e-03	AbsError: 3.44279e+10
      Equation: "PotentialEquation"	RelError: 2.84734e-02	AbsError: 1.80666e-05
    Region: "oxide"	RelError: 3.12655e-05	AbsError: 1.80666e-05
      Equation: "PotentialEquation"	RelError: 3.12655e-05	AbsError: 1.80666e-05
Iteration: 2
  Device: "part1_baseline"	RelError: 3.42851e-06	AbsError: 5.88054e+10
    Region: "bulk"	RelError: 3.42781e-06	AbsError: 5.88054e+10
      Equation: "ElectronContinuityEquation"	RelError: 3.61765e-08	AbsError: 5.88014e+10
      Equation: "HoleContinuityEquation"	RelError: 4.30574e-07	AbsError: 3.98294e+06
      Equation: "PotentialEquation"	RelError: 2.96106e-06	AbsError: 6.13271e-10
    Region: "oxide"	RelError: 7.02380e-10	AbsError: 4.18726e-10
      Equation: "PotentialEquation"	RelError: 7.02380e-10	AbsError: 4.18726e-10
Iteration: 3
  Device: "part1_baseline"	RelError: 3.06961e-15	AbsError: 2.14724e+01
    Region: "bulk"	RelError: 3.06939e-15	AbsError: 2.14724e+01
      Equation: "ElectronContinuityEquation"	RelError: 2.31822e-16	AbsError: 2.14702e+01
      Equation: "HoleContinuityEquation"	RelError: 1.25398e-15	AbsError: 2.10656e-03
      Equation: "PotentialEquation"	RelError: 1.58359e-15	AbsError: 5.64275e-19
    Region: "oxide"	RelError: 2.18842e-19	AbsError: 1.26213e-19
      Equation: "PotentialEquation"	RelError: 2.18842e-19	AbsError: 1.26213e-19
number of equations 7095
Iteration: 0
  Device: "part1_baseline"	RelError: 6.33669e-01	AbsError: 6.26272e+17
    Region: "bulk"	RelError: 6.17835e-01	AbsError: 6.26272e+17
      Equation: "ElectronContinuityEquation"	RelError: 3.89006e-02	AbsError: 6.26270e+17
      Equation: "HoleContinuityEquation"	RelError: 4.28161e-02	AbsError: 1.35896e+12
      Equation: "PotentialEquation"	RelError: 5.36119e-01	AbsError: 1.03906e-03
    Region: "oxide"	RelError: 1.58338e-02	AbsError: 2.00000e-02
      Equation: "PotentialEquation"	RelError: 1.58338e-02	AbsError: 2.00000e-02
Iteration: 1
  Device: "part1_baseline"	RelError: 1.41536e-02	AbsError: 2.21912e+15
    Region: "bulk"	RelError: 1.41242e-02	AbsError: 2.21912e+15
      Equation: "ElectronContinuityEquation"	RelError: 2.06252e-04	AbsError: 2.21909e+15
      Equation: "HoleContinuityEquation"	RelError: 1.54708e-03	AbsError: 3.18304e+10
      Equation: "PotentialEquation"	RelError: 1.23709e-02	AbsError: 1.69883e-05
    Region: "oxide"	RelError: 2.93603e-05	AbsError: 1.69883e-05
      Equation: "PotentialEquation"	RelError: 2.93603e-05	AbsError: 1.69883e-05
Iteration: 2
  Device: "part1_baseline"	RelError: 1.66959e-06	AbsError: 5.26031e+10
    Region: "bulk"	RelError: 1.66896e-06	AbsError: 5.26031e+10
      Equation: "ElectronContinuityEquation"	RelError: 3.17012e-08	AbsError: 5.25995e+10
      Equation: "HoleContinuityEquation"	RelError: 3.79368e-07	AbsError: 3.60010e+06
      Equation: "PotentialEquation"	RelError: 1.25789e-06	AbsError: 5.50993e-10
    Region: "oxide"	RelError: 6.38757e-10	AbsError: 3.81422e-10
      Equation: "PotentialEquation"	RelError: 6.38757e-10	AbsError: 3.81422e-10
Iteration: 3
  Device: "part1_baseline"	RelError: 1.73293e-15	AbsError: 1.66858e+01
    Region: "bulk"	RelError: 1.73277e-15	AbsError: 1.66858e+01
      Equation: "ElectronContinuityEquation"	RelError: 1.84182e-16	AbsError: 1.66841e+01
      Equation: "HoleContinuityEquation"	RelError: 9.59480e-16	AbsError: 1.66805e-03
      Equation: "PotentialEquation"	RelError: 5.89108e-16	AbsError: 4.34397e-19
    Region: "oxide"	RelError: 1.62950e-19	AbsError: 9.41441e-20
      Equation: "PotentialEquation"	RelError: 1.62950e-19	AbsError: 9.41441e-20
number of equations 7095
Iteration: 0
  Device: "part1_baseline"	RelError: 4.36005e-01	AbsError: 6.30171e+17
    Region: "bulk"	RelError: 4.20418e-01	AbsError: 6.30171e+17
      Equation: "ElectronContinuityEquation"	RelError: 3.76900e-02	AbsError: 6.30169e+17
      Equation: "HoleContinuityEquation"	RelError: 4.13497e-02	AbsError: 1.29645e+12
      Equation: "PotentialEquation"	RelError: 3.41378e-01	AbsError: 1.00619e-03
    Region: "oxide"	RelError: 1.55870e-02	AbsError: 2.00000e-02
      Equation: "PotentialEquation"	RelError: 1.55870e-02	AbsError: 2.00000e-02
Iteration: 1
  Device: "part1_baseline"	RelError: 9.28406e-03	AbsError: 2.10713e+15
    Region: "bulk"	RelError: 9.25644e-03	AbsError: 2.10713e+15
      Equation: "ElectronContinuityEquation"	RelError: 1.94410e-04	AbsError: 2.10710e+15
      Equation: "HoleContinuityEquation"	RelError: 1.45078e-03	AbsError: 2.94911e+10
      Equation: "PotentialEquation"	RelError: 7.61125e-03	AbsError: 1.59987e-05
    Region: "oxide"	RelError: 2.76148e-05	AbsError: 1.59987e-05
      Equation: "PotentialEquation"	RelError: 2.76148e-05	AbsError: 1.59987e-05
Iteration: 2
  Device: "part1_baseline"	RelError: 1.12044e-06	AbsError: 4.72082e+10
    Region: "bulk"	RelError: 1.11985e-06	AbsError: 4.72082e+10
      Equation: "ElectronContinuityEquation"	RelError: 2.78787e-08	AbsError: 4.72050e+10
      Equation: "HoleContinuityEquation"	RelError: 3.35279e-07	AbsError: 3.26080e+06
      Equation: "PotentialEquation"	RelError: 7.56695e-07	AbsError: 4.96203e-10
    Region: "oxide"	RelError: 5.82140e-10	AbsError: 3.48165e-10
      Equation: "PotentialEquation"	RelError: 5.82140e-10	AbsError: 3.48165e-10
Iteration: 3
  Device: "part1_baseline"	RelError: 1.19741e-15	AbsError: 1.30371e+01
    Region: "bulk"	RelError: 1.19729e-15	AbsError: 1.30371e+01
      Equation: "ElectronContinuityEquation"	RelError: 1.47131e-16	AbsError: 1.30358e+01
      Equation: "HoleContinuityEquation"	RelError: 7.38649e-16	AbsError: 1.32879e-03
      Equation: "PotentialEquation"	RelError: 3.11512e-16	AbsError: 3.36572e-19
    Region: "oxide"	RelError: 1.20912e-19	AbsError: 6.99761e-20
      Equation: "PotentialEquation"	RelError: 1.20912e-19	AbsError: 6.99761e-20
number of equations 7095
Iteration: 0
  Device: "part1_baseline"	RelError: 3.39388e-01	AbsError: 6.33884e+17
    Region: "bulk"	RelError: 3.24040e-01	AbsError: 6.33884e+17
      Equation: "ElectronContinuityEquation"	RelError: 3.65465e-02	AbsError: 6.33883e+17
      Equation: "HoleContinuityEquation"	RelError: 3.99720e-02	AbsError: 1.23851e+12
      Equation: "PotentialEquation"	RelError: 2.47521e-01	AbsError: 9.75187e-04
    Region: "oxide"	RelError: 1.53478e-02	AbsError: 2.00000e-02
      Equation: "PotentialEquation"	RelError: 1.53478e-02	AbsError: 2.00000e-02
Iteration: 1
  Device: "part1_baseline"	RelError: 6.92104e-03	AbsError: 2.00283e+15
    Region: "bulk"	RelError: 6.89503e-03	AbsError: 2.00283e+15
      Equation: "ElectronContinuityEquation"	RelError: 1.83461e-04	AbsError: 2.00280e+15
      Equation: "HoleContinuityEquation"	RelError: 1.36273e-03	AbsError: 2.73788e+10
      Equation: "PotentialEquation"	RelError: 5.34883e-03	AbsError: 1.50888e-05
    Region: "oxide"	RelError: 2.60122e-05	AbsError: 1.50888e-05
      Equation: "PotentialEquation"	RelError: 2.60122e-05	AbsError: 1.50888e-05
Iteration: 2
  Device: "part1_baseline"	RelError: 8.42255e-07	AbsError: 4.24986e+10
    Region: "bulk"	RelError: 8.41723e-07	AbsError: 4.24986e+10
      Equation: "ElectronContinuityEquation"	RelError: 2.46003e-08	AbsError: 4.24957e+10
      Equation: "HoleContinuityEquation"	RelError: 2.97187e-07	AbsError: 2.95939e+06
      Equation: "PotentialEquation"	RelError: 5.19936e-07	AbsError: 4.47871e-10
    Region: "oxide"	RelError: 5.31628e-10	AbsError: 3.18442e-10
      Equation: "PotentialEquation"	RelError: 5.31628e-10	AbsError: 3.18442e-10
number of equations 7095
Iteration: 0
  Device: "part1_baseline"	RelError: 3.84288e-01	AbsError: 6.37423e+17
    Region: "bulk"	RelError: 3.69172e-01	AbsError: 6.37423e+17
      Equation: "ElectronContinuityEquation"	RelError: 3.54649e-02	AbsError: 6.37422e+17
      Equation: "HoleContinuityEquation"	RelError: 3.86757e-02	AbsError: 1.18469e+12
      Equation: "PotentialEquation"	RelError: 2.95031e-01	AbsError: 9.46002e-04
    Region: "oxide"	RelError: 1.51158e-02	AbsError: 2.00000e-02
      Equation: "PotentialEquation"	RelError: 1.51158e-02	AbsError: 2.00000e-02
Iteration: 1
  Device: "part1_baseline"	RelError: 7.78748e-03	AbsError: 1.90560e+15
    Region: "bulk"	RelError: 7.76294e-03	AbsError: 1.90560e+15
      Equation: "ElectronContinuityEquation"	RelError: 1.73327e-04	AbsError: 1.90557e+15
      Equation: "HoleContinuityEquation"	RelError: 1.28205e-03	AbsError: 2.54665e+10
      Equation: "PotentialEquation"	RelError: 6.30756e-03	AbsError: 1.42506e-05
    Region: "oxide"	RelError: 2.45410e-05	AbsError: 1.42506e-05
      Equation: "PotentialEquation"	RelError: 2.45410e-05	AbsError: 1.42506e-05
Iteration: 2
  Device: "part1_baseline"	RelError: 8.91668e-07	AbsError: 3.83727e+10
    Region: "bulk"	RelError: 8.91181e-07	AbsError: 3.83727e+10
      Equation: "ElectronContinuityEquation"	RelError: 2.17776e-08	AbsError: 3.83700e+10
      Equation: "HoleContinuityEquation"	RelError: 2.64167e-07	AbsError: 2.69101e+06
      Equation: "PotentialEquation"	RelError: 6.05236e-07	AbsError: 4.05126e-10
    Region: "oxide"	RelError: 4.86453e-10	AbsError: 2.91815e-10
      Equation: "PotentialEquation"	RelError: 4.86453e-10	AbsError: 2.91815e-10
number of equations 7095
Iteration: 0
  Device: "part1_baseline"	RelError: 4.77034e-01	AbsError: 6.40800e+17
    Region: "bulk"	RelError: 4.62144e-01	AbsError: 6.40800e+17
      Equation: "ElectronContinuityEquation"	RelError: 3.44407e-02	AbsError: 6.40799e+17
      Equation: "HoleContinuityEquation"	RelError: 3.74539e-02	AbsError: 1.13461e+12
      Equation: "PotentialEquation"	RelError: 3.90249e-01	AbsError: 9.18491e-04
    Region: "oxide"	RelError: 1.48907e-02	AbsError: 2.00000e-02
      Equation: "PotentialEquation"	RelError: 1.48907e-02	AbsError: 2.00000e-02
Iteration: 1
  Device: "part1_baseline"	RelError: 9.50112e-03	AbsError: 1.81484e+15
    Region: "bulk"	RelError: 9.47794e-03	AbsError: 1.81484e+15
      Equation: "ElectronContinuityEquation"	RelError: 1.63936e-04	AbsError: 1.81481e+15
      Equation: "HoleContinuityEquation"	RelError: 1.20796e-03	AbsError: 2.37312e+10
      Equation: "PotentialEquation"	RelError: 8.10604e-03	AbsError: 1.34770e-05
    Region: "oxide"	RelError: 2.31854e-05	AbsError: 1.34770e-05
      Equation: "PotentialEquation"	RelError: 2.31854e-05	AbsError: 1.34770e-05
Iteration: 2
  Device: "part1_baseline"	RelError: 1.01598e-06	AbsError: 3.47456e+10
    Region: "bulk"	RelError: 1.01553e-06	AbsError: 3.47456e+10
      Equation: "ElectronContinuityEquation"	RelError: 1.93381e-08	AbsError: 3.47431e+10
      Equation: "HoleContinuityEquation"	RelError: 2.35453e-07	AbsError: 2.45152e+06
      Equation: "PotentialEquation"	RelError: 7.60740e-07	AbsError: 3.67229e-10
    Region: "oxide"	RelError: 4.45955e-10	AbsError: 2.67905e-10
      Equation: "PotentialEquation"	RelError: 4.45955e-10	AbsError: 2.67905e-10
Iteration: 3
  Device: "part1_baseline"	RelError: 6.48479e-16	AbsError: 6.41601e+00
    Region: "bulk"	RelError: 6.48433e-16	AbsError: 6.41601e+00
      Equation: "ElectronContinuityEquation"	RelError: 7.72980e-17	AbsError: 6.41531e+00
      Equation: "HoleContinuityEquation"	RelError: 3.48792e-16	AbsError: 6.98422e-04
      Equation: "PotentialEquation"	RelError: 2.22343e-16	AbsError: 1.64020e-19
    Region: "oxide"	RelError: 4.63882e-20	AbsError: 2.69322e-20
      Equation: "PotentialEquation"	RelError: 4.63882e-20	AbsError: 2.69322e-20
number of equations 7095
Iteration: 0
  Device: "part1_baseline"	RelError: 6.74426e-01	AbsError: 6.44025e+17
    Region: "bulk"	RelError: 6.59753e-01	AbsError: 6.44025e+17
      Equation: "ElectronContinuityEquation"	RelError: 3.34695e-02	AbsError: 6.44024e+17
      Equation: "HoleContinuityEquation"	RelError: 3.63060e-02	AbsError: 1.08793e+12
      Equation: "PotentialEquation"	RelError: 5.89978e-01	AbsError: 8.92438e-04
    Region: "oxide"	RelError: 1.46722e-02	AbsError: 2.00000e-02
      Equation: "PotentialEquation"	RelError: 1.46722e-02	AbsError: 2.00000e-02
Iteration: 1
  Device: "part1_baseline"	RelError: 1.32061e-02	AbsError: 1.73003e+15
    Region: "bulk"	RelError: 1.31842e-02	AbsError: 1.73003e+15
      Equation: "ElectronContinuityEquation"	RelError: 1.55222e-04	AbsError: 1.73001e+15
      Equation: "HoleContinuityEquation"	RelError: 1.13980e-03	AbsError: 2.21527e+10
      Equation: "PotentialEquation"	RelError: 1.18892e-02	AbsError: 1.27617e-05
    Region: "oxide"	RelError: 2.19335e-05	AbsError: 1.27617e-05
      Equation: "PotentialEquation"	RelError: 2.19335e-05	AbsError: 1.27617e-05
Iteration: 2
  Device: "part1_baseline"	RelError: 1.31939e-06	AbsError: 3.15465e+10
    Region: "bulk"	RelError: 1.31898e-06	AbsError: 3.15465e+10
      Equation: "ElectronContinuityEquation"	RelError: 1.72224e-08	AbsError: 3.15443e+10
      Equation: "HoleContinuityEquation"	RelError: 2.10406e-07	AbsError: 2.23737e+06
      Equation: "PotentialEquation"	RelError: 1.09135e-06	AbsError: 3.33548e-10
    Region: "oxide"	RelError: 4.09567e-10	AbsError: 2.46388e-10
      Equation: "PotentialEquation"	RelError: 4.09567e-10	AbsError: 2.46388e-10
Iteration: 3
  Device: "part1_baseline"	RelError: 6.23418e-16	AbsError: 5.11609e+00
    Region: "bulk"	RelError: 6.23382e-16	AbsError: 5.11609e+00
      Equation: "ElectronContinuityEquation"	RelError: 6.29560e-17	AbsError: 5.11552e+00
      Equation: "HoleContinuityEquation"	RelError: 2.74536e-16	AbsError: 5.70997e-04
      Equation: "PotentialEquation"	RelError: 2.85890e-16	AbsError: 1.30937e-19
    Region: "oxide"	RelError: 3.59469e-20	AbsError: 2.16251e-20
      Equation: "PotentialEquation"	RelError: 3.59469e-20	AbsError: 2.16251e-20
number of equations 7095
Iteration: 0
  Device: "part1_baseline"	RelError: 1.35219e+00	AbsError: 6.47107e+17
    Region: "bulk"	RelError: 1.33773e+00	AbsError: 6.47107e+17
      Equation: "ElectronContinuityEquation"	RelError: 3.25477e-02	AbsError: 6.47106e+17
      Equation: "HoleContinuityEquation"	RelError: 3.52790e-02	AbsError: 1.04433e+12
      Equation: "PotentialEquation"	RelError: 1.26991e+00	AbsError: 8.67811e-04
    Region: "oxide"	RelError: 1.44600e-02	AbsError: 2.00000e-02
      Equation: "PotentialEquation"	RelError: 1.44600e-02	AbsError: 2.00000e-02
Iteration: 1
  Device: "part1_baseline"	RelError: 2.58601e-02	AbsError: 1.65069e+15
    Region: "bulk"	RelError: 2.58393e-02	AbsError: 1.65069e+15
      Equation: "ElectronContinuityEquation"	RelError: 1.47127e-04	AbsError: 1.65067e+15
      Equation: "HoleContinuityEquation"	RelError: 1.07697e-03	AbsError: 2.07138e+10
      Equation: "PotentialEquation"	RelError: 2.46152e-02	AbsError: 1.20993e-05
    Region: "oxide"	RelError: 2.07754e-05	AbsError: 1.20993e-05
      Equation: "PotentialEquation"	RelError: 2.07754e-05	AbsError: 1.20993e-05
Iteration: 2
  Device: "part1_baseline"	RelError: 2.41446e-06	AbsError: 2.87160e+10
    Region: "bulk"	RelError: 2.41408e-06	AbsError: 2.87160e+10
      Equation: "ElectronContinuityEquation"	RelError: 1.53811e-08	AbsError: 2.87140e+10
      Equation: "HoleContinuityEquation"	RelError: 1.88494e-07	AbsError: 2.04546e+06
      Equation: "PotentialEquation"	RelError: 2.21021e-06	AbsError: 3.03545e-10
    Region: "oxide"	RelError: 3.76800e-10	AbsError: 2.26983e-10
      Equation: "PotentialEquation"	RelError: 3.76800e-10	AbsError: 2.26983e-10
Iteration: 3
  Device: "part1_baseline"	RelError: 7.90095e-16	AbsError: 4.09886e+00
    Region: "bulk"	RelError: 7.90062e-16	AbsError: 4.09886e+00
      Equation: "ElectronContinuityEquation"	RelError: 5.14978e-17	AbsError: 4.09839e+00
      Equation: "HoleContinuityEquation"	RelError: 2.17177e-16	AbsError: 4.69606e-04
      Equation: "PotentialEquation"	RelError: 5.21387e-16	AbsError: 1.05196e-19
    Region: "oxide"	RelError: 3.30215e-20	AbsError: 1.98920e-20
      Equation: "PotentialEquation"	RelError: 3.30215e-20	AbsError: 1.98920e-20
number of equations 7095
Iteration: 0
  Device: "part1_baseline"	RelError: 6.34447e+00	AbsError: 6.50055e+17
    Region: "bulk"	RelError: 6.33021e+00	AbsError: 6.50055e+17
      Equation: "ElectronContinuityEquation"	RelError: 3.16717e-02	AbsError: 6.50054e+17
      Equation: "HoleContinuityEquation"	RelError: 3.43050e-02	AbsError: 1.00355e+12
      Equation: "PotentialEquation"	RelError: 6.26424e+00	AbsError: 8.44512e-04
    Region: "oxide"	RelError: 1.42539e-02	AbsError: 2.00000e-02
      Equation: "PotentialEquation"	RelError: 1.42539e-02	AbsError: 2.00000e-02
Iteration: 1
  Device: "part1_baseline"	RelError: 1.39310e-01	AbsError: 1.57640e+15
    Region: "bulk"	RelError: 1.39290e-01	AbsError: 1.57640e+15
      Equation: "ElectronContinuityEquation"	RelError: 1.39597e-04	AbsError: 1.57638e+15
      Equation: "HoleContinuityEquation"	RelError: 1.01894e-03	AbsError: 1.93992e+10
      Equation: "PotentialEquation"	RelError: 1.38132e-01	AbsError: 1.14848e-05
    Region: "oxide"	RelError: 1.97022e-05	AbsError: 1.14848e-05
      Equation: "PotentialEquation"	RelError: 1.97022e-05	AbsError: 1.14848e-05
Iteration: 2
  Device: "part1_baseline"	RelError: 1.23163e-05	AbsError: 2.62039e+10
    Region: "bulk"	RelError: 1.23160e-05	AbsError: 2.62039e+10
      Equation: "ElectronContinuityEquation"	RelError: 1.37736e-08	AbsError: 2.62020e+10
      Equation: "HoleContinuityEquation"	RelError: 1.69269e-07	AbsError: 1.87316e+06
      Equation: "PotentialEquation"	RelError: 1.21329e-05	AbsError: 2.76760e-10
    Region: "oxide"	RelError: 3.47232e-10	AbsError: 2.09446e-10
      Equation: "PotentialEquation"	RelError: 3.47232e-10	AbsError: 2.09446e-10
Iteration: 3
  Device: "part1_baseline"	RelError: 2.80127e-15	AbsError: 3.29892e+00
    Region: "bulk"	RelError: 2.80124e-15	AbsError: 3.29892e+00
      Equation: "ElectronContinuityEquation"	RelError: 4.23010e-17	AbsError: 3.29854e+00
      Equation: "HoleContinuityEquation"	RelError: 1.73632e-16	AbsError: 3.88092e-04
      Equation: "PotentialEquation"	RelError: 2.58531e-15	AbsError: 8.50543e-20
    Region: "oxide"	RelError: 3.04384e-20	AbsError: 1.83600e-20
      Equation: "PotentialEquation"	RelError: 3.04384e-20	AbsError: 1.83600e-20
number of equations 7095
Iteration: 0
  Device: "part1_baseline"	RelError: 9.50984e-01	AbsError: 6.52878e+17
    Region: "bulk"	RelError: 9.36930e-01	AbsError: 6.52878e+17
      Equation: "ElectronContinuityEquation"	RelError: 3.08383e-02	AbsError: 6.52877e+17
      Equation: "HoleContinuityEquation"	RelError: 3.33811e-02	AbsError: 9.65345e+11
      Equation: "PotentialEquation"	RelError: 8.72711e-01	AbsError: 8.22364e-04
    Region: "oxide"	RelError: 1.40536e-02	AbsError: 2.00000e-02
      Equation: "PotentialEquation"	RelError: 1.40536e-02	AbsError: 2.00000e-02
Iteration: 1
  Device: "part1_baseline"	RelError: 1.78861e-02	AbsError: 1.50674e+15
    Region: "bulk"	RelError: 1.78674e-02	AbsError: 1.50674e+15
      Equation: "ElectronContinuityEquation"	RelError: 1.32586e-04	AbsError: 1.50672e+15
      Equation: "HoleContinuityEquation"	RelError: 9.65260e-04	AbsError: 1.81959e+10
      Equation: "PotentialEquation"	RelError: 1.67696e-02	AbsError: 1.09139e-05
    Region: "oxide"	RelError: 1.87081e-05	AbsError: 1.09139e-05
      Equation: "PotentialEquation"	RelError: 1.87081e-05	AbsError: 1.09139e-05
Iteration: 2
  Device: "part1_baseline"	RelError: 1.60612e-06	AbsError: 2.39677e+10
    Region: "bulk"	RelError: 1.60580e-06	AbsError: 2.39677e+10
      Equation: "ElectronContinuityEquation"	RelError: 1.23657e-08	AbsError: 2.39660e+10
      Equation: "HoleContinuityEquation"	RelError: 1.52356e-07	AbsError: 1.71816e+06
      Equation: "PotentialEquation"	RelError: 1.44108e-06	AbsError: 2.52794e-10
    Region: "oxide"	RelError: 3.20497e-10	AbsError: 1.93566e-10
      Equation: "PotentialEquation"	RelError: 3.20497e-10	AbsError: 1.93566e-10
Iteration: 3
  Device: "part1_baseline"	RelError: 4.56327e-16	AbsError: 2.66694e+00
    Region: "bulk"	RelError: 4.56299e-16	AbsError: 2.66694e+00
      Equation: "ElectronContinuityEquation"	RelError: 3.48860e-17	AbsError: 2.66662e+00
      Equation: "HoleContinuityEquation"	RelError: 1.42510e-16	AbsError: 3.22698e-04
      Equation: "PotentialEquation"	RelError: 2.78903e-16	AbsError: 6.91796e-20
    Region: "oxide"	RelError: 2.80784e-20	AbsError: 1.69581e-20
      Equation: "PotentialEquation"	RelError: 2.80784e-20	AbsError: 1.69581e-20
number of equations 7095
Iteration: 0
  Device: "part1_baseline"	RelError: 5.37083e-01	AbsError: 6.55582e+17
    Region: "bulk"	RelError: 5.23225e-01	AbsError: 6.55582e+17
      Equation: "ElectronContinuityEquation"	RelError: 3.00448e-02	AbsError: 6.55581e+17
      Equation: "HoleContinuityEquation"	RelError: 3.25085e-02	AbsError: 9.29496e+11
      Equation: "PotentialEquation"	RelError: 4.60671e-01	AbsError: 8.01300e-04
    Region: "oxide"	RelError: 1.38589e-02	AbsError: 2.00000e-02
      Equation: "PotentialEquation"	RelError: 1.38589e-02	AbsError: 2.00000e-02
Iteration: 1
  Device: "part1_baseline"	RelError: 9.62846e-03	AbsError: 1.44137e+15
    Region: "bulk"	RelError: 9.61067e-03	AbsError: 1.44137e+15
      Equation: "ElectronContinuityEquation"	RelError: 1.26049e-04	AbsError: 1.44135e+15
      Equation: "HoleContinuityEquation"	RelError: 9.15517e-04	AbsError: 1.70921e+10
      Equation: "PotentialEquation"	RelError: 8.56911e-03	AbsError: 1.03829e-05
    Region: "oxide"	RelError: 1.77846e-05	AbsError: 1.03829e-05
      Equation: "PotentialEquation"	RelError: 1.77846e-05	AbsError: 1.03829e-05
Iteration: 2
  Device: "part1_baseline"	RelError: 8.69366e-07	AbsError: 2.19715e+10
    Region: "bulk"	RelError: 8.69070e-07	AbsError: 2.19715e+10
      Equation: "ElectronContinuityEquation"	RelError: 1.11290e-08	AbsError: 2.19699e+10
      Equation: "HoleContinuityEquation"	RelError: 1.37437e-07	AbsError: 1.57847e+06
      Equation: "PotentialEquation"	RelError: 7.20503e-07	AbsError: 2.31307e-10
    Region: "oxide"	RelError: 2.96275e-10	AbsError: 1.79159e-10
      Equation: "PotentialEquation"	RelError: 2.96275e-10	AbsError: 1.79159e-10
number of equations 7095
Iteration: 0
  Device: "part1_baseline"	RelError: 3.83864e-01	AbsError: 6.58175e+17
    Region: "bulk"	RelError: 3.70194e-01	AbsError: 6.58175e+17
      Equation: "ElectronContinuityEquation"	RelError: 2.92883e-02	AbsError: 6.58174e+17
      Equation: "HoleContinuityEquation"	RelError: 3.16780e-02	AbsError: 8.95810e+11
      Equation: "PotentialEquation"	RelError: 3.09228e-01	AbsError: 7.81363e-04
    Region: "oxide"	RelError: 1.36694e-02	AbsError: 2.00000e-02
      Equation: "PotentialEquation"	RelError: 1.36694e-02	AbsError: 2.00000e-02
Iteration: 1
  Device: "part1_baseline"	RelError: 6.60582e-03	AbsError: 1.37995e+15
    Region: "bulk"	RelError: 6.58890e-03	AbsError: 1.37995e+15
      Equation: "ElectronContinuityEquation"	RelError: 1.19948e-04	AbsError: 1.37994e+15
      Equation: "HoleContinuityEquation"	RelError: 8.69348e-04	AbsError: 1.60778e+10
      Equation: "PotentialEquation"	RelError: 5.59960e-03	AbsError: 9.88832e-06
    Region: "oxide"	RelError: 1.69247e-05	AbsError: 9.88832e-06
      Equation: "PotentialEquation"	RelError: 1.69247e-05	AbsError: 9.88832e-06
Iteration: 2
  Device: "part1_baseline"	RelError: 5.95282e-07	AbsError: 2.01847e+10
    Region: "bulk"	RelError: 5.95007e-07	AbsError: 2.01847e+10
      Equation: "ElectronContinuityEquation"	RelError: 1.00396e-08	AbsError: 2.01832e+10
      Equation: "HoleContinuityEquation"	RelError: 1.24245e-07	AbsError: 1.45234e+06
      Equation: "PotentialEquation"	RelError: 4.60723e-07	AbsError: 2.12003e-10
    Region: "oxide"	RelError: 2.74290e-10	AbsError: 1.66064e-10
      Equation: "PotentialEquation"	RelError: 2.74290e-10	AbsError: 1.66064e-10
number of equations 7095
Iteration: 0
  Device: "part1_baseline"	RelError: 4.44261e-01	AbsError: 6.60663e+17
    Region: "bulk"	RelError: 4.30776e-01	AbsError: 6.60663e+17
      Equation: "ElectronContinuityEquation"	RelError: 2.85666e-02	AbsError: 6.60662e+17
      Equation: "HoleContinuityEquation"	RelError: 3.08867e-02	AbsError: 8.64112e+11
      Equation: "PotentialEquation"	RelError: 3.71323e-01	AbsError: 7.62347e-04
    Region: "oxide"	RelError: 1.34851e-02	AbsError: 2.00000e-02
      Equation: "PotentialEquation"	RelError: 1.34851e-02	AbsError: 2.00000e-02
Iteration: 1
  Device: "part1_baseline"	RelError: 7.33161e-03	AbsError: 1.32219e+15
    Region: "bulk"	RelError: 7.31549e-03	AbsError: 1.32219e+15
      Equation: "ElectronContinuityEquation"	RelError: 1.14247e-04	AbsError: 1.32218e+15
      Equation: "HoleContinuityEquation"	RelError: 8.26429e-04	AbsError: 1.51440e+10
      Equation: "PotentialEquation"	RelError: 6.37481e-03	AbsError: 9.42676e-06
    Region: "oxide"	RelError: 1.61230e-05	AbsError: 9.42676e-06
      Equation: "PotentialEquation"	RelError: 1.61230e-05	AbsError: 9.42676e-06
Iteration: 2
  Device: "part1_baseline"	RelError: 6.30079e-07	AbsError: 1.85810e+10
    Region: "bulk"	RelError: 6.29825e-07	AbsError: 1.85810e+10
      Equation: "ElectronContinuityEquation"	RelError: 9.07723e-09	AbsError: 1.85797e+10
      Equation: "HoleContinuityEquation"	RelError: 1.12549e-07	AbsError: 1.33826e+06
      Equation: "PotentialEquation"	RelError: 5.08198e-07	AbsError: 1.94626e-10
    Region: "oxide"	RelError: 2.54299e-10	AbsError: 1.54141e-10
      Equation: "PotentialEquation"	RelError: 2.54299e-10	AbsError: 1.54141e-10
number of equations 7095
Iteration: 0
  Device: "part1_baseline"	RelError: 6.24907e-01	AbsError: 6.63052e+17
    Region: "bulk"	RelError: 6.11602e-01	AbsError: 6.63052e+17
      Equation: "ElectronContinuityEquation"	RelError: 2.78773e-02	AbsError: 6.63052e+17
      Equation: "HoleContinuityEquation"	RelError: 3.01321e-02	AbsError: 8.34246e+11
      Equation: "PotentialEquation"	RelError: 5.53592e-01	AbsError: 7.44192e-04
    Region: "oxide"	RelError: 1.33056e-02	AbsError: 2.00000e-02
      Equation: "PotentialEquation"	RelError: 1.33056e-02	AbsError: 2.00000e-02
Iteration: 1
  Device: "part1_baseline"	RelError: 1.01676e-02	AbsError: 1.26782e+15
    Region: "bulk"	RelError: 1.01523e-02	AbsError: 1.26782e+15
      Equation: "ElectronContinuityEquation"	RelError: 1.08914e-04	AbsError: 1.26781e+15
      Equation: "HoleContinuityEquation"	RelError: 7.86472e-04	AbsError: 1.42829e+10
      Equation: "PotentialEquation"	RelError: 9.25687e-03	AbsError: 8.99547e-06
    Region: "oxide"	RelError: 1.53744e-05	AbsError: 8.99547e-06
      Equation: "PotentialEquation"	RelError: 1.53744e-05	AbsError: 8.99547e-06
Iteration: 2
  Device: "part1_baseline"	RelError: 8.32857e-07	AbsError: 1.71382e+10
    Region: "bulk"	RelError: 8.32621e-07	AbsError: 1.71382e+10
      Equation: "ElectronContinuityEquation"	RelError: 8.22489e-09	AbsError: 1.71369e+10
      Equation: "HoleContinuityEquation"	RelError: 1.02157e-07	AbsError: 1.23490e+06
      Equation: "PotentialEquation"	RelError: 7.22239e-07	AbsError: 1.78955e-10
    Region: "oxide"	RelError: 2.36088e-10	AbsError: 1.43267e-10
      Equation: "PotentialEquation"	RelError: 2.36088e-10	AbsError: 1.43267e-10
number of equations 7095
Iteration: 0
  Device: "part1_baseline"	RelError: 1.19802e+00	AbsError: 6.65348e+17
    Region: "bulk"	RelError: 1.18488e+00	AbsError: 6.65348e+17
      Equation: "ElectronContinuityEquation"	RelError: 2.72185e-02	AbsError: 6.65348e+17
      Equation: "HoleContinuityEquation"	RelError: 2.94117e-02	AbsError: 8.06069e+11
      Equation: "PotentialEquation"	RelError: 1.12825e+00	AbsError: 7.26870e-04
    Region: "oxide"	RelError: 1.31309e-02	AbsError: 2.00000e-02
      Equation: "PotentialEquation"	RelError: 1.31309e-02	AbsError: 2.00000e-02
Iteration: 1
  Device: "part1_baseline"	RelError: 1.91368e-02	AbsError: 1.21659e+15
    Region: "bulk"	RelError: 1.91222e-02	AbsError: 1.21659e+15
      Equation: "ElectronContinuityEquation"	RelError: 1.03920e-04	AbsError: 1.21658e+15
      Equation: "HoleContinuityEquation"	RelError: 7.49219e-04	AbsError: 1.34874e+10
      Equation: "PotentialEquation"	RelError: 1.82690e-02	AbsError: 8.59194e-06
    Region: "oxide"	RelError: 1.46753e-05	AbsError: 8.59194e-06
      Equation: "PotentialEquation"	RelError: 1.46753e-05	AbsError: 8.59194e-06
Iteration: 2
  Device: "part1_baseline"	RelError: 1.49580e-06	AbsError: 1.58368e+10
    Region: "bulk"	RelError: 1.49558e-06	AbsError: 1.58368e+10
      Equation: "ElectronContinuityEquation"	RelError: 7.46858e-09	AbsError: 1.58357e+10
      Equation: "HoleContinuityEquation"	RelError: 9.29018e-08	AbsError: 1.14110e+06
      Equation: "PotentialEquation"	RelError: 1.39521e-06	AbsError: 1.64796e-10
    Region: "oxide"	RelError: 2.19473e-10	AbsError: 1.33332e-10
      Equation: "PotentialEquation"	RelError: 2.19473e-10	AbsError: 1.33332e-10
Iteration: 3
  Device: "part1_baseline"	RelError: 2.45615e-16	AbsError: 9.82145e-01
    Region: "bulk"	RelError: 2.45596e-16	AbsError: 9.82145e-01
      Equation: "ElectronContinuityEquation"	RelError: 1.40589e-17	AbsError: 9.82006e-01
      Equation: "HoleContinuityEquation"	RelError: 5.66455e-17	AbsError: 1.38200e-04
      Equation: "PotentialEquation"	RelError: 1.74892e-16	AbsError: 2.69329e-20
    Region: "oxide"	RelError: 1.87422e-20	AbsError: 1.13861e-20
      Equation: "PotentialEquation"	RelError: 1.87422e-20	AbsError: 1.13861e-20
number of equations 7095
Iteration: 0
  Device: "part1_baseline"	RelError: 1.50639e+01	AbsError: 6.67556e+17
    Region: "bulk"	RelError: 1.50509e+01	AbsError: 6.67556e+17
      Equation: "ElectronContinuityEquation"	RelError: 2.65882e-02	AbsError: 6.67555e+17
      Equation: "HoleContinuityEquation"	RelError: 2.87233e-02	AbsError: 7.79453e+11
      Equation: "PotentialEquation"	RelError: 1.49956e+01	AbsError: 7.10402e-04
    Region: "oxide"	RelError: 1.29607e-02	AbsError: 2.00000e-02
      Equation: "PotentialEquation"	RelError: 1.29607e-02	AbsError: 2.00000e-02
Iteration: 1
  Device: "part1_baseline"	RelError: 3.19744e-01	AbsError: 1.16827e+15
    Region: "bulk"	RelError: 3.19730e-01	AbsError: 1.16827e+15
      Equation: "ElectronContinuityEquation"	RelError: 9.92374e-05	AbsError: 1.16825e+15
      Equation: "HoleContinuityEquation"	RelError: 7.14439e-04	AbsError: 1.27514e+10
      Equation: "PotentialEquation"	RelError: 3.18916e-01	AbsError: 8.21389e-06
    Region: "oxide"	RelError: 1.40219e-05	AbsError: 8.21389e-06
      Equation: "PotentialEquation"	RelError: 1.40219e-05	AbsError: 8.21389e-06
Iteration: 2
  Device: "part1_baseline"	RelError: 2.39346e-05	AbsError: 1.46604e+10
    Region: "bulk"	RelError: 2.39344e-05	AbsError: 1.46604e+10
      Equation: "ElectronContinuityEquation"	RelError: 6.79561e-09	AbsError: 1.46593e+10
      Equation: "HoleContinuityEquation"	RelError: 8.46406e-08	AbsError: 1.05584e+06
      Equation: "PotentialEquation"	RelError: 2.38429e-05	AbsError: 1.51981e-10
    Region: "oxide"	RelError: 2.04288e-10	AbsError: 1.24242e-10
      Equation: "PotentialEquation"	RelError: 2.04288e-10	AbsError: 1.24242e-10
Iteration: 3
  Device: "part1_baseline"	RelError: 2.83292e-15	AbsError: 8.14985e-01
    Region: "bulk"	RelError: 2.83291e-15	AbsError: 8.14985e-01
      Equation: "ElectronContinuityEquation"	RelError: 1.18406e-17	AbsError: 8.14867e-01
      Equation: "HoleContinuityEquation"	RelError: 4.76588e-17	AbsError: 1.18235e-04
      Equation: "PotentialEquation"	RelError: 2.77341e-15	AbsError: 2.26775e-20
    Region: "oxide"	RelError: 1.72483e-20	AbsError: 1.04899e-20
      Equation: "PotentialEquation"	RelError: 1.72483e-20	AbsError: 1.04899e-20
number of equations 7095
Iteration: 0
  Device: "part1_baseline"	RelError: 1.01721e+00	AbsError: 6.69681e+17
    Region: "bulk"	RelError: 1.00441e+00	AbsError: 6.69681e+17
      Equation: "ElectronContinuityEquation"	RelError: 2.59847e-02	AbsError: 6.69680e+17
      Equation: "HoleContinuityEquation"	RelError: 2.80649e-02	AbsError: 7.54283e+11
      Equation: "PotentialEquation"	RelError: 9.50361e-01	AbsError: 6.94633e-04
    Region: "oxide"	RelError: 1.27949e-02	AbsError: 2.00000e-02
      Equation: "PotentialEquation"	RelError: 1.27949e-02	AbsError: 2.00000e-02
Iteration: 1
  Device: "part1_baseline"	RelError: 1.60059e-02	AbsError: 1.12265e+15
    Region: "bulk"	RelError: 1.59925e-02	AbsError: 1.12265e+15
      Equation: "ElectronContinuityEquation"	RelError: 9.48433e-05	AbsError: 1.12264e+15
      Equation: "HoleContinuityEquation"	RelError: 6.81923e-04	AbsError: 1.20693e+10
      Equation: "PotentialEquation"	RelError: 1.52157e-02	AbsError: 7.85929e-06
    Region: "oxide"	RelError: 1.34093e-05	AbsError: 7.85929e-06
      Equation: "PotentialEquation"	RelError: 1.34093e-05	AbsError: 7.85929e-06
Iteration: 2
  Device: "part1_baseline"	RelError: 1.19746e-06	AbsError: 1.35944e+10
    Region: "bulk"	RelError: 1.19727e-06	AbsError: 1.35944e+10
      Equation: "ElectronContinuityEquation"	RelError: 6.19514e-09	AbsError: 1.35934e+10
      Equation: "HoleContinuityEquation"	RelError: 7.72511e-08	AbsError: 9.78220e+05
      Equation: "PotentialEquation"	RelError: 1.11382e-06	AbsError: 1.40362e-10
    Region: "oxide"	RelError: 1.90389e-10	AbsError: 1.15911e-10
      Equation: "PotentialEquation"	RelError: 1.90389e-10	AbsError: 1.15911e-10
Iteration: 3
  Device: "part1_baseline"	RelError: 1.71348e-16	AbsError: 6.84760e-01
    Region: "bulk"	RelError: 1.71332e-16	AbsError: 6.84760e-01
      Equation: "ElectronContinuityEquation"	RelError: 1.00023e-17	AbsError: 6.84658e-01
      Equation: "HoleContinuityEquation"	RelError: 4.02408e-17	AbsError: 1.01820e-04
      Equation: "PotentialEquation"	RelError: 1.21089e-16	AbsError: 1.92161e-20
    Region: "oxide"	RelError: 1.58763e-20	AbsError: 9.66571e-21
      Equation: "PotentialEquation"	RelError: 1.58763e-20	AbsError: 9.66571e-21
number of equations 7095
Iteration: 0
  Device: "part1_baseline"	RelError: 5.48588e-01	AbsError: 6.71726e+17
    Region: "bulk"	RelError: 5.35955e-01	AbsError: 6.71726e+17
      Equation: "ElectronContinuityEquation"	RelError: 2.54064e-02	AbsError: 6.71725e+17
      Equation: "HoleContinuityEquation"	RelError: 2.74347e-02	AbsError: 7.30451e+11
      Equation: "PotentialEquation"	RelError: 4.83114e-01	AbsError: 6.79524e-04
    Region: "oxide"	RelError: 1.26333e-02	AbsError: 2.00000e-02
      Equation: "PotentialEquation"	RelError: 1.26333e-02	AbsError: 2.00000e-02
Iteration: 1
  Device: "part1_baseline"	RelError: 8.26538e-03	AbsError: 1.07954e+15
    Region: "bulk"	RelError: 8.25255e-03	AbsError: 1.07954e+15
      Equation: "ElectronContinuityEquation"	RelError: 9.07155e-05	AbsError: 1.07953e+15
      Equation: "HoleContinuityEquation"	RelError: 6.51486e-04	AbsError: 1.14364e+10
      Equation: "PotentialEquation"	RelError: 7.51034e-03	AbsError: 7.52630e-06
    Region: "oxide"	RelError: 1.28345e-05	AbsError: 7.52630e-06
      Equation: "PotentialEquation"	RelError: 1.28345e-05	AbsError: 7.52630e-06
Iteration: 2
  Device: "part1_baseline"	RelError: 6.14832e-07	AbsError: 1.26266e+10
    Region: "bulk"	RelError: 6.14654e-07	AbsError: 1.26266e+10
      Equation: "ElectronContinuityEquation"	RelError: 5.65814e-09	AbsError: 1.26256e+10
      Equation: "HoleContinuityEquation"	RelError: 7.06278e-08	AbsError: 9.07452e+05
      Equation: "PotentialEquation"	RelError: 5.38368e-07	AbsError: 1.29809e-10
    Region: "oxide"	RelError: 1.77647e-10	AbsError: 1.08266e-10
      Equation: "PotentialEquation"	RelError: 1.77647e-10	AbsError: 1.08266e-10
number of equations 7095
Iteration: 0
  Device: "part1_baseline"	RelError: 3.84743e-01	AbsError: 6.73697e+17
    Region: "bulk"	RelError: 3.72267e-01	AbsError: 6.73697e+17
      Equation: "ElectronContinuityEquation"	RelError: 2.48518e-02	AbsError: 6.73696e+17
      Equation: "HoleContinuityEquation"	RelError: 2.68310e-02	AbsError: 7.07863e+11
      Equation: "PotentialEquation"	RelError: 3.20585e-01	AbsError: 6.65033e-04
    Region: "oxide"	RelError: 1.24757e-02	AbsError: 2.00000e-02
      Equation: "PotentialEquation"	RelError: 1.24757e-02	AbsError: 2.00000e-02
Iteration: 1
  Device: "part1_baseline"	RelError: 5.58824e-03	AbsError: 1.03878e+15
    Region: "bulk"	RelError: 5.57595e-03	AbsError: 1.03878e+15
      Equation: "ElectronContinuityEquation"	RelError: 8.68339e-05	AbsError: 1.03877e+15
      Equation: "HoleContinuityEquation"	RelError: 6.24076e-04	AbsError: 1.08481e+10
      Equation: "PotentialEquation"	RelError: 4.86504e-03	AbsError: 7.21324e-06
    Region: "oxide"	RelError: 1.22943e-05	AbsError: 7.21324e-06
      Equation: "PotentialEquation"	RelError: 1.22943e-05	AbsError: 7.21324e-06
Iteration: 2
  Device: "part1_baseline"	RelError: 4.11582e-07	AbsError: 1.17459e+10
    Region: "bulk"	RelError: 4.11416e-07	AbsError: 1.17459e+10
      Equation: "ElectronContinuityEquation"	RelError: 5.17686e-09	AbsError: 1.17451e+10
      Equation: "HoleContinuityEquation"	RelError: 6.46793e-08	AbsError: 8.42835e+05
      Equation: "PotentialEquation"	RelError: 3.41560e-07	AbsError: 1.20211e-10
    Region: "oxide"	RelError: 1.65949e-10	AbsError: 1.01239e-10
      Equation: "PotentialEquation"	RelError: 1.65949e-10	AbsError: 1.01239e-10
number of equations 7095
Iteration: 0
  Device: "part1_baseline"	RelError: 3.00988e-01	AbsError: 6.75597e+17
    Region: "bulk"	RelError: 2.88666e-01	AbsError: 6.75597e+17
      Equation: "ElectronContinuityEquation"	RelError: 2.43195e-02	AbsError: 6.75596e+17
      Equation: "HoleContinuityEquation"	RelError: 2.62522e-02	AbsError: 6.86431e+11
      Equation: "PotentialEquation"	RelError: 2.38094e-01	AbsError: 6.51196e-04
    Region: "oxide"	RelError: 1.23219e-02	AbsError: 2.00000e-02
      Equation: "PotentialEquation"	RelError: 1.23219e-02	AbsError: 2.00000e-02
Iteration: 1
  Device: "part1_baseline"	RelError: 4.22641e-03	AbsError: 1.00019e+15
    Region: "bulk"	RelError: 4.21462e-03	AbsError: 1.00019e+15
      Equation: "ElectronContinuityEquation"	RelError: 8.31803e-05	AbsError: 1.00018e+15
      Equation: "HoleContinuityEquation"	RelError: 5.98427e-04	AbsError: 1.03007e+10
      Equation: "PotentialEquation"	RelError: 3.53302e-03	AbsError: 6.91879e-06
    Region: "oxide"	RelError: 1.17862e-05	AbsError: 6.91879e-06
      Equation: "PotentialEquation"	RelError: 1.17862e-05	AbsError: 6.91879e-06
Iteration: 2
  Device: "part1_baseline"	RelError: 3.07209e-07	AbsError: 1.09430e+10
    Region: "bulk"	RelError: 3.07054e-07	AbsError: 1.09430e+10
      Equation: "ElectronContinuityEquation"	RelError: 4.74462e-09	AbsError: 1.09423e+10
      Equation: "HoleContinuityEquation"	RelError: 5.93387e-08	AbsError: 7.83749e+05
      Equation: "PotentialEquation"	RelError: 2.42971e-07	AbsError: 1.11465e-10
    Region: "oxide"	RelError: 1.55195e-10	AbsError: 9.47710e-11
      Equation: "PotentialEquation"	RelError: 1.55195e-10	AbsError: 9.47710e-11
number of equations 7095
Iteration: 0
  Device: "part1_baseline"	RelError: 2.49942e-01	AbsError: 6.77429e+17
    Region: "bulk"	RelError: 2.37770e-01	AbsError: 6.77429e+17
      Equation: "ElectronContinuityEquation"	RelError: 2.38083e-02	AbsError: 6.77429e+17
      Equation: "HoleContinuityEquation"	RelError: 2.56968e-02	AbsError: 6.66075e+11
      Equation: "PotentialEquation"	RelError: 1.88265e-01	AbsError: 6.37945e-04
    Region: "oxide"	RelError: 1.21720e-02	AbsError: 2.00000e-02
      Equation: "PotentialEquation"	RelError: 1.21720e-02	AbsError: 2.00000e-02
Iteration: 1
  Device: "part1_baseline"	RelError: 3.39933e-03	AbsError: 9.63634e+14
    Region: "bulk"	RelError: 3.38802e-03	AbsError: 9.63634e+14
      Equation: "ElectronContinuityEquation"	RelError: 7.97381e-05	AbsError: 9.63625e+14
      Equation: "HoleContinuityEquation"	RelError: 5.74280e-04	AbsError: 9.79049e+09
      Equation: "PotentialEquation"	RelError: 2.73401e-03	AbsError: 6.64153e-06
    Region: "oxide"	RelError: 1.13086e-05	AbsError: 6.64153e-06
      Equation: "PotentialEquation"	RelError: 1.13086e-05	AbsError: 6.64153e-06
Iteration: 2
  Device: "part1_baseline"	RelError: 2.43247e-07	AbsError: 1.02097e+10
    Region: "bulk"	RelError: 2.43101e-07	AbsError: 1.02097e+10
      Equation: "ElectronContinuityEquation"	RelError: 4.35564e-09	AbsError: 1.02089e+10
      Equation: "HoleContinuityEquation"	RelError: 5.45396e-08	AbsError: 7.29647e+05
      Equation: "PotentialEquation"	RelError: 1.84206e-07	AbsError: 1.03486e-10
    Region: "oxide"	RelError: 1.45294e-10	AbsError: 8.88105e-11
      Equation: "PotentialEquation"	RelError: 1.45294e-10	AbsError: 8.88105e-11
number of equations 7095
Iteration: 0
  Device: "part1_baseline"	RelError: 2.15453e-01	AbsError: 6.79198e+17
    Region: "bulk"	RelError: 2.03427e-01	AbsError: 6.79198e+17
      Equation: "ElectronContinuityEquation"	RelError: 2.33170e-02	AbsError: 6.79198e+17
      Equation: "HoleContinuityEquation"	RelError: 2.51634e-02	AbsError: 6.46722e+11
      Equation: "PotentialEquation"	RelError: 1.54947e-01	AbsError: 6.25206e-04
    Region: "oxide"	RelError: 1.20256e-02	AbsError: 2.00000e-02
      Equation: "PotentialEquation"	RelError: 1.20256e-02	AbsError: 2.00000e-02
Iteration: 1
  Device: "part1_baseline"	RelError: 2.84238e-03	AbsError: 9.28975e+14
    Region: "bulk"	RelError: 2.83152e-03	AbsError: 9.28975e+14
      Equation: "ElectronContinuityEquation"	RelError: 7.64920e-05	AbsError: 9.28966e+14
      Equation: "HoleContinuityEquation"	RelError: 5.51570e-04	AbsError: 9.31443e+09
      Equation: "PotentialEquation"	RelError: 2.20346e-03	AbsError: 6.38002e-06
    Region: "oxide"	RelError: 1.08589e-05	AbsError: 6.38002e-06
      Equation: "PotentialEquation"	RelError: 1.08589e-05	AbsError: 6.38002e-06
Iteration: 2
  Device: "part1_baseline"	RelError: 1.99815e-07	AbsError: 9.53857e+09
    Region: "bulk"	RelError: 1.99679e-07	AbsError: 9.53857e+09
      Equation: "ElectronContinuityEquation"	RelError: 4.00491e-09	AbsError: 9.53789e+09
      Equation: "HoleContinuityEquation"	RelError: 5.02036e-08	AbsError: 6.80042e+05
      Equation: "PotentialEquation"	RelError: 1.45471e-07	AbsError: 9.61943e-11
    Region: "oxide"	RelError: 1.36168e-10	AbsError: 8.33101e-11
      Equation: "PotentialEquation"	RelError: 1.36168e-10	AbsError: 8.33101e-11
number of equations 7095
Iteration: 0
  Device: "part1_baseline"	RelError: 1.90506e-01	AbsError: 6.80906e+17
    Region: "bulk"	RelError: 1.78623e-01	AbsError: 6.80906e+17
      Equation: "ElectronContinuityEquation"	RelError: 2.28445e-02	AbsError: 6.80906e+17
      Equation: "HoleContinuityEquation"	RelError: 2.46510e-02	AbsError: 6.28305e+11
      Equation: "PotentialEquation"	RelError: 1.31128e-01	AbsError: 6.12950e-04
    Region: "oxide"	RelError: 1.18827e-02	AbsError: 2.00000e-02
      Equation: "PotentialEquation"	RelError: 1.18827e-02	AbsError: 2.00000e-02
Iteration: 1
  Device: "part1_baseline"	RelError: 2.44099e-03	AbsError: 8.96087e+14
    Region: "bulk"	RelError: 2.43056e-03	AbsError: 8.96087e+14
      Equation: "ElectronContinuityEquation"	RelError: 7.34282e-05	AbsError: 8.96078e+14
      Equation: "HoleContinuityEquation"	RelError: 5.30213e-04	AbsError: 8.86965e+09
      Equation: "PotentialEquation"	RelError: 1.82692e-03	AbsError: 6.13313e-06
    Region: "oxide"	RelError: 1.04344e-05	AbsError: 6.13313e-06
      Equation: "PotentialEquation"	RelError: 1.04344e-05	AbsError: 6.13313e-06
Iteration: 2
  Device: "part1_baseline"	RelError: 1.68296e-07	AbsError: 8.92335e+09
    Region: "bulk"	RelError: 1.68168e-07	AbsError: 8.92335e+09
      Equation: "ElectronContinuityEquation"	RelError: 3.68808e-09	AbsError: 8.92272e+09
      Equation: "HoleContinuityEquation"	RelError: 4.62790e-08	AbsError: 6.34499e+05
      Equation: "PotentialEquation"	RelError: 1.18201e-07	AbsError: 8.95217e-11
    Region: "oxide"	RelError: 1.27744e-10	AbsError: 7.82280e-11
      Equation: "PotentialEquation"	RelError: 1.27744e-10	AbsError: 7.82280e-11
number of equations 7095
Iteration: 0
  Device: "part1_baseline"	RelError: 1.71564e-01	AbsError: 6.82557e+17
    Region: "bulk"	RelError: 1.59821e-01	AbsError: 6.82557e+17
      Equation: "ElectronContinuityEquation"	RelError: 2.23898e-02	AbsError: 6.82556e+17
      Equation: "HoleContinuityEquation"	RelError: 2.41582e-02	AbsError: 6.10764e+11
      Equation: "PotentialEquation"	RelError: 1.13273e-01	AbsError: 6.01152e-04
    Region: "oxide"	RelError: 1.17431e-02	AbsError: 2.00000e-02
      Equation: "PotentialEquation"	RelError: 1.17431e-02	AbsError: 2.00000e-02
Iteration: 1
  Device: "part1_baseline"	RelError: 2.13739e-03	AbsError: 8.64856e+14
    Region: "bulk"	RelError: 2.12735e-03	AbsError: 8.64856e+14
      Equation: "ElectronContinuityEquation"	RelError: 7.05337e-05	AbsError: 8.64847e+14
      Equation: "HoleContinuityEquation"	RelError: 5.10039e-04	AbsError: 8.45361e+09
      Equation: "PotentialEquation"	RelError: 1.54678e-03	AbsError: 5.89980e-06
    Region: "oxide"	RelError: 1.00334e-05	AbsError: 5.89980e-06
      Equation: "PotentialEquation"	RelError: 1.00334e-05	AbsError: 5.89980e-06
Iteration: 2
  Device: "part1_baseline"	RelError: 1.44335e-07	AbsError: 8.35841e+09
    Region: "bulk"	RelError: 1.44215e-07	AbsError: 8.35841e+09
      Equation: "ElectronContinuityEquation"	RelError: 3.40134e-09	AbsError: 8.35782e+09
      Equation: "HoleContinuityEquation"	RelError: 4.27210e-08	AbsError: 5.92633e+05
      Equation: "PotentialEquation"	RelError: 9.80925e-08	AbsError: 8.34072e-11
    Region: "oxide"	RelError: 1.19959e-10	AbsError: 7.35266e-11
      Equation: "PotentialEquation"	RelError: 1.19959e-10	AbsError: 7.35266e-11
number of equations 7095
Iteration: 0
  Device: "part1_baseline"	RelError: 1.56649e-01	AbsError: 6.84152e+17
    Region: "bulk"	RelError: 1.45042e-01	AbsError: 6.84152e+17
      Equation: "ElectronContinuityEquation"	RelError: 2.19519e-02	AbsError: 6.84152e+17
      Equation: "HoleContinuityEquation"	RelError: 2.36840e-02	AbsError: 5.94041e+11
      Equation: "PotentialEquation"	RelError: 9.94064e-02	AbsError: 5.89787e-04
    Region: "oxide"	RelError: 1.16068e-02	AbsError: 2.00000e-02
      Equation: "PotentialEquation"	RelError: 1.16068e-02	AbsError: 2.00000e-02
Iteration: 1
  Device: "part1_baseline"	RelError: 1.89934e-03	AbsError: 8.35175e+14
    Region: "bulk"	RelError: 1.88969e-03	AbsError: 8.35175e+14
      Equation: "ElectronContinuityEquation"	RelError: 6.77970e-05	AbsError: 8.35167e+14
      Equation: "HoleContinuityEquation"	RelError: 4.90963e-04	AbsError: 8.06398e+09
      Equation: "PotentialEquation"	RelError: 1.33093e-03	AbsError: 5.67910e-06
    Region: "oxide"	RelError: 9.65431e-06	AbsError: 5.67910e-06
      Equation: "PotentialEquation"	RelError: 9.65431e-06	AbsError: 5.67910e-06
Iteration: 2
  Device: "part1_baseline"	RelError: 1.25488e-07	AbsError: 7.83879e+09
    Region: "bulk"	RelError: 1.25375e-07	AbsError: 7.83879e+09
      Equation: "ElectronContinuityEquation"	RelError: 3.14139e-09	AbsError: 7.83824e+09
      Equation: "HoleContinuityEquation"	RelError: 3.94899e-08	AbsError: 5.54099e+05
      Equation: "PotentialEquation"	RelError: 8.27440e-08	AbsError: 7.77964e-11
    Region: "oxide"	RelError: 1.12755e-10	AbsError: 6.91724e-11
      Equation: "PotentialEquation"	RelError: 1.12755e-10	AbsError: 6.91724e-11
number of equations 7095
Iteration: 0
  Device: "part1_baseline"	RelError: 1.47242e-01	AbsError: 6.85696e+17
    Region: "bulk"	RelError: 1.35769e-01	AbsError: 6.85696e+17
      Equation: "ElectronContinuityEquation"	RelError: 2.15299e-02	AbsError: 6.85695e+17
      Equation: "HoleContinuityEquation"	RelError: 2.32274e-02	AbsError: 5.78085e+11
      Equation: "PotentialEquation"	RelError: 9.10113e-02	AbsError: 5.78925e-04
    Region: "oxide"	RelError: 1.14737e-02	AbsError: 2.00000e-02
      Equation: "PotentialEquation"	RelError: 1.14737e-02	AbsError: 2.00000e-02
Iteration: 1
  Device: "part1_baseline"	RelError: 1.70745e-03	AbsError: 8.06948e+14
    Region: "bulk"	RelError: 1.69816e-03	AbsError: 8.06948e+14
      Equation: "ElectronContinuityEquation"	RelError: 6.52073e-05	AbsError: 8.06940e+14
      Equation: "HoleContinuityEquation"	RelError: 4.72910e-04	AbsError: 7.69869e+09
      Equation: "PotentialEquation"	RelError: 1.16004e-03	AbsError: 5.47015e-06
    Region: "oxide"	RelError: 9.29551e-06	AbsError: 5.47015e-06
      Equation: "PotentialEquation"	RelError: 9.29551e-06	AbsError: 5.47015e-06
Iteration: 2
  Device: "part1_baseline"	RelError: 1.10275e-07	AbsError: 7.36010e+09
    Region: "bulk"	RelError: 1.10169e-07	AbsError: 7.36010e+09
      Equation: "ElectronContinuityEquation"	RelError: 2.90532e-09	AbsError: 7.35958e+09
      Equation: "HoleContinuityEquation"	RelError: 3.65511e-08	AbsError: 5.18590e+05
      Equation: "PotentialEquation"	RelError: 7.07128e-08	AbsError: 7.26412e-11
    Region: "oxide"	RelError: 1.06083e-10	AbsError: 6.51349e-11
      Equation: "PotentialEquation"	RelError: 1.06083e-10	AbsError: 6.51349e-11
number of equations 7095
Iteration: 0
  Device: "part1_baseline"	RelError: 1.52587e-01	AbsError: 6.87189e+17
    Region: "bulk"	RelError: 1.41244e-01	AbsError: 6.87189e+17
      Equation: "ElectronContinuityEquation"	RelError: 2.11231e-02	AbsError: 6.87189e+17
      Equation: "HoleContinuityEquation"	RelError: 2.27875e-02	AbsError: 5.62848e+11
      Equation: "PotentialEquation"	RelError: 9.73333e-02	AbsError: 5.68450e-04
    Region: "oxide"	RelError: 1.13435e-02	AbsError: 2.00000e-02
      Equation: "PotentialEquation"	RelError: 1.13435e-02	AbsError: 2.00000e-02
Iteration: 1
  Device: "part1_baseline"	RelError: 1.69459e-03	AbsError: 7.80082e+14
    Region: "bulk"	RelError: 1.68564e-03	AbsError: 7.80082e+14
      Equation: "ElectronContinuityEquation"	RelError: 6.27546e-05	AbsError: 7.80075e+14
      Equation: "HoleContinuityEquation"	RelError: 4.55809e-04	AbsError: 7.35583e+09
      Equation: "PotentialEquation"	RelError: 1.16707e-03	AbsError: 5.27245e-06
    Region: "oxide"	RelError: 8.95599e-06	AbsError: 5.27245e-06
      Equation: "PotentialEquation"	RelError: 8.95599e-06	AbsError: 5.27245e-06
Iteration: 2
  Device: "part1_baseline"	RelError: 1.07587e-07	AbsError: 6.91845e+09
    Region: "bulk"	RelError: 1.07487e-07	AbsError: 6.91845e+09
      Equation: "ElectronContinuityEquation"	RelError: 2.69059e-09	AbsError: 6.91796e+09
      Equation: "HoleContinuityEquation"	RelError: 3.38739e-08	AbsError: 4.85828e+05
      Equation: "PotentialEquation"	RelError: 7.09228e-08	AbsError: 6.78985e-11
    Region: "oxide"	RelError: 9.98943e-11	AbsError: 6.13871e-11
      Equation: "PotentialEquation"	RelError: 9.98943e-11	AbsError: 6.13871e-11
number of equations 7095
Iteration: 0
  Device: "part1_baseline"	RelError: 1.59164e-01	AbsError: 6.88635e+17
    Region: "bulk"	RelError: 1.47948e-01	AbsError: 6.88635e+17
      Equation: "ElectronContinuityEquation"	RelError: 2.07309e-02	AbsError: 6.88635e+17
      Equation: "HoleContinuityEquation"	RelError: 2.23633e-02	AbsError: 5.48286e+11
      Equation: "PotentialEquation"	RelError: 1.04854e-01	AbsError: 5.58339e-04
    Region: "oxide"	RelError: 1.12163e-02	AbsError: 2.00000e-02
      Equation: "PotentialEquation"	RelError: 1.12163e-02	AbsError: 2.00000e-02
Iteration: 1
  Device: "part1_baseline"	RelError: 1.74125e-03	AbsError: 7.54495e+14
    Region: "bulk"	RelError: 1.73261e-03	AbsError: 7.54495e+14
      Equation: "ElectronContinuityEquation"	RelError: 6.04299e-05	AbsError: 7.54488e+14
      Equation: "HoleContinuityEquation"	RelError: 4.39596e-04	AbsError: 7.03369e+09
      Equation: "PotentialEquation"	RelError: 1.23259e-03	AbsError: 5.08493e-06
    Region: "oxide"	RelError: 8.63475e-06	AbsError: 5.08493e-06
      Equation: "PotentialEquation"	RelError: 8.63475e-06	AbsError: 5.08493e-06
Iteration: 2
  Device: "part1_baseline"	RelError: 1.07442e-07	AbsError: 6.51037e+09
    Region: "bulk"	RelError: 1.07348e-07	AbsError: 6.51037e+09
      Equation: "ElectronContinuityEquation"	RelError: 2.49496e-09	AbsError: 6.50992e+09
      Equation: "HoleContinuityEquation"	RelError: 3.14316e-08	AbsError: 4.55567e+05
      Equation: "PotentialEquation"	RelError: 7.34213e-08	AbsError: 6.35299e-11
    Region: "oxide"	RelError: 9.41491e-11	AbsError: 5.79044e-11
      Equation: "PotentialEquation"	RelError: 9.41491e-11	AbsError: 5.79044e-11
number of equations 7095
Iteration: 0
  Device: "part1_baseline"	RelError: 1.67328e-01	AbsError: 6.90036e+17
    Region: "bulk"	RelError: 1.56236e-01	AbsError: 6.90036e+17
      Equation: "ElectronContinuityEquation"	RelError: 2.03523e-02	AbsError: 6.90035e+17
      Equation: "HoleContinuityEquation"	RelError: 2.19542e-02	AbsError: 5.34358e+11
      Equation: "PotentialEquation"	RelError: 1.13930e-01	AbsError: 5.48574e-04
    Region: "oxide"	RelError: 1.10919e-02	AbsError: 2.00000e-02
      Equation: "PotentialEquation"	RelError: 1.10919e-02	AbsError: 2.00000e-02
Iteration: 1
  Device: "part1_baseline"	RelError: 1.80411e-03	AbsError: 7.30108e+14
    Region: "bulk"	RelError: 1.79578e-03	AbsError: 7.30108e+14
      Equation: "ElectronContinuityEquation"	RelError: 5.82248e-05	AbsError: 7.30101e+14
      Equation: "HoleContinuityEquation"	RelError: 4.24211e-04	AbsError: 6.73071e+09
      Equation: "PotentialEquation"	RelError: 1.31335e-03	AbsError: 4.90692e-06
    Region: "oxide"	RelError: 8.32991e-06	AbsError: 4.90692e-06
      Equation: "PotentialEquation"	RelError: 8.32991e-06	AbsError: 4.90692e-06
Iteration: 2
  Device: "part1_baseline"	RelError: 1.08301e-07	AbsError: 6.13279e+09
    Region: "bulk"	RelError: 1.08212e-07	AbsError: 6.13279e+09
      Equation: "ElectronContinuityEquation"	RelError: 2.31645e-09	AbsError: 6.13236e+09
      Equation: "HoleContinuityEquation"	RelError: 2.92002e-08	AbsError: 4.27585e+05
      Equation: "PotentialEquation"	RelError: 7.66959e-08	AbsError: 5.95010e-11
    Region: "oxide"	RelError: 8.88094e-11	AbsError: 5.46646e-11
      Equation: "PotentialEquation"	RelError: 8.88094e-11	AbsError: 5.46646e-11
number of equations 7095
Iteration: 0
  Device: "part1_baseline"	RelError: 1.77593e-01	AbsError: 6.91393e+17
    Region: "bulk"	RelError: 1.66623e-01	AbsError: 6.91393e+17
      Equation: "ElectronContinuityEquation"	RelError: 1.99866e-02	AbsError: 6.91392e+17
      Equation: "HoleContinuityEquation"	RelError: 2.15593e-02	AbsError: 5.21028e+11
      Equation: "PotentialEquation"	RelError: 1.25077e-01	AbsError: 5.39139e-04
    Region: "oxide"	RelError: 1.09702e-02	AbsError: 2.00000e-02
      Equation: "PotentialEquation"	RelError: 1.09702e-02	AbsError: 2.00000e-02
Iteration: 1
  Device: "part1_baseline"	RelError: 1.88806e-03	AbsError: 7.06851e+14
    Region: "bulk"	RelError: 1.88002e-03	AbsError: 7.06851e+14
      Equation: "ElectronContinuityEquation"	RelError: 5.61315e-05	AbsError: 7.06844e+14
      Equation: "HoleContinuityEquation"	RelError: 4.09601e-04	AbsError: 6.44547e+09
      Equation: "PotentialEquation"	RelError: 1.41429e-03	AbsError: 4.73782e-06
    Region: "oxide"	RelError: 8.04039e-06	AbsError: 4.73782e-06
      Equation: "PotentialEquation"	RelError: 8.04039e-06	AbsError: 4.73782e-06
Iteration: 2
  Device: "part1_baseline"	RelError: 1.10378e-07	AbsError: 5.78295e+09
    Region: "bulk"	RelError: 1.10294e-07	AbsError: 5.78295e+09
      Equation: "ElectronContinuityEquation"	RelError: 2.15332e-09	AbsError: 5.78254e+09
      Equation: "HoleContinuityEquation"	RelError: 2.71586e-08	AbsError: 4.01682e+05
      Equation: "PotentialEquation"	RelError: 8.09820e-08	AbsError: 5.57811e-11
    Region: "oxide"	RelError: 8.38416e-11	AbsError: 5.16478e-11
      Equation: "PotentialEquation"	RelError: 8.38416e-11	AbsError: 5.16478e-11
number of equations 7095
Iteration: 0
  Device: "part1_baseline"	RelError: 1.90733e-01	AbsError: 6.92709e+17
    Region: "bulk"	RelError: 1.79882e-01	AbsError: 6.92709e+17
      Equation: "ElectronContinuityEquation"	RelError: 1.96333e-02	AbsError: 6.92708e+17
      Equation: "HoleContinuityEquation"	RelError: 2.11779e-02	AbsError: 5.08259e+11
      Equation: "PotentialEquation"	RelError: 1.39071e-01	AbsError: 5.30016e-04
    Region: "oxide"	RelError: 1.08512e-02	AbsError: 2.00000e-02
      Equation: "PotentialEquation"	RelError: 1.08512e-02	AbsError: 2.00000e-02
Iteration: 1
  Device: "part1_baseline"	RelError: 2.00044e-03	AbsError: 6.84655e+14
    Region: "bulk"	RelError: 1.99267e-03	AbsError: 6.84655e+14
      Equation: "ElectronContinuityEquation"	RelError: 5.41430e-05	AbsError: 6.84649e+14
      Equation: "HoleContinuityEquation"	RelError: 3.95715e-04	AbsError: 6.17666e+09
      Equation: "PotentialEquation"	RelError: 1.54282e-03	AbsError: 4.57704e-06
    Region: "oxide"	RelError: 7.76521e-06	AbsError: 4.57704e-06
      Equation: "PotentialEquation"	RelError: 7.76521e-06	AbsError: 4.57704e-06
Iteration: 2
  Device: "part1_baseline"	RelError: 1.14007e-07	AbsError: 5.45838e+09
    Region: "bulk"	RelError: 1.13927e-07	AbsError: 5.45838e+09
      Equation: "ElectronContinuityEquation"	RelError: 2.00404e-09	AbsError: 5.45800e+09
      Equation: "HoleContinuityEquation"	RelError: 2.52882e-08	AbsError: 3.77679e+05
      Equation: "PotentialEquation"	RelError: 8.66351e-08	AbsError: 5.23439e-11
    Region: "oxide"	RelError: 7.92150e-11	AbsError: 4.88358e-11
      Equation: "PotentialEquation"	RelError: 7.92150e-11	AbsError: 4.88358e-11
number of equations 7095
Iteration: 0
  Device: "part1_baseline"	RelError: 2.07964e-01	AbsError: 6.93985e+17
    Region: "bulk"	RelError: 1.97229e-01	AbsError: 6.93985e+17
      Equation: "ElectronContinuityEquation"	RelError: 1.92916e-02	AbsError: 6.93985e+17
      Equation: "HoleContinuityEquation"	RelError: 2.08093e-02	AbsError: 4.96021e+11
      Equation: "PotentialEquation"	RelError: 1.57128e-01	AbsError: 5.21191e-04
    Region: "oxide"	RelError: 1.07347e-02	AbsError: 2.00000e-02
      Equation: "PotentialEquation"	RelError: 1.07347e-02	AbsError: 2.00000e-02
Iteration: 1
  Device: "part1_baseline"	RelError: 2.15285e-03	AbsError: 6.63459e+14
    Region: "bulk"	RelError: 2.14535e-03	AbsError: 6.63459e+14
      Equation: "ElectronContinuityEquation"	RelError: 5.22525e-05	AbsError: 6.63453e+14
      Equation: "HoleContinuityEquation"	RelError: 3.82507e-04	AbsError: 5.92310e+09
      Equation: "PotentialEquation"	RelError: 1.71059e-03	AbsError: 4.42417e-06
    Region: "oxide"	RelError: 7.50346e-06	AbsError: 4.42417e-06
      Equation: "PotentialEquation"	RelError: 7.50346e-06	AbsError: 4.42417e-06
Iteration: 2
  Device: "part1_baseline"	RelError: 1.19730e-07	AbsError: 5.15688e+09
    Region: "bulk"	RelError: 1.19655e-07	AbsError: 5.15688e+09
      Equation: "ElectronContinuityEquation"	RelError: 1.86724e-09	AbsError: 5.15652e+09
      Equation: "HoleContinuityEquation"	RelError: 2.35724e-08	AbsError: 3.55411e+05
      Equation: "PotentialEquation"	RelError: 9.42157e-08	AbsError: 4.91823e-11
    Region: "oxide"	RelError: 7.49020e-11	AbsError: 4.62121e-11
      Equation: "PotentialEquation"	RelError: 7.49020e-11	AbsError: 4.62121e-11
number of equations 7095
Iteration: 0
  Device: "part1_baseline"	RelError: 2.31316e-01	AbsError: 6.95224e+17
    Region: "bulk"	RelError: 2.20695e-01	AbsError: 6.95224e+17
      Equation: "ElectronContinuityEquation"	RelError: 1.89611e-02	AbsError: 6.95223e+17
      Equation: "HoleContinuityEquation"	RelError: 2.04530e-02	AbsError: 4.84282e+11
      Equation: "PotentialEquation"	RelError: 1.81281e-01	AbsError: 5.12650e-04
    Region: "oxide"	RelError: 1.06207e-02	AbsError: 2.00000e-02
      Equation: "PotentialEquation"	RelError: 1.06207e-02	AbsError: 2.00000e-02
Iteration: 1
  Device: "part1_baseline"	RelError: 2.36468e-03	AbsError: 6.43206e+14
    Region: "bulk"	RelError: 2.35742e-03	AbsError: 6.43206e+14
      Equation: "ElectronContinuityEquation"	RelError: 5.04541e-05	AbsError: 6.43200e+14
      Equation: "HoleContinuityEquation"	RelError: 3.69934e-04	AbsError: 5.68372e+09
      Equation: "PotentialEquation"	RelError: 1.93703e-03	AbsError: 4.27876e-06
    Region: "oxide"	RelError: 7.25430e-06	AbsError: 4.27876e-06
      Equation: "PotentialEquation"	RelError: 7.25430e-06	AbsError: 4.27876e-06
Iteration: 2
  Device: "part1_baseline"	RelError: 1.28469e-07	AbsError: 4.87646e+09
    Region: "bulk"	RelError: 1.28398e-07	AbsError: 4.87646e+09
      Equation: "ElectronContinuityEquation"	RelError: 1.74169e-09	AbsError: 4.87613e+09
      Equation: "HoleContinuityEquation"	RelError: 2.19962e-08	AbsError: 3.34735e+05
      Equation: "PotentialEquation"	RelError: 1.04660e-07	AbsError: 4.62519e-11
    Region: "oxide"	RelError: 7.08775e-11	AbsError: 4.37619e-11
      Equation: "PotentialEquation"	RelError: 7.08775e-11	AbsError: 4.37619e-11
number of equations 7095
Iteration: 0
  Device: "part1_baseline"	RelError: 2.64446e-01	AbsError: 6.96426e+17
    Region: "bulk"	RelError: 2.53937e-01	AbsError: 6.96426e+17
      Equation: "ElectronContinuityEquation"	RelError: 1.86412e-02	AbsError: 6.96426e+17
      Equation: "HoleContinuityEquation"	RelError: 2.01084e-02	AbsError: 4.73015e+11
      Equation: "PotentialEquation"	RelError: 2.15188e-01	AbsError: 5.04396e-04
    Region: "oxide"	RelError: 1.05091e-02	AbsError: 2.00000e-02
      Equation: "PotentialEquation"	RelError: 1.05091e-02	AbsError: 2.00000e-02
Iteration: 1
  Device: "part1_baseline"	RelError: 2.67086e-03	AbsError: 6.23841e+14
    Region: "bulk"	RelError: 2.66384e-03	AbsError: 6.23841e+14
      Equation: "ElectronContinuityEquation"	RelError: 4.87421e-05	AbsError: 6.23835e+14
      Equation: "HoleContinuityEquation"	RelError: 3.57958e-04	AbsError: 5.45752e+09
      Equation: "PotentialEquation"	RelError: 2.25714e-03	AbsError: 4.14020e-06
    Region: "oxide"	RelError: 7.01710e-06	AbsError: 4.14020e-06
      Equation: "PotentialEquation"	RelError: 7.01710e-06	AbsError: 4.14020e-06
Iteration: 2
  Device: "part1_baseline"	RelError: 1.41898e-07	AbsError: 4.61535e+09
    Region: "bulk"	RelError: 1.41831e-07	AbsError: 4.61535e+09
      Equation: "ElectronContinuityEquation"	RelError: 1.62634e-09	AbsError: 4.61503e+09
      Equation: "HoleContinuityEquation"	RelError: 2.05467e-08	AbsError: 3.15516e+05
      Equation: "PotentialEquation"	RelError: 1.19658e-07	AbsError: 4.35329e-11
    Region: "oxide"	RelError: 6.71188e-11	AbsError: 4.14717e-11
      Equation: "PotentialEquation"	RelError: 6.71188e-11	AbsError: 4.14717e-11
number of equations 7095
Iteration: 0
  Device: "part1_baseline"	RelError: 3.14677e-01	AbsError: 6.97594e+17
    Region: "bulk"	RelError: 3.04277e-01	AbsError: 6.97594e+17
      Equation: "ElectronContinuityEquation"	RelError: 1.83315e-02	AbsError: 6.97593e+17
      Equation: "HoleContinuityEquation"	RelError: 1.97748e-02	AbsError: 4.62194e+11
      Equation: "PotentialEquation"	RelError: 2.66171e-01	AbsError: 4.96462e-04
    Region: "oxide"	RelError: 1.03998e-02	AbsError: 2.00000e-02
      Equation: "PotentialEquation"	RelError: 1.03998e-02	AbsError: 2.00000e-02
Iteration: 1
  Device: "part1_baseline"	RelError: 3.14133e-03	AbsError: 6.05314e+14
    Region: "bulk"	RelError: 3.13454e-03	AbsError: 6.05314e+14
      Equation: "ElectronContinuityEquation"	RelError: 4.71111e-05	AbsError: 6.05309e+14
      Equation: "HoleContinuityEquation"	RelError: 3.46541e-04	AbsError: 5.24359e+09
      Equation: "PotentialEquation"	RelError: 2.74089e-03	AbsError: 4.00807e-06
    Region: "oxide"	RelError: 6.79159e-06	AbsError: 4.00807e-06
      Equation: "PotentialEquation"	RelError: 6.79159e-06	AbsError: 4.00807e-06
Iteration: 2
  Device: "part1_baseline"	RelError: 1.63418e-07	AbsError: 4.37193e+09
    Region: "bulk"	RelError: 1.63355e-07	AbsError: 4.37193e+09
      Equation: "ElectronContinuityEquation"	RelError: 1.52020e-09	AbsError: 4.37164e+09
      Equation: "HoleContinuityEquation"	RelError: 1.92487e-08	AbsError: 2.97634e+05
      Equation: "PotentialEquation"	RelError: 1.42586e-07	AbsError: 4.10076e-11
    Region: "oxide"	RelError: 6.36050e-11	AbsError: 3.93290e-11
      Equation: "PotentialEquation"	RelError: 6.36050e-11	AbsError: 3.93290e-11
number of equations 7095
Iteration: 0
  Device: "part1_baseline"	RelError: 3.99118e-01	AbsError: 6.98728e+17
    Region: "bulk"	RelError: 3.88825e-01	AbsError: 6.98728e+17
      Equation: "ElectronContinuityEquation"	RelError: 1.80314e-02	AbsError: 6.98728e+17
      Equation: "HoleContinuityEquation"	RelError: 1.94518e-02	AbsError: 4.51796e+11
      Equation: "PotentialEquation"	RelError: 3.51342e-01	AbsError: 4.88771e-04
    Region: "oxide"	RelError: 1.02927e-02	AbsError: 2.00000e-02
      Equation: "PotentialEquation"	RelError: 1.02927e-02	AbsError: 2.00000e-02
Iteration: 1
  Device: "part1_baseline"	RelError: 3.93924e-03	AbsError: 5.87580e+14
    Region: "bulk"	RelError: 3.93266e-03	AbsError: 5.87580e+14
      Equation: "ElectronContinuityEquation"	RelError: 4.55565e-05	AbsError: 5.87575e+14
      Equation: "HoleContinuityEquation"	RelError: 3.35651e-04	AbsError: 5.04110e+09
      Equation: "PotentialEquation"	RelError: 3.55146e-03	AbsError: 3.88199e-06
    Region: "oxide"	RelError: 6.57646e-06	AbsError: 3.88199e-06
      Equation: "PotentialEquation"	RelError: 6.57646e-06	AbsError: 3.88199e-06
Iteration: 2
  Device: "part1_baseline"	RelError: 2.00861e-07	AbsError: 4.14476e+09
    Region: "bulk"	RelError: 2.00801e-07	AbsError: 4.14476e+09
      Equation: "ElectronContinuityEquation"	RelError: 1.42243e-09	AbsError: 4.14448e+09
      Equation: "HoleContinuityEquation"	RelError: 1.80513e-08	AbsError: 2.80982e+05
      Equation: "PotentialEquation"	RelError: 1.81327e-07	AbsError: 3.86598e-11
    Region: "oxide"	RelError: 6.03174e-11	AbsError: 3.73226e-11
      Equation: "PotentialEquation"	RelError: 6.03174e-11	AbsError: 3.73226e-11
number of equations 7095
Iteration: 0
  Device: "part1_baseline"	RelError: 5.69222e-01	AbsError: 6.99831e+17
    Region: "bulk"	RelError: 5.59034e-01	AbsError: 6.99831e+17
      Equation: "ElectronContinuityEquation"	RelError: 1.77406e-02	AbsError: 6.99830e+17
      Equation: "HoleContinuityEquation"	RelError: 1.91390e-02	AbsError: 4.41796e+11
      Equation: "PotentialEquation"	RelError: 5.22155e-01	AbsError: 4.81312e-04
    Region: "oxide"	RelError: 1.01879e-02	AbsError: 2.00000e-02
      Equation: "PotentialEquation"	RelError: 1.01879e-02	AbsError: 2.00000e-02
Iteration: 1
  Device: "part1_baseline"	RelError: 5.55370e-03	AbsError: 5.70594e+14
    Region: "bulk"	RelError: 5.54732e-03	AbsError: 5.70594e+14
      Equation: "ElectronContinuityEquation"	RelError: 4.40736e-05	AbsError: 5.70589e+14
      Equation: "HoleContinuityEquation"	RelError: 3.25255e-04	AbsError: 4.84928e+09
      Equation: "PotentialEquation"	RelError: 5.17800e-03	AbsError: 3.76161e-06
    Region: "oxide"	RelError: 6.37108e-06	AbsError: 3.76161e-06
      Equation: "PotentialEquation"	RelError: 6.37108e-06	AbsError: 3.76161e-06
Iteration: 2
  Device: "part1_baseline"	RelError: 2.77844e-07	AbsError: 3.93253e+09
    Region: "bulk"	RelError: 2.77786e-07	AbsError: 3.93253e+09
      Equation: "ElectronContinuityEquation"	RelError: 1.33225e-09	AbsError: 3.93226e+09
      Equation: "HoleContinuityEquation"	RelError: 1.69439e-08	AbsError: 2.65461e+05
      Equation: "PotentialEquation"	RelError: 2.59510e-07	AbsError: 3.64750e-11
    Region: "oxide"	RelError: 5.72387e-11	AbsError: 3.54423e-11
      Equation: "PotentialEquation"	RelError: 5.72387e-11	AbsError: 3.54423e-11
Adding 668 nodes
Adding 1576 edges with 0 duplicates removed
Adding 908 triangles  with 0 duplicate removed
Adding 2340 nodes
Adding 6819 edges with 0 duplicates removed
Adding 4480 triangles  with 0 duplicate removed
Adding 125 nodes
Adding 316 edges with 0 duplicates removed
Adding 192 triangles  with 0 duplicate removed
Adding 75 nodes
Adding 170 edges with 0 duplicates removed
Adding 96 triangles  with 0 duplicate removed
Contact body in region bulk with 65 nodes
Contact drain in region bulk with 21 nodes
Contact gate in region oxide with 25 nodes
Contact source in region bulk with 21 nodes
Adding interface bulk_oxide with 23, 23 nodes
Replacing Node Model DrainDoping in region bulk of material Silicon
Replacing Node Model NetDoping in region bulk of material Silicon
Replacing Node Model SourceDoping in region bulk of material Silicon
Replacing Node Model gatenodemodel in region oxide of material Oxide
number of equations 2415
Iteration: 0
  Device: "part1_baseline"	RelError: 2.00000e+00	AbsError: 2.02790e-01
    Region: "bulk"	RelError: 1.00000e+00	AbsError: 2.02790e-01
      Equation: "PotentialEquation"	RelError: 1.00000e+00	AbsError: 2.02790e-01
    Region: "oxide"	RelError: 1.00000e+00	AbsError: 1.29945e-01
      Equation: "PotentialEquation"	RelError: 1.00000e+00	AbsError: 1.29945e-01
Iteration: 1
  Device: "part1_baseline"	RelError: 1.08400e+01	AbsError: 1.90617e-01
    Region: "bulk"	RelError: 4.91270e-01	AbsError: 1.90617e-01
      Equation: "PotentialEquation"	RelError: 4.91270e-01	AbsError: 1.90617e-01
    Region: "oxide"	RelError: 1.03487e+01	AbsError: 1.19400e-01
      Equation: "PotentialEquation"	RelError: 1.03487e+01	AbsError: 1.19400e-01
Iteration: 2
  Device: "part1_baseline"	RelError: 2.81639e+00	AbsError: 1.16548e-01
    Region: "bulk"	RelError: 8.15347e-01	AbsError: 1.16548e-01
      Equation: "PotentialEquation"	RelError: 8.15347e-01	AbsError: 1.16548e-01
    Region: "oxide"	RelError: 2.00104e+00	AbsError: 5.50909e-02
      Equation: "PotentialEquation"	RelError: 2.00104e+00	AbsError: 5.50909e-02
Iteration: 3
  Device: "part1_baseline"	RelError: 4.43366e+01	AbsError: 7.09754e-02
    Region: "bulk"	RelError: 4.49796e+00	AbsError: 7.09754e-02
      Equation: "PotentialEquation"	RelError: 4.49796e+00	AbsError: 7.09754e-02
    Region: "oxide"	RelError: 3.98387e+01	AbsError: 5.08469e-02
      Equation: "PotentialEquation"	RelError: 3.98387e+01	AbsError: 5.08469e-02
Iteration: 4
  Device: "part1_baseline"	RelError: 9.17256e+01	AbsError: 7.17361e-02
    Region: "bulk"	RelError: 4.60369e+01	AbsError: 7.17361e-02
      Equation: "PotentialEquation"	RelError: 4.60369e+01	AbsError: 7.17361e-02
    Region: "oxide"	RelError: 4.56887e+01	AbsError: 4.52329e-02
      Equation: "PotentialEquation"	RelError: 4.56887e+01	AbsError: 4.52329e-02
Iteration: 5
  Device: "part1_baseline"	RelError: 3.65820e+02	AbsError: 7.70125e-02
    Region: "bulk"	RelError: 3.15901e+02	AbsError: 7.70125e-02
      Equation: "PotentialEquation"	RelError: 3.15901e+02	AbsError: 7.70125e-02
    Region: "oxide"	RelError: 4.99193e+01	AbsError: 3.89299e-02
      Equation: "PotentialEquation"	RelError: 4.99193e+01	AbsError: 3.89299e-02
Iteration: 6
  Device: "part1_baseline"	RelError: 5.60564e+02	AbsError: 7.77639e-02
    Region: "bulk"	RelError: 5.04464e+02	AbsError: 7.77639e-02
      Equation: "PotentialEquation"	RelError: 5.04464e+02	AbsError: 7.77639e-02
    Region: "oxide"	RelError: 5.60998e+01	AbsError: 3.11660e-02
      Equation: "PotentialEquation"	RelError: 5.60998e+01	AbsError: 3.11660e-02
Iteration: 7
  Device: "part1_baseline"	RelError: 4.80560e+01	AbsError: 7.46427e-02
    Region: "bulk"	RelError: 4.67884e+01	AbsError: 7.46427e-02
      Equation: "PotentialEquation"	RelError: 4.67884e+01	AbsError: 7.46427e-02
    Region: "oxide"	RelError: 1.26760e+00	AbsError: 2.52597e-02
      Equation: "PotentialEquation"	RelError: 1.26760e+00	AbsError: 2.52597e-02
Iteration: 8
  Device: "part1_baseline"	RelError: 2.17514e+02	AbsError: 6.67190e-02
    Region: "bulk"	RelError: 2.15950e+02	AbsError: 6.67190e-02
      Equation: "PotentialEquation"	RelError: 2.15950e+02	AbsError: 6.67190e-02
    Region: "oxide"	RelError: 1.56420e+00	AbsError: 1.14549e-02
      Equation: "PotentialEquation"	RelError: 1.56420e+00	AbsError: 1.14549e-02
Iteration: 9
  Device: "part1_baseline"	RelError: 7.85249e+01	AbsError: 6.03992e-02
    Region: "bulk"	RelError: 7.83376e+01	AbsError: 6.03992e-02
      Equation: "PotentialEquation"	RelError: 7.83376e+01	AbsError: 6.03992e-02
    Region: "oxide"	RelError: 1.87342e-01	AbsError: 5.64479e-03
      Equation: "PotentialEquation"	RelError: 1.87342e-01	AbsError: 5.64479e-03
Iteration: 10
  Device: "part1_baseline"	RelError: 1.97772e+02	AbsError: 5.03761e-02
    Region: "bulk"	RelError: 1.97650e+02	AbsError: 5.03761e-02
      Equation: "PotentialEquation"	RelError: 1.97650e+02	AbsError: 5.03761e-02
    Region: "oxide"	RelError: 1.21798e-01	AbsError: 3.20232e-03
      Equation: "PotentialEquation"	RelError: 1.21798e-01	AbsError: 3.20232e-03
Iteration: 11
  Device: "part1_baseline"	RelError: 2.66971e+00	AbsError: 3.72134e-02
    Region: "bulk"	RelError: 2.63842e+00	AbsError: 3.72134e-02
      Equation: "PotentialEquation"	RelError: 2.63842e+00	AbsError: 3.72134e-02
    Region: "oxide"	RelError: 3.12896e-02	AbsError: 5.59290e-04
      Equation: "PotentialEquation"	RelError: 3.12896e-02	AbsError: 5.59290e-04
Iteration: 12
  Device: "part1_baseline"	RelError: 2.61030e+00	AbsError: 2.58967e-02
    Region: "bulk"	RelError: 2.60524e+00	AbsError: 2.58967e-02
      Equation: "PotentialEquation"	RelError: 2.60524e+00	AbsError: 2.58967e-02
    Region: "oxide"	RelError: 5.06491e-03	AbsError: 6.96051e-05
      Equation: "PotentialEquation"	RelError: 5.06491e-03	AbsError: 6.96051e-05
Iteration: 13
  Device: "part1_baseline"	RelError: 7.81478e-01	AbsError: 1.05554e-02
    Region: "bulk"	RelError: 7.81052e-01	AbsError: 1.05554e-02
      Equation: "PotentialEquation"	RelError: 7.81052e-01	AbsError: 1.05554e-02
    Region: "oxide"	RelError: 4.26324e-04	AbsError: 5.04376e-06
      Equation: "PotentialEquation"	RelError: 4.26324e-04	AbsError: 5.04376e-06
Iteration: 14
  Device: "part1_baseline"	RelError: 2.43445e-02	AbsError: 2.40851e-04
    Region: "bulk"	RelError: 2.43367e-02	AbsError: 2.40851e-04
      Equation: "PotentialEquation"	RelError: 2.43367e-02	AbsError: 2.40851e-04
    Region: "oxide"	RelError: 7.88259e-06	AbsError: 8.93876e-08
      Equation: "PotentialEquation"	RelError: 7.88259e-06	AbsError: 8.93876e-08
Iteration: 15
  Device: "part1_baseline"	RelError: 1.64829e-05	AbsError: 2.53539e-07
    Region: "bulk"	RelError: 1.64778e-05	AbsError: 2.53539e-07
      Equation: "PotentialEquation"	RelError: 1.64778e-05	AbsError: 2.53539e-07
    Region: "oxide"	RelError: 5.03812e-09	AbsError: 5.67650e-11
      Equation: "PotentialEquation"	RelError: 5.03812e-09	AbsError: 5.67650e-11
Iteration: 16
  Device: "part1_baseline"	RelError: 1.40997e-11	AbsError: 3.21754e-13
    Region: "bulk"	RelError: 1.40955e-11	AbsError: 3.21754e-13
      Equation: "PotentialEquation"	RelError: 1.40955e-11	AbsError: 3.21754e-13
    Region: "oxide"	RelError: 4.17794e-15	AbsError: 4.69359e-17
      Equation: "PotentialEquation"	RelError: 4.17794e-15	AbsError: 4.69359e-17
Iteration: 17
  Device: "part1_baseline"	RelError: 1.78763e-23	AbsError: 5.75734e-25
    Region: "bulk"	RelError: 1.78711e-23	AbsError: 5.75734e-25
      Equation: "PotentialEquation"	RelError: 1.78711e-23	AbsError: 5.75734e-25
    Region: "oxide"	RelError: 5.17324e-27	AbsError: 5.80362e-29
      Equation: "PotentialEquation"	RelError: 5.17324e-27	AbsError: 5.80362e-29
Warning: Replacing equation with equation of the same name.
Region: bulk, Equation: PotentialEquation, Variable: Potential
number of equations 7095
Iteration: 0
  Device: "part1_baseline"	RelError: 3.93948e-31	AbsError: 1.95540e-14
    Region: "bulk"	RelError: 3.93569e-31	AbsError: 1.95540e-14
      Equation: "ElectronContinuityEquation"	RelError: 1.34911e-31	AbsError: 1.95399e-14
      Equation: "HoleContinuityEquation"	RelError: 2.26274e-31	AbsError: 1.40657e-17
      Equation: "PotentialEquation"	RelError: 3.23834e-32	AbsError: 9.87587e-35
    Region: "oxide"	RelError: 3.78867e-34	AbsError: 1.27780e-35
      Equation: "PotentialEquation"	RelError: 3.78867e-34	AbsError: 1.27780e-35
number of equations 7095
Iteration: 0
  Device: "part1_baseline"	RelError: 2.85007e+03	AbsError: 6.17226e+16
    Region: "bulk"	RelError: 2.84917e+03	AbsError: 6.17226e+16
      Equation: "ElectronContinuityEquation"	RelError: 1.80416e+03	AbsError: 6.01764e+16
      Equation: "HoleContinuityEquation"	RelError: 9.99000e+02	AbsError: 1.54623e+15
      Equation: "PotentialEquation"	RelError: 4.60080e+01	AbsError: 4.09542e-02
    Region: "oxide"	RelError: 8.97720e-01	AbsError: 1.89170e-02
      Equation: "PotentialEquation"	RelError: 8.97720e-01	AbsError: 1.89170e-02
Iteration: 1
  Device: "part1_baseline"	RelError: 1.33019e+01	AbsError: 2.36442e+15
    Region: "bulk"	RelError: 1.32247e+01	AbsError: 2.36442e+15
      Equation: "ElectronContinuityEquation"	RelError: 9.99198e-01	AbsError: 2.08717e+15
      Equation: "HoleContinuityEquation"	RelError: 9.98644e-01	AbsError: 2.77246e+14
      Equation: "PotentialEquation"	RelError: 1.12268e+01	AbsError: 3.07636e-02
    Region: "oxide"	RelError: 7.72746e-02	AbsError: 8.69424e-03
      Equation: "PotentialEquation"	RelError: 7.72746e-02	AbsError: 8.69424e-03
Iteration: 2
  Device: "part1_baseline"	RelError: 1.00197e+03	AbsError: 6.39756e+14
    Region: "bulk"	RelError: 1.00196e+03	AbsError: 6.39756e+14
      Equation: "ElectronContinuityEquation"	RelError: 2.47107e+00	AbsError: 6.01064e+14
      Equation: "HoleContinuityEquation"	RelError: 9.99000e+02	AbsError: 3.86926e+13
      Equation: "PotentialEquation"	RelError: 4.91898e-01	AbsError: 2.58178e-02
    Region: "oxide"	RelError: 2.30011e-03	AbsError: 4.87452e-05
      Equation: "PotentialEquation"	RelError: 2.30011e-03	AbsError: 4.87452e-05
Iteration: 3
  Device: "part1_baseline"	RelError: 1.29872e+00	AbsError: 7.78208e+14
    Region: "bulk"	RelError: 1.29782e+00	AbsError: 7.78208e+14
      Equation: "ElectronContinuityEquation"	RelError: 2.80445e-01	AbsError: 7.77518e+14
      Equation: "HoleContinuityEquation"	RelError: 9.97463e-01	AbsError: 6.90093e+11
      Equation: "PotentialEquation"	RelError: 1.99160e-02	AbsError: 9.16537e-03
    Region: "oxide"	RelError: 8.98205e-04	AbsError: 2.20096e-05
      Equation: "PotentialEquation"	RelError: 8.98205e-04	AbsError: 2.20096e-05
Iteration: 4
  Device: "part1_baseline"	RelError: 3.57043e-01	AbsError: 8.81347e+14
    Region: "bulk"	RelError: 3.56123e-01	AbsError: 8.81347e+14
      Equation: "ElectronContinuityEquation"	RelError: 2.80417e-02	AbsError: 8.80086e+14
      Equation: "HoleContinuityEquation"	RelError: 2.85441e-01	AbsError: 1.26152e+12
      Equation: "PotentialEquation"	RelError: 4.26400e-02	AbsError: 1.41634e-04
    Region: "oxide"	RelError: 9.20038e-04	AbsError: 1.61666e-05
      Equation: "PotentialEquation"	RelError: 9.20038e-04	AbsError: 1.61666e-05
Iteration: 5
  Device: "part1_baseline"	RelError: 4.35980e-04	AbsError: 4.41018e+11
    Region: "bulk"	RelError: 4.35729e-04	AbsError: 4.41018e+11
      Equation: "ElectronContinuityEquation"	RelError: 6.04169e-05	AbsError: 4.40656e+11
      Equation: "HoleContinuityEquation"	RelError: 3.60969e-04	AbsError: 3.62001e+08
      Equation: "PotentialEquation"	RelError: 1.43430e-05	AbsError: 5.67936e-08
    Region: "oxide"	RelError: 2.50535e-07	AbsError: 4.25565e-09
      Equation: "PotentialEquation"	RelError: 2.50535e-07	AbsError: 4.25565e-09
Iteration: 6
  Device: "part1_baseline"	RelError: 8.83954e-11	AbsError: 1.04995e+05
    Region: "bulk"	RelError: 8.83595e-11	AbsError: 1.04995e+05
      Equation: "ElectronContinuityEquation"	RelError: 2.05074e-11	AbsError: 1.04942e+05
      Equation: "HoleContinuityEquation"	RelError: 6.55151e-11	AbsError: 5.25944e+01
      Equation: "PotentialEquation"	RelError: 2.33703e-12	AbsError: 1.26391e-14
    Region: "oxide"	RelError: 3.59094e-14	AbsError: 6.09953e-16
      Equation: "PotentialEquation"	RelError: 3.59094e-14	AbsError: 6.09953e-16
number of equations 7095
Iteration: 0
  Device: "part1_baseline"	RelError: 2.07378e+03	AbsError: 6.53677e+16
    Region: "bulk"	RelError: 2.06768e+03	AbsError: 6.53677e+16
      Equation: "ElectronContinuityEquation"	RelError: 9.99000e+02	AbsError: 6.39411e+16
      Equation: "HoleContinuityEquation"	RelError: 9.99000e+02	AbsError: 1.42659e+15
      Equation: "PotentialEquation"	RelError: 6.96762e+01	AbsError: 4.09542e-02
    Region: "oxide"	RelError: 6.10552e+00	AbsError: 1.86246e-02
      Equation: "PotentialEquation"	RelError: 6.10552e+00	AbsError: 1.86246e-02
Iteration: 1
  Device: "part1_baseline"	RelError: 3.04830e+01	AbsError: 1.47873e+15
    Region: "bulk"	RelError: 3.04219e+01	AbsError: 1.47873e+15
      Equation: "ElectronContinuityEquation"	RelError: 9.98551e-01	AbsError: 1.25742e+15
      Equation: "HoleContinuityEquation"	RelError: 9.98573e-01	AbsError: 2.21305e+14
      Equation: "PotentialEquation"	RelError: 2.84248e+01	AbsError: 3.07634e-02
    Region: "oxide"	RelError: 6.10946e-02	AbsError: 8.52735e-03
      Equation: "PotentialEquation"	RelError: 6.10946e-02	AbsError: 8.52735e-03
Iteration: 2
  Device: "part1_baseline"	RelError: 1.00068e+03	AbsError: 4.11140e+14
    Region: "bulk"	RelError: 1.00067e+03	AbsError: 4.11140e+14
      Equation: "ElectronContinuityEquation"	RelError: 1.33452e+00	AbsError: 3.82828e+14
      Equation: "HoleContinuityEquation"	RelError: 9.99000e+02	AbsError: 2.83114e+13
      Equation: "PotentialEquation"	RelError: 3.35658e-01	AbsError: 2.57674e-02
    Region: "oxide"	RelError: 8.82405e-03	AbsError: 2.45101e-05
      Equation: "PotentialEquation"	RelError: 8.82405e-03	AbsError: 2.45101e-05
Iteration: 3
  Device: "part1_baseline"	RelError: 1.35171e+00	AbsError: 6.52549e+14
    Region: "bulk"	RelError: 1.34838e+00	AbsError: 6.52549e+14
      Equation: "ElectronContinuityEquation"	RelError: 3.22683e-01	AbsError: 6.51990e+14
      Equation: "HoleContinuityEquation"	RelError: 9.97367e-01	AbsError: 5.59141e+11
      Equation: "PotentialEquation"	RelError: 2.83346e-02	AbsError: 9.16539e-03
    Region: "oxide"	RelError: 3.32161e-03	AbsError: 1.09074e-05
      Equation: "PotentialEquation"	RelError: 3.32161e-03	AbsError: 1.09074e-05
Iteration: 4
  Device: "part1_baseline"	RelError: 3.65086e-01	AbsError: 7.68170e+14
    Region: "bulk"	RelError: 3.61741e-01	AbsError: 7.68170e+14
      Equation: "ElectronContinuityEquation"	RelError: 2.89395e-02	AbsError: 7.67278e+14
      Equation: "HoleContinuityEquation"	RelError: 2.55345e-01	AbsError: 8.92402e+11
      Equation: "PotentialEquation"	RelError: 7.74565e-02	AbsError: 1.10145e-04
    Region: "oxide"	RelError: 3.34451e-03	AbsError: 8.38255e-06
      Equation: "PotentialEquation"	RelError: 3.34451e-03	AbsError: 8.38255e-06
Iteration: 5
  Device: "part1_baseline"	RelError: 1.99018e-04	AbsError: 3.54985e+11
    Region: "bulk"	RelError: 1.98321e-04	AbsError: 3.54985e+11
      Equation: "ElectronContinuityEquation"	RelError: 2.96254e-05	AbsError: 3.54764e+11
      Equation: "HoleContinuityEquation"	RelError: 1.46212e-04	AbsError: 2.21032e+08
      Equation: "PotentialEquation"	RelError: 2.24838e-05	AbsError: 4.41728e-08
    Region: "oxide"	RelError: 6.97310e-07	AbsError: 1.74838e-09
      Equation: "PotentialEquation"	RelError: 6.97310e-07	AbsError: 1.74838e-09
Iteration: 6
  Device: "part1_baseline"	RelError: 3.42183e-11	AbsError: 7.09350e+04
    Region: "bulk"	RelError: 3.41593e-11	AbsError: 7.09350e+04
      Equation: "ElectronContinuityEquation"	RelError: 3.56749e-12	AbsError: 7.09080e+04
      Equation: "HoleContinuityEquation"	RelError: 2.76063e-11	AbsError: 2.70407e+01
      Equation: "PotentialEquation"	RelError: 2.98547e-12	AbsError: 8.37278e-15
    Region: "oxide"	RelError: 5.89677e-14	AbsError: 1.47838e-16
      Equation: "PotentialEquation"	RelError: 5.89677e-14	AbsError: 1.47838e-16
number of equations 7095
Iteration: 0
  Device: "part1_baseline"	RelError: 2.02285e+03	AbsError: 6.77301e+16
    Region: "bulk"	RelError: 2.01754e+03	AbsError: 6.77301e+16
      Equation: "ElectronContinuityEquation"	RelError: 9.99000e+02	AbsError: 6.64563e+16
      Equation: "HoleContinuityEquation"	RelError: 9.99000e+02	AbsError: 1.27377e+15
      Equation: "PotentialEquation"	RelError: 1.95418e+01	AbsError: 4.09542e-02
    Region: "oxide"	RelError: 5.30829e+00	AbsError: 1.84929e-02
      Equation: "PotentialEquation"	RelError: 5.30829e+00	AbsError: 1.84929e-02
Iteration: 1
  Device: "part1_baseline"	RelError: 1.08463e+03	AbsError: 1.28844e+15
    Region: "bulk"	RelError: 1.08458e+03	AbsError: 1.28844e+15
      Equation: "ElectronContinuityEquation"	RelError: 9.99000e+02	AbsError: 1.11081e+15
      Equation: "HoleContinuityEquation"	RelError: 9.98554e-01	AbsError: 1.77625e+14
      Equation: "PotentialEquation"	RelError: 8.45831e+01	AbsError: 3.07633e-02
    Region: "oxide"	RelError: 5.07861e-02	AbsError: 8.45489e-03
      Equation: "PotentialEquation"	RelError: 5.07861e-02	AbsError: 8.45489e-03
Iteration: 2
  Device: "part1_baseline"	RelError: 1.00058e+03	AbsError: 2.48656e+14
    Region: "bulk"	RelError: 1.00057e+03	AbsError: 2.48656e+14
      Equation: "ElectronContinuityEquation"	RelError: 1.06921e+00	AbsError: 2.24737e+14
      Equation: "HoleContinuityEquation"	RelError: 9.99000e+02	AbsError: 2.39195e+13
      Equation: "PotentialEquation"	RelError: 5.02494e-01	AbsError: 2.58966e-02
    Region: "oxide"	RelError: 5.21291e-03	AbsError: 1.22184e-05
      Equation: "PotentialEquation"	RelError: 5.21291e-03	AbsError: 1.22184e-05
Iteration: 3
  Device: "part1_baseline"	RelError: 1.40828e+00	AbsError: 5.36877e+14
    Region: "bulk"	RelError: 1.40695e+00	AbsError: 5.36877e+14
      Equation: "ElectronContinuityEquation"	RelError: 3.32668e-01	AbsError: 5.36375e+14
      Equation: "HoleContinuityEquation"	RelError: 9.96717e-01	AbsError: 5.02406e+11
      Equation: "PotentialEquation"	RelError: 7.75629e-02	AbsError: 9.16540e-03
    Region: "oxide"	RelError: 1.32859e-03	AbsError: 4.64174e-06
      Equation: "PotentialEquation"	RelError: 1.32859e-03	AbsError: 4.64174e-06
Iteration: 4
  Device: "part1_baseline"	RelError: 2.92432e-01	AbsError: 6.51261e+14
    Region: "bulk"	RelError: 2.90113e-01	AbsError: 6.51261e+14
      Equation: "ElectronContinuityEquation"	RelError: 3.02525e-02	AbsError: 6.50553e+14
      Equation: "HoleContinuityEquation"	RelError: 1.53800e-01	AbsError: 7.08800e+11
      Equation: "PotentialEquation"	RelError: 1.06061e-01	AbsError: 9.12119e-05
    Region: "oxide"	RelError: 2.31855e-03	AbsError: 4.54051e-06
      Equation: "PotentialEquation"	RelError: 2.31855e-03	AbsError: 4.54051e-06
Iteration: 5
  Device: "part1_baseline"	RelError: 7.67293e-05	AbsError: 2.64351e+11
    Region: "bulk"	RelError: 7.63099e-05	AbsError: 2.64351e+11
      Equation: "ElectronContinuityEquation"	RelError: 1.39462e-05	AbsError: 2.64193e+11
      Equation: "HoleContinuityEquation"	RelError: 4.78691e-05	AbsError: 1.58475e+08
      Equation: "PotentialEquation"	RelError: 1.44946e-05	AbsError: 3.24598e-08
    Region: "oxide"	RelError: 4.19419e-07	AbsError: 7.13970e-10
      Equation: "PotentialEquation"	RelError: 4.19419e-07	AbsError: 7.13970e-10
Iteration: 6
  Device: "part1_baseline"	RelError: 8.76700e-12	AbsError: 4.05441e+04
    Region: "bulk"	RelError: 8.73197e-12	AbsError: 4.05441e+04
      Equation: "ElectronContinuityEquation"	RelError: 1.24589e-12	AbsError: 4.05277e+04
      Equation: "HoleContinuityEquation"	RelError: 6.73365e-12	AbsError: 1.63742e+01
      Equation: "PotentialEquation"	RelError: 7.52430e-13	AbsError: 4.80902e-15
    Region: "oxide"	RelError: 3.50280e-14	AbsError: 5.83806e-17
      Equation: "PotentialEquation"	RelError: 3.50280e-14	AbsError: 5.83806e-17
number of equations 7095
Iteration: 0
  Device: "part1_baseline"	RelError: 2.06385e+03	AbsError: 6.91289e+16
    Region: "bulk"	RelError: 2.06301e+03	AbsError: 6.91289e+16
      Equation: "ElectronContinuityEquation"	RelError: 9.99000e+02	AbsError: 6.79226e+16
      Equation: "HoleContinuityEquation"	RelError: 9.99000e+02	AbsError: 1.20625e+15
      Equation: "PotentialEquation"	RelError: 6.50063e+01	AbsError: 4.09542e-02
    Region: "oxide"	RelError: 8.42845e-01	AbsError: 1.84372e-02
      Equation: "PotentialEquation"	RelError: 8.42845e-01	AbsError: 1.84372e-02
Iteration: 1
  Device: "part1_baseline"	RelError: 1.00526e+03	AbsError: 1.13837e+15
    Region: "bulk"	RelError: 1.00522e+03	AbsError: 1.13837e+15
      Equation: "ElectronContinuityEquation"	RelError: 9.99000e+02	AbsError: 9.76887e+14
      Equation: "HoleContinuityEquation"	RelError: 9.98535e-01	AbsError: 1.61486e+14
      Equation: "PotentialEquation"	RelError: 5.21880e+00	AbsError: 3.07633e-02
    Region: "oxide"	RelError: 4.35832e-02	AbsError: 8.42559e-03
      Equation: "PotentialEquation"	RelError: 4.35832e-02	AbsError: 8.42559e-03
Iteration: 2
  Device: "part1_baseline"	RelError: 1.42988e+01	AbsError: 1.42752e+14
    Region: "bulk"	RelError: 1.42983e+01	AbsError: 1.42752e+14
      Equation: "ElectronContinuityEquation"	RelError: 9.99989e-01	AbsError: 1.26887e+14
      Equation: "HoleContinuityEquation"	RelError: 1.32319e+01	AbsError: 1.58652e+13
      Equation: "PotentialEquation"	RelError: 6.64737e-02	AbsError: 2.58634e-02
    Region: "oxide"	RelError: 4.29489e-04	AbsError: 5.90103e-06
      Equation: "PotentialEquation"	RelError: 4.29489e-04	AbsError: 5.90103e-06
Iteration: 3
  Device: "part1_baseline"	RelError: 1.14074e+00	AbsError: 4.35824e+14
    Region: "bulk"	RelError: 1.14067e+00	AbsError: 4.35824e+14
      Equation: "ElectronContinuityEquation"	RelError: 3.41693e-01	AbsError: 4.35414e+14
      Equation: "HoleContinuityEquation"	RelError: 7.87282e-01	AbsError: 4.10082e+11
      Equation: "PotentialEquation"	RelError: 1.16957e-02	AbsError: 9.16539e-03
    Region: "oxide"	RelError: 6.96286e-05	AbsError: 1.85283e-06
      Equation: "PotentialEquation"	RelError: 6.96286e-05	AbsError: 1.85283e-06
Iteration: 4
  Device: "part1_baseline"	RelError: 6.28962e-02	AbsError: 5.40072e+14
    Region: "bulk"	RelError: 6.26772e-02	AbsError: 5.40072e+14
      Equation: "ElectronContinuityEquation"	RelError: 3.13384e-02	AbsError: 5.39528e+14
      Equation: "HoleContinuityEquation"	RelError: 1.75986e-02	AbsError: 5.44022e+11
      Equation: "PotentialEquation"	RelError: 1.37402e-02	AbsError: 7.46237e-05
    Region: "oxide"	RelError: 2.19079e-04	AbsError: 2.56139e-06
      Equation: "PotentialEquation"	RelError: 2.19079e-04	AbsError: 2.56139e-06
Iteration: 5
  Device: "part1_baseline"	RelError: 1.68489e-05	AbsError: 1.85595e+11
    Region: "bulk"	RelError: 1.68142e-05	AbsError: 1.85595e+11
      Equation: "ElectronContinuityEquation"	RelError: 9.92009e-06	AbsError: 1.85488e+11
      Equation: "HoleContinuityEquation"	RelError: 4.19129e-06	AbsError: 1.07725e+08
      Equation: "PotentialEquation"	RelError: 2.70282e-06	AbsError: 2.27291e-08
    Region: "oxide"	RelError: 3.46864e-08	AbsError: 3.67727e-10
      Equation: "PotentialEquation"	RelError: 3.46864e-08	AbsError: 3.67727e-10
Iteration: 6
  Device: "part1_baseline"	RelError: 1.26238e-12	AbsError: 2.04264e+04
    Region: "bulk"	RelError: 1.25963e-12	AbsError: 2.04264e+04
      Equation: "ElectronContinuityEquation"	RelError: 6.30744e-13	AbsError: 2.04172e+04
      Equation: "HoleContinuityEquation"	RelError: 3.97677e-13	AbsError: 9.25278e+00
      Equation: "PotentialEquation"	RelError: 2.31210e-13	AbsError: 2.45093e-15
    Region: "oxide"	RelError: 2.74483e-15	AbsError: 2.90993e-17
      Equation: "PotentialEquation"	RelError: 2.74483e-15	AbsError: 2.90993e-17
number of equations 7095
Iteration: 0
  Device: "part1_baseline"	RelError: 5.87939e+03	AbsError: 6.96509e+16
    Region: "bulk"	RelError: 5.87893e+03	AbsError: 6.96509e+16
      Equation: "ElectronContinuityEquation"	RelError: 9.99000e+02	AbsError: 6.86146e+16
      Equation: "HoleContinuityEquation"	RelError: 4.86925e+03	AbsError: 1.03634e+15
      Equation: "PotentialEquation"	RelError: 1.06813e+01	AbsError: 4.09542e-02
    Region: "oxide"	RelError: 4.57349e-01	AbsError: 1.84157e-02
      Equation: "PotentialEquation"	RelError: 4.57349e-01	AbsError: 1.84157e-02
Iteration: 1
  Device: "part1_baseline"	RelError: 1.04719e+03	AbsError: 9.39294e+14
    Region: "bulk"	RelError: 1.04715e+03	AbsError: 9.39294e+14
      Equation: "ElectronContinuityEquation"	RelError: 9.99000e+02	AbsError: 8.17722e+14
      Equation: "HoleContinuityEquation"	RelError: 9.99535e-01	AbsError: 1.21571e+14
      Equation: "PotentialEquation"	RelError: 4.71479e+01	AbsError: 3.07633e-02
    Region: "oxide"	RelError: 3.82260e-02	AbsError: 8.41520e-03
      Equation: "PotentialEquation"	RelError: 3.82260e-02	AbsError: 8.41520e-03
Iteration: 2
  Device: "part1_baseline"	RelError: 8.14598e+00	AbsError: 1.07779e+14
    Region: "bulk"	RelError: 8.14585e+00	AbsError: 1.07779e+14
      Equation: "ElectronContinuityEquation"	RelError: 9.99989e-01	AbsError: 9.74427e+13
      Equation: "HoleContinuityEquation"	RelError: 7.03034e+00	AbsError: 1.03367e+13
      Equation: "PotentialEquation"	RelError: 1.15527e-01	AbsError: 2.58307e-02
    Region: "oxide"	RelError: 1.28055e-04	AbsError: 2.95013e-06
      Equation: "PotentialEquation"	RelError: 1.28055e-04	AbsError: 2.95013e-06
Iteration: 3
  Device: "part1_baseline"	RelError: 1.03859e+00	AbsError: 3.49431e+14
    Region: "bulk"	RelError: 1.03857e+00	AbsError: 3.49431e+14
      Equation: "ElectronContinuityEquation"	RelError: 3.49309e-01	AbsError: 3.49097e+14
      Equation: "HoleContinuityEquation"	RelError: 6.55692e-01	AbsError: 3.33515e+11
      Equation: "PotentialEquation"	RelError: 3.35735e-02	AbsError: 9.16539e-03
    Region: "oxide"	RelError: 1.09034e-05	AbsError: 6.55863e-07
      Equation: "PotentialEquation"	RelError: 1.09034e-05	AbsError: 6.55863e-07
Iteration: 4
  Device: "part1_baseline"	RelError: 7.73287e-02	AbsError: 4.39546e+14
    Region: "bulk"	RelError: 7.72344e-02	AbsError: 4.39546e+14
      Equation: "ElectronContinuityEquation"	RelError: 3.22391e-02	AbsError: 4.39119e+14
      Equation: "HoleContinuityEquation"	RelError: 1.49316e-03	AbsError: 4.26857e+11
      Equation: "PotentialEquation"	RelError: 4.35021e-02	AbsError: 6.55906e-05
    Region: "oxide"	RelError: 9.43654e-05	AbsError: 1.54501e-06
      Equation: "PotentialEquation"	RelError: 9.43654e-05	AbsError: 1.54501e-06
Iteration: 5
  Device: "part1_baseline"	RelError: 2.56891e-05	AbsError: 1.24304e+11
    Region: "bulk"	RelError: 2.56737e-05	AbsError: 1.24304e+11
      Equation: "ElectronContinuityEquation"	RelError: 7.26256e-06	AbsError: 1.24229e+11
      Equation: "HoleContinuityEquation"	RelError: 1.20875e-05	AbsError: 7.50653e+07
      Equation: "PotentialEquation"	RelError: 6.32365e-06	AbsError: 1.61919e-08
    Region: "oxide"	RelError: 1.53919e-08	AbsError: 2.23326e-10
      Equation: "PotentialEquation"	RelError: 1.53919e-08	AbsError: 2.23326e-10
Iteration: 6
  Device: "part1_baseline"	RelError: 9.24008e-13	AbsError: 9.30566e+03
    Region: "bulk"	RelError: 9.22997e-13	AbsError: 9.30566e+03
      Equation: "ElectronContinuityEquation"	RelError: 3.77449e-13	AbsError: 9.30057e+03
      Equation: "HoleContinuityEquation"	RelError: 1.77912e-13	AbsError: 5.09032e+00
      Equation: "PotentialEquation"	RelError: 3.67636e-13	AbsError: 1.41978e-15
    Region: "oxide"	RelError: 1.01126e-15	AbsError: 1.44718e-17
      Equation: "PotentialEquation"	RelError: 1.01126e-15	AbsError: 1.44718e-17
number of equations 7095
Iteration: 0
  Device: "part1_baseline"	RelError: 1.02238e+04	AbsError: 6.96828e+16
    Region: "bulk"	RelError: 1.02230e+04	AbsError: 6.96828e+16
      Equation: "ElectronContinuityEquation"	RelError: 9.99000e+02	AbsError: 6.87579e+16
      Equation: "HoleContinuityEquation"	RelError: 9.18270e+03	AbsError: 9.24942e+14
      Equation: "PotentialEquation"	RelError: 4.12885e+01	AbsError: 4.09542e-02
    Region: "oxide"	RelError: 7.89446e-01	AbsError: 1.84089e-02
      Equation: "PotentialEquation"	RelError: 7.89446e-01	AbsError: 1.84089e-02
Iteration: 1
  Device: "part1_baseline"	RelError: 1.00401e+03	AbsError: 7.82579e+14
    Region: "bulk"	RelError: 1.00398e+03	AbsError: 7.82579e+14
      Equation: "ElectronContinuityEquation"	RelError: 9.99000e+02	AbsError: 6.61795e+14
      Equation: "HoleContinuityEquation"	RelError: 9.99752e-01	AbsError: 1.20784e+14
      Equation: "PotentialEquation"	RelError: 3.97583e+00	AbsError: 3.07633e-02
    Region: "oxide"	RelError: 3.40653e-02	AbsError: 8.41278e-03
      Equation: "PotentialEquation"	RelError: 3.40653e-02	AbsError: 8.41278e-03
Iteration: 2
  Device: "part1_baseline"	RelError: 5.87121e+00	AbsError: 9.99487e+13
    Region: "bulk"	RelError: 5.87109e+00	AbsError: 9.99487e+13
      Equation: "ElectronContinuityEquation"	RelError: 9.99988e-01	AbsError: 9.33552e+13
      Equation: "HoleContinuityEquation"	RelError: 4.83246e+00	AbsError: 6.59342e+12
      Equation: "PotentialEquation"	RelError: 3.86367e-02	AbsError: 2.57974e-02
    Region: "oxide"	RelError: 1.23314e-04	AbsError: 1.47901e-06
      Equation: "PotentialEquation"	RelError: 1.23314e-04	AbsError: 1.47901e-06
Iteration: 3
  Device: "part1_baseline"	RelError: 9.24740e-01	AbsError: 2.77003e+14
    Region: "bulk"	RelError: 9.24701e-01	AbsError: 2.77003e+14
      Equation: "ElectronContinuityEquation"	RelError: 3.55413e-01	AbsError: 2.76740e+14
      Equation: "HoleContinuityEquation"	RelError: 5.60130e-01	AbsError: 2.63240e+11
      Equation: "PotentialEquation"	RelError: 9.15794e-03	AbsError: 9.16538e-03
    Region: "oxide"	RelError: 3.89424e-05	AbsError: 3.20580e-07
      Equation: "PotentialEquation"	RelError: 3.89424e-05	AbsError: 3.20580e-07
Iteration: 4
  Device: "part1_baseline"	RelError: 3.99404e-02	AbsError: 3.52173e+14
    Region: "bulk"	RelError: 3.98189e-02	AbsError: 3.52173e+14
      Equation: "ElectronContinuityEquation"	RelError: 3.29655e-02	AbsError: 3.51835e+14
      Equation: "HoleContinuityEquation"	RelError: 2.87126e-03	AbsError: 3.38277e+11
      Equation: "PotentialEquation"	RelError: 3.98214e-03	AbsError: 5.95855e-05
    Region: "oxide"	RelError: 1.21504e-04	AbsError: 1.02830e-06
      Equation: "PotentialEquation"	RelError: 1.21504e-04	AbsError: 1.02830e-06
Iteration: 5
  Device: "part1_baseline"	RelError: 8.57464e-05	AbsError: 8.01007e+10
    Region: "bulk"	RelError: 8.57282e-05	AbsError: 8.01007e+10
      Equation: "ElectronContinuityEquation"	RelError: 5.57162e-06	AbsError: 8.00484e+10
      Equation: "HoleContinuityEquation"	RelError: 7.94959e-05	AbsError: 5.23150e+07
      Equation: "PotentialEquation"	RelError: 6.60696e-07	AbsError: 1.35362e-08
    Region: "oxide"	RelError: 1.81906e-08	AbsError: 1.44515e-10
      Equation: "PotentialEquation"	RelError: 1.81906e-08	AbsError: 1.44515e-10
Iteration: 6
  Device: "part1_baseline"	RelError: 9.82828e-13	AbsError: 4.71141e+03
    Region: "bulk"	RelError: 9.81943e-13	AbsError: 4.71141e+03
      Equation: "ElectronContinuityEquation"	RelError: 2.54306e-13	AbsError: 4.70851e+03
      Equation: "HoleContinuityEquation"	RelError: 6.90892e-13	AbsError: 2.90383e+00
      Equation: "PotentialEquation"	RelError: 3.67442e-14	AbsError: 1.00978e-15
    Region: "oxide"	RelError: 8.85197e-16	AbsError: 6.98067e-18
      Equation: "PotentialEquation"	RelError: 8.85197e-16	AbsError: 6.98067e-18
number of equations 7095
Iteration: 0
  Device: "part1_baseline"	RelError: 2.11347e+03	AbsError: 6.93915e+16
    Region: "bulk"	RelError: 2.10960e+03	AbsError: 6.93915e+16
      Equation: "ElectronContinuityEquation"	RelError: 9.99000e+02	AbsError: 6.85081e+16
      Equation: "HoleContinuityEquation"	RelError: 9.99000e+02	AbsError: 8.83436e+14
      Equation: "PotentialEquation"	RelError: 1.11602e+02	AbsError: 4.09542e-02
    Region: "oxide"	RelError: 3.86460e+00	AbsError: 1.84081e-02
      Equation: "PotentialEquation"	RelError: 3.86460e+00	AbsError: 1.84081e-02
Iteration: 1
  Device: "part1_baseline"	RelError: 1.04850e+03	AbsError: 6.24376e+14
    Region: "bulk"	RelError: 1.04847e+03	AbsError: 6.24376e+14
      Equation: "ElectronContinuityEquation"	RelError: 9.99000e+02	AbsError: 5.23374e+14
      Equation: "HoleContinuityEquation"	RelError: 9.98600e-01	AbsError: 1.01001e+14
      Equation: "PotentialEquation"	RelError: 4.84739e+01	AbsError: 3.07633e-02
    Region: "oxide"	RelError: 3.07312e-02	AbsError: 8.41357e-03
      Equation: "PotentialEquation"	RelError: 3.07312e-02	AbsError: 8.41357e-03
Iteration: 2
  Device: "part1_baseline"	RelError: 3.77025e+00	AbsError: 9.67977e+13
    Region: "bulk"	RelError: 3.76989e+00	AbsError: 9.67977e+13
      Equation: "ElectronContinuityEquation"	RelError: 9.99988e-01	AbsError: 9.05454e+13
      Equation: "HoleContinuityEquation"	RelError: 2.68686e+00	AbsError: 6.25230e+12
      Equation: "PotentialEquation"	RelError: 8.30424e-02	AbsError: 2.58892e-02
    Region: "oxide"	RelError: 3.58094e-04	AbsError: 7.86609e-07
      Equation: "PotentialEquation"	RelError: 3.58094e-04	AbsError: 7.86609e-07
Iteration: 3
  Device: "part1_baseline"	RelError: 7.82537e-01	AbsError: 1.32507e+15
    Region: "bulk"	RelError: 7.81911e-01	AbsError: 1.32507e+15
      Equation: "ElectronContinuityEquation"	RelError: 3.59060e-01	AbsError: 1.32468e+15
      Equation: "HoleContinuityEquation"	RelError: 3.99251e-01	AbsError: 3.88969e+11
      Equation: "PotentialEquation"	RelError: 2.36001e-02	AbsError: 9.16567e-03
    Region: "oxide"	RelError: 6.26089e-04	AbsError: 9.81383e-07
      Equation: "PotentialEquation"	RelError: 6.26089e-04	AbsError: 9.81383e-07
Iteration: 4
  Device: "part1_baseline"	RelError: 7.25903e-02	AbsError: 1.40054e+15
    Region: "bulk"	RelError: 7.17225e-02	AbsError: 1.40054e+15
      Equation: "ElectronContinuityEquation"	RelError: 3.34217e-02	AbsError: 1.40008e+15
      Equation: "HoleContinuityEquation"	RelError: 7.57112e-03	AbsError: 4.53241e+11
      Equation: "PotentialEquation"	RelError: 3.07296e-02	AbsError: 1.70531e-04
    Region: "oxide"	RelError: 8.67807e-04	AbsError: 1.40979e-06
      Equation: "PotentialEquation"	RelError: 8.67807e-04	AbsError: 1.40979e-06
Iteration: 5
  Device: "part1_baseline"	RelError: 2.07303e-04	AbsError: 8.15353e+11
    Region: "bulk"	RelError: 2.07063e-04	AbsError: 8.15353e+11
      Equation: "ElectronContinuityEquation"	RelError: 2.31767e-05	AbsError: 8.15234e+11
      Equation: "HoleContinuityEquation"	RelError: 1.80187e-04	AbsError: 1.18269e+08
      Equation: "PotentialEquation"	RelError: 3.69925e-06	AbsError: 8.86628e-08
    Region: "oxide"	RelError: 2.39997e-07	AbsError: 3.79094e-10
      Equation: "PotentialEquation"	RelError: 2.39997e-07	AbsError: 3.79094e-10
Iteration: 6
  Device: "part1_baseline"	RelError: 1.82261e-11	AbsError: 2.60085e+05
    Region: "bulk"	RelError: 1.81640e-11	AbsError: 2.60085e+05
      Equation: "ElectronContinuityEquation"	RelError: 7.68564e-12	AbsError: 2.60056e+05
      Equation: "HoleContinuityEquation"	RelError: 9.98715e-12	AbsError: 2.95229e+01
      Equation: "PotentialEquation"	RelError: 4.91250e-13	AbsError: 2.78650e-14
    Region: "oxide"	RelError: 6.20662e-14	AbsError: 9.87701e-17
      Equation: "PotentialEquation"	RelError: 6.20662e-14	AbsError: 9.87701e-17
number of equations 7095
Iteration: 0
  Device: "part1_baseline"	RelError: 2.04353e+03	AbsError: 6.87686e+16
    Region: "bulk"	RelError: 2.04215e+03	AbsError: 6.87686e+16
      Equation: "ElectronContinuityEquation"	RelError: 9.99000e+02	AbsError: 6.79682e+16
      Equation: "HoleContinuityEquation"	RelError: 9.99000e+02	AbsError: 8.00368e+14
      Equation: "PotentialEquation"	RelError: 4.41498e+01	AbsError: 4.09542e-02
    Region: "oxide"	RelError: 1.37788e+00	AbsError: 1.84096e-02
      Equation: "PotentialEquation"	RelError: 1.37788e+00	AbsError: 1.84096e-02
Iteration: 1
  Device: "part1_baseline"	RelError: 1.00955e+03	AbsError: 5.20168e+14
    Region: "bulk"	RelError: 1.00953e+03	AbsError: 5.20168e+14
      Equation: "ElectronContinuityEquation"	RelError: 9.99000e+02	AbsError: 4.39156e+14
      Equation: "HoleContinuityEquation"	RelError: 9.98496e-01	AbsError: 8.10122e+13
      Equation: "PotentialEquation"	RelError: 9.52821e+00	AbsError: 3.07632e-02
    Region: "oxide"	RelError: 2.79953e-02	AbsError: 8.41550e-03
      Equation: "PotentialEquation"	RelError: 2.79953e-02	AbsError: 8.41550e-03
Iteration: 2
  Device: "part1_baseline"	RelError: 3.10160e+00	AbsError: 9.10149e+13
    Region: "bulk"	RelError: 3.10152e+00	AbsError: 9.10149e+13
      Equation: "ElectronContinuityEquation"	RelError: 9.99989e-01	AbsError: 8.72338e+13
      Equation: "HoleContinuityEquation"	RelError: 2.07193e+00	AbsError: 3.78104e+12
      Equation: "PotentialEquation"	RelError: 2.96026e-02	AbsError: 2.58727e-02
    Region: "oxide"	RelError: 7.57948e-05	AbsError: 4.39481e-07
      Equation: "PotentialEquation"	RelError: 7.57948e-05	AbsError: 4.39481e-07
Iteration: 3
  Device: "part1_baseline"	RelError: 7.21076e-01	AbsError: 1.22884e+15
    Region: "bulk"	RelError: 7.20872e-01	AbsError: 1.22884e+15
      Equation: "ElectronContinuityEquation"	RelError: 3.55613e-01	AbsError: 1.22849e+15
      Equation: "HoleContinuityEquation"	RelError: 3.38367e-01	AbsError: 3.43387e+11
      Equation: "PotentialEquation"	RelError: 2.68922e-02	AbsError: 9.16563e-03
    Region: "oxide"	RelError: 2.03792e-04	AbsError: 9.34607e-07
      Equation: "PotentialEquation"	RelError: 2.03792e-04	AbsError: 9.34607e-07
Iteration: 4
  Device: "part1_baseline"	RelError: 7.46566e-02	AbsError: 1.30469e+15
    Region: "bulk"	RelError: 7.43981e-02	AbsError: 1.30469e+15
      Equation: "ElectronContinuityEquation"	RelError: 3.39781e-02	AbsError: 1.30429e+15
      Equation: "HoleContinuityEquation"	RelError: 9.53509e-03	AbsError: 3.95748e+11
      Equation: "PotentialEquation"	RelError: 3.08849e-02	AbsError: 1.57341e-04
    Region: "oxide"	RelError: 2.58540e-04	AbsError: 1.20795e-06
      Equation: "PotentialEquation"	RelError: 2.58540e-04	AbsError: 1.20795e-06
Iteration: 5
  Device: "part1_baseline"	RelError: 2.30804e-04	AbsError: 7.40887e+11
    Region: "bulk"	RelError: 2.30729e-04	AbsError: 7.40887e+11
      Equation: "ElectronContinuityEquation"	RelError: 2.23794e-05	AbsError: 7.40784e+11
      Equation: "HoleContinuityEquation"	RelError: 1.99042e-04	AbsError: 1.02531e+08
      Equation: "PotentialEquation"	RelError: 9.30793e-06	AbsError: 8.07200e-08
    Region: "oxide"	RelError: 7.51407e-08	AbsError: 3.46050e-10
      Equation: "PotentialEquation"	RelError: 7.51407e-08	AbsError: 3.46050e-10
Iteration: 6
  Device: "part1_baseline"	RelError: 2.15546e-11	AbsError: 2.23982e+05
    Region: "bulk"	RelError: 2.15352e-11	AbsError: 2.23982e+05
      Equation: "ElectronContinuityEquation"	RelError: 6.98898e-12	AbsError: 2.23957e+05
      Equation: "HoleContinuityEquation"	RelError: 1.21940e-11	AbsError: 2.52753e+01
      Equation: "PotentialEquation"	RelError: 2.35224e-12	AbsError: 2.41361e-14
    Region: "oxide"	RelError: 1.94701e-14	AbsError: 9.06093e-17
      Equation: "PotentialEquation"	RelError: 1.94701e-14	AbsError: 9.06093e-17
number of equations 7095
Iteration: 0
  Device: "part1_baseline"	RelError: 2.06126e+03	AbsError: 6.79316e+16
    Region: "bulk"	RelError: 2.06068e+03	AbsError: 6.79316e+16
      Equation: "ElectronContinuityEquation"	RelError: 9.99000e+02	AbsError: 6.72072e+16
      Equation: "HoleContinuityEquation"	RelError: 9.99000e+02	AbsError: 7.24409e+14
      Equation: "PotentialEquation"	RelError: 6.26795e+01	AbsError: 4.09542e-02
    Region: "oxide"	RelError: 5.79610e-01	AbsError: 1.84118e-02
      Equation: "PotentialEquation"	RelError: 5.79610e-01	AbsError: 1.84118e-02
Iteration: 1
  Device: "part1_baseline"	RelError: 1.00696e+03	AbsError: 5.77327e+14
    Region: "bulk"	RelError: 1.00693e+03	AbsError: 5.77327e+14
      Equation: "ElectronContinuityEquation"	RelError: 9.99000e+02	AbsError: 5.08860e+14
      Equation: "HoleContinuityEquation"	RelError: 9.98464e-01	AbsError: 6.84677e+13
      Equation: "PotentialEquation"	RelError: 6.93642e+00	AbsError: 3.07632e-02
    Region: "oxide"	RelError: 2.57082e-02	AbsError: 8.41770e-03
      Equation: "PotentialEquation"	RelError: 2.57082e-02	AbsError: 8.41770e-03
Iteration: 2
  Device: "part1_baseline"	RelError: 2.61573e+00	AbsError: 8.58523e+13
    Region: "bulk"	RelError: 2.61570e+00	AbsError: 8.58523e+13
      Equation: "ElectronContinuityEquation"	RelError: 9.99989e-01	AbsError: 8.36868e+13
      Equation: "HoleContinuityEquation"	RelError: 1.59072e+00	AbsError: 2.16548e+12
      Equation: "PotentialEquation"	RelError: 2.49920e-02	AbsError: 2.58377e-02
    Region: "oxide"	RelError: 2.17827e-05	AbsError: 2.67350e-07
      Equation: "PotentialEquation"	RelError: 2.17827e-05	AbsError: 2.67350e-07
Iteration: 3
  Device: "part1_baseline"	RelError: 6.20739e-01	AbsError: 1.13095e+15
    Region: "bulk"	RelError: 6.20661e-01	AbsError: 1.13095e+15
      Equation: "ElectronContinuityEquation"	RelError: 3.34135e-01	AbsError: 1.13067e+15
      Equation: "HoleContinuityEquation"	RelError: 2.77146e-01	AbsError: 2.85194e+11
      Equation: "PotentialEquation"	RelError: 9.38023e-03	AbsError: 9.16559e-03
    Region: "oxide"	RelError: 7.89479e-05	AbsError: 8.49706e-07
      Equation: "PotentialEquation"	RelError: 7.89479e-05	AbsError: 8.49706e-07
Iteration: 4
  Device: "part1_baseline"	RelError: 5.45936e-02	AbsError: 1.20581e+15
    Region: "bulk"	RelError: 5.44976e-02	AbsError: 1.20581e+15
      Equation: "ElectronContinuityEquation"	RelError: 3.44733e-02	AbsError: 1.20548e+15
      Equation: "HoleContinuityEquation"	RelError: 9.09470e-03	AbsError: 3.29557e+11
      Equation: "PotentialEquation"	RelError: 1.09296e-02	AbsError: 1.44130e-04
    Region: "oxide"	RelError: 9.59518e-05	AbsError: 1.04223e-06
      Equation: "PotentialEquation"	RelError: 9.59518e-05	AbsError: 1.04223e-06
Iteration: 5
  Device: "part1_baseline"	RelError: 1.94711e-04	AbsError: 6.58027e+11
    Region: "bulk"	RelError: 1.94682e-04	AbsError: 6.58027e+11
      Equation: "ElectronContinuityEquation"	RelError: 2.15643e-05	AbsError: 6.57941e+11
      Equation: "HoleContinuityEquation"	RelError: 1.69996e-04	AbsError: 8.59806e+07
      Equation: "PotentialEquation"	RelError: 3.12210e-06	AbsError: 7.18179e-08
    Region: "oxide"	RelError: 2.85507e-08	AbsError: 3.08518e-10
      Equation: "PotentialEquation"	RelError: 2.85507e-08	AbsError: 3.08518e-10
Iteration: 6
  Device: "part1_baseline"	RelError: 2.18064e-11	AbsError: 1.83515e+05
    Region: "bulk"	RelError: 2.17993e-11	AbsError: 1.83515e+05
      Equation: "ElectronContinuityEquation"	RelError: 6.21361e-12	AbsError: 1.83495e+05
      Equation: "HoleContinuityEquation"	RelError: 1.48752e-11	AbsError: 2.00273e+01
      Equation: "PotentialEquation"	RelError: 7.10410e-13	AbsError: 1.98698e-14
    Region: "oxide"	RelError: 7.13746e-15	AbsError: 7.80065e-17
      Equation: "PotentialEquation"	RelError: 7.13746e-15	AbsError: 7.80065e-17
number of equations 7095
Iteration: 0
  Device: "part1_baseline"	RelError: 2.02037e+03	AbsError: 6.69488e+16
    Region: "bulk"	RelError: 2.02000e+03	AbsError: 6.69488e+16
      Equation: "ElectronContinuityEquation"	RelError: 9.99000e+02	AbsError: 6.62718e+16
      Equation: "HoleContinuityEquation"	RelError: 9.99000e+02	AbsError: 6.76918e+14
      Equation: "PotentialEquation"	RelError: 2.20016e+01	AbsError: 4.09542e-02
    Region: "oxide"	RelError: 3.67240e-01	AbsError: 1.84141e-02
      Equation: "PotentialEquation"	RelError: 3.67240e-01	AbsError: 1.84141e-02
Iteration: 1
  Device: "part1_baseline"	RelError: 6.12398e+01	AbsError: 6.24252e+14
    Region: "bulk"	RelError: 6.12160e+01	AbsError: 6.24252e+14
      Equation: "ElectronContinuityEquation"	RelError: 9.95797e-01	AbsError: 5.65284e+14
      Equation: "HoleContinuityEquation"	RelError: 9.98460e-01	AbsError: 5.89679e+13
      Equation: "PotentialEquation"	RelError: 5.92218e+01	AbsError: 3.07632e-02
    Region: "oxide"	RelError: 2.37669e-02	AbsError: 8.41981e-03
      Equation: "PotentialEquation"	RelError: 2.37669e-02	AbsError: 8.41981e-03
Iteration: 2
  Device: "part1_baseline"	RelError: 2.21541e+00	AbsError: 8.11170e+13
    Region: "bulk"	RelError: 2.21540e+00	AbsError: 8.11170e+13
      Equation: "ElectronContinuityEquation"	RelError: 8.21375e-01	AbsError: 7.98823e+13
      Equation: "HoleContinuityEquation"	RelError: 1.37054e+00	AbsError: 1.23475e+12
      Equation: "PotentialEquation"	RelError: 2.34870e-02	AbsError: 2.58016e-02
    Region: "oxide"	RelError: 1.18674e-05	AbsError: 1.84507e-07
      Equation: "PotentialEquation"	RelError: 1.18674e-05	AbsError: 1.84507e-07
Iteration: 3
  Device: "part1_baseline"	RelError: 5.69358e-01	AbsError: 1.03284e+15
    Region: "bulk"	RelError: 5.69302e-01	AbsError: 1.03284e+15
      Equation: "ElectronContinuityEquation"	RelError: 3.03143e-01	AbsError: 1.03260e+15
      Equation: "HoleContinuityEquation"	RelError: 2.47485e-01	AbsError: 2.34937e+11
      Equation: "PotentialEquation"	RelError: 1.86737e-02	AbsError: 9.16555e-03
    Region: "oxide"	RelError: 5.62903e-05	AbsError: 7.59915e-07
      Equation: "PotentialEquation"	RelError: 5.62903e-05	AbsError: 7.59915e-07
Iteration: 4
  Device: "part1_baseline"	RelError: 6.72919e-02	AbsError: 1.10557e+15
    Region: "bulk"	RelError: 6.72253e-02	AbsError: 1.10557e+15
      Equation: "ElectronContinuityEquation"	RelError: 3.48610e-02	AbsError: 1.10530e+15
      Equation: "HoleContinuityEquation"	RelError: 7.71542e-03	AbsError: 2.72869e+11
      Equation: "PotentialEquation"	RelError: 2.46489e-02	AbsError: 1.31189e-04
    Region: "oxide"	RelError: 6.65386e-05	AbsError: 9.07904e-07
      Equation: "PotentialEquation"	RelError: 6.65386e-05	AbsError: 9.07904e-07
Iteration: 5
  Device: "part1_baseline"	RelError: 1.66917e-04	AbsError: 5.71622e+11
    Region: "bulk"	RelError: 1.66897e-04	AbsError: 5.71622e+11
      Equation: "ElectronContinuityEquation"	RelError: 2.02984e-05	AbsError: 5.71552e+11
      Equation: "HoleContinuityEquation"	RelError: 1.44156e-04	AbsError: 6.96382e+07
      Equation: "PotentialEquation"	RelError: 2.44242e-06	AbsError: 6.25167e-08
    Region: "oxide"	RelError: 1.98468e-08	AbsError: 2.70989e-10
      Equation: "PotentialEquation"	RelError: 1.98468e-08	AbsError: 2.70989e-10
Iteration: 6
  Device: "part1_baseline"	RelError: 2.07987e-11	AbsError: 1.43234e+05
    Region: "bulk"	RelError: 2.07942e-11	AbsError: 1.43234e+05
      Equation: "ElectronContinuityEquation"	RelError: 5.24013e-12	AbsError: 1.43219e+05
      Equation: "HoleContinuityEquation"	RelError: 1.52443e-11	AbsError: 1.51671e+01
      Equation: "PotentialEquation"	RelError: 3.09754e-13	AbsError: 1.55711e-14
    Region: "oxide"	RelError: 4.55489e-15	AbsError: 6.34456e-17
      Equation: "PotentialEquation"	RelError: 4.55489e-15	AbsError: 6.34456e-17
number of equations 7095
Iteration: 0
  Device: "part1_baseline"	RelError: 2.12478e+03	AbsError: 6.58274e+16
    Region: "bulk"	RelError: 2.12422e+03	AbsError: 6.58274e+16
      Equation: "ElectronContinuityEquation"	RelError: 9.99000e+02	AbsError: 6.51944e+16
      Equation: "HoleContinuityEquation"	RelError: 1.10088e+03	AbsError: 6.33080e+14
      Equation: "PotentialEquation"	RelError: 2.43354e+01	AbsError: 4.09542e-02
    Region: "oxide"	RelError: 5.59077e-01	AbsError: 1.84163e-02
      Equation: "PotentialEquation"	RelError: 5.59077e-01	AbsError: 1.84163e-02
Iteration: 1
  Device: "part1_baseline"	RelError: 7.83404e+00	AbsError: 6.64239e+14
    Region: "bulk"	RelError: 7.81194e+00	AbsError: 6.64239e+14
      Equation: "ElectronContinuityEquation"	RelError: 9.95778e-01	AbsError: 6.12776e+14
      Equation: "HoleContinuityEquation"	RelError: 9.98352e-01	AbsError: 5.14626e+13
      Equation: "PotentialEquation"	RelError: 5.81781e+00	AbsError: 3.07632e-02
    Region: "oxide"	RelError: 2.20982e-02	AbsError: 8.42171e-03
      Equation: "PotentialEquation"	RelError: 2.20982e-02	AbsError: 8.42171e-03
Iteration: 2
  Device: "part1_baseline"	RelError: 1.68803e+00	AbsError: 7.66371e+13
    Region: "bulk"	RelError: 1.68802e+00	AbsError: 7.66371e+13
      Equation: "ElectronContinuityEquation"	RelError: 5.92631e-01	AbsError: 7.59158e+13
      Equation: "HoleContinuityEquation"	RelError: 1.07630e+00	AbsError: 7.21325e+11
      Equation: "PotentialEquation"	RelError: 1.90895e-02	AbsError: 2.58778e-02
    Region: "oxide"	RelError: 1.51134e-05	AbsError: 1.43399e-07
      Equation: "PotentialEquation"	RelError: 1.51134e-05	AbsError: 1.43399e-07
Iteration: 3
  Device: "part1_baseline"	RelError: 4.60392e-01	AbsError: 9.36037e+14
    Region: "bulk"	RelError: 4.60313e-01	AbsError: 9.36037e+14
      Equation: "ElectronContinuityEquation"	RelError: 2.71365e-01	AbsError: 9.35831e+14
      Equation: "HoleContinuityEquation"	RelError: 1.82920e-01	AbsError: 2.05668e+11
      Equation: "PotentialEquation"	RelError: 6.02742e-03	AbsError: 9.16551e-03
    Region: "oxide"	RelError: 7.92325e-05	AbsError: 6.83701e-07
      Equation: "PotentialEquation"	RelError: 7.92325e-05	AbsError: 6.83701e-07
Iteration: 4
  Device: "part1_baseline"	RelError: 4.63483e-02	AbsError: 1.00573e+15
    Region: "bulk"	RelError: 4.62553e-02	AbsError: 1.00573e+15
      Equation: "ElectronContinuityEquation"	RelError: 3.51708e-02	AbsError: 1.00549e+15
      Equation: "HoleContinuityEquation"	RelError: 6.44568e-03	AbsError: 2.39017e+11
      Equation: "PotentialEquation"	RelError: 4.63880e-03	AbsError: 1.18751e-04
    Region: "oxide"	RelError: 9.30217e-05	AbsError: 8.06668e-07
      Equation: "PotentialEquation"	RelError: 9.30217e-05	AbsError: 8.06668e-07
Iteration: 5
  Device: "part1_baseline"	RelError: 1.11062e-04	AbsError: 4.86278e+11
    Region: "bulk"	RelError: 1.11035e-04	AbsError: 4.86278e+11
      Equation: "ElectronContinuityEquation"	RelError: 1.90992e-05	AbsError: 4.86220e+11
      Equation: "HoleContinuityEquation"	RelError: 9.08210e-05	AbsError: 5.84949e+07
      Equation: "PotentialEquation"	RelError: 1.11452e-06	AbsError: 5.33249e-08
    Region: "oxide"	RelError: 2.70740e-08	AbsError: 2.36284e-10
      Equation: "PotentialEquation"	RelError: 2.70740e-08	AbsError: 2.36284e-10
Iteration: 6
  Device: "part1_baseline"	RelError: 1.68210e-11	AbsError: 1.06767e+05
    Region: "bulk"	RelError: 1.68155e-11	AbsError: 1.06767e+05
      Equation: "ElectronContinuityEquation"	RelError: 4.07968e-12	AbsError: 1.06756e+05
      Equation: "HoleContinuityEquation"	RelError: 1.25092e-11	AbsError: 1.10149e+01
      Equation: "PotentialEquation"	RelError: 2.26635e-13	AbsError: 1.16476e-14
    Region: "oxide"	RelError: 5.50556e-15	AbsError: 4.90621e-17
      Equation: "PotentialEquation"	RelError: 5.50556e-15	AbsError: 4.90621e-17
number of equations 7095
Iteration: 0
  Device: "part1_baseline"	RelError: 2.01185e+03	AbsError: 6.45983e+16
    Region: "bulk"	RelError: 2.01056e+03	AbsError: 6.45983e+16
      Equation: "ElectronContinuityEquation"	RelError: 9.99000e+02	AbsError: 6.39973e+16
      Equation: "HoleContinuityEquation"	RelError: 9.99000e+02	AbsError: 6.00968e+14
      Equation: "PotentialEquation"	RelError: 1.25647e+01	AbsError: 4.09542e-02
    Region: "oxide"	RelError: 1.28511e+00	AbsError: 1.84181e-02
      Equation: "PotentialEquation"	RelError: 1.28511e+00	AbsError: 1.84181e-02
Iteration: 1
  Device: "part1_baseline"	RelError: 7.90815e+00	AbsError: 6.99475e+14
    Region: "bulk"	RelError: 7.88751e+00	AbsError: 6.99475e+14
      Equation: "ElectronContinuityEquation"	RelError: 9.97592e-01	AbsError: 6.54043e+14
      Equation: "HoleContinuityEquation"	RelError: 9.98335e-01	AbsError: 4.54316e+13
      Equation: "PotentialEquation"	RelError: 5.89158e+00	AbsError: 3.07632e-02
    Region: "oxide"	RelError: 2.06482e-02	AbsError: 8.42334e-03
      Equation: "PotentialEquation"	RelError: 2.06482e-02	AbsError: 8.42334e-03
Iteration: 2
  Device: "part1_baseline"	RelError: 1.37840e+00	AbsError: 7.20563e+13
    Region: "bulk"	RelError: 1.37837e+00	AbsError: 7.20563e+13
      Equation: "ElectronContinuityEquation"	RelError: 4.45568e-01	AbsError: 7.16986e+13
      Equation: "HoleContinuityEquation"	RelError: 9.15025e-01	AbsError: 3.57692e+11
      Equation: "PotentialEquation"	RelError: 1.77802e-02	AbsError: 2.58422e-02
    Region: "oxide"	RelError: 3.04849e-05	AbsError: 1.21374e-07
      Equation: "PotentialEquation"	RelError: 3.04849e-05	AbsError: 1.21374e-07
Iteration: 3
  Device: "part1_baseline"	RelError: 3.95520e-01	AbsError: 8.42426e+14
    Region: "bulk"	RelError: 3.95360e-01	AbsError: 8.42426e+14
      Equation: "ElectronContinuityEquation"	RelError: 2.37346e-01	AbsError: 8.42256e+14
      Equation: "HoleContinuityEquation"	RelError: 1.52373e-01	AbsError: 1.69443e+11
      Equation: "PotentialEquation"	RelError: 5.64010e-03	AbsError: 9.16548e-03
    Region: "oxide"	RelError: 1.59900e-04	AbsError: 6.01124e-07
      Equation: "PotentialEquation"	RelError: 1.59900e-04	AbsError: 6.01124e-07
Iteration: 4
  Device: "part1_baseline"	RelError: 4.62522e-02	AbsError: 9.08364e+14
    Region: "bulk"	RelError: 4.60641e-02	AbsError: 9.08364e+14
      Equation: "ElectronContinuityEquation"	RelError: 3.54081e-02	AbsError: 9.08165e+14
      Equation: "HoleContinuityEquation"	RelError: 5.35041e-03	AbsError: 1.98734e+11
      Equation: "PotentialEquation"	RelError: 5.30561e-03	AbsError: 1.06750e-04
    Region: "oxide"	RelError: 1.88118e-04	AbsError: 7.09745e-07
      Equation: "PotentialEquation"	RelError: 1.88118e-04	AbsError: 7.09745e-07
Iteration: 5
  Device: "part1_baseline"	RelError: 1.04761e-04	AbsError: 4.05590e+11
    Region: "bulk"	RelError: 1.04709e-04	AbsError: 4.05590e+11
      Equation: "ElectronContinuityEquation"	RelError: 1.80279e-05	AbsError: 4.05543e+11
      Equation: "HoleContinuityEquation"	RelError: 8.56611e-05	AbsError: 4.61656e+07
      Equation: "PotentialEquation"	RelError: 1.01985e-06	AbsError: 4.45736e-08
    Region: "oxide"	RelError: 5.25964e-08	AbsError: 2.00288e-10
      Equation: "PotentialEquation"	RelError: 5.25964e-08	AbsError: 2.00288e-10
Iteration: 6
  Device: "part1_baseline"	RelError: 1.15140e-11	AbsError: 7.61328e+04
    Region: "bulk"	RelError: 1.15047e-11	AbsError: 7.61328e+04
      Equation: "ElectronContinuityEquation"	RelError: 2.93050e-12	AbsError: 7.61252e+04
      Equation: "HoleContinuityEquation"	RelError: 8.39981e-12	AbsError: 7.60589e+00
      Equation: "PotentialEquation"	RelError: 1.74397e-13	AbsError: 8.33015e-15
    Region: "oxide"	RelError: 9.26631e-15	AbsError: 3.60089e-17
      Equation: "PotentialEquation"	RelError: 9.26631e-15	AbsError: 3.60089e-17
number of equations 7095
Iteration: 0
  Device: "part1_baseline"	RelError: 3.01710e+03	AbsError: 6.32653e+16
    Region: "bulk"	RelError: 3.01270e+03	AbsError: 6.32653e+16
      Equation: "ElectronContinuityEquation"	RelError: 9.99000e+02	AbsError: 6.26967e+16
      Equation: "HoleContinuityEquation"	RelError: 2.00039e+03	AbsError: 5.68671e+14
      Equation: "PotentialEquation"	RelError: 1.33103e+01	AbsError: 4.09542e-02
    Region: "oxide"	RelError: 4.40399e+00	AbsError: 1.84197e-02
      Equation: "PotentialEquation"	RelError: 4.40399e+00	AbsError: 1.84197e-02
Iteration: 1
  Device: "part1_baseline"	RelError: 2.57783e+00	AbsError: 7.31247e+14
    Region: "bulk"	RelError: 2.55845e+00	AbsError: 7.31247e+14
      Equation: "ElectronContinuityEquation"	RelError: 9.96284e-01	AbsError: 6.90967e+14
      Equation: "HoleContinuityEquation"	RelError: 9.98835e-01	AbsError: 4.02792e+13
      Equation: "PotentialEquation"	RelError: 5.63333e-01	AbsError: 3.07632e-02
    Region: "oxide"	RelError: 1.93765e-02	AbsError: 8.42472e-03
      Equation: "PotentialEquation"	RelError: 1.93765e-02	AbsError: 8.42472e-03
Iteration: 2
  Device: "part1_baseline"	RelError: 1.00082e+00	AbsError: 6.75062e+13
    Region: "bulk"	RelError: 1.00073e+00	AbsError: 6.75062e+13
      Equation: "ElectronContinuityEquation"	RelError: 3.59307e-01	AbsError: 6.72855e+13
      Equation: "HoleContinuityEquation"	RelError: 6.24785e-01	AbsError: 2.20708e+11
      Equation: "PotentialEquation"	RelError: 1.66363e-02	AbsError: 2.58939e-02
    Region: "oxide"	RelError: 9.18351e-05	AbsError: 1.06361e-07
      Equation: "PotentialEquation"	RelError: 9.18351e-05	AbsError: 1.06361e-07
Iteration: 3
  Device: "part1_baseline"	RelError: 3.06900e-01	AbsError: 7.52952e+14
    Region: "bulk"	RelError: 3.06420e-01	AbsError: 7.52952e+14
      Equation: "ElectronContinuityEquation"	RelError: 1.95570e-01	AbsError: 7.52807e+14
      Equation: "HoleContinuityEquation"	RelError: 1.05551e-01	AbsError: 1.45772e+11
      Equation: "PotentialEquation"	RelError: 5.29885e-03	AbsError: 9.16546e-03
    Region: "oxide"	RelError: 4.79892e-04	AbsError: 5.33163e-07
      Equation: "PotentialEquation"	RelError: 4.79892e-04	AbsError: 5.33163e-07
Iteration: 4
  Device: "part1_baseline"	RelError: 4.62032e-02	AbsError: 8.14624e+14
    Region: "bulk"	RelError: 4.56358e-02	AbsError: 8.14624e+14
      Equation: "ElectronContinuityEquation"	RelError: 3.55685e-02	AbsError: 8.14452e+14
      Equation: "HoleContinuityEquation"	RelError: 5.59418e-03	AbsError: 1.71810e+11
      Equation: "PotentialEquation"	RelError: 4.47313e-03	AbsError: 9.54522e-05
    Region: "oxide"	RelError: 5.67423e-04	AbsError: 6.31833e-07
      Equation: "PotentialEquation"	RelError: 5.67423e-04	AbsError: 6.31833e-07
Iteration: 5
  Device: "part1_baseline"	RelError: 9.39503e-05	AbsError: 3.32087e+11
    Region: "bulk"	RelError: 9.38010e-05	AbsError: 3.32087e+11
      Equation: "ElectronContinuityEquation"	RelError: 1.66746e-05	AbsError: 3.32050e+11
      Equation: "HoleContinuityEquation"	RelError: 7.63188e-05	AbsError: 3.72321e+07
      Equation: "PotentialEquation"	RelError: 8.07558e-07	AbsError: 3.65878e-08
    Region: "oxide"	RelError: 1.49354e-07	AbsError: 1.68141e-10
      Equation: "PotentialEquation"	RelError: 1.49354e-07	AbsError: 1.68141e-10
Iteration: 6
  Device: "part1_baseline"	RelError: 6.67860e-12	AbsError: 5.20946e+04
    Region: "bulk"	RelError: 6.65658e-12	AbsError: 5.20946e+04
      Equation: "ElectronContinuityEquation"	RelError: 2.06917e-12	AbsError: 5.20895e+04
      Equation: "HoleContinuityEquation"	RelError: 4.49478e-12	AbsError: 5.03711e+00
      Equation: "PotentialEquation"	RelError: 9.26286e-14	AbsError: 5.71516e-15
    Region: "oxide"	RelError: 2.20212e-14	AbsError: 2.53088e-17
      Equation: "PotentialEquation"	RelError: 2.20212e-14	AbsError: 2.53088e-17
number of equations 7095
Iteration: 0
  Device: "part1_baseline"	RelError: 2.01258e+03	AbsError: 6.18415e+16
    Region: "bulk"	RelError: 2.00933e+03	AbsError: 6.18415e+16
      Equation: "ElectronContinuityEquation"	RelError: 9.99000e+02	AbsError: 6.13037e+16
      Equation: "HoleContinuityEquation"	RelError: 9.99000e+02	AbsError: 5.37809e+14
      Equation: "PotentialEquation"	RelError: 1.13345e+01	AbsError: 4.09542e-02
    Region: "oxide"	RelError: 3.24639e+00	AbsError: 1.84211e-02
      Equation: "PotentialEquation"	RelError: 3.24639e+00	AbsError: 1.84211e-02
Iteration: 1
  Device: "part1_baseline"	RelError: 2.21553e+00	AbsError: 7.61334e+14
    Region: "bulk"	RelError: 2.19728e+00	AbsError: 7.61334e+14
      Equation: "ElectronContinuityEquation"	RelError: 9.96682e-01	AbsError: 7.24877e+14
      Equation: "HoleContinuityEquation"	RelError: 9.98310e-01	AbsError: 3.64569e+13
      Equation: "PotentialEquation"	RelError: 2.02289e-01	AbsError: 3.07632e-02
    Region: "oxide"	RelError: 1.82522e-02	AbsError: 8.42586e-03
      Equation: "PotentialEquation"	RelError: 1.82522e-02	AbsError: 8.42586e-03
Iteration: 2
  Device: "part1_baseline"	RelError: 8.18158e-01	AbsError: 6.28712e+13
    Region: "bulk"	RelError: 8.18108e-01	AbsError: 6.28712e+13
      Equation: "ElectronContinuityEquation"	RelError: 3.12774e-01	AbsError: 6.27640e+13
      Equation: "HoleContinuityEquation"	RelError: 4.89705e-01	AbsError: 1.07155e+11
      Equation: "PotentialEquation"	RelError: 1.56286e-02	AbsError: 2.58597e-02
    Region: "oxide"	RelError: 4.93917e-05	AbsError: 9.69064e-08
      Equation: "PotentialEquation"	RelError: 4.93917e-05	AbsError: 9.69064e-08
Iteration: 3
  Device: "part1_baseline"	RelError: 2.00388e-01	AbsError: 6.68769e+14
    Region: "bulk"	RelError: 2.00148e-01	AbsError: 6.68769e+14
      Equation: "ElectronContinuityEquation"	RelError: 1.48727e-01	AbsError: 6.68649e+14
      Equation: "HoleContinuityEquation"	RelError: 4.64256e-02	AbsError: 1.19967e+11
      Equation: "PotentialEquation"	RelError: 4.99589e-03	AbsError: 9.16544e-03
    Region: "oxide"	RelError: 2.39606e-04	AbsError: 4.63600e-07
      Equation: "PotentialEquation"	RelError: 2.39606e-04	AbsError: 4.63600e-07
Iteration: 4
  Device: "part1_baseline"	RelError: 4.41821e-02	AbsError: 7.25839e+14
    Region: "bulk"	RelError: 4.38952e-02	AbsError: 7.25839e+14
      Equation: "ElectronContinuityEquation"	RelError: 3.56813e-02	AbsError: 7.25696e+14
      Equation: "HoleContinuityEquation"	RelError: 5.17327e-03	AbsError: 1.43241e+11
      Equation: "PotentialEquation"	RelError: 3.04061e-03	AbsError: 8.48061e-05
    Region: "oxide"	RelError: 2.86871e-04	AbsError: 5.54886e-07
      Equation: "PotentialEquation"	RelError: 2.86871e-04	AbsError: 5.54886e-07
Iteration: 5
  Device: "part1_baseline"	RelError: 7.30306e-05	AbsError: 2.67150e+11
    Region: "bulk"	RelError: 7.29597e-05	AbsError: 2.67150e+11
      Equation: "ElectronContinuityEquation"	RelError: 1.53411e-05	AbsError: 2.67121e+11
      Equation: "HoleContinuityEquation"	RelError: 5.70150e-05	AbsError: 2.87642e+07
      Equation: "PotentialEquation"	RelError: 6.03639e-07	AbsError: 2.94941e-08
    Region: "oxide"	RelError: 7.08500e-08	AbsError: 1.37520e-10
      Equation: "PotentialEquation"	RelError: 7.08500e-08	AbsError: 1.37520e-10
Iteration: 6
  Device: "part1_baseline"	RelError: 3.65784e-12	AbsError: 3.42512e+04
    Region: "bulk"	RelError: 3.64918e-12	AbsError: 3.42512e+04
      Equation: "ElectronContinuityEquation"	RelError: 1.54808e-12	AbsError: 3.42480e+04
      Equation: "HoleContinuityEquation"	RelError: 2.03878e-12	AbsError: 3.22752e+00
      Equation: "PotentialEquation"	RelError: 6.23284e-14	AbsError: 3.76618e-15
    Region: "oxide"	RelError: 8.66124e-15	AbsError: 1.70012e-17
      Equation: "PotentialEquation"	RelError: 8.66124e-15	AbsError: 1.70012e-17
number of equations 7095
Iteration: 0
  Device: "part1_baseline"	RelError: 2.00542e+03	AbsError: 6.03408e+16
    Region: "bulk"	RelError: 2.00466e+03	AbsError: 6.03408e+16
      Equation: "ElectronContinuityEquation"	RelError: 9.99000e+02	AbsError: 5.98266e+16
      Equation: "HoleContinuityEquation"	RelError: 9.99000e+02	AbsError: 5.14195e+14
      Equation: "PotentialEquation"	RelError: 6.66036e+00	AbsError: 4.09542e-02
    Region: "oxide"	RelError: 7.64281e-01	AbsError: 1.84222e-02
      Equation: "PotentialEquation"	RelError: 7.64281e-01	AbsError: 1.84222e-02
Iteration: 1
  Device: "part1_baseline"	RelError: 2.13827e+00	AbsError: 7.89562e+14
    Region: "bulk"	RelError: 2.12102e+00	AbsError: 7.89562e+14
      Equation: "ElectronContinuityEquation"	RelError: 9.96883e-01	AbsError: 7.56600e+14
      Equation: "HoleContinuityEquation"	RelError: 9.98216e-01	AbsError: 3.29619e+13
      Equation: "PotentialEquation"	RelError: 1.25919e-01	AbsError: 3.07632e-02
    Region: "oxide"	RelError: 1.72509e-02	AbsError: 8.42679e-03
      Equation: "PotentialEquation"	RelError: 1.72509e-02	AbsError: 8.42679e-03
Iteration: 2
  Device: "part1_baseline"	RelError: 7.15235e-01	AbsError: 5.82628e+13
    Region: "bulk"	RelError: 7.15224e-01	AbsError: 5.82628e+13
      Equation: "ElectronContinuityEquation"	RelError: 2.69162e-01	AbsError: 5.82030e+13
      Equation: "HoleContinuityEquation"	RelError: 4.31305e-01	AbsError: 5.97328e+10
      Equation: "PotentialEquation"	RelError: 1.47577e-02	AbsError: 2.58941e-02
    Region: "oxide"	RelError: 1.08535e-05	AbsError: 9.01646e-08
      Equation: "PotentialEquation"	RelError: 1.08535e-05	AbsError: 9.01646e-08
Iteration: 3
  Device: "part1_baseline"	RelError: 1.26644e-01	AbsError: 5.90403e+14
    Region: "bulk"	RelError: 1.26594e-01	AbsError: 5.90403e+14
      Equation: "ElectronContinuityEquation"	RelError: 1.09309e-01	AbsError: 5.90300e+14
      Equation: "HoleContinuityEquation"	RelError: 1.25601e-02	AbsError: 1.02323e+11
      Equation: "PotentialEquation"	RelError: 4.72517e-03	AbsError: 9.16543e-03
    Region: "oxide"	RelError: 4.95031e-05	AbsError: 4.06508e-07
      Equation: "PotentialEquation"	RelError: 4.95031e-05	AbsError: 4.06508e-07
Iteration: 4
  Device: "part1_baseline"	RelError: 4.11843e-02	AbsError: 6.42698e+14
    Region: "bulk"	RelError: 4.11243e-02	AbsError: 6.42698e+14
      Equation: "ElectronContinuityEquation"	RelError: 3.57475e-02	AbsError: 6.42575e+14
      Equation: "HoleContinuityEquation"	RelError: 4.29776e-03	AbsError: 1.23274e+11
      Equation: "PotentialEquation"	RelError: 1.07906e-03	AbsError: 7.49817e-05
    Region: "oxide"	RelError: 5.99210e-05	AbsError: 4.92024e-07
      Equation: "PotentialEquation"	RelError: 5.99210e-05	AbsError: 4.92024e-07
Iteration: 5
  Device: "part1_baseline"	RelError: 5.10161e-05	AbsError: 2.11480e+11
    Region: "bulk"	RelError: 5.10026e-05	AbsError: 2.11480e+11
      Equation: "ElectronContinuityEquation"	RelError: 1.37939e-05	AbsError: 2.11457e+11
      Equation: "HoleContinuityEquation"	RelError: 3.70021e-05	AbsError: 2.23782e+07
      Equation: "PotentialEquation"	RelError: 2.06521e-07	AbsError: 2.34022e-08
    Region: "oxide"	RelError: 1.35344e-08	AbsError: 1.11464e-10
      Equation: "PotentialEquation"	RelError: 1.35344e-08	AbsError: 1.11464e-10
Iteration: 6
  Device: "part1_baseline"	RelError: 1.94931e-12	AbsError: 2.17219e+04
    Region: "bulk"	RelError: 1.94798e-12	AbsError: 2.17219e+04
      Equation: "ElectronContinuityEquation"	RelError: 1.10807e-12	AbsError: 2.17199e+04
      Equation: "HoleContinuityEquation"	RelError: 8.20216e-13	AbsError: 1.97059e+00
      Equation: "PotentialEquation"	RelError: 1.96977e-14	AbsError: 2.39360e-15
    Region: "oxide"	RelError: 1.32207e-15	AbsError: 1.10126e-17
      Equation: "PotentialEquation"	RelError: 1.32207e-15	AbsError: 1.10126e-17
number of equations 7095
Iteration: 0
  Device: "part1_baseline"	RelError: 2.24287e+03	AbsError: 5.87598e+16
    Region: "bulk"	RelError: 2.24244e+03	AbsError: 5.87598e+16
      Equation: "ElectronContinuityEquation"	RelError: 9.99000e+02	AbsError: 5.82715e+16
      Equation: "HoleContinuityEquation"	RelError: 9.99000e+02	AbsError: 4.88242e+14
      Equation: "PotentialEquation"	RelError: 2.44436e+02	AbsError: 4.09542e-02
    Region: "oxide"	RelError: 4.33449e-01	AbsError: 1.84231e-02
      Equation: "PotentialEquation"	RelError: 4.33449e-01	AbsError: 1.84231e-02
Iteration: 1
  Device: "part1_baseline"	RelError: 4.88608e+00	AbsError: 8.16251e+14
    Region: "bulk"	RelError: 4.86973e+00	AbsError: 8.16251e+14
      Equation: "ElectronContinuityEquation"	RelError: 9.97007e-01	AbsError: 7.86650e+14
      Equation: "HoleContinuityEquation"	RelError: 9.97915e-01	AbsError: 2.96013e+13
      Equation: "PotentialEquation"	RelError: 2.87480e+00	AbsError: 3.07632e-02
    Region: "oxide"	RelError: 1.63535e-02	AbsError: 8.42753e-03
      Equation: "PotentialEquation"	RelError: 1.63535e-02	AbsError: 8.42753e-03
Iteration: 2
  Device: "part1_baseline"	RelError: 6.29462e-01	AbsError: 5.37059e+13
    Region: "bulk"	RelError: 6.29456e-01	AbsError: 5.37059e+13
      Equation: "ElectronContinuityEquation"	RelError: 2.32551e-01	AbsError: 5.36769e+13
      Equation: "HoleContinuityEquation"	RelError: 3.82927e-01	AbsError: 2.90523e+10
      Equation: "PotentialEquation"	RelError: 1.39779e-02	AbsError: 2.58616e-02
    Region: "oxide"	RelError: 5.80254e-06	AbsError: 8.50543e-08
      Equation: "PotentialEquation"	RelError: 5.80254e-06	AbsError: 8.50543e-08
Iteration: 3
  Device: "part1_baseline"	RelError: 1.48653e-01	AbsError: 5.18363e+14
    Region: "bulk"	RelError: 1.48628e-01	AbsError: 5.18363e+14
      Equation: "ElectronContinuityEquation"	RelError: 8.84910e-02	AbsError: 5.18279e+14
      Equation: "HoleContinuityEquation"	RelError: 3.03648e-03	AbsError: 8.35514e+10
      Equation: "PotentialEquation"	RelError: 5.71007e-02	AbsError: 9.16542e-03
    Region: "oxide"	RelError: 2.45812e-05	AbsError: 3.49812e-07
      Equation: "PotentialEquation"	RelError: 2.45812e-05	AbsError: 3.49812e-07
Iteration: 4
  Device: "part1_baseline"	RelError: 1.14026e-01	AbsError: 5.65851e+14
    Region: "bulk"	RelError: 1.13996e-01	AbsError: 5.65851e+14
      Equation: "ElectronContinuityEquation"	RelError: 3.57607e-02	AbsError: 5.65749e+14
      Equation: "HoleContinuityEquation"	RelError: 3.29939e-03	AbsError: 1.02417e+11
      Equation: "PotentialEquation"	RelError: 7.49357e-02	AbsError: 6.59181e-05
    Region: "oxide"	RelError: 3.01060e-05	AbsError: 4.30649e-07
      Equation: "PotentialEquation"	RelError: 3.01060e-05	AbsError: 4.30649e-07
Iteration: 5
  Device: "part1_baseline"	RelError: 4.95678e-05	AbsError: 1.64858e+11
    Region: "bulk"	RelError: 4.95617e-05	AbsError: 1.64858e+11
      Equation: "ElectronContinuityEquation"	RelError: 1.22049e-05	AbsError: 1.64841e+11
      Equation: "HoleContinuityEquation"	RelError: 2.28166e-05	AbsError: 1.69245e+07
      Equation: "PotentialEquation"	RelError: 1.45402e-05	AbsError: 1.82782e-08
    Region: "oxide"	RelError: 6.06994e-09	AbsError: 8.82781e-11
      Equation: "PotentialEquation"	RelError: 6.06994e-09	AbsError: 8.82781e-11
Iteration: 6
  Device: "part1_baseline"	RelError: 2.20376e-12	AbsError: 1.33043e+04
    Region: "bulk"	RelError: 2.20330e-12	AbsError: 1.33043e+04
      Equation: "ElectronContinuityEquation"	RelError: 7.69776e-13	AbsError: 1.33031e+04
      Equation: "HoleContinuityEquation"	RelError: 3.61376e-13	AbsError: 1.17956e+00
      Equation: "PotentialEquation"	RelError: 1.07214e-12	AbsError: 1.46879e-15
    Region: "oxide"	RelError: 4.66617e-16	AbsError: 6.86211e-18
      Equation: "PotentialEquation"	RelError: 4.66617e-16	AbsError: 6.86211e-18
number of equations 7095
Iteration: 0
  Device: "part1_baseline"	RelError: 2.20602e+03	AbsError: 5.96698e+16
    Region: "bulk"	RelError: 2.20561e+03	AbsError: 5.96698e+16
      Equation: "ElectronContinuityEquation"	RelError: 9.99000e+02	AbsError: 5.92016e+16
      Equation: "HoleContinuityEquation"	RelError: 1.07772e+03	AbsError: 4.68220e+14
      Equation: "PotentialEquation"	RelError: 1.28893e+02	AbsError: 4.09542e-02
    Region: "oxide"	RelError: 4.05249e-01	AbsError: 1.84238e-02
      Equation: "PotentialEquation"	RelError: 4.05249e-01	AbsError: 1.84238e-02
Iteration: 1
  Device: "part1_baseline"	RelError: 2.27245e+00	AbsError: 8.42632e+14
    Region: "bulk"	RelError: 2.25691e+00	AbsError: 8.42632e+14
      Equation: "ElectronContinuityEquation"	RelError: 9.96421e-01	AbsError: 8.15305e+14
      Equation: "HoleContinuityEquation"	RelError: 9.98105e-01	AbsError: 2.73270e+13
      Equation: "PotentialEquation"	RelError: 2.62379e-01	AbsError: 3.07632e-02
    Region: "oxide"	RelError: 1.55446e-02	AbsError: 8.42809e-03
      Equation: "PotentialEquation"	RelError: 1.55446e-02	AbsError: 8.42809e-03
Iteration: 2
  Device: "part1_baseline"	RelError: 5.56975e-01	AbsError: 4.99018e+13
    Region: "bulk"	RelError: 5.56968e-01	AbsError: 4.99018e+13
      Equation: "ElectronContinuityEquation"	RelError: 2.03282e-01	AbsError: 4.98800e+13
      Equation: "HoleContinuityEquation"	RelError: 3.40393e-01	AbsError: 2.17745e+10
      Equation: "PotentialEquation"	RelError: 1.32920e-02	AbsError: 2.58836e-02
    Region: "oxide"	RelError: 7.69236e-06	AbsError: 8.11010e-08
      Equation: "PotentialEquation"	RelError: 7.69236e-06	AbsError: 8.11010e-08
Iteration: 3
  Device: "part1_baseline"	RelError: 9.17593e-02	AbsError: 4.52750e+14
    Region: "bulk"	RelError: 9.17292e-02	AbsError: 4.52750e+14
      Equation: "ElectronContinuityEquation"	RelError: 7.61807e-02	AbsError: 4.52679e+14
      Equation: "HoleContinuityEquation"	RelError: 1.61365e-03	AbsError: 7.10378e+10
      Equation: "PotentialEquation"	RelError: 1.39348e-02	AbsError: 9.16541e-03
    Region: "oxide"	RelError: 3.01410e-05	AbsError: 3.03224e-07
      Equation: "PotentialEquation"	RelError: 3.01410e-05	AbsError: 3.03224e-07
Iteration: 4
  Device: "part1_baseline"	RelError: 5.59705e-02	AbsError: 4.95519e+14
    Region: "bulk"	RelError: 5.59330e-02	AbsError: 4.95519e+14
      Equation: "ElectronContinuityEquation"	RelError: 3.56586e-02	AbsError: 4.95430e+14
      Equation: "HoleContinuityEquation"	RelError: 2.43265e-03	AbsError: 8.82709e+10
      Equation: "PotentialEquation"	RelError: 1.78417e-02	AbsError: 5.77037e-05
    Region: "oxide"	RelError: 3.75480e-05	AbsError: 3.80181e-07
      Equation: "PotentialEquation"	RelError: 3.75480e-05	AbsError: 3.80181e-07
Iteration: 5
  Device: "part1_baseline"	RelError: 3.14661e-05	AbsError: 1.26771e+11
    Region: "bulk"	RelError: 3.14594e-05	AbsError: 1.26771e+11
      Equation: "ElectronContinuityEquation"	RelError: 1.03611e-05	AbsError: 1.26758e+11
      Equation: "HoleContinuityEquation"	RelError: 1.92479e-05	AbsError: 1.27738e+07
      Equation: "PotentialEquation"	RelError: 1.85044e-06	AbsError: 1.40859e-08
    Region: "oxide"	RelError: 6.67854e-09	AbsError: 6.94177e-11
      Equation: "PotentialEquation"	RelError: 6.67854e-09	AbsError: 6.94177e-11
Iteration: 6
  Device: "part1_baseline"	RelError: 8.40770e-13	AbsError: 7.90302e+03
    Region: "bulk"	RelError: 8.40382e-13	AbsError: 7.90302e+03
      Equation: "ElectronContinuityEquation"	RelError: 5.04076e-13	AbsError: 7.90233e+03
      Equation: "HoleContinuityEquation"	RelError: 2.76222e-13	AbsError: 6.85585e-01
      Equation: "PotentialEquation"	RelError: 6.00841e-14	AbsError: 8.74087e-16
    Region: "oxide"	RelError: 3.88190e-16	AbsError: 4.15108e-18
      Equation: "PotentialEquation"	RelError: 3.88190e-16	AbsError: 4.15108e-18
number of equations 7095
Iteration: 0
  Device: "part1_baseline"	RelError: 1.03552e+03	AbsError: 6.07005e+16
    Region: "bulk"	RelError: 1.03483e+03	AbsError: 6.07005e+16
      Equation: "ElectronContinuityEquation"	RelError: 1.67191e+01	AbsError: 6.02513e+16
      Equation: "HoleContinuityEquation"	RelError: 9.99000e+02	AbsError: 4.49245e+14
      Equation: "PotentialEquation"	RelError: 1.91125e+01	AbsError: 4.09542e-02
    Region: "oxide"	RelError: 6.86260e-01	AbsError: 1.84243e-02
      Equation: "PotentialEquation"	RelError: 6.86260e-01	AbsError: 1.84243e-02
Iteration: 1
  Device: "part1_baseline"	RelError: 1.89224e+00	AbsError: 8.67429e+14
    Region: "bulk"	RelError: 1.87743e+00	AbsError: 8.67429e+14
      Equation: "ElectronContinuityEquation"	RelError: 8.16049e-01	AbsError: 8.42647e+14
      Equation: "HoleContinuityEquation"	RelError: 9.98003e-01	AbsError: 2.47819e+13
      Equation: "PotentialEquation"	RelError: 6.33753e-02	AbsError: 3.07632e-02
    Region: "oxide"	RelError: 1.48118e-02	AbsError: 8.42850e-03
      Equation: "PotentialEquation"	RelError: 1.48118e-02	AbsError: 8.42850e-03
Iteration: 2
  Device: "part1_baseline"	RelError: 5.10159e-01	AbsError: 4.79077e+13
    Region: "bulk"	RelError: 5.10146e-01	AbsError: 4.79077e+13
      Equation: "ElectronContinuityEquation"	RelError: 1.81202e-01	AbsError: 4.78886e+13
      Equation: "HoleContinuityEquation"	RelError: 3.16276e-01	AbsError: 1.90798e+10
      Equation: "PotentialEquation"	RelError: 1.26677e-02	AbsError: 2.58953e-02
    Region: "oxide"	RelError: 1.24661e-05	AbsError: 7.78502e-08
      Equation: "PotentialEquation"	RelError: 1.24661e-05	AbsError: 7.78502e-08
Iteration: 3
  Device: "part1_baseline"	RelError: 7.04400e-02	AbsError: 3.93575e+14
    Region: "bulk"	RelError: 7.03959e-02	AbsError: 3.93575e+14
      Equation: "ElectronContinuityEquation"	RelError: 6.51064e-02	AbsError: 3.93516e+14
      Equation: "HoleContinuityEquation"	RelError: 1.22751e-03	AbsError: 5.91214e+10
      Equation: "PotentialEquation"	RelError: 4.06206e-03	AbsError: 9.16540e-03
    Region: "oxide"	RelError: 4.40615e-05	AbsError: 2.61039e-07
      Equation: "PotentialEquation"	RelError: 4.40615e-05	AbsError: 2.61039e-07
Iteration: 4
  Device: "part1_baseline"	RelError: 4.09656e-02	AbsError: 4.31802e+14
    Region: "bulk"	RelError: 4.09096e-02	AbsError: 4.31802e+14
      Equation: "ElectronContinuityEquation"	RelError: 3.52909e-02	AbsError: 4.31727e+14
      Equation: "HoleContinuityEquation"	RelError: 1.80846e-03	AbsError: 7.46796e+10
      Equation: "PotentialEquation"	RelError: 3.81022e-03	AbsError: 5.02865e-05
    Region: "oxide"	RelError: 5.60374e-05	AbsError: 3.34734e-07
      Equation: "PotentialEquation"	RelError: 5.60374e-05	AbsError: 3.34734e-07
Iteration: 5
  Device: "part1_baseline"	RelError: 3.54603e-05	AbsError: 9.62466e+10
    Region: "bulk"	RelError: 3.54515e-05	AbsError: 9.62466e+10
      Equation: "ElectronContinuityEquation"	RelError: 8.73280e-06	AbsError: 9.62370e+10
      Equation: "HoleContinuityEquation"	RelError: 2.63447e-05	AbsError: 9.68187e+06
      Equation: "PotentialEquation"	RelError: 3.73989e-07	AbsError: 1.07169e-08
    Region: "oxide"	RelError: 8.77477e-09	AbsError: 5.38579e-11
      Equation: "PotentialEquation"	RelError: 8.77477e-09	AbsError: 5.38579e-11
Iteration: 6
  Device: "part1_baseline"	RelError: 6.32400e-13	AbsError: 4.56157e+03
    Region: "bulk"	RelError: 6.32015e-13	AbsError: 4.56157e+03
      Equation: "ElectronContinuityEquation"	RelError: 3.07531e-13	AbsError: 4.56119e+03
      Equation: "HoleContinuityEquation"	RelError: 3.14600e-13	AbsError: 3.82151e-01
      Equation: "PotentialEquation"	RelError: 9.88378e-15	AbsError: 5.05396e-16
    Region: "oxide"	RelError: 3.85796e-16	AbsError: 2.43833e-18
      Equation: "PotentialEquation"	RelError: 3.85796e-16	AbsError: 2.43833e-18
number of equations 7095
Iteration: 0
  Device: "part1_baseline"	RelError: 1.04333e+03	AbsError: 6.17467e+16
    Region: "bulk"	RelError: 1.04111e+03	AbsError: 6.17467e+16
      Equation: "ElectronContinuityEquation"	RelError: 6.59981e+00	AbsError: 6.13191e+16
      Equation: "HoleContinuityEquation"	RelError: 9.99000e+02	AbsError: 4.27651e+14
      Equation: "PotentialEquation"	RelError: 3.55088e+01	AbsError: 4.09542e-02
    Region: "oxide"	RelError: 2.21738e+00	AbsError: 1.84247e-02
      Equation: "PotentialEquation"	RelError: 2.21738e+00	AbsError: 1.84247e-02
Iteration: 1
  Device: "part1_baseline"	RelError: 1.78570e+00	AbsError: 8.91747e+14
    Region: "bulk"	RelError: 1.77156e+00	AbsError: 8.91747e+14
      Equation: "ElectronContinuityEquation"	RelError: 6.11732e-01	AbsError: 8.68619e+14
      Equation: "HoleContinuityEquation"	RelError: 9.97966e-01	AbsError: 2.31274e+13
      Equation: "PotentialEquation"	RelError: 1.61861e-01	AbsError: 3.07632e-02
    Region: "oxide"	RelError: 1.41447e-02	AbsError: 8.42876e-03
      Equation: "PotentialEquation"	RelError: 1.41447e-02	AbsError: 8.42876e-03
Iteration: 2
  Device: "part1_baseline"	RelError: 4.49782e-01	AbsError: 4.57457e+13
    Region: "bulk"	RelError: 4.49744e-01	AbsError: 4.57457e+13
      Equation: "ElectronContinuityEquation"	RelError: 1.58309e-01	AbsError: 4.57284e+13
      Equation: "HoleContinuityEquation"	RelError: 2.79337e-01	AbsError: 1.73220e+10
      Equation: "PotentialEquation"	RelError: 1.20975e-02	AbsError: 2.58991e-02
    Region: "oxide"	RelError: 3.87729e-05	AbsError: 7.51534e-08
      Equation: "PotentialEquation"	RelError: 3.87729e-05	AbsError: 7.51534e-08
Iteration: 3
  Device: "part1_baseline"	RelError: 6.13005e-02	AbsError: 3.40653e+14
    Region: "bulk"	RelError: 6.11782e-02	AbsError: 3.40653e+14
      Equation: "ElectronContinuityEquation"	RelError: 5.61054e-02	AbsError: 3.40603e+14
      Equation: "HoleContinuityEquation"	RelError: 1.07553e-03	AbsError: 4.97881e+10
      Equation: "PotentialEquation"	RelError: 3.99723e-03	AbsError: 9.16539e-03
    Region: "oxide"	RelError: 1.22300e-04	AbsError: 2.23110e-07
      Equation: "PotentialEquation"	RelError: 1.22300e-04	AbsError: 2.23110e-07
Iteration: 4
  Device: "part1_baseline"	RelError: 4.11451e-02	AbsError: 3.74586e+14
    Region: "bulk"	RelError: 4.09856e-02	AbsError: 3.74586e+14
      Equation: "ElectronContinuityEquation"	RelError: 3.43878e-02	AbsError: 3.74522e+14
      Equation: "HoleContinuityEquation"	RelError: 1.43195e-03	AbsError: 6.41429e+10
      Equation: "PotentialEquation"	RelError: 5.16586e-03	AbsError: 4.36422e-05
    Region: "oxide"	RelError: 1.59466e-04	AbsError: 2.94048e-07
      Equation: "PotentialEquation"	RelError: 1.59466e-04	AbsError: 2.94048e-07
Iteration: 5
  Device: "part1_baseline"	RelError: 4.40439e-05	AbsError: 7.22274e+10
    Region: "bulk"	RelError: 4.40221e-05	AbsError: 7.22274e+10
      Equation: "ElectronContinuityEquation"	RelError: 7.76871e-06	AbsError: 7.22202e+10
      Equation: "HoleContinuityEquation"	RelError: 3.57058e-05	AbsError: 7.22375e+06
      Equation: "PotentialEquation"	RelError: 5.47559e-07	AbsError: 8.05900e-09
    Region: "oxide"	RelError: 2.17791e-08	AbsError: 4.12847e-11
      Equation: "PotentialEquation"	RelError: 2.17791e-08	AbsError: 4.12847e-11
Iteration: 6
  Device: "part1_baseline"	RelError: 5.19175e-13	AbsError: 2.56501e+03
    Region: "bulk"	RelError: 5.18461e-13	AbsError: 2.56501e+03
      Equation: "ElectronContinuityEquation"	RelError: 1.69435e-13	AbsError: 2.56479e+03
      Equation: "HoleContinuityEquation"	RelError: 3.34580e-13	AbsError: 2.13598e-01
      Equation: "PotentialEquation"	RelError: 1.44469e-14	AbsError: 2.84666e-16
    Region: "oxide"	RelError: 7.14039e-16	AbsError: 1.39500e-18
      Equation: "PotentialEquation"	RelError: 7.14039e-16	AbsError: 1.39500e-18
number of equations 7095
Iteration: 0
  Device: "part1_baseline"	RelError: 1.03024e+03	AbsError: 6.28161e+16
    Region: "bulk"	RelError: 1.02842e+03	AbsError: 6.28161e+16
      Equation: "ElectronContinuityEquation"	RelError: 3.85177e+00	AbsError: 6.24016e+16
      Equation: "HoleContinuityEquation"	RelError: 9.99000e+02	AbsError: 4.14487e+14
      Equation: "PotentialEquation"	RelError: 2.55708e+01	AbsError: 4.09542e-02
    Region: "oxide"	RelError: 1.81246e+00	AbsError: 1.84250e-02
      Equation: "PotentialEquation"	RelError: 1.81246e+00	AbsError: 1.84250e-02
Iteration: 1
  Device: "part1_baseline"	RelError: 1.52139e+00	AbsError: 9.14115e+14
    Region: "bulk"	RelError: 1.50786e+00	AbsError: 9.14115e+14
      Equation: "ElectronContinuityEquation"	RelError: 4.52859e-01	AbsError: 8.93050e+14
      Equation: "HoleContinuityEquation"	RelError: 9.97951e-01	AbsError: 2.10652e+13
      Equation: "PotentialEquation"	RelError: 5.70492e-02	AbsError: 3.07632e-02
    Region: "oxide"	RelError: 1.35350e-02	AbsError: 8.42891e-03
      Equation: "PotentialEquation"	RelError: 1.35350e-02	AbsError: 8.42891e-03
Iteration: 2
  Device: "part1_baseline"	RelError: 4.04893e-01	AbsError: 4.34523e+13
    Region: "bulk"	RelError: 4.04863e-01	AbsError: 4.34523e+13
      Equation: "ElectronContinuityEquation"	RelError: 1.35537e-01	AbsError: 4.34368e+13
      Equation: "HoleContinuityEquation"	RelError: 2.57751e-01	AbsError: 1.55676e+10
      Equation: "PotentialEquation"	RelError: 1.15748e-02	AbsError: 2.58968e-02
    Region: "oxide"	RelError: 3.03797e-05	AbsError: 7.29071e-08
      Equation: "PotentialEquation"	RelError: 3.03797e-05	AbsError: 7.29071e-08
Iteration: 3
  Device: "part1_baseline"	RelError: 5.22122e-02	AbsError: 2.93677e+14
    Region: "bulk"	RelError: 5.21277e-02	AbsError: 2.93677e+14
      Equation: "ElectronContinuityEquation"	RelError: 4.69979e-02	AbsError: 2.93636e+14
      Equation: "HoleContinuityEquation"	RelError: 1.41674e-03	AbsError: 4.14072e+10
      Equation: "PotentialEquation"	RelError: 3.71298e-03	AbsError: 9.16538e-03
    Region: "oxide"	RelError: 8.45852e-05	AbsError: 1.89216e-07
      Equation: "PotentialEquation"	RelError: 8.45852e-05	AbsError: 1.89216e-07
Iteration: 4
  Device: "part1_baseline"	RelError: 3.64864e-02	AbsError: 3.23611e+14
    Region: "bulk"	RelError: 3.63727e-02	AbsError: 3.23611e+14
      Equation: "ElectronContinuityEquation"	RelError: 3.25927e-02	AbsError: 3.23556e+14
      Equation: "HoleContinuityEquation"	RelError: 1.85538e-03	AbsError: 5.46024e+10
      Equation: "PotentialEquation"	RelError: 1.92461e-03	AbsError: 3.77332e-05
    Region: "oxide"	RelError: 1.13697e-04	AbsError: 2.57828e-07
      Equation: "PotentialEquation"	RelError: 1.13697e-04	AbsError: 2.57828e-07
Iteration: 5
  Device: "part1_baseline"	RelError: 5.48357e-05	AbsError: 5.36338e+10
    Region: "bulk"	RelError: 5.48223e-05	AbsError: 5.36338e+10
      Equation: "ElectronContinuityEquation"	RelError: 6.86444e-06	AbsError: 5.36285e+10
      Equation: "HoleContinuityEquation"	RelError: 4.77328e-05	AbsError: 5.27631e+06
      Equation: "PotentialEquation"	RelError: 2.25081e-07	AbsError: 5.99659e-09
    Region: "oxide"	RelError: 1.34300e-08	AbsError: 3.13081e-11
      Equation: "PotentialEquation"	RelError: 1.34300e-08	AbsError: 3.13081e-11
Iteration: 6
  Device: "part1_baseline"	RelError: 4.44342e-13	AbsError: 1.40864e+03
    Region: "bulk"	RelError: 4.44018e-13	AbsError: 1.40864e+03
      Equation: "ElectronContinuityEquation"	RelError: 1.07786e-13	AbsError: 1.40852e+03
      Equation: "HoleContinuityEquation"	RelError: 3.30840e-13	AbsError: 1.15978e-01
      Equation: "PotentialEquation"	RelError: 5.39169e-15	AbsError: 1.56590e-16
    Region: "oxide"	RelError: 3.24217e-16	AbsError: 7.79606e-19
      Equation: "PotentialEquation"	RelError: 3.24217e-16	AbsError: 7.79606e-19
number of equations 7095
Iteration: 0
  Device: "part1_baseline"	RelError: 6.76891e-20	AbsError: 1.24036e-12
    Region: "bulk"	RelError: 6.76891e-20	AbsError: 1.24036e-12
      Equation: "ElectronContinuityEquation"	RelError: 6.76891e-20	AbsError: 1.23974e-12
      Equation: "HoleContinuityEquation"	RelError: 2.95174e-28	AbsError: 6.25438e-16
      Equation: "PotentialEquation"	RelError: 2.91488e-29	AbsError: 1.78262e-31
    Region: "oxide"	RelError: 1.75735e-30	AbsError: 3.32974e-33
      Equation: "PotentialEquation"	RelError: 1.75735e-30	AbsError: 3.32974e-33
Vth          0.49058354475748445    V        PASS
Ion          538.5068847997338      uA/um    PASS
Ioff         0.017475229807436488   pA/um    PASS
SS           66.07755213766988      mV/dec   PASS
Ioff_398K    53.69267339054709      pA/um    PASS
DIBL         17.626986892643124     mV/V     PASS
Body_effect  0.019259674878830735   V        PASS
Eox          4.444444444444445      MV/cm    PASS
